video_no,frame,timestamp_ms,good,x0,y0,z0,visibility0,x1,y1,z1,visibility1,x2,y2,z2,visibility2,x3,y3,z3,visibility3,x4,y4,z4,visibility4,x5,y5,z5,visibility5,x6,y6,z6,visibility6,x7,y7,z7,visibility7,x8,y8,z8,visibility8,x9,y9,z9,visibility9,x10,y10,z10,visibility10,x11,y11,z11,visibility11,x12,y12,z12,visibility12,x13,y13,z13,visibility13,x14,y14,z14,visibility14,x15,y15,z15,visibility15,x16,y16,z16,visibility16,x17,y17,z17,visibility17,x18,y18,z18,visibility18,x19,y19,z19,visibility19,x20,y20,z20,visibility20,x21,y21,z21,visibility21,x22,y22,z22,visibility22,x23,y23,z23,visibility23,x24,y24,z24,visibility24,x25,y25,z25,visibility25,x26,y26,z26,visibility26,x27,y27,z27,visibility27,x28,y28,z28,visibility28,x29,y29,z29,visibility29,x30,y30,z30,visibility30,x31,y31,z31,visibility31,x32,y32,z32,visibility32
IMG_9684 3,1,33,good,0.4477282464504242,0.4425555467605591,-0.07321614027023315,0.999966025352478,0.4553303122520447,0.43416619300842285,-0.08948732167482376,0.9999687671661377,0.45864105224609375,0.4337734878063202,-0.08955134451389313,0.999975323677063,0.4621571898460388,0.43344056606292725,-0.08965252339839935,0.9999724626541138,0.4498472213745117,0.4340760111808777,-0.05107155069708824,0.9999595880508423,0.4492344260215759,0.4335617125034332,-0.05108962208032608,0.9999455213546753,0.4485374391078949,0.43310725688934326,-0.051175303757190704,0.9999403953552246,0.48083314299583435,0.4347940981388092,-0.09295027703046799,0.9999796152114868,0.46024614572525024,0.4342973530292511,0.07770974189043045,0.9999209642410278,0.4575202465057373,0.4479565918445587,-0.06880837678909302,0.9999247789382935,0.4506690502166748,0.4490847587585449,-0.019812652841210365,0.9998716115951538,0.5352332592010498,0.4716007709503174,-0.15419717133045197,0.9998937845230103,0.44544556736946106,0.47765660285949707,0.2078191488981247,0.9992871880531311,0.4775633215904236,0.5102441906929016,-0.28284624218940735,0.9794403910636902,0.41917067766189575,0.5225803852081299,0.09851446747779846,0.4625765383243561,0.4588623344898224,0.4581659734249115,-0.27141815423965454,0.9356822967529297,0.4178946614265442,0.4800051748752594,-0.18715551495552063,0.5193073749542236,0.4517788290977478,0.44559481739997864,-0.298860102891922,0.9082818031311035,0.4152849018573761,0.4685891270637512,-0.22388024628162384,0.4551136791706085,0.46362051367759705,0.4356851279735565,-0.2961418032646179,0.903495728969574,0.4231228828430176,0.46475011110305786,-0.2166568487882614,0.4404272437095642,0.46506431698799133,0.4442291557788849,-0.26697856187820435,0.8628636598587036,0.42614904046058655,0.46688276529312134,-0.19433929026126862,0.4150514304637909,0.5172411203384399,0.5826652646064758,-0.13691961765289307,0.9999268054962158,0.4709630012512207,0.586286187171936,0.137250155210495,0.9997747540473938,0.47197064757347107,0.6700479984283447,-0.2896575927734375,0.9836162328720093,0.49871745705604553,0.6741020679473877,0.23293958604335785,0.46447592973709106,0.47179508209228516,0.7777642607688904,-0.3579716384410858,0.9917580485343933,0.5369112491607666,0.754721462726593,0.36756718158721924,0.7890880703926086,0.4901992678642273,0.7900816202163696,-0.3702453672885895,0.9771738052368164,0.5493694543838501,0.7711989283561707,0.3744414448738098,0.8029997944831848,0.39743572473526,0.8012818694114685,-0.5198790431022644,0.9908859729766846,0.4895097613334656,0.7795476913452148,0.28838351368904114,0.850053608417511
IMG_9684 3,2,66,good,0.44897693395614624,0.44141432642936707,-0.000598136568441987,0.9999673366546631,0.45634356141090393,0.4332365393638611,-0.009465678595006466,0.9999703168869019,0.45966023206710815,0.43263599276542664,-0.00952958595007658,0.999976396560669,0.4631677269935608,0.4320890009403229,-0.009636473841965199,0.9999738335609436,0.45048749446868896,0.43354225158691406,0.027523884549736977,0.9999614953994751,0.4496675431728363,0.4331602454185486,0.027531223371624947,0.9999477863311768,0.44876793026924133,0.43281158804893494,0.02753336913883686,0.9999433159828186,0.4808376729488373,0.4331536889076233,0.014465252868831158,0.999980628490448,0.4587515592575073,0.434246689081192,0.1797996312379837,0.9999241232872009,0.45911815762519836,0.4467712342739105,0.013914489187300205,0.9999278783798218,0.45155656337738037,0.44755029678344727,0.06119263917207718,0.9998764991760254,0.5354160666465759,0.47124066948890686,-0.045524802058935165,0.9999016523361206,0.44463303685188293,0.4769120216369629,0.2997051775455475,0.9993186593055725,0.4774218499660492,0.5100278854370117,-0.17418186366558075,0.9789444804191589,0.4193822145462036,0.5225664973258972,0.1329544484615326,0.4700145125389099,0.4596867859363556,0.4587777256965637,-0.14513231813907623,0.9351246953010559,0.43301665782928467,0.48303356766700745,-0.18529047071933746,0.5275816917419434,0.4517793655395508,0.44602328538894653,-0.1710159331560135,0.9077308773994446,0.4395967423915863,0.4758841395378113,-0.22498612105846405,0.4626370072364807,0.46477505564689636,0.4379667639732361,-0.16166028380393982,0.9028462171554565,0.43953076004981995,0.4669092297554016,-0.21285764873027802,0.4474230110645294,0.4662708342075348,0.4450739026069641,-0.1373753696680069,0.8619859218597412,0.44016075134277344,0.46886003017425537,-0.18953274190425873,0.42031002044677734,0.5172436833381653,0.5817096829414368,-0.13804931938648224,0.9999321699142456,0.4683644473552704,0.5844639539718628,0.13845179975032806,0.9997867941856384,0.47227829694747925,0.6698095798492432,-0.3822287619113922,0.9843619465827942,0.4966227114200592,0.674744725227356,0.2502503991127014,0.4700196385383606,0.4717709422111511,0.7783100008964539,-0.5089587569236755,0.9921671748161316,0.5381395220756531,0.7550877332687378,0.42482346296310425,0.7928608059883118,0.4896244704723358,0.7915206551551819,-0.5259417295455933,0.9775930643081665,0.5529211163520813,0.7711990475654602,0.43670257925987244,0.8070778250694275,0.3979123830795288,0.8013782501220703,-0.7050982117652893,0.9913327097892761,0.4925532639026642,0.779548168182373,0.3465253710746765,0.8539920449256897
IMG_9684 3,3,99,good,0.4493063688278198,0.4379385709762573,-0.0004170995089225471,0.9999690651893616,0.45660629868507385,0.4299008250236511,-0.0011961717391386628,0.9999720454216003,0.45999857783317566,0.42927664518356323,-0.0012509521329775453,0.9999775886535645,0.46369490027427673,0.42861881852149963,-0.0013631995534524322,0.9999754428863525,0.45040807127952576,0.4307347536087036,0.03158929944038391,0.9999637603759766,0.4492308497428894,0.4307175576686859,0.03157583624124527,0.999950647354126,0.4477977752685547,0.43071988224983215,0.031579550355672836,0.9999468326568604,0.4809968173503876,0.42999017238616943,0.054559189826250076,0.9999815225601196,0.4547221064567566,0.4329175055027008,0.19905151426792145,0.9999266862869263,0.45948851108551025,0.4437958896160126,0.02416491135954857,0.9999306797981262,0.4515458941459656,0.4447542726993561,0.06563286483287811,0.9998812079429626,0.5354855060577393,0.4712497591972351,-0.0031083307694643736,0.9999066591262817,0.44223758578300476,0.4749681353569031,0.3183824121952057,0.9993283152580261,0.4806068241596222,0.5121434330940247,-0.1240118071436882,0.9775513410568237,0.4189530611038208,0.5217964053153992,0.12372436374425888,0.4739987254142761,0.4582228660583496,0.46048784255981445,-0.09235221147537231,0.9336016178131104,0.4333542287349701,0.48256707191467285,-0.2616179287433624,0.5371279120445251,0.445489764213562,0.4482821524143219,-0.11699940264225006,0.9060847759246826,0.43781739473342896,0.475388765335083,-0.3156694769859314,0.473548024892807,0.4626311957836151,0.44045814871788025,-0.10657353699207306,0.9012934565544128,0.4433000981807709,0.4671410620212555,-0.29332396388053894,0.4574021100997925,0.46435949206352234,0.4466496407985687,-0.08410319685935974,0.860357940196991,0.4417852759361267,0.4685856103897095,-0.26421797275543213,0.42925167083740234,0.517245352268219,0.5802783370018005,-0.13769938051700592,0.9999376535415649,0.4659404456615448,0.5820478796958923,0.13809485733509064,0.9997995495796204,0.47225621342658997,0.6697982549667358,-0.39744651317596436,0.9848999977111816,0.4935406744480133,0.6746339797973633,0.25558868050575256,0.46435269713401794,0.4719579815864563,0.7788980603218079,-0.5454340577125549,0.9924282431602478,0.5387579798698425,0.7548859119415283,0.4220774173736572,0.7860212922096252,0.48970291018486023,0.7923683524131775,-0.5628277063369751,0.9781064391136169,0.5545645952224731,0.7707124948501587,0.4338033199310303,0.8006205558776855,0.39795276522636414,0.8017380833625793,-0.73726886510849,0.9916728138923645,0.49283310770988464,0.7786313891410828,0.34844696521759033,0.8511829972267151
IMG_9684 3,4,132,good,0.4497469961643219,0.4346553683280945,0.012265961617231369,0.9999687671661377,0.4570975601673126,0.427306205034256,0.014418714679777622,0.9999724626541138,0.4605819284915924,0.42678356170654297,0.014359282329678535,0.999977707862854,0.464426726102829,0.4262288510799408,0.014233989641070366,0.9999760389328003,0.45042717456817627,0.428205281496048,0.04602082073688507,0.9999643564224243,0.44920215010643005,0.4283245801925659,0.04601707309484482,0.9999510645866394,0.4476262032985687,0.4284747242927551,0.04601087048649788,0.9999480247497559,0.4810234308242798,0.4282129108905792,0.07456643879413605,0.9999817609786987,0.4532207250595093,0.4313284158706665,0.21511203050613403,0.9999251961708069,0.45990419387817383,0.440671443939209,0.038979120552539825,0.9999285340309143,0.45154818892478943,0.4414709806442261,0.07898466289043427,0.9998758435249329,0.534807026386261,0.47113680839538574,0.015502450987696648,0.999909520149231,0.4400549829006195,0.4733622372150421,0.3342759907245636,0.9992994666099548,0.4819745123386383,0.5122355818748474,-0.10513199120759964,0.9759324193000793,0.4189525842666626,0.5214297771453857,0.12780070304870605,0.4681929647922516,0.4464595317840576,0.4610677659511566,-0.06832905113697052,0.930231511592865,0.44105687737464905,0.48383915424346924,-0.23474428057670593,0.5332517623901367,0.43668314814567566,0.45046138763427734,-0.09140438586473465,0.9020665884017944,0.44878286123275757,0.4766763746738434,-0.28419268131256104,0.47130483388900757,0.4492468237876892,0.44372549653053284,-0.08132679015398026,0.8970703482627869,0.4565480053424835,0.46916934847831726,-0.26403817534446716,0.45418187975883484,0.45910587906837463,0.44719398021698,-0.05997782200574875,0.8549638390541077,0.45615342259407043,0.47148963809013367,-0.23830950260162354,0.4249458909034729,0.5172258019447327,0.57852703332901,-0.13572309911251068,0.9999415278434753,0.46470820903778076,0.5798213481903076,0.13611970841884613,0.999806821346283,0.47228971123695374,0.6688066124916077,-0.38372430205345154,0.9847491383552551,0.49089163541793823,0.6729511618614197,0.2263297438621521,0.46453168988227844,0.47216561436653137,0.7791948318481445,-0.504061758518219,0.9924379587173462,0.5389757752418518,0.7540459632873535,0.3724951148033142,0.7818971872329712,0.4889680743217468,0.7927786707878113,-0.5203481316566467,0.9770815372467041,0.5553611516952515,0.7685379981994629,0.3816218674182892,0.7935864329338074,0.4003899097442627,0.8016513586044312,-0.6989806294441223,0.9918212294578552,0.495298832654953,0.7772922515869141,0.2881956398487091,0.8497480750083923
IMG_9684 3,5,165,good,0.4497462213039398,0.4328393340110779,0.0007475669262930751,0.9999665021896362,0.4570922553539276,0.42572343349456787,-4.9101454351330176e-05,0.9999707937240601,0.4605576992034912,0.425468385219574,-9.290751768276095e-05,0.9999756217002869,0.46438294649124146,0.42518889904022217,-0.0001910290593514219,0.9999746680259705,0.450429230928421,0.42633911967277527,0.03264344483613968,0.9999628663063049,0.44919419288635254,0.4265652596950531,0.0326116681098938,0.9999485611915588,0.4475737512111664,0.4268418550491333,0.03257574886083603,0.999947190284729,0.4805949032306671,0.4279641807079315,0.0483710914850235,0.9999790191650391,0.45248621702194214,0.43052831292152405,0.19331952929496765,0.9999160766601562,0.459806889295578,0.4399588406085968,0.023152673617005348,0.9999178051948547,0.45128822326660156,0.44021275639533997,0.06458219885826111,0.9998580813407898,0.534145176410675,0.4706040918827057,-0.011170795187354088,0.9999056458473206,0.43722715973854065,0.4726652503013611,0.3095983564853668,0.9992674589157104,0.4794805943965912,0.5110154747962952,-0.1333846151828766,0.9746458530426025,0.41791343688964844,0.5209380388259888,0.09754109382629395,0.4727957844734192,0.4428921043872833,0.46334588527679443,-0.11264786124229431,0.9276497960090637,0.43285539746284485,0.4818626344203949,-0.28744634985923767,0.5476706624031067,0.4337306618690491,0.450275182723999,-0.13883742690086365,0.8988569378852844,0.44137832522392273,0.47272178530693054,-0.3442220985889435,0.4855916202068329,0.4481394588947296,0.4442978501319885,-0.13034500181674957,0.8936673402786255,0.4404154419898987,0.4669877886772156,-0.32160645723342896,0.468370646238327,0.45412302017211914,0.44838428497314453,-0.10556448251008987,0.8508729934692383,0.44203048944473267,0.4711698591709137,-0.29063186049461365,0.4376940131187439,0.5164775252342224,0.5779098868370056,-0.13505470752716064,0.9999436140060425,0.46178749203681946,0.5788359642028809,0.13539843261241913,0.9998111724853516,0.4725559949874878,0.6686673164367676,-0.3764646053314209,0.9848464131355286,0.4909660518169403,0.6729728579521179,0.2234702706336975,0.46814265847206116,0.4706028401851654,0.7796977162361145,-0.4979957342147827,0.9926974177360535,0.5407755374908447,0.7540521025657654,0.3639640808105469,0.7859320640563965,0.48495760560035706,0.7932239770889282,-0.5151621699333191,0.9770526885986328,0.5590004920959473,0.768602728843689,0.3720588684082031,0.7957561016082764,0.4007006883621216,0.8018892407417297,-0.6950159668922424,0.9921512603759766,0.49664944410324097,0.7773249745368958,0.27885541319847107,0.8532810807228088
IMG_9684 3,6,198,good,0.44508248567581177,0.43204784393310547,0.0010987363057211041,0.9999681711196899,0.4535650908946991,0.4246174693107605,-0.008472939021885395,0.9999723434448242,0.4569859206676483,0.4242938160896301,-0.008520941250026226,0.9999768137931824,0.4607619643211365,0.42392590641975403,-0.008633334189653397,0.9999760389328003,0.4469461143016815,0.4251905083656311,0.02995898947119713,0.9999649524688721,0.44593289494514465,0.4253023862838745,0.02991548739373684,0.9999514818191528,0.44464388489723206,0.4254380464553833,0.029907915741205215,0.9999505281448364,0.4794248342514038,0.42648786306381226,0.03030596487224102,0.9999799728393555,0.4516749382019043,0.4285368323326111,0.17760956287384033,0.9999198317527771,0.45576053857803345,0.439188152551651,0.011923625133931637,0.9999215006828308,0.44765469431877136,0.4392858147621155,0.06017312780022621,0.9998644590377808,0.5313357710838318,0.4702828526496887,-0.052698783576488495,0.9999068379402161,0.44095948338508606,0.4727204144001007,0.30463317036628723,0.9992812275886536,0.47255024313926697,0.5121053457260132,-0.16376890242099762,0.973639726638794,0.41688409447669983,0.5200777649879456,0.11591637879610062,0.46094465255737305,0.43341606855392456,0.4693423807621002,-0.10312571376562119,0.9205613136291504,0.4193074405193329,0.47813817858695984,-0.2593069076538086,0.5452388525009155,0.4263518452644348,0.45374244451522827,-0.12392236292362213,0.8905905485153198,0.4207898676395416,0.46610453724861145,-0.3108023703098297,0.4872705936431885,0.43842649459838867,0.4477163553237915,-0.11720909923315048,0.8852546215057373,0.4251330494880676,0.46180930733680725,-0.29451245069503784,0.4704330265522003,0.44420453906059265,0.45295557379722595,-0.09457751363515854,0.840827465057373,0.4263453781604767,0.46708497405052185,-0.26493069529533386,0.4393313229084015,0.5151346921920776,0.577663004398346,-0.14295321702957153,0.9999451041221619,0.4619383215904236,0.5787972807884216,0.14320795238018036,0.9998153448104858,0.4730932414531708,0.6686639189720154,-0.3685518205165863,0.9851693511009216,0.48966291546821594,0.6729105710983276,0.25210824608802795,0.46978557109832764,0.47151967883110046,0.7805749177932739,-0.4908774495124817,0.9928606152534485,0.5407472848892212,0.7539622187614441,0.3857237994670868,0.785556972026825,0.4869638979434967,0.7939085364341736,-0.5070549845695496,0.9776880741119385,0.5590115189552307,0.7690067291259766,0.39366525411605835,0.7971929907798767,0.40080171823501587,0.8020304441452026,-0.6737596392631531,0.9922696948051453,0.4950832724571228,0.7771762609481812,0.3191089332103729,0.8519039750099182
IMG_9684 3,7,231,good,0.44176754355430603,0.42963024973869324,0.021549882367253304,0.9999703168869019,0.4507051110267639,0.4224627912044525,0.006598242092877626,0.9999743103981018,0.45412424206733704,0.42206668853759766,0.006561445537954569,0.9999783635139465,0.4579680860042572,0.4216272532939911,0.006470994092524052,0.999977707862854,0.44514551758766174,0.4230417013168335,0.04778461903333664,0.9999674558639526,0.4445834457874298,0.4230857789516449,0.047734811902046204,0.9999550580978394,0.4437836706638336,0.4231122136116028,0.0477355532348156,0.999954342842102,0.47837135195732117,0.42469164729118347,0.014801152050495148,0.9999812245368958,0.45177847146987915,0.4263906478881836,0.178451806306839,0.9999251961708069,0.45248544216156006,0.43644145131111145,0.021623078733682632,0.9999260902404785,0.44584405422210693,0.4365626573562622,0.07374865561723709,0.9998720288276672,0.5296103358268738,0.4687846899032593,-0.08043912053108215,0.9999098181724548,0.448250949382782,0.47303029894828796,0.29878318309783936,0.9992976784706116,0.47300422191619873,0.5121820569038391,-0.1698003113269806,0.9732758402824402,0.41573813557624817,0.5208423733711243,0.11973792314529419,0.450550377368927,0.42835530638694763,0.46866375207901,-0.1276569366455078,0.9163908362388611,0.40845856070518494,0.47797834873199463,-0.24761272966861725,0.5413382053375244,0.423169881105423,0.4535679519176483,-0.14924772083759308,0.8849644064903259,0.4045902192592621,0.4655764400959015,-0.29635903239250183,0.48631542921066284,0.43215999007225037,0.4477488696575165,-0.14078566431999207,0.8792842626571655,0.4061586558818817,0.4616549611091614,-0.2805028259754181,0.4696027934551239,0.4376348853111267,0.4530392587184906,-0.11893472820520401,0.8339225649833679,0.41192948818206787,0.46600377559661865,-0.25274577736854553,0.4391990005970001,0.5131007432937622,0.5773391723632812,-0.14534178376197815,0.999945342540741,0.4621419310569763,0.5788065791130066,0.1455085128545761,0.9998160004615784,0.4734705090522766,0.668732225894928,-0.3444816768169403,0.9843844175338745,0.4898575246334076,0.6728145480155945,0.2503233850002289,0.4591354429721832,0.472965806722641,0.7805246710777283,-0.4684293270111084,0.9924456477165222,0.5403696298599243,0.754254937171936,0.37009182572364807,0.775486946105957,0.49049893021583557,0.7938588261604309,-0.4838859736919403,0.9772549867630005,0.5588900446891785,0.7695006728172302,0.37679368257522583,0.7916187644004822,0.40442565083503723,0.8015678524971008,-0.6302233338356018,0.9918799996376038,0.4939981997013092,0.777025580406189,0.31653156876564026,0.8447290658950806
IMG_9684 3,8,264,good,0.4407821595668793,0.42997467517852783,0.007943921722471714,0.9999721050262451,0.4494188725948334,0.42258331179618835,-0.001356098335236311,0.9999759197235107,0.4528482258319855,0.42208874225616455,-0.0014077668311074376,0.9999796748161316,0.4565528631210327,0.42153462767601013,-0.0015015556709840894,0.9999790787696838,0.44403332471847534,0.42322877049446106,0.034809790551662445,0.999969482421875,0.44355642795562744,0.42324134707450867,0.03477362170815468,0.9999578595161438,0.4428616166114807,0.42323580384254456,0.03474714607000351,0.9999573826789856,0.47607025504112244,0.4237942397594452,-0.019410990178585052,0.9999822974205017,0.451143741607666,0.42591527104377747,0.17605653405189514,0.9999289512634277,0.45139026641845703,0.4365062117576599,0.020098362118005753,0.9999301433563232,0.444867342710495,0.43662115931510925,0.06345026940107346,0.9998785853385925,0.5277634263038635,0.46765947341918945,-0.1140112429857254,0.9999131560325623,0.44985872507095337,0.4730190634727478,0.2928045392036438,0.9993153214454651,0.47215792536735535,0.5126113295555115,-0.17118948698043823,0.9733565449714661,0.4149019420146942,0.5208122730255127,0.1189693734049797,0.4403334856033325,0.42628127336502075,0.4679321348667145,-0.09516151994466782,0.9126991033554077,0.40834346413612366,0.47805899381637573,-0.24427925050258636,0.5341077446937561,0.42129620909690857,0.4531744718551636,-0.1110074371099472,0.8801227807998657,0.4041128158569336,0.4643552899360657,-0.291946679353714,0.4820188283920288,0.4328613877296448,0.4470495283603668,-0.10388659685850143,0.874358057975769,0.4056530296802521,0.46102163195610046,-0.278228759765625,0.4660041928291321,0.43767309188842773,0.4525667130947113,-0.08515553921461105,0.8282390236854553,0.40973350405693054,0.4654538333415985,-0.25105515122413635,0.43601974844932556,0.5119265913963318,0.5773270130157471,-0.14873895049095154,0.9999451041221619,0.4623017907142639,0.578599750995636,0.1489047259092331,0.9998152852058411,0.47417381405830383,0.6689997911453247,-0.3446539342403412,0.9848229289054871,0.49056705832481384,0.6731330156326294,0.25960227847099304,0.464995801448822,0.474490761756897,0.7804750800132751,-0.46375030279159546,0.9926291108131409,0.5403434038162231,0.7544387578964233,0.38575273752212524,0.7782731056213379,0.4909227788448334,0.7941080927848816,-0.4790405333042145,0.9779847860336304,0.558712363243103,0.7695867419242859,0.3935118615627289,0.7968958020210266,0.4043089747428894,0.8014113306999207,-0.6320882439613342,0.9918238520622253,0.4940643906593323,0.7768859267234802,0.328119695186615,0.8431524634361267
IMG_9684 3,9,297,good,0.44091469049453735,0.4296795129776001,0.013187047094106674,0.9999715685844421,0.4493313729763031,0.4221213757991791,0.002918811747804284,0.9999755024909973,0.452739953994751,0.4215729236602783,0.0028738018590956926,0.9999791383743286,0.45636260509490967,0.4209529161453247,0.002772091655060649,0.9999786019325256,0.4439496397972107,0.4228994846343994,0.040293123573064804,0.9999693632125854,0.44345197081565857,0.4229402542114258,0.04024972394108772,0.999957799911499,0.44272372126579285,0.42293593287467957,0.04023490846157074,0.9999578595161438,0.4744214117527008,0.4232424795627594,0.006857333704829216,0.9999817609786987,0.45019450783729553,0.42551735043525696,0.1813252717256546,0.9999281764030457,0.45139968395233154,0.436151385307312,0.023470060899853706,0.9999266266822815,0.44479161500930786,0.43638917803764343,0.0700283944606781,0.9998754858970642,0.5260130167007446,0.4664768874645233,-0.07351620495319366,0.9999130964279175,0.4488402009010315,0.472370445728302,0.30041128396987915,0.9993177652359009,0.4724327325820923,0.5102911591529846,-0.15881794691085815,0.9718507528305054,0.4117189049720764,0.520873486995697,0.11828966438770294,0.4356403648853302,0.4281919300556183,0.4625479280948639,-0.09275641292333603,0.9058690667152405,0.4099065363407135,0.4784497916698456,-0.2487749457359314,0.532256543636322,0.42383769154548645,0.4480343461036682,-0.11386214196681976,0.8723750114440918,0.40614375472068787,0.46973803639411926,-0.2986045479774475,0.481608510017395,0.43569397926330566,0.44367530941963196,-0.10538653284311295,0.8662126064300537,0.4077339172363281,0.46336865425109863,-0.28138333559036255,0.46550843119621277,0.4402458071708679,0.4492546319961548,-0.08389417827129364,0.818891167640686,0.41011950373649597,0.46752479672431946,-0.25380605459213257,0.4350694715976715,0.5114122033119202,0.5763133764266968,-0.14833709597587585,0.9999468326568604,0.4623086452484131,0.5775917172431946,0.14849403500556946,0.9998192191123962,0.47565749287605286,0.6689780354499817,-0.3546767234802246,0.9850127696990967,0.4926275610923767,0.6730453968048096,0.25804582238197327,0.4596162736415863,0.4758077561855316,0.78031986951828,-0.479388028383255,0.9926624894142151,0.5403336882591248,0.7551589012145996,0.3852086663246155,0.7742332220077515,0.4913441836833954,0.7940276265144348,-0.49526840448379517,0.9782460331916809,0.5585994124412537,0.7705806493759155,0.3934634029865265,0.794752299785614,0.40432754158973694,0.8012858629226685,-0.6576957702636719,0.9917240738868713,0.4917312562465668,0.7765482664108276,0.3220251798629761,0.8376612067222595
IMG_9684 3,10,331,good,0.43910467624664307,0.42913487553596497,0.011387510225176811,0.9999727010726929,0.4476955831050873,0.4214284121990204,-0.010306225158274174,0.999976396560669,0.4509739875793457,0.4209149181842804,-0.010336756706237793,0.9999797940254211,0.45454317331314087,0.42031458020210266,-0.010407655499875546,0.9999793171882629,0.4426296651363373,0.4221222996711731,0.03803242743015289,0.9999706149101257,0.4423089325428009,0.42216190695762634,0.037986110895872116,0.9999595880508423,0.4417656362056732,0.42217230796813965,0.03796090558171272,0.9999599456787109,0.47411566972732544,0.422404021024704,-0.038025155663490295,0.9999819397926331,0.45035889744758606,0.42464303970336914,0.16624273359775543,0.9999298453330994,0.449756383895874,0.43567752838134766,0.003074157517403364,0.9999285340309143,0.4436302185058594,0.43601879477500916,0.06251708418130875,0.9998787045478821,0.5253719091415405,0.465398907661438,-0.1178448274731636,0.9999101758003235,0.45330965518951416,0.47266262769699097,0.2845773696899414,0.9993287324905396,0.472648561000824,0.5084390044212341,-0.20288904011249542,0.9711198806762695,0.4117371737957001,0.5197065472602844,0.1225426122546196,0.4354901611804962,0.4321255087852478,0.456160306930542,-0.09451573342084885,0.9039998054504395,0.4020948112010956,0.47319167852401733,-0.2218630462884903,0.5452219247817993,0.42590147256851196,0.44021162390708923,-0.13011619448661804,0.8700594902038574,0.4000500440597534,0.46298351883888245,-0.262543648481369,0.495092511177063,0.43834567070007324,0.4362263083457947,-0.1248738169670105,0.8636380434036255,0.40170079469680786,0.45839110016822815,-0.2527770400047302,0.4793449342250824,0.4417136311531067,0.4424542784690857,-0.09338010847568512,0.8156638741493225,0.40368619561195374,0.46085456013679504,-0.22925272583961487,0.44870343804359436,0.5106942653656006,0.5759757161140442,-0.14873716235160828,0.999946653842926,0.463489830493927,0.5773894786834717,0.1488734781742096,0.9998195767402649,0.4756438136100769,0.6690561175346375,-0.35078486800193787,0.9853199124336243,0.49496668577194214,0.6729414463043213,0.27695074677467346,0.4630601108074188,0.4749715030193329,0.7809052467346191,-0.4736974835395813,0.9927932620048523,0.5417208075523376,0.755151629447937,0.41575026512145996,0.77495276927948,0.48930883407592773,0.7951747179031372,-0.48977145552635193,0.9790163636207581,0.5591176748275757,0.7705862522125244,0.42557084560394287,0.7979350686073303,0.40072670578956604,0.8012199401855469,-0.6506098508834839,0.991554856300354,0.49166345596313477,0.7765491008758545,0.35893094539642334,0.834816038608551
IMG_9684 3,11,364,good,0.4372546672821045,0.4290515184402466,-0.00949226226657629,0.999974250793457,0.445654034614563,0.4212445914745331,-0.03637753427028656,0.9999777674674988,0.4487767815589905,0.42067280411720276,-0.03641679883003235,0.9999809861183167,0.45233094692230225,0.42001503705978394,-0.03649364411830902,0.9999804496765137,0.441293865442276,0.42194342613220215,0.01428428664803505,0.9999722838401794,0.4412144124507904,0.42194685339927673,0.014251498505473137,0.9999620914459229,0.440923810005188,0.42191722989082336,0.01426251046359539,0.9999623894691467,0.47291526198387146,0.42172741889953613,-0.07440093904733658,0.9999828934669495,0.4504845440387726,0.4239008128643036,0.13962480425834656,0.9999334812164307,0.44780927896499634,0.43559035658836365,-0.021691052243113518,0.9999327063560486,0.4423888027667999,0.4358902871608734,0.04150737076997757,0.999885618686676,0.5248466730117798,0.46438634395599365,-0.16023080050945282,0.9999139308929443,0.45580974221229553,0.4726525545120239,0.2734178900718689,0.9993566870689392,0.4580932557582855,0.5087084770202637,-0.22259773313999176,0.9711111187934875,0.41182270646095276,0.5197398662567139,0.11602199077606201,0.4255158603191376,0.42521169781684875,0.4589233994483948,-0.09507858008146286,0.9014747738838196,0.40027058124542236,0.4733511507511139,-0.23792821168899536,0.5430529117584229,0.4221293330192566,0.4427393078804016,-0.11150947213172913,0.8668739795684814,0.3965078592300415,0.4622344374656677,-0.27776217460632324,0.49595320224761963,0.4351779520511627,0.43631401658058167,-0.10463837534189224,0.8605595231056213,0.3985332250595093,0.45834431052207947,-0.26902705430984497,0.48059600591659546,0.4390740990638733,0.4427123963832855,-0.08592446148395538,0.811898410320282,0.403704971075058,0.4615436792373657,-0.24647124111652374,0.4495052993297577,0.5087741613388062,0.5760617852210999,-0.15283511579036713,0.9999468922615051,0.4638034999370575,0.577517569065094,0.1529962718486786,0.9998202323913574,0.4760507047176361,0.669076681137085,-0.35016658902168274,0.986015260219574,0.4976620674133301,0.6727859377861023,0.30751070380210876,0.4784258306026459,0.4751340448856354,0.7808890342712402,-0.4713476896286011,0.9930764436721802,0.5472026467323303,0.7544816136360168,0.47764405608177185,0.7815553545951843,0.48941776156425476,0.7950934767723083,-0.48756131529808044,0.980027973651886,0.5672168731689453,0.7699562907218933,0.49103111028671265,0.8062382340431213,0.40183600783348083,0.8009955286979675,-0.6475352644920349,0.99151611328125,0.49264752864837646,0.7744019031524658,0.4338018000125885,0.8362387418746948
IMG_9684 3,12,397,good,0.4366629123687744,0.4289992153644562,-0.015121936798095703,0.999975323677063,0.44508910179138184,0.4211844205856323,-0.038919899612665176,0.99997878074646,0.4483323097229004,0.4205510914325714,-0.03897508606314659,0.9999818801879883,0.4519653618335724,0.4198322296142578,-0.0390748493373394,0.9999813437461853,0.44075238704681396,0.42194539308547974,0.009551787748932838,0.9999734163284302,0.44076818227767944,0.4219326376914978,0.009533732198178768,0.9999637007713318,0.44060206413269043,0.4218820631504059,0.009557637386023998,0.9999640583992004,0.47291624546051025,0.4212695062160492,-0.0652933269739151,0.9999836683273315,0.45083972811698914,0.42360013723373413,0.13933731615543365,0.9999355673789978,0.44747570157051086,0.4353673458099365,-0.02303883247077465,0.9999356269836426,0.4422003924846649,0.43568292260169983,0.037732671946287155,0.9998902678489685,0.5249497294425964,0.4636583924293518,-0.14543063938617706,0.9999173283576965,0.4566251039505005,0.47269120812416077,0.27315691113471985,0.9993681311607361,0.4527023732662201,0.5087792873382568,-0.20756615698337555,0.9707760810852051,0.4110463261604309,0.5197732448577881,0.13359805941581726,0.41476818919181824,0.42789173126220703,0.4576963186264038,-0.051988787949085236,0.8955722451210022,0.40047475695610046,0.4730502665042877,-0.18565475940704346,0.5330844521522522,0.42272618412971497,0.4411427676677704,-0.06290282309055328,0.8598563075065613,0.39663130044937134,0.4614351689815521,-0.22716382145881653,0.488060861825943,0.4363844096660614,0.43581438064575195,-0.057051241397857666,0.8534560799598694,0.4012714624404907,0.4579087495803833,-0.21518674492835999,0.4732740521430969,0.44025498628616333,0.4424349069595337,-0.041752398014068604,0.8038005232810974,0.4052940905094147,0.46062296628952026,-0.19268113374710083,0.4425590932369232,0.5086345076560974,0.5760995745658875,-0.15284809470176697,0.9999485611915588,0.46404385566711426,0.577597975730896,0.15304920077323914,0.9998224377632141,0.4761967957019806,0.6689525246620178,-0.3588448762893677,0.9862762093544006,0.49923673272132874,0.6726726293563843,0.2944335639476776,0.4813685715198517,0.4751088321208954,0.7809685468673706,-0.4883470833301544,0.9932790994644165,0.5595002770423889,0.7533343434333801,0.4503552317619324,0.7841275334358215,0.48977434635162354,0.79520183801651,-0.5044039487838745,0.980789303779602,0.588147759437561,0.7692315578460693,0.46200841665267944,0.8129504919052124,0.4019230604171753,0.8009635210037231,-0.6603240966796875,0.991492509841919,0.49808716773986816,0.7744020819664001,0.40220746397972107,0.834487795829773
IMG_9684 3,13,430,good,0.43687742948532104,0.4291975200176239,-0.018530134111642838,0.9999771118164062,0.4451744556427002,0.42139604687690735,-0.04020727053284645,0.9999803900718689,0.4484928548336029,0.4207855463027954,-0.04025598242878914,0.9999832510948181,0.45215922594070435,0.4200822412967682,-0.04035940021276474,0.9999827742576599,0.4406741261482239,0.4220964312553406,0.007275489624589682,0.999975323677063,0.4406392574310303,0.4220620095729828,0.00727415457367897,0.9999662637710571,0.44043686985969543,0.4219951033592224,0.007317760027945042,0.9999666213989258,0.4730105698108673,0.4212849736213684,-0.06015288829803467,0.9999849200248718,0.45089221000671387,0.42380258440971375,0.14128543436527252,0.9999398589134216,0.4477338492870331,0.43556275963783264,-0.022771352902054787,0.9999404549598694,0.44231921434402466,0.4359021782875061,0.03699047118425369,0.9998979568481445,0.5249655246734619,0.46330517530441284,-0.13492201268672943,0.9999228715896606,0.4574962258338928,0.472675621509552,0.27812671661376953,0.9993941783905029,0.45093467831611633,0.5071291327476501,-0.1831292361021042,0.970973014831543,0.4106825590133667,0.5196377635002136,0.1803385317325592,0.4088599681854248,0.4313853085041046,0.4551180601119995,-0.025455355644226074,0.8952757120132446,0.4004572927951813,0.4729214310646057,-0.09646708518266678,0.5331467986106873,0.42425617575645447,0.4379752576351166,-0.03288184478878975,0.8597545623779297,0.3964480757713318,0.4615529775619507,-0.1319044828414917,0.48983147740364075,0.43881893157958984,0.4334079623222351,-0.026679927483201027,0.8534783124923706,0.4019011855125427,0.4580511450767517,-0.12216266989707947,0.47592684626579285,0.44220414757728577,0.4404412806034088,-0.0147115932777524,0.803847074508667,0.40562716126441956,0.46103528141975403,-0.10316451638936996,0.44527652859687805,0.5082384347915649,0.5760884284973145,-0.15432341396808624,0.9999516010284424,0.46443966031074524,0.5776463747024536,0.1545793116092682,0.9998289942741394,0.47671717405319214,0.6688177585601807,-0.3711487948894501,0.9871215224266052,0.499647855758667,0.6721657514572144,0.3001863658428192,0.5000233054161072,0.47623562812805176,0.7805019021034241,-0.5123709440231323,0.9937293529510498,0.5796607732772827,0.7507230043411255,0.460613876581192,0.7941074967384338,0.49211007356643677,0.7951515316963196,-0.5290051698684692,0.9821292161941528,0.6048150658607483,0.7656075358390808,0.4734847843647003,0.824513852596283,0.4020698368549347,0.8008931279182434,-0.6870317459106445,0.9918183088302612,0.5277333855628967,0.7701826095581055,0.41936081647872925,0.837928295135498
IMG_9684 3,14,463,good,0.4369370937347412,0.4287950396537781,-0.02446828782558441,0.9999788999557495,0.44533103704452515,0.4208504855632782,-0.0462958961725235,0.9999819993972778,0.44867950677871704,0.420162171125412,-0.04633309692144394,0.999984622001648,0.4523571729660034,0.41937902569770813,-0.046413496136665344,0.9999841451644897,0.440764456987381,0.4216671586036682,0.002172901527956128,0.9999772310256958,0.4407118260860443,0.42163512110710144,0.0021476298570632935,0.9999688863754272,0.44048988819122314,0.42156660556793213,0.002203300129622221,0.9999691843986511,0.47329825162887573,0.4204498529434204,-0.07018892467021942,0.9999861717224121,0.4518807530403137,0.4230153262615204,0.14046801626682281,0.9999443888664246,0.4478952884674072,0.43514201045036316,-0.028884293511509895,0.9999454021453857,0.44240862131118774,0.4354844391345978,0.032512713223695755,0.999906063079834,0.5251820087432861,0.46323639154434204,-0.15124008059501648,0.9999277591705322,0.45799487829208374,0.4726725220680237,0.2761157751083374,0.9994306564331055,0.46371713280677795,0.5071873068809509,-0.250264436006546,0.971495509147644,0.41115477681159973,0.5196165442466736,0.1042022630572319,0.41283687949180603,0.43753498792648315,0.45373085141181946,-0.15010152757167816,0.8976611495018005,0.40038949251174927,0.47281336784362793,-0.281270831823349,0.5496756434440613,0.42852967977523804,0.4366719126701355,-0.16521698236465454,0.8628956079483032,0.3968735337257385,0.46120789647102356,-0.3293416202068329,0.5082178115844727,0.44246524572372437,0.4322006404399872,-0.15229082107543945,0.8566502928733826,0.4022206664085388,0.4578135907649994,-0.3133178651332855,0.4945544898509979,0.4456581473350525,0.43930625915527344,-0.13761645555496216,0.8078261613845825,0.4055086374282837,0.46044185757637024,-0.2881540358066559,0.4628854990005493,0.5083115100860596,0.5761483311653137,-0.15787003934383392,0.9999545216560364,0.46493804454803467,0.5777798295021057,0.15806782245635986,0.9998367428779602,0.4767468571662903,0.6691164970397949,-0.3701724112033844,0.9878223538398743,0.5026035904884338,0.6720030903816223,0.32501980662345886,0.5137772560119629,0.47691214084625244,0.7805769443511963,-0.5081062316894531,0.9940926432609558,0.5969216227531433,0.7476639151573181,0.5046814680099487,0.801148533821106,0.4934908151626587,0.7956093549728394,-0.5248138904571533,0.9833261966705322,0.6213139891624451,0.7616379857063293,0.5204348564147949,0.8343188166618347,0.4020899832248688,0.8009011149406433,-0.681185781955719,0.9920158982276917,0.559269905090332,0.7706997990608215,0.4730376601219177,0.8405638933181763
IMG_9684 3,15,496,good,0.4370926022529602,0.4288145899772644,-0.03668889403343201,0.9999805092811584,0.4454689025878906,0.4208431839942932,-0.05701230466365814,0.9999834895133972,0.44881317019462585,0.42010265588760376,-0.05704518407583237,0.9999858736991882,0.4524608552455902,0.4192790389060974,-0.05712006241083145,0.9999854564666748,0.4408397674560547,0.42172595858573914,-0.009039764292538166,0.9999789595603943,0.44076764583587646,0.4216970205307007,-0.009059788659214973,0.9999712705612183,0.4405307173728943,0.42163580656051636,-0.008987247943878174,0.9999715089797974,0.47361117601394653,0.4201408624649048,-0.07537179440259933,0.9999873042106628,0.4521321654319763,0.4229000210762024,0.13589303195476532,0.9999486207962036,0.44793781638145447,0.4349857270717621,-0.03812100365757942,0.9999500513076782,0.44248247146606445,0.4353850483894348,0.022934379056096077,0.9999135136604309,0.5264371037483215,0.46277183294296265,-0.14969483017921448,0.999933123588562,0.4589405655860901,0.47269055247306824,0.27247509360313416,0.9994609355926514,0.47500044107437134,0.5066571831703186,-0.2584141194820404,0.9715701937675476,0.41106948256492615,0.5194458961486816,0.10631224513053894,0.41903653740882874,0.45423969626426697,0.4474468231201172,-0.17887979745864868,0.9005506634712219,0.4010893702507019,0.4722083806991577,-0.2546156942844391,0.5631527304649353,0.4466528296470642,0.429005891084671,-0.19385011494159698,0.867099404335022,0.3978007435798645,0.4590316414833069,-0.2996051609516144,0.5226358771324158,0.4605018198490143,0.4248567223548889,-0.18166428804397583,0.860951840877533,0.4032018482685089,0.45722830295562744,-0.28464508056640625,0.5093846321105957,0.4623604118824005,0.4325766861438751,-0.16745388507843018,0.8130825757980347,0.4063355326652527,0.45953136682510376,-0.26103371381759644,0.47689300775527954,0.5083748698234558,0.5761810541152954,-0.15985581278800964,0.9999573826789856,0.4664160907268524,0.5778281092643738,0.16005857288837433,0.9998419284820557,0.4770730435848236,0.6691306829452515,-0.3679102659225464,0.9884746074676514,0.5039594769477844,0.6710953116416931,0.32743039727211,0.5319666862487793,0.47770607471466064,0.7805675864219666,-0.5022512674331665,0.9945029616355896,0.606063961982727,0.7400038838386536,0.5125638246536255,0.8102527260780334,0.4939754903316498,0.7964558601379395,-0.5190139412879944,0.9844891428947449,0.6328925490379333,0.7525666952133179,0.5293591618537903,0.8453333377838135,0.4020967185497284,0.8006866574287415,-0.6807877421379089,0.992286741733551,0.5781837105751038,0.7692362070083618,0.4819835424423218,0.8452513813972473
IMG_9684 3,16,529,good,0.4376736283302307,0.4287694990634918,-0.03651462495326996,0.9999819397926331,0.44616982340812683,0.4207632839679718,-0.05829863250255585,0.9999848008155823,0.4495723247528076,0.42002928256988525,-0.05832267925143242,0.999987006187439,0.4532126188278198,0.4192303419113159,-0.05838441848754883,0.9999866485595703,0.441803514957428,0.42163488268852234,-0.009696325287222862,0.9999805092811584,0.4419133961200714,0.42159852385520935,-0.009733352810144424,0.9999734163284302,0.44186294078826904,0.42153096199035645,-0.009666219353675842,0.9999735951423645,0.47436076402664185,0.42019379138946533,-0.0877968892455101,0.9999883770942688,0.4541797339916229,0.42283251881599426,0.129883274435997,0.9999523758888245,0.4488925039768219,0.4350210428237915,-0.040975965559482574,0.9999542236328125,0.44393742084503174,0.43542975187301636,0.02112497016787529,0.9999200701713562,0.5274069309234619,0.462873250246048,-0.1734585464000702,0.9999380111694336,0.4601089656352997,0.4726633131504059,0.2652203440666199,0.9994843602180481,0.46101972460746765,0.5081111788749695,-0.2593991458415985,0.9723716378211975,0.41111859679222107,0.5193096399307251,0.07065895944833755,0.4144135117530823,0.4413411319255829,0.45020362734794617,-0.1601329743862152,0.9037481546401978,0.4015907049179077,0.4719996750354767,-0.320868581533432,0.5612423419952393,0.438144713640213,0.43460822105407715,-0.18617217242717743,0.8712866902351379,0.39836183190345764,0.4590630531311035,-0.3698917329311371,0.5235766768455505,0.4571249783039093,0.426160991191864,-0.1769314557313919,0.8653943538665771,0.4029955267906189,0.45667317509651184,-0.35193774104118347,0.5106120109558105,0.45978856086730957,0.433439701795578,-0.1522662341594696,0.8188093900680542,0.4069333076477051,0.45914632081985474,-0.3278627395629883,0.47788411378860474,0.5083986520767212,0.5774631500244141,-0.16114850342273712,0.9999590516090393,0.4678979516029358,0.578187882900238,0.16133131086826324,0.9998427033424377,0.47703754901885986,0.6702787280082703,-0.35297125577926636,0.9892505407333374,0.5085585713386536,0.6691141128540039,0.3372746706008911,0.5545477271080017,0.4787702262401581,0.781057596206665,-0.4732525944709778,0.9949334859848022,0.6150144934654236,0.7326013445854187,0.5377118587493896,0.8206907510757446,0.49556273221969604,0.7975564002990723,-0.4895798861980438,0.9856484532356262,0.642240583896637,0.744076669216156,0.5560511350631714,0.8556386232376099,0.40252432227134705,0.8006505370140076,-0.6462881565093994,0.9927104115486145,0.5947108864784241,0.7666575908660889,0.5205250978469849,0.8522239923477173
IMG_9684 3,17,562,good,0.4392658770084381,0.4288564622402191,-0.04861384257674217,0.9999831914901733,0.44752752780914307,0.42085567116737366,-0.07030351459980011,0.9999860525131226,0.45103922486305237,0.4200880527496338,-0.0703253448009491,0.9999880790710449,0.45478084683418274,0.41925498843193054,-0.0703769102692604,0.9999877214431763,0.44320395588874817,0.42174625396728516,-0.02146986685693264,0.9999818801879883,0.44336432218551636,0.421697199344635,-0.021519718691706657,0.9999752640724182,0.4433507025241852,0.42161524295806885,-0.021435143426060677,0.9999753832817078,0.4760712683200836,0.4203275442123413,-0.09494747221469879,0.9999893307685852,0.4557614028453827,0.4229242503643036,0.12321973592042923,0.9999557733535767,0.451094388961792,0.4350496530532837,-0.05149859935045242,0.9999580979347229,0.44615671038627625,0.4354764521121979,0.011042861267924309,0.9999261498451233,0.52972012758255,0.46250051259994507,-0.17391082644462585,0.9999427199363708,0.4616018235683441,0.4724663197994232,0.2630070149898529,0.9995102882385254,0.4761313498020172,0.5076884031295776,-0.2934202551841736,0.972859799861908,0.41251248121261597,0.5183882713317871,0.08208813518285751,0.41703000664711,0.4573183059692383,0.4466979205608368,-0.2269466668367386,0.9074680805206299,0.4019193947315216,0.4717385768890381,-0.26985979080200195,0.5674846768379211,0.45134466886520386,0.4288196563720703,-0.24374279379844666,0.8767101168632507,0.3988119065761566,0.4583691954612732,-0.3057173490524292,0.5318881869316101,0.46607908606529236,0.4234727919101715,-0.23176486790180206,0.871044933795929,0.40321674942970276,0.4566161036491394,-0.2895660698413849,0.5197462439537048,0.4680712819099426,0.43107423186302185,-0.2158208042383194,0.8257118463516235,0.4072534739971161,0.4590024948120117,-0.2764127552509308,0.486886203289032,0.508419930934906,0.5778431296348572,-0.1665468066930771,0.9999606609344482,0.4703657031059265,0.5785204172134399,0.16669663786888123,0.9998428821563721,0.4770057499408722,0.6705853939056396,-0.35126346349716187,0.9898234009742737,0.5142932534217834,0.6688214540481567,0.3288412094116211,0.5765008330345154,0.47924792766571045,0.7812409996986389,-0.45977428555488586,0.9953354001045227,0.6235652565956116,0.7321510314941406,0.5153902173042297,0.831075131893158,0.49680396914482117,0.797814667224884,-0.4747694134712219,0.9866665601730347,0.6540506482124329,0.742534875869751,0.5325523018836975,0.8662225604057312,0.40248599648475647,0.8000980019569397,-0.6348574161529541,0.9930755496025085,0.6034042835235596,0.767354428768158,0.48759448528289795,0.8593264818191528
IMG_9684 3,18,595,good,0.44046077132225037,0.429017037153244,-0.04903193190693855,0.9999840259552002,0.4482654929161072,0.42100805044174194,-0.07389295101165771,0.9999868869781494,0.45163917541503906,0.42019951343536377,-0.07390976697206497,0.999988853931427,0.45529234409332275,0.41931554675102234,-0.07394929230213165,0.9999884366989136,0.4445188343524933,0.42187440395355225,-0.023058179765939713,0.9999825358390808,0.44494765996932983,0.4217834174633026,-0.023104585707187653,0.9999763369560242,0.4452452063560486,0.42165976762771606,-0.0230155810713768,0.9999762773513794,0.4772246181964874,0.42039361596107483,-0.11538832634687424,0.9999899864196777,0.4591327905654907,0.4229688048362732,0.11536634713411331,0.9999576807022095,0.45222872495651245,0.4350941479206085,-0.05720476433634758,0.9999610781669617,0.4479677081108093,0.43549206852912903,0.008359530940651894,0.9999305009841919,0.5319675207138062,0.46225276589393616,-0.2017509490251541,0.9999467730522156,0.46620863676071167,0.47196343541145325,0.25189846754074097,0.9995344281196594,0.46650391817092896,0.5079184174537659,-0.29627931118011475,0.9737160801887512,0.4142199158668518,0.518004834651947,0.07370971888303757,0.4127223491668701,0.44620728492736816,0.45036742091178894,-0.1895471215248108,0.9101475477218628,0.4022461473941803,0.47186362743377686,-0.29743659496307373,0.5613365173339844,0.45064541697502136,0.4307878315448761,-0.20406091213226318,0.8802694082260132,0.39906758069992065,0.458624929189682,-0.33927398920059204,0.5275028944015503,0.46547436714172363,0.42485925555229187,-0.19297902286052704,0.8748641610145569,0.40354785323143005,0.45668503642082214,-0.32579904794692993,0.5159832239151001,0.4671827256679535,0.4321694076061249,-0.17762689292430878,0.8302755951881409,0.40771156549453735,0.45908796787261963,-0.30554336309432983,0.48377424478530884,0.5086382627487183,0.5792012810707092,-0.16817118227481842,0.9999609589576721,0.47519367933273315,0.5794287323951721,0.16828270256519318,0.9998405575752258,0.4768563210964203,0.6718281507492065,-0.33599621057510376,0.9905336499214172,0.5266094207763672,0.6677496433258057,0.3362633287906647,0.6010129451751709,0.47999307513237,0.7808400392532349,-0.4269990921020508,0.9957224726676941,0.6281203627586365,0.7318532466888428,0.5352669954299927,0.842364490032196,0.4986807405948639,0.7977335453033447,-0.4404841661453247,0.9876099228858948,0.6570642590522766,0.7424323558807373,0.5540268421173096,0.876202404499054,0.4025286138057709,0.800071120262146,-0.5942322611808777,0.9934439063072205,0.6114267110824585,0.7677897810935974,0.5123605132102966,0.8672497868537903
IMG_9684 3,19,629,good,0.4415697753429413,0.4295586049556732,-0.052445266395807266,0.999984860420227,0.44906920194625854,0.4217751622200012,-0.0790456086397171,0.9999877214431763,0.45223426818847656,0.4210204482078552,-0.07905653864145279,0.9999895691871643,0.45566967129707336,0.42021387815475464,-0.0790945291519165,0.9999890923500061,0.4457121193408966,0.4225175976753235,-0.027353214100003242,0.9999834299087524,0.44631195068359375,0.42237260937690735,-0.027396310120821,0.9999776482582092,0.4467537999153137,0.42219623923301697,-0.027309421449899673,0.9999775290489197,0.47764700651168823,0.4208475351333618,-0.1218971237540245,0.9999906420707703,0.4609443247318268,0.42317891120910645,0.1105479970574379,0.99996018409729,0.4531078338623047,0.4354366362094879,-0.0613565519452095,0.9999639391899109,0.4492439925670624,0.4357434809207916,0.005115085747092962,0.9999352693557739,0.5327290296554565,0.4616129398345947,-0.20026133954524994,0.999950647354126,0.47082412242889404,0.47170940041542053,0.24799315631389618,0.9995672702789307,0.47588592767715454,0.5085947513580322,-0.2884518802165985,0.9742802977561951,0.41516444087028503,0.5180666446685791,0.07450278848409653,0.41989168524742126,0.4549720287322998,0.45085078477859497,-0.1771433800458908,0.9125455021858215,0.40231576561927795,0.47313353419303894,-0.2964945137500763,0.5730838775634766,0.4516184628009796,0.4319115877151489,-0.19095024466514587,0.8835371136665344,0.39897671341896057,0.4597257673740387,-0.3390462100505829,0.5393731594085693,0.4660903513431549,0.4262205958366394,-0.1796305626630783,0.8783196806907654,0.40367811918258667,0.45738479495048523,-0.3269788324832916,0.5285782814025879,0.4682186543941498,0.43341025710105896,-0.16505257785320282,0.8346158862113953,0.40801292657852173,0.46111369132995605,-0.30460119247436523,0.49662306904792786,0.508867621421814,0.579422652721405,-0.16907323896884918,0.9999614357948303,0.4827757179737091,0.5796327590942383,0.16917921602725983,0.9998403191566467,0.47673487663269043,0.6724917888641357,-0.32763680815696716,0.9911758899688721,0.5345875024795532,0.6654435992240906,0.33227747678756714,0.619797945022583,0.48014357686042786,0.7808022499084473,-0.4145929217338562,0.9960470795631409,0.6310024857521057,0.7329053282737732,0.5234410762786865,0.8514413237571716,0.49923446774482727,0.7977098822593689,-0.42740076780319214,0.9884781837463379,0.6582333445549011,0.7435604929924011,0.5413943529129028,0.8850716352462769,0.4025370478630066,0.7998817563056946,-0.5746179223060608,0.9936695694923401,0.6122051477432251,0.7688087224960327,0.5003480911254883,0.8727625012397766
IMG_9684 3,20,662,good,0.44216251373291016,0.42959919571876526,-0.06168457865715027,0.9999846816062927,0.44946590065956116,0.42186737060546875,-0.09117835760116577,0.9999878406524658,0.4523942172527313,0.4211706221103668,-0.09119711816310883,0.9999898076057434,0.4556846618652344,0.42042285203933716,-0.09125703573226929,0.9999892115592957,0.4466366469860077,0.4225362241268158,-0.038587115705013275,0.999983012676239,0.4473544657230377,0.42240849137306213,-0.03862921893596649,0.9999774694442749,0.4479631185531616,0.42224031686782837,-0.0385553203523159,0.9999771118164062,0.477628231048584,0.42105400562286377,-0.14813648164272308,0.9999909400939941,0.46414920687675476,0.4232223629951477,0.08740133792161942,0.9999601244926453,0.4531822204589844,0.4355124533176422,-0.07613936066627502,0.9999655485153198,0.4497007429599762,0.4358588755130768,-0.008662695996463299,0.9999370574951172,0.5328632593154907,0.4616628587245941,-0.23050710558891296,0.9999530911445618,0.47746598720550537,0.47133609652519226,0.22369906306266785,0.9995850920677185,0.4679124653339386,0.509131908416748,-0.2832355797290802,0.9743489623069763,0.4182036221027374,0.5180440545082092,0.060621071606874466,0.4087666869163513,0.4589100778102875,0.45158851146698,-0.12689277529716492,0.9112905263900757,0.40243780612945557,0.4729723036289215,-0.29855647683143616,0.558691143989563,0.452752023935318,0.43211594223976135,-0.13047558069229126,0.8820080161094666,0.3996011018753052,0.4592466354370117,-0.3380029499530792,0.528078556060791,0.4681966006755829,0.426844984292984,-0.12091275304555893,0.877113938331604,0.4042014181613922,0.4574297368526459,-0.32655999064445496,0.5182772874832153,0.470780611038208,0.43430957198143005,-0.11356691271066666,0.8334399461746216,0.4080510437488556,0.46083834767341614,-0.3069750666618347,0.4878292381763458,0.5099284052848816,0.5806177854537964,-0.16904418170452118,0.9999591112136841,0.49090027809143066,0.5810953974723816,0.16912010312080383,0.9998345375061035,0.4765712022781372,0.6727175116539001,-0.3123776614665985,0.9913212060928345,0.5376021862030029,0.6648456454277039,0.33166736364364624,0.6224505305290222,0.48059535026550293,0.7812003493309021,-0.38146814703941345,0.9961912035942078,0.6319335103034973,0.7341234683990479,0.5148553848266602,0.8543069958686829,0.5001661777496338,0.7980489134788513,-0.3920072317123413,0.9889336228370667,0.6565945148468018,0.7448304295539856,0.5331547260284424,0.8904178142547607,0.4025906026363373,0.7996435761451721,-0.5293295383453369,0.9935186505317688,0.6126326322555542,0.7719330787658691,0.4871154725551605,0.8730862140655518
IMG_9684 3,21,695,good,0.44419434666633606,0.4295899569988251,-0.05664386227726936,0.9999852180480957,0.4514353275299072,0.42189159989356995,-0.08421391993761063,0.9999884366989136,0.4540959894657135,0.4212060570716858,-0.08423613756895065,0.9999903440475464,0.45700743794441223,0.4204501509666443,-0.08429890125989914,0.9999896883964539,0.4492115080356598,0.42250144481658936,-0.032866280525922775,0.9999836087226868,0.45008331537246704,0.4223417639732361,-0.03290329873561859,0.9999783635139465,0.4508652091026306,0.42215004563331604,-0.032835595309734344,0.9999779462814331,0.4787535071372986,0.42122983932495117,-0.13747748732566833,0.9999914765357971,0.4665676951408386,0.42325323820114136,0.0940735787153244,0.999961793422699,0.454135924577713,0.43554654717445374,-0.06897955387830734,0.9999677538871765,0.4515330493450165,0.4358792006969452,-0.002973644295707345,0.9999403357505798,0.5338191986083984,0.4616398811340332,-0.22494547069072723,0.9999555349349976,0.48137417435646057,0.4709891378879547,0.2284686267375946,0.9996058344841003,0.46826842427253723,0.5107831954956055,-0.29921722412109375,0.9742698669433594,0.42258742451667786,0.5186603665351868,0.0691283717751503,0.39874589443206787,0.4595416784286499,0.45808443427085876,-0.16672080755233765,0.9086048603057861,0.40346893668174744,0.47309479117393494,-0.28729546070098877,0.5487567186355591,0.4513866603374481,0.440525621175766,-0.17537331581115723,0.8794297575950623,0.40062007308006287,0.45933735370635986,-0.3286422789096832,0.5210067629814148,0.4665011167526245,0.4351460039615631,-0.16387271881103516,0.8747100830078125,0.4051004648208618,0.4570252001285553,-0.31637638807296753,0.5121892094612122,0.469497948884964,0.4420833885669708,-0.15351207554340363,0.8304009437561035,0.4112206697463989,0.46084392070770264,-0.29557305574417114,0.48301538825035095,0.5130593180656433,0.580807626247406,-0.16949816048145294,0.9999589323997498,0.4949565827846527,0.5814737677574158,0.16956189274787903,0.9998340606689453,0.4770321846008301,0.6733846068382263,-0.3155614733695984,0.9915446043014526,0.5435105562210083,0.6649114489555359,0.3277568817138672,0.6252923011779785,0.4810345768928528,0.7812378406524658,-0.39467161893844604,0.9963532090187073,0.6350785493850708,0.7354549765586853,0.4942086637020111,0.8579661250114441,0.5000404119491577,0.7980055809020996,-0.4062706232070923,0.9894305467605591,0.6568552255630493,0.7479699850082397,0.5093896389007568,0.8957822322845459,0.40308716893196106,0.7996352910995483,-0.5452904105186462,0.9934601783752441,0.6084826588630676,0.7739693522453308,0.4734207093715668,0.8736650347709656
IMG_9684 3,22,728,good,0.44720566272735596,0.4296172857284546,-0.06711690872907639,0.9999858736991882,0.45400914549827576,0.42191189527511597,-0.09585897624492645,0.9999890923500061,0.45662766695022583,0.4212157428264618,-0.09588910639286041,0.9999909400939941,0.4594670832157135,0.42049914598464966,-0.09595677256584167,0.9999902844429016,0.4515714943408966,0.4225233495235443,-0.044500306248664856,0.9999843239784241,0.45218178629875183,0.42235884070396423,-0.044534143060445786,0.9999794363975525,0.45272937417030334,0.4221608638763428,-0.04446499049663544,0.9999788999557495,0.48111528158187866,0.421533465385437,-0.14645817875862122,0.9999920725822449,0.46881669759750366,0.4232783019542694,0.08323327451944351,0.9999637603759766,0.45654168725013733,0.43557465076446533,-0.07918587327003479,0.9999699592590332,0.45378485321998596,0.4359084367752075,-0.013395597226917744,0.9999439716339111,0.5358101725578308,0.4616856276988983,-0.22862879931926727,0.9999580383300781,0.4840274453163147,0.4709954857826233,0.22475756704807281,0.9996268153190613,0.46826404333114624,0.5115727782249451,-0.29981860518455505,0.9746314883232117,0.42684850096702576,0.519016683101654,0.07214333117008209,0.3929995596408844,0.4626336097717285,0.4581868350505829,-0.16530302166938782,0.9090560078620911,0.405447393655777,0.4731099605560303,-0.2821578085422516,0.5464290976524353,0.4538462460041046,0.4404549300670624,-0.1746789813041687,0.8800458908081055,0.4029870927333832,0.45939546823501587,-0.3241861164569855,0.5207954049110413,0.4693773090839386,0.4352385699748993,-0.16408631205558777,0.8755554556846619,0.40765395760536194,0.4568268060684204,-0.3117297291755676,0.512956440448761,0.4723968207836151,0.44235163927078247,-0.15264762938022614,0.8313866853713989,0.4125608801841736,0.4608279764652252,-0.2905711233615875,0.4844765365123749,0.5155503153800964,0.5817772150039673,-0.16929422318935394,0.9999591112136841,0.4972231686115265,0.5823503732681274,0.16935408115386963,0.999836266040802,0.47709062695503235,0.6735734343528748,-0.31033867597579956,0.9918537139892578,0.5470280051231384,0.6650525331497192,0.32131677865982056,0.6347988843917847,0.4813242554664612,0.7814132571220398,-0.38097453117370605,0.9965377449989319,0.6383393406867981,0.7389915585517883,0.4744502305984497,0.8643480539321899,0.5007021427154541,0.7979710102081299,-0.391450971364975,0.9899898767471313,0.6594650745391846,0.7512785196304321,0.488186240196228,0.9019334316253662,0.40384742617607117,0.7995596528053284,-0.5257314443588257,0.9935306310653687,0.6096922159194946,0.776087760925293,0.44985514879226685,0.8769281506538391
IMG_9684 3,23,761,good,0.4502096176147461,0.4307257831096649,-0.07336311042308807,0.9999860525131226,0.45645493268966675,0.42300960421562195,-0.10524735599756241,0.9999893307685852,0.4589653015136719,0.42234066128730774,-0.10527797788381577,0.9999911785125732,0.461672842502594,0.4216596782207489,-0.10533604770898819,0.9999904632568359,0.4543096721172333,0.42348605394363403,-0.05278698354959488,0.9999842643737793,0.45503419637680054,0.42323213815689087,-0.052806343883275986,0.9999797344207764,0.4558016359806061,0.42294076085090637,-0.0527401901781559,0.9999790191650391,0.48339441418647766,0.42241883277893066,-0.1678832620382309,0.9999923706054688,0.4731729030609131,0.42379218339920044,0.06793328374624252,0.9999642372131348,0.4597718119621277,0.43681782484054565,-0.08951005339622498,0.9999713897705078,0.4573129415512085,0.43709442019462585,-0.022100714966654778,0.9999459981918335,0.5382384657859802,0.46169787645339966,-0.24512362480163574,0.9999600648880005,0.48930278420448303,0.4709995985031128,0.20437873899936676,0.9996435046195984,0.4687356650829315,0.5116133689880371,-0.30965137481689453,0.9745618104934692,0.43026497960090637,0.5194586515426636,0.05217001214623451,0.38696736097335815,0.47170254588127136,0.4581279754638672,-0.1735839694738388,0.9081586003303528,0.4097016751766205,0.4733428359031677,-0.30021995306015015,0.5463024973869324,0.46372097730636597,0.44013428688049316,-0.18262828886508942,0.8794093728065491,0.4070304334163666,0.4594183564186096,-0.33986327052116394,0.5223797559738159,0.4792502522468567,0.4351826012134552,-0.17401672899723053,0.875106930732727,0.411575585603714,0.45682185888290405,-0.3306769132614136,0.5154651403427124,0.48190608620643616,0.44225916266441345,-0.1619608998298645,0.8309692740440369,0.41816475987434387,0.46090418100357056,-0.3094174563884735,0.48755064606666565,0.5157843828201294,0.5843489170074463,-0.1694861799478531,0.9999593496322632,0.5003499984741211,0.5843973755836487,0.16951559484004974,0.9998373985290527,0.477474570274353,0.674799382686615,-0.30389130115509033,0.9921846985816956,0.5492393970489502,0.6651256084442139,0.32590028643608093,0.6425425410270691,0.48183581233024597,0.7815250158309937,-0.3756856322288513,0.9967057108879089,0.6404432058334351,0.7403932809829712,0.48415398597717285,0.8696414232254028,0.5012712478637695,0.7979435920715332,-0.38679248094558716,0.9903519153594971,0.661950409412384,0.7530560493469238,0.4985872507095337,0.9072715044021606,0.4053214192390442,0.7995316982269287,-0.5210325121879578,0.9935473799705505,0.609266459941864,0.7769841551780701,0.46556758880615234,0.8803294897079468
IMG_9684 3,24,794,good,0.4518698751926422,0.43128395080566406,-0.06795459985733032,0.9999858736991882,0.4583158493041992,0.4236378073692322,-0.09761091321706772,0.9999893307685852,0.46082794666290283,0.42296743392944336,-0.09764157980680466,0.9999912977218628,0.46353599429130554,0.422288179397583,-0.09770194441080093,0.9999904036521912,0.4559165835380554,0.42413395643234253,-0.04597647115588188,0.9999837875366211,0.45665764808654785,0.42387890815734863,-0.04600067064166069,0.9999794960021973,0.45740774273872375,0.42359206080436707,-0.045936282724142075,0.9999786019325256,0.48547402024269104,0.4228624999523163,-0.15902505815029144,0.9999924898147583,0.4759441912174225,0.4242750406265259,0.0761907547712326,0.9999638199806213,0.4618198275566101,0.4372631013393402,-0.0824081227183342,0.9999721646308899,0.45938798785209656,0.4377034604549408,-0.015689190477132797,0.9999463558197021,0.5424986481666565,0.46193602681159973,-0.24061095714569092,0.9999620318412781,0.4917563498020172,0.47127190232276917,0.20840293169021606,0.9996564984321594,0.4757360816001892,0.5116758942604065,-0.30286121368408203,0.9743757247924805,0.435381144285202,0.5201945900917053,0.05511538311839104,0.37779420614242554,0.472955584526062,0.45922383666038513,-0.17187148332595825,0.906426191329956,0.4131734073162079,0.47429338097572327,-0.29489946365356445,0.5395652055740356,0.4642640948295593,0.4413336217403412,-0.17673492431640625,0.8777548670768738,0.4110569953918457,0.46018925309181213,-0.3343659043312073,0.5183042883872986,0.4794981777667999,0.4365634620189667,-0.16891063749790192,0.8736332058906555,0.41505104303359985,0.45719119906425476,-0.3253699541091919,0.5123168230056763,0.48259425163269043,0.44359442591667175,-0.15993399918079376,0.8292494416236877,0.41971349716186523,0.4616493582725525,-0.3043118715286255,0.4852685332298279,0.516849160194397,0.5842272043228149,-0.16931693255901337,0.9999585747718811,0.5021026730537415,0.584592342376709,0.1693398803472519,0.9998347759246826,0.4777035713195801,0.6748074889183044,-0.2968306541442871,0.9924257397651672,0.5496954321861267,0.6652673482894897,0.319993793964386,0.649046778678894,0.4818567931652069,0.7815241813659668,-0.3627857565879822,0.9968483448028564,0.6394522190093994,0.7404773235321045,0.47443199157714844,0.8744074702262878,0.5011913776397705,0.7977043986320496,-0.37314996123313904,0.9907070398330688,0.6629387140274048,0.752940833568573,0.4885822534561157,0.911946713924408,0.40530312061309814,0.7995073795318604,-0.5048156976699829,0.9935703873634338,0.6124408841133118,0.7767627835273743,0.45522117614746094,0.883202075958252
IMG_9684 3,25,827,good,0.45457056164741516,0.4316803812980652,-0.06239816173911095,0.9999861121177673,0.460918128490448,0.424027681350708,-0.09614662081003189,0.9999895691871643,0.46325239539146423,0.4233744144439697,-0.09616140276193619,0.9999915361404419,0.4657999873161316,0.42270657420158386,-0.09619641304016113,0.9999905228614807,0.45868998765945435,0.4245205521583557,-0.04085955023765564,0.9999840259552002,0.4594881236553192,0.42427685856819153,-0.04088352248072624,0.9999799728393555,0.46027177572250366,0.4240033030509949,-0.040821246802806854,0.9999790787696838,0.48722922801971436,0.4233889579772949,-0.14855316281318665,0.9999926686286926,0.4786536991596222,0.4247090816497803,0.07653798907995224,0.9999648928642273,0.46432048082351685,0.4375015199184418,-0.08115839958190918,0.9999733567237854,0.4621415138244629,0.43806836009025574,-0.011201819404959679,0.999948263168335,0.5460425019264221,0.46196073293685913,-0.23061493039131165,0.9999639987945557,0.49341803789138794,0.47130095958709717,0.2127642035484314,0.9996768832206726,0.4809953570365906,0.5122513771057129,-0.29761967062950134,0.9742640256881714,0.4364680349826813,0.5209416151046753,0.05773862451314926,0.3798980414867401,0.4712585210800171,0.4618239402770996,-0.16651903092861176,0.9054358601570129,0.416376531124115,0.4780295491218567,-0.29201921820640564,0.5465620160102844,0.462260365486145,0.4446239173412323,-0.171519935131073,0.8768193125724792,0.4137990474700928,0.4639611840248108,-0.3288523256778717,0.5251504182815552,0.47726497054100037,0.44007548689842224,-0.161304771900177,0.8727319240570068,0.4179966151714325,0.46069398522377014,-0.32093897461891174,0.5195871591567993,0.48048388957977295,0.4469931721687317,-0.15330500900745392,0.8278471827507019,0.4217519164085388,0.46501389145851135,-0.30166807770729065,0.49276670813560486,0.5202808976173401,0.5840378403663635,-0.16971296072006226,0.9999589323997498,0.5034639835357666,0.5845144987106323,0.16973552107810974,0.9998361468315125,0.4777388274669647,0.674789547920227,-0.3017886281013489,0.9927621483802795,0.5492872595787048,0.6653357148170471,0.3229053020477295,0.6530911922454834,0.4819670617580414,0.7814252376556396,-0.37681853771209717,0.9969961643218994,0.639788031578064,0.7406567335128784,0.4846886396408081,0.8775631189346313,0.5008947849273682,0.7975127696990967,-0.3872971832752228,0.9911417961120605,0.6629307270050049,0.7529722452163696,0.49977293610572815,0.9158657789230347,0.4055996835231781,0.79944908618927,-0.5182563662528992,0.9936496615409851,0.6115572452545166,0.776931643486023,0.46602824330329895,0.8844690918922424
IMG_9684 3,26,860,good,0.45660966634750366,0.4331994652748108,-0.061289072036743164,0.9999855756759644,0.46261125802993774,0.42529502511024475,-0.09270208328962326,0.9999893307685852,0.46490341424942017,0.4245992600917816,-0.09272105991840363,0.9999914169311523,0.4674060642719269,0.42386671900749207,-0.09276549518108368,0.9999902844429016,0.4605284035205841,0.42572158575057983,-0.03908855468034744,0.9999831914901733,0.46141117811203003,0.42539680004119873,-0.039114389568567276,0.9999793767929077,0.4622657001018524,0.4250538945198059,-0.0390535444021225,0.9999783039093018,0.48894450068473816,0.42408961057662964,-0.15310609340667725,0.9999927282333374,0.48114991188049316,0.42539408802986145,0.0821460485458374,0.9999640583992004,0.4668540358543396,0.4390828311443329,-0.07770248502492905,0.999973475933075,0.4648251235485077,0.43969061970710754,-0.009082647040486336,0.9999478459358215,0.5479502081871033,0.46261143684387207,-0.2365928590297699,0.999965488910675,0.4989669919013977,0.47127389907836914,0.2165822982788086,0.9996873736381531,0.48019295930862427,0.5139390826225281,-0.277346134185791,0.9743905663490295,0.43787744641304016,0.5209309458732605,0.061144448816776276,0.37037256360054016,0.47044673562049866,0.4620647430419922,-0.08500327914953232,0.9047190546989441,0.41852548718452454,0.47785383462905884,-0.28418707847595215,0.536733090877533,0.4610266089439392,0.44439077377319336,-0.08721455931663513,0.8755106925964355,0.4162262976169586,0.4640999138355255,-0.3187408447265625,0.5176308751106262,0.47619161009788513,0.4397333562374115,-0.07659094780683517,0.8715336322784424,0.420698881149292,0.46082448959350586,-0.3129855692386627,0.5126469135284424,0.4797087013721466,0.44677233695983887,-0.07080220431089401,0.8264049887657166,0.42384040355682373,0.46481913328170776,-0.2949671447277069,0.4873749613761902,0.5213995575904846,0.5846811532974243,-0.1703798621892929,0.9999569058418274,0.5063861608505249,0.5844734907150269,0.1703920066356659,0.999832272529602,0.47810766100883484,0.6748362183570862,-0.2905426621437073,0.9929946064949036,0.5475932359695435,0.6655533313751221,0.31725379824638367,0.6582403779029846,0.48243820667266846,0.7811536192893982,-0.34838294982910156,0.9970960021018982,0.6406038403511047,0.7412229180335999,0.47248873114585876,0.8817282319068909,0.5006406307220459,0.7971193790435791,-0.3573548495769501,0.991460919380188,0.6630522608757019,0.7540081739425659,0.4869903028011322,0.9198212027549744,0.4058818221092224,0.7993302941322327,-0.48093679547309875,0.993579089641571,0.6093366742134094,0.7771852612495422,0.4552985727787018,0.8862249255180359
IMG_9684 3,27,893,good,0.4600446820259094,0.43318742513656616,-0.06036403030157089,0.9999856948852539,0.46626144647598267,0.42534780502319336,-0.09075210243463516,0.9999895691871643,0.46859169006347656,0.4246683716773987,-0.09077233076095581,0.9999916553497314,0.4711817502975464,0.42395883798599243,-0.0908215120434761,0.9999904632568359,0.46379515528678894,0.425796777009964,-0.037843942642211914,0.9999833703041077,0.46444401144981384,0.4254972040653229,-0.0378711074590683,0.9999797344207764,0.4650341272354126,0.4251810610294342,-0.037807997316122055,0.9999786019325256,0.4923448860645294,0.4244116246700287,-0.1489475518465042,0.9999929070472717,0.4824841022491455,0.4257258474826813,0.08428394794464111,0.9999648332595825,0.4701768457889557,0.43905913829803467,-0.07562951743602753,0.9999745488166809,0.4677230417728424,0.4396941661834717,-0.007779189385473728,0.9999492764472961,0.5513038039207458,0.46322113275527954,-0.23186373710632324,0.9999669194221497,0.4967118501663208,0.4720069169998169,0.21799567341804504,0.9997003078460693,0.48324117064476013,0.5150436162948608,-0.27861955761909485,0.9742899537086487,0.43755266070365906,0.521268367767334,0.06227968633174896,0.37622588872909546,0.46945664286613464,0.4647711515426636,-0.08752579241991043,0.9029862284660339,0.4193989038467407,0.47770074009895325,-0.2919737994670868,0.5420315265655518,0.4602651596069336,0.4466453790664673,-0.08876194059848785,0.8737825751304626,0.4169129729270935,0.46406421065330505,-0.3316512405872345,0.5222632884979248,0.47535768151283264,0.4420678913593292,-0.08410120755434036,0.8698238730430603,0.4211026430130005,0.4607786536216736,-0.3217269480228424,0.5176131725311279,0.47888001799583435,0.4490569829940796,-0.07398784160614014,0.824289858341217,0.42437222599983215,0.4646786153316498,-0.30114030838012695,0.4922349750995636,0.5238407850265503,0.5846185088157654,-0.17054054141044617,0.9999563097953796,0.5054731369018555,0.5845451354980469,0.17056293785572052,0.9998284578323364,0.4782954454421997,0.6748526692390442,-0.30476880073547363,0.993342936038971,0.5466784238815308,0.6662004590034485,0.3230789601802826,0.6673295497894287,0.4826839864253998,0.7810211777687073,-0.3744543790817261,0.9972531795501709,0.6399228572845459,0.741254985332489,0.49370434880256653,0.8850287199020386,0.5005087852478027,0.7961839437484741,-0.3852531313896179,0.9918408989906311,0.6645069122314453,0.7535674571990967,0.5099709630012512,0.923397958278656,0.4055304229259491,0.7991834282875061,-0.5213609933853149,0.9936982989311218,0.6113412380218506,0.7768300175666809,0.4745372533798218,0.8876720070838928
IMG_9684 3,28,927,good,0.4621460437774658,0.43353918194770813,-0.05588998273015022,0.9999859929084778,0.4687235653400421,0.4256536662578583,-0.08853162825107574,0.9999897480010986,0.4712129533290863,0.42495274543762207,-0.08853647112846375,0.9999918341636658,0.47386303544044495,0.424221932888031,-0.08857105672359467,0.9999906420707703,0.46652892231941223,0.42615407705307007,-0.03347927704453468,0.9999834895133972,0.46748536825180054,0.42585334181785583,-0.033495932817459106,0.999980092048645,0.4683917760848999,0.4255370497703552,-0.033422984182834625,0.9999788999557495,0.4965711236000061,0.42464765906333923,-0.14814047515392303,0.999993085861206,0.48581695556640625,0.42591744661331177,0.08456801623106003,0.9999653697013855,0.4726587235927582,0.43936845660209656,-0.0755314975976944,0.9999753832817078,0.4704025983810425,0.43996337056159973,-0.004747306928038597,0.9999505877494812,0.5537158250808716,0.46329793334007263,-0.2348775863647461,0.999967634677887,0.4992525577545166,0.4719727635383606,0.21945685148239136,0.9997107982635498,0.4823319613933563,0.5155355930328369,-0.2790338397026062,0.9746912121772766,0.438798725605011,0.5208337306976318,0.07349666953086853,0.37188225984573364,0.4580385982990265,0.4669894278049469,-0.10919234156608582,0.9031761288642883,0.4218518137931824,0.4772475063800812,-0.2668363153934479,0.5397121906280518,0.4528346359729767,0.4513893723487854,-0.11569575220346451,0.8738248348236084,0.4169254004955292,0.4630807340145111,-0.3045412003993988,0.5214479565620422,0.4660516679286957,0.44463080167770386,-0.10659937560558319,0.8700090050697327,0.42244336009025574,0.45994800329208374,-0.29888778924942017,0.5172743201255798,0.4697559177875519,0.4505090117454529,-0.09602956473827362,0.8249277472496033,0.42633578181266785,0.4644268751144409,-0.27746284008026123,0.49280208349227905,0.5240309834480286,0.5848895907402039,-0.17044048011302948,0.9999550580978394,0.5057437419891357,0.5845407843589783,0.1704665869474411,0.9998269081115723,0.47940322756767273,0.6747310161590576,-0.29088273644447327,0.9936221241950989,0.547191321849823,0.6664801239967346,0.3202196955680847,0.6781383156776428,0.48320916295051575,0.7806779146194458,-0.3490559458732605,0.9973646402359009,0.6392879486083984,0.7411813139915466,0.48911353945732117,0.8893970251083374,0.5002468228340149,0.7959879040718079,-0.35837846994400024,0.992195725440979,0.6641960144042969,0.7535186409950256,0.5050773024559021,0.9269607067108154,0.4037104547023773,0.798983097076416,-0.4848082363605499,0.9937155842781067,0.6105079054832458,0.776042640209198,0.473804235458374,0.8899708986282349
IMG_9684 3,29,960,good,0.4652843773365021,0.4335140883922577,-0.09856902807950974,0.9999863505363464,0.47162744402885437,0.4256311357021332,-0.1285727471113205,0.9999900460243225,0.47425729036331177,0.42493581771850586,-0.1286032646894455,0.9999921321868896,0.47699111700057983,0.42421483993530273,-0.12865686416625977,0.9999909400939941,0.4691636562347412,0.4261358678340912,-0.07599793374538422,0.9999837875366211,0.46988314390182495,0.42584511637687683,-0.07602053135633469,0.9999805092811584,0.4706230163574219,0.4255419075489044,-0.07594653964042664,0.9999790787696838,0.4994211792945862,0.42479994893074036,-0.17413967847824097,0.9999933838844299,0.48729509115219116,0.4260294735431671,0.059307705610990524,0.9999662637710571,0.47507014870643616,0.43931448459625244,-0.10846267640590668,0.9999768137931824,0.47254008054733276,0.439951628446579,-0.04090556874871254,0.9999527931213379,0.555831789970398,0.46331948041915894,-0.24097439646720886,0.9999687075614929,0.4982004761695862,0.4715985059738159,0.20427410304546356,0.9997177124023438,0.48435357213020325,0.51261967420578,-0.31106746196746826,0.9749189615249634,0.4380171597003937,0.5195890665054321,0.050879139453172684,0.3756867051124573,0.4725021719932556,0.46225619316101074,-0.19358152151107788,0.90500408411026,0.4216781258583069,0.47556811571121216,-0.30865758657455444,0.5451006293296814,0.47257673740386963,0.44238951802253723,-0.20473183691501617,0.8767675757408142,0.4179059863090515,0.4615274965763092,-0.34918808937072754,0.526725172996521,0.48703014850616455,0.4376339614391327,-0.19529585540294647,0.8731353878974915,0.4227704703807831,0.4588125944137573,-0.33841583132743835,0.5230565667152405,0.4890441298484802,0.4449326694011688,-0.1816442608833313,0.8286653757095337,0.42762303352355957,0.46368834376335144,-0.3170284628868103,0.4979766011238098,0.5250741243362427,0.5848588347434998,-0.16942159831523895,0.999955952167511,0.50475013256073,0.5844753980636597,0.1694788634777069,0.9998266696929932,0.47979843616485596,0.674488365650177,-0.33525076508522034,0.9940013885498047,0.5466702580451965,0.6672021746635437,0.3426322042942047,0.691654622554779,0.4830912947654724,0.7805624604225159,-0.44256657361984253,0.9975370764732361,0.6392154693603516,0.7411808371543884,0.5403504967689514,0.8939710855484009,0.4991110861301422,0.7959482073783875,-0.45743605494499207,0.9926748275756836,0.6668056845664978,0.7529491782188416,0.5590408444404602,0.9313523769378662,0.4017718434333801,0.7989705801010132,-0.6089673638343811,0.993861198425293,0.6107781529426575,0.7762656211853027,0.5201766490936279,0.8917868733406067
IMG_9684 3,30,993,good,0.466135174036026,0.4334387481212616,-0.09930488467216492,0.9999870657920837,0.47316494584083557,0.42553606629371643,-0.12772928178310394,0.9999905228614807,0.475876122713089,0.42485660314559937,-0.1277652531862259,0.9999925494194031,0.47876620292663574,0.4241454303264618,-0.1278133988380432,0.9999913573265076,0.47028425335884094,0.42602646350860596,-0.07562942802906036,0.999984622001648,0.47084516286849976,0.42575135827064514,-0.0756751224398613,0.9999815821647644,0.471358984708786,0.42546164989471436,-0.07560664415359497,0.9999801516532898,0.5010729432106018,0.4248141646385193,-0.17110975086688995,0.9999937415122986,0.4880898892879486,0.4260390102863312,0.06250539422035217,0.9999681711196899,0.47575509548187256,0.4392402768135071,-0.10817533731460571,0.9999783635139465,0.4729178845882416,0.4399224519729614,-0.04114590212702751,0.9999558925628662,0.5560174584388733,0.46359050273895264,-0.24049273133277893,0.9999695420265198,0.497256875038147,0.4716467261314392,0.20779940485954285,0.9997366070747375,0.4958033263683319,0.5147793292999268,-0.31158551573753357,0.9754164218902588,0.43415525555610657,0.518833577632904,0.046390142291784286,0.4032362699508667,0.472019761800766,0.46247825026512146,-0.18714314699172974,0.9077840447425842,0.4187786281108856,0.4719192683696747,-0.3331195116043091,0.5763354897499084,0.46976619958877563,0.4420527517795563,-0.19642066955566406,0.8800927400588989,0.41475796699523926,0.4593561589717865,-0.3758164942264557,0.5573222637176514,0.4841293394565582,0.43750542402267456,-0.1850745975971222,0.8764923810958862,0.42107585072517395,0.4570818841457367,-0.36373060941696167,0.5538828372955322,0.4866054952144623,0.44482946395874023,-0.1738104522228241,0.8326958417892456,0.42439889907836914,0.460813045501709,-0.34115999937057495,0.5285789370536804,0.5252096056938171,0.5849916934967041,-0.16915945708751678,0.9999561309814453,0.5040926933288574,0.5846823453903198,0.1691974550485611,0.999830961227417,0.47979384660720825,0.6744453310966492,-0.3312627673149109,0.9942200183868408,0.5462563037872314,0.6679616570472717,0.3375259339809418,0.7041507363319397,0.48309269547462463,0.7805947661399841,-0.4332616627216339,0.9976495504379272,0.6386799216270447,0.7414406538009644,0.536946713924408,0.8982253670692444,0.4991177022457123,0.7962113618850708,-0.4479803740978241,0.9930785894393921,0.6659749150276184,0.7532393336296082,0.553398847579956,0.9350001811981201,0.4024811387062073,0.7987881302833557,-0.6011156439781189,0.9939605593681335,0.6111071109771729,0.7773919105529785,0.5196514129638672,0.8943163752555847
IMG_9684 3,31,1026,good,0.46838030219078064,0.4313041567802429,-0.12102077901363373,0.9999877214431763,0.47627297043800354,0.4238344430923462,-0.1463213860988617,0.9999909996986389,0.4791949689388275,0.4234505295753479,-0.1463683694601059,0.9999929666519165,0.48224520683288574,0.42304760217666626,-0.1464124172925949,0.999991774559021,0.4727141559123993,0.4239140450954437,-0.09560788422822952,0.99998539686203,0.47288748621940613,0.4236373007297516,-0.09566964209079742,0.9999825358390808,0.47301027178764343,0.4233707785606384,-0.09560345858335495,0.9999811053276062,0.5037350654602051,0.42475056648254395,-0.17752166092395782,0.9999940991401672,0.4886585474014282,0.42544466257095337,0.05093670263886452,0.9999697208404541,0.47706514596939087,0.437881201505661,-0.12567394971847534,0.9999797940254211,0.47346237301826477,0.4383130669593811,-0.060373008251190186,0.9999586343765259,0.5560094118118286,0.4636678397655487,-0.24622607231140137,0.9999698996543884,0.4948101043701172,0.47137635946273804,0.2072969377040863,0.9997492432594299,0.4939000904560089,0.511681854724884,-0.32561051845550537,0.9763081073760986,0.4321964681148529,0.5175276398658752,0.041717689484357834,0.43039748072624207,0.47129273414611816,0.4612472355365753,-0.218107670545578,0.9122525453567505,0.41671252250671387,0.4668838679790497,-0.35539907217025757,0.6062681674957275,0.4680008888244629,0.4416537880897522,-0.23022522032260895,0.8854984045028687,0.4134284555912018,0.45600536465644836,-0.4012090563774109,0.5867900848388672,0.48245590925216675,0.43707194924354553,-0.2188207507133484,0.8820213675498962,0.41859909892082214,0.45338574051856995,-0.38985034823417664,0.5835886001586914,0.48508527874946594,0.4443509876728058,-0.20483720302581787,0.8395196795463562,0.4212542474269867,0.4567023813724518,-0.36413389444351196,0.5580281615257263,0.5252684354782104,0.5855646729469299,-0.1691439300775528,0.9999562501907349,0.5037963390350342,0.5849812030792236,0.16917230188846588,0.9998337626457214,0.47979092597961426,0.6744694113731384,-0.33183741569519043,0.9943328499794006,0.5459731221199036,0.6686355471611023,0.3341403603553772,0.7132211327552795,0.4830612242221832,0.7807502746582031,-0.4232344627380371,0.9977324604988098,0.6382464170455933,0.7414403557777405,0.5235242247581482,0.90021812915802,0.4991089999675751,0.7961720824241638,-0.4370432198047638,0.9933465719223022,0.6634519100189209,0.7528284788131714,0.5393197536468506,0.9375262260437012,0.40342357754707336,0.7987858653068542,-0.5811141729354858,0.9940115809440613,0.6120460629463196,0.7776383757591248,0.5167665481567383,0.8951478004455566
IMG_9684 3,32,1059,good,0.46893808245658875,0.4312727153301239,-0.1614442765712738,0.9999881386756897,0.47689977288246155,0.4238350987434387,-0.18545928597450256,0.9999911785125732,0.4798763692378998,0.4234541952610016,-0.18551279604434967,0.9999931454658508,0.48294633626937866,0.4230497181415558,-0.1855563223361969,0.9999918937683105,0.47351518273353577,0.42391449213027954,-0.13759838044643402,0.9999856352806091,0.47385531663894653,0.42364007234573364,-0.13765791058540344,0.9999827742576599,0.4741525650024414,0.423377126455307,-0.13760662078857422,0.999981164932251,0.5050609111785889,0.425052285194397,-0.20683269202709198,0.9999942183494568,0.48995184898376465,0.4254559278488159,0.009465152397751808,0.9999700784683228,0.47746825218200684,0.4378764033317566,-0.16230998933315277,0.9999809265136719,0.4739491045475006,0.43829211592674255,-0.100483737885952,0.9999605417251587,0.5576964616775513,0.4641018211841583,-0.258882075548172,0.9999693632125854,0.4932926893234253,0.4717191159725189,0.16207699477672577,0.9997563362121582,0.4952969551086426,0.5086271166801453,-0.3800773620605469,0.9765318632125854,0.42852598428726196,0.5138716697692871,0.014823217876255512,0.4564449191093445,0.48659181594848633,0.454083651304245,-0.34824153780937195,0.9157270193099976,0.4161357283592224,0.4629700481891632,-0.35394710302352905,0.6322249174118042,0.4811033010482788,0.4348033368587494,-0.36947476863861084,0.8901157975196838,0.41112279891967773,0.4521441161632538,-0.3964371681213379,0.611492931842804,0.4946698248386383,0.4306260645389557,-0.35646772384643555,0.8866807818412781,0.41641080379486084,0.4495503604412079,-0.38641753792762756,0.6083294749259949,0.496066689491272,0.4381565451622009,-0.33721402287483215,0.8448511362075806,0.4200710654258728,0.4537227749824524,-0.36215683817863464,0.582304835319519,0.5267156362533569,0.5862832069396973,-0.1663869023323059,0.9999568462371826,0.5037228465080261,0.5853322744369507,0.1664239764213562,0.999835193157196,0.4797750413417816,0.6744515895843506,-0.3565279543399811,0.9944753646850586,0.5457351803779602,0.6695748567581177,0.3404419422149658,0.7228689789772034,0.4829648733139038,0.7804573178291321,-0.4620170295238495,0.9978431463241577,0.6379429697990417,0.7416403293609619,0.5376341938972473,0.9026267528533936,0.4989945590496063,0.7959170937538147,-0.4768899977207184,0.9935876727104187,0.6624316573143005,0.7527846693992615,0.5550981760025024,0.9403704404830933,0.40322890877723694,0.7988570928573608,-0.6360544562339783,0.9940549731254578,0.6123600602149963,0.7779293060302734,0.5074707269668579,0.895942747592926
IMG_9684 3,33,1092,good,0.4703286588191986,0.4314737617969513,-0.10037427395582199,0.999987781047821,0.4778103828430176,0.423941433429718,-0.12420264631509781,0.9999909400939941,0.4805869162082672,0.4235340654850006,-0.12422304600477219,0.9999929070472717,0.48369768261909485,0.4231072664260864,-0.12421576678752899,0.9999915361404419,0.47470206022262573,0.42403361201286316,-0.07335999608039856,0.9999850988388062,0.4750996232032776,0.4237395226955414,-0.07343167066574097,0.9999821186065674,0.4754790663719177,0.42345306277275085,-0.07336730509996414,0.9999806880950928,0.5064575672149658,0.42509925365448,-0.1630275398492813,0.9999939203262329,0.4905795156955719,0.4254603683948517,0.06590379029512405,0.999968945980072,0.47870540618896484,0.43792468309402466,-0.10889741033315659,0.9999808669090271,0.47497621178627014,0.4383220374584198,-0.043070536106824875,0.9999603033065796,0.5579907894134521,0.46462908387184143,-0.24558396637439728,0.9999686479568481,0.49291959404945374,0.4714992046356201,0.20640519261360168,0.9997638463973999,0.48761239647865295,0.5072858929634094,-0.3520509600639343,0.9772206544876099,0.42626455426216125,0.5076343417167664,0.06241963058710098,0.4753085672855377,0.46346965432167053,0.4547366201877594,-0.26206666231155396,0.9197899699211121,0.40535473823547363,0.4606587588787079,-0.31812602281570435,0.6564178466796875,0.45932596921920776,0.435489684343338,-0.2782377600669861,0.8953098654747009,0.3955071270465851,0.45153194665908813,-0.3681236207485199,0.6356451511383057,0.47217443585395813,0.4310303032398224,-0.26576727628707886,0.8919748663902283,0.39867886900901794,0.44811388850212097,-0.362255722284317,0.6327476501464844,0.47536563873291016,0.4382174611091614,-0.24995513260364532,0.851591944694519,0.40289396047592163,0.4517636299133301,-0.32933270931243896,0.6067947745323181,0.5267237424850464,0.5857482552528381,-0.16715316474437714,0.9999555349349976,0.5013997554779053,0.584173321723938,0.16718122363090515,0.999833345413208,0.48030486702919006,0.6744073629379272,-0.34948137402534485,0.9943386912345886,0.5448976755142212,0.669427752494812,0.3220767080783844,0.7190795540809631,0.4829992353916168,0.7804372310638428,-0.43369948863983154,0.9978739619255066,0.637894332408905,0.7406888604164124,0.5095171928405762,0.9007428288459778,0.4989968240261078,0.7952849864959717,-0.4438876211643219,0.993629515171051,0.6622492074966431,0.7506071925163269,0.5262045860290527,0.9411107301712036,0.40318626165390015,0.7992427945137024,-0.5967690348625183,0.9940406084060669,0.6149014234542847,0.777132511138916,0.4764644503593445,0.8946452736854553
IMG_9684 3,34,1125,good,0.4698050320148468,0.4314863681793213,-0.08982209861278534,0.9999868869781494,0.47777697443962097,0.42388302087783813,-0.11569506675004959,0.9999902844429016,0.4805488884449005,0.42341700196266174,-0.11573027074337006,0.999992311000824,0.4836605489253998,0.42291057109832764,-0.11572394520044327,0.9999907612800598,0.4747840166091919,0.42403605580329895,-0.06366322189569473,0.9999837279319763,0.47538134455680847,0.42374086380004883,-0.06372924894094467,0.9999803900718689,0.4759494960308075,0.42344847321510315,-0.06370940804481506,0.9999790787696838,0.5065613985061646,0.42471373081207275,-0.16190902888774872,0.9999932050704956,0.49165117740631104,0.4252190887928009,0.07109210640192032,0.9999666213989258,0.4783971607685089,0.4378884434700012,-0.10183123499155045,0.9999802708625793,0.47472861409187317,0.4382655918598175,-0.03424982354044914,0.9999585151672363,0.5592882633209229,0.46449318528175354,-0.2441597282886505,0.9999662041664124,0.49346432089805603,0.47042450308799744,0.20708899199962616,0.9997669458389282,0.4874992072582245,0.5062525272369385,-0.38773155212402344,0.9770935773849487,0.4256381392478943,0.5006779432296753,0.09438752382993698,0.4834631383419037,0.4664008617401123,0.4528926908969879,-0.3916088342666626,0.9223530888557434,0.3857147991657257,0.45905426144599915,-0.23981495201587677,0.6743265390396118,0.4602966010570526,0.43501579761505127,-0.424833208322525,0.8991295695304871,0.3703797161579132,0.450145959854126,-0.2818811535835266,0.6539466977119446,0.4728844463825226,0.4303756654262543,-0.41285404562950134,0.8958304524421692,0.3722739517688751,0.4460204243659973,-0.2880442440509796,0.6518487334251404,0.47568240761756897,0.4371696710586548,-0.383605420589447,0.856330156326294,0.3783356547355652,0.4495309591293335,-0.2558384835720062,0.6269134879112244,0.5268809795379639,0.5830079913139343,-0.1672752946615219,0.9999525547027588,0.500995397567749,0.5822651982307434,0.16729535162448883,0.9998272657394409,0.4807984530925751,0.6740240454673767,-0.3309529721736908,0.9939637184143066,0.5437979698181152,0.6694638729095459,0.31376928091049194,0.7129824757575989,0.48186203837394714,0.7800178527832031,-0.40751779079437256,0.9978312849998474,0.6376844048500061,0.7412154078483582,0.47131451964378357,0.8981416821479797,0.49604058265686035,0.7950324416160583,-0.4179714024066925,0.993721067905426,0.6620372533798218,0.7514597773551941,0.4845956861972809,0.9410911202430725,0.40054649114608765,0.799246072769165,-0.5692129731178284,0.9938580393791199,0.614395022392273,0.7768770456314087,0.4313907027244568,0.8918241858482361
IMG_9684 3,35,1158,good,0.4693759083747864,0.42954760789871216,-0.09078579396009445,0.9999823570251465,0.47769108414649963,0.42240825295448303,-0.11613328009843826,0.9999868869781494,0.48062777519226074,0.4219715893268585,-0.11618036776781082,0.999988853931427,0.4838685095310211,0.4214780032634735,-0.11618064343929291,0.9999872446060181,0.4745714068412781,0.4226038157939911,-0.06530538201332092,0.9999778270721436,0.47514981031417847,0.4223533272743225,-0.06536520272493362,0.999971866607666,0.4756934940814972,0.42208555340766907,-0.06537723541259766,0.9999716281890869,0.5070337653160095,0.4239024519920349,-0.16172905266284943,0.9999892711639404,0.49198585748672485,0.42437073588371277,0.06584499776363373,0.9999574422836304,0.47804826498031616,0.4357939660549164,-0.10204009711742401,0.9999752044677734,0.47439083456993103,0.43597790598869324,-0.03619075566530228,0.9999493956565857,0.5603240132331848,0.4644746482372284,-0.24878373742103577,0.9999595880508423,0.48619741201400757,0.468467652797699,0.20213298499584198,0.9997646808624268,0.4873157739639282,0.501084566116333,-0.4383997619152069,0.9767234325408936,0.41930466890335083,0.49191349744796753,0.15571321547031403,0.49458009004592896,0.4567781090736389,0.4514749050140381,-0.5197088122367859,0.925064206123352,0.355276882648468,0.4567106068134308,-0.1001070961356163,0.6909752488136292,0.4460964500904083,0.43525561690330505,-0.5694535970687866,0.9031996130943298,0.335593581199646,0.4488288462162018,-0.13413117825984955,0.6710898876190186,0.45863035321235657,0.4300288259983063,-0.5571442246437073,0.8999807238578796,0.33724644780158997,0.44454386830329895,-0.15567469596862793,0.6703476309776306,0.46202874183654785,0.4360935688018799,-0.5153082013130188,0.8612015247344971,0.3440823256969452,0.4474095106124878,-0.12113237380981445,0.6472066044807434,0.5267831087112427,0.581895112991333,-0.1662711352109909,0.9999454617500305,0.4997829794883728,0.5812367796897888,0.16625840961933136,0.9998060464859009,0.48087215423583984,0.6737225651741028,-0.31545358896255493,0.9914610981941223,0.5434668660163879,0.6695319414138794,0.28718796372413635,0.6831852793693542,0.4812895655632019,0.7800152897834778,-0.38254642486572266,0.9974808096885681,0.6375428438186646,0.7412543296813965,0.4172786772251129,0.8830181956291199,0.4965288043022156,0.7951668500900269,-0.39272281527519226,0.9935404062271118,0.6618850827217102,0.7526711225509644,0.4271094501018524,0.9337446093559265,0.40383124351501465,0.7990614175796509,-0.537628710269928,0.99363112449646,0.6140668988227844,0.7768863439559937,0.3715674877166748,0.8835968375205994
IMG_9684 3,36,1191,good,0.4690844714641571,0.42866235971450806,-0.0653768926858902,0.9999822378158569,0.4774724841117859,0.42173701524734497,-0.08898767828941345,0.9999868869781494,0.4805067181587219,0.421328604221344,-0.08903901278972626,0.9999886155128479,0.48378342390060425,0.42085012793540955,-0.08902283012866974,0.9999871850013733,0.4742414653301239,0.4219951629638672,-0.04251374304294586,0.9999773502349854,0.47480061650276184,0.4218119978904724,-0.04257624223828316,0.9999704957008362,0.4753258526325226,0.4216044843196869,-0.04262333735823631,0.9999707341194153,0.5067841410636902,0.42358875274658203,-0.1318061202764511,0.9999885559082031,0.49159353971481323,0.4240466356277466,0.07607600837945938,0.9999586343765259,0.47783830761909485,0.4347440302371979,-0.07621970027685165,0.9999752640724182,0.47414630651474,0.4350951910018921,-0.016004495322704315,0.9999504089355469,0.5614795684814453,0.4649451673030853,-0.2181244194507599,0.9999575018882751,0.4775882363319397,0.46758943796157837,0.20311927795410156,0.9997693300247192,0.4968905448913574,0.4917544722557068,-0.46216750144958496,0.976205587387085,0.40627309679985046,0.4801676273345947,0.29877424240112305,0.5228133797645569,0.48312410712242126,0.43898361921310425,-0.6559765934944153,0.9302191138267517,0.3251229524612427,0.45070403814315796,0.23065043985843658,0.7133488655090332,0.4798923134803772,0.42396822571754456,-0.7183658480644226,0.9102278351783752,0.2995588779449463,0.4467255473136902,0.22519513964653015,0.6929264664649963,0.49658361077308655,0.4187129735946655,-0.7066938281059265,0.9071694612503052,0.2984986901283264,0.4435073733329773,0.18726389110088348,0.6936307549476624,0.49718374013900757,0.42251092195510864,-0.6565979719161987,0.8706009387969971,0.30847039818763733,0.4454566538333893,0.20798061788082123,0.6734341979026794,0.5267603397369385,0.5817972421646118,-0.1593775898218155,0.9999461770057678,0.49628007411956787,0.5809998512268066,0.1593652218580246,0.9997990131378174,0.481040894985199,0.6735292673110962,-0.31954172253608704,0.987394392490387,0.5403656959533691,0.6695501208305359,0.27036210894584656,0.6480827927589417,0.4811304211616516,0.7802910804748535,-0.39550626277923584,0.997008740901947,0.6368386745452881,0.741095244884491,0.4013167917728424,0.8575787544250488,0.4971696138381958,0.7958431243896484,-0.4065079391002655,0.9928210377693176,0.660229504108429,0.7527570128440857,0.4111217260360718,0.9194362759590149,0.4111637473106384,0.7985100150108337,-0.554455041885376,0.993442177772522,0.6139014959335327,0.7768239378929138,0.35216763615608215,0.8717256188392639
IMG_9684 3,37,1225,good,0.46918317675590515,0.4282177686691284,-0.030894264578819275,0.99997878074646,0.47798794507980347,0.42097124457359314,-0.05392737314105034,0.9999841451644897,0.48098868131637573,0.42046165466308594,-0.05395849049091339,0.99998539686203,0.4842570424079895,0.4198717772960663,-0.053935691714286804,0.9999840259552002,0.4746984839439392,0.4212721884250641,-0.007622521836310625,0.9999719858169556,0.4753258526325226,0.42104026675224304,-0.007694227620959282,0.9999621510505676,0.4759310781955719,0.4207545518875122,-0.007756355218589306,0.9999646544456482,0.5072400569915771,0.42289257049560547,-0.09655530750751495,0.9999839067459106,0.49217936396598816,0.42307278513908386,0.11037711799144745,0.9999545216560364,0.47807228565216064,0.434367835521698,-0.041961658746004105,0.9999715685844421,0.47429633140563965,0.43465742468833923,0.018032362684607506,0.9999463558197021,0.5621289014816284,0.4649728238582611,-0.18491606414318085,0.9999492764472961,0.4716041088104248,0.46531230211257935,0.2260264903306961,0.9997730255126953,0.5018653273582458,0.4900211989879608,-0.43596065044403076,0.9734191298484802,0.3980567753314972,0.47418212890625,0.30042144656181335,0.5504416227340698,0.48225465416908264,0.4422945976257324,-0.6225333213806152,0.9317806363105774,0.3032132089138031,0.447919100522995,0.1930769979953766,0.733096182346344,0.47846561670303345,0.42686131596565247,-0.6868937611579895,0.913483738899231,0.2745365798473358,0.445222944021225,0.17890378832817078,0.7115861177444458,0.491945743560791,0.4216650128364563,-0.674956738948822,0.9103671312332153,0.2730151116847992,0.44277799129486084,0.13988818228244781,0.7137541174888611,0.4932892918586731,0.4265379309654236,-0.6235149502754211,0.8744089603424072,0.28213146328926086,0.444473534822464,0.16844531893730164,0.6963708996772766,0.5268251299858093,0.5800189971923828,-0.15572074055671692,0.9999458193778992,0.4911770224571228,0.5782948732376099,0.1557280272245407,0.9997929930686951,0.48192137479782104,0.6728306412696838,-0.3462996184825897,0.9860228896141052,0.5386914610862732,0.6694846749305725,0.27242276072502136,0.6257015466690063,0.4812089800834656,0.7793101668357849,-0.4375593960285187,0.9969487190246582,0.636201024055481,0.7409392595291138,0.4234422445297241,0.8466571569442749,0.497178316116333,0.7950713634490967,-0.4506168067455292,0.9925558567047119,0.6601002812385559,0.7523309588432312,0.43481770157814026,0.9125729203224182,0.4149593114852905,0.7983837127685547,-0.6126167178153992,0.9936566948890686,0.6137794256210327,0.7756982445716858,0.3715437948703766,0.86930251121521
IMG_9684 3,38,1258,good,0.46926409006118774,0.42770087718963623,-0.026608020067214966,0.9999791383743286,0.47834518551826477,0.4203597903251648,-0.04627483710646629,0.9999842047691345,0.4814724326133728,0.4198330044746399,-0.04629538953304291,0.9999852180480957,0.48486950993537903,0.4192383289337158,-0.046270567923784256,0.9999838471412659,0.4747093617916107,0.4207670986652374,-0.0013348885113373399,0.9999721646308899,0.4752541482448578,0.4205781817436218,-0.0014139924896880984,0.9999619126319885,0.47578945755958557,0.420360803604126,-0.0014553653309121728,0.9999649524688721,0.5076286792755127,0.4222099483013153,-0.07103125005960464,0.9999832510948181,0.492023766040802,0.4226437211036682,0.12832047045230865,0.9999557733535767,0.4786139130592346,0.43419942259788513,-0.03146829456090927,0.9999716281890869,0.47436127066612244,0.43434083461761475,0.026369839906692505,0.999948263168335,0.5620113015174866,0.4650140404701233,-0.16030091047286987,0.999945878982544,0.4657624065876007,0.4643363058567047,0.24320277571678162,0.9997851252555847,0.5007344484329224,0.49063363671302795,-0.41433241963386536,0.9723201394081116,0.3732524812221527,0.4647378623485565,0.26010674238204956,0.5826557278633118,0.47180524468421936,0.444311261177063,-0.5375746488571167,0.931817889213562,0.2735864222049713,0.44366541504859924,0.08334945887327194,0.7519634366035461,0.4658147990703583,0.4278941750526428,-0.5994065999984741,0.9137308597564697,0.2508024573326111,0.44432348012924194,0.0582093670964241,0.7288753390312195,0.4761178493499756,0.42313089966773987,-0.5872333645820618,0.9104042053222656,0.24985750019550323,0.44288718700408936,0.02125437930226326,0.7322840690612793,0.47614938020706177,0.42696189880371094,-0.537177562713623,0.874119222164154,0.2575553357601166,0.44384151697158813,0.057750750333070755,0.7176924347877502,0.5268268585205078,0.5783711075782776,-0.151987224817276,0.999947190284729,0.48822322487831116,0.5772678852081299,0.15198072791099548,0.999798595905304,0.48246827721595764,0.6724108457565308,-0.36644405126571655,0.9857620000839233,0.5382543206214905,0.6696062088012695,0.2643239498138428,0.6129338145256042,0.4807237386703491,0.7794579863548279,-0.4768289029598236,0.9969941973686218,0.6361483335494995,0.7411454319953918,0.4168960154056549,0.8433381915092468,0.49700069427490234,0.7951687574386597,-0.49134302139282227,0.9927936792373657,0.6600977778434753,0.7530510425567627,0.4285340905189514,0.9103676080703735,0.4151530861854553,0.7983438372612,-0.6563777327537537,0.9939308166503906,0.6131994128227234,0.7757370471954346,0.35937559604644775,0.869437575340271
IMG_9684 3,39,1291,good,0.4692426025867462,0.426665723323822,-0.02539181150496006,0.9999746680259705,0.47872382402420044,0.41927772760391235,-0.04429331049323082,0.9999797344207764,0.4819621443748474,0.4187612533569336,-0.044323138892650604,0.9999805688858032,0.48549482226371765,0.4181842803955078,-0.04431608319282532,0.9999786019325256,0.47481322288513184,0.41971346735954285,0.0008346220129169524,0.999963641166687,0.4752819538116455,0.41952553391456604,0.0007540420047007501,0.9999487996101379,0.4757559299468994,0.41932547092437744,0.0006873270031064749,0.999954104423523,0.5080570578575134,0.42152324318885803,-0.06670182198286057,0.9999763369560242,0.49189430475234985,0.42186808586120605,0.1334296464920044,0.9999475479125977,0.47869399189949036,0.43351033329963684,-0.029189659282565117,0.9999651908874512,0.4742717742919922,0.4335845112800598,0.028715254738926888,0.999941885471344,0.5621087551116943,0.46527987718582153,-0.1522599458694458,0.9999402761459351,0.460815966129303,0.4625151455402374,0.24830952286720276,0.9997918605804443,0.49978259205818176,0.49227869510650635,-0.403495728969574,0.9712337851524353,0.3609425723552704,0.45762673020362854,0.26893115043640137,0.611482560634613,0.47254616022109985,0.44501161575317383,-0.5446144938468933,0.9337792992591858,0.26618221402168274,0.4412277638912201,0.10914602130651474,0.7688886523246765,0.46734827756881714,0.42917600274086,-0.6107780933380127,0.9163335561752319,0.24458375573158264,0.4427109956741333,0.08602621406316757,0.744171679019928,0.47773149609565735,0.42432454228401184,-0.5976552367210388,0.9129051566123962,0.2431999146938324,0.4419584274291992,0.0467427596449852,0.7487257719039917,0.4767116904258728,0.4287751615047455,-0.5451228022575378,0.876910924911499,0.25054284930229187,0.44257813692092896,0.08293075114488602,0.7367863059043884,0.5268745422363281,0.5769756436347961,-0.14781202375888824,0.9999479651451111,0.48256349563598633,0.5749757289886475,0.14782781898975372,0.9998006820678711,0.4825180172920227,0.6709386706352234,-0.3851701617240906,0.9856734871864319,0.536720335483551,0.6694896221160889,0.24779166281223297,0.5984272956848145,0.4805572032928467,0.7792049646377563,-0.4972093999385834,0.997018575668335,0.6357412934303284,0.7411946058273315,0.41437068581581116,0.8387194871902466,0.49698078632354736,0.7949745059013367,-0.5112634301185608,0.9928758144378662,0.6600705981254578,0.7532344460487366,0.4269757866859436,0.9073531031608582,0.4146784245967865,0.7983510494232178,-0.6748128533363342,0.9941145777702332,0.6131887435913086,0.7759321331977844,0.3529224097728729,0.8676762580871582
IMG_9684 3,40,1324,good,0.4691535532474518,0.4271211624145508,0.06762542575597763,0.9999762773513794,0.47867274284362793,0.4195954501628876,0.05084547400474548,0.9999808073043823,0.4819072484970093,0.41923534870147705,0.05083414912223816,0.9999817609786987,0.4854142367839813,0.4188006818294525,0.05078478902578354,0.9999797940254211,0.474831759929657,0.4197920858860016,0.09703844785690308,0.9999656081199646,0.4753343462944031,0.41964560747146606,0.09700476378202438,0.9999517202377319,0.47585776448249817,0.4194539785385132,0.09695769846439362,0.9999563694000244,0.5082123279571533,0.42198777198791504,0.026509488001465797,0.9999780058860779,0.49186789989471436,0.4219307601451874,0.23016655445098877,0.9999504685401917,0.4786101281642914,0.4349241852760315,0.06181623041629791,0.9999672770500183,0.47421666979789734,0.4342614710330963,0.12008600682020187,0.999945342540741,0.5629234313964844,0.46709316968917847,-0.07689422369003296,0.9999423027038574,0.4611617624759674,0.46202802658081055,0.33781859278678894,0.9997857213020325,0.501340925693512,0.4959958791732788,-0.22997651994228363,0.9707480072975159,0.36277055740356445,0.46350064873695374,0.24177613854408264,0.6226575374603271,0.47286516427993774,0.44569870829582214,-0.22701621055603027,0.9307302236557007,0.28186389803886414,0.44253918528556824,0.004537219647318125,0.7688595056533813,0.4672720432281494,0.43250423669815063,-0.2643880546092987,0.9113575220108032,0.25805529952049255,0.4413219392299652,-0.045628052204847336,0.7442158460617065,0.47823357582092285,0.4249737560749054,-0.2520734667778015,0.9068695902824402,0.26466676592826843,0.44132691621780396,-0.04520284757018089,0.7489309310913086,0.4775363504886627,0.4296835660934448,-0.22050976753234863,0.8691601753234863,0.2703956067562103,0.442362904548645,-0.010745655745267868,0.738446056842804,0.5267759561538696,0.5756839513778687,-0.148554727435112,0.9999513626098633,0.4774779677391052,0.5716375112533569,0.14861933887004852,0.9998072385787964,0.48161807656288147,0.6681774854660034,-0.4211721420288086,0.9869731068611145,0.5375708341598511,0.6464994549751282,0.33453959226608276,0.6176872253417969,0.4663556218147278,0.7750318050384521,-0.6110101938247681,0.997258722782135,0.636874258518219,0.7060860395431519,0.5256302356719971,0.847621738910675,0.4545954465866089,0.7701648473739624,-0.635713517665863,0.9933370351791382,0.6601009964942932,0.7164685726165771,0.5398746132850647,0.9106330871582031,0.3723506033420563,0.7744125723838806,-0.8116348385810852,0.9945424795150757,0.6122533679008484,0.7190317511558533,0.5021145939826965,0.8737862706184387
IMG_9684 3,41,1357,good,0.4690054655075073,0.42722606658935547,0.061740465462207794,0.9999631643295288,0.4786018133163452,0.4197012186050415,0.028564278036355972,0.9999687075614929,0.48181474208831787,0.41932907700538635,0.028732091188430786,0.999970018863678,0.4853051006793976,0.4188741147518158,0.028825752437114716,0.9999669790267944,0.47481927275657654,0.4197077751159668,0.0918879434466362,0.9999416470527649,0.47537150979042053,0.4195025563240051,0.09206176549196243,0.9999172687530518,0.4759807884693146,0.4192569851875305,0.09245789796113968,0.999927818775177,0.5083948969841003,0.42281803488731384,-0.02855043113231659,0.9999640583992004,0.49222809076309204,0.42191281914711,0.22780895233154297,0.9999253749847412,0.4784179627895355,0.4353457987308502,0.044920530170202255,0.9999529123306274,0.4738123118877411,0.4343597888946533,0.11047493666410446,0.9999270439147949,0.562966525554657,0.4678165316581726,-0.1252160668373108,0.9999313354492188,0.4591318368911743,0.46010661125183105,0.2939535677433014,0.9997809529304504,0.5004310011863708,0.4963839650154114,-0.31093454360961914,0.9690741300582886,0.36283573508262634,0.45892196893692017,0.25831151008605957,0.6423608064651489,0.4646609127521515,0.4484178423881531,-0.4477970004081726,0.9312825798988342,0.2676204741001129,0.44065922498703003,0.08965891599655151,0.7832738757133484,0.4582650363445282,0.43574783205986023,-0.5099917650222778,0.9125960469245911,0.2424776405096054,0.43934187293052673,0.06335926800966263,0.7578480243682861,0.46862366795539856,0.42907124757766724,-0.49550867080688477,0.9078890681266785,0.24202056229114532,0.43917083740234375,0.02748899534344673,0.7635342478752136,0.468190461397171,0.43323224782943726,-0.44654402136802673,0.8699242472648621,0.25006335973739624,0.4400615990161896,0.06428907066583633,0.7548311948776245,0.5267437696456909,0.5759177207946777,-0.14193081855773926,0.9999510049819946,0.47559091448783875,0.5719932913780212,0.1420234739780426,0.9998025894165039,0.4821947515010834,0.6680375337600708,-0.40123888850212097,0.9872863292694092,0.5280790328979492,0.6529935002326965,0.24683448672294617,0.6151841282844543,0.4671386778354645,0.7754441499710083,-0.5293072462081909,0.9973569512367249,0.6337214112281799,0.7179761528968811,0.42992356419563293,0.8496540784835815,0.466402143239975,0.7808109521865845,-0.5464717149734497,0.99350905418396,0.6592223644256592,0.723600447177887,0.44368234276771545,0.9111306071281433,0.40426525473594666,0.7847909331321716,-0.7086898684501648,0.9947448968887329,0.6148486733436584,0.7465027570724487,0.37696635723114014,0.8751795887947083
IMG_9684 3,42,1390,good,0.46903184056282043,0.42930543422698975,-0.05991370603442192,0.9999545216560364,0.4787397086620331,0.421698659658432,-0.08280725032091141,0.9999595880508423,0.48214191198349,0.42158564925193787,-0.0828552320599556,0.9999620318412781,0.485829621553421,0.4213624894618988,-0.08291754871606827,0.9999572038650513,0.47476398944854736,0.4211907684803009,-0.034181591123342514,0.9999220967292786,0.47532111406326294,0.42086049914360046,-0.03418289124965668,0.9998873472213745,0.47596198320388794,0.4204632639884949,-0.0341823510825634,0.9998989701271057,0.5102562308311462,0.42440059781074524,-0.10656964033842087,0.999954879283905,0.4921298027038574,0.4225651025772095,0.10675304383039474,0.9999008774757385,0.4788508713245392,0.4376693367958069,-0.06197350099682808,0.9999426603317261,0.47378823161125183,0.4364798963069916,-0.0023972410708665848,0.9999138116836548,0.5640236139297485,0.46925002336502075,-0.17524389922618866,0.999923586845398,0.45961108803749084,0.45959100127220154,0.22443605959415436,0.9997795820236206,0.49986034631729126,0.5030938982963562,-0.37959760427474976,0.969553530216217,0.3648681640625,0.46035391092300415,0.23800000548362732,0.6608073115348816,0.46595320105552673,0.44854798913002014,-0.48220282793045044,0.9347060322761536,0.2703806161880493,0.4404412806034088,0.05612955987453461,0.7972954511642456,0.46193692088127136,0.4360157549381256,-0.5370305776596069,0.9167401194572449,0.24452351033687592,0.43908190727233887,0.031746454536914825,0.7717240452766418,0.47586822509765625,0.4290895164012909,-0.5229172110557556,0.9121323227882385,0.24292181432247162,0.4387466311454773,-0.0022562076337635517,0.7780954837799072,0.47624725103378296,0.43324461579322815,-0.47936058044433594,0.8753926753997803,0.2509753406047821,0.43978777527809143,0.03179733455181122,0.7707644104957581,0.5264694690704346,0.5761758685112,-0.13992127776145935,0.9999517202377319,0.4732523560523987,0.5724824070930481,0.14003987610340118,0.9998013377189636,0.482416570186615,0.6676489114761353,-0.42428576946258545,0.9873451590538025,0.5285033583641052,0.6601904034614563,0.2440645843744278,0.6040804982185364,0.4673241376876831,0.7765552997589111,-0.5623739957809448,0.9973697662353516,0.6316345930099487,0.7262529134750366,0.43345195055007935,0.846481442451477,0.4943549931049347,0.7814798951148987,-0.579067051410675,0.9935447573661804,0.658661961555481,0.7332468628883362,0.4477013647556305,0.9086706638336182,0.4127561151981354,0.7896789908409119,-0.7471354007720947,0.9948419332504272,0.6147705912590027,0.7649720311164856,0.3758607506752014,0.8720687627792358
IMG_9684 3,43,1423,good,0.46898359060287476,0.42884019017219543,-0.02696816250681877,0.9999523162841797,0.4788109064102173,0.4213041663169861,-0.04310186579823494,0.9999576210975647,0.48224306106567383,0.4211307764053345,-0.043186288326978683,0.9999601244926453,0.4859754145145416,0.42084792256355286,-0.043223802000284195,0.9999551773071289,0.47471919655799866,0.42096248269081116,0.000735930516384542,0.9999178051948547,0.475289523601532,0.4206836223602295,0.0006740162498317659,0.9998805522918701,0.4759155809879303,0.4203316271305084,0.0005942572606727481,0.9998933672904968,0.5102997422218323,0.42425352334976196,-0.0544017031788826,0.9999512434005737,0.4919874370098114,0.42254364490509033,0.14002783596515656,0.9998970031738281,0.47884318232536316,0.43747320771217346,-0.025499481707811356,0.9999374151229858,0.4737626612186432,0.4363976716995239,0.030012477189302444,0.9999080300331116,0.5639263391494751,0.46957895159721375,-0.13568395376205444,0.9999188184738159,0.4562916159629822,0.45995277166366577,0.2527211010456085,0.9997838735580444,0.499497652053833,0.503166675567627,-0.37766626477241516,0.9687459468841553,0.36350199580192566,0.4601101279258728,0.28477588295936584,0.6799185872077942,0.47055584192276,0.4475603997707367,-0.5372976064682007,0.938209056854248,0.2689450681209564,0.43963921070098877,0.12642835080623627,0.8112661242485046,0.46771687269210815,0.4333605468273163,-0.6012942790985107,0.9213009476661682,0.24413059651851654,0.4383124113082886,0.10452596843242645,0.7853732705116272,0.48129788041114807,0.4268011152744293,-0.5866841077804565,0.9168035387992859,0.24258460104465485,0.4376767873764038,0.06609600782394409,0.7922831773757935,0.47994378209114075,0.4316352605819702,-0.537034809589386,0.8812317252159119,0.2505682110786438,0.43879327178001404,0.10058584809303284,0.786361575126648,0.5256407856941223,0.5766577124595642,-0.1379040628671646,0.9999514222145081,0.4683568775653839,0.5728890299797058,0.1379612684249878,0.9997991323471069,0.48213890194892883,0.6677986979484558,-0.40564385056495667,0.9872884750366211,0.5243361592292786,0.6640464067459106,0.1818455457687378,0.6024525761604309,0.46851831674575806,0.7781321406364441,-0.5288032293319702,0.9973485469818115,0.6304600834846497,0.7315260767936707,0.33351537585258484,0.8464102745056152,0.4939850866794586,0.7880665063858032,-0.5444369912147522,0.9934861063957214,0.6577234268188477,0.7387713193893433,0.344657838344574,0.9082960486412048,0.41960397362709045,0.7938980460166931,-0.7076848745346069,0.9948676824569702,0.6137717366218567,0.7719380855560303,0.264004647731781,0.8727158308029175
IMG_9684 3,44,1456,good,0.46891066431999207,0.42767101526260376,-0.028446251526474953,0.9999490976333618,0.4787728786468506,0.420208603143692,-0.04643173888325691,0.9999537467956543,0.4822016954421997,0.41996505856513977,-0.04650241509079933,0.9999563694000244,0.485954225063324,0.419660359621048,-0.04653775691986084,0.9999510049819946,0.47470444440841675,0.420032262802124,-0.001667053671553731,0.9999085664749146,0.4752286672592163,0.4197542369365692,-0.0017270116368308663,0.9998659491539001,0.47579362988471985,0.41943272948265076,-0.0017925298307090998,0.9998801946640015,0.5102478265762329,0.42368391156196594,-0.06515918672084808,0.9999449849128723,0.4916245639324188,0.42210492491722107,0.13539908826351166,0.9998860359191895,0.4786744713783264,0.4366466999053955,-0.028438523411750793,0.9999332427978516,0.4734334349632263,0.4357057809829712,0.028538426384329796,0.99990314245224,0.5640020370483398,0.46998560428619385,-0.1477607935667038,0.9999115467071533,0.4551410377025604,0.46019068360328674,0.24653424322605133,0.9997773170471191,0.49163195490837097,0.5008864998817444,-0.3792168200016022,0.9684646129608154,0.36256203055381775,0.4611143469810486,0.261258065700531,0.6946249008178711,0.4702284336090088,0.4474618136882782,-0.5100436806678772,0.9410812258720398,0.26694732904434204,0.4375983774662018,0.09260553121566772,0.8210323452949524,0.46763890981674194,0.43346312642097473,-0.5720483660697937,0.9250429272651672,0.24295659363269806,0.4374086558818817,0.06798546016216278,0.794182300567627,0.48114708065986633,0.4267507493495941,-0.5591524243354797,0.9206364154815674,0.2421753704547882,0.4368932843208313,0.030643582344055176,0.8019567728042603,0.47983527183532715,0.43168705701828003,-0.5098962783813477,0.8860213160514832,0.2503610849380493,0.43763038516044617,0.0664624497294426,0.7978638410568237,0.5249089598655701,0.577247679233551,-0.1344216763973236,0.9999498724937439,0.4651283621788025,0.5731644034385681,0.13449819386005402,0.9997931718826294,0.48202046751976013,0.6678983569145203,-0.4034723937511444,0.9869685769081116,0.5227259993553162,0.6654142737388611,0.20060384273529053,0.6021857857704163,0.47104907035827637,0.7781739234924316,-0.49794554710388184,0.9973824620246887,0.6301561594009399,0.734847366809845,0.3771412968635559,0.8491743206977844,0.49392592906951904,0.7898067235946655,-0.5123704671859741,0.9933587312698364,0.6565718054771423,0.7414477467536926,0.39002200961112976,0.9090518951416016,0.41904962062835693,0.7964523434638977,-0.6880999207496643,0.9949981570243835,0.6136599183082581,0.7752489447593689,0.3131667971611023,0.8757901787757874
IMG_9684 3,45,1489,good,0.4683358669281006,0.42756736278533936,-0.02935139648616314,0.999945342540741,0.47852420806884766,0.42018651962280273,-0.04658183082938194,0.9999509453773499,0.48195016384124756,0.419906347990036,-0.04668138176202774,0.9999529719352722,0.4857178330421448,0.41957002878189087,-0.04671081528067589,0.9999480843544006,0.4744738042354584,0.4200628101825714,-0.0020570410415530205,0.9999029040336609,0.4750228226184845,0.4197852313518524,-0.0021095783449709415,0.99985671043396,0.4756104648113251,0.4194616973400116,-0.0021913722157478333,0.999874472618103,0.5102167725563049,0.4236334264278412,-0.06574789434671402,0.9999393820762634,0.4913834035396576,0.42211830615997314,0.13365961611270905,0.9998798370361328,0.4784161150455475,0.43636927008628845,-0.03021838515996933,0.9999281764030457,0.47316476702690125,0.4355061650276184,0.026983210816979408,0.9998971223831177,0.563936710357666,0.4699576497077942,-0.1502881497144699,0.9999082684516907,0.4557732343673706,0.46056315302848816,0.24639256298542023,0.9997811913490295,0.4895907938480377,0.5005190968513489,-0.3861086070537567,0.9677433967590332,0.36360734701156616,0.4626868963241577,0.27202796936035156,0.7049184441566467,0.46010300517082214,0.4486275613307953,-0.5318366289138794,0.9437389969825745,0.2758932411670685,0.4385015368461609,0.10807646065950394,0.8311981558799744,0.46288466453552246,0.43615156412124634,-0.5972564816474915,0.9284449219703674,0.25085940957069397,0.437229186296463,0.08282699435949326,0.8036885261535645,0.4690639078617096,0.4283355474472046,-0.5842822790145874,0.9241489768028259,0.25096747279167175,0.43628987669944763,0.043339699506759644,0.812112033367157,0.4681183397769928,0.4331834614276886,-0.5320123434066772,0.8903226256370544,0.258563369512558,0.4371512234210968,0.0810784325003624,0.8093477487564087,0.5246447920799255,0.5776821970939636,-0.1354142129421234,0.9999434351921082,0.465050607919693,0.5736067295074463,0.13549202680587769,0.9997740983963013,0.4825722575187683,0.667970597743988,-0.35818958282470703,0.9860445857048035,0.5218456983566284,0.6663680076599121,0.18632559478282928,0.5985528826713562,0.4732297658920288,0.7783390879631042,-0.4351602792739868,0.9973060488700867,0.6300899386405945,0.7390455603599548,0.34084954857826233,0.8492816090583801,0.4938676059246063,0.7922303676605225,-0.44827789068222046,0.9930543303489685,0.6564950942993164,0.7454536557197571,0.3520793914794922,0.9088853001594543,0.4182015359401703,0.7970749139785767,-0.6181166172027588,0.9950097799301147,0.6136783361434937,0.7777417302131653,0.27231907844543457,0.8788928389549255
IMG_9684 3,46,1522,good,0.46804478764533997,0.42760950326919556,-0.03140261024236679,0.9999459385871887,0.47844746708869934,0.42024028301239014,-0.048835523426532745,0.9999514222145081,0.4818870723247528,0.419946551322937,-0.048944130539894104,0.9999530911445618,0.4857018291950226,0.41960710287094116,-0.0489664152264595,0.9999484419822693,0.4743193984031677,0.42017412185668945,-0.0046884226612746716,0.9999039769172668,0.47486430406570435,0.41990047693252563,-0.004734937567263842,0.9998578429222107,0.4754486680030823,0.41959407925605774,-0.004816812463104725,0.9998763799667358,0.5101436376571655,0.4236465096473694,-0.06937307119369507,0.9999390244483948,0.49125540256500244,0.42225050926208496,0.1275840550661087,0.9998818039894104,0.47839710116386414,0.4363648295402527,-0.0331047847867012,0.9999287128448486,0.47309860587120056,0.43552565574645996,0.0237279050052166,0.9998987913131714,0.5639163255691528,0.47016987204551697,-0.15311256051063538,0.9999076724052429,0.4562115967273712,0.4616052806377411,0.24257729947566986,0.9997900128364563,0.4870886206626892,0.5008581280708313,-0.3826405704021454,0.9680028557777405,0.3652786314487457,0.4635249078273773,0.2695212662220001,0.7201346755027771,0.460986465215683,0.44866743683815,-0.5154415369033813,0.9468663930892944,0.28028738498687744,0.4386718273162842,0.10490076243877411,0.8427621722221375,0.46211761236190796,0.437418669462204,-0.5780795216560364,0.9322614669799805,0.2563117444515228,0.43657323718070984,0.07938893884420395,0.8152914047241211,0.4650995433330536,0.4286988377571106,-0.5653180480003357,0.9281436800956726,0.25659066438674927,0.43457624316215515,0.04143628478050232,0.8238818645477295,0.464437872171402,0.4335658848285675,-0.5149314999580383,0.8955060243606567,0.2640712261199951,0.4358176290988922,0.07873286306858063,0.8218972682952881,0.523272693157196,0.5787161588668823,-0.13551609218120575,0.9999396204948425,0.46462008357048035,0.5746458172798157,0.13559064269065857,0.9997667670249939,0.48191025853157043,0.6687085032463074,-0.34649303555488586,0.9856138229370117,0.5227339267730713,0.6682877540588379,0.19599348306655884,0.5998674631118774,0.47454923391342163,0.7789841890335083,-0.42746201157569885,0.9972738027572632,0.6298859715461731,0.7401101589202881,0.35061556100845337,0.850271999835968,0.4938191771507263,0.794154942035675,-0.44034114480018616,0.9929815530776978,0.6559081077575684,0.7467077970504761,0.3619093894958496,0.9091969728469849,0.41811567544937134,0.7979381084442139,-0.6061509251594543,0.9950748085975647,0.6130204796791077,0.7783917188644409,0.2845141887664795,0.8818784952163696
IMG_9684 3,47,1556,good,0.46790483593940735,0.42750513553619385,-0.054839834570884705,0.9999330043792725,0.4784359335899353,0.42015835642814636,-0.07477518171072006,0.9999368190765381,0.481862336397171,0.41986915469169617,-0.07488124072551727,0.9999378323554993,0.48570239543914795,0.419538289308548,-0.07492262870073318,0.9999340772628784,0.4741067886352539,0.4201095998287201,-0.028414800763130188,0.999873697757721,0.47452273964881897,0.41984301805496216,-0.02845683880150318,0.9998071789741516,0.47493138909339905,0.41953638195991516,-0.028530579060316086,0.9998332858085632,0.5102001428604126,0.4235086143016815,-0.09620819985866547,0.9999115467071533,0.48995670676231384,0.4221377372741699,0.11156260222196579,0.9998248219490051,0.4783596396446228,0.4360538125038147,-0.05634233355522156,0.9999068379402161,0.47266390919685364,0.435245543718338,0.0037310817278921604,0.999865710735321,0.5636597275733948,0.4701172709465027,-0.16090698540210724,0.9998987317085266,0.45584002137184143,0.4617091417312622,0.2323591262102127,0.999777615070343,0.48623234033584595,0.5009907484054565,-0.3958745300769806,0.9666185975074768,0.37183892726898193,0.46979522705078125,0.26954880356788635,0.7301638126373291,0.46609607338905334,0.4482327699661255,-0.5477970242500305,0.9489523768424988,0.29072144627571106,0.43882763385772705,0.10775051265954971,0.8522326350212097,0.46678054332733154,0.4336119294166565,-0.6111299991607666,0.9350618124008179,0.26807042956352234,0.4368535280227661,0.08409670740365982,0.8249009251594543,0.47614508867263794,0.42655670642852783,-0.59581458568573,0.9310794472694397,0.27032333612442017,0.434036523103714,0.04649487882852554,0.8336578607559204,0.47344115376472473,0.43177881836891174,-0.5463910102844238,0.8991439342498779,0.2786113917827606,0.4359786808490753,0.08208081126213074,0.8321477770805359,0.5223260521888733,0.578945517539978,-0.13635124266147614,0.9999325275421143,0.4638240933418274,0.5749245882034302,0.13643376529216766,0.9997329115867615,0.4816911518573761,0.6688740849494934,-0.3523935079574585,0.9844481945037842,0.5229178071022034,0.6691325902938843,0.23711243271827698,0.5943313241004944,0.47475767135620117,0.7789368629455566,-0.44420698285102844,0.9971757531166077,0.6298987865447998,0.7404986619949341,0.4348662495613098,0.8468737006187439,0.49381232261657715,0.7944721579551697,-0.4578084647655487,0.9927217960357666,0.6584944725036621,0.746802031993866,0.45082956552505493,0.9078923463821411,0.4176662564277649,0.7982707619667053,-0.6222488880157471,0.9949714541435242,0.6161254644393921,0.7780918478965759,0.3766365945339203,0.8802590370178223
IMG_9684 3,48,1589,good,0.4678756892681122,0.426693856716156,-0.04507081210613251,0.9999356865882874,0.4783850312232971,0.4193841516971588,-0.06298025697469711,0.9999393224716187,0.48184898495674133,0.4191071391105652,-0.06309296190738678,0.9999402761459351,0.48568397760391235,0.4188109040260315,-0.06315932422876358,0.9999369978904724,0.4740316569805145,0.419365793466568,-0.016162127256393433,0.9998796582221985,0.47440993785858154,0.41909360885620117,-0.01622290164232254,0.9998156428337097,0.4747644066810608,0.4187931418418884,-0.016297772526741028,0.9998405575752258,0.5101532936096191,0.42303329706192017,-0.0789591521024704,0.9999147653579712,0.48926177620887756,0.42169371247291565,0.12956491112709045,0.9998272657394409,0.4781951308250427,0.4347591698169708,-0.04514865204691887,0.9999090433120728,0.47245123982429504,0.43414250016212463,0.015052023343741894,0.9998665452003479,0.5630866885185242,0.4700785279273987,-0.1522911787033081,0.9998998641967773,0.45588189363479614,0.46176013350486755,0.24950535595417023,0.9997733235359192,0.4860771894454956,0.5016165375709534,-0.379801481962204,0.9662225246429443,0.3792559802532196,0.478891521692276,0.21340253949165344,0.7293258905410767,0.467475950717926,0.44874924421310425,-0.5390165448188782,0.9497021436691284,0.3121403455734253,0.439220666885376,-0.05990197882056236,0.8572331666946411,0.46695026755332947,0.433701753616333,-0.5984818339347839,0.9361464381217957,0.29537391662597656,0.435575932264328,-0.09878399968147278,0.8302827477455139,0.4787675142288208,0.42658349871635437,-0.579676628112793,0.9322969317436218,0.3019042909145355,0.43186113238334656,-0.11876000463962555,0.8390430808067322,0.4765370786190033,0.4319417178630829,-0.5377623438835144,0.9001208543777466,0.3069007992744446,0.4346558153629303,-0.08121546357870102,0.8374114036560059,0.5219252109527588,0.5789569616317749,-0.13836874067783356,0.9999346137046814,0.4637710154056549,0.5749388337135315,0.13849292695522308,0.999736487865448,0.48141467571258545,0.668890655040741,-0.3987080156803131,0.9846943616867065,0.5234672427177429,0.6695472598075867,0.3070630729198456,0.5869496464729309,0.47489047050476074,0.7790853977203369,-0.547267496585846,0.9972653985023499,0.6301547288894653,0.7412204146385193,0.5176295638084412,0.8440892696380615,0.4930940270423889,0.7954959869384766,-0.5657426714897156,0.9930384755134583,0.6592618227005005,0.7474507689476013,0.5348907709121704,0.907655656337738,0.4166547954082489,0.798526406288147,-0.7459659576416016,0.9951694011688232,0.6160224676132202,0.7779830694198608,0.47053009271621704,0.8795523643493652
IMG_9684 3,49,1622,good,0.4681223928928375,0.4263342022895813,-0.07628338783979416,0.9999326467514038,0.47873643040657043,0.41912737488746643,-0.09409966319799423,0.9999370574951172,0.48228222131729126,0.41890284419059753,-0.09418198466300964,0.9999380707740784,0.48624956607818604,0.4186592698097229,-0.09421701729297638,0.9999350309371948,0.47406643629074097,0.41907382011413574,-0.04759538546204567,0.9998779296875,0.47437652945518494,0.4188268482685089,-0.04767367243766785,0.9998130798339844,0.4747178852558136,0.41855520009994507,-0.04773669317364693,0.9998380541801453,0.5102235078811646,0.4227793216705322,-0.10191883146762848,0.9999103546142578,0.48846888542175293,0.42149144411087036,0.10562704503536224,0.9998145699501038,0.4782916009426117,0.4343594014644623,-0.073164202272892,0.9999041557312012,0.47242751717567444,0.4338779151439667,-0.013401043601334095,0.9998560547828674,0.5615628957748413,0.4698835015296936,-0.16626979410648346,0.9998944401741028,0.4559547007083893,0.4618077874183655,0.24159297347068787,0.9997623562812805,0.48580238223075867,0.5015671849250793,-0.3872193694114685,0.965505063533783,0.38843291997909546,0.48951926827430725,0.15343032777309418,0.7304044961929321,0.46927914023399353,0.4487573504447937,-0.5254718065261841,0.9500613808631897,0.3369949460029602,0.4475245177745819,-0.1636432409286499,0.862668514251709,0.4695397913455963,0.43379130959510803,-0.580984890460968,0.9372531175613403,0.3214608132839203,0.435820996761322,-0.20868976414203644,0.8361735939979553,0.4861402213573456,0.42634907364845276,-0.5680385828018188,0.9335348010063171,0.3262562155723572,0.4325093924999237,-0.21758632361888885,0.8447125554084778,0.48419979214668274,0.43199729919433594,-0.5234848856925964,0.9013256430625916,0.3309955298900604,0.4348962604999542,-0.18079979717731476,0.8421003222465515,0.5217745900154114,0.5789739489555359,-0.14439640939235687,0.9999310970306396,0.4644054174423218,0.5754976272583008,0.14451190829277039,0.9997209906578064,0.4813518524169922,0.6689184308052063,-0.3923649191856384,0.9845485091209412,0.5225955247879028,0.669637143611908,0.30282092094421387,0.5893017649650574,0.47500288486480713,0.7791880965232849,-0.5204644203186035,0.9972979426383972,0.6300030946731567,0.7402064800262451,0.5111443996429443,0.8444430828094482,0.4930739104747772,0.7958489060401917,-0.5365388989448547,0.9930325746536255,0.6592186093330383,0.7470308542251587,0.5283814668655396,0.9106277823448181,0.41595855355262756,0.7987009882926941,-0.710979700088501,0.9951611161231995,0.6171180605888367,0.7776143550872803,0.4616623520851135,0.8797934651374817
IMG_9684 3,50,1655,good,0.46821847558021545,0.4263440668582916,-0.09731849282979965,0.9999313950538635,0.47895610332489014,0.41911131143569946,-0.11181949824094772,0.9999361634254456,0.48266518115997314,0.4188687801361084,-0.11189710348844528,0.9999381899833679,0.4868316650390625,0.41861462593078613,-0.111904576420784,0.9999343752861023,0.47404590249061584,0.4190952479839325,-0.06776648759841919,0.9998787641525269,0.47428542375564575,0.4188522398471832,-0.06785102188587189,0.9998164176940918,0.4743436574935913,0.41858193278312683,-0.06789794564247131,0.9998400211334229,0.5102617740631104,0.4226365387439728,-0.10547291487455368,0.9999079704284668,0.4855433702468872,0.4214872121810913,0.09254366159439087,0.9998112320899963,0.4782739579677582,0.4341225326061249,-0.08873332291841507,0.9999001026153564,0.4722133278846741,0.4337971806526184,-0.03197594732046127,0.9998437166213989,0.5597469806671143,0.4693799316883087,-0.16706965863704681,0.9998918771743774,0.4562583267688751,0.463148832321167,0.23902618885040283,0.999738872051239,0.4858900308609009,0.4992476999759674,-0.41675350069999695,0.9661220908164978,0.39481598138809204,0.49762189388275146,0.16280458867549896,0.736168384552002,0.4812670648097992,0.44168585538864136,-0.5856918096542358,0.9514846801757812,0.35481998324394226,0.45193853974342346,-0.12247119843959808,0.8703174591064453,0.47670090198516846,0.4276275932788849,-0.636378824710846,0.9387569427490234,0.3469305634498596,0.43858715891838074,-0.15971305966377258,0.8441885709762573,0.48961830139160156,0.420438677072525,-0.6255133748054504,0.9351329803466797,0.3502270579338074,0.43400686979293823,-0.1591411828994751,0.8520722389221191,0.48829543590545654,0.42716577649116516,-0.5835782885551453,0.9029428958892822,0.3530851900577545,0.43774178624153137,-0.13362716138362885,0.8481050729751587,0.5218305587768555,0.5784564018249512,-0.15059231221675873,0.9999306201934814,0.4650469720363617,0.5758880376815796,0.15063311159610748,0.999714732170105,0.4813486635684967,0.6687445044517517,-0.4104101359844208,0.9846206307411194,0.5215157270431519,0.6696980595588684,0.31773364543914795,0.592743992805481,0.47485125064849854,0.7795230150222778,-0.5555873513221741,0.9973657131195068,0.629925012588501,0.7401580810546875,0.5269805788993835,0.8463615775108337,0.49308913946151733,0.7975062727928162,-0.5753411650657654,0.99310702085495,0.6598561406135559,0.747083842754364,0.544224739074707,0.9133005738258362,0.4123738706111908,0.7988344430923462,-0.7609811425209045,0.995284914970398,0.6169977188110352,0.7774765491485596,0.4808265268802643,0.8820969462394714
IMG_9684 3,51,1688,good,0.4685027301311493,0.4265582263469696,-0.07722149789333344,0.9999379515647888,0.47913140058517456,0.41925615072250366,-0.08811334520578384,0.9999423027038574,0.4829047918319702,0.4190487563610077,-0.08814097195863724,0.9999441504478455,0.4871055781841278,0.41884464025497437,-0.08817318081855774,0.9999407529830933,0.4740337133407593,0.41925230622291565,-0.04329952225089073,0.9998905658721924,0.47425028681755066,0.41907331347465515,-0.0433637872338295,0.9998342990875244,0.4741148352622986,0.41886353492736816,-0.04322503134608269,0.9998555779457092,0.5102397799491882,0.42276522517204285,-0.07766425609588623,0.9999169707298279,0.4840483069419861,0.4217255413532257,0.12407734990119934,0.999829113483429,0.47850990295410156,0.4341934323310852,-0.06398842483758926,0.999909520149231,0.4721933901309967,0.43395817279815674,-0.0069502717815339565,0.9998582005500793,0.5577752590179443,0.4686407148838043,-0.1571895182132721,0.9999010562896729,0.4597720205783844,0.466046005487442,0.2799062728881836,0.9997525215148926,0.4815959930419922,0.5005489587783813,-0.3057153522968292,0.9682750701904297,0.4032124876976013,0.5037571787834167,0.1354425996541977,0.7345703840255737,0.4669992923736572,0.44280770421028137,-0.28224727511405945,0.9540498852729797,0.3811892867088318,0.45528191328048706,-0.25204700231552124,0.8749357461929321,0.46757403016090393,0.427975058555603,-0.31262966990470886,0.9415757060050964,0.37679558992385864,0.4425249397754669,-0.30359145998954773,0.8496370315551758,0.47621792554855347,0.42281806468963623,-0.3020990192890167,0.9381413459777832,0.37981680035591125,0.4383665919303894,-0.29104292392730713,0.8565916419029236,0.4798741638660431,0.4281422197818756,-0.27284833788871765,0.907082200050354,0.38270336389541626,0.4430806040763855,-0.2606833875179291,0.8507758378982544,0.5214268565177917,0.5783223509788513,-0.16017688810825348,0.9999355673789978,0.47058263421058655,0.5772707462310791,0.16025252640247345,0.9997344613075256,0.4813665747642517,0.6687173843383789,-0.4047701954841614,0.9855389595031738,0.5215775370597839,0.6702231764793396,0.3190348446369171,0.6058776378631592,0.4755442440509796,0.7796030640602112,-0.5474109053611755,0.997492790222168,0.6299434304237366,0.740437388420105,0.5017119646072388,0.8515037894248962,0.4941762387752533,0.7982279062271118,-0.5654537081718445,0.9934382438659668,0.6598556041717529,0.7489661574363708,0.5171608924865723,0.9166806936264038,0.4078577160835266,0.7989914417266846,-0.7398908138275146,0.9954395294189453,0.6122239828109741,0.7794678807258606,0.45828866958618164,0.8844742774963379
IMG_9684 3,52,1721,good,0.4684951603412628,0.42613640427589417,-0.07186434417963028,0.9999439120292664,0.4791177809238434,0.4189218580722809,-0.08512875437736511,0.9999478459358215,0.4828256070613861,0.41876456141471863,-0.08516975492238998,0.99994957447052,0.48688822984695435,0.4185894727706909,-0.08520166575908661,0.9999464750289917,0.4740540683269501,0.41885265707969666,-0.04005397483706474,0.9999011754989624,0.47424688935279846,0.41868138313293457,-0.04012120142579079,0.9998503923416138,0.4740973711013794,0.41846442222595215,-0.040053486824035645,0.9998695850372314,0.5092207789421082,0.4224056899547577,-0.0833364874124527,0.9999250769615173,0.48372775316238403,0.42137494683265686,0.1227579191327095,0.9998451471328735,0.47822055220603943,0.4339100420475006,-0.0630989521741867,0.9999180436134338,0.4721187353134155,0.4334973394870758,-0.00528396712616086,0.9998712539672852,0.5538021922111511,0.46828874945640564,-0.17800605297088623,0.9999095797538757,0.4643089175224304,0.4690869152545929,0.2706886827945709,0.9997605085372925,0.46879008412361145,0.5017539858818054,-0.3008151948451996,0.9705665707588196,0.40638458728790283,0.5100629925727844,0.08074543625116348,0.7289124727249146,0.45243096351623535,0.4454461932182312,-0.23147816956043243,0.9567476511001587,0.39916521310806274,0.45880722999572754,-0.3297837972640991,0.8738791346549988,0.452878475189209,0.42997848987579346,-0.25615769624710083,0.9445580840110779,0.39948129653930664,0.44543182849884033,-0.3838045597076416,0.8477275371551514,0.46730220317840576,0.4241960346698761,-0.2475394308567047,0.9413259029388428,0.40538522601127625,0.44289717078208923,-0.3654162883758545,0.8533902168273926,0.4702130854129791,0.4287816286087036,-0.2214481681585312,0.9115841388702393,0.4076598882675171,0.4478476643562317,-0.33648714423179626,0.8446865677833557,0.5201855301856995,0.5791680812835693,-0.16587737202644348,0.99993896484375,0.47425660490989685,0.580014705657959,0.16595526039600372,0.9997486472129822,0.4812644124031067,0.6693715453147888,-0.3799075782299042,0.9863916039466858,0.5220039486885071,0.6708625555038452,0.3257952630519867,0.6183503866195679,0.47578462958335876,0.7802910804748535,-0.5056277513504028,0.9976163506507874,0.6299567818641663,0.7405736446380615,0.50515216588974,0.8575548529624939,0.4964532256126404,0.7991551756858826,-0.5219296216964722,0.9936963319778442,0.6598347425460815,0.7500039339065552,0.5210816264152527,0.9209386706352234,0.4058368504047394,0.7993568778038025,-0.6854405999183655,0.9955353140830994,0.6095978021621704,0.7791517376899719,0.47142812609672546,0.8879920840263367
IMG_9684 3,53,1754,good,0.4699259400367737,0.4269636571407318,-0.10605311393737793,0.9999480843544006,0.47994616627693176,0.41959962248802185,-0.11807530373334885,0.9999518990516663,0.4835856556892395,0.4193706512451172,-0.11815489083528519,0.9999536871910095,0.48755261301994324,0.41913411021232605,-0.11821303516626358,0.9999508261680603,0.4745444357395172,0.41983628273010254,-0.07662798464298248,0.9999090433120728,0.47443637251853943,0.41978564858436584,-0.07667545229196548,0.9998623132705688,0.4740997850894928,0.419670045375824,-0.0765974298119545,0.9998793005943298,0.5087087154388428,0.4226266145706177,-0.09919177740812302,0.9999315738677979,0.4818284213542938,0.42233806848526,0.08751889318227768,0.9998547434806824,0.4794999361038208,0.4347812235355377,-0.09290730953216553,0.9999243021011353,0.47261881828308105,0.4345654249191284,-0.039627961814403534,0.9998794794082642,0.5532844662666321,0.46770811080932617,-0.17893096804618835,0.9999164938926697,0.46450549364089966,0.47090381383895874,0.2569166123867035,0.9997528195381165,0.4872007668018341,0.5034626722335815,-0.3061145544052124,0.9717651009559631,0.41318753361701965,0.5139050483703613,0.12190175801515579,0.7186905145645142,0.467870831489563,0.4454074501991272,-0.3411886394023895,0.9581500887870789,0.4112222492694855,0.4621109068393707,-0.20537090301513672,0.8686969876289368,0.4641338884830475,0.4290134906768799,-0.3892459273338318,0.9464752078056335,0.41023337841033936,0.44812846183776855,-0.2471906840801239,0.8422354459762573,0.4806169271469116,0.42386558651924133,-0.3793545961380005,0.9434074759483337,0.4151863157749176,0.4462709426879883,-0.24014897644519806,0.84683758020401,0.48163390159606934,0.42869383096694946,-0.33880141377449036,0.914124608039856,0.41868510842323303,0.45021191239356995,-0.21385903656482697,0.8349779844284058,0.5199830532073975,0.5796542167663574,-0.16611619293689728,0.9999425411224365,0.47523096203804016,0.5809645056724548,0.16627322137355804,0.999756395816803,0.48117274045944214,0.6702852249145508,-0.3977421224117279,0.9869523048400879,0.5235840082168579,0.6709219813346863,0.3361797630786896,0.6263244152069092,0.47648677229881287,0.7806013226509094,-0.531339704990387,0.9977346658706665,0.6299695372581482,0.740776777267456,0.539528489112854,0.8612098693847656,0.4980256259441376,0.7991878986358643,-0.5484820008277893,0.9938616156578064,0.6595715284347534,0.7507412433624268,0.5573517680168152,0.9241681694984436,0.40418148040771484,0.7997007966041565,-0.7266892194747925,0.9956227540969849,0.6082949638366699,0.7789475321769714,0.4964800775051117,0.8897902369499207
IMG_9684 3,54,1787,good,0.47205671668052673,0.4298771023750305,-0.124916672706604,0.999951958656311,0.4812188148498535,0.42150095105171204,-0.135113924741745,0.9999558925628662,0.484935462474823,0.42111921310424805,-0.13521458208560944,0.9999576807022095,0.4890521466732025,0.42072707414627075,-0.13529714941978455,0.9999550580978394,0.4752063453197479,0.4219619929790497,-0.09530304372310638,0.999916672706604,0.4747539460659027,0.421926349401474,-0.09533645957708359,0.9998738169670105,0.47414472699165344,0.4218013882637024,-0.09525096416473389,0.9998888373374939,0.5084969997406006,0.42313286662101746,-0.1013706624507904,0.999937891960144,0.48022663593292236,0.4237940013408661,0.0795845091342926,0.9998660087585449,0.4821561574935913,0.4372239410877228,-0.10520642250776291,0.9999305605888367,0.4738479554653168,0.4371073842048645,-0.05374417081475258,0.9998882412910461,0.5533261895179749,0.4672184884548187,-0.17363442480564117,0.9999233484268188,0.46454936265945435,0.47110608220100403,0.25617480278015137,0.9997484087944031,0.4769046902656555,0.5034213662147522,-0.3245301842689514,0.9725770354270935,0.4202885031700134,0.5172253847122192,0.13462071120738983,0.7033794522285461,0.46801191568374634,0.4455620050430298,-0.35628923773765564,0.9575086832046509,0.43280673027038574,0.4663834571838379,-0.1679355949163437,0.8477587699890137,0.4641609787940979,0.4278404712677002,-0.39340490102767944,0.9459800124168396,0.4447975754737854,0.454076886177063,-0.2074069082736969,0.81827712059021,0.48007291555404663,0.42394521832466125,-0.38141945004463196,0.9429668188095093,0.4521610736846924,0.4491212069988251,-0.23655687272548676,0.8207074999809265,0.4813072383403778,0.4288788437843323,-0.3491472005844116,0.9127179980278015,0.44315358996391296,0.45554956793785095,-0.17849425971508026,0.8044518232345581,0.5199034214019775,0.5799126029014587,-0.16671335697174072,0.9999459981918335,0.47549155354499817,0.5811432003974915,0.16698865592479706,0.9997638463973999,0.48085519671440125,0.6699703931808472,-0.42501509189605713,0.9876830577850342,0.5240588784217834,0.6707461476325989,0.34195998311042786,0.642266571521759,0.47700077295303345,0.7806071639060974,-0.5550212264060974,0.9978712201118469,0.6295375823974609,0.740631639957428,0.5674593448638916,0.8677522540092468,0.49848926067352295,0.7990880608558655,-0.5722582340240479,0.9940415024757385,0.6571881771087646,0.7507094740867615,0.5875409841537476,0.9283041954040527,0.40360522270202637,0.8000754117965698,-0.7600526809692383,0.9957500100135803,0.6084088087081909,0.7788891196250916,0.5171169638633728,0.8933229446411133
IMG_9684 3,55,1820,good,0.47277775406837463,0.4299912452697754,-0.11188691109418869,0.9999557137489319,0.4822944402694702,0.42166581749916077,-0.11763043701648712,0.9999595284461975,0.48618847131729126,0.42128458619117737,-0.11773785948753357,0.9999613165855408,0.4904516041278839,0.42090505361557007,-0.11790325492620468,0.9999589323997498,0.47555479407310486,0.42212533950805664,-0.08154889196157455,0.9999237060546875,0.47484785318374634,0.42208921909332275,-0.08154595643281937,0.9998845458030701,0.47413352131843567,0.42196786403656006,-0.08127975463867188,0.9998978972434998,0.5083216428756714,0.4231894016265869,-0.07680713385343552,0.9999436736106873,0.479289710521698,0.4239536225795746,0.10622001439332962,0.999876081943512,0.4830505847930908,0.4372032880783081,-0.0799093171954155,0.9999361634254456,0.4740075170993805,0.4370827078819275,-0.030431192368268967,0.9998960494995117,0.5531991720199585,0.4672172963619232,-0.14965149760246277,0.9999293684959412,0.46435728669166565,0.4707377851009369,0.2810690999031067,0.9997478127479553,0.48118263483047485,0.508173942565918,-0.28583279252052307,0.9730163216590881,0.42481541633605957,0.5173776149749756,0.12191811949014664,0.6797892451286316,0.4671902656555176,0.4500126242637634,-0.2647853195667267,0.9556211233139038,0.4338981509208679,0.4713401198387146,-0.24804867804050446,0.829160213470459,0.4612993001937866,0.4322983920574188,-0.29297637939453125,0.9439865350723267,0.4339164197444916,0.45927971601486206,-0.29568105936050415,0.7995756268501282,0.47586703300476074,0.42879197001457214,-0.2793491780757904,0.9409172534942627,0.4380338490009308,0.4547842741012573,-0.2784767150878906,0.8007460236549377,0.477984219789505,0.43544262647628784,-0.2539735436439514,0.9095667004585266,0.4394131302833557,0.46032124757766724,-0.2522508203983307,0.7806428670883179,0.5198865532875061,0.5798591375350952,-0.16628646850585938,0.9999495148658752,0.47564736008644104,0.5811057090759277,0.1665753424167633,0.9997758269309998,0.48061054944992065,0.6699753999710083,-0.4221818149089813,0.9885550737380981,0.5240936875343323,0.670661449432373,0.33367642760276794,0.6583751440048218,0.47716742753982544,0.7806476950645447,-0.5543757677078247,0.9979997277259827,0.6293686628341675,0.740627110004425,0.5461978912353516,0.8742535710334778,0.49906983971595764,0.7993288636207581,-0.5713877081871033,0.9943058490753174,0.6568588018417358,0.7513533234596252,0.5650157332420349,0.9322934746742249,0.40353748202323914,0.8002653121948242,-0.7539437413215637,0.9958207011222839,0.608066737651825,0.7788309454917908,0.5000602602958679,0.8951259255409241
IMG_9684 3,56,1854,good,0.47982093691825867,0.4299124777317047,-0.09935395419597626,0.9999586939811707,0.4874403774738312,0.4215843677520752,-0.11467571556568146,0.999962568283081,0.4913251996040344,0.4212404191493988,-0.11472470313310623,0.9999642968177795,0.49551618099212646,0.42089563608169556,-0.11481250077486038,0.9999621510505676,0.47907182574272156,0.42205673456192017,-0.06966477632522583,0.999929666519165,0.4771137833595276,0.42206138372421265,-0.06969103962182999,0.9998934864997864,0.47530674934387207,0.42192962765693665,-0.06954734772443771,0.9999052882194519,0.5083463191986084,0.4231838583946228,-0.03878923878073692,0.9999486207962036,0.4780883193016052,0.4240138828754425,0.11855122447013855,0.9998831152915955,0.48902854323387146,0.4371657371520996,-0.07249301671981812,0.9999406337738037,0.4773688316345215,0.4370168149471283,-0.026383068412542343,0.9999019503593445,0.5528457760810852,0.4669209122657776,-0.11684542894363403,0.9999347925186157,0.4631875157356262,0.4704802930355072,0.2939625084400177,0.9997429847717285,0.485116183757782,0.5076412558555603,-0.29114505648612976,0.9735679626464844,0.4249071180820465,0.51649010181427,0.09222389757633209,0.6744164228439331,0.46662312746047974,0.4502355754375458,-0.3183736503124237,0.9560553431510925,0.4333108067512512,0.46874794363975525,-0.31252169609069824,0.8262487649917603,0.4607034921646118,0.4332185685634613,-0.35518744587898254,0.9446046352386475,0.4313001334667206,0.45675989985466003,-0.36609402298927307,0.7948960065841675,0.47548428177833557,0.42873919010162354,-0.33975717425346375,0.9415852427482605,0.43976446986198425,0.45263534784317017,-0.34377792477607727,0.7946919798851013,0.47624704241752625,0.43602025508880615,-0.3090791404247284,0.9103227853775024,0.44252631068229675,0.4576159119606018,-0.31658634543418884,0.7711610198020935,0.5200579166412354,0.5798996686935425,-0.16529758274555206,0.9999526739120483,0.47603839635849,0.5810196995735168,0.16555781662464142,0.9997833371162415,0.48058217763900757,0.6699756383895874,-0.4249998927116394,0.9892051815986633,0.5241190195083618,0.6706424951553345,0.3287452161312103,0.6725123524665833,0.4776048958301544,0.7806825041770935,-0.5567321181297302,0.9980958700180054,0.6292749047279358,0.7406114339828491,0.5482149720191956,0.8801046013832092,0.4994701147079468,0.799249529838562,-0.5744833946228027,0.9944133162498474,0.6557663083076477,0.7518296837806702,0.5676512122154236,0.9358547925949097,0.40328705310821533,0.8002715706825256,-0.7630384564399719,0.9958696365356445,0.6096025705337524,0.7783468961715698,0.49818339943885803,0.8981637358665466
IMG_9684 3,57,1887,good,0.48182350397109985,0.42991694808006287,-0.07691572606563568,0.9999613761901855,0.48952043056488037,0.42157843708992004,-0.07836530357599258,0.9999653697013855,0.4934488832950592,0.4212476313114166,-0.07843002676963806,0.9999670386314392,0.4975787103176117,0.4209444224834442,-0.07853377610445023,0.9999651312828064,0.4806135296821594,0.4220786988735199,-0.044846031814813614,0.9999352693557739,0.478342741727829,0.4221072793006897,-0.04484889283776283,0.9999019503593445,0.4760148823261261,0.42204150557518005,-0.044696468859910965,0.9999126195907593,0.508343517780304,0.4233660101890564,-0.01450356375426054,0.9999531507492065,0.4778130352497101,0.42436471581459045,0.13435786962509155,0.9998908638954163,0.4912872910499573,0.43737244606018066,-0.045907389372587204,0.9999443888664246,0.47903403639793396,0.43747586011886597,-0.0053366851061582565,0.9999072551727295,0.5527249574661255,0.4669893980026245,-0.09673100709915161,0.9999387860298157,0.46252262592315674,0.47089341282844543,0.2914091646671295,0.9997298717498779,0.4886454939842224,0.5077151656150818,-0.2620490789413452,0.9736214876174927,0.4244961142539978,0.5173998475074768,0.06974290311336517,0.6663302183151245,0.46517372131347656,0.4501853585243225,-0.26275062561035156,0.9539987444877625,0.4399615228176117,0.4685697853565216,-0.31819653511047363,0.817768931388855,0.4586241543292999,0.4336293637752533,-0.29571065306663513,0.9419877529144287,0.4372725784778595,0.45564478635787964,-0.37126636505126953,0.7840125560760498,0.4710090458393097,0.42966651916503906,-0.27481940388679504,0.9387862682342529,0.4574509263038635,0.45153725147247314,-0.3460487425327301,0.7819849848747253,0.47293955087661743,0.43696293234825134,-0.2511003017425537,0.9068022966384888,0.4512174427509308,0.4566877484321594,-0.320621132850647,0.7550672292709351,0.5200245380401611,0.5799418687820435,-0.16493283212184906,0.9999554753303528,0.47601571679115295,0.5809537768363953,0.16526181995868683,0.9997903108596802,0.4803902506828308,0.6699755787849426,-0.42303696274757385,0.9897822737693787,0.5235294103622437,0.6705396175384521,0.32524192333221436,0.6827135682106018,0.4778771996498108,0.780570924282074,-0.5490214824676514,0.9981655478477478,0.6290675401687622,0.7399415373802185,0.536319375038147,0.8839718103408813,0.4990122616291046,0.7986432313919067,-0.5656861066818237,0.9944427609443665,0.6555954813957214,0.7497833371162415,0.5546472668647766,0.938005805015564,0.40455737709999084,0.8000860810279846,-0.7512938380241394,0.995887815952301,0.6096327304840088,0.7773913145065308,0.48759448528289795,0.899461567401886
IMG_9684 3,58,1920,good,0.48289021849632263,0.4298653304576874,-0.07011904567480087,0.9999639987945557,0.4904237985610962,0.42155975103378296,-0.06896870583295822,0.9999679923057556,0.4942946135997772,0.42123958468437195,-0.06904377788305283,0.9999696016311646,0.49832600355148315,0.4209570288658142,-0.06913857161998749,0.9999678730964661,0.481465607881546,0.4220496416091919,-0.03670985624194145,0.9999403953552246,0.4790800213813782,0.4220753312110901,-0.03670165687799454,0.9999096989631653,0.4764921963214874,0.4220084547996521,-0.03656594455242157,0.9999191761016846,0.508295476436615,0.4234112799167633,-0.006345357745885849,0.999957263469696,0.4774797260761261,0.42434316873550415,0.14265656471252441,0.9998981356620789,0.49215608835220337,0.4373219311237335,-0.03918738663196564,0.999948263168335,0.47970619797706604,0.43742290139198303,0.0016815620474517345,0.9999127984046936,0.5525244474411011,0.46701350808143616,-0.08734914660453796,0.9999426007270813,0.46028849482536316,0.4704892039299011,0.295122891664505,0.9997220635414124,0.4900020360946655,0.5076331496238708,-0.26198169589042664,0.9736350178718567,0.42420095205307007,0.5167950987815857,0.0697786957025528,0.6605708003044128,0.46430233120918274,0.45015963912010193,-0.27719274163246155,0.952785313129425,0.4423023760318756,0.4683808386325836,-0.311235636472702,0.8102257251739502,0.45844271779060364,0.4336031675338745,-0.3115804195404053,0.9404387474060059,0.46122702956199646,0.4576340317726135,-0.3640318810939789,0.7736784219741821,0.4703737199306488,0.42972663044929504,-0.292026162147522,0.9371066689491272,0.4680684506893158,0.45179712772369385,-0.33539891242980957,0.7698498964309692,0.4724900424480438,0.43700331449508667,-0.2663857042789459,0.9046757817268372,0.45445623993873596,0.45619043707847595,-0.3120741844177246,0.7398144006729126,0.5201608538627625,0.5799066424369812,-0.16346795856952667,0.9999582767486572,0.4759986102581024,0.5809125900268555,0.16385258734226227,0.9997999668121338,0.48033323884010315,0.6695244312286377,-0.42140480875968933,0.9903493523597717,0.5235787034034729,0.6703615784645081,0.31979724764823914,0.6944607496261597,0.47792261838912964,0.780627429485321,-0.5455548763275146,0.9982495307922363,0.6289761066436768,0.7395303845405579,0.5338294506072998,0.889033317565918,0.49896976351737976,0.7986222505569458,-0.5621526837348938,0.9945001006126404,0.6556055545806885,0.7497782707214355,0.5513502955436707,0.9403228163719177,0.4038289785385132,0.8001731038093567,-0.7476760745048523,0.9959794282913208,0.6097814440727234,0.7775135636329651,0.4775297939777374,0.9023998379707336
IMG_9684 3,59,1953,good,0.48229002952575684,0.4284372329711914,-0.0752999484539032,0.9999660849571228,0.49013152718544006,0.4209067225456238,-0.07558801025152206,0.9999701380729675,0.4939744770526886,0.4206904470920563,-0.07564963400363922,0.9999717473983765,0.49799075722694397,0.42052191495895386,-0.07574893534183502,0.9999701380729675,0.481380432844162,0.42133477330207825,-0.04348297417163849,0.9999446868896484,0.47904402017593384,0.42139360308647156,-0.04348047450184822,0.9999162554740906,0.47639375925064087,0.4213946461677551,-0.04334842041134834,0.9999247789382935,0.5080153942108154,0.4233643114566803,-0.023139433935284615,0.999960720539093,0.4771944284439087,0.424261212348938,0.13175660371780396,0.9999040961265564,0.491641640663147,0.4362262487411499,-0.0452583022415638,0.9999514222145081,0.4795648157596588,0.43634161353111267,-0.005318238865584135,0.9999173283576965,0.5521789193153381,0.4669594168663025,-0.10447322577238083,0.9999458193778992,0.4595763683319092,0.47036656737327576,0.2805427312850952,0.9997202754020691,0.48141422867774963,0.5075201392173767,-0.2774219512939453,0.9738948941230774,0.4232638478279114,0.5165029764175415,0.04794270545244217,0.6592819094657898,0.4630192220211029,0.45112520456314087,-0.28581762313842773,0.9516642689704895,0.4394835829734802,0.46813130378723145,-0.3430670499801636,0.8063176870346069,0.45753175020217896,0.43463659286499023,-0.32128921151161194,0.9392010569572449,0.4449142515659332,0.45697593688964844,-0.3997095823287964,0.7674306035041809,0.4699706435203552,0.42963993549346924,-0.3040831387042999,0.9357746243476868,0.449832946062088,0.4513219892978668,-0.3742106258869171,0.7623538970947266,0.4716835618019104,0.43687576055526733,-0.275930792093277,0.9029489755630493,0.44766589999198914,0.4557022750377655,-0.3459620773792267,0.7299253940582275,0.5200930833816528,0.5798915028572083,-0.16287127137184143,0.9999596476554871,0.4759604036808014,0.5808914303779602,0.16330261528491974,0.999801516532898,0.47976765036582947,0.6695271134376526,-0.4009205996990204,0.9909226894378662,0.5238761901855469,0.6702835559844971,0.3241506516933441,0.7054823637008667,0.4779489040374756,0.7805063724517822,-0.50859135389328,0.9983266592025757,0.6288885474205017,0.7381837964057922,0.5514892339706421,0.8930946588516235,0.498208612203598,0.7979959845542908,-0.524428129196167,0.9945178627967834,0.6556001901626587,0.7478470802307129,0.5717353820800781,0.9427127838134766,0.4029674232006073,0.800162672996521,-0.7033280730247498,0.9959742426872253,0.6099392175674438,0.775992751121521,0.5079403519630432,0.9039917588233948
IMG_9684 3,60,1986,good,0.4817714989185333,0.42861002683639526,-0.06255076080560684,0.9999685287475586,0.48991960287094116,0.42105263471603394,-0.06469952315092087,0.9999725222587585,0.4936997592449188,0.4207935333251953,-0.06478135287761688,0.9999740719795227,0.4976699948310852,0.42054474353790283,-0.0648878887295723,0.9999725818634033,0.48109951615333557,0.4215635657310486,-0.030366050079464912,0.9999492168426514,0.47854524850845337,0.42162445187568665,-0.030360067263245583,0.999923050403595,0.47577378153800964,0.4216251075267792,-0.030240196734666824,0.9999306797981262,0.5073360800743103,0.4233608841896057,-0.015347185544669628,0.9999642968177795,0.4757853150367737,0.4243648648262024,0.1440497785806656,0.9999113082885742,0.49113816022872925,0.436225563287735,-0.036218032240867615,0.9999549984931946,0.4794293940067291,0.4363780617713928,0.007396115455776453,0.9999229907989502,0.5520116090774536,0.466957151889801,-0.09330839663743973,0.9999496340751648,0.4589655101299286,0.4699495732784271,0.2958824038505554,0.9997233748435974,0.48180779814720154,0.5079212188720703,-0.2467213124036789,0.9741515517234802,0.42379680275917053,0.5166661143302917,0.0734565407037735,0.6532931327819824,0.463144451379776,0.451217383146286,-0.2303113490343094,0.9510517716407776,0.44229254126548767,0.4690900444984436,-0.30034396052360535,0.7956998348236084,0.45742201805114746,0.4342542886734009,-0.26316744089126587,0.938204288482666,0.45857158303260803,0.4604201912879944,-0.353255033493042,0.7540947198867798,0.46990442276000977,0.4295976459980011,-0.24690066277980804,0.9347180128097534,0.4653732478618622,0.4534244239330292,-0.32917678356170654,0.7473532557487488,0.47174540162086487,0.43709877133369446,-0.22001656889915466,0.9016345739364624,0.46483469009399414,0.457856684923172,-0.30327364802360535,0.712608814239502,0.5199663639068604,0.5798901319503784,-0.16114965081214905,0.9999620914459229,0.475925087928772,0.5808438062667847,0.16163206100463867,0.9998109936714172,0.47817105054855347,0.6690965890884399,-0.40396639704704285,0.991263747215271,0.5230622887611389,0.6700871586799622,0.31803983449935913,0.7115217447280884,0.47807809710502625,0.7798063158988953,-0.5127292275428772,0.9983599185943604,0.6286823749542236,0.7381453514099121,0.5435008406639099,0.8966838121414185,0.4983033239841461,0.7976852655410767,-0.5289166569709778,0.9944663047790527,0.655413031578064,0.747958242893219,0.5623467564582825,0.9441468715667725,0.40324559807777405,0.8002855777740479,-0.7079092860221863,0.9959884285926819,0.609314501285553,0.775994598865509,0.5034236907958984,0.9061980247497559
IMG_9684 3,61,2019,good,0.4825088381767273,0.4286578297615051,-0.058685366064310074,0.9999706745147705,0.49018481373786926,0.4210575819015503,-0.058897003531455994,0.9999746680259705,0.49407169222831726,0.4207989275455475,-0.05898650363087654,0.9999761581420898,0.4981399476528168,0.4205594062805176,-0.059101659804582596,0.9999748468399048,0.48106202483177185,0.42157718539237976,-0.026414772495627403,0.9999532699584961,0.4784882664680481,0.4216407239437103,-0.02641141228377819,0.9999290704727173,0.4757494330406189,0.4216511845588684,-0.02628903090953827,0.9999358057975769,0.5072354078292847,0.4233604967594147,0.0027479571290314198,0.9999675154685974,0.47446972131729126,0.42439746856689453,0.14900243282318115,0.9999175071716309,0.4920704662799835,0.4362269937992096,-0.029634496197104454,0.9999582767486572,0.4795399308204651,0.4364756643772125,0.01166536845266819,0.9999279379844666,0.5518971085548401,0.4669157862663269,-0.0740719810128212,0.9999533295631409,0.45726069808006287,0.46976134181022644,0.3035227656364441,0.9997215270996094,0.4838036894798279,0.5080217123031616,-0.2387581765651703,0.9742509722709656,0.42410141229629517,0.5168489813804626,0.08308105170726776,0.6472275853157043,0.4637020230293274,0.4510471224784851,-0.24589213728904724,0.9515051245689392,0.44190743565559387,0.4688640236854553,-0.2832116186618805,0.789819061756134,0.4574544131755829,0.4340306520462036,-0.2795651853084564,0.938771665096283,0.44623640179634094,0.460051566362381,-0.33424392342567444,0.7466919422149658,0.4702855944633484,0.4294029772281647,-0.2629182040691376,0.9353325963020325,0.4514774680137634,0.45296594500541687,-0.3117382228374481,0.7387931942939758,0.4720194637775421,0.43696627020835876,-0.23609396815299988,0.9026177525520325,0.4521350860595703,0.4572869539260864,-0.2864988148212433,0.7023348212242126,0.5199695229530334,0.5796730518341064,-0.15790928900241852,0.999964714050293,0.4756952226161957,0.5805813074111938,0.15839678049087524,0.9998207092285156,0.4780355989933014,0.6686365604400635,-0.4083738923072815,0.9915891289710999,0.5215020179748535,0.6699522733688354,0.30266880989074707,0.716178834438324,0.47821903228759766,0.7798998951911926,-0.5192998647689819,0.9983946681022644,0.6284855604171753,0.7379154562950134,0.5169944763183594,0.8989906907081604,0.49850645661354065,0.7976824045181274,-0.534629225730896,0.9944270849227905,0.655425488948822,0.7479689121246338,0.5351952910423279,0.9446476101875305,0.4032960534095764,0.8005865812301636,-0.7143516540527344,0.9960448145866394,0.6093278527259827,0.7760677337646484,0.4661366641521454,0.9075070023536682
IMG_9684 3,62,2052,good,0.4823123514652252,0.4286569356918335,-0.09396030753850937,0.9999713897705078,0.49004873633384705,0.42105990648269653,-0.09645963460206985,0.9999756813049316,0.4939889907836914,0.42080631852149963,-0.09655743837356567,0.9999772906303406,0.4981454312801361,0.4205820560455322,-0.09665331989526749,0.9999760389328003,0.48097744584083557,0.4215746223926544,-0.06144510954618454,0.9999554753303528,0.47844576835632324,0.42163658142089844,-0.061455294489860535,0.9999323487281799,0.4757360517978668,0.4216472804546356,-0.061355795711278915,0.9999380707740784,0.5073312520980835,0.4233759641647339,-0.03330393508076668,0.9999697804450989,0.4745456874370575,0.42445388436317444,0.12180725485086441,0.9999191164970398,0.4919513761997223,0.4362272322177887,-0.06562933325767517,0.9999598264694214,0.47953715920448303,0.43648338317871094,-0.02073325589299202,0.9999292492866516,0.5517992973327637,0.4667850732803345,-0.1030563935637474,0.9999558329582214,0.4571264684200287,0.4697311520576477,0.2874653935432434,0.9997169375419617,0.48524677753448486,0.5078889727592468,-0.29701998829841614,0.9745044708251953,0.4236377775669098,0.5165661573410034,0.0615604892373085,0.6491230130195618,0.46470776200294495,0.4493270516395569,-0.34418538212776184,0.951299250125885,0.43899428844451904,0.46856358647346497,-0.3419909179210663,0.7902984023094177,0.4623699188232422,0.43135058879852295,-0.38559406995773315,0.9389215111732483,0.441560298204422,0.4573107063770294,-0.39870208501815796,0.7459306716918945,0.47479599714279175,0.42760196328163147,-0.36824116110801697,0.9355255961418152,0.44841843843460083,0.4512460231781006,-0.3727288246154785,0.7372602820396423,0.4756067991256714,0.4342246651649475,-0.33518069982528687,0.902500569820404,0.4496280550956726,0.45645231008529663,-0.34473374485969543,0.6985015869140625,0.5198339223861694,0.5797003507614136,-0.15962250530719757,0.9999662041664124,0.4755080044269562,0.5805500745773315,0.16008278727531433,0.9998219013214111,0.4771900177001953,0.6691893935203552,-0.42226138710975647,0.9920600652694702,0.5215237736701965,0.6698086261749268,0.33662694692611694,0.7255255579948425,0.4781455099582672,0.780067503452301,-0.5488035678863525,0.9984757900238037,0.6284615993499756,0.7379245162010193,0.5775278210639954,0.9023556709289551,0.4976867139339447,0.7976580262184143,-0.5663244724273682,0.9945728182792664,0.6560456156730652,0.7476734519004822,0.5988128185272217,0.9469630122184753,0.40353912115097046,0.8005836606025696,-0.7548245191574097,0.9961068034172058,0.6092149615287781,0.7754988670349121,0.5297824144363403,0.9090257287025452
IMG_9684 3,63,2085,good,0.48218077421188354,0.43096745014190674,-0.08722437173128128,0.9999726414680481,0.4895431399345398,0.42258593440055847,-0.08498957008123398,0.9999770522117615,0.4936631917953491,0.42221665382385254,-0.08510596305131912,0.9999787211418152,0.4979921579360962,0.421909898519516,-0.08522189408540726,0.9999775886535645,0.47997018694877625,0.42318081855773926,-0.05391354858875275,0.9999582171440125,0.4773445427417755,0.4232020080089569,-0.05389619991183281,0.9999364018440247,0.4744783639907837,0.42315828800201416,-0.053776323795318604,0.999941349029541,0.5069844722747803,0.4239872097969055,-0.016261767596006393,0.9999721646308899,0.47281432151794434,0.42518350481987,0.13117559254169464,0.9999225735664368,0.49182218313217163,0.4380870759487152,-0.05282975360751152,0.9999619722366333,0.47928088903427124,0.4384475648403168,-0.012132270261645317,0.9999316930770874,0.5515686273574829,0.4668368995189667,-0.08847158402204514,0.9999582171440125,0.45661845803260803,0.47014203667640686,0.29227229952812195,0.9997051954269409,0.49009087681770325,0.5078262686729431,-0.2850668430328369,0.974238932132721,0.4238349497318268,0.5165686011314392,0.06214376538991928,0.641237735748291,0.46490445733070374,0.44910234212875366,-0.33540135622024536,0.9508301019668579,0.43842703104019165,0.4682632386684418,-0.3319534659385681,0.7843719124794006,0.462124228477478,0.4313928782939911,-0.37582913041114807,0.9384284019470215,0.43932101130485535,0.45681819319725037,-0.38338688015937805,0.7394759058952332,0.4741441011428833,0.42758291959762573,-0.36369386315345764,0.9349645376205444,0.4447579085826874,0.45104551315307617,-0.3388071656227112,0.7299156188964844,0.47513213753700256,0.43259793519973755,-0.3272574841976166,0.9017128348350525,0.44609010219573975,0.45624208450317383,-0.32390108704566956,0.6896699666976929,0.519900381565094,0.5796938538551331,-0.15855596959590912,0.9999681115150452,0.47534480690956116,0.5805369019508362,0.15901030600070953,0.9998276829719543,0.4773179292678833,0.6689802408218384,-0.42737340927124023,0.9922978281974792,0.5215808153152466,0.6697983145713806,0.3246496617794037,0.7306392192840576,0.47816789150238037,0.780125617980957,-0.5599141716957092,0.9985172152519226,0.6283842325210571,0.7379326224327087,0.5394913554191589,0.9046363830566406,0.49781110882759094,0.7976644039154053,-0.5773887038230896,0.9946123361587524,0.6557260155677795,0.7478166818618774,0.5573180317878723,0.9478701949119568,0.4033486843109131,0.800686240196228,-0.7673450112342834,0.9961922764778137,0.6098965406417847,0.7760260701179504,0.4800075888633728,0.9108324646949768
IMG_9684 3,64,2118,good,0.48201221227645874,0.4324972629547119,-0.12264596670866013,0.999973475933075,0.48935291171073914,0.42369356751441956,-0.1251453310251236,0.9999780058860779,0.49356111884117126,0.42323482036590576,-0.12527166306972504,0.9999797940254211,0.4979618787765503,0.42285946011543274,-0.1253749579191208,0.9999786615371704,0.47963058948516846,0.42425787448883057,-0.09051046520471573,0.99996018409729,0.4769558906555176,0.42417973279953003,-0.09051002562046051,0.9999393224716187,0.47413232922554016,0.424041211605072,-0.09041120857000351,0.999943196773529,0.5066751837730408,0.4244229197502136,-0.056129179894924164,0.9999741911888123,0.4725244343280792,0.4257197082042694,0.1010272353887558,0.9999250769615173,0.49168452620506287,0.4395225942134857,-0.09007802605628967,0.9999639987945557,0.47917893528938293,0.43999746441841125,-0.04537500441074371,0.9999341368675232,0.551341712474823,0.4666809141635895,-0.11552264541387558,0.9999604225158691,0.4564801752567291,0.470104455947876,0.2756373882293701,0.9997057914733887,0.48548102378845215,0.5058013796806335,-0.3218342959880829,0.9743137955665588,0.42398709058761597,0.5163796544075012,0.06251152604818344,0.6427783370018005,0.4648534655570984,0.4486793577671051,-0.3868558704853058,0.950245201587677,0.44034135341644287,0.4670226573944092,-0.323654443025589,0.780247151851654,0.46394363045692444,0.43068206310272217,-0.42950722575187683,0.938195526599884,0.4545867443084717,0.4567270278930664,-0.3759572207927704,0.7334595322608948,0.47419601678848267,0.425916463136673,-0.412496417760849,0.9347877502441406,0.4599142372608185,0.45093801617622375,-0.34516656398773193,0.7229354381561279,0.4763237237930298,0.43121713399887085,-0.3781144618988037,0.9009211659431458,0.46102121472358704,0.45609503984451294,-0.3233070969581604,0.6804206371307373,0.5199221968650818,0.5799594521522522,-0.15953771770000458,0.9999690651893616,0.4753274917602539,0.5807889103889465,0.16000866889953613,0.9998275637626648,0.4771328270435333,0.6695018410682678,-0.4341281056404114,0.9925864934921265,0.5231389999389648,0.6698698401451111,0.3385884463787079,0.7394158244132996,0.4781331419944763,0.7801198363304138,-0.5612860321998596,0.9985695481300354,0.6284716129302979,0.738000214099884,0.5851285457611084,0.9070628881454468,0.49704766273498535,0.7972562909126282,-0.5789141058921814,0.9946334958076477,0.6557592153549194,0.7482133507728577,0.6068066954612732,0.9498650431632996,0.4025503993034363,0.8007712960243225,-0.773688793182373,0.9961615204811096,0.6094812750816345,0.7758581042289734,0.5266854166984558,0.9115853309631348
IMG_9684 3,65,2152,good,0.48333457112312317,0.4321454167366028,-0.10867515951395035,0.9999749660491943,0.49048835039138794,0.4235287606716156,-0.11791325360536575,0.9999794363975525,0.4947921633720398,0.42311564087867737,-0.11801502108573914,0.999981164932251,0.4991634786128998,0.4227932095527649,-0.11806786805391312,0.9999801516532898,0.47998443245887756,0.42411860823631287,-0.07738295942544937,0.9999629259109497,0.4770854711532593,0.4240763783454895,-0.07740212976932526,0.9999434351921082,0.47414109110832214,0.42399364709854126,-0.07732518017292023,0.999946653842926,0.5067368149757385,0.42440998554229736,-0.02719685435295105,0.999976396560669,0.47191834449768066,0.42569687962532043,0.10614844411611557,0.9999291896820068,0.49280357360839844,0.439160019159317,-0.08621960878372192,0.9999663233757019,0.47927069664001465,0.4399121105670929,-0.03631659969687462,0.9999375939369202,0.5511947870254517,0.46624574065208435,-0.09562050551176071,0.9999630451202393,0.4560621976852417,0.47011271119117737,0.28555917739868164,0.9997038841247559,0.48429226875305176,0.5050897598266602,-0.2850167453289032,0.9744601249694824,0.4239855408668518,0.516528844833374,0.0700298473238945,0.6416522264480591,0.46199262142181396,0.44976943731307983,-0.32685714960098267,0.9497836232185364,0.4396865963935852,0.46696650981903076,-0.31162941455841064,0.7771719098091125,0.4571227431297302,0.43648549914360046,-0.3655189573764801,0.9376824498176575,0.4527575969696045,0.4565368592739105,-0.36427041888237,0.7291913628578186,0.4695018529891968,0.42972972989082336,-0.3467288017272949,0.9342535138130188,0.4559764862060547,0.45090019702911377,-0.3378239572048187,0.717909574508667,0.4708321988582611,0.43501126766204834,-0.316783607006073,0.9001690745353699,0.4556109309196472,0.45464372634887695,-0.31356340646743774,0.6739783883094788,0.5199441313743591,0.5800071954727173,-0.15914274752140045,0.9999707937240601,0.47531160712242126,0.5807940363883972,0.15962141752243042,0.9998315572738647,0.47705739736557007,0.6695383787155151,-0.43145373463630676,0.9929729104042053,0.5230733752250671,0.6694257259368896,0.33494311571121216,0.7483392357826233,0.4780603349208832,0.7802597284317017,-0.5576568841934204,0.9986177086830139,0.6284616589546204,0.7378430962562561,0.5784406065940857,0.9090867638587952,0.49687957763671875,0.7972928881645203,-0.575089693069458,0.9946323037147522,0.6559540629386902,0.7474734783172607,0.5990511178970337,0.9506900906562805,0.40246453881263733,0.800725519657135,-0.765724241733551,0.9961850047111511,0.6097060441970825,0.7735852599143982,0.5258458256721497,0.9118616580963135
IMG_9684 3,66,2185,good,0.482852578163147,0.4317665696144104,-0.10820533335208893,0.9999757409095764,0.4899648129940033,0.4233349561691284,-0.11335127055644989,0.9999802112579346,0.49441584944725037,0.42291900515556335,-0.11345014721155167,0.9999819993972778,0.4989592432975769,0.42261043190956116,-0.11353112012147903,0.9999810457229614,0.4791606068611145,0.4240168333053589,-0.07681602984666824,0.999964714050293,0.47616204619407654,0.4240127205848694,-0.07682278007268906,0.999946117401123,0.4731384813785553,0.42396801710128784,-0.07672330737113953,0.9999486804008484,0.5066262483596802,0.42433735728263855,-0.04026413336396217,0.9999780058860779,0.4711230993270874,0.4256869852542877,0.10613365471363068,0.9999314546585083,0.49277186393737793,0.4388125538825989,-0.08170563727617264,0.9999678134918213,0.47867414355278015,0.4397301971912384,-0.03517556190490723,0.999939501285553,0.550862193107605,0.46617940068244934,-0.10758914798498154,0.9999648928642273,0.4560428261756897,0.47018054127693176,0.27827098965644836,0.9997063875198364,0.4843452274799347,0.5055149793624878,-0.2987019717693329,0.9744004607200623,0.42381805181503296,0.5165013670921326,0.051873140037059784,0.6451587080955505,0.45955607295036316,0.4505840837955475,-0.3389284908771515,0.948572039604187,0.43872517347335815,0.46752986311912537,-0.3462330996990204,0.7762107849121094,0.45421504974365234,0.43710562586784363,-0.3789742588996887,0.9365072846412659,0.4523225426673889,0.4564652442932129,-0.40138617157936096,0.7260833978652954,0.4645042419433594,0.43060845136642456,-0.3598041236400604,0.9329967498779297,0.4543478190898895,0.45079171657562256,-0.3736988306045532,0.7140191197395325,0.46640586853027344,0.43680036067962646,-0.3289420008659363,0.8981216549873352,0.45253828167915344,0.45480063557624817,-0.34804093837738037,0.6685268878936768,0.5199404358863831,0.5800337195396423,-0.15910780429840088,0.9999718070030212,0.47520095109939575,0.5807803273200989,0.15957990288734436,0.9998323917388916,0.4769730865955353,0.669530987739563,-0.432410329580307,0.993363082408905,0.5243778228759766,0.6693479418754578,0.3460615873336792,0.7566008567810059,0.47806674242019653,0.7802347540855408,-0.5645034909248352,0.9986774325370789,0.6283697485923767,0.7375099062919617,0.5931782126426697,0.9114096164703369,0.49658694863319397,0.7970355153083801,-0.5828495025634766,0.9946928024291992,0.6562161445617676,0.7471503019332886,0.6150886416435242,0.9521838426589966,0.40239307284355164,0.8005572557449341,-0.7735884189605713,0.9962038397789001,0.6097797751426697,0.7735707759857178,0.5463738441467285,0.9126198291778564
IMG_9684 3,67,2218,good,0.4828323423862457,0.4316459596157074,-0.12672220170497894,0.9999768137931824,0.48996350169181824,0.4232684373855591,-0.12764954566955566,0.9999812841415405,0.4944102466106415,0.42286252975463867,-0.1277606189250946,0.9999830722808838,0.49893951416015625,0.42256560921669006,-0.12787744402885437,0.9999821782112122,0.4791501760482788,0.42393332719802856,-0.09457763284444809,0.9999667406082153,0.4761190414428711,0.42392924427986145,-0.09456538408994675,0.9999492168426514,0.47302600741386414,0.42388737201690674,-0.09444404393434525,0.9999510049819946,0.5065106749534607,0.4243536591529846,-0.0488470122218132,0.9999797940254211,0.47010594606399536,0.425697386264801,0.09602711349725723,0.9999348521232605,0.4926776587963104,0.43874242901802063,-0.09269598871469498,0.9999698400497437,0.4786531925201416,0.4396478533744812,-0.050231121480464935,0.9999425411224365,0.5499231219291687,0.4661409258842468,-0.11030695587396622,0.9999668598175049,0.4545595049858093,0.46989741921424866,0.27405625581741333,0.9997076392173767,0.48561739921569824,0.5070189237594604,-0.2947869300842285,0.9742575883865356,0.42392846941947937,0.5164490342140198,0.05851048231124878,0.642777144908905,0.45954757928848267,0.45029738545417786,-0.3203302025794983,0.9476468563079834,0.43983718752861023,0.46735456585884094,-0.3263908624649048,0.7711887359619141,0.4543466567993164,0.4358394145965576,-0.35686829686164856,0.9356430768966675,0.4549546539783478,0.4564509689807892,-0.37920406460762024,0.7198535799980164,0.4649112820625305,0.4303867518901825,-0.33836430311203003,0.9321428537368774,0.4585295021533966,0.45075348019599915,-0.3540080487728119,0.7071106433868408,0.46640273928642273,0.4366283416748047,-0.30980345606803894,0.8967247009277344,0.45205456018447876,0.4548325538635254,-0.328692227602005,0.660438060760498,0.5201408267021179,0.580032467842102,-0.15875819325447083,0.9999731779098511,0.47518542408943176,0.5807675123214722,0.15925291180610657,0.9998367428779602,0.4768187999725342,0.6694004535675049,-0.43552064895629883,0.9937609434127808,0.5243139266967773,0.6686089634895325,0.3419029712677002,0.7660617232322693,0.4780859351158142,0.7800633907318115,-0.5616733431816101,0.9987335801124573,0.6282595992088318,0.7374990582466125,0.5896779894828796,0.9139528870582581,0.49634090065956116,0.7968082427978516,-0.5793150067329407,0.994778037071228,0.6562055945396423,0.7468251585960388,0.611687958240509,0.9535568356513977,0.40302544832229614,0.8004513382911682,-0.7694346904754639,0.9961960315704346,0.609893798828125,0.7728394865989685,0.5377721190452576,0.9125461578369141
IMG_9684 3,68,2251,good,0.4828520715236664,0.4298931062221527,-0.10782818496227264,0.9999778270721436,0.4899756610393524,0.42220231890678406,-0.10203476995229721,0.9999822378158569,0.4944564700126648,0.4220019280910492,-0.10213882476091385,0.9999839663505554,0.49901771545410156,0.42190712690353394,-0.10225193947553635,0.9999831914901733,0.47913575172424316,0.42264631390571594,-0.07219962775707245,0.9999687075614929,0.47602006793022156,0.42270728945732117,-0.0721672773361206,0.9999521970748901,0.4727672338485718,0.4227537214756012,-0.0720103457570076,0.9999536275863647,0.5065121650695801,0.4242369830608368,-0.016825443133711815,0.9999812841415405,0.46914878487586975,0.42533597350120544,0.12232554703950882,0.9999381303787231,0.4926689863204956,0.43771353363990784,-0.06898058205842972,0.9999714493751526,0.4785097539424896,0.43862250447273254,-0.030372997745871544,0.9999452829360962,0.5493682026863098,0.46591848134994507,-0.09069602936506271,0.9999682903289795,0.45327383279800415,0.46992385387420654,0.2950882017612457,0.9997082352638245,0.4858618974685669,0.5072239637374878,-0.26998767256736755,0.9740452170372009,0.42387765645980835,0.5167138576507568,0.059688765555620193,0.6439111828804016,0.4549518823623657,0.4516860246658325,-0.28062698245048523,0.9461360573768616,0.4391051232814789,0.46889081597328186,-0.3188234865665436,0.7674520611763,0.4506106674671173,0.43717122077941895,-0.31799137592315674,0.933655321598053,0.4487942159175873,0.45629626512527466,-0.3704976439476013,0.7132094502449036,0.45919764041900635,0.43080323934555054,-0.2972347140312195,0.9299178719520569,0.455513596534729,0.45274847745895386,-0.3488326668739319,0.6995318531990051,0.46382641792297363,0.4366285800933838,-0.2696641683578491,0.893904447555542,0.4508623778820038,0.45541346073150635,-0.32237672805786133,0.6521208882331848,0.5210884809494019,0.5797131657600403,-0.1587274819612503,0.999973714351654,0.47517457604408264,0.5804581642150879,0.1592170000076294,0.9998356103897095,0.4767490029335022,0.6693679690361023,-0.4338245391845703,0.9940475225448608,0.52824866771698,0.6683879494667053,0.339002788066864,0.7727316617965698,0.4780924618244171,0.7801254987716675,-0.5561277866363525,0.9987697601318359,0.6282572150230408,0.736841082572937,0.5865746736526489,0.9159436821937561,0.49591752886772156,0.7967579960823059,-0.5731916427612305,0.9946452379226685,0.6559445261955261,0.7458966970443726,0.6087344288825989,0.9542322754859924,0.4019877314567566,0.8004494309425354,-0.7683766484260559,0.9961912631988525,0.6114150881767273,0.7726441025733948,0.534966230392456,0.9139329195022583
IMG_9684 3,69,2284,good,0.47760552167892456,0.4296075701713562,-0.07284467667341232,0.9999790787696838,0.48566463589668274,0.4219987392425537,-0.07382815331220627,0.9999833106994629,0.49020808935165405,0.42179152369499207,-0.07392038404941559,0.9999849796295166,0.49488967657089233,0.4216863214969635,-0.07400424033403397,0.9999842047691345,0.47527986764907837,0.42243528366088867,-0.04025370627641678,0.9999709129333496,0.4724779725074768,0.4224795401096344,-0.04024508595466614,0.9999555349349976,0.46955353021621704,0.42251163721084595,-0.040149763226509094,0.9999567270278931,0.5040146708488464,0.42408287525177,-0.01296008750796318,0.9999825954437256,0.46790459752082825,0.4251801371574402,0.13800066709518433,0.9999421238899231,0.48793137073516846,0.43723952770233154,-0.04467657953500748,0.9999728202819824,0.4745115637779236,0.43799999356269836,-0.0015883842715993524,0.9999480247497559,0.5486661195755005,0.465526819229126,-0.0848613902926445,0.9999690055847168,0.4524403512477875,0.4698149859905243,0.2931661009788513,0.9997149109840393,0.4732514023780823,0.5065571069717407,-0.264680415391922,0.9740169644355774,0.4229564666748047,0.5167914628982544,0.06298725306987762,0.6529846787452698,0.45483845472335815,0.45161640644073486,-0.28561079502105713,0.9456813931465149,0.4386441111564636,0.46924203634262085,-0.31663253903388977,0.770922064781189,0.44995391368865967,0.4360578656196594,-0.32474228739738464,0.9327605962753296,0.4501573443412781,0.45881912112236023,-0.3704623878002167,0.7141278386116028,0.4600285291671753,0.43039241433143616,-0.3068479001522064,0.9288920760154724,0.4570028483867645,0.4532988965511322,-0.34463346004486084,0.6996610164642334,0.462999552488327,0.4363570511341095,-0.2763449251651764,0.8925676345825195,0.45007678866386414,0.4556128978729248,-0.3187010586261749,0.6513884663581848,0.5216875672340393,0.5793007612228394,-0.15674664080142975,0.999974250793457,0.47536152601242065,0.580341637134552,0.157234326004982,0.9998380541801453,0.47684338688850403,0.6690415143966675,-0.4331692159175873,0.9941192269325256,0.5297698974609375,0.6680269241333008,0.335623562335968,0.772289514541626,0.4779287278652191,0.7799398303031921,-0.5604569315910339,0.9987645149230957,0.6282907128334045,0.737756609916687,0.5849658846855164,0.9160232543945312,0.4955446720123291,0.7966351509094238,-0.5787081718444824,0.9944881796836853,0.6544542908668518,0.750154972076416,0.6070500612258911,0.9536502361297607,0.3988986015319824,0.8003465533256531,-0.7709900736808777,0.9962084889411926,0.6102584600448608,0.7725613117218018,0.528394877910614,0.9148851633071899
IMG_9684 3,70,2317,good,0.4776644706726074,0.4279567003250122,-0.06259793043136597,0.9999799728393555,0.48570120334625244,0.42074504494667053,-0.059816937893629074,0.9999841451644897,0.49023619294166565,0.4206494987010956,-0.05990927666425705,0.9999856948852539,0.4949033856391907,0.4206916391849518,-0.06000734120607376,0.9999850392341614,0.4749906659126282,0.4212803542613983,-0.028472013771533966,0.9999726414680481,0.47193604707717896,0.4214458763599396,-0.0284628514200449,0.9999580979347229,0.4687451720237732,0.4216187298297882,-0.02835463359951973,0.9999591708183289,0.5038301944732666,0.4236571192741394,0.01007137168198824,0.9999837279319763,0.4663415849208832,0.42472633719444275,0.15058092772960663,0.9999447464942932,0.48796308040618896,0.43612685799598694,-0.03213691711425781,0.999973714351654,0.47423043847084045,0.43695974349975586,0.008109403774142265,0.9999498128890991,0.5478773713111877,0.46550077199935913,-0.07004954665899277,0.9999699592590332,0.45148617029190063,0.469912052154541,0.30292782187461853,0.9997141361236572,0.4771183729171753,0.5063551068305969,-0.25497135519981384,0.97426837682724,0.4229263961315155,0.5167582631111145,0.07361698895692825,0.6559467315673828,0.4536578953266144,0.4507679045200348,-0.2756797671318054,0.9462360143661499,0.4382862448692322,0.46915167570114136,-0.29771876335144043,0.7733780741691589,0.4491874575614929,0.4359589219093323,-0.31564632058143616,0.9329723715782166,0.4497028887271881,0.45850685238838196,-0.3523273468017578,0.7150506973266602,0.46029892563819885,0.42966362833976746,-0.29601943492889404,0.9290152788162231,0.45566144585609436,0.4530031085014343,-0.32501086592674255,0.6999532580375671,0.4623117446899414,0.43566930294036865,-0.26608017086982727,0.8929633498191833,0.4495958983898163,0.4556495249271393,-0.29932159185409546,0.651455819606781,0.521877646446228,0.5787212252616882,-0.15578283369541168,0.99997478723526,0.4753568768501282,0.5800849199295044,0.15626715123653412,0.9998384714126587,0.4769291579723358,0.6690630912780762,-0.41955551505088806,0.9941410422325134,0.5298202633857727,0.6674676537513733,0.3164065182209015,0.7716407179832458,0.47779473662376404,0.7798861861228943,-0.5326555371284485,0.9987570643424988,0.6283385157585144,0.7377912402153015,0.540368378162384,0.9165521264076233,0.4952195882797241,0.7965895533561707,-0.549172043800354,0.9943200349807739,0.6544702649116516,0.7500723004341125,0.5592714548110962,0.9530192017555237,0.3981441855430603,0.8004187941551208,-0.7343787550926208,0.9962498545646667,0.610200047492981,0.7711116075515747,0.4865548014640808,0.9164615869522095
IMG_9684 3,71,2350,good,0.4769648313522339,0.42797815799713135,-0.03475692868232727,0.999981164932251,0.484603613615036,0.4207203686237335,-0.0326094888150692,0.9999851584434509,0.48923084139823914,0.42058780789375305,-0.032703518867492676,0.9999866485595703,0.4939611852169037,0.42058661580085754,-0.03282064199447632,0.9999860525131226,0.47350013256073,0.4212833344936371,-0.0009910785593092442,0.9999745488166809,0.47031962871551514,0.42145615816116333,-0.0009765291470102966,0.9999609589576721,0.4669433832168579,0.4216375946998596,-0.0008443096885457635,0.9999619126319885,0.50254225730896,0.4234958291053772,0.033290039747953415,0.9999850392341614,0.46433568000793457,0.4247184097766876,0.17472517490386963,0.9999482035636902,0.4874904453754425,0.4360954463481903,-0.005131557118147612,0.9999750852584839,0.4732908308506012,0.43695637583732605,0.035100921988487244,0.9999523758888245,0.546913206577301,0.4654758870601654,-0.05198342353105545,0.9999715089797974,0.45022299885749817,0.46979624032974243,0.3305806815624237,0.9997152090072632,0.47787994146347046,0.506737232208252,-0.21621933579444885,0.9743360877037048,0.42290255427360535,0.5167521238327026,0.13916414976119995,0.6493589282035828,0.45079872012138367,0.45149046182632446,-0.20149517059326172,0.9464726448059082,0.43803027272224426,0.4695132374763489,-0.193113774061203,0.7679667472839355,0.44780609011650085,0.43601882457733154,-0.23556190729141235,0.9328861832618713,0.4493800401687622,0.45846930146217346,-0.24007613956928253,0.7094504237174988,0.4564666152000427,0.42958033084869385,-0.21821095049381256,0.9288654923439026,0.4550955593585968,0.45286133885383606,-0.21407978236675262,0.6936364769935608,0.4610348641872406,0.43549397587776184,-0.19147711992263794,0.8931266069412231,0.44923135638237,0.4556778073310852,-0.19432871043682098,0.6453717350959778,0.5222434401512146,0.577771008014679,-0.15567296743392944,0.9999759197235107,0.4754713773727417,0.5794621109962463,0.15616124868392944,0.9998447895050049,0.47694844007492065,0.6690562963485718,-0.4117092788219452,0.9940364360809326,0.5297850370407104,0.6673811078071594,0.2857325077056885,0.7705832123756409,0.47763559222221375,0.7797122597694397,-0.514229416847229,0.9987288117408752,0.6284034252166748,0.7382367253303528,0.4803391098976135,0.9173767566680908,0.4948872923851013,0.7960929870605469,-0.5284600257873535,0.9942240118980408,0.6546119451522827,0.7499608993530273,0.4964525103569031,0.9521355628967285,0.39715489745140076,0.8003017902374268,-0.7050294280052185,0.9962922930717468,0.6092603206634521,0.7719919681549072,0.4242435693740845,0.9179577827453613
IMG_9684 3,72,2383,good,0.4750935733318329,0.42587485909461975,-0.04681422561407089,0.9999821782112122,0.48269912600517273,0.4188695251941681,-0.045503515750169754,0.9999859929084778,0.4872579574584961,0.41881224513053894,-0.04559369012713432,0.9999873638153076,0.49194589257240295,0.4189126193523407,-0.04569721594452858,0.9999868869781494,0.47163382172584534,0.4195553958415985,-0.013376940041780472,0.9999760985374451,0.4684492349624634,0.41985127329826355,-0.013371750712394714,0.9999633431434631,0.46509507298469543,0.42021113634109497,-0.013268223963677883,0.99996417760849,0.5003138184547424,0.4226152002811432,0.016825638711452484,0.9999859929084778,0.4629936218261719,0.42398062348365784,0.16163083910942078,0.999950647354126,0.48578184843063354,0.4341471493244171,-0.01863064244389534,0.9999758005142212,0.47117435932159424,0.43525630235671997,0.022510746493935585,0.9999538660049438,0.5459007024765015,0.4651109278202057,-0.06390273571014404,0.9999723434448242,0.4490988850593567,0.469543993473053,0.3238082528114319,0.9997145533561707,0.48041075468063354,0.5060678720474243,-0.22676615417003632,0.9749118089675903,0.42237389087677,0.5167182683944702,0.13246400654315948,0.6549963355064392,0.4519202411174774,0.4500522017478943,-0.2992089092731476,0.9480614066123962,0.43233639001846313,0.46852484345436096,-0.20487841963768005,0.7727387547492981,0.4504701495170593,0.4341278672218323,-0.3448716104030609,0.9344680905342102,0.43196552991867065,0.4565652310848236,-0.2680336534976959,0.713617205619812,0.45661500096321106,0.42928287386894226,-0.3294503092765808,0.930558979511261,0.4397260248661041,0.4518904983997345,-0.2573477029800415,0.6977893114089966,0.46396300196647644,0.4346032440662384,-0.29286959767341614,0.895503044128418,0.44148868322372437,0.45530596375465393,-0.21512235701084137,0.649716854095459,0.5222480297088623,0.5773872137069702,-0.1545940488576889,0.9999761581420898,0.4755381941795349,0.5793694853782654,0.15504653751850128,0.9998451471328735,0.4769691228866577,0.6692582368850708,-0.3992389440536499,0.9935979247093201,0.5299942493438721,0.6671338081359863,0.27841565012931824,0.7611576318740845,0.4776183068752289,0.7796007394790649,-0.5043510794639587,0.9986400604248047,0.6286934614181519,0.7392313480377197,0.46726474165916443,0.9145494699478149,0.4937501549720764,0.7959948778152466,-0.5198160409927368,0.9939075112342834,0.6547149419784546,0.750775933265686,0.4821861684322357,0.949479341506958,0.3969251215457916,0.800301194190979,-0.698261022567749,0.9962468147277832,0.6047618985176086,0.7724552154541016,0.40609055757522583,0.9169549345970154
IMG_9684 3,73,2416,good,0.474723756313324,0.42584773898124695,-0.030016575008630753,0.9999830722808838,0.4823411703109741,0.4186946749687195,-0.023767361417412758,0.9999867677688599,0.4870469868183136,0.41861021518707275,-0.023862238973379135,0.9999880790710449,0.49179330468177795,0.4186905324459076,-0.0239777322858572,0.9999876618385315,0.470506489276886,0.4193803668022156,0.0052154879085719585,0.9999775886535645,0.467020183801651,0.41965970396995544,0.0052412827499210835,0.9999656677246094,0.46345385909080505,0.420003205537796,0.005363893695175648,0.9999663829803467,0.500015914440155,0.42240625619888306,0.05497302487492561,0.999987006187439,0.4609331786632538,0.4237517714500427,0.18380962312221527,0.9999532699584961,0.4855651259422302,0.43396419286727905,0.0035063603427261114,0.999976634979248,0.4701043367385864,0.43497177958488464,0.040189776569604874,0.9999555945396423,0.5449073910713196,0.4650985598564148,-0.028038926422595978,0.9999731183052063,0.4465131461620331,0.46905893087387085,0.33447134494781494,0.9997146129608154,0.48420387506484985,0.5063285827636719,-0.19677308201789856,0.9746435880661011,0.4219086468219757,0.5169281959533691,0.12990471720695496,0.6557596325874329,0.4521518051624298,0.45060619711875916,-0.2019251585006714,0.9479573965072632,0.4367857873439789,0.46880340576171875,-0.20638607442378998,0.7736612558364868,0.4475776255130768,0.4357340931892395,-0.23684073984622955,0.933853268623352,0.45024698972702026,0.4593309164047241,-0.2565675377845764,0.7139263153076172,0.455445796251297,0.4300087094306946,-0.21728743612766266,0.9298087954521179,0.4556589126586914,0.4531949758529663,-0.22921691834926605,0.6972858905792236,0.4606938064098358,0.4361638128757477,-0.19182157516479492,0.8950876593589783,0.45752695202827454,0.457236111164093,-0.20705609023571014,0.6489909887313843,0.522268533706665,0.5765917897224426,-0.15368995070457458,0.9999771118164062,0.4752362370491028,0.578903317451477,0.15415433049201965,0.9998491406440735,0.4770337641239166,0.6685771346092224,-0.4022929072380066,0.9935389161109924,0.5299587845802307,0.6669123768806458,0.27333691716194153,0.7600417733192444,0.4776146709918976,0.779229998588562,-0.5129297971725464,0.9986031651496887,0.628695547580719,0.7394251823425293,0.4636331796646118,0.9148050546646118,0.49330365657806396,0.7959184646606445,-0.5292827486991882,0.9936870336532593,0.6547278165817261,0.7509766221046448,0.4790911078453064,0.9475858211517334,0.3968852162361145,0.8001710772514343,-0.7108451128005981,0.9962747693061829,0.6048080921173096,0.7725495100021362,0.40312057733535767,0.9182687997817993
IMG_9684 3,74,2450,good,0.4731603264808655,0.42584028840065,-0.022923113778233528,0.999984085559845,0.48071157932281494,0.41844087839126587,-0.017720278352499008,0.9999876022338867,0.4854649305343628,0.41830354928970337,-0.0178082212805748,0.999988853931427,0.4901611804962158,0.41834762692451477,-0.017929682508111,0.9999884963035583,0.4684723913669586,0.4192814826965332,0.012104196473956108,0.9999790787696838,0.46483689546585083,0.4195902645587921,0.012125211767852306,0.9999679327011108,0.46110856533050537,0.41995835304260254,0.012236109934747219,0.9999685883522034,0.49726924300193787,0.42198625206947327,0.05577923357486725,0.9999879598617554,0.4584161341190338,0.4236557185649872,0.18870876729488373,0.999955952167511,0.4841248095035553,0.43386662006378174,0.008969685062766075,0.9999776482582092,0.4686600863933563,0.43492722511291504,0.046755481511354446,0.9999575018882751,0.544077455997467,0.46507129073143005,-0.02436608076095581,0.9999743103981018,0.4448554217815399,0.468912810087204,0.3327711224555969,0.9997156262397766,0.4867556095123291,0.5062820315361023,-0.2054666429758072,0.9748650193214417,0.4202403426170349,0.5166158676147461,0.1220831573009491,0.657747209072113,0.4523078501224518,0.450371116399765,-0.2308756709098816,0.9490149617195129,0.43330684304237366,0.46761468052864075,-0.2318444550037384,0.7757193446159363,0.4477670192718506,0.43524762988090515,-0.2690446674823761,0.9347456097602844,0.4360702633857727,0.4554532468318939,-0.2833402454853058,0.7155427932739258,0.45599478483200073,0.4295040965080261,-0.25073912739753723,0.9307268261909485,0.44564059376716614,0.4525122344493866,-0.25704604387283325,0.6986156702041626,0.4598754048347473,0.43551746010780334,-0.22166229784488678,0.8966364860534668,0.44975125789642334,0.4555695950984955,-0.23334123194217682,0.6506764888763428,0.5221964120864868,0.5759435296058655,-0.1519021838903427,0.9999781250953674,0.4749496877193451,0.5784164667129517,0.15236039459705353,0.9998538494110107,0.47695618867874146,0.6681850552558899,-0.40504342317581177,0.993315577507019,0.529864490032196,0.6665635704994202,0.26439180970191956,0.7509908080101013,0.4776417911052704,0.7792975902557373,-0.516385018825531,0.9985087513923645,0.6286501884460449,0.7398003935813904,0.4495328962802887,0.9116225838661194,0.49317678809165955,0.7960183620452881,-0.5321455001831055,0.9934036731719971,0.6539430022239685,0.75125652551651,0.464433491230011,0.9435898065567017,0.3967099189758301,0.8002260327339172,-0.7114845514297485,0.9962102174758911,0.6033084392547607,0.7727113366127014,0.3864451050758362,0.9164431095123291
