video_no,frame,timestamp_ms,good,x0,y0,z0,visibility0,x1,y1,z1,visibility1,x2,y2,z2,visibility2,x3,y3,z3,visibility3,x4,y4,z4,visibility4,x5,y5,z5,visibility5,x6,y6,z6,visibility6,x7,y7,z7,visibility7,x8,y8,z8,visibility8,x9,y9,z9,visibility9,x10,y10,z10,visibility10,x11,y11,z11,visibility11,x12,y12,z12,visibility12,x13,y13,z13,visibility13,x14,y14,z14,visibility14,x15,y15,z15,visibility15,x16,y16,z16,visibility16,x17,y17,z17,visibility17,x18,y18,z18,visibility18,x19,y19,z19,visibility19,x20,y20,z20,visibility20,x21,y21,z21,visibility21,x22,y22,z22,visibility22,x23,y23,z23,visibility23,x24,y24,z24,visibility24,x25,y25,z25,visibility25,x26,y26,z26,visibility26,x27,y27,z27,visibility27,x28,y28,z28,visibility28,x29,y29,z29,visibility29,x30,y30,z30,visibility30,x31,y31,z31,visibility31,x32,y32,z32,visibility32
IMG_9704 3,1,33,good,0.5374905467033386,0.3484657406806946,-0.16401858627796173,0.9999711513519287,0.5489487648010254,0.3377619981765747,-0.20070837438106537,0.9999774694442749,0.554632306098938,0.33699214458465576,-0.20078162848949432,0.9999802112579346,0.5615259408950806,0.3361746072769165,-0.20090462267398834,0.9999790191650391,0.5375968217849731,0.33885595202445984,-0.13756752014160156,0.9999686479568481,0.5349827408790588,0.33882254362106323,-0.13761435449123383,0.999954104423523,0.5322721600532532,0.33876723051071167,-0.13758976757526398,0.9999582767486572,0.5843914747238159,0.3385156989097595,-0.24286125600337982,0.9999821186065674,0.5435872673988342,0.34067076444625854,0.040876224637031555,0.9999282360076904,0.5518395900726318,0.3577958345413208,-0.16850495338439941,0.9999529123306274,0.5361673831939697,0.35812097787857056,-0.08680316805839539,0.9999206066131592,0.6124594807624817,0.38861292600631714,-0.3389289677143097,0.9998891353607178,0.569912850856781,0.38792186975479126,0.277198851108551,0.9995267391204834,0.4990374445915222,0.43967124819755554,-0.3224780261516571,0.9576135873794556,0.47020041942596436,0.4183236360549927,0.24632669985294342,0.3644343316555023,0.44243282079696655,0.40429145097732544,-0.049292124807834625,0.7535679340362549,0.43317264318466187,0.36732563376426697,-0.028870541602373123,0.47538280487060547,0.4263557493686676,0.39248406887054443,-0.05167720094323158,0.7198758125305176,0.4198979437351227,0.35158270597457886,-0.06405310332775116,0.481254905462265,0.4444388747215271,0.3859131634235382,-0.0629684254527092,0.7191228270530701,0.4129895567893982,0.35390761494636536,-0.06801344454288483,0.48103398084640503,0.4514380395412445,0.38681450486183167,-0.04032211750745773,0.6713038682937622,0.4286631941795349,0.35814911127090454,-0.04381332919001579,0.4631807804107666,0.543277382850647,0.5561748743057251,-0.2104967087507248,0.9999183416366577,0.538947582244873,0.5516812801361084,0.21059107780456543,0.9997463822364807,0.471343994140625,0.6680012345314026,-0.3444799780845642,0.9593980312347412,0.5722852945327759,0.6556838750839233,0.42487597465515137,0.4827824532985687,0.457118958234787,0.7958760857582092,-0.43427518010139465,0.9934231638908386,0.6534382700920105,0.7466582655906677,0.6490923762321472,0.7703439593315125,0.47699403762817383,0.8180486559867859,-0.4465382695198059,0.9899579882621765,0.6875081062316895,0.7580382823944092,0.6699811220169067,0.8755790591239929,0.3618670701980591,0.8203336000442505,-0.5967702865600586,0.9905519485473633,0.5989087224006653,0.7737568616867065,0.6400546431541443,0.8371149897575378
IMG_9704 3,2,66,good,0.5388779044151306,0.3483162224292755,-0.16597522795200348,0.9999709129333496,0.5500689744949341,0.33773428201675415,-0.19741158187389374,0.9999768733978271,0.5560306310653687,0.3369852304458618,-0.1974889189004898,0.9999797344207764,0.5627793669700623,0.33618029952049255,-0.19758379459381104,0.9999785423278809,0.5379626750946045,0.3387817144393921,-0.13754218816757202,0.9999674558639526,0.5351220369338989,0.3387552797794342,-0.13759036362171173,0.9999521374702454,0.5322993397712708,0.33871835470199585,-0.1375599354505539,0.9999562501907349,0.5856311917304993,0.3387569785118103,-0.1885337084531784,0.999981701374054,0.5434815287590027,0.3407054543495178,0.06365072727203369,0.999923586845398,0.5531517863273621,0.3574584126472473,-0.16205306351184845,0.9999529123306274,0.5369205474853516,0.3577546179294586,-0.08611153811216354,0.9999178647994995,0.6135674715042114,0.38916972279548645,-0.26710110902786255,0.9998965263366699,0.5601294040679932,0.38791921734809875,0.30019983649253845,0.9995012283325195,0.5206537842750549,0.43564528226852417,-0.2740762531757355,0.9567031860351562,0.4702197015285492,0.39461517333984375,0.3762718141078949,0.37534740567207336,0.46940284967422485,0.42141813039779663,-0.07009048014879227,0.7505338788032532,0.4251476228237152,0.36634284257888794,0.24355709552764893,0.48467370867729187,0.4582165777683258,0.4228157103061676,-0.08174241334199905,0.7175973057746887,0.40981563925743103,0.3520309031009674,0.22281208634376526,0.4903923273086548,0.46280139684677124,0.4176982343196869,-0.10500187426805496,0.7167815566062927,0.4160005748271942,0.35397768020629883,0.20421692728996277,0.49199217557907104,0.4689466655254364,0.41921085119247437,-0.06810172647237778,0.6682469844818115,0.42575791478157043,0.35806864500045776,0.22665159404277802,0.475599080324173,0.5451937913894653,0.552689254283905,-0.21045485138893127,0.9999201893806458,0.5373931527137756,0.5494557023048401,0.21054759621620178,0.9997365474700928,0.47468939423561096,0.6645910143852234,-0.4372636377811432,0.9599501490592957,0.5662851929664612,0.6547682285308838,0.41274017095565796,0.48934757709503174,0.45797592401504517,0.7949491739273071,-0.6028315424919128,0.9936134219169617,0.6536710262298584,0.7441912293434143,0.6254229545593262,0.7713676691055298,0.4817351698875427,0.8176116347312927,-0.6257796287536621,0.9893231391906738,0.6863537430763245,0.756514310836792,0.6434179544448853,0.8758004307746887,0.36352142691612244,0.8203166723251343,-0.8437463045120239,0.9907005429267883,0.5981507301330566,0.7743912935256958,0.5886417031288147,0.8385584354400635
IMG_9704 3,3,99,good,0.5382109880447388,0.3457489013671875,-0.19560857117176056,0.9999694228172302,0.5500099062919617,0.3359106481075287,-0.23119863867759705,0.9999758005142212,0.5558793544769287,0.33547335863113403,-0.23128388822078705,0.9999786615371704,0.5623714327812195,0.3350027799606323,-0.23137469589710236,0.9999772906303406,0.537994384765625,0.3363383710384369,-0.16793560981750488,0.9999659657478333,0.5352392196655273,0.3361996114253998,-0.16798929870128632,0.9999497532844543,0.5325564742088318,0.3360799252986908,-0.1679529994726181,0.9999536275863647,0.5853341221809387,0.3384990990161896,-0.2647912800312042,0.9999805688858032,0.5445209741592407,0.33923307061195374,0.019351713359355927,0.999920129776001,0.5520046949386597,0.3550299406051636,-0.19856193661689758,0.9999514222145081,0.5364003777503967,0.35484275221824646,-0.11647745966911316,0.9999157786369324,0.6119723916053772,0.3888416588306427,-0.3408065736293793,0.9999004006385803,0.5622390508651733,0.3869137465953827,0.25995680689811707,0.9995112419128418,0.4954831302165985,0.4343450963497162,-0.28288018703460693,0.9560596942901611,0.4719708263874054,0.4000767171382904,0.3457224667072296,0.3705615699291229,0.44029465317726135,0.40604719519615173,-0.041375722736120224,0.7521030902862549,0.42556309700012207,0.366676390171051,0.2022351622581482,0.4853978455066681,0.4255850315093994,0.4004509747028351,-0.045532356947660446,0.7210891246795654,0.41307640075683594,0.352027028799057,0.18624985218048096,0.4933053255081177,0.4373182952404022,0.39496365189552307,-0.06255769729614258,0.7204506993293762,0.426178514957428,0.3539927899837494,0.16736921668052673,0.49556025862693787,0.44551315903663635,0.40235617756843567,-0.03493671864271164,0.6709504127502441,0.42808979749679565,0.3586842119693756,0.18608300387859344,0.47914522886276245,0.5433722138404846,0.550331711769104,-0.21085137128829956,0.9999240636825562,0.5374909043312073,0.5457733869552612,0.21095910668373108,0.9997432827949524,0.47544097900390625,0.6639671325683594,-0.4154352843761444,0.9614474177360535,0.5675113201141357,0.653203547000885,0.4554252326488495,0.4898887276649475,0.4601227641105652,0.7949554920196533,-0.5617691874504089,0.9939631819725037,0.6536698341369629,0.7439323663711548,0.7048794031143188,0.773236870765686,0.48671597242355347,0.8177034854888916,-0.5803931951522827,0.9897276759147644,0.6862236261367798,0.7556415796279907,0.7282605171203613,0.8756427764892578,0.3674733340740204,0.8203265070915222,-0.7586594223976135,0.9912000894546509,0.597210705280304,0.773522675037384,0.7060490846633911,0.8418627977371216
IMG_9704 3,4,132,good,0.5343985557556152,0.34347736835479736,-0.1398646980524063,0.9999595284461975,0.5461825132369995,0.33380773663520813,-0.19043046236038208,0.999969482421875,0.5518211126327515,0.33355072140693665,-0.1905205398797989,0.9999732971191406,0.5572384595870972,0.33324703574180603,-0.19059930741786957,0.9999718070030212,0.5363336801528931,0.33373376727104187,-0.1233031377196312,0.9999555945396423,0.5342274904251099,0.3335290551185608,-0.12334658205509186,0.9999374151229858,0.5320174694061279,0.33334746956825256,-0.12332397699356079,0.9999428391456604,0.5821534991264343,0.33756884932518005,-0.2672165036201477,0.999976634979248,0.5452278852462769,0.33732038736343384,0.023612165823578835,0.9999065399169922,0.5467800498008728,0.35319629311561584,-0.16441085934638977,0.9999447464942932,0.5341943502426147,0.3527528941631317,-0.07656227052211761,0.999904453754425,0.6071523427963257,0.3861139118671417,-0.35341787338256836,0.9999058246612549,0.5714776515960693,0.38433870673179626,0.250290185213089,0.9995308518409729,0.49456867575645447,0.43447014689445496,-0.28194352984428406,0.9493101835250854,0.4890882074832916,0.4037332534790039,0.3503643572330475,0.3559074401855469,0.44042959809303284,0.4090147316455841,0.029702750965952873,0.7308809757232666,0.42616504430770874,0.3689393103122711,0.2411847710609436,0.4775103032588959,0.42546069622039795,0.4123269319534302,0.03856094554066658,0.7055169939994812,0.41404688358306885,0.3540611267089844,0.22994273900985718,0.4920666515827179,0.43796491622924805,0.40580302476882935,0.0171671062707901,0.7049571871757507,0.42526158690452576,0.35384273529052734,0.20641660690307617,0.49517548084259033,0.44605106115341187,0.41044366359710693,0.036128487437963486,0.6550596952438354,0.4291363060474396,0.3597061038017273,0.22330662608146667,0.4786951541900635,0.5410718321800232,0.5498377084732056,-0.2117774784564972,0.9999275803565979,0.5384547114372253,0.5445416569709778,0.21191799640655518,0.999750018119812,0.4761311709880829,0.6617851853370667,-0.4090074896812439,0.9635117053985596,0.5662750601768494,0.6515816450119019,0.4631413519382477,0.5068722367286682,0.46470361948013306,0.7949956655502319,-0.5252848863601685,0.9943286776542664,0.6538420915603638,0.7435123920440674,0.690910816192627,0.7832103371620178,0.4906575381755829,0.8183742761611938,-0.5415989756584167,0.9902161955833435,0.6860923767089844,0.7550817728042603,0.7125493884086609,0.8790385723114014,0.3709394335746765,0.8210599422454834,-0.7117140889167786,0.9917358160018921,0.5977267622947693,0.7718681693077087,0.7001481056213379,0.849453866481781
IMG_9704 3,5,166,good,0.5327085852622986,0.34330278635025024,-0.1428142786026001,0.9999611377716064,0.5454093217849731,0.33348628878593445,-0.19114425778388977,0.9999707937240601,0.5512802004814148,0.33321696519851685,-0.19121600687503815,0.9999745488166809,0.5568414330482483,0.33290567994117737,-0.1913185715675354,0.9999729990959167,0.5350772142410278,0.33345869183540344,-0.12399407476186752,0.9999573826789856,0.5328719615936279,0.3332754671573639,-0.12407972663640976,0.9999400973320007,0.5305759310722351,0.3331088423728943,-0.12408735603094101,0.9999449253082275,0.581829309463501,0.33745381236076355,-0.26205936074256897,0.9999778270721436,0.5449652075767517,0.3366597592830658,0.0255549568682909,0.9999098777770996,0.5456304550170898,0.3529769480228424,-0.16465358436107635,0.9999464750289917,0.5320522785186768,0.35237088799476624,-0.07800531387329102,0.999906063079834,0.6033499836921692,0.385263592004776,-0.33953040838241577,0.9999120831489563,0.5755016803741455,0.38294926285743713,0.25489839911460876,0.99954754114151,0.48382264375686646,0.4347130358219147,-0.23077687621116638,0.9467966556549072,0.48693645000457764,0.4044714868068695,0.28494665026664734,0.3505752682685852,0.4392569363117218,0.41433316469192505,0.12600232660770416,0.723176896572113,0.439697265625,0.3684467077255249,0.09448690712451935,0.4775279462337494,0.42552074790000916,0.41207602620124817,0.14847977459430695,0.6994834542274475,0.4270436465740204,0.35214266180992126,0.0741838812828064,0.4945182502269745,0.4382276237010956,0.40629637241363525,0.12308202683925629,0.6991357803344727,0.4388100802898407,0.3532099425792694,0.06931448727846146,0.49769842624664307,0.4462672472000122,0.4109232723712921,0.13299258053302765,0.6492133736610413,0.44720208644866943,0.3595884442329407,0.08180495351552963,0.47991546988487244,0.5398533940315247,0.5488861203193665,-0.21082377433776855,0.9999313354492188,0.5384814143180847,0.5433205366134644,0.21095719933509827,0.9997569918632507,0.4760853052139282,0.6583203077316284,-0.4144195020198822,0.9658066630363464,0.5644371509552002,0.6506423354148865,0.4579099416732788,0.5185747742652893,0.46857863664627075,0.793892502784729,-0.5901857018470764,0.9946707487106323,0.6532407999038696,0.7431933283805847,0.6801362633705139,0.7896662950515747,0.49431464076042175,0.8182480335235596,-0.6115072965621948,0.9905828833580017,0.6845612525939941,0.7549148201942444,0.6980622410774231,0.8805135488510132,0.3715386986732483,0.8211182355880737,-0.778658926486969,0.9922215938568115,0.6026489734649658,0.7752952575683594,0.6841727495193481,0.8542810082435608
IMG_9704 3,6,199,good,0.530222475528717,0.3427134156227112,-0.08886677771806717,0.9999513030052185,0.5425639152526855,0.33296632766723633,-0.14145569503307343,0.9999635219573975,0.5472305417060852,0.3326700031757355,-0.14154218137264252,0.9999686479568481,0.5525546073913574,0.3322850167751312,-0.1416412591934204,0.9999673962593079,0.5336825251579285,0.3331370949745178,-0.07548670470714569,0.9999457001686096,0.5320163369178772,0.3329232931137085,-0.07550546526908875,0.9999253749847412,0.5300416946411133,0.33277857303619385,-0.07549426704645157,0.9999324083328247,0.5760946273803711,0.336681067943573,-0.25328007340431213,0.9999727606773376,0.5450998544692993,0.3361506462097168,0.046158112585544586,0.9998898506164551,0.5425009727478027,0.3522219657897949,-0.11732900142669678,0.9999380111694336,0.5309572815895081,0.3516693115234375,-0.030779976397752762,0.9998894333839417,0.5993088483810425,0.3822992146015167,-0.33930981159210205,0.999917209148407,0.5825376510620117,0.38271015882492065,0.25677040219306946,0.9995583891868591,0.48518767952919006,0.4348147511482239,-0.24259255826473236,0.9414473176002502,0.49890220165252686,0.40880611538887024,0.3636173605918884,0.340650737285614,0.439814031124115,0.4255673587322235,0.0955648347735405,0.7074553966522217,0.4435211420059204,0.36995458602905273,0.2869488000869751,0.4759955108165741,0.4270116984844208,0.4246380627155304,0.1104281023144722,0.6887117028236389,0.42691129446029663,0.352609246969223,0.2770457863807678,0.4976671636104584,0.43899327516555786,0.41754835844039917,0.0821264237165451,0.6886685490608215,0.4388355314731598,0.3532297909259796,0.25519707798957825,0.5016058087348938,0.4472658932209015,0.4202563166618347,0.10009582340717316,0.6392531991004944,0.4450090527534485,0.3599066436290741,0.27005210518836975,0.4830285906791687,0.5396232604980469,0.5475208759307861,-0.21129471063613892,0.999933660030365,0.5442654490470886,0.542074978351593,0.211464062333107,0.9997557401657104,0.47605228424072266,0.6544237732887268,-0.4031168818473816,0.9678807854652405,0.5639517903327942,0.6461940407752991,0.48394912481307983,0.533537745475769,0.47134438157081604,0.7928439974784851,-0.5648918747901917,0.9949958920478821,0.6531740427017212,0.7410581111907959,0.7016051411628723,0.797355592250824,0.49759477376937866,0.8180304765701294,-0.5843894481658936,0.9909800887107849,0.6825466752052307,0.75349360704422,0.72197425365448,0.8820121884346008,0.37554460763931274,0.8211191892623901,-0.7407359480857849,0.9927186369895935,0.6010629534721375,0.7737054228782654,0.7287647128105164,0.8606609106063843
IMG_9704 3,7,232,good,0.5287487506866455,0.34126409888267517,-0.16019099950790405,0.9999523758888245,0.542055070400238,0.3316654562950134,-0.2086336463689804,0.9999642372131348,0.5470144152641296,0.33140283823013306,-0.20870114862918854,0.9999695420265198,0.5525376200675964,0.33104774355888367,-0.20881907641887665,0.9999679923057556,0.5323830842971802,0.331838995218277,-0.1409635692834854,0.999946653842926,0.5305060148239136,0.33173903822898865,-0.14099545776844025,0.9999269843101501,0.5284156799316406,0.3316972553730011,-0.14095355570316315,0.9999328851699829,0.5762478113174438,0.3358461260795593,-0.28975215554237366,0.9999736547470093,0.5443925261497498,0.3352016508579254,0.014619884081184864,0.9998925924301147,0.54181969165802,0.3514626622200012,-0.1784105747938156,0.9999402165412903,0.5294380784034729,0.3507862091064453,-0.08999567478895187,0.9998924732208252,0.6019529104232788,0.38240835070610046,-0.3679656982421875,0.9999207258224487,0.5797979831695557,0.3825160562992096,0.23824971914291382,0.9995779395103455,0.4843849539756775,0.4353923797607422,-0.2980692386627197,0.9414932727813721,0.49076107144355774,0.4093227684497833,0.2689549922943115,0.3389860689640045,0.4352112114429474,0.40915802121162415,0.050217047333717346,0.7084848284721375,0.44300058484077454,0.36778637766838074,0.07152032852172852,0.47713205218315125,0.4216897189617157,0.3981616795063019,0.0749395340681076,0.6906561255455017,0.4283311069011688,0.34901925921440125,0.050033897161483765,0.49945536255836487,0.4383845329284668,0.3925098478794098,0.06042035296559334,0.6905285120010376,0.44122835993766785,0.3515409529209137,0.04653305932879448,0.5031083226203918,0.44609522819519043,0.3940354585647583,0.0619368739426136,0.6401382088661194,0.44448980689048767,0.3587735593318939,0.05916060507297516,0.484233021736145,0.542996883392334,0.5477694869041443,-0.21113230288028717,0.9999366998672485,0.5440828800201416,0.5424227118492126,0.21130043268203735,0.9997661709785461,0.4762984812259674,0.6530749797821045,-0.4035196602344513,0.970520555973053,0.5647342801094055,0.646666407585144,0.4933868944644928,0.5559673309326172,0.47532686591148376,0.7912473678588867,-0.551591694355011,0.9953900575637817,0.6536353230476379,0.7399288415908813,0.7420065999031067,0.8087051510810852,0.4975486993789673,0.8165886402130127,-0.5693710446357727,0.9915730357170105,0.6845799088478088,0.7519398331642151,0.7654824256896973,0.8869802355766296,0.3762717545032501,0.8209174871444702,-0.7320550084114075,0.9932276606559753,0.6010210514068604,0.7731679081916809,0.7578827738761902,0.867154598236084
IMG_9704 3,8,265,good,0.5279339551925659,0.3406605124473572,-0.14113925397396088,0.9999551773071289,0.5410488247871399,0.33118972182273865,-0.1900538057088852,0.9999665021896362,0.5460180044174194,0.33094605803489685,-0.1900893896818161,0.9999716281890869,0.5512508153915405,0.3306383788585663,-0.19018584489822388,0.9999700784683228,0.5318986177444458,0.3313952088356018,-0.12274937331676483,0.9999496936798096,0.5301856994628906,0.33132287859916687,-0.12277960777282715,0.9999313950538635,0.5282425284385681,0.33129867911338806,-0.1226893812417984,0.9999363422393799,0.5761191248893738,0.3354000449180603,-0.28758347034454346,0.9999756813049316,0.5443671345710754,0.3349802792072296,0.021911973133683205,0.9998989105224609,0.5404062271118164,0.3509168028831482,-0.1612572818994522,0.9999445080757141,0.5284770727157593,0.35031241178512573,-0.07424408942461014,0.9998993277549744,0.6053016185760498,0.382663369178772,-0.3616182804107666,0.9999274611473083,0.5686094164848328,0.38187238574028015,0.24119581282138824,0.9995983839035034,0.49012207984924316,0.4346911311149597,-0.28519731760025024,0.9441887140274048,0.47098785638809204,0.4002569019794464,0.17419932782649994,0.34570953249931335,0.43871307373046875,0.415149986743927,0.07411302626132965,0.716105580329895,0.44644173979759216,0.363163024187088,-0.1605256050825119,0.4794620871543884,0.42591792345046997,0.41099056601524353,0.08680179715156555,0.6972165107727051,0.4397173523902893,0.34861260652542114,-0.2007794827222824,0.5018719434738159,0.4387442171573639,0.39762380719184875,0.06573290377855301,0.6971720457077026,0.4554090201854706,0.35159432888031006,-0.19587655365467072,0.5049894452095032,0.4463101327419281,0.39721205830574036,0.08388309180736542,0.6470053195953369,0.4534623622894287,0.3579362630844116,-0.17187802493572235,0.4854051172733307,0.5480780601501465,0.5466740131378174,-0.2121613621711731,0.9999411106109619,0.5439417362213135,0.5421230792999268,0.21232280135154724,0.9997811913490295,0.47628703713417053,0.6524322032928467,-0.40283629298210144,0.9729644656181335,0.5651512145996094,0.6477013826370239,0.48495426774024963,0.5758962035179138,0.4753055274486542,0.7916454076766968,-0.5533483028411865,0.9957460761070251,0.6544690728187561,0.7397798299789429,0.7218943238258362,0.8192737698554993,0.4976533055305481,0.8169769644737244,-0.5723613500595093,0.9920851588249207,0.6851404309272766,0.7508841156959534,0.7438637018203735,0.8917741179466248,0.3763556480407715,0.8210678100585938,-0.740131139755249,0.9936798214912415,0.6159281730651855,0.7744405269622803,0.7320149540901184,0.873128354549408
IMG_9704 3,9,299,good,0.5246670246124268,0.3403238356113434,-0.0719044879078865,0.9999567270278931,0.5369306802749634,0.33072203397750854,-0.12155021727085114,0.9999677538871765,0.5407081246376038,0.330443412065506,-0.12158332020044327,0.9999727606773376,0.5453100800514221,0.3300633430480957,-0.12164320796728134,0.9999712109565735,0.5304213762283325,0.33087238669395447,-0.0559423565864563,0.9999513626098633,0.5295135378837585,0.33075863122940063,-0.055996593087911606,0.9999341368675232,0.5280827879905701,0.3306496739387512,-0.05593971163034439,0.9999387264251709,0.5718623995780945,0.3346762955188751,-0.2322959303855896,0.9999767541885376,0.5457627177238464,0.334396094083786,0.06683840602636337,0.9999033212661743,0.5358272790908813,0.3503771424293518,-0.09974969178438187,0.9999472498893738,0.5275481343269348,0.3501065671443939,-0.014652329497039318,0.9999037384986877,0.6067431569099426,0.38254231214523315,-0.33797723054885864,0.999933123588562,0.568727433681488,0.38121432065963745,0.25139227509498596,0.9996232390403748,0.49937206506729126,0.43684160709381104,-0.28087118268013,0.9446855187416077,0.47218644618988037,0.4022520184516907,0.19972045719623566,0.3594553768634796,0.45574435591697693,0.42817574739456177,0.060991257429122925,0.720947802066803,0.4424608051776886,0.3634234070777893,-0.12849102914333344,0.4981928765773773,0.44284293055534363,0.42717546224594116,0.07318640500307083,0.7026341557502747,0.43835583329200745,0.34872838854789734,-0.14586475491523743,0.5195363163948059,0.45209169387817383,0.41745540499687195,0.05162496864795685,0.7026776671409607,0.45283347368240356,0.3515104353427887,-0.13629309833049774,0.5225316882133484,0.4602452218532562,0.4190652668476105,0.0716862753033638,0.6531058549880981,0.45137104392051697,0.35793977975845337,-0.12514621019363403,0.5019830465316772,0.5491794347763062,0.5467492938041687,-0.21221882104873657,0.999945342540741,0.5452192425727844,0.5422203540802002,0.212370827794075,0.9997955560684204,0.47623205184936523,0.6503031253814697,-0.40398868918418884,0.9749553799629211,0.5694156289100647,0.6479523181915283,0.4830467402935028,0.5897247791290283,0.4778042137622833,0.7911525368690491,-0.5594238042831421,0.996030867099762,0.6571561694145203,0.7395949959754944,0.7113292217254639,0.827204704284668,0.4994591176509857,0.8160114288330078,-0.5776989459991455,0.9924950003623962,0.6912816762924194,0.7499402761459351,0.732967734336853,0.8943665623664856,0.3814217448234558,0.8211041688919067,-0.7315546274185181,0.9940862059593201,0.614491879940033,0.7742069363594055,0.7244260311126709,0.8785581588745117
IMG_9704 3,10,332,good,0.5229851007461548,0.34036338329315186,-0.06997547298669815,0.9999585747718811,0.5346869826316833,0.33062365651130676,-0.11951090395450592,0.9999691843986511,0.5381582379341125,0.33030325174331665,-0.11954768002033234,0.9999740719795227,0.5422986149787903,0.32988542318344116,-0.11960674077272415,0.9999725222587585,0.5293452739715576,0.33082979917526245,-0.053824856877326965,0.9999532103538513,0.5289109945297241,0.33071157336235046,-0.053868699818849564,0.9999370574951172,0.5278748869895935,0.330584317445755,-0.05381916090846062,0.9999411702156067,0.5695084929466248,0.3346021771430969,-0.2259853184223175,0.9999778866767883,0.5463019013404846,0.33430206775665283,0.07224808633327484,0.9999075531959534,0.534091055393219,0.35035422444343567,-0.09704596549272537,0.9999502301216125,0.5270342826843262,0.3501828610897064,-0.011727871373295784,0.9999086260795593,0.6098122000694275,0.3824741244316101,-0.3340170681476593,0.9999389052391052,0.5690486431121826,0.38123318552970886,0.2545299530029297,0.9996485710144043,0.50547856092453,0.4381864666938782,-0.2812415659427643,0.9455285668373108,0.4725845754146576,0.40333282947540283,0.20656880736351013,0.3753405213356018,0.468016117811203,0.43248656392097473,0.02686113864183426,0.730137050151825,0.4429478347301483,0.3635713458061218,-0.028571920469403267,0.5196133852005005,0.45694899559020996,0.43227049708366394,0.03364674374461174,0.712128221988678,0.4380073547363281,0.34893617033958435,-0.040249601006507874,0.5394260883331299,0.4645463526248932,0.42392387986183167,0.012486482970416546,0.7121286392211914,0.4491150975227356,0.3515387773513794,-0.03488794341683388,0.5421852469444275,0.4718601107597351,0.42583367228507996,0.036228880286216736,0.6631813645362854,0.4524531960487366,0.3581017851829529,-0.026381434872746468,0.5206277370452881,0.5518621206283569,0.54691082239151,-0.21226736903190613,0.9999496936798096,0.546514093875885,0.5422693490982056,0.2124112993478775,0.9998102188110352,0.4767061471939087,0.6509979367256165,-0.39416155219078064,0.9768312573432922,0.5711122155189514,0.6479856371879578,0.5117393136024475,0.6032671332359314,0.47967931628227234,0.7922618389129639,-0.5519918203353882,0.9962899088859558,0.6587093472480774,0.7396625876426697,0.7642855048179626,0.8339712023735046,0.5032321214675903,0.81693434715271,-0.5700037479400635,0.9928419589996338,0.6918111443519592,0.7497599720954895,0.7888692617416382,0.8959091901779175,0.3839198052883148,0.8216626048088074,-0.7169622778892517,0.994452953338623,0.6220278739929199,0.7741931676864624,0.7913852334022522,0.8834458589553833
IMG_9704 3,11,365,good,0.5232459306716919,0.34042707085609436,-0.10653340816497803,0.9999596476554871,0.5349010229110718,0.330663800239563,-0.1578942984342575,0.9999700784683228,0.5386462807655334,0.33031898736953735,-0.15790711343288422,0.9999750256538391,0.5430856943130493,0.32992231845855713,-0.15795060992240906,0.9999733567237854,0.5289829969406128,0.33093422651290894,-0.0904315784573555,0.9999542832374573,0.5284435749053955,0.3308461308479309,-0.09048980474472046,0.9999388456344604,0.5273988246917725,0.33074286580085754,-0.0904480367898941,0.9999423027038574,0.5699456334114075,0.3346218764781952,-0.255657434463501,0.9999786615371704,0.5461140275001526,0.3343577980995178,0.0460960753262043,0.9999102354049683,0.5346457958221436,0.35040023922920227,-0.1310598999261856,0.9999520182609558,0.5271061658859253,0.3502306044101715,-0.04385851323604584,0.9999115467071533,0.6099669933319092,0.3825760781764984,-0.3500853478908539,0.9999430179595947,0.5718018412590027,0.38130101561546326,0.24878215789794922,0.9996638894081116,0.4964504539966583,0.43911120295524597,-0.27855169773101807,0.9460344910621643,0.47530120611190796,0.4040723741054535,0.22357109189033508,0.37514787912368774,0.45571455359458923,0.41977745294570923,0.06446300446987152,0.7335237264633179,0.4482235908508301,0.3640959858894348,-0.011694839224219322,0.517543375492096,0.4448860287666321,0.4133013188838959,0.07701019197702408,0.7164910435676575,0.443026602268219,0.35317593812942505,-0.018885310739278793,0.5386903882026672,0.4595259726047516,0.4076574742794037,0.0543489046394825,0.7166798710823059,0.45911112427711487,0.3527105450630188,-0.016060657799243927,0.5415440797805786,0.45742735266685486,0.39921534061431885,0.0728185698390007,0.6675772070884705,0.4585822820663452,0.3596124053001404,-0.009618034586310387,0.519786536693573,0.5548837184906006,0.547015368938446,-0.21299611032009125,0.9999528527259827,0.5493332743644714,0.5423070192337036,0.21314381062984467,0.9998193383216858,0.47702524065971375,0.6510840654373169,-0.38940468430519104,0.9785037040710449,0.5710131525993347,0.6482226848602295,0.5109971165657043,0.6149817705154419,0.4812730550765991,0.7925927639007568,-0.533589780330658,0.9965325593948364,0.658658504486084,0.7397075295448303,0.7828989028930664,0.8397471904754639,0.5065785646438599,0.8176318407058716,-0.5505616664886475,0.993185818195343,0.6901978254318237,0.7497244477272034,0.8091174960136414,0.8982157111167908,0.38471490144729614,0.821997880935669,-0.7071950435638428,0.9947453141212463,0.6225634217262268,0.7744761109352112,0.8030565977096558,0.8861125707626343
IMG_9704 3,12,398,good,0.523292601108551,0.34048783779144287,-0.09598957002162933,0.9999615550041199,0.5344780087471008,0.3306982219219208,-0.14610522985458374,0.9999716281890869,0.5381430983543396,0.33033880591392517,-0.14612600207328796,0.999976396560669,0.5424475073814392,0.3299437463283539,-0.14618566632270813,0.9999747276306152,0.5287134647369385,0.33098840713500977,-0.07884437590837479,0.9999565482139587,0.5282413959503174,0.33088961243629456,-0.07889365404844284,0.9999421238899231,0.5272905826568604,0.33077919483184814,-0.07884059846401215,0.9999451637268066,0.5690380930900574,0.3347993791103363,-0.24959437549114227,0.9999799132347107,0.5460990071296692,0.3344227373600006,0.054489172995090485,0.9999145865440369,0.5348939299583435,0.3504696190357208,-0.12186389416456223,0.999954879283905,0.527162492275238,0.3503474295139313,-0.03480762615799904,0.9999163150787354,0.6098811030387878,0.3826533854007721,-0.35155391693115234,0.999947190284729,0.5740452408790588,0.3816738426685333,0.2507596015930176,0.9996812343597412,0.49767613410949707,0.44158002734184265,-0.3041099011898041,0.9470387101173401,0.48267629742622375,0.4092791974544525,0.20697489380836487,0.3718353509902954,0.4507769048213959,0.4198877513408661,0.0200431477278471,0.7408044338226318,0.45037537813186646,0.3660911023616791,-0.07893701642751694,0.5175071358680725,0.4363395571708679,0.41349682211875916,0.027020666748285294,0.7240104079246521,0.44453224539756775,0.35668355226516724,-0.1100444346666336,0.5404512286186218,0.4518359899520874,0.4074399173259735,0.012899503111839294,0.7243288159370422,0.4615476727485657,0.35415542125701904,-0.11151543259620667,0.5428594946861267,0.45515188574790955,0.4034544825553894,0.031755730509757996,0.6750831007957458,0.4601775109767914,0.3612910807132721,-0.09109406918287277,0.5202381014823914,0.5597555637359619,0.547053873538971,-0.21355469524860382,0.9999556541442871,0.5537092685699463,0.5423904657363892,0.21369454264640808,0.9998281598091125,0.4805986285209656,0.6516525149345398,-0.38928380608558655,0.9800344109535217,0.5709652304649353,0.648263156414032,0.5136055946350098,0.6214191913604736,0.48105311393737793,0.7924138903617859,-0.5280186533927917,0.9967222809791565,0.6593405604362488,0.7397711873054504,0.7852182388305664,0.8439463376998901,0.5055749416351318,0.8175044655799866,-0.544470489025116,0.9933907985687256,0.6934125423431396,0.7498009204864502,0.811156690120697,0.8986793160438538,0.3848855197429657,0.8220027685165405,-0.6967462301254272,0.995006799697876,0.6230769157409668,0.7753667235374451,0.808067262172699,0.8888022303581238
IMG_9704 3,13,432,good,0.5219752788543701,0.34057292342185974,-0.08977658301591873,0.9999635815620422,0.5326188802719116,0.3308565318584442,-0.13975796103477478,0.9999732375144958,0.5358279347419739,0.33052247762680054,-0.13979455828666687,0.9999778866767883,0.539160966873169,0.33015066385269165,-0.1398329883813858,0.9999761581420898,0.5279891490936279,0.33108803629875183,-0.07074544578790665,0.9999589323997498,0.5278698801994324,0.33097606897354126,-0.07079541683197021,0.9999455213546753,0.5272003412246704,0.33083704113960266,-0.07074801623821259,0.9999478459358215,0.5657193064689636,0.33507707715034485,-0.2488793283700943,0.9999810457229614,0.5461674928665161,0.33452993631362915,0.06292294710874557,0.9999192953109741,0.5330579280853271,0.3506432771682739,-0.11787720769643784,0.9999575018882751,0.5268182754516602,0.3505744934082031,-0.028659477829933167,0.9999206066131592,0.6099596619606018,0.38271665573120117,-0.36164581775665283,0.9999508261680603,0.576497495174408,0.38209572434425354,0.2643025815486908,0.9996986389160156,0.4963732063770294,0.4422326385974884,-0.3862694799900055,0.9482834339141846,0.496949702501297,0.4174307584762573,0.3235257565975189,0.3587208390235901,0.43940469622612,0.4016724228858948,-0.15198485553264618,0.7555395364761353,0.45928874611854553,0.36865922808647156,0.1765509843826294,0.5143343210220337,0.42296162247657776,0.39423102140426636,-0.15969188511371613,0.740530788898468,0.4591885507106781,0.3590446710586548,0.16801369190216064,0.5407554507255554,0.43913131952285767,0.3861229717731476,-0.1665377914905548,0.7408931255340576,0.468016654253006,0.3561822772026062,0.15944623947143555,0.5429705381393433,0.4383810758590698,0.3874492347240448,-0.14041952788829803,0.6918264627456665,0.4660293161869049,0.36345556378364563,0.16554303467273712,0.5191505551338196,0.5643644332885742,0.5473554134368896,-0.21965020895004272,0.9999593496322632,0.5542435646057129,0.5439611077308655,0.2197418510913849,0.9998409152030945,0.4850538969039917,0.6520443558692932,-0.40590956807136536,0.9816978573799133,0.5790281295776367,0.650488018989563,0.5460517406463623,0.6368230581283569,0.48059630393981934,0.7924266457557678,-0.5413656234741211,0.9969642758369446,0.6646270155906677,0.7419810891151428,0.8396904468536377,0.8527026772499084,0.5028933882713318,0.8174619078636169,-0.5566427707672119,0.9938291311264038,0.7039231061935425,0.7508567571640015,0.8683292269706726,0.9035242199897766,0.38263481855392456,0.8220025300979614,-0.7039058208465576,0.995295524597168,0.6217285990715027,0.7750176787376404,0.8654311299324036,0.8931811451911926
IMG_9704 3,14,465,good,0.5212497711181641,0.34250858426094055,-0.026490330696105957,0.999962329864502,0.5304890275001526,0.33259227871894836,-0.079199880361557,0.9999723434448242,0.5330738425254822,0.33225005865097046,-0.07928812503814697,0.9999773502349854,0.5353785753250122,0.33188360929489136,-0.07934506982564926,0.9999756217002869,0.5272676944732666,0.3325449228286743,-0.010626268573105335,0.9999577403068542,0.527551531791687,0.3322595953941345,-0.010655243881046772,0.9999443888664246,0.5271535515785217,0.3319448232650757,-0.010656065307557583,0.999946117401123,0.5612821578979492,0.335879385471344,-0.2075585424900055,0.9999801516532898,0.5466477274894714,0.33506423234939575,0.1034676656126976,0.9999178051948547,0.531875491142273,0.3516906201839447,-0.06171996518969536,0.999956488609314,0.5267782807350159,0.35190483927726746,0.02732173725962639,0.9999180436134338,0.6079548001289368,0.382752925157547,-0.34344232082366943,0.9999534487724304,0.5865076184272766,0.3825004994869232,0.3021965026855469,0.999708890914917,0.49988532066345215,0.4433806538581848,-0.3550907075405121,0.9455468654632568,0.5230648517608643,0.4177161455154419,0.5028185844421387,0.34253373742103577,0.4397174119949341,0.4134235978126526,-0.12530504167079926,0.7599584460258484,0.4697580337524414,0.37083759903907776,0.5476953387260437,0.5073519945144653,0.423726350069046,0.40855371952056885,-0.13034670054912567,0.7487573623657227,0.46451660990715027,0.3602333068847656,0.5638930201530457,0.5383608341217041,0.4392966628074646,0.3982003331184387,-0.14608058333396912,0.7493199110031128,0.46963241696357727,0.3579889237880707,0.5429540872573853,0.5412746071815491,0.4391103982925415,0.4018677771091461,-0.11789531260728836,0.6996880769729614,0.4679647982120514,0.3654118776321411,0.5363268256187439,0.5167729258537292,0.5655555129051208,0.5473597645759583,-0.22316661477088928,0.9999622702598572,0.5600680112838745,0.5441220998764038,0.2232707291841507,0.9998494982719421,0.48964545130729675,0.6522322297096252,-0.4394092559814453,0.9827541708946228,0.5785004496574402,0.6505860090255737,0.5453091263771057,0.6401359438896179,0.4802684187889099,0.7926914095878601,-0.6052802801132202,0.9970690011978149,0.6660886406898499,0.7430581450462341,0.8179119825363159,0.8552709221839905,0.5011998414993286,0.817507803440094,-0.6227541565895081,0.9940327405929565,0.7034885287284851,0.7508787512779236,0.8440753221511841,0.9047424793243408,0.3824830651283264,0.8219977617263794,-0.7659937739372253,0.9953956604003906,0.6210664510726929,0.7750077843666077,0.8450543880462646,0.8935286998748779
IMG_9704 3,15,498,good,0.5214029550552368,0.34284135699272156,-0.05259691923856735,0.9999605417251587,0.5307487845420837,0.3329642713069916,-0.10354344546794891,0.9999712109565735,0.5335296392440796,0.3325492739677429,-0.10361269861459732,0.999976634979248,0.5361675024032593,0.3321104049682617,-0.10367781668901443,0.9999746680259705,0.5272772908210754,0.33311566710472107,-0.03472336381673813,0.9999563694000244,0.5275459289550781,0.33288097381591797,-0.0347592830657959,0.9999433755874634,0.5271558165550232,0.3326169550418854,-0.03474969416856766,0.9999448657035828,0.5621058344841003,0.33588287234306335,-0.21021775901317596,0.9999790191650391,0.5472754836082458,0.3351629078388214,0.09054026752710342,0.9999151229858398,0.5320584774017334,0.35203152894973755,-0.08340020477771759,0.999953031539917,0.5272684693336487,0.35225754976272583,0.00540976831689477,0.9999132752418518,0.6080229878425598,0.3828272223472595,-0.35664495825767517,0.9999537467956543,0.589206337928772,0.3827536404132843,0.29571738839149475,0.9997113347053528,0.49950945377349854,0.44495689868927,-0.31609469652175903,0.9440919756889343,0.5186523199081421,0.4199024736881256,0.411998987197876,0.3269614577293396,0.4349746108055115,0.4094820022583008,0.04914630576968193,0.759232223033905,0.47255292534828186,0.37123262882232666,0.3312660753726959,0.4917236864566803,0.4177953600883484,0.4040023386478424,0.06040263548493385,0.7494078278541565,0.4619402289390564,0.35974234342575073,0.32960325479507446,0.5260022282600403,0.4362069368362427,0.39455878734588623,0.04714798554778099,0.7502112984657288,0.4722999334335327,0.35788649320602417,0.31740954518318176,0.5292335748672485,0.4341922402381897,0.3961833119392395,0.06111094728112221,0.6994886994361877,0.4708189070224762,0.365461528301239,0.31926506757736206,0.5048183798789978,0.5646182298660278,0.547559380531311,-0.22524979710578918,0.9999626278877258,0.5637540221214294,0.5444574952125549,0.22533677518367767,0.9998498558998108,0.4917010962963104,0.6535636782646179,-0.3727632164955139,0.9837589263916016,0.5796548128128052,0.650760293006897,0.5327925086021423,0.6510498523712158,0.4818175733089447,0.7927750945091248,-0.4643925130367279,0.9971707463264465,0.6686398386955261,0.7439609169960022,0.797684371471405,0.8607586622238159,0.5009562969207764,0.8176640868186951,-0.47492116689682007,0.9942414164543152,0.7024865746498108,0.7538919448852539,0.8237304091453552,0.9082690477371216,0.3822374939918518,0.8218152523040771,-0.5984840393066406,0.9954184293746948,0.6206148862838745,0.7747175097465515,0.8287891745567322,0.895082414150238
IMG_9704 3,16,531,good,0.5217550992965698,0.34287258982658386,-0.055988870561122894,0.9999601244926453,0.5309929251670837,0.3330753445625305,-0.10450196266174316,0.9999710917472839,0.5336194634437561,0.33270618319511414,-0.10454057157039642,0.9999767541885376,0.5366198420524597,0.33231648802757263,-0.10452084243297577,0.9999746084213257,0.5279925465583801,0.3331737816333771,-0.03577345982193947,0.9999563097953796,0.5284298062324524,0.33293798565864563,-0.03575717285275459,0.999943733215332,0.5283399224281311,0.3326680362224579,-0.03583436459302902,0.9999446868896484,0.562482476234436,0.33640193939208984,-0.23274369537830353,0.9999786019325256,0.5494627356529236,0.3353114128112793,0.06962496787309647,0.9999159574508667,0.5322321653366089,0.35221996903419495,-0.09275580942630768,0.9999530911445618,0.528103232383728,0.3523541986942291,-0.004100031219422817,0.9999138116836548,0.6078928112983704,0.38293054699897766,-0.36094504594802856,0.9999549388885498,0.5948675274848938,0.3833968937397003,0.2709277868270874,0.9997161030769348,0.4976382851600647,0.4448295831680298,-0.3411128520965576,0.9418529868125916,0.5202747583389282,0.4251696765422821,0.4015078842639923,0.3137046992778778,0.4336737096309662,0.4006933867931366,-0.06306134164333344,0.7646982669830322,0.4766786992549896,0.37221094965934753,0.3665929138660431,0.4849691390991211,0.4151957929134369,0.3877243101596832,-0.06255518645048141,0.7575342059135437,0.4694930613040924,0.36041322350502014,0.3730385899543762,0.5227044224739075,0.43458205461502075,0.3791416883468628,-0.06946270912885666,0.7583308815956116,0.4759845733642578,0.3585299551486969,0.36068788170814514,0.5256632566452026,0.4328177273273468,0.38435518741607666,-0.051243193447589874,0.7063872218132019,0.4742695987224579,0.36624324321746826,0.35700535774230957,0.5004035234451294,0.565666675567627,0.5476464629173279,-0.22427545487880707,0.9999649524688721,0.5705451965332031,0.5446788668632507,0.22440464794635773,0.9998553395271301,0.49218693375587463,0.6538419127464294,-0.43999260663986206,0.9848369359970093,0.5815463066101074,0.6515578031539917,0.5377483367919922,0.6557871699333191,0.48245641589164734,0.7930318117141724,-0.5767310261726379,0.9973049163818359,0.6681040525436401,0.7443746328353882,0.8392547369003296,0.8626914620399475,0.5020386576652527,0.8177341818809509,-0.5918490886688232,0.9944421052932739,0.6998781561851501,0.7550380825996399,0.8696925044059753,0.9083495736122131,0.38460153341293335,0.8218565583229065,-0.7369474768638611,0.9955707788467407,0.6117027401924133,0.7716302871704102,0.8730027079582214,0.8951219916343689
IMG_9704 3,17,565,good,0.5221775770187378,0.3428754210472107,-0.06415042281150818,0.9999610781669617,0.5321462750434875,0.3329964876174927,-0.11290749907493591,0.9999719262123108,0.5347813963890076,0.3326403796672821,-0.1129506304860115,0.9999773502349854,0.537452220916748,0.3322613537311554,-0.11297058314085007,0.999975323677063,0.5291166305541992,0.33307504653930664,-0.045826736837625504,0.9999579191207886,0.5296001434326172,0.33284255862236023,-0.04584860801696777,0.9999458193778992,0.5296241641044617,0.332572340965271,-0.04586901515722275,0.9999467134475708,0.5636733174324036,0.3364297151565552,-0.22922250628471375,0.9999788403511047,0.5508105158805847,0.3353376090526581,0.0695384293794632,0.9999191164970398,0.5323696136474609,0.35223713517189026,-0.09554117918014526,0.9999536275863647,0.5284966230392456,0.35236769914627075,-0.008824428543448448,0.9999157190322876,0.6079496145248413,0.3830127716064453,-0.3575824499130249,0.9999553561210632,0.594616711139679,0.3835740089416504,0.27143505215644836,0.9997249841690063,0.49729230999946594,0.4447142481803894,-0.3383864760398865,0.9394758939743042,0.5210282802581787,0.4244871139526367,0.4129064381122589,0.30172011256217957,0.43395259976387024,0.40282514691352844,-0.060984935611486435,0.7623714208602905,0.4757559299468994,0.3743745684623718,0.3969571590423584,0.47343531250953674,0.4159581661224365,0.392231822013855,-0.0591512955725193,0.7581605911254883,0.4663102924823761,0.3609534800052643,0.4027882516384125,0.5130189061164856,0.4348168671131134,0.38381606340408325,-0.07121289521455765,0.7590029239654541,0.4754648804664612,0.36123326420783997,0.39055415987968445,0.5160421133041382,0.43347257375717163,0.38664060831069946,-0.0515449233353138,0.7065039277076721,0.47463464736938477,0.36688289046287537,0.3875446319580078,0.4906388223171234,0.5666861534118652,0.5489901304244995,-0.22368305921554565,0.999967098236084,0.5727385878562927,0.5465759634971619,0.22377970814704895,0.9998627305030823,0.49414780735969543,0.6554685831069946,-0.4037313461303711,0.98553866147995,0.593896746635437,0.6534949541091919,0.5348402261734009,0.6587130427360535,0.4827199876308441,0.79392409324646,-0.5349852442741394,0.9973909258842468,0.6694695353507996,0.7449997067451477,0.8076761364936829,0.8648093938827515,0.5025845766067505,0.8178532719612122,-0.5489435195922852,0.994588315486908,0.7005733847618103,0.7556913495063782,0.8338475823402405,0.9088414907455444,0.38442564010620117,0.8219105005264282,-0.6771398186683655,0.9956756234169006,0.6130120754241943,0.7716807723045349,0.8654770255088806,0.8959720730781555
IMG_9704 3,18,598,good,0.5222014784812927,0.3449113965034485,-0.04329601675271988,0.9999574422836304,0.5321979522705078,0.33440491557121277,-0.09310448169708252,0.9999694228172302,0.5348029732704163,0.33397096395492554,-0.09313930571079254,0.9999756813049316,0.5373024940490723,0.33351296186447144,-0.09316703677177429,0.9999734163284302,0.5291459560394287,0.3344753086566925,-0.025598609820008278,0.9999549388885498,0.5297184586524963,0.334170937538147,-0.02562529407441616,0.9999427795410156,0.5298764705657959,0.33380743861198425,-0.025653699412941933,0.9999434351921082,0.5629663467407227,0.33740824460983276,-0.21862059831619263,0.9999760985374451,0.5515246987342834,0.3361836373806,0.08405999094247818,0.9999138116836548,0.532532811164856,0.35377442836761475,-0.07857279479503632,0.9999476671218872,0.5286452174186707,0.35406556725502014,0.00876686256378889,0.9999056458473206,0.6077886819839478,0.3833954632282257,-0.35727766156196594,0.9999533295631409,0.5976426601409912,0.38537028431892395,0.28301259875297546,0.999710202217102,0.4978601634502411,0.44629934430122375,-0.3371869623661041,0.9382920265197754,0.5274515151977539,0.4288184344768524,0.45638033747673035,0.284681499004364,0.43325820565223694,0.39722147583961487,-0.05733564496040344,0.7663693428039551,0.4784047305583954,0.3759026527404785,0.4746507406234741,0.4564083218574524,0.4117080271244049,0.38844484090805054,-0.054259784519672394,0.7644158601760864,0.4687790870666504,0.36134257912635803,0.48639559745788574,0.4987313151359558,0.43079349398612976,0.3795170187950134,-0.06540579348802567,0.765280544757843,0.47529420256614685,0.36114341020584106,0.4745641052722931,0.5018340349197388,0.4339875280857086,0.38336479663848877,-0.04707898572087288,0.7120081782341003,0.479582279920578,0.3671205937862396,0.46583059430122375,0.47626903653144836,0.5685868859291077,0.5490512251853943,-0.22404809296131134,0.9999678134918213,0.5747935175895691,0.546781599521637,0.22414252161979675,0.9998615384101868,0.4942144751548767,0.6555269360542297,-0.4021266996860504,0.9862849116325378,0.5917115807533264,0.65390944480896,0.5301538705825806,0.6603502631187439,0.48303380608558655,0.7953214645385742,-0.5320204496383667,0.9974362850189209,0.6693925857543945,0.745540976524353,0.7995241284370422,0.8660656809806824,0.5026711821556091,0.8189876079559326,-0.5456374287605286,0.9946417212486267,0.7012401819229126,0.755950391292572,0.8253076672554016,0.9097996950149536,0.3836340606212616,0.8214222192764282,-0.6715952157974243,0.9956542253494263,0.6137328147888184,0.7719830274581909,0.8404472470283508,0.8949601054191589
IMG_9704 3,19,631,good,0.5223394632339478,0.34488973021507263,-0.07968144118785858,0.999958872795105,0.5327015519142151,0.33439335227012634,-0.13078102469444275,0.9999706149101257,0.5353810787200928,0.333964079618454,-0.13078705966472626,0.9999766945838928,0.5378179550170898,0.33350369334220886,-0.13083672523498535,0.9999743700027466,0.5295280814170837,0.3344185948371887,-0.06190516799688339,0.9999567270278931,0.5300865173339844,0.33410054445266724,-0.06192201003432274,0.9999452829360962,0.5302476286888123,0.33372342586517334,-0.061891861259937286,0.9999457001686096,0.56424880027771,0.33750882744789124,-0.24622590839862823,0.9999771118164062,0.55201256275177,0.33605146408081055,0.05993553623557091,0.9999168515205383,0.5326106548309326,0.3538547456264496,-0.11148854345083237,0.9999494552612305,0.5286805033683777,0.35407018661499023,-0.023130865767598152,0.9999090433120728,0.6067211031913757,0.38349398970603943,-0.37109652161598206,0.9999540448188782,0.5972134470939636,0.3853004574775696,0.2667050063610077,0.9997164607048035,0.49772903323173523,0.4495646059513092,-0.3273608386516571,0.9387903809547424,0.5255430936813354,0.4308682084083557,0.25911492109298706,0.2756965458393097,0.43365174531936646,0.3990129828453064,0.03753985837101936,0.7708945274353027,0.47639137506484985,0.37564709782600403,0.02369057573378086,0.45081421732902527,0.4130616784095764,0.38991791009902954,0.050702743232250214,0.7688516974449158,0.46744221448898315,0.3611374795436859,0.0015813747886568308,0.4952916204929352,0.4313252568244934,0.38023462891578674,0.041081249713897705,0.7697908282279968,0.47449085116386414,0.36095163226127625,-8.961935236584395e-05,0.49780526757240295,0.4341042637825012,0.38521331548690796,0.051296889781951904,0.7167599201202393,0.4777384400367737,0.3670802116394043,0.012195241637527943,0.4712993800640106,0.5692532062530518,0.5491021275520325,-0.22385302186012268,0.9999687075614929,0.577750563621521,0.546782910823822,0.22393836081027985,0.999864399433136,0.4958549737930298,0.655804455280304,-0.3862763047218323,0.9872554540634155,0.5935842394828796,0.6537721753120422,0.5187793970108032,0.6673485040664673,0.4849718511104584,0.7980517745018005,-0.5161263942718506,0.9975660443305969,0.6706609129905701,0.7457074522972107,0.7687390446662903,0.8701578974723816,0.5036295652389526,0.8198615312576294,-0.5306386351585388,0.9948959946632385,0.703368604183197,0.7565382719039917,0.793012797832489,0.9117221236228943,0.38585689663887024,0.8215570449829102,-0.6533586978912354,0.995799720287323,0.6153188347816467,0.7720193862915039,0.8127223253250122,0.8966968059539795
IMG_9704 3,20,664,good,0.5223958492279053,0.3447234034538269,-0.06163898855447769,0.9999582767486572,0.5328270196914673,0.33404234051704407,-0.11218086630105972,0.9999702572822571,0.5354564785957336,0.3336351215839386,-0.11220294237136841,0.9999763369560242,0.5380778908729553,0.3332251012325287,-0.11221980303525925,0.9999740123748779,0.5299749970436096,0.334015816450119,-0.04407711699604988,0.9999563694000244,0.5306364893913269,0.3336789309978485,-0.0441032312810421,0.9999450445175171,0.5308734178543091,0.3333139717578888,-0.04410368949174881,0.9999454617500305,0.5643227100372314,0.33678963780403137,-0.234982430934906,0.9999757409095764,0.5532025098800659,0.33574384450912476,0.0703975260257721,0.9999173283576965,0.5326808094978333,0.35374361276626587,-0.09587214887142181,0.9999474287033081,0.5286939144134521,0.35402044653892517,-0.00790993869304657,0.9999070167541504,0.6069760918617249,0.3835262656211853,-0.3658604621887207,0.9999517202377319,0.5967426300048828,0.3853241801261902,0.27150866389274597,0.9997180104255676,0.49809733033180237,0.4490482211112976,-0.3587806522846222,0.9372477531433105,0.5256770849227905,0.4303421378135681,0.4699990153312683,0.2665042579174042,0.43338027596473694,0.3992835283279419,-0.12206298112869263,0.7749817371368408,0.4758774936199188,0.3761897385120392,0.5343937277793884,0.44569817185401917,0.4136519432067871,0.38775601983070374,-0.12711511552333832,0.7747675776481628,0.46671053767204285,0.361157089471817,0.5530403256416321,0.491115540266037,0.431916743516922,0.3782649040222168,-0.13343212008476257,0.7756151556968689,0.4684127867221832,0.3609374761581421,0.5345608592033386,0.4938677251338959,0.4344246983528137,0.3822488784790039,-0.11250477284193039,0.7221866846084595,0.47701072692871094,0.3673226535320282,0.5244758129119873,0.4675152003765106,0.5699804425239563,0.549296498298645,-0.22373518347740173,0.9999693036079407,0.5785287618637085,0.5469697713851929,0.2238331437110901,0.9998656511306763,0.4966961443424225,0.6562635898590088,-0.3696180284023285,0.987414538860321,0.5935789346694946,0.6532780528068542,0.4950658082962036,0.669728696346283,0.485125333070755,0.7979376912117004,-0.47236818075180054,0.9975534677505493,0.6726470589637756,0.7458310723304749,0.7296030521392822,0.8718521595001221,0.5026670694351196,0.8198853135108948,-0.48336803913116455,0.9949690699577332,0.704354465007782,0.758146345615387,0.7534227967262268,0.9127022624015808,0.3855707049369812,0.8217635750770569,-0.6008168458938599,0.9957051277160645,0.6153127551078796,0.7725215554237366,0.7633440494537354,0.896649956703186
IMG_9704 3,21,698,good,0.5230576395988464,0.3448302149772644,-0.060638491064310074,0.999955415725708,0.533616840839386,0.3340786099433899,-0.11216532438993454,0.9999681115150452,0.5360521078109741,0.33369773626327515,-0.11219260096549988,0.9999744892120361,0.5387938618659973,0.33331170678138733,-0.11222276091575623,0.9999720454216003,0.5312486290931702,0.334014892578125,-0.04425095394253731,0.9999537467956543,0.5320934653282166,0.33367711305618286,-0.04427922144532204,0.9999424815177917,0.5325291752815247,0.333305299282074,-0.044276438653469086,0.9999433755874634,0.5645059943199158,0.33712226152420044,-0.23502446711063385,0.9999733567237854,0.5550883412361145,0.3357495367527008,0.07025507837533951,0.9999134540557861,0.5331825613975525,0.35400697588920593,-0.09509168565273285,0.9999423027038574,0.5294369459152222,0.35422924160957336,-0.0074391416274011135,0.9999005198478699,0.6069937944412231,0.3840430974960327,-0.36415889859199524,0.9999480247497559,0.5987230539321899,0.3858243227005005,0.27121907472610474,0.9997169971466064,0.4982493221759796,0.4487241804599762,-0.2951831817626953,0.9347147941589355,0.5236976146697998,0.4293469786643982,0.42567282915115356,0.2595352530479431,0.4360652565956116,0.4047705829143524,0.06004590541124344,0.7693578600883484,0.47514861822128296,0.3761157691478729,0.38284924626350403,0.4399441182613373,0.4183885455131531,0.3930423855781555,0.07189434766769409,0.7698511481285095,0.4651753008365631,0.3611893653869629,0.38490936160087585,0.4866141080856323,0.43685293197631836,0.3846794664859772,0.05514328181743622,0.7708204388618469,0.4686124920845032,0.3609094023704529,0.37223291397094727,0.48965030908584595,0.44451552629470825,0.3906095325946808,0.06932538002729416,0.7178773880004883,0.47622787952423096,0.36750537157058716,0.37202268838882446,0.46332570910453796,0.5705167651176453,0.5497891902923584,-0.22300520539283752,0.9999660849571228,0.580366313457489,0.5474051237106323,0.22307923436164856,0.9998584985733032,0.4997275471687317,0.6581786870956421,-0.3288361728191376,0.9873403906822205,0.5941000580787659,0.6541803479194641,0.45025888085365295,0.6735353469848633,0.4850136637687683,0.7992331385612488,-0.40313422679901123,0.9975048899650574,0.6744942665100098,0.7461574673652649,0.6512442231178284,0.8747869729995728,0.5023888349533081,0.8204063773155212,-0.4126476049423218,0.9949237704277039,0.708480954170227,0.7584579586982727,0.6712921261787415,0.9142732620239258,0.38536012172698975,0.8218061327934265,-0.52174311876297,0.9955818057060242,0.6193224787712097,0.7740094065666199,0.6826934218406677,0.8983240127563477
IMG_9704 3,22,731,good,0.5235940217971802,0.3458877205848694,-0.030011745169758797,0.9999508857727051,0.5338149666786194,0.33500662446022034,-0.08182534575462341,0.999965488910675,0.5360995531082153,0.3346081078052521,-0.08189230412244797,0.9999722838401794,0.5389550924301147,0.3342296779155731,-0.08193562924861908,0.9999700784683228,0.5318266749382019,0.33478352427482605,-0.014244819059967995,0.9999505281448364,0.5327680110931396,0.3343163728713989,-0.014269920997321606,0.9999386668205261,0.5333307385444641,0.3338322639465332,-0.014289242215454578,0.9999400973320007,0.5641969442367554,0.33797013759613037,-0.2150912582874298,0.9999706745147705,0.5562378764152527,0.33587491512298584,0.08723269402980804,0.9999097585678101,0.5332101583480835,0.35486745834350586,-0.0678328424692154,0.9999324679374695,0.5301533937454224,0.35494932532310486,0.019062086939811707,0.9998885989189148,0.5980337262153625,0.38445785641670227,-0.3561498820781708,0.9999452829360962,0.6146326065063477,0.38605231046676636,0.29198113083839417,0.9996960163116455,0.4953126013278961,0.4485853314399719,-0.2834424376487732,0.9333122372627258,0.5474485158920288,0.4304295480251312,0.5489509105682373,0.24042125046253204,0.4343431293964386,0.3938644826412201,0.06864538043737411,0.7714652419090271,0.4841601252555847,0.37932559847831726,0.6784802079200745,0.41739213466644287,0.4164120852947235,0.3883015811443329,0.080416239798069,0.7736712098121643,0.4713638722896576,0.36453908681869507,0.7077875137329102,0.4676823318004608,0.4348336458206177,0.3800472915172577,0.06613769382238388,0.77463698387146,0.4753580689430237,0.3633154332637787,0.6893721222877502,0.4712826609611511,0.4433967173099518,0.3847654461860657,0.07844619452953339,0.7215854525566101,0.48495957255363464,0.3681679964065552,0.6699162125587463,0.4464537501335144,0.5699843168258667,0.5497202277183533,-0.2228054255247116,0.9999637603759766,0.5837244987487793,0.5473996996879578,0.22288158535957336,0.9998475313186646,0.501663327217102,0.6599695682525635,-0.32597705721855164,0.9867988228797913,0.5944184064865112,0.6543620824813843,0.4441513419151306,0.6704937815666199,0.4858458936214447,0.7991940379142761,-0.4115699231624603,0.9973152279853821,0.6760062575340271,0.7461315393447876,0.6424357295036316,0.8734149932861328,0.5024378299713135,0.8204081654548645,-0.4211895167827606,0.9947249889373779,0.708593487739563,0.7584107518196106,0.6628530621528625,0.9137743711471558,0.3852686285972595,0.8218706846237183,-0.5259472131729126,0.9951798915863037,0.6214361786842346,0.7739583253860474,0.6770950555801392,0.8957086205482483
IMG_9704 3,23,764,good,0.5241653323173523,0.34585627913475037,-0.04096382111310959,0.9999468326568604,0.5344766974449158,0.3349571228027344,-0.09193068742752075,0.9999624490737915,0.5366015434265137,0.33456310629844666,-0.09198862314224243,0.9999701380729675,0.5391110777854919,0.33419063687324524,-0.09203462302684784,0.9999675154685974,0.5328688621520996,0.33473634719848633,-0.024468811228871346,0.9999464750289917,0.5339736342430115,0.3342774212360382,-0.02449726313352585,0.9999343156814575,0.5346958637237549,0.33379796147346497,-0.02450425736606121,0.9999354481697083,0.564262866973877,0.33772215247154236,-0.2182241976261139,0.999967634677887,0.5576833486557007,0.33584877848625183,0.0849989801645279,0.9999032020568848,0.533750057220459,0.35479894280433655,-0.07483407855033875,0.9999255537986755,0.5314644575119019,0.35490721464157104,0.011517269536852837,0.9998782277107239,0.5981215834617615,0.3846716284751892,-0.36004433035850525,0.9999423027038574,0.6113173961639404,0.38611820340156555,0.29060909152030945,0.999681293964386,0.4960329830646515,0.4485834836959839,-0.2918154299259186,0.9327982664108276,0.5404733419418335,0.4321117401123047,0.4965192973613739,0.22781899571418762,0.43282219767570496,0.39267319440841675,0.04525712504982948,0.7717688679695129,0.48550325632095337,0.379670113325119,0.5533009767532349,0.40105777978897095,0.41548189520835876,0.384859561920166,0.054045528173446655,0.7749870419502258,0.4725617468357086,0.3659892678260803,0.5688492655754089,0.4531150162220001,0.4345546066761017,0.37631955742836,0.04114147648215294,0.7760817408561707,0.4776221513748169,0.3635350167751312,0.5533180832862854,0.45691221952438354,0.44238904118537903,0.3826600909233093,0.05552053451538086,0.722740113735199,0.483412504196167,0.36825230717658997,0.5438445210456848,0.4327269196510315,0.57015061378479,0.5499745011329651,-0.22339630126953125,0.999963641166687,0.5824507474899292,0.5479233264923096,0.2234743982553482,0.9998464584350586,0.5023220777511597,0.6603473424911499,-0.3387933671474457,0.9871574640274048,0.5940073728561401,0.6551164984703064,0.45199382305145264,0.6712850332260132,0.4855281114578247,0.7992989420890808,-0.43963322043418884,0.997343897819519,0.6757970452308655,0.7470073103904724,0.6447089910507202,0.8753681182861328,0.5006723999977112,0.8204801678657532,-0.4504947364330292,0.994807779788971,0.7088796496391296,0.7601225972175598,0.6660146117210388,0.9151510000228882,0.38522806763648987,0.8222090601921082,-0.5678418278694153,0.99516761302948,0.6212803721427917,0.7751508951187134,0.678735613822937,0.8962055444717407
IMG_9704 3,24,797,good,0.5246743559837341,0.34639376401901245,-0.036470700055360794,0.999942421913147,0.5350329875946045,0.33555343747138977,-0.08652535080909729,0.9999589323997498,0.5369224548339844,0.33516156673431396,-0.08656994998455048,0.9999674558639526,0.5391623973846436,0.33478718996047974,-0.08659908920526505,0.9999644160270691,0.5338729023933411,0.3352828621864319,-0.019690729677677155,0.9999420046806335,0.5350853800773621,0.3348087668418884,-0.01973126269876957,0.9999293088912964,0.5358846187591553,0.33432209491729736,-0.01975712925195694,0.9999305605888367,0.5642244219779968,0.33829551935195923,-0.21425089240074158,0.9999644160270691,0.5581144094467163,0.33693569898605347,0.08797867596149445,0.9998982548713684,0.5343196988105774,0.3551168143749237,-0.07220982015132904,0.9999208450317383,0.5325537323951721,0.35520780086517334,0.014435827732086182,0.9998698830604553,0.6012030243873596,0.3849802017211914,-0.3476070463657379,0.9999409317970276,0.6111299991607666,0.38701626658439636,0.2902694046497345,0.9996792674064636,0.5053808689117432,0.4484848976135254,-0.3386666774749756,0.9302241802215576,0.5433031320571899,0.4338432848453522,0.47629955410957336,0.22159704566001892,0.4399763345718384,0.3944251835346222,-0.11586707830429077,0.7713413834571838,0.48468825221061707,0.38078469038009644,0.5164191126823425,0.4017126262187958,0.4184824824333191,0.38604679703712463,-0.11733505874872208,0.7773176431655884,0.4720054268836975,0.3660934567451477,0.5301728248596191,0.45530468225479126,0.4360349774360657,0.3776116967201233,-0.12502919137477875,0.778078556060791,0.47740206122398376,0.3644278943538666,0.5138285756111145,0.4590595066547394,0.444109708070755,0.3827499449253082,-0.1064399778842926,0.7239474654197693,0.48221689462661743,0.36912864446640015,0.5063934922218323,0.4349122643470764,0.5751056671142578,0.5497336983680725,-0.22275754809379578,0.9999645948410034,0.5816361904144287,0.5478436946868896,0.2228325605392456,0.9998483657836914,0.5022127032279968,0.6603018045425415,-0.3752393424510956,0.987566351890564,0.6014756560325623,0.6560885906219482,0.4758772552013397,0.6688976883888245,0.48828136920928955,0.7992686033248901,-0.5069730281829834,0.9973745942115784,0.6805907487869263,0.7469362020492554,0.7112271785736084,0.8742056488990784,0.5018405914306641,0.8204744458198547,-0.5214884877204895,0.9947254061698914,0.7134508490562439,0.7600527405738831,0.7353354096412659,0.9131750464439392,0.38584718108177185,0.8233219385147095,-0.6577671766281128,0.9952270984649658,0.6211638450622559,0.7752663493156433,0.7336019277572632,0.895990788936615
IMG_9704 3,25,831,good,0.5253410339355469,0.3463004529476166,-0.04016197845339775,0.9999313950538635,0.5353465676307678,0.3353491723537445,-0.09100913256406784,0.999951183795929,0.5372085571289062,0.33494460582733154,-0.09105075895786285,0.9999613761901855,0.5393370389938354,0.3345383405685425,-0.0910811498761177,0.9999579191207886,0.5343475937843323,0.3351203203201294,-0.022246696054935455,0.9999307990074158,0.5356812477111816,0.33466652035713196,-0.02228081412613392,0.9999159574508667,0.5366805195808411,0.3341847062110901,-0.022310689091682434,0.9999182820320129,0.5653080344200134,0.33808934688568115,-0.2212306410074234,0.9999563097953796,0.5609785318374634,0.3369094431400299,0.08741745352745056,0.9998787641525269,0.5352029204368591,0.35504111647605896,-0.07641369104385376,0.9999040961265564,0.5343396663665771,0.355154424905777,0.011760600842535496,0.9998442530632019,0.6070816516876221,0.38498738408088684,-0.3633548617362976,0.9999388456344604,0.609691321849823,0.3873695135116577,0.29184651374816895,0.9996614456176758,0.5050547122955322,0.44839414954185486,-0.33586862683296204,0.9302574396133423,0.5402989387512207,0.43562188744544983,0.5047300457954407,0.21114596724510193,0.4389592707157135,0.392791748046875,-0.07088329643011093,0.7780897617340088,0.4836701452732086,0.3816675841808319,0.5552563071250916,0.3911237120628357,0.4150809943675995,0.379838764667511,-0.06718853116035461,0.7845766544342041,0.4710228145122528,0.3658095896244049,0.5695400834083557,0.44620653986930847,0.4359615445137024,0.3706393837928772,-0.07777053117752075,0.7853620648384094,0.47640690207481384,0.3643527925014496,0.5510898232460022,0.45026519894599915,0.4440094828605652,0.376230388879776,-0.060876909643411636,0.7311787009239197,0.4815836548805237,0.3688749074935913,0.5436129570007324,0.42666932940483093,0.5745599269866943,0.5497300624847412,-0.22483032941818237,0.9999620318412781,0.5807016491889954,0.5478225350379944,0.22490857541561127,0.9998387098312378,0.5024157762527466,0.6613874435424805,-0.3448514938354492,0.9869070053100586,0.6003971695899963,0.6561095118522644,0.47768300771713257,0.6591683030128479,0.48563769459724426,0.7998455762863159,-0.4125852882862091,0.9971669912338257,0.6800681948661804,0.747029721736908,0.7185479998588562,0.8706116676330566,0.4998551607131958,0.8202625513076782,-0.4207156002521515,0.9943698644638062,0.7131215333938599,0.7603675723075867,0.7447793483734131,0.9119402766227722,0.37802186608314514,0.8234205842018127,-0.5461987257003784,0.9948933720588684,0.6221546530723572,0.7749713063240051,0.7379353046417236,0.8937005996704102
IMG_9704 3,26,864,good,0.5267404913902283,0.3468800485134125,-0.04708966612815857,0.9999310970306396,0.5367886424064636,0.33598968386650085,-0.09945324808359146,0.9999508857727051,0.5389401316642761,0.33557024598121643,-0.09950736910104752,0.9999611377716064,0.5412737727165222,0.3350994884967804,-0.09955640137195587,0.9999576210975647,0.5353895425796509,0.33589446544647217,-0.02797132544219494,0.9999304413795471,0.5366848707199097,0.33551231026649475,-0.028014471754431725,0.9999154806137085,0.5376811623573303,0.3350554406642914,-0.028058884665369987,0.9999179840087891,0.5690001845359802,0.33848223090171814,-0.23569394648075104,0.9999557733535767,0.5629964470863342,0.3374583125114441,0.08329468220472336,0.9998769760131836,0.5374796390533447,0.3553507924079895,-0.08688116073608398,0.99990314245224,0.5360369682312012,0.3555799722671509,0.0051406086422502995,0.9998430013656616,0.6169586777687073,0.3855384290218353,-0.3644009232521057,0.9999387860298157,0.609232485294342,0.3878278434276581,0.28046175837516785,0.999658465385437,0.5110058784484863,0.44837579131126404,-0.32417032122612,0.9289454817771912,0.5401522517204285,0.43520766496658325,0.4127517640590668,0.20591916143894196,0.4465566575527191,0.39366981387138367,-0.014028352685272694,0.774556577205658,0.48311954736709595,0.3813801407814026,0.3593275249004364,0.38186192512512207,0.4249795973300934,0.3819328248500824,-0.007368680089712143,0.7810948491096497,0.47074249386787415,0.3621531128883362,0.35775184631347656,0.4366911053657532,0.44363531470298767,0.372097373008728,-0.020316483452916145,0.782075047492981,0.4736018776893616,0.35906872153282166,0.34635356068611145,0.4408244490623474,0.4517788589000702,0.37660104036331177,-0.003860676195472479,0.7264270782470703,0.4810732305049896,0.3659084439277649,0.34736552834510803,0.41738852858543396,0.575316846370697,0.5506161451339722,-0.22212769091129303,0.9999617338180542,0.5773673057556152,0.5490995049476624,0.22230271995067596,0.9998370409011841,0.5041990280151367,0.6625204086303711,-0.3862937092781067,0.9861525297164917,0.6027907133102417,0.6599491834640503,0.49747031927108765,0.6458160281181335,0.48558568954467773,0.7997674942016602,-0.5059583783149719,0.9970134496688843,0.6798835396766663,0.7488864660263062,0.784098744392395,0.8652200698852539,0.5002867579460144,0.8202515840530396,-0.5212224125862122,0.9940022230148315,0.7126786112785339,0.7614572644233704,0.8121053576469421,0.9083473682403564,0.37966015934944153,0.8235894441604614,-0.6694487929344177,0.9948402047157288,0.6220588088035583,0.7778279781341553,0.805022656917572,0.8912484645843506
IMG_9704 3,27,897,good,0.5276070833206177,0.34689176082611084,-0.08199316263198853,0.9999266862869263,0.537071168422699,0.33634692430496216,-0.13171225786209106,0.9999468922615051,0.539472222328186,0.3359576165676117,-0.13177649676799774,0.9999585747718811,0.5418792963027954,0.33548325300216675,-0.13182024657726288,0.999954342842102,0.5356879234313965,0.33635061979293823,-0.060970354825258255,0.9999239444732666,0.5369834303855896,0.3360702097415924,-0.0610220730304718,0.9999075531959534,0.5382620096206665,0.3356841504573822,-0.0610603466629982,0.9999085664749146,0.5700528621673584,0.3392452895641327,-0.25974318385124207,0.9999514222145081,0.5635133385658264,0.33855631947517395,0.06013506278395653,0.9998621344566345,0.5381952524185181,0.35550710558891296,-0.11885589361190796,0.9998985528945923,0.5364944934844971,0.3558182418346405,-0.026571843773126602,0.9998316764831543,0.6238131523132324,0.3856188654899597,-0.37474480271339417,0.9999397397041321,0.6010128259658813,0.3883771002292633,0.2518651485443115,0.9996326565742493,0.5160278081893921,0.44779565930366516,-0.35431361198425293,0.9298673868179321,0.5210283994674683,0.4347245991230011,0.3684651553630829,0.20201900601387024,0.4503890872001648,0.3882463574409485,-0.09478146582841873,0.7791289687156677,0.48042166233062744,0.37655991315841675,0.29717105627059937,0.37393754720687866,0.43204963207244873,0.36935752630233765,-0.09716812521219254,0.785112738609314,0.46611475944519043,0.35671794414520264,0.29417046904563904,0.4271216094493866,0.44607964158058167,0.35974761843681335,-0.10182696580886841,0.7861313223838806,0.4707641005516052,0.3537330627441406,0.28610309958457947,0.43113869428634644,0.4537917673587799,0.367625892162323,-0.0825510323047638,0.7283937335014343,0.47623562812805176,0.3585021197795868,0.2866447865962982,0.40744802355766296,0.5754618048667908,0.5521303415298462,-0.22025059163570404,0.9999629855155945,0.5700108408927917,0.5509105920791626,0.22045782208442688,0.9998355507850647,0.5052152276039124,0.6642468571662903,-0.4319050908088684,0.986565113067627,0.6034548878669739,0.6609408259391785,0.5684193968772888,0.6362414956092834,0.48706135153770447,0.7997521758079529,-0.5884842276573181,0.9971267580986023,0.6796491742134094,0.7488064169883728,0.9365435242652893,0.8613459467887878,0.5063901543617249,0.8204957842826843,-0.6080483794212341,0.9939088225364685,0.7124167680740356,0.7590275406837463,0.9720594882965088,0.9055917263031006,0.3873646855354309,0.8235912919044495,-0.7883970737457275,0.9950224161148071,0.6272883415222168,0.7779580950737,0.9604640007019043,0.8902731537818909
IMG_9704 3,28,930,good,0.5279579162597656,0.3470197916030884,-0.07888605445623398,0.9999278783798218,0.5373303890228271,0.336838036775589,-0.1282544732093811,0.9999468326568604,0.5398046374320984,0.33643803000450134,-0.12831395864486694,0.9999588131904602,0.54229736328125,0.3359265625476837,-0.12835587561130524,0.9999542236328125,0.5357546806335449,0.33697354793548584,-0.05821794271469116,0.9999233484268188,0.537175178527832,0.3367616534233093,-0.058267511427402496,0.9999070763587952,0.5384600758552551,0.3363927900791168,-0.058300334960222244,0.9999068379402161,0.5717397928237915,0.33971697092056274,-0.2514139711856842,0.9999512434005737,0.5637747049331665,0.33892637491226196,0.06674476712942123,0.9998593330383301,0.5389029383659363,0.35572320222854614,-0.11455084383487701,0.9999018907546997,0.5370594263076782,0.3561611771583557,-0.023209810256958008,0.999832272529602,0.6330214142799377,0.3857784867286682,-0.36575713753700256,0.9999432563781738,0.5820927619934082,0.3897690176963806,0.2548816204071045,0.9996351599693298,0.5306350588798523,0.4474641978740692,-0.41845211386680603,0.9339157938957214,0.4957750737667084,0.4325335919857025,0.292693555355072,0.21867242455482483,0.4516081213951111,0.3897964358329773,-0.2838176190853119,0.7942284941673279,0.4619949460029602,0.37400171160697937,0.07784707099199295,0.3987736701965332,0.431755006313324,0.37328797578811646,-0.3050175905227661,0.7987566590309143,0.4485873878002167,0.35698509216308594,0.054563868790864944,0.4468192458152771,0.44601181149482727,0.3645072281360626,-0.30197352170944214,0.7995471954345703,0.45649921894073486,0.3532141447067261,0.04797571524977684,0.45042330026626587,0.4536309242248535,0.37103208899497986,-0.2710798978805542,0.7428594827651978,0.4646132290363312,0.3588416874408722,0.06432855129241943,0.42513275146484375,0.5775552988052368,0.5527529120445251,-0.22024549543857574,0.9999638795852661,0.5653060078620911,0.552019476890564,0.2204505205154419,0.999832808971405,0.5057331323623657,0.6640558838844299,-0.45536598563194275,0.9870703816413879,0.6033115386962891,0.6620032787322998,0.5668565034866333,0.6294204592704773,0.48743343353271484,0.799888551235199,-0.6278319954872131,0.9972138404846191,0.6794901490211487,0.7491328120231628,0.9069953560829163,0.8571237921714783,0.5096116065979004,0.8209561109542847,-0.6500069499015808,0.9936988949775696,0.7121579647064209,0.7590715289115906,0.9396278262138367,0.9034538269042969,0.38897648453712463,0.8243496417999268,-0.840389609336853,0.9951446056365967,0.6389582753181458,0.7819521427154541,0.9237618446350098,0.8897915482521057
IMG_9704 3,29,963,good,0.5274929404258728,0.3456885516643524,-0.07739749550819397,0.9999346137046814,0.5377381443977356,0.33593952655792236,-0.1272108405828476,0.9999517202377319,0.5406677722930908,0.3355933725833893,-0.1272631734609604,0.9999626278877258,0.5437068343162537,0.33515623211860657,-0.12729869782924652,0.9999583959579468,0.5357231497764587,0.33622804284095764,-0.05700414255261421,0.9999303817749023,0.5370230674743652,0.33612921833992004,-0.05704677477478981,0.999915599822998,0.5380853414535522,0.33590176701545715,-0.05710320547223091,0.9999152421951294,0.5743134617805481,0.3396717309951782,-0.1977810561656952,0.9999557733535767,0.5626646876335144,0.33889833092689514,0.10026079416275024,0.9998719692230225,0.5385562777519226,0.3545685410499573,-0.10549663007259369,0.9999110698699951,0.5352208018302917,0.355197548866272,-0.01906525529921055,0.9998473525047302,0.6409045457839966,0.386771023273468,-0.30995091795921326,0.9999479651451111,0.5566954016685486,0.3908936381340027,0.2873569428920746,0.9996575117111206,0.5400334596633911,0.4467771649360657,-0.39287620782852173,0.9391701817512512,0.4513618052005768,0.42567509412765503,0.08283881843090057,0.26369065046310425,0.4516890048980713,0.3892950415611267,-0.2139851450920105,0.8098721504211426,0.4518742859363556,0.36939236521720886,-0.3971354067325592,0.43343567848205566,0.430904358625412,0.3747195899486542,-0.2308514267206192,0.811602771282196,0.4494604766368866,0.3549017608165741,-0.45642104744911194,0.46977484226226807,0.4457017779350281,0.3668685257434845,-0.22227968275547028,0.8120157122612,0.4622253477573395,0.35299593210220337,-0.43005767464637756,0.4714236259460449,0.4533728063106537,0.3729214668273926,-0.19699084758758545,0.756849467754364,0.46471795439720154,0.35780763626098633,-0.40305304527282715,0.4442765712738037,0.5844095349311829,0.5538490414619446,-0.21724994480609894,0.9999658465385437,0.5500192642211914,0.5544882416725159,0.21739383041858673,0.9998407363891602,0.5061235427856445,0.6639757752418518,-0.4633214473724365,0.9879635572433472,0.6026843786239624,0.66437166929245,0.5707334280014038,0.6397591233253479,0.4884531795978546,0.8000447750091553,-0.6399837732315063,0.9973955154418945,0.6797532439231873,0.7497331500053406,0.9231859445571899,0.8609454035758972,0.5107635855674744,0.8214809894561768,-0.6649388074874878,0.9936529994010925,0.7124471068382263,0.7591304779052734,0.9571418762207031,0.906459391117096,0.38933202624320984,0.8252488374710083,-0.8798589706420898,0.9953809380531311,0.6529212594032288,0.7853959798812866,0.9307161569595337,0.8939736485481262
IMG_9704 3,30,997,good,0.5269169807434082,0.34550219774246216,-0.0898873507976532,0.9999392032623291,0.5378638505935669,0.33588093519210815,-0.12833701074123383,0.9999547600746155,0.5414204597473145,0.33551692962646484,-0.1284087896347046,0.9999648332595825,0.5453835725784302,0.33505719900131226,-0.12842819094657898,0.9999610781669617,0.5351259112358093,0.3362170457839966,-0.059451427310705185,0.9999346137046814,0.5359809994697571,0.3361086845397949,-0.05951680615544319,0.9999203085899353,0.5365539193153381,0.335879921913147,-0.05955379456281662,0.9999198913574219,0.5770368576049805,0.33958733081817627,-0.19501399993896484,0.9999584555625916,0.5604373216629028,0.338924378156662,0.1082073450088501,0.9998764991760254,0.5381154417991638,0.3543233275413513,-0.10875675082206726,0.9999178647994995,0.5324615240097046,0.3550271689891815,-0.0215008407831192,0.999855637550354,0.6432331204414368,0.3871387839317322,-0.31688475608825684,0.9999516010284424,0.5456624627113342,0.39171573519706726,0.30976933240890503,0.9996433258056641,0.5449580550193787,0.44668498635292053,-0.5279261469841003,0.9446449875831604,0.44212499260902405,0.4243174195289612,0.20324434340000153,0.28628769516944885,0.4245339334011078,0.3893433213233948,-0.5216997861862183,0.8271035552024841,0.3919723927974701,0.37164658308029175,-0.20890817046165466,0.4604493975639343,0.38640087842941284,0.37532874941825867,-0.5735841989517212,0.827664852142334,0.3596048057079315,0.3579065203666687,-0.2635495364665985,0.49042898416519165,0.3981662094593048,0.36781615018844604,-0.5556015968322754,0.827892005443573,0.3720078468322754,0.35423266887664795,-0.27402663230895996,0.4920917749404907,0.41706961393356323,0.3736022114753723,-0.5059961676597595,0.7757110595703125,0.3795975148677826,0.3585796058177948,-0.2308744192123413,0.4647982120513916,0.5904726982116699,0.5538073182106018,-0.22298744320869446,0.9999648332595825,0.5465283989906311,0.5542017221450806,0.22308729588985443,0.9998278617858887,0.5059879422187805,0.6650283932685852,-0.4510721266269684,0.9885348081588745,0.602724015712738,0.6643048524856567,0.5589916706085205,0.6385999917984009,0.4877265691757202,0.8000110387802124,-0.6087592244148254,0.9975552558898926,0.6795709133148193,0.7503312230110168,0.8796653747558594,0.8623867630958557,0.5103340148925781,0.8214881420135498,-0.63169926404953,0.9938543438911438,0.7129655480384827,0.7591638565063477,0.9092763662338257,0.9079146385192871,0.3880530893802643,0.825280487537384,-0.8547629714012146,0.9956561923027039,0.648676872253418,0.7835871577262878,0.8965413570404053,0.8971582651138306
IMG_9704 3,31,1030,good,0.5267840623855591,0.3457132875919342,-0.08880802243947983,0.9999424815177917,0.5380554795265198,0.33627861738204956,-0.12714028358459473,0.9999564290046692,0.542183518409729,0.3357992470264435,-0.12721852958202362,0.999965488910675,0.5467102527618408,0.33526334166526794,-0.12718963623046875,0.9999622106552124,0.5349490642547607,0.33694809675216675,-0.05821790546178818,0.999936580657959,0.5357333421707153,0.3369116485118866,-0.058284275233745575,0.9999216198921204,0.536251962184906,0.3367341458797455,-0.05831741541624069,0.9999220371246338,0.580184280872345,0.33974266052246094,-0.16854184865951538,0.9999579191207886,0.5599423050880432,0.3396262228488922,0.11277865618467331,0.999877393245697,0.5382646918296814,0.35433703660964966,-0.10697571933269501,0.9999226331710815,0.5324547290802002,0.35512810945510864,-0.02037799172103405,0.9998612403869629,0.6464818120002747,0.3891959488391876,-0.29206711053848267,0.999952495098114,0.5344704985618591,0.39195120334625244,0.3040924668312073,0.9996470808982849,0.5519594550132751,0.4437137544155121,-0.5260674953460693,0.9492880702018738,0.4197574853897095,0.4125804901123047,0.2600511312484741,0.3337706923484802,0.43372347950935364,0.38831695914268494,-0.6368605494499207,0.842789351940155,0.3287377655506134,0.37143614888191223,-0.030136125162243843,0.5044527649879456,0.4242990016937256,0.3759523928165436,-0.7085989117622375,0.8425685167312622,0.29797351360321045,0.3613525629043579,-0.07446304708719254,0.5280563831329346,0.4218157231807709,0.36859485507011414,-0.6904526352882385,0.8426768779754639,0.30350854992866516,0.3554707467556,-0.10796839743852615,0.5304659008979797,0.42219218611717224,0.37144890427589417,-0.6281833052635193,0.7939290404319763,0.3145008981227875,0.3589436411857605,-0.0578698106110096,0.5053238272666931,0.592262864112854,0.5528162121772766,-0.21800997853279114,0.9999635219573975,0.5379899144172668,0.5534401535987854,0.21805818378925323,0.9998143315315247,0.5059775114059448,0.6648300290107727,-0.44967687129974365,0.9878342747688293,0.5977405309677124,0.663533627986908,0.5140052437782288,0.6164169907569885,0.4857925474643707,0.7999449968338013,-0.596010684967041,0.9975445866584778,0.6794866919517517,0.7501407265663147,0.8269931674003601,0.8520001173019409,0.5053431391716003,0.8216091990470886,-0.6173582077026367,0.9935385584831238,0.7119908928871155,0.7590358853340149,0.8541621565818787,0.9039011001586914,0.3866508901119232,0.8264822363853455,-0.8392882943153381,0.9957137107849121,0.6375634074211121,0.781737744808197,0.7870706915855408,0.8950737118721008
IMG_9704 3,32,1063,good,0.5237106680870056,0.3468855023384094,-0.08710446208715439,0.999946653842926,0.5368759632110596,0.33686915040016174,-0.11541468650102615,0.9999591112136841,0.5414384007453918,0.33623698353767395,-0.1154785230755806,0.9999671578407288,0.5462701320648193,0.3355446457862854,-0.11541768163442612,0.9999642372131348,0.5331423878669739,0.3375510573387146,-0.0529048889875412,0.9999400973320007,0.5341646671295166,0.3374024033546448,-0.05300192907452583,0.9999250769615173,0.5349931120872498,0.3371114730834961,-0.053068071603775024,0.9999260306358337,0.5798529386520386,0.3397291600704193,-0.15618470311164856,0.9999588131904602,0.5584478974342346,0.3397005498409271,0.11678415536880493,0.9998840689659119,0.5362699627876282,0.3545122444629669,-0.09543728828430176,0.9999282360076904,0.5307580828666687,0.3554553687572479,-0.015396877191960812,0.9998705387115479,0.649857223033905,0.3906972110271454,-0.26627108454704285,0.9999539256095886,0.5275275707244873,0.39139312505722046,0.30037921667099,0.9996635913848877,0.5508416891098022,0.4418288469314575,-0.5010352730751038,0.952997088432312,0.4143907129764557,0.403035968542099,0.273309588432312,0.3816622495651245,0.46675610542297363,0.38287320733070374,-0.6403142213821411,0.8570049405097961,0.2965072989463806,0.37049904465675354,0.0416366346180439,0.5462547540664673,0.4555644989013672,0.37315136194229126,-0.7174636125564575,0.8562698364257812,0.25960636138916016,0.36498674750328064,0.006564900279045105,0.5641636848449707,0.4575416147708893,0.36517059803009033,-0.7028876543045044,0.856283962726593,0.26097241044044495,0.35889333486557007,-0.03288858011364937,0.5674669146537781,0.46519994735717773,0.3667982220649719,-0.6358985900878906,0.8109273910522461,0.2735452950000763,0.3598826825618744,0.015157155692577362,0.5449451804161072,0.5961834788322449,0.5527507662773132,-0.2060151994228363,0.9999642372131348,0.5333248972892761,0.5533840656280518,0.20604141056537628,0.9998122453689575,0.508198082447052,0.66445392370224,-0.45209622383117676,0.9877265691757202,0.5977208614349365,0.6633055210113525,0.5167834162712097,0.5953701138496399,0.48525646328926086,0.7999557852745056,-0.5997288823127747,0.9976111054420471,0.6793881058692932,0.749104380607605,0.8673512935638428,0.8444169163703918,0.5037539601325989,0.8218313455581665,-0.6213967800140381,0.9933647513389587,0.7112650871276855,0.757655143737793,0.8996819257736206,0.8997757434844971,0.3864307403564453,0.8270183801651001,-0.8463782668113708,0.9958672523498535,0.6375535130500793,0.7787643671035767,0.8306154608726501,0.894899845123291
IMG_9704 3,33,1096,good,0.5240988731384277,0.3473770022392273,-0.07739224284887314,0.9999510049819946,0.5375906229019165,0.3375321328639984,-0.09844229370355606,0.9999620318412781,0.5424248576164246,0.3368808925151825,-0.09850114583969116,0.9999691843986511,0.5475014448165894,0.3361416161060333,-0.09842179715633392,0.999966561794281,0.533176064491272,0.3382146656513214,-0.04159387946128845,0.9999440908432007,0.5341567397117615,0.33805862069129944,-0.04169338569045067,0.9999293088912964,0.5349022150039673,0.33776018023490906,-0.041758500039577484,0.9999306797981262,0.581267237663269,0.33985599875450134,-0.11971414089202881,0.9999603629112244,0.557183563709259,0.3401111364364624,0.13465099036693573,0.999891459941864,0.5366485714912415,0.35472580790519714,-0.07585474848747253,0.9999336004257202,0.5307865142822266,0.3556477129459381,-0.0028067876119166613,0.999880313873291,0.6508483290672302,0.3917926251888275,-0.22659637033939362,0.9999542236328125,0.5219430327415466,0.39056867361068726,0.29925885796546936,0.9996811747550964,0.5521542429924011,0.438394159078598,-0.48193082213401794,0.9562035202980042,0.39716002345085144,0.3971260190010071,0.31704026460647583,0.4347955882549286,0.4839898645877838,0.38350439071655273,-0.6289675235748291,0.8698506951332092,0.2683010697364807,0.36976274847984314,0.08457887917757034,0.5877821445465088,0.4700869917869568,0.37309932708740234,-0.7076904773712158,0.8684926629066467,0.23630759119987488,0.36675533652305603,0.03452093526721001,0.601472795009613,0.46309754252433777,0.3604029715061188,-0.6897544264793396,0.8683817386627197,0.23775917291641235,0.3610796332359314,0.008272808976471424,0.6052404046058655,0.4693030118942261,0.36386290192604065,-0.6240482330322266,0.826224684715271,0.24745780229568481,0.3607587218284607,0.026438115164637566,0.5851578712463379,0.5985918045043945,0.5516193509101868,-0.19691681861877441,0.9999644756317139,0.531964898109436,0.5511881113052368,0.19700521230697632,0.9998098611831665,0.5080423951148987,0.6643957495689392,-0.47108158469200134,0.9870818853378296,0.5974385738372803,0.6632023453712463,0.4918287992477417,0.5742033123970032,0.48523950576782227,0.7996479868888855,-0.634589672088623,0.9975973963737488,0.679336428642273,0.7500876188278198,0.843505859375,0.8393855094909668,0.5030200481414795,0.8218289613723755,-0.6569799184799194,0.9932456016540527,0.71051025390625,0.7585769295692444,0.8761022090911865,0.897123396396637,0.3868403732776642,0.8276674151420593,-0.8824635148048401,0.9959743618965149,0.6361680626869202,0.7787477970123291,0.792596697807312,0.8949579000473022
IMG_9704 3,34,1130,good,0.5253966450691223,0.3473639190196991,-0.057437267154455185,0.999955415725708,0.5393577814102173,0.3376697897911072,-0.07628320902585983,0.9999653100967407,0.544282078742981,0.3370531499385834,-0.07630698382854462,0.9999716281890869,0.5496650338172913,0.33633771538734436,-0.07621540129184723,0.9999693036079407,0.5338981747627258,0.33827874064445496,-0.021267641335725784,0.9999487996101379,0.5345227122306824,0.33809900283813477,-0.021392589434981346,0.9999349117279053,0.5350292921066284,0.3377867639064789,-0.021454762667417526,0.9999364614486694,0.5828953385353088,0.3398636281490326,-0.0921844020485878,0.999963104724884,0.5569141507148743,0.3400941789150238,0.15583457052707672,0.9999006390571594,0.537708044052124,0.3547293543815613,-0.05478040874004364,0.9999391436576843,0.5310457944869995,0.35562342405319214,0.016219014301896095,0.9998905062675476,0.6514737606048584,0.3924308717250824,-0.20045943558216095,0.9999547600746155,0.5171781778335571,0.39056146144866943,0.3109806478023529,0.9997028708457947,0.5532044172286987,0.438649982213974,-0.4724471867084503,0.9589096307754517,0.3883320689201355,0.395302951335907,0.3450336456298828,0.48551130294799805,0.49498504400253296,0.38208529353141785,-0.6589811444282532,0.8816581964492798,0.2607078552246094,0.36963748931884766,0.11260297894477844,0.6264522671699524,0.4822230637073517,0.37016525864601135,-0.7421441674232483,0.8799953460693359,0.23028409481048584,0.3677072823047638,0.06585047394037247,0.6368570923805237,0.48560085892677307,0.36003121733665466,-0.7295174598693848,0.8798125982284546,0.23185764253139496,0.3624702990055084,0.023177530616521835,0.6408528685569763,0.48368602991104126,0.36183515191078186,-0.6581743359565735,0.8407947421073914,0.24075213074684143,0.36180487275123596,0.05713033676147461,0.622967004776001,0.6026461124420166,0.5511568784713745,-0.1955537647008896,0.9999648928642273,0.5327364802360535,0.5511869788169861,0.19561579823493958,0.9998133778572083,0.5083667039871216,0.6643266677856445,-0.46593400835990906,0.9865118265151978,0.5955084562301636,0.6641615629196167,0.4612072706222534,0.5627238154411316,0.48465102910995483,0.7997809648513794,-0.6200363039970398,0.9975691437721252,0.6783537864685059,0.7509129047393799,0.7600744962692261,0.8349281549453735,0.4999392330646515,0.8225453495979309,-0.6417285799980164,0.9930230975151062,0.7103409171104431,0.7591705918312073,0.7860031127929688,0.8947834372520447,0.38678252696990967,0.8276268243789673,-0.8625553846359253,0.9960510730743408,0.6315849423408508,0.7811290621757507,0.705233097076416,0.8946374654769897
IMG_9704 3,35,1163,good,0.5253666043281555,0.34570789337158203,-0.020555714145302773,0.9999588131904602,0.539677083492279,0.3360074460506439,-0.03439859673380852,0.9999675154685974,0.5446263551712036,0.33538493514060974,-0.03446344658732414,0.9999730587005615,0.5502220988273621,0.33398911356925964,-0.03439890593290329,0.9999710321426392,0.5340185165405273,0.3365037143230438,0.01636154018342495,0.9999518990516663,0.5345920324325562,0.3362606167793274,0.016264956444501877,0.9999380111694336,0.53505939245224,0.335959792137146,0.016192669048905373,0.999940037727356,0.5826139450073242,0.3393125832080841,-0.03630609065294266,0.9999637007713318,0.5547489523887634,0.3392513692378998,0.19067077338695526,0.9999067783355713,0.5372854471206665,0.35345834493637085,-0.01599789969623089,0.9999428987503052,0.5301819443702698,0.35390505194664,0.04937601462006569,0.9998975992202759,0.6520283818244934,0.3937445878982544,-0.15319448709487915,0.9999533295631409,0.508441150188446,0.3901090621948242,0.33600154519081116,0.9997198581695557,0.5604336261749268,0.43761003017425537,-0.47454121708869934,0.9605815410614014,0.3855781853199005,0.39471951127052307,0.39276742935180664,0.5312039852142334,0.49634575843811035,0.3811193108558655,-0.7363585233688354,0.8919826745986938,0.2648915648460388,0.36970725655555725,0.18339461088180542,0.6617105007171631,0.4785463809967041,0.36627495288848877,-0.8278822898864746,0.8900666832923889,0.2326115220785141,0.36965417861938477,0.1490011215209961,0.6694883704185486,0.4863738417625427,0.3562926650047302,-0.8107345104217529,0.8897929191589355,0.2342759370803833,0.365098774433136,0.08988607674837112,0.6736029386520386,0.48802897334098816,0.3599819242954254,-0.7359488010406494,0.8533873558044434,0.24456419050693512,0.36430031061172485,0.14336182177066803,0.6575459241867065,0.607974648475647,0.5506901144981384,-0.18748869001865387,0.9999653697013855,0.5314486026763916,0.5510532855987549,0.18757838010787964,0.9998152852058411,0.5099089741706848,0.6624543070793152,-0.4904603660106659,0.9848712682723999,0.5955176949501038,0.6644546985626221,0.4399851858615875,0.5433060526847839,0.485110878944397,0.7983799576759338,-0.6484562754631042,0.997333288192749,0.6765437722206116,0.7516065239906311,0.75550776720047,0.8247223496437073,0.5003067851066589,0.8220201134681702,-0.6715437769889832,0.9917200207710266,0.7131380438804626,0.7641794085502625,0.7824440598487854,0.887840211391449,0.3863144516944885,0.8279098272323608,-0.9089516401290894,0.9959098100662231,0.6314448714256287,0.7812241315841675,0.6927492618560791,0.8922169804573059
IMG_9704 3,36,1196,good,0.5270372629165649,0.34635093808174133,-0.03214121609926224,0.9999605417251587,0.541163980960846,0.33685073256492615,-0.05296323448419571,0.9999679327011108,0.5462895035743713,0.33624792098999023,-0.05301559343934059,0.9999726414680481,0.5518597364425659,0.3350808918476105,-0.05296603962779045,0.9999709725379944,0.5347718596458435,0.3372073471546173,0.0013863336062058806,0.9999518990516663,0.5350856781005859,0.33687296509742737,0.0012942912289872766,0.9999364614486694,0.5353044867515564,0.3364497423171997,0.0012330198660492897,0.9999397397041321,0.5829867124557495,0.33963313698768616,-0.06735778599977493,0.9999611973762512,0.5539573431015015,0.33950144052505493,0.17029258608818054,0.9999067783355713,0.540107786655426,0.35445868968963623,-0.03275574371218681,0.9999444484710693,0.5316109657287598,0.3545704185962677,0.03675926849246025,0.9999003410339355,0.6521088480949402,0.39372518658638,-0.17753426730632782,0.9999536275863647,0.5092628598213196,0.38913050293922424,0.32670506834983826,0.9997318387031555,0.5710369348526001,0.43781813979148865,-0.48473769426345825,0.9633652567863464,0.3846626281738281,0.396047979593277,0.3801537752151489,0.572961688041687,0.4950864911079407,0.3816063702106476,-0.7302151322364807,0.9019946455955505,0.27082160115242004,0.369937539100647,0.1669396460056305,0.6936851143836975,0.47814154624938965,0.3674609959125519,-0.8180239796638489,0.8999308943748474,0.23705486953258514,0.37088045477867126,0.1330488622188568,0.6991885304450989,0.4832594096660614,0.3574932813644409,-0.7976243495941162,0.8996033072471619,0.2382027506828308,0.3660297393798828,0.08201714605093002,0.7033426761627197,0.4866674840450287,0.3614363968372345,-0.7270057201385498,0.8659541010856628,0.24927419424057007,0.3655818700790405,0.1319768875837326,0.6889028549194336,0.6091479659080505,0.5485430359840393,-0.19029037654399872,0.9999639391899109,0.5296242833137512,0.5499181151390076,0.19038422405719757,0.9998044967651367,0.5159277319908142,0.6611846089363098,-0.4799860715866089,0.9847004413604736,0.5941534042358398,0.6643789410591125,0.4195878207683563,0.5363323092460632,0.4850953221321106,0.7984081506729126,-0.6378340125083923,0.9973605275154114,0.6777376532554626,0.750356912612915,0.6977919340133667,0.8235260844230652,0.5003367066383362,0.821954607963562,-0.6608543395996094,0.9915014505386353,0.7136752605438232,0.7619493007659912,0.7207178473472595,0.887811005115509,0.38629668951034546,0.8282949924468994,-0.8931016325950623,0.9959896206855774,0.6334370374679565,0.7812361121177673,0.6308444142341614,0.8934711813926697
IMG_9704 3,37,1229,good,0.5278031229972839,0.34688499569892883,-0.04420110583305359,0.9999623894691467,0.5423557162284851,0.3375091850757599,-0.05708928406238556,0.9999685883522034,0.5475595593452454,0.33701932430267334,-0.057145535945892334,0.9999726414680481,0.5531142354011536,0.3361310660839081,-0.05707087367773056,0.9999711513519287,0.5354768633842468,0.33771657943725586,-0.010066189803183079,0.9999525547027588,0.5355875492095947,0.33736133575439453,-0.010182258673012257,0.999936044216156,0.5355892181396484,0.33689895272254944,-0.010289504192769527,0.9999400973320007,0.5839935541152954,0.3406181037425995,-0.09156669676303864,0.9999595284461975,0.553960382938385,0.3398517966270447,0.16392502188682556,0.999907910823822,0.5413278341293335,0.35535967350006104,-0.03721098229289055,0.9999462366104126,0.5321930050849915,0.35531407594680786,0.02921467088162899,0.9999033808708191,0.6524607539176941,0.39408424496650696,-0.19586867094039917,0.99995356798172,0.5118928551673889,0.388746440410614,0.3135528564453125,0.9997423887252808,0.5672345757484436,0.438372403383255,-0.47597837448120117,0.9658685326576233,0.3872619867324829,0.39702072739601135,0.3736102283000946,0.6093630194664001,0.4943368434906006,0.3821789622306824,-0.66721510887146,0.9109097123146057,0.2730650305747986,0.3709529936313629,0.14032182097434998,0.7218981385231018,0.47740262746810913,0.3679638206958771,-0.749098002910614,0.9086345434188843,0.24064534902572632,0.37227100133895874,0.10008136928081512,0.7249872088432312,0.4822221100330353,0.3576730787754059,-0.7334680557250977,0.9082618355751038,0.24104809761047363,0.3674987554550171,0.041443902999162674,0.7292813658714294,0.4861406087875366,0.36189574003219604,-0.6645970940589905,0.877040684223175,0.25162580609321594,0.36737164855003357,0.10091066360473633,0.7163363099098206,0.6090611219406128,0.547321081161499,-0.1898103654384613,0.9999628067016602,0.529035747051239,0.5493148565292358,0.1899304986000061,0.9997976422309875,0.5188241004943848,0.6611278057098389,-0.4782564043998718,0.9845020174980164,0.5933387279510498,0.6639446020126343,0.4308295249938965,0.5269420742988586,0.4851956367492676,0.7977650165557861,-0.6386789679527283,0.9973536729812622,0.6777571439743042,0.749956488609314,0.7188308835029602,0.8205869793891907,0.5002255439758301,0.8216193914413452,-0.6619094014167786,0.9913088083267212,0.7137207984924316,0.7617937922477722,0.7432307004928589,0.886826753616333,0.3862565755844116,0.8282803893089294,-0.8904785513877869,0.99602210521698,0.6334603428840637,0.7812308669090271,0.6595132350921631,0.893195390701294
IMG_9704 3,38,1263,good,0.5285475850105286,0.34662118554115295,-0.045026812702417374,0.999965250492096,0.5436879992485046,0.33728110790252686,-0.06474252045154572,0.9999707341194153,0.5488114356994629,0.33680421113967896,-0.06479649245738983,0.9999743103981018,0.5545185208320618,0.3359631299972534,-0.06474056839942932,0.9999729990959167,0.5363950133323669,0.3374292552471161,-0.013209152035415173,0.9999557733535767,0.5362011194229126,0.33707067370414734,-0.013313167728483677,0.9999399185180664,0.535910964012146,0.3365921378135681,-0.013403473421931267,0.9999439716339111,0.5850234627723694,0.3402019739151001,-0.08544030785560608,0.9999613165855408,0.5539058446884155,0.3393356502056122,0.15847943723201752,0.9999135732650757,0.5416138172149658,0.35519322752952576,-0.0446794256567955,0.9999497532844543,0.5322221517562866,0.3551954925060272,0.025508714839816093,0.9999094009399414,0.6532382965087891,0.3939818739891052,-0.19371846318244934,0.9999542236328125,0.5123913288116455,0.38931235671043396,0.31261587142944336,0.9997545480728149,0.5649982690811157,0.43723583221435547,-0.4716828763484955,0.9679877161979675,0.3913109302520752,0.3984161615371704,0.3428420424461365,0.6418693661689758,0.4917638599872589,0.38092654943466187,-0.6494899988174438,0.9188283681869507,0.27755457162857056,0.3747332692146301,0.06542878597974777,0.7472430467605591,0.47522661089897156,0.3680312931537628,-0.730648934841156,0.9163514971733093,0.24551571905612946,0.3751467764377594,0.022809017449617386,0.7482401132583618,0.48328444361686707,0.35818812251091003,-0.7164585590362549,0.9159422516822815,0.24785412847995758,0.3696933388710022,-0.026049084961414337,0.7526154518127441,0.4832976758480072,0.3602035343647003,-0.6469056010246277,0.8868362903594971,0.25886863470077515,0.3697962164878845,0.031179435551166534,0.7409790754318237,0.608566164970398,0.5473950505256653,-0.19005219638347626,0.999963104724884,0.5294581055641174,0.5494498610496521,0.19014711678028107,0.9997988939285278,0.5204269886016846,0.6613215208053589,-0.47441744804382324,0.9839745163917542,0.5941779613494873,0.6637592911720276,0.44472208619117737,0.515163004398346,0.4852047860622406,0.7981548309326172,-0.6327228546142578,0.9973130822181702,0.6780669093132019,0.7500420808792114,0.7357931733131409,0.8157229423522949,0.5004457831382751,0.8221443891525269,-0.6559082865715027,0.9909172058105469,0.7147782444953918,0.7620304226875305,0.7601046562194824,0.884922206401825,0.3864581882953644,0.8279402852058411,-0.8839061260223389,0.9960208535194397,0.6354579925537109,0.7812074422836304,0.6953299045562744,0.8930460810661316
IMG_9704 3,39,1296,good,0.5289953351020813,0.3467235565185547,-0.07191770523786545,0.9999675154685974,0.5444136261940002,0.3374018967151642,-0.0897645652294159,0.9999721050262451,0.5495069026947021,0.33700817823410034,-0.08984552323818207,0.9999752640724182,0.5553098917007446,0.3363475501537323,-0.08982633799314499,0.9999740719795227,0.5369046926498413,0.33743414282798767,-0.0384235754609108,0.9999580383300781,0.5365771651268005,0.3370664417743683,-0.03850410506129265,0.9999423027038574,0.5361540913581848,0.3365632891654968,-0.03855636343359947,0.9999462366104126,0.5863199234008789,0.3404094874858856,-0.09558922797441483,0.9999627470970154,0.5545520186424255,0.3391949236392975,0.14900130033493042,0.9999171495437622,0.5417249798774719,0.3555624186992645,-0.06368747353553772,0.9999530911445618,0.5322345495223999,0.3554617464542389,0.003682222682982683,0.9999147653579712,0.6531324982643127,0.39392149448394775,-0.20490014553070068,0.9999552965164185,0.5142843723297119,0.3888107240200043,0.3075762689113617,0.9997625946998596,0.5641347765922546,0.43752413988113403,-0.47150731086730957,0.9703978896141052,0.3958207964897156,0.3990843594074249,0.29259535670280457,0.6647096872329712,0.4867360293865204,0.3824580907821655,-0.6268868446350098,0.9260575175285339,0.28743284940719604,0.3765352964401245,-0.017047328874468803,0.7678495645523071,0.4550218880176544,0.37461531162261963,-0.7067230343818665,0.9233172535896301,0.25274911522865295,0.37663447856903076,-0.06853066384792328,0.7663747668266296,0.4478813409805298,0.35847464203834534,-0.6884066462516785,0.9228650331497192,0.2558603882789612,0.37153738737106323,-0.11321061104536057,0.7710592746734619,0.45613014698028564,0.36049535870552063,-0.6211117506027222,0.8956391215324402,0.2665250897407532,0.37188485264778137,-0.05042349547147751,0.760617733001709,0.6082662343978882,0.5474601984024048,-0.1881730556488037,0.9999634027481079,0.5298727750778198,0.5494625568389893,0.18831965327262878,0.9997968077659607,0.5214046239852905,0.6608965396881104,-0.49939438700675964,0.9838818311691284,0.594713568687439,0.663689374923706,0.449739009141922,0.5007485747337341,0.4853338301181793,0.7983131408691406,-0.6768907308578491,0.9972822070121765,0.6783427000045776,0.7500937581062317,0.7735542058944702,0.8093319535255432,0.5001673102378845,0.8220323324203491,-0.7023565173149109,0.990505039691925,0.7145856022834778,0.7619887590408325,0.8007281422615051,0.8808974623680115,0.3863976299762726,0.8279448747634888,-0.9412202835083008,0.9960201978683472,0.6353805065155029,0.780829131603241,0.7146110534667969,0.8905314803123474
IMG_9704 3,40,1329,good,0.5322635769844055,0.3452187776565552,-0.08864635229110718,0.9999700784683228,0.5471290946006775,0.33578792214393616,-0.10573550313711166,0.9999740719795227,0.5524547100067139,0.3355270326137543,-0.10582774877548218,0.9999768733978271,0.5583949089050293,0.33508169651031494,-0.10584232211112976,0.9999758005142212,0.5391296148300171,0.33565905690193176,-0.05179032310843468,0.9999611377716064,0.5384039282798767,0.335323303937912,-0.05187106132507324,0.9999463558197021,0.5375123023986816,0.3348984718322754,-0.05189516022801399,0.9999498724937439,0.5899888873100281,0.33963456749916077,-0.10054159164428711,0.9999653100967407,0.5559069514274597,0.33798742294311523,0.1485443115234375,0.9999223947525024,0.5445282459259033,0.3545955419540405,-0.07928658276796341,0.9999568462371826,0.5342638492584229,0.3547309339046478,-0.009409316815435886,0.9999209642410278,0.6534532904624939,0.393703430891037,-0.2108290046453476,0.9999566674232483,0.5161079168319702,0.38948899507522583,0.3077701926231384,0.9997683763504028,0.5636880397796631,0.43787091970443726,-0.4613725244998932,0.9724937081336975,0.39916181564331055,0.4032723009586334,0.2288142442703247,0.6769862174987793,0.45717695355415344,0.3822202980518341,-0.5614261031150818,0.9320669770240784,0.29312488436698914,0.37883666157722473,-0.17100168764591217,0.7835933566093445,0.44955313205718994,0.3755335211753845,-0.6377172470092773,0.9288350343704224,0.25742167234420776,0.37815991044044495,-0.23466332256793976,0.7797487378120422,0.4286104142665863,0.35876327753067017,-0.6187934875488281,0.9283297061920166,0.2627953290939331,0.3729342520236969,-0.26512789726257324,0.7847315073013306,0.43997666239738464,0.36109164357185364,-0.552373468875885,0.9022517800331116,0.2695138156414032,0.3737286329269409,-0.20101943612098694,0.7748721837997437,0.6091074347496033,0.5475094318389893,-0.18611322343349457,0.9999644756317139,0.5303665995597839,0.5498586893081665,0.18626940250396729,0.999797523021698,0.5231040716171265,0.659712016582489,-0.57149338722229,0.9842756986618042,0.5963438153266907,0.6635168194770813,0.48964160680770874,0.4901639223098755,0.4860815107822418,0.798266589641571,-0.7690013647079468,0.9973253607749939,0.6802314519882202,0.7500788569450378,0.8557361960411072,0.8018388748168945,0.5001980662345886,0.8215838074684143,-0.7969641089439392,0.9903210997581482,0.7156575918197632,0.7619457840919495,0.8877604007720947,0.8752570748329163,0.3862476944923401,0.8271319270133972,-1.0550543069839478,0.9960736036300659,0.6378928422927856,0.7808123826980591,0.808660626411438,0.8868923783302307
IMG_9704 3,41,1362,good,0.5321906805038452,0.3449709117412567,-0.08652196824550629,0.9999721646308899,0.547075092792511,0.3353399932384491,-0.10305739939212799,0.9999757409095764,0.552327036857605,0.33500438928604126,-0.10315336287021637,0.999978244304657,0.5580536127090454,0.3345165550708771,-0.10317676514387131,0.9999772906303406,0.5390999913215637,0.3353683352470398,-0.04515426978468895,0.9999637603759766,0.5384238958358765,0.33506229519844055,-0.04524793103337288,0.9999497532844543,0.5376181602478027,0.3346703350543976,-0.04524969682097435,0.999953031539917,0.5896669626235962,0.3390452265739441,-0.102675661444664,0.9999675750732422,0.5566749572753906,0.33785784244537354,0.15179340541362762,0.9999261498451233,0.5444885492324829,0.3544575273990631,-0.07902838289737701,0.9999599456787109,0.5342891812324524,0.3546573221683502,-0.005083216819912195,0.9999251365661621,0.6536443829536438,0.3928498327732086,-0.22457663714885712,0.9999586939811707,0.5170083045959473,0.3918854296207428,0.32303109765052795,0.999759316444397,0.5623418092727661,0.43918055295944214,-0.4548356235027313,0.9746984243392944,0.4116956293582916,0.4095913767814636,0.2558923065662384,0.674450695514679,0.4338565766811371,0.38339030742645264,-0.5114129185676575,0.9378077983856201,0.30562812089920044,0.37992626428604126,-0.1276845484972,0.7922065854072571,0.3973867893218994,0.37716951966285706,-0.5804295539855957,0.9341641068458557,0.27632126212120056,0.37799927592277527,-0.1874605268239975,0.7854102253913879,0.39875540137290955,0.3615494966506958,-0.5611161589622498,0.9336020946502686,0.2822253406047821,0.37244507670402527,-0.21693719923496246,0.790785014629364,0.4146946668624878,0.3642195761203766,-0.49957212805747986,0.9085938334465027,0.28926166892051697,0.37340784072875977,-0.15713992714881897,0.781400740146637,0.6091340184211731,0.5473129153251648,-0.19015347957611084,0.9999654293060303,0.5314605236053467,0.5497561693191528,0.19028890132904053,0.9997990131378174,0.5249699354171753,0.6590750217437744,-0.5364254713058472,0.9846017360687256,0.5964306592941284,0.6630394458770752,0.4977818727493286,0.4778897166252136,0.48630663752555847,0.7982419729232788,-0.7254717350006104,0.9973768591880798,0.6802042722702026,0.7502890825271606,0.831450879573822,0.7967475652694702,0.5001380443572998,0.8215804696083069,-0.7525814175605774,0.9903918504714966,0.715879499912262,0.7620294094085693,0.8618020415306091,0.8717315793037415,0.38559338450431824,0.8262717127799988,-0.9975505471229553,0.9961683750152588,0.6365623474121094,0.7807676792144775,0.7881606221199036,0.8853892683982849
IMG_9704 3,42,1396,good,0.5319411754608154,0.3447800278663635,-0.05885687097907066,0.9999741911888123,0.5468626618385315,0.33497610688209534,-0.08223821967840195,0.9999775290489197,0.5521775484085083,0.334526926279068,-0.08234737068414688,0.9999797940254211,0.5577541589736938,0.3339434862136841,-0.0823717787861824,0.9999789595603943,0.5390601754188538,0.3352341949939728,-0.016655180603265762,0.9999664425849915,0.5384156107902527,0.3349881172180176,-0.016727451235055923,0.9999533295631409,0.5376542806625366,0.3346370458602905,-0.016720963642001152,0.9999563097953796,0.5894162654876709,0.33844467997550964,-0.10495611280202866,0.9999701380729675,0.5576035380363464,0.3377927243709564,0.17706936597824097,0.9999302625656128,0.5443905591964722,0.3543543517589569,-0.06386014074087143,0.9999630451202393,0.5342857837677002,0.3546263575553894,0.020576756447553635,0.9999293684959412,0.6536741852760315,0.39190539717674255,-0.24835072457790375,0.9999614953994751,0.5211665630340576,0.3928152620792389,0.3634052276611328,0.9997547268867493,0.5614212155342102,0.4389110803604126,-0.47783252596855164,0.9766613245010376,0.41875725984573364,0.41296645998954773,0.27153295278549194,0.6635065674781799,0.4191967844963074,0.38771551847457886,-0.5256124138832092,0.9427621960639954,0.3294343948364258,0.38016995787620544,-0.10951454937458038,0.791780412197113,0.37827005982398987,0.38286036252975464,-0.5951892733573914,0.9387040734291077,0.30473852157592773,0.37690988183021545,-0.16571849584579468,0.7824956774711609,0.38316306471824646,0.36863961815834045,-0.5789994597434998,0.938080370426178,0.310954213142395,0.3711692988872528,-0.1928001195192337,0.7881866693496704,0.3998434245586395,0.37156546115875244,-0.5174562335014343,0.9136747121810913,0.3198544383049011,0.37333133816719055,-0.13827268779277802,0.7784795761108398,0.6092373728752136,0.5474014282226562,-0.20256617665290833,0.9999669790267944,0.5332415103912354,0.5501437783241272,0.20267026126384735,0.9998048543930054,0.5267418622970581,0.6589085459709167,-0.541322648525238,0.9844435453414917,0.5990061163902283,0.6629501581192017,0.5031124949455261,0.4728344976902008,0.4863775670528412,0.7982051968574524,-0.7232518792152405,0.997373104095459,0.6819058656692505,0.7503082156181335,0.8253199458122253,0.7949962615966797,0.49974003434181213,0.8220441937446594,-0.74929279088974,0.9905775785446167,0.717629075050354,0.7624749541282654,0.8499575853347778,0.8718141913414001,0.3854135572910309,0.825118362903595,-0.9947818517684937,0.9962153434753418,0.6348248720169067,0.7807961106300354,0.7804955840110779,0.8854509592056274
IMG_9704 3,43,1429,good,0.5294978022575378,0.34474867582321167,-0.061838600784540176,0.9999746084213257,0.5451045036315918,0.3349696397781372,-0.09402525424957275,0.9999777674674988,0.5496922731399536,0.33451107144355774,-0.094138503074646,0.9999799728393555,0.5545446872711182,0.33392077684402466,-0.09416162967681885,0.9999793767929077,0.5388576984405518,0.33524271845817566,-0.02085951901972294,0.9999672174453735,0.538417637348175,0.3350008726119995,-0.020915500819683075,0.9999542236328125,0.5379530191421509,0.33464908599853516,-0.02093738317489624,0.9999572038650513,0.5866357088088989,0.33845070004463196,-0.16606609523296356,0.9999707341194153,0.5588204860687256,0.33780816197395325,0.16142265498638153,0.9999293684959412,0.5409491658210754,0.3541966378688812,-0.07979658246040344,0.999963641166687,0.5337414145469666,0.35453253984451294,0.014448877424001694,0.9999285340309143,0.653073251247406,0.3910544812679291,-0.32825759053230286,0.9999610185623169,0.5389323234558105,0.3927426338195801,0.3507557511329651,0.9997291564941406,0.5510717630386353,0.4370039105415344,-0.5223739743232727,0.977814257144928,0.4434826374053955,0.4195791482925415,0.28502482175827026,0.6384568214416504,0.41511404514312744,0.3864654302597046,-0.5233044028282166,0.9452715516090393,0.36912113428115845,0.38022226095199585,-0.06364394724369049,0.7759902477264404,0.37744027376174927,0.38060513138771057,-0.581725537776947,0.9404177665710449,0.34265580773353577,0.37492015957832336,-0.12174179404973984,0.764763355255127,0.38817495107650757,0.3662632405757904,-0.5649779438972473,0.9396824836730957,0.34867361187934875,0.36929115653038025,-0.16646121442317963,0.7703000903129578,0.4037003517150879,0.3703068494796753,-0.5113799571990967,0.9140369892120361,0.35551178455352783,0.37200048565864563,-0.09863363951444626,0.7593945860862732,0.6080985069274902,0.547510027885437,-0.2196863740682602,0.9999660849571228,0.5407437086105347,0.5503244996070862,0.21977676451206207,0.9998024106025696,0.5262026786804199,0.6596630811691284,-0.4868985712528229,0.9844420552253723,0.6002362966537476,0.6625916361808777,0.5295721888542175,0.4728718400001526,0.4865429401397705,0.7982048392295837,-0.6396481394767761,0.9974569082260132,0.6818978786468506,0.7503078579902649,0.8396663069725037,0.7997837662696838,0.4998871982097626,0.822027862071991,-0.6625708937644958,0.9910235404968262,0.7175582647323608,0.7624309659004211,0.8658955693244934,0.876067578792572,0.3853934407234192,0.8249996304512024,-0.8888648748397827,0.9963515400886536,0.632716178894043,0.7793779969215393,0.810804009437561,0.8887920379638672
IMG_9704 3,44,1462,good,0.530307948589325,0.3441891074180603,-0.14360271394252777,0.9999748468399048,0.5453130602836609,0.33438020944595337,-0.18369194865226746,0.9999777674674988,0.5499000549316406,0.33390840888023376,-0.18381784856319427,0.999980092048645,0.5545647144317627,0.33309870958328247,-0.18382461369037628,0.9999791979789734,0.5399643778800964,0.3346981704235077,-0.11379635334014893,0.9999675750732422,0.5401345491409302,0.3345034718513489,-0.11387713253498077,0.9999549984931946,0.5401151180267334,0.33422622084617615,-0.11392533034086227,0.9999570846557617,0.5865594744682312,0.3374939262866974,-0.25004827976226807,0.9999712109565735,0.5599479079246521,0.3377875089645386,0.0631338506937027,0.9999291300773621,0.5416176319122314,0.3535286784172058,-0.158580020070076,0.9999645948410034,0.5352889895439148,0.3540382981300354,-0.06795152276754379,0.9999281764030457,0.6530755758285522,0.39017724990844727,-0.36736905574798584,0.9999602437019348,0.5431377291679382,0.39280661940574646,0.2684219479560852,0.9997339844703674,0.5496142506599426,0.4377514123916626,-0.5617536306381226,0.9784361124038696,0.4460536539554596,0.42458781599998474,0.10949179530143738,0.6394449472427368,0.4446890354156494,0.38551193475723267,-0.5488173365592957,0.947051465511322,0.3910354971885681,0.37887313961982727,-0.36449557542800903,0.7829964756965637,0.42123839259147644,0.3695708215236664,-0.5854871869087219,0.9416111707687378,0.3692833185195923,0.37034791707992554,-0.42220592498779297,0.7689286470413208,0.45048052072525024,0.36044996976852417,-0.5691481828689575,0.9407795071601868,0.38047561049461365,0.3650497496128082,-0.42256468534469604,0.7738857269287109,0.46091216802597046,0.36682188510894775,-0.5325395464897156,0.9140597581863403,0.3891948163509369,0.3701246976852417,-0.3821778893470764,0.7604596614837646,0.6079954504966736,0.5482989549636841,-0.21740078926086426,0.9999659061431885,0.5437036156654358,0.5517388582229614,0.21747460961341858,0.9998055100440979,0.5260362029075623,0.6610561609268188,-0.48704439401626587,0.985292911529541,0.6064373850822449,0.6618074178695679,0.5497801303863525,0.4920046031475067,0.4863704442977905,0.7982279658317566,-0.6422892212867737,0.9975786209106445,0.6833577752113342,0.7496882677078247,0.8858618140220642,0.8071598410606384,0.5001307129859924,0.8220285177230835,-0.6653342247009277,0.9914095401763916,0.7187656164169312,0.7619355320930481,0.9168150424957275,0.8829002380371094,0.38587379455566406,0.8242467045783997,-0.8976165056228638,0.9963488578796387,0.6335647106170654,0.7776684165000916,0.868713915348053,0.8907550573348999
IMG_9704 3,45,1495,good,0.5303148031234741,0.34401190280914307,-0.12218625098466873,0.9999751448631287,0.545295238494873,0.33420294523239136,-0.1626114398241043,0.9999779462814331,0.5496532917022705,0.33367592096328735,-0.1627046912908554,0.9999804496765137,0.5539689064025879,0.33297115564346313,-0.16270624101161957,0.9999794363975525,0.5403199195861816,0.33444303274154663,-0.09292328357696533,0.9999679923057556,0.5409112572669983,0.33412379026412964,-0.09298926591873169,0.9999557137489319,0.5412101745605469,0.33385005593299866,-0.09301188588142395,0.9999571442604065,0.5851069092750549,0.33722302317619324,-0.2481442242860794,0.999971866607666,0.5620969533920288,0.33740270137786865,0.07021491974592209,0.9999286532402039,0.5415675640106201,0.353225439786911,-0.14206498861312866,0.999965488910675,0.5360589027404785,0.35364601016044617,-0.05137049779295921,0.9999284744262695,0.6495077610015869,0.3900690972805023,-0.3788043260574341,0.9999598264694214,0.564848780632019,0.39285504817962646,0.2748936116695404,0.9997214078903198,0.53357994556427,0.4380285143852234,-0.5319483876228333,0.9790458679199219,0.4796488583087921,0.42520859837532043,0.1759936362504959,0.6101085543632507,0.44188910722732544,0.3855110704898834,-0.4279394745826721,0.9474337100982666,0.42155537009239197,0.37413543462753296,-0.128426656126976,0.7611175179481506,0.418501079082489,0.3698802590370178,-0.45926958322525024,0.9413299560546875,0.41073569655418396,0.3652753233909607,-0.14406946301460266,0.7469611167907715,0.4487890601158142,0.3611084818840027,-0.44882136583328247,0.9405382871627808,0.42221954464912415,0.36062976717948914,-0.13104762136936188,0.7513548731803894,0.4557773172855377,0.3673197329044342,-0.4131341576576233,0.9121057391166687,0.4342208802700043,0.3665952682495117,-0.12769940495491028,0.7350350022315979,0.6065987944602966,0.5488750338554382,-0.22154833376407623,0.9999668598175049,0.5552852153778076,0.5520426630973816,0.22161859273910522,0.999809980392456,0.5257749557495117,0.6610581278800964,-0.4880870580673218,0.9859024286270142,0.6060585379600525,0.6599729657173157,0.5684472322463989,0.5034303665161133,0.49016594886779785,0.7985138297080994,-0.6640863418579102,0.9976844191551208,0.6839847564697266,0.7496680021286011,0.8999290466308594,0.8121320605278015,0.5046292543411255,0.8224126100540161,-0.6880596876144409,0.991795003414154,0.719316840171814,0.7614266872406006,0.9306211471557617,0.88755202293396,0.3856635093688965,0.8240185379981995,-0.9019314050674438,0.9964197874069214,0.6335914731025696,0.7769222259521484,0.8947535157203674,0.8923380374908447
IMG_9704 3,46,1529,good,0.5331066846847534,0.344248503446579,-0.11455778777599335,0.9999748468399048,0.5458066463470459,0.3342798948287964,-0.15678685903549194,0.9999778270721436,0.5497583150863647,0.333746075630188,-0.15687067806720734,0.999980628490448,0.5539129376411438,0.3330318331718445,-0.15687991678714752,0.9999793171882629,0.5412970185279846,0.33451399207115173,-0.08614351600408554,0.9999677538871765,0.5418075323104858,0.3341924548149109,-0.08620251715183258,0.9999560117721558,0.5419793725013733,0.3338882625102997,-0.08620427548885345,0.9999565482139587,0.5837000608444214,0.33686378598213196,-0.247780442237854,0.9999728202819824,0.5622074604034424,0.33736452460289,0.07366456091403961,0.9999268054962158,0.5447568893432617,0.35308629274368286,-0.1367819458246231,0.9999655485153198,0.5404667854309082,0.3535517752170563,-0.04513762891292572,0.9999265670776367,0.6490706205368042,0.38903844356536865,-0.3781587481498718,0.9999607801437378,0.5779605507850647,0.3924439251422882,0.2773772180080414,0.9997105598449707,0.5330640077590942,0.4392080307006836,-0.5042617321014404,0.9796714186668396,0.4931015074253082,0.43292126059532166,0.14252124726772308,0.5789433717727661,0.4471295177936554,0.3846004903316498,-0.3339257538318634,0.9482243061065674,0.43982821702957153,0.3742537498474121,-0.2951098680496216,0.741980254650116,0.42359602451324463,0.3687250316143036,-0.3591844141483307,0.9415345788002014,0.43592968583106995,0.3634355664253235,-0.34192177653312683,0.7289080023765564,0.4535098969936371,0.3583188056945801,-0.3473658859729767,0.9407392144203186,0.44396209716796875,0.35910871624946594,-0.33970409631729126,0.7325517535209656,0.45919206738471985,0.36667320132255554,-0.3173794448375702,0.9112004637718201,0.44689494371414185,0.3642858862876892,-0.31012219190597534,0.7134703397750854,0.6033293008804321,0.5484892129898071,-0.22499041259288788,0.9999675750732422,0.5611221790313721,0.5512084364891052,0.2250443398952484,0.9998130798339844,0.5256756544113159,0.6610734462738037,-0.47677531838417053,0.9868912100791931,0.6057557463645935,0.6581859588623047,0.554272472858429,0.5161257386207581,0.4890457093715668,0.7985053658485413,-0.6513437628746033,0.9978125691413879,0.6844561100006104,0.7495949268341064,0.8737120032310486,0.819667398929596,0.5045873522758484,0.8224918246269226,-0.6751211881637573,0.9921748042106628,0.7194276452064514,0.7610498070716858,0.9029941558837891,0.8933156728744507,0.38489633798599243,0.8243811726570129,-0.8737484216690063,0.9964648485183716,0.6335843205451965,0.7764453887939453,0.8623241782188416,0.8944039940834045
IMG_9704 3,47,1562,good,0.5377113819122314,0.34423258900642395,-0.10911590605974197,0.9999682307243347,0.5489610433578491,0.3343362510204315,-0.1541360467672348,0.9999728202819824,0.5519148111343384,0.33383649587631226,-0.15419641137123108,0.9999768733978271,0.5549005270004272,0.33316904306411743,-0.15421514213085175,0.99997478723526,0.5464283227920532,0.33453622460365295,-0.08403376489877701,0.9999603629112244,0.5474931001663208,0.33421647548675537,-0.08408499509096146,0.9999473690986633,0.5480262041091919,0.3339024782180786,-0.08409403264522552,0.9999476671218872,0.5838533043861389,0.3369191586971283,-0.2659660577774048,0.9999686479568481,0.5668849349021912,0.3374364972114563,0.051426902413368225,0.9999120831489563,0.5490134954452515,0.3530559837818146,-0.13618618249893188,0.9999576807022095,0.5467901825904846,0.35348257422447205,-0.04492361843585968,0.999913215637207,0.6454368829727173,0.387959748506546,-0.38375091552734375,0.9999547600746155,0.6070404648780823,0.38910040259361267,0.24501463770866394,0.9996843934059143,0.5206793546676636,0.4386846423149109,-0.4323573708534241,0.9763233065605164,0.5141672492027283,0.43051865696907043,0.18344052135944366,0.5410255789756775,0.4591611325740814,0.3828544020652771,-0.2208564132452011,0.9333125948905945,0.46967175602912903,0.37221118807792664,-0.04485281556844711,0.7014793157577515,0.44120296835899353,0.36723053455352783,-0.23374693095684052,0.927440881729126,0.45849359035491943,0.3551712930202484,-0.06704682111740112,0.6926670670509338,0.46598780155181885,0.3569321632385254,-0.2361849844455719,0.926941454410553,0.46555063128471375,0.353132426738739,-0.07006342709064484,0.696085512638092,0.4729016125202179,0.36601534485816956,-0.210215225815773,0.8935402631759644,0.4685632586479187,0.35753023624420166,-0.0566430538892746,0.6761849522590637,0.5968139171600342,0.5485811233520508,-0.22286073863506317,0.9999656081199646,0.5710347890853882,0.5511261224746704,0.2229146510362625,0.9998071789741516,0.5255481004714966,0.6612634658813477,-0.44470545649528503,0.9861456751823425,0.6113394498825073,0.658231794834137,0.5382134318351746,0.5061609745025635,0.4918178915977478,0.7982770204544067,-0.6058531403541565,0.9976309537887573,0.6848703026771545,0.7495564818382263,0.8235954642295837,0.8134155869483948,0.506312370300293,0.8224897980690002,-0.6265701055526733,0.9919493198394775,0.7193845510482788,0.7608879208564758,0.8506340980529785,0.8909131288528442,0.3863731622695923,0.8239015340805054,-0.8003485202789307,0.9961952567100525,0.633412778377533,0.7764791250228882,0.8450886011123657,0.8898018002510071
IMG_9704 3,48,1595,good,0.5380992293357849,0.3451940417289734,-0.0846046581864357,0.9999557137489319,0.5489892959594727,0.3352724313735962,-0.1460656374692917,0.9999659657478333,0.5518941283226013,0.33463045954704285,-0.14610537886619568,0.9999719858169556,0.554884135723114,0.33408939838409424,-0.14620371162891388,0.9999692440032959,0.5469696521759033,0.33539706468582153,-0.07041529566049576,0.9999491572380066,0.5485295653343201,0.3348950743675232,-0.07041508704423904,0.9999347925186157,0.5497398376464844,0.3345640301704407,-0.07042554765939713,0.9999346137046814,0.5836143493652344,0.33776748180389404,-0.2680017352104187,0.9999629855155945,0.5732202529907227,0.33784019947052,0.05347033217549324,0.9998977184295654,0.5495556592941284,0.35399100184440613,-0.1328035444021225,0.999941349029541,0.5480951070785522,0.35442695021629333,-0.037663158029317856,0.9998917579650879,0.6323191523551941,0.38732320070266724,-0.3880311846733093,0.9999509453773499,0.6336712837219238,0.38908663392066956,0.24965056777000427,0.9996301531791687,0.5143656134605408,0.438872754573822,-0.3458459675312042,0.9703014492988586,0.5585758686065674,0.42897650599479675,0.48241186141967773,0.4914579689502716,0.4620768427848816,0.38078272342681885,-0.029167572036385536,0.9154933094978333,0.5058044195175171,0.3720075786113739,0.5870575904846191,0.6421418786048889,0.446745902299881,0.364836186170578,-0.026989687234163284,0.912656307220459,0.4979148507118225,0.35512351989746094,0.6110363006591797,0.6401669383049011,0.4681658446788788,0.3551039397716522,-0.03393500670790672,0.9126092791557312,0.4945332705974579,0.34947332739830017,0.5891395211219788,0.6438100934028625,0.4751482307910919,0.36447790265083313,-0.017772790044546127,0.8753038048744202,0.49608656764030457,0.3555332124233246,0.5760144591331482,0.625497043132782,0.5804049372673035,0.5497013926506042,-0.22225630283355713,0.9999650716781616,0.5846190452575684,0.5511308312416077,0.22235947847366333,0.9998013973236084,0.5254298448562622,0.6654194593429565,-0.34575551748275757,0.9857121109962463,0.6132731437683105,0.6582550406455994,0.5421289801597595,0.5101911425590515,0.49379995465278625,0.7983278632164001,-0.4470042884349823,0.9973917603492737,0.6813222765922546,0.7488287091255188,0.8511185646057129,0.81252521276474,0.5133394598960876,0.8229281306266785,-0.45892533659935,0.9920014142990112,0.7117217183113098,0.760121762752533,0.8832677602767944,0.8898882269859314,0.39635127782821655,0.8234517574310303,-0.5946753025054932,0.9956455230712891,0.6254409551620483,0.7748453617095947,0.8947930335998535,0.8838743567466736
IMG_9704 3,49,1628,good,0.5404014587402344,0.3467736840248108,-0.07459484040737152,0.9999436140060425,0.549599289894104,0.3366411328315735,-0.13739348948001862,0.9999599456787109,0.5521130561828613,0.3363245725631714,-0.13741008937358856,0.9999674558639526,0.5550050735473633,0.33603784441947937,-0.13751943409442902,0.999964714050293,0.5481520295143127,0.33650222420692444,-0.06177151948213577,0.9999381899833679,0.5496165156364441,0.3361097276210785,-0.06176061928272247,0.9999213814735413,0.5511348247528076,0.3357541859149933,-0.06175707280635834,0.9999222755432129,0.5831190943717957,0.3396768569946289,-0.2639407813549042,0.9999579787254333,0.5760504603385925,0.33877313137054443,0.054853405803442,0.9998813271522522,0.5512022972106934,0.35544154047966003,-0.1323935091495514,0.9999284148216248,0.5500595569610596,0.3553858995437622,-0.03235377371311188,0.9998731017112732,0.6178004741668701,0.3881009519100189,-0.3846757411956787,0.99994957447052,0.6420517563819885,0.3892538249492645,0.2518187463283539,0.9995865821838379,0.510470986366272,0.44017791748046875,-0.33010804653167725,0.9644789695739746,0.5692490339279175,0.4283398389816284,0.5077967643737793,0.44796305894851685,0.46846628189086914,0.38019588589668274,-0.01227840781211853,0.9027960896492004,0.5169020295143127,0.3707667887210846,0.6171898245811462,0.5936683416366577,0.45228949189186096,0.36430034041404724,-0.00671449163928628,0.9029857516288757,0.5090413689613342,0.35314613580703735,0.6408772468566895,0.5994417071342468,0.47212815284729004,0.3551178574562073,-0.018750634044408798,0.9032678604125977,0.5053272843360901,0.34611642360687256,0.6190475225448608,0.6033910512924194,0.47632282972335815,0.36407870054244995,-0.0028643545228987932,0.8630289435386658,0.5072374939918518,0.35294702649116516,0.6060243248939514,0.5858838558197021,0.5743905305862427,0.5498360991477966,-0.22248800098896027,0.999964714050293,0.5865854620933533,0.5502288341522217,0.22262872755527496,0.9997934699058533,0.5254467725753784,0.6670420169830322,-0.36718910932540894,0.985414445400238,0.6126108765602112,0.6582536101341248,0.5332036018371582,0.5154200792312622,0.4989246428012848,0.7981811165809631,-0.49288561940193176,0.997342586517334,0.6789697408676147,0.7487205266952515,0.8272261619567871,0.8136363625526428,0.5218670964241028,0.8229376673698425,-0.5088881850242615,0.9919074773788452,0.7093439698219299,0.7583202123641968,0.8577610850334167,0.8884103298187256,0.40249037742614746,0.8234615325927734,-0.6629654765129089,0.9955642819404602,0.6307610869407654,0.7767068147659302,0.8676449656486511,0.8833904266357422
IMG_9704 3,50,1662,good,0.5426146984100342,0.34759169816970825,-0.05655144155025482,0.9999236464500427,0.5498743057250977,0.3374670445919037,-0.11529610306024551,0.9999477863311768,0.5522501468658447,0.3372480571269989,-0.11534275859594345,0.9999582767486572,0.554997980594635,0.33667829632759094,-0.11544375121593475,0.9999545216560364,0.5492092967033386,0.3371865153312683,-0.04327142983675003,0.9999151825904846,0.5508486032485962,0.3367861211299896,-0.04323885589838028,0.9998977184295654,0.5531359910964966,0.3361875116825104,-0.04322756826877594,0.9999004602432251,0.5827060341835022,0.3398471474647522,-0.25252625346183777,0.9999477863311768,0.5796514749526978,0.33880549669265747,0.060775574296712875,0.9998493790626526,0.5536354780197144,0.35621050000190735,-0.11017691344022751,0.999902069568634,0.5540716052055359,0.35600441694259644,-0.015063686296343803,0.9998363852500916,0.6123462319374084,0.38728225231170654,-0.38167980313301086,0.9999480247497559,0.647959291934967,0.3892935812473297,0.25752177834510803,0.9995524287223816,0.511910080909729,0.44621023535728455,-0.294578492641449,0.9599927663803101,0.5736960172653198,0.431358277797699,0.4622081220149994,0.4096904397010803,0.47036877274513245,0.38856059312820435,0.09370212256908417,0.8885869979858398,0.5187177062034607,0.3758077919483185,0.5227845311164856,0.5471521019935608,0.45354434847831726,0.3694263696670532,0.10740058869123459,0.8888762593269348,0.5069599747657776,0.35343509912490845,0.5396682620048523,0.5579155683517456,0.4712471663951874,0.3605181574821472,0.09883133322000504,0.8891923427581787,0.504336416721344,0.3477819561958313,0.5185298919677734,0.5620039701461792,0.4776722192764282,0.36956587433815,0.10578988492488861,0.8473173975944519,0.5116940140724182,0.35462018847465515,0.5097320675849915,0.5458055734634399,0.5701823234558105,0.5491974949836731,-0.22201581299304962,0.9999558925628662,0.5921570658683777,0.5480430126190186,0.22213208675384521,0.9997561573982239,0.5252450704574585,0.670204222202301,-0.2581096589565277,0.9842144846916199,0.6122459769248962,0.6578699350357056,0.4302023649215698,0.5316857695579529,0.500586211681366,0.8002949357032776,-0.2888416647911072,0.9970060586929321,0.6767289638519287,0.7488618493080139,0.6599279642105103,0.8194165825843811,0.5223832130432129,0.8244675993919373,-0.2958221733570099,0.9912715554237366,0.7005882263183594,0.7591817378997803,0.6823453903198242,0.8902884721755981,0.403107225894928,0.823471188545227,-0.41773343086242676,0.9949477910995483,0.6299888491630554,0.7761165499687195,0.6820424199104309,0.8846608400344849
IMG_9704 3,51,1695,good,0.5445611476898193,0.3483124375343323,-0.05512918531894684,0.9999129176139832,0.5505205988883972,0.33808040618896484,-0.11142788082361221,0.9999415278434753,0.5524730682373047,0.33789050579071045,-0.1114887073636055,0.9999540448188782,0.5550052523612976,0.33697959780693054,-0.11158400028944016,0.999949038028717,0.5508615374565125,0.3376893997192383,-0.04105759784579277,0.9999033808708191,0.5527512431144714,0.33726322650909424,-0.04102643206715584,0.9998870491981506,0.5550746321678162,0.336397260427475,-0.041017770767211914,0.9998897314071655,0.5823267698287964,0.33990663290023804,-0.249796062707901,0.9999444484710693,0.5819746255874634,0.3388462960720062,0.060281556099653244,0.9998338222503662,0.556666910648346,0.35661402344703674,-0.10386603325605392,0.9998883008956909,0.5579557418823242,0.35626623034477234,-0.011422821320593357,0.9998170733451843,0.614452600479126,0.38685664534568787,-0.3809387981891632,0.9999486804008484,0.6494362354278564,0.3893127739429474,0.2587401866912842,0.9995396733283997,0.5117213726043701,0.44670554995536804,-0.2800540328025818,0.9560327529907227,0.566180408000946,0.4321358799934387,0.41644924879074097,0.3772733509540558,0.47831347584724426,0.3926767408847809,0.13137786090373993,0.8713914752006531,0.5096881985664368,0.37633389234542847,0.3145016133785248,0.5052499771118164,0.45965632796287537,0.3772202134132385,0.14816851913928986,0.8705804347991943,0.497676819562912,0.3542695641517639,0.31098470091819763,0.5197368860244751,0.47695839405059814,0.36831140518188477,0.14115911722183228,0.8708721399307251,0.4962385296821594,0.34904545545578003,0.2944205105304718,0.5237852334976196,0.4814198911190033,0.3772444725036621,0.14517676830291748,0.8274005651473999,0.5044121742248535,0.3549802899360657,0.2991787791252136,0.5084692239761353,0.5677428841590881,0.5484346747398376,-0.2216164469718933,0.9999474287033081,0.5927138328552246,0.5467464327812195,0.22174976766109467,0.9997225999832153,0.5251721143722534,0.669781506061554,-0.253517746925354,0.9836061000823975,0.610718846321106,0.6576842069625854,0.4195728302001953,0.54930180311203,0.5018306374549866,0.8002515435218811,-0.28962281346321106,0.9967424869537354,0.6752445101737976,0.7491839528083801,0.6521916389465332,0.8261547684669495,0.5223957300186157,0.8242700695991516,-0.2982429265975952,0.9906728267669678,0.6969479322433472,0.760524332523346,0.6744136214256287,0.8929703235626221,0.4035956561565399,0.8229003548622131,-0.4192398488521576,0.9944977760314941,0.6257787346839905,0.7758908867835999,0.6735554933547974,0.8869257569313049
IMG_9704 3,52,1728,good,0.5464982986450195,0.34832847118377686,-0.05926097556948662,0.9999122023582458,0.5516762733459473,0.33807289600372314,-0.11170606315135956,0.9999412894248962,0.5535436272621155,0.3378770649433136,-0.11178181320428848,0.999954342842102,0.5556915402412415,0.337045282125473,-0.11185990273952484,0.9999486207962036,0.5516297817230225,0.33773621916770935,-0.04213884472846985,0.9999023675918579,0.5533139109611511,0.33736810088157654,-0.04212918505072594,0.9998875260353088,0.5551878213882446,0.3366551995277405,-0.042129501700401306,0.9998895525932312,0.5833924412727356,0.3396869897842407,-0.25321996212005615,0.9999461770057678,0.5821994543075562,0.3388071656227112,0.058961279690265656,0.9998341202735901,0.5593157410621643,0.3571239709854126,-0.1040753647685051,0.9998894929885864,0.5591988563537598,0.356901079416275,-0.01161196269094944,0.9998180866241455,0.6186229586601257,0.3863374590873718,-0.38157185912132263,0.9999511241912842,0.6366243958473206,0.38904839754104614,0.25345587730407715,0.999557614326477,0.5117779970169067,0.4468325078487396,-0.2923167943954468,0.9536842703819275,0.5490125417709351,0.431878924369812,0.22349584102630615,0.3584623336791992,0.4772508442401886,0.40100300312042236,0.08627911657094955,0.859488844871521,0.49488914012908936,0.3755421042442322,-0.018021102994680405,0.485788494348526,0.4568648636341095,0.38662558794021606,0.10183293372392654,0.8579581379890442,0.48368361592292786,0.354108989238739,-0.041905537247657776,0.5049028396606445,0.47486183047294617,0.37362101674079895,0.08982907235622406,0.8585604429244995,0.48782771825790405,0.3490056097507477,-0.04099557548761368,0.5085773468017578,0.4819888770580292,0.3843842148780823,0.0985136404633522,0.8136507272720337,0.49202772974967957,0.35499927401542664,-0.030382756143808365,0.4920367896556854,0.5707377791404724,0.5482110381126404,-0.21955528855323792,0.999945878982544,0.5891561508178711,0.5466170907020569,0.21963123977184296,0.9997246861457825,0.5251051187515259,0.6692296266555786,-0.308371901512146,0.9839942455291748,0.6061683893203735,0.6573783755302429,0.44224637746810913,0.5665873885154724,0.505407452583313,0.8002282381057739,-0.3969654440879822,0.9967359900474548,0.6746987700462341,0.7491885423660278,0.6930339336395264,0.832531213760376,0.522940456867218,0.8242470622062683,-0.4109528660774231,0.9905747771263123,0.6977475881576538,0.7609421610832214,0.7164958119392395,0.8944072127342224,0.40292081236839294,0.8224772214889526,-0.5520715713500977,0.994570791721344,0.6232451796531677,0.7759017944335938,0.7152794003486633,0.8904857635498047
IMG_9704 3,53,1761,good,0.5476623177528381,0.34812718629837036,-0.06328100711107254,0.9999115467071533,0.5527698397636414,0.33789461851119995,-0.12043098360300064,0.9999409317970276,0.5545775890350342,0.3377101719379425,-0.1204710379242897,0.9999542236328125,0.5564765334129333,0.3369673192501068,-0.12054052203893661,0.9999480843544006,0.552556037902832,0.33761119842529297,-0.04794295132160187,0.9999011158943176,0.5541310906410217,0.3372858464717865,-0.04792587459087372,0.9998872876167297,0.5557372570037842,0.3366348147392273,-0.04791225865483284,0.9998893737792969,0.5842032432556152,0.339200496673584,-0.26466402411460876,0.9999468326568604,0.5825796127319336,0.33858856558799744,0.05682055279612541,0.9998313188552856,0.5601217150688171,0.3570924699306488,-0.11061806231737137,0.9998902082443237,0.5597025156021118,0.35689181089401245,-0.016288191080093384,0.9998185038566589,0.6200976967811584,0.3862984776496887,-0.3951062262058258,0.9999527931213379,0.6335040926933289,0.3884400725364685,0.25401800870895386,0.9995730519294739,0.512625515460968,0.4479050934314728,-0.3066188097000122,0.9510921239852905,0.5428973436355591,0.431304395198822,0.2205641269683838,0.3400002419948578,0.4753938913345337,0.39979246258735657,0.07930885255336761,0.8501875996589661,0.49102309346199036,0.3750237822532654,-0.019767777994275093,0.4653319716453552,0.4551747739315033,0.3866095542907715,0.09174643456935883,0.8479574918746948,0.47949570417404175,0.35441485047340393,-0.04231281206011772,0.4888670742511749,0.47292473912239075,0.37612321972846985,0.08335927128791809,0.8487745523452759,0.4870603680610657,0.34939390420913696,-0.04806075990200043,0.4926045835018158,0.4805070757865906,0.3824983537197113,0.09317861497402191,0.8024335503578186,0.4901827871799469,0.35500943660736084,-0.03468887507915497,0.4756687581539154,0.5724833607673645,0.5478953719139099,-0.22026266157627106,0.9999436140060425,0.5908776521682739,0.545352041721344,0.22029943764209747,0.9997234344482422,0.5249577164649963,0.6689030528068542,-0.30202409625053406,0.9842969179153442,0.6061527132987976,0.6573925018310547,0.4542730152606964,0.5820721983909607,0.5048854351043701,0.8007240295410156,-0.3714825212955475,0.996694028377533,0.6742153167724609,0.7499281167984009,0.7206491231918335,0.8377416133880615,0.5222249627113342,0.8250471353530884,-0.38350188732147217,0.9904721975326538,0.695767879486084,0.7619822025299072,0.7455130815505981,0.8960314393043518,0.40224334597587585,0.8222579956054688,-0.5250729322433472,0.9945302605628967,0.6217257380485535,0.7767960429191589,0.7240796685218811,0.892715573310852
IMG_9704 3,54,1795,good,0.5483957529067993,0.3481544256210327,-0.020448414608836174,0.999904215335846,0.5541104674339294,0.33808937668800354,-0.07493145018815994,0.9999356865882874,0.5556265115737915,0.3379640579223633,-0.07499555498361588,0.9999504089355469,0.5577813982963562,0.33745256066322327,-0.07506733387708664,0.9999436736106873,0.554100751876831,0.3377297520637512,-0.006292077712714672,0.999893307685852,0.5556661486625671,0.33740851283073425,-0.006282550282776356,0.9998798966407776,0.5578257441520691,0.33682766556739807,-0.006309612188488245,0.9998828172683716,0.5842399597167969,0.3396712839603424,-0.2247302234172821,0.9999417662620544,0.5836901664733887,0.3385861814022064,0.08364920318126678,0.9998201131820679,0.5603769421577454,0.3572624921798706,-0.06483160704374313,0.9998747110366821,0.5601388812065125,0.35696059465408325,0.023904947564005852,0.9997994303703308,0.6201456785202026,0.3863171637058258,-0.364862322807312,0.9999507665634155,0.6408457159996033,0.38846051692962646,0.2757299542427063,0.999561607837677,0.5130069851875305,0.4477235674858093,-0.2461511641740799,0.947266697883606,0.554347038269043,0.4309432804584503,0.41609182953834534,0.31821438670158386,0.4743938744068146,0.39849454164505005,0.15067431330680847,0.8355544209480286,0.4970013201236725,0.3743629455566406,0.4273701310157776,0.44056159257888794,0.454734742641449,0.3848389983177185,0.1681549847126007,0.8334478735923767,0.48635333776474,0.35448819398880005,0.43944236636161804,0.46721169352531433,0.47234711050987244,0.3742840886116028,0.15777775645256042,0.8342121243476868,0.4885252118110657,0.3496553301811218,0.42247697710990906,0.47126510739326477,0.4801565110683441,0.3811093270778656,0.16313976049423218,0.7871423363685608,0.49744510650634766,0.3549664616584778,0.4153578579425812,0.454679936170578,0.5711842179298401,0.5463066101074219,-0.2203090488910675,0.9999396800994873,0.5965632796287537,0.5438544750213623,0.22033360600471497,0.9997090101242065,0.5237699151039124,0.6686774492263794,-0.3139278292655945,0.9838009476661682,0.6077574491500854,0.6567838191986084,0.4457537829875946,0.5897730588912964,0.5050407648086548,0.8007013201713562,-0.40524783730506897,0.9963759779930115,0.6730097532272339,0.7498127222061157,0.6716302037239075,0.8382657170295715,0.523103654384613,0.825035810470581,-0.4182240962982178,0.9902090430259705,0.6956467628479004,0.7638838291168213,0.6939191818237305,0.8960033059120178,0.4035147428512573,0.8211042881011963,-0.5429254770278931,0.993848979473114,0.6153405904769897,0.776305079460144,0.6981507539749146,0.88912034034729
