video_no,frame,timestamp_ms,good,x0,y0,z0,visibility0,x1,y1,z1,visibility1,x2,y2,z2,visibility2,x3,y3,z3,visibility3,x4,y4,z4,visibility4,x5,y5,z5,visibility5,x6,y6,z6,visibility6,x7,y7,z7,visibility7,x8,y8,z8,visibility8,x9,y9,z9,visibility9,x10,y10,z10,visibility10,x11,y11,z11,visibility11,x12,y12,z12,visibility12,x13,y13,z13,visibility13,x14,y14,z14,visibility14,x15,y15,z15,visibility15,x16,y16,z16,visibility16,x17,y17,z17,visibility17,x18,y18,z18,visibility18,x19,y19,z19,visibility19,x20,y20,z20,visibility20,x21,y21,z21,visibility21,x22,y22,z22,visibility22,x23,y23,z23,visibility23,x24,y24,z24,visibility24,x25,y25,z25,visibility25,x26,y26,z26,visibility26,x27,y27,z27,visibility27,x28,y28,z28,visibility28,x29,y29,z29,visibility29,x30,y30,z30,visibility30,x31,y31,z31,visibility31,x32,y32,z32,visibility32
IMG_9740 3,1,33,good,0.4913236200809479,0.3889203369617462,-0.25095134973526,0.9999954700469971,0.5025972127914429,0.37961557507514954,-0.2341780960559845,0.9999959468841553,0.5082627534866333,0.3796613812446594,-0.23428277671337128,0.9999961853027344,0.5140601992607117,0.3797428607940674,-0.23441281914710999,0.9999958276748657,0.48959842324256897,0.37875258922576904,-0.20371222496032715,0.9999948740005493,0.4864017069339752,0.37816908955574036,-0.20369979739189148,0.9999921321868896,0.4831836223602295,0.3776208758354187,-0.20366650819778442,0.9999910593032837,0.5271072387695312,0.38326817750930786,-0.08422259241342545,0.9999969005584717,0.48612794280052185,0.38152894377708435,0.04932103306055069,0.9999839067459106,0.5018149018287659,0.39664342999458313,-0.19159607589244843,0.9999880790710449,0.48638322949409485,0.3965379595756531,-0.15376333892345428,0.9999823570251465,0.5737012624740601,0.42852750420570374,-0.1308634877204895,0.9999665021896362,0.46703144907951355,0.44166603684425354,0.2895910143852234,0.9996901750564575,0.5123131275177002,0.4724929928779602,-0.269644170999527,0.9918100237846375,0.4341529905796051,0.5080944895744324,0.1272600293159485,0.5845510959625244,0.4875701367855072,0.42217952013015747,-0.295936644077301,0.9911467432975769,0.46680134534835815,0.45821645855903625,-0.24835725128650665,0.760360062122345,0.48654305934906006,0.4057682752609253,-0.3364470601081848,0.9853435754776001,0.4768865406513214,0.45517846941947937,-0.30024272203445435,0.6784630417823792,0.4972144365310669,0.40076780319213867,-0.3396308422088623,0.9847257733345032,0.4816654324531555,0.4474673569202423,-0.28098127245903015,0.6596996784210205,0.49922987818717957,0.4051567316055298,-0.29462385177612305,0.9759559631347656,0.4774911403656006,0.4431452751159668,-0.2529858946800232,0.6207946538925171,0.5414242148399353,0.5704399347305298,-0.16486382484436035,0.9998841285705566,0.4854743778705597,0.573421835899353,0.16536806523799896,0.9996823072433472,0.5108192563056946,0.6786571741104126,-0.30407795310020447,0.9877907037734985,0.5243721008300781,0.6786402463912964,0.20491251349449158,0.8084917664527893,0.49613064527511597,0.7945038080215454,-0.272173672914505,0.989474892616272,0.5925545692443848,0.7673355340957642,0.38814154267311096,0.9515268206596375,0.5093737840652466,0.8106275796890259,-0.2791576385498047,0.9717370867729187,0.617256760597229,0.7828366160392761,0.39708900451660156,0.9656310677528381,0.40601831674575806,0.8246732354164124,-0.47322407364845276,0.9797694683074951,0.5502443313598633,0.7922967672348022,0.2637943923473358,0.9477970004081726
IMG_9740 3,2,66,good,0.49139976501464844,0.38900771737098694,-0.21719373762607574,0.9999951124191284,0.5030649900436401,0.37968239188194275,-0.19750665128231049,0.9999956488609314,0.508960485458374,0.3797360062599182,-0.19767720997333527,0.9999959468841553,0.5150640606880188,0.3798297345638275,-0.19783033430576324,0.9999955892562866,0.489736944437027,0.3788294494152069,-0.1685771495103836,0.9999943375587463,0.4865553081035614,0.37824469804763794,-0.16856536269187927,0.9999912977218628,0.4833887815475464,0.37770789861679077,-0.16843149065971375,0.9999899864196777,0.5282450914382935,0.3834817111492157,-0.043066855520009995,0.9999966621398926,0.4862040877342224,0.3815529942512512,0.08266878873109818,0.9999815225601196,0.5020262002944946,0.397022545337677,-0.15599608421325684,0.9999870657920837,0.48641449213027954,0.39685025811195374,-0.12022324651479721,0.9999805092811584,0.5735222101211548,0.42880311608314514,-0.09985741972923279,0.9999671578407288,0.4661019444465637,0.44131743907928467,0.32224664092063904,0.9996652007102966,0.5107149481773376,0.47369399666786194,-0.2619801163673401,0.9911789894104004,0.43416112661361694,0.5081080198287964,0.1968085616827011,0.5688055157661438,0.4881231188774109,0.4222204387187958,-0.29604533314704895,0.9904964566230774,0.4659406840801239,0.46499648690223694,-0.13063065707683563,0.7485892176628113,0.48647353053092957,0.40669891238212585,-0.3395824730396271,0.9844971299171448,0.4767549932003021,0.46526432037353516,-0.17560289800167084,0.6706252694129944,0.497562050819397,0.40154606103897095,-0.34084460139274597,0.983950138092041,0.48176705837249756,0.4574914872646332,-0.1665770411491394,0.6525819301605225,0.49934595823287964,0.4061320424079895,-0.2946741580963135,0.9747299551963806,0.4796866476535797,0.45951810479164124,-0.13763180375099182,0.6137781143188477,0.5414144992828369,0.5706250071525574,-0.16505864262580872,0.9998877644538879,0.48465049266815186,0.5734606981277466,0.16557623445987701,0.9996808767318726,0.5108193159103394,0.6789953112602234,-0.3446977138519287,0.98360675573349,0.5240626335144043,0.6795230507850647,0.2014508843421936,0.7965993881225586,0.4933195412158966,0.7956265211105347,-0.3236932158470154,0.9886889457702637,0.5883127450942993,0.7696936726570129,0.38817793130874634,0.9454766511917114,0.5073122382164001,0.8109437823295593,-0.33070337772369385,0.9697195887565613,0.6143532395362854,0.7861244082450867,0.397413432598114,0.9615628719329834,0.4057859182357788,0.8246634006500244,-0.5330169200897217,0.9791078567504883,0.5410904288291931,0.7947887778282166,0.26428088545799255,0.9419423341751099
IMG_9740 3,3,99,good,0.4897242784500122,0.3904646337032318,-0.12206777185201645,0.9999933838844299,0.5014769434928894,0.3813292980194092,-0.11659935861825943,0.9999943375587463,0.5069050192832947,0.3812313675880432,-0.11675872653722763,0.9999948143959045,0.5125542879104614,0.3811973035335541,-0.11694753170013428,0.9999946355819702,0.48931077122688293,0.38079747557640076,-0.08054132759571075,0.9999920725822449,0.48640474677085876,0.38020235300064087,-0.08053407073020935,0.9999877214431763,0.48338809609413147,0.3796038031578064,-0.08042480796575546,0.9999865293502808,0.5273468494415283,0.3842897117137909,-0.015490628778934479,0.9999955892562866,0.48691609501838684,0.3827974498271942,0.14073720574378967,0.9999744892120361,0.5002992153167725,0.3983406126499176,-0.07959399372339249,0.9999834299087524,0.48599469661712646,0.3984197676181793,-0.03468302637338638,0.9999740719795227,0.573521077632904,0.4303835928440094,-0.08169198781251907,0.9999667406082153,0.466269314289093,0.4411250054836273,0.35812416672706604,0.9996370673179626,0.5096467137336731,0.47397664189338684,-0.25713253021240234,0.9904962778091431,0.43417590856552124,0.50691157579422,0.2869463860988617,0.5459353923797607,0.4881881773471832,0.4223237931728363,-0.27972421050071716,0.9891896843910217,0.4624408185482025,0.4643971920013428,0.040979184210300446,0.7297719120979309,0.48703575134277344,0.4067080318927765,-0.31941983103752136,0.9826712012290955,0.46999406814575195,0.46404317021369934,0.007630206178873777,0.6551344394683838,0.497849702835083,0.4015427827835083,-0.3175193667411804,0.9820418953895569,0.47344595193862915,0.4564056098461151,0.021226972341537476,0.637592077255249,0.4993639290332794,0.4062599539756775,-0.27702057361602783,0.9718737602233887,0.4740864038467407,0.4564933180809021,0.03653928264975548,0.6001842021942139,0.5407592058181763,0.5690407752990723,-0.1646960824728012,0.9998928308486938,0.483620822429657,0.5712796449661255,0.16520877182483673,0.9996861815452576,0.5108329653739929,0.6787034273147583,-0.3592149615287781,0.9777205586433411,0.5210571885108948,0.6772151589393616,0.16344860196113586,0.775204062461853,0.4918375015258789,0.7967769503593445,-0.3850719630718231,0.9870908856391907,0.5848631262779236,0.7688238024711609,0.31083571910858154,0.9346287250518799,0.5056093335151672,0.8133015632629395,-0.39488357305526733,0.9664418697357178,0.6124300360679626,0.7846664190292358,0.3180905878543854,0.9520372152328491,0.4057933986186981,0.8246685862541199,-0.5903783440589905,0.9784361720085144,0.5398428440093994,0.7935932278633118,0.19686399400234222,0.9345676898956299
IMG_9740 3,4,132,good,0.4868743419647217,0.3904958963394165,-0.14672668278217316,0.9999909400939941,0.4988079071044922,0.3814631700515747,-0.13700589537620544,0.9999922513961792,0.5044977068901062,0.3814144432544708,-0.13717103004455566,0.999992847442627,0.5102347731590271,0.38144052028656006,-0.13735531270503998,0.9999929070472717,0.48805752396583557,0.3809078633785248,-0.10432328283786774,0.9999889731407166,0.485490083694458,0.38034671545028687,-0.10432242602109909,0.9999829530715942,0.4827164113521576,0.37977999448776245,-0.10426327586174011,0.9999814629554749,0.5267730355262756,0.3846876621246338,-0.02331533469259739,0.9999933838844299,0.48693424463272095,0.38295334577560425,0.1205902099609375,0.9999638199806213,0.4971800148487091,0.39855721592903137,-0.09934733808040619,0.9999767541885376,0.4840514659881592,0.3986293375492096,-0.058690354228019714,0.9999641180038452,0.5731161236763,0.4314576983451843,-0.08292645961046219,0.9999579191207886,0.4662722051143646,0.4405883550643921,0.3412190079689026,0.9995847344398499,0.5090721845626831,0.4749591648578644,-0.25768107175827026,0.9880276322364807,0.43537431955337524,0.5066959857940674,0.24111336469650269,0.5170931220054626,0.48836812376976013,0.42331475019454956,-0.29976099729537964,0.9851981401443481,0.46324822306632996,0.47272855043411255,-0.031073758378624916,0.6997454166412354,0.4860682785511017,0.40933722257614136,-0.34323030710220337,0.9780060052871704,0.47401002049446106,0.4771837890148163,-0.06863465160131454,0.6323223114013672,0.49730435013771057,0.4033950865268707,-0.33949199318885803,0.9773880839347839,0.4802476763725281,0.4696682393550873,-0.06612350046634674,0.6158076524734497,0.4984857141971588,0.4090600311756134,-0.29770275950431824,0.9655589461326599,0.4816696047782898,0.47094517946243286,-0.039675574749708176,0.5796552300453186,0.5399789214134216,0.5688217878341675,-0.15990352630615234,0.9998942017555237,0.4827592074871063,0.5711486339569092,0.16037246584892273,0.9996769428253174,0.5109953284263611,0.6759710311889648,-0.35388630628585815,0.9710497856140137,0.5193728804588318,0.6738677620887756,0.16186438500881195,0.7554181218147278,0.49176812171936035,0.7967499494552612,-0.3762321174144745,0.9853240847587585,0.5773736834526062,0.7687417268753052,0.3131427764892578,0.9229347705841064,0.5056697726249695,0.8132326602935791,-0.3858066201210022,0.9639281034469604,0.6058946251869202,0.7848228812217712,0.3206412196159363,0.9407203793525696,0.4062216281890869,0.8241927027702332,-0.5792121887207031,0.9777924418449402,0.5321783423423767,0.7931210994720459,0.19702239334583282,0.9261447191238403
IMG_9740 3,5,165,good,0.484382301568985,0.3904837965965271,-0.1509462594985962,0.9999899864196777,0.4960826635360718,0.38147932291030884,-0.14094363152980804,0.9999912977218628,0.5017765760421753,0.38143324851989746,-0.14109988510608673,0.9999920129776001,0.5075185298919678,0.3814612329006195,-0.14127227663993835,0.9999921321868896,0.48675084114074707,0.38092368841171265,-0.1083616092801094,0.9999876022338867,0.48456811904907227,0.38036495447158813,-0.10836421698331833,0.9999808073043823,0.4821156859397888,0.3797960579395294,-0.10829275846481323,0.9999790191650391,0.5257498621940613,0.38473403453826904,-0.025453411042690277,0.999992311000824,0.4869841933250427,0.3829710781574249,0.11774930357933044,0.9999581575393677,0.49470871686935425,0.3985680639743805,-0.102901391685009,0.999973714351654,0.4825955331325531,0.3986130654811859,-0.062284935265779495,0.9999595880508423,0.5724082589149475,0.43191108107566833,-0.08227837085723877,0.9999546408653259,0.46628841757774353,0.4405091106891632,0.3321855664253235,0.9995489120483398,0.5075743198394775,0.4741367995738983,-0.25781965255737305,0.9862542748451233,0.43555164337158203,0.5066434741020203,0.23162083327770233,0.4885837733745575,0.48819196224212646,0.4242236614227295,-0.3111379146575928,0.9819841384887695,0.4634184241294861,0.47580164670944214,-0.05761674419045448,0.6708536148071289,0.48353639245033264,0.41112399101257324,-0.35671210289001465,0.9744061231613159,0.474688321352005,0.4836028814315796,-0.09748165309429169,0.6113989949226379,0.4954410791397095,0.404712051153183,-0.3530097007751465,0.9739046096801758,0.4821659326553345,0.4764331877231598,-0.09811586141586304,0.5961206555366516,0.49645504355430603,0.41064488887786865,-0.3092714846134186,0.960725724697113,0.4836519658565521,0.4774750769138336,-0.0675121396780014,0.5608255863189697,0.538973331451416,0.5688183307647705,-0.1594199240207672,0.9999004006385803,0.48165515065193176,0.5711767673492432,0.15987397730350494,0.999682605266571,0.5107807517051697,0.6749550104141235,-0.3818485140800476,0.9682844281196594,0.5185964703559875,0.6740157604217529,0.19807811081409454,0.7355842590332031,0.49164479970932007,0.796579122543335,-0.4470360279083252,0.9850529432296753,0.5784920454025269,0.7684710025787354,0.36676380038261414,0.9120643734931946,0.5059192180633545,0.8129792213439941,-0.4596930146217346,0.9640281796455383,0.6062724590301514,0.7844060063362122,0.3770548403263092,0.9315225481987,0.40623730421066284,0.8241103887557983,-0.659961462020874,0.9783254861831665,0.5334548354148865,0.7913469076156616,0.2653232514858246,0.9187976717948914
IMG_9740 3,6,198,good,0.48455584049224854,0.3887307643890381,-0.22818292677402496,0.9999900460243225,0.4963448941707611,0.37989312410354614,-0.20649473369121552,0.9999913573265076,0.5021899938583374,0.3799721300601959,-0.2066466063261032,0.9999920129776001,0.5081573724746704,0.380147784948349,-0.20679467916488647,0.9999920129776001,0.48684126138687134,0.3792087435722351,-0.17504151165485382,0.9999877214431763,0.4846879839897156,0.3787347376346588,-0.17503952980041504,0.9999810457229614,0.48223745822906494,0.3782542943954468,-0.1748887002468109,0.9999790787696838,0.5264161229133606,0.3840474486351013,-0.04954788461327553,0.9999921917915344,0.4871424436569214,0.38171496987342834,0.09159081429243088,0.9999576210975647,0.494926780462265,0.39749282598495483,-0.1659560352563858,0.9999727606773376,0.4825916886329651,0.3971737027168274,-0.12621524930000305,0.999958336353302,0.5708957314491272,0.4318891167640686,-0.09741674363613129,0.9999509453773499,0.46628519892692566,0.44008028507232666,0.3147045075893402,0.9995117783546448,0.5035155415534973,0.47258979082107544,-0.2693897783756256,0.984229564666748,0.4364829361438751,0.5049369931221008,0.17379477620124817,0.46699005365371704,0.48269590735435486,0.4243481457233429,-0.3116074204444885,0.9789257645606995,0.4634668827056885,0.4778115451335907,-0.18279103934764862,0.6534007787704468,0.4792654514312744,0.4110311269760132,-0.3574012815952301,0.9709375500679016,0.4756088852882385,0.4837724268436432,-0.23096543550491333,0.6005952954292297,0.4917266368865967,0.4045827090740204,-0.3535694479942322,0.9706512689590454,0.4834906756877899,0.47704073786735535,-0.23347343504428864,0.5862761735916138,0.4921698570251465,0.4104592502117157,-0.3094150722026825,0.9563884139060974,0.4850381910800934,0.47839444875717163,-0.19446608424186707,0.5507457852363586,0.5372477173805237,0.5688353776931763,-0.16129297018051147,0.9999043345451355,0.4789016842842102,0.5711166262626648,0.16167838871479034,0.9996818900108337,0.5094946026802063,0.6750057935714722,-0.3682625889778137,0.967714786529541,0.5179837346076965,0.6742143630981445,0.23179851472377777,0.7322793006896973,0.4916802942752838,0.7965299487113953,-0.39769500494003296,0.9854800701141357,0.5786063075065613,0.7663490176200867,0.4407128095626831,0.9093707203865051,0.5071119070053101,0.8129337430000305,-0.4081837832927704,0.9646127820014954,0.6119941473007202,0.7823967933654785,0.45480677485466003,0.930139422416687,0.40715399384498596,0.8240605592727661,-0.6094279885292053,0.9787596464157104,0.5345885753631592,0.7913776636123657,0.3430327773094177,0.9162427186965942
IMG_9740 3,7,231,good,0.48469945788383484,0.38818326592445374,-0.2244187742471695,0.9999902844429016,0.49651816487312317,0.3793792426586151,-0.20441827178001404,0.9999915361404419,0.502360463142395,0.37944287061691284,-0.20456528663635254,0.9999921917915344,0.50832599401474,0.3796159625053406,-0.20467758178710938,0.9999921321868896,0.48682647943496704,0.37879276275634766,-0.17312397062778473,0.9999880194664001,0.48466846346855164,0.37837961316108704,-0.17313021421432495,0.9999815821647644,0.4822051525115967,0.37797221541404724,-0.172929048538208,0.999979555606842,0.5264272689819336,0.38372743129730225,-0.04467640444636345,0.9999922513961792,0.48712611198425293,0.3815266489982605,0.0956849753856659,0.9999576807022095,0.4950302243232727,0.3970487415790558,-0.1656603217124939,0.9999731183052063,0.4824843108654022,0.3966611623764038,-0.12564218044281006,0.9999586343765259,0.5705128312110901,0.43192043900489807,-0.09783228486776352,0.9999511241912842,0.4657178521156311,0.4400438070297241,0.31448259949684143,0.9995005130767822,0.5028224587440491,0.4714224338531494,-0.2753996253013611,0.9831227660179138,0.43633097410202026,0.5049734711647034,0.13089708983898163,0.4613330662250519,0.48292461037635803,0.42602625489234924,-0.3247070610523224,0.9772889018058777,0.4632868468761444,0.4757782518863678,-0.2640531659126282,0.652009904384613,0.4789387881755829,0.41083016991615295,-0.37136268615722656,0.9689986705780029,0.47084182500839233,0.4826910197734833,-0.3203818202018738,0.6022342443466187,0.49000051617622375,0.40626591444015503,-0.3674992024898529,0.9688040614128113,0.4828195571899414,0.4736013114452362,-0.3136933147907257,0.5883190631866455,0.4915075898170471,0.41057664155960083,-0.32203444838523865,0.9537582397460938,0.4821016192436218,0.47330036759376526,-0.2732745110988617,0.5516491532325745,0.5366785526275635,0.568849503993988,-0.16254620254039764,0.9999104738235474,0.4770297706127167,0.5710775256156921,0.16288116574287415,0.9996917843818665,0.509200394153595,0.6750383973121643,-0.3797028362751007,0.9683396816253662,0.5167651772499084,0.6743298172950745,0.2566743493080139,0.7351694107055664,0.4919959306716919,0.796554684638977,-0.4318968653678894,0.9862770438194275,0.5828311443328857,0.7655483484268188,0.4774225950241089,0.9098401665687561,0.5081780552864075,0.812913179397583,-0.4459620416164398,0.9657131433486938,0.6154507398605347,0.7805753946304321,0.4926423132419586,0.9304182529449463,0.40892162919044495,0.8240765929222107,-0.6639420390129089,0.9797801375389099,0.5349829196929932,0.7896963357925415,0.380392462015152,0.9170403480529785
IMG_9740 3,8,264,good,0.4849837124347687,0.38813284039497375,-0.21384210884571075,0.9999902248382568,0.49705228209495544,0.3793788254261017,-0.1907016485929489,0.9999915957450867,0.5029385685920715,0.3794441223144531,-0.19085657596588135,0.9999921917915344,0.5089464783668518,0.3796190619468689,-0.19098274409770966,0.9999920725822449,0.48693764209747314,0.3787660002708435,-0.15971983969211578,0.9999881386756897,0.48473188281059265,0.37833231687545776,-0.159719318151474,0.999981701374054,0.48226940631866455,0.3779089152812958,-0.15953074395656586,0.9999796152114868,0.5264846682548523,0.3837301731109619,-0.032030507922172546,0.9999920725822449,0.4869805872440338,0.3814656138420105,0.10585618764162064,0.9999571442604065,0.49511024355888367,0.3970225155353546,-0.15208417177200317,0.9999721646308899,0.4825035333633423,0.396541565656662,-0.11283230036497116,0.9999576210975647,0.5685492157936096,0.4317411184310913,-0.08750522136688232,0.9999500513076782,0.4655728340148926,0.43990054726600647,0.3249184489250183,0.9994763135910034,0.49805739521980286,0.47080832719802856,-0.26098155975341797,0.9805055260658264,0.43625378608703613,0.5036561489105225,0.17606912553310394,0.44735950231552124,0.4808845818042755,0.4264344274997711,-0.2944972515106201,0.9740488529205322,0.4625161290168762,0.47455647587776184,-0.15324153006076813,0.6429694294929504,0.4786801338195801,0.4106825292110443,-0.3411601781845093,0.9655815362930298,0.47105672955513,0.47987428307533264,-0.19827307760715485,0.5980296730995178,0.4879743158817291,0.40716099739074707,-0.33773958683013916,0.9655322432518005,0.4823148250579834,0.4721308946609497,-0.19714601337909698,0.5846796035766602,0.48980990052223206,0.4106397032737732,-0.29234832525253296,0.9493261575698853,0.4820649325847626,0.473033607006073,-0.16256152093410492,0.5477269291877747,0.5355923771858215,0.5686928629875183,-0.16293412446975708,0.9999161958694458,0.475711852312088,0.5707187652587891,0.1632959395647049,0.9996993541717529,0.5089859366416931,0.674989640712738,-0.38373905420303345,0.9673978686332703,0.5158441662788391,0.6732284426689148,0.2571471631526947,0.7324921488761902,0.49198994040489197,0.797232985496521,-0.4305182695388794,0.986632764339447,0.582686185836792,0.7606654167175293,0.48746851086616516,0.9068464636802673,0.5081868767738342,0.8130922913551331,-0.4434986412525177,0.9664827585220337,0.6154303550720215,0.7697725892066956,0.5042327046394348,0.9287458062171936,0.410645455121994,0.8241010904312134,-0.6517655253410339,0.9802451729774475,0.5361161231994629,0.7847161889076233,0.3982297480106354,0.9145007729530334
IMG_9740 3,9,297,good,0.4872240424156189,0.38724973797798157,-0.2279735803604126,0.9999902248382568,0.5005187392234802,0.37863045930862427,-0.2034521996974945,0.9999915957450867,0.5067843794822693,0.37885355949401855,-0.20360438525676727,0.9999921917915344,0.5127733945846558,0.37913408875465393,-0.20374594628810883,0.9999920129776001,0.4881197214126587,0.3777516782283783,-0.1744288057088852,0.9999881982803345,0.4853125810623169,0.37722674012184143,-0.17441417276859283,0.999981701374054,0.48269137740135193,0.37673887610435486,-0.1742485761642456,0.9999794363975525,0.5275411605834961,0.3835252523422241,-0.032529931515455246,0.9999919533729553,0.4867887794971466,0.38043248653411865,0.09258878231048584,0.9999563097953796,0.49727189540863037,0.39649176597595215,-0.16367119550704956,0.9999712705612183,0.4826340973377228,0.39569413661956787,-0.12727698683738708,0.9999561905860901,0.5670801401138306,0.431725412607193,-0.08801436424255371,0.9999477863311768,0.46528396010398865,0.4392324686050415,0.31372424960136414,0.9994199275970459,0.49388936161994934,0.4659474790096283,-0.26279789209365845,0.9788288474082947,0.43624913692474365,0.501089870929718,0.16082847118377686,0.42932409048080444,0.47849521040916443,0.4263717234134674,-0.2946229875087738,0.971979558467865,0.46223723888397217,0.474453330039978,-0.1805463582277298,0.6292034983634949,0.4770689308643341,0.4101415276527405,-0.34234967827796936,0.9633783102035522,0.47060203552246094,0.479265034198761,-0.22780612111091614,0.5897096991539001,0.4845922887325287,0.4069938063621521,-0.33883610367774963,0.9634563326835632,0.48052170872688293,0.47161951661109924,-0.22662721574306488,0.5771191716194153,0.48676323890686035,0.41060587763786316,-0.29273688793182373,0.9466019868850708,0.48128169775009155,0.4711126387119293,-0.19075161218643188,0.5406889319419861,0.53448486328125,0.5686245560646057,-0.16275854408740997,0.9999203085899353,0.47426706552505493,0.5706455707550049,0.1631391942501068,0.9997012615203857,0.5086715817451477,0.6750222444534302,-0.3758949935436249,0.9676809310913086,0.5148448348045349,0.6733803153038025,0.24870668351650238,0.7307189106941223,0.4919956922531128,0.7973272204399109,-0.4113539159297943,0.987075686454773,0.5821876525878906,0.7594925761222839,0.46926167607307434,0.9054161310195923,0.5081937313079834,0.8130707740783691,-0.4233205020427704,0.9671708941459656,0.6151173710823059,0.7690292000770569,0.4841768741607666,0.9278639554977417,0.4111054837703705,0.8242027163505554,-0.6287514567375183,0.9808180332183838,0.5364826321601868,0.7849170565605164,0.374825119972229,0.913412868976593
IMG_9740 3,10,330,good,0.486819863319397,0.38704919815063477,-0.22697611153125763,0.9999898672103882,0.5002610683441162,0.37849658727645874,-0.19959789514541626,0.9999913573265076,0.5064356327056885,0.3787269592285156,-0.1997472643852234,0.9999919533729553,0.5124011039733887,0.37903016805648804,-0.19987192749977112,0.9999917149543762,0.4879499077796936,0.37756118178367615,-0.17169585824012756,0.999987781047821,0.4852106273174286,0.3770127594470978,-0.1716725081205368,0.9999810457229614,0.4826449453830719,0.37650322914123535,-0.1714979112148285,0.9999786019325256,0.5272272825241089,0.3834557831287384,-0.033387985080480576,0.9999912977218628,0.48660922050476074,0.38016244769096375,0.09325654804706573,0.9999539852142334,0.49646028876304626,0.39631712436676025,-0.16052758693695068,0.9999690055847168,0.48200252652168274,0.3953489661216736,-0.12565678358078003,0.9999528527259827,0.5654240250587463,0.43169739842414856,-0.08692619949579239,0.9999460577964783,0.4652808606624603,0.4388330280780792,0.31324315071105957,0.9993724822998047,0.4906770586967468,0.4639226198196411,-0.2662525773048401,0.9770491719245911,0.43721655011177063,0.4996882677078247,0.2083127349615097,0.40762484073638916,0.4782666862010956,0.4251343011856079,-0.3244456946849823,0.9701886177062988,0.4609181582927704,0.47592753171920776,-0.06188387796282768,0.6131318807601929,0.47670450806617737,0.40967732667922974,-0.373930424451828,0.9614776968955994,0.46881192922592163,0.4807531535625458,-0.09936555474996567,0.5804280042648315,0.48471584916114807,0.40466418862342834,-0.3744707703590393,0.9617159962654114,0.47776901721954346,0.4741574227809906,-0.1058734878897667,0.5691299438476562,0.48630738258361816,0.4099842309951782,-0.3255298137664795,0.944284200668335,0.47901973128318787,0.47502779960632324,-0.07340829819440842,0.5332907438278198,0.5323101282119751,0.5678285360336304,-0.1617080718278885,0.9999246001243591,0.47299671173095703,0.5697103142738342,0.16205637156963348,0.9997057318687439,0.5086707472801208,0.6738830208778381,-0.37307456135749817,0.9671944379806519,0.5135290026664734,0.6725351214408875,0.24450629949569702,0.7335136532783508,0.4921739399433136,0.7977233529090881,-0.40629422664642334,0.9874865412712097,0.5809004902839661,0.7583795189857483,0.46103963255882263,0.9062332510948181,0.5089283585548401,0.8137218356132507,-0.41868603229522705,0.9677262902259827,0.6148034334182739,0.7683340907096863,0.473858505487442,0.9276782274246216,0.4115997850894928,0.8243373036384583,-0.6251651644706726,0.9815002679824829,0.5368279218673706,0.7832549810409546,0.3522014617919922,0.9144849181175232
IMG_9740 3,11,363,good,0.48654648661613464,0.3866138756275177,-0.18655738234519958,0.999989926815033,0.5001199841499329,0.37812092900276184,-0.1660364270210266,0.9999914765357971,0.5062538981437683,0.3783484697341919,-0.16618293523788452,0.9999920725822449,0.5122201442718506,0.37867143750190735,-0.1663002222776413,0.9999918341636658,0.48788654804229736,0.3771323561668396,-0.13633961975574493,0.9999879598617554,0.485177606344223,0.3765525221824646,-0.13634605705738068,0.9999814629554749,0.48262956738471985,0.3760192394256592,-0.1362067013978958,0.9999790787696838,0.5271072387695312,0.38313382863998413,-0.01944706216454506,0.9999914765357971,0.486469566822052,0.37965092062950134,0.11152485758066177,0.9999552369117737,0.49574777483940125,0.3957851827144623,-0.1283167451620102,0.9999691247940063,0.4815255105495453,0.3947327733039856,-0.09158801287412643,0.99995356798172,0.5644182562828064,0.43157821893692017,-0.08598083257675171,0.9999452233314514,0.46401160955429077,0.43802133202552795,0.32257163524627686,0.9993820190429688,0.4841420352458954,0.462223082780838,-0.25862109661102295,0.9758914709091187,0.43646544218063354,0.4984719455242157,0.20444798469543457,0.3999791443347931,0.4774855971336365,0.421712726354599,-0.2717321515083313,0.9690093398094177,0.4609536826610565,0.4740326702594757,-0.09165243059396744,0.6130385994911194,0.4762181043624878,0.40613508224487305,-0.3127559721469879,0.9602612257003784,0.4670422673225403,0.47580957412719727,-0.1334947645664215,0.5832245945930481,0.48503750562667847,0.39974063634872437,-0.31507036089897156,0.9605485200881958,0.47724756598472595,0.46687838435173035,-0.14087826013565063,0.5721336603164673,0.4863789975643158,0.4062708616256714,-0.2715373933315277,0.9429613351821899,0.478352814912796,0.46716517210006714,-0.10550977289676666,0.5363494753837585,0.5313400626182556,0.5679702162742615,-0.1617279052734375,0.9999275207519531,0.4709198772907257,0.569747805595398,0.16208145022392273,0.9997173547744751,0.5085288882255554,0.6751795411109924,-0.33966562151908875,0.9666482210159302,0.5136179327964783,0.6747307181358337,0.20704568922519684,0.740060567855835,0.49249589443206787,0.7990965247154236,-0.34854400157928467,0.9875249862670898,0.5886063575744629,0.7627410888671875,0.38242295384407043,0.9078741669654846,0.508960485458374,0.8151178956031799,-0.3575296998023987,0.967782199382782,0.6199612021446228,0.7775804996490479,0.39299827814102173,0.9281508922576904,0.4115894138813019,0.8244341611862183,-0.5530634522438049,0.9815065860748291,0.5391724109649658,0.7916746735572815,0.2799089550971985,0.9151124358177185
IMG_9740 3,12,396,good,0.4862954020500183,0.3857552409172058,-0.19318410754203796,0.99998939037323,0.4999918043613434,0.3771823048591614,-0.16957788169384003,0.9999911189079285,0.5061420202255249,0.3774811923503876,-0.16974106431007385,0.9999917149543762,0.512177050113678,0.37783047556877136,-0.16984423995018005,0.9999913573265076,0.48754215240478516,0.3760935962200165,-0.13899603486061096,0.9999873638153076,0.48478302359580994,0.3754848837852478,-0.1390073597431183,0.9999806880950928,0.48228031396865845,0.3749482333660126,-0.1388222873210907,0.9999781250953674,0.5269907116889954,0.3824719786643982,-0.024395311251282692,0.9999911189079285,0.48587608337402344,0.37880581617355347,0.108503058552742,0.9999526739120483,0.4955765902996063,0.3951927423477173,-0.13079755008220673,0.9999672770500183,0.4810405671596527,0.3940281569957733,-0.09257496148347855,0.9999507069587708,0.5630996227264404,0.43066009879112244,-0.08685613423585892,0.9999448657035828,0.4636354148387909,0.43586552143096924,0.3247101902961731,0.9993582963943481,0.48509305715560913,0.4617411196231842,-0.26783713698387146,0.9750208258628845,0.4353024363517761,0.4987236261367798,0.1902218908071518,0.3954209089279175,0.4777139723300934,0.42110350728034973,-0.28840917348861694,0.9679900407791138,0.46098417043685913,0.4723626971244812,-0.1411982774734497,0.613215446472168,0.47496891021728516,0.406188040971756,-0.3338102400302887,0.9590138792991638,0.46720701456069946,0.46714043617248535,-0.18964990973472595,0.5850580334663391,0.4846612513065338,0.4000183641910553,-0.33282604813575745,0.9593198299407959,0.4780774712562561,0.4649035632610321,-0.1856337934732437,0.5741540789604187,0.4856017529964447,0.4063149690628052,-0.2872011363506317,0.9413402676582336,0.4792107343673706,0.46666011214256287,-0.1508176028728485,0.5379711985588074,0.5308573246002197,0.5679833889007568,-0.16376258432865143,0.9999285936355591,0.4702030122280121,0.5697668790817261,0.16413211822509766,0.9997156262397766,0.5083096623420715,0.6752175092697144,-0.3370199203491211,0.966140866279602,0.5132386684417725,0.6747410893440247,0.20433290302753448,0.74550861120224,0.49274083971977234,0.7990328073501587,-0.3325437605381012,0.9877302646636963,0.5885567665100098,0.7627539038658142,0.39197003841400146,0.9100130200386047,0.5090819001197815,0.8150984644889832,-0.34140920639038086,0.9674097895622253,0.619414746761322,0.777163028717041,0.4030437469482422,0.9299166202545166,0.41175928711891174,0.8246091604232788,-0.5488856434822083,0.9815369248390198,0.5392783880233765,0.7904242873191833,0.28842753171920776,0.9166437387466431
IMG_9740 3,13,429,good,0.48428502678871155,0.3853025734424591,-0.1754828244447708,0.9999887943267822,0.4980403780937195,0.37675726413726807,-0.15871821343898773,0.9999905228614807,0.503842294216156,0.3770067095756531,-0.15885448455810547,0.9999911785125732,0.5096902847290039,0.3773329555988312,-0.15895429253578186,0.9999908208847046,0.4864729046821594,0.37575584650039673,-0.12815134227275848,0.9999864101409912,0.48400890827178955,0.37518107891082764,-0.12814752757549286,0.9999793171882629,0.481708824634552,0.3746644854545593,-0.12803605198860168,0.9999765753746033,0.5253796577453613,0.38209599256515503,-0.025062935426831245,0.9999899864196777,0.48544350266456604,0.3786461353302002,0.10869568586349487,0.9999497532844543,0.4929145574569702,0.39479589462280273,-0.1211964339017868,0.9999650716781616,0.4795607328414917,0.39359554648399353,-0.08307530730962753,0.9999481439590454,0.5623672008514404,0.43065524101257324,-0.08788367360830307,0.9999436736106873,0.4636021852493286,0.43583711981773376,0.3184075653553009,0.9993557929992676,0.48579275608062744,0.460832417011261,-0.2759440839290619,0.973322868347168,0.43587324023246765,0.49773284792900085,0.2496659755706787,0.3758411705493927,0.4769229590892792,0.4212128520011902,-0.3371588885784149,0.9659220576286316,0.4589053988456726,0.4798260033130646,0.03263461962342262,0.5927958488464355,0.47451645135879517,0.4065278470516205,-0.3859441876411438,0.9573665261268616,0.46745747327804565,0.49196863174438477,0.0005338106420822442,0.5717323422431946,0.4845200181007385,0.40020713210105896,-0.3889818787574768,0.9577483534812927,0.4781116545200348,0.4868253767490387,-0.011120641604065895,0.5623944401741028,0.48408254981040955,0.4079939126968384,-0.3391275405883789,0.9394410848617554,0.47920945286750793,0.4866374135017395,0.020202692598104477,0.5272859930992126,0.5302419662475586,0.5680177211761475,-0.1607837975025177,0.9999322295188904,0.4694952666759491,0.5698567628860474,0.161091610789299,0.9997225999832153,0.5083099007606506,0.6752373576164246,-0.3315201997756958,0.9655289053916931,0.5116193890571594,0.6747424006462097,0.20629212260246277,0.7503401637077332,0.49273523688316345,0.7991219162940979,-0.3388189673423767,0.9880614280700684,0.5867416858673096,0.7614668607711792,0.39431220293045044,0.9120083451271057,0.5090538859367371,0.8151346445083618,-0.3459233045578003,0.9679738879203796,0.6189706325531006,0.772725522518158,0.4057318866252899,0.9302275776863098,0.41178926825523376,0.8246113061904907,-0.5494509339332581,0.9822506904602051,0.5390940308570862,0.7883079648017883,0.29288873076438904,0.9188752770423889
IMG_9740 3,14,462,good,0.4836578965187073,0.3850997984409332,-0.18773235380649567,0.9999883770942688,0.4969474971294403,0.3765030801296234,-0.16901014745235443,0.9999903440475464,0.5026537775993347,0.37674039602279663,-0.16916492581367493,0.9999909996986389,0.5085246562957764,0.377082496881485,-0.1692669689655304,0.9999905824661255,0.4856976568698883,0.37549903988838196,-0.13572199642658234,0.9999860525131226,0.4833661615848541,0.3749302625656128,-0.1357310563325882,0.9999788999557495,0.4811054468154907,0.3744131028652191,-0.13558311760425568,0.9999760985374451,0.5247636437416077,0.3818800151348114,-0.028655873611569405,0.9999898076057434,0.4848744571208954,0.3784431517124176,0.1072385311126709,0.9999489188194275,0.49218472838401794,0.3945990204811096,-0.13087645173072815,0.9999635815620422,0.47905081510543823,0.39339643716812134,-0.08917480707168579,0.999946117401123,0.5615024566650391,0.43047356605529785,-0.09496559202671051,0.9999423623085022,0.4631854295730591,0.4355134963989258,0.32207709550857544,0.9993420243263245,0.4820292592048645,0.46086063981056213,-0.28660598397254944,0.972618579864502,0.43495243787765503,0.4978238344192505,0.22702795267105103,0.3676397502422333,0.4768196940422058,0.4193348288536072,-0.33021432161331177,0.9650799632072449,0.4589884579181671,0.4745076298713684,-0.04954571649432182,0.5909297466278076,0.47458094358444214,0.40420860052108765,-0.37731730937957764,0.9562738537788391,0.46618950366973877,0.47801610827445984,-0.0892193540930748,0.5720357298851013,0.4846571087837219,0.39886829257011414,-0.3787885904312134,0.9567058086395264,0.47806259989738464,0.47740304470062256,-0.08879043161869049,0.5630010962486267,0.48375341296195984,0.406040757894516,-0.33085009455680847,0.9380534887313843,0.47757890820503235,0.4685375690460205,-0.05888066813349724,0.527838945388794,0.529602587223053,0.5680205821990967,-0.16374056041240692,0.9999327659606934,0.4690685570240021,0.5698768496513367,0.1640663594007492,0.9997235536575317,0.5081343650817871,0.6752800345420837,-0.3302113711833954,0.9644973278045654,0.5113939642906189,0.6750797629356384,0.19661617279052734,0.7552215456962585,0.4926808774471283,0.7989334464073181,-0.32667872309684753,0.9881304502487183,0.5881622433662415,0.7625000476837158,0.3869931101799011,0.9141536355018616,0.5080571174621582,0.8150954842567444,-0.3347071707248688,0.9679622650146484,0.6188420057296753,0.7742336988449097,0.39887747168540955,0.9319398403167725,0.41177529096603394,0.824765682220459,-0.5383961200714111,0.9822142124176025,0.5405499339103699,0.7884002327919006,0.28161144256591797,0.9205063581466675
IMG_9740 3,15,495,good,0.48244261741638184,0.38493508100509644,-0.18935321271419525,0.9999880790710449,0.4952074885368347,0.376306414604187,-0.17025399208068848,0.9999901652336121,0.5008332133293152,0.37657102942466736,-0.1704040765762329,0.9999908208847046,0.5067059397697449,0.37694382667541504,-0.17052604258060455,0.9999903440475464,0.4844741225242615,0.3751697540283203,-0.13838043808937073,0.9999858736991882,0.4823206663131714,0.3745696544647217,-0.13838128745555878,0.99997878074646,0.48011699318885803,0.37401753664016724,-0.13824447989463806,0.9999759197235107,0.5238633751869202,0.3817080557346344,-0.02896878495812416,0.9999897480010986,0.4843718409538269,0.37810665369033813,0.10846155881881714,0.9999481439590454,0.4909447133541107,0.39445123076438904,-0.13211587071418762,0.9999635219573975,0.47814473509788513,0.39323243498802185,-0.09200240671634674,0.9999455213546753,0.5610827803611755,0.4301057457923889,-0.10201345384120941,0.9999420642852783,0.4593704640865326,0.4345575273036957,0.3223211169242859,0.9993529319763184,0.4829309582710266,0.46100735664367676,-0.3013778030872345,0.9728065133094788,0.4321892559528351,0.4974263310432434,0.13848653435707092,0.3832623064517975,0.47595083713531494,0.41875341534614563,-0.344110369682312,0.9654185771942139,0.4585001766681671,0.46642550826072693,-0.2450943887233734,0.6090133190155029,0.4730229675769806,0.40390148758888245,-0.3912557065486908,0.956488311290741,0.46468937397003174,0.45947182178497314,-0.2999515235424042,0.5883002281188965,0.4824482798576355,0.39891019463539124,-0.3893926441669464,0.9568849802017212,0.4738958775997162,0.45693543553352356,-0.28402215242385864,0.5791194438934326,0.48252180218696594,0.4060489237308502,-0.3422667980194092,0.9381471872329712,0.47345009446144104,0.45553526282310486,-0.2508262097835541,0.5430357456207275,0.5295953750610352,0.5680197477340698,-0.16616670787334442,0.9999327063560486,0.46840548515319824,0.5698933601379395,0.16648519039154053,0.999724805355072,0.5078434944152832,0.6752926111221313,-0.33958548307418823,0.964912474155426,0.5112566947937012,0.6755244731903076,0.20769348740577698,0.7609266042709351,0.4928933084011078,0.7985066771507263,-0.32731083035469055,0.9883614182472229,0.5885480642318726,0.763154149055481,0.4112814664840698,0.9157201051712036,0.5082147717475891,0.8149309158325195,-0.33522018790245056,0.9677902460098267,0.6185997724533081,0.7746832966804504,0.4242750406265259,0.9337548613548279,0.4116685092449188,0.8247292637825012,-0.5601494312286377,0.9821332693099976,0.5422402024269104,0.7929819226264954,0.2987150549888611,0.9213139414787292
IMG_9740 3,16,528,good,0.4825047254562378,0.3846275210380554,-0.26403847336769104,0.9999874234199524,0.49527451395988464,0.3758467137813568,-0.24258463084697723,0.99998939037323,0.5009326338768005,0.37610822916030884,-0.24275320768356323,0.9999901652336121,0.5068261623382568,0.37644195556640625,-0.24286799132823944,0.99998939037323,0.4844200909137726,0.3746951222419739,-0.2117687463760376,0.9999849200248718,0.48204103112220764,0.3740115463733673,-0.21177084743976593,0.9999775886535645,0.4796254336833954,0.3733789622783661,-0.21163223683834076,0.9999740123748779,0.5238144397735596,0.38114628195762634,-0.07760073989629745,0.9999892115592957,0.48328879475593567,0.3775475323200226,0.058619286864995956,0.9999416470527649,0.49098923802375793,0.3942050337791443,-0.19890061020851135,0.9999620318412781,0.477956086397171,0.39299196004867554,-0.1601381152868271,0.999940812587738,0.5609601736068726,0.4297387897968292,-0.13574744760990143,0.9999405741691589,0.45546528697013855,0.43340322375297546,0.29888904094696045,0.9993073344230652,0.48580628633499146,0.4636290371417999,-0.3104230463504791,0.9735223054885864,0.4293316602706909,0.4971449077129364,0.08830699324607849,0.39727655053138733,0.4747134745121002,0.42632222175598145,-0.36466890573501587,0.9662312269210815,0.45222747325897217,0.45703673362731934,-0.3630634546279907,0.6304032802581787,0.47211626172065735,0.41072165966033936,-0.41135844588279724,0.9569575786590576,0.4524698853492737,0.4440678358078003,-0.4251510500907898,0.6087059378623962,0.47972869873046875,0.4040733575820923,-0.40963730216026306,0.9572926759719849,0.4549999535083771,0.4369615614414215,-0.4128865599632263,0.5996677279472351,0.48076990246772766,0.4112476408481598,-0.3614506423473358,0.9384865164756775,0.46097689867019653,0.4393240213394165,-0.3720160722732544,0.5625462532043457,0.5293399095535278,0.56803959608078,-0.1676817536354065,0.9999284148216248,0.46814677119255066,0.5699010491371155,0.16800406575202942,0.9997022151947021,0.5077382922172546,0.6753159165382385,-0.3538477122783661,0.9664217829704285,0.5097728967666626,0.6752181649208069,0.23956558108329773,0.7672784328460693,0.4919462502002716,0.7988113164901733,-0.35423901677131653,0.9888677000999451,0.5863165855407715,0.7614538073539734,0.4640457034111023,0.9180476069450378,0.5056464076042175,0.8148862719535828,-0.3652205169200897,0.9688866138458252,0.6183856129646301,0.7731640934944153,0.47832879424095154,0.936658501625061,0.41290944814682007,0.8247281908988953,-0.5896329879760742,0.9825018644332886,0.5422095060348511,0.7919734120368958,0.3574395179748535,0.9223860502243042
IMG_9740 3,17,561,good,0.4821206033229828,0.3836638927459717,-0.24565686285495758,0.9999868869781494,0.4951791763305664,0.37473922967910767,-0.22518591582775116,0.9999886155128479,0.5009493231773376,0.3751843571662903,-0.22533969581127167,0.9999894499778748,0.5069038271903992,0.3756466507911682,-0.22546270489692688,0.9999886155128479,0.48381659388542175,0.3731192946434021,-0.19394667446613312,0.9999841451644897,0.4812532067298889,0.3724043369293213,-0.19394315779209137,0.999976634979248,0.4787837862968445,0.3718315362930298,-0.19380760192871094,0.9999729990959167,0.5237679481506348,0.3807341456413269,-0.06810659915208817,0.9999884963035583,0.4827592670917511,0.37661659717559814,0.06881987303495407,0.9999376535415649,0.49088767170906067,0.3935568332672119,-0.18326903879642487,0.9999616146087646,0.4773479998111725,0.3922848105430603,-0.14416320621967316,0.9999392628669739,0.561027467250824,0.4292818009853363,-0.12742404639720917,0.9999402165412903,0.45152777433395386,0.43352049589157104,0.297166645526886,0.9993157386779785,0.4912262558937073,0.4646700322628021,-0.3116897940635681,0.9746807217597961,0.4216425120830536,0.49720150232315063,0.06981910765171051,0.4296291172504425,0.4819135367870331,0.42597654461860657,-0.40834999084472656,0.9677267074584961,0.4366218149662018,0.4520114064216614,-0.39824458956718445,0.6581844687461853,0.4755476117134094,0.41046619415283203,-0.46186378598213196,0.9582929611206055,0.4316929578781128,0.4363856911659241,-0.4671871066093445,0.6348984837532043,0.47992467880249023,0.40399205684661865,-0.458098441362381,0.958503782749176,0.43159517645835876,0.43039214611053467,-0.45389825105667114,0.6260156631469727,0.4830932021141052,0.4102095663547516,-0.40607938170433044,0.9399775266647339,0.4416161775588989,0.43537384271621704,-0.4077553451061249,0.5891783237457275,0.5289733409881592,0.5681760311126709,-0.1676018387079239,0.9999251961708069,0.4673752188682556,0.5700259208679199,0.16792786121368408,0.9996892213821411,0.5077454447746277,0.6757054924964905,-0.3591082990169525,0.965935230255127,0.5090284943580627,0.6753769516944885,0.24662241339683533,0.7607223987579346,0.4906390607357025,0.7993864417076111,-0.3748970925807953,0.9885885119438171,0.5850723385810852,0.761953592300415,0.4681183397769928,0.9149042963981628,0.5032986998558044,0.815144419670105,-0.3882404565811157,0.9675757884979248,0.6150782108306885,0.776109516620636,0.4819481670856476,0.9360679388046265,0.41265469789505005,0.8247292041778564,-0.6170035600662231,0.982130229473114,0.5390623807907104,0.7918655872344971,0.35462161898612976,0.9206529855728149
IMG_9740 3,18,594,good,0.4821571707725525,0.38366782665252686,-0.17607679963111877,0.9999857544898987,0.4953829050064087,0.374759316444397,-0.1610771268606186,0.9999872446060181,0.5011690855026245,0.37519457936286926,-0.1612228900194168,0.9999880194664001,0.5071133375167847,0.3756515383720398,-0.1613219529390335,0.9999873042106628,0.48382535576820374,0.37318021059036255,-0.13150188326835632,0.9999822974205017,0.4812527596950531,0.37245941162109375,-0.13152888417243958,0.9999740719795227,0.478725790977478,0.3718531131744385,-0.1314457207918167,0.9999707937240601,0.5237706899642944,0.3805978298187256,-0.029526207596063614,0.9999868273735046,0.48264917731285095,0.3764396905899048,0.09999428689479828,0.9999309182167053,0.4909592270851135,0.39350125193595886,-0.12417107820510864,0.9999596476554871,0.4773191213607788,0.3922647535800934,-0.08724703639745712,0.999936044216156,0.561468780040741,0.4291837811470032,-0.10063372552394867,0.9999403953552246,0.45050275325775146,0.4335402250289917,0.2982807159423828,0.9993385672569275,0.49048033356666565,0.46582818031311035,-0.3087462782859802,0.9757269620895386,0.4163531959056854,0.4958142340183258,0.06580054759979248,0.4650248885154724,0.4819074869155884,0.4231356978416443,-0.4147699773311615,0.9696714282035828,0.418302983045578,0.4491059184074402,-0.3917941451072693,0.6860908269882202,0.47751107811927795,0.40490055084228516,-0.4710436165332794,0.9604411125183105,0.4107934236526489,0.43333664536476135,-0.4622797667980194,0.6620871424674988,0.4839964210987091,0.39993059635162354,-0.4631894528865814,0.9605231285095215,0.41018760204315186,0.42879152297973633,-0.4487791657447815,0.6536238789558411,0.4859408438205719,0.4054037034511566,-0.41219592094421387,0.942762553691864,0.4201820194721222,0.43332961201667786,-0.40192538499832153,0.6181594133377075,0.5286315083503723,0.5681818723678589,-0.16475224494934082,0.9999215602874756,0.46653565764427185,0.5700392723083496,0.16507980227470398,0.9996758699417114,0.5077496767044067,0.6756844520568848,-0.35708045959472656,0.9655319452285767,0.506559431552887,0.6751679182052612,0.2429928481578827,0.7574211359024048,0.4888782203197479,0.7993719577789307,-0.3737865388393402,0.9883491396903992,0.5812095999717712,0.7599852085113525,0.46740293502807617,0.9131594896316528,0.5016793608665466,0.8149461150169373,-0.38643914461135864,0.9659879207611084,0.6148248910903931,0.7751198410987854,0.4811992645263672,0.9358887672424316,0.41263818740844727,0.8243399262428284,-0.608566164970398,0.9819422364234924,0.5372340679168701,0.7917017340660095,0.35210415720939636,0.9204036593437195
IMG_9740 3,19,627,good,0.48184847831726074,0.38330885767936707,-0.1711808294057846,0.999985933303833,0.4953193962574005,0.37430018186569214,-0.16213510930538177,0.9999871253967285,0.5011397004127502,0.37473106384277344,-0.16226918995380402,0.9999878406524658,0.507146954536438,0.3751828074455261,-0.162350133061409,0.9999871850013733,0.4836164116859436,0.3727559447288513,-0.12786631286144257,0.9999820590019226,0.4810435473918915,0.3719950318336487,-0.12790128588676453,0.9999737739562988,0.4785901606082916,0.3713572323322296,-0.1278276890516281,0.9999709725379944,0.5237850546836853,0.380052775144577,-0.048925064504146576,0.999986469745636,0.48305171728134155,0.3759527802467346,0.09950660169124603,0.9999314546585083,0.49087122082710266,0.3929329812526703,-0.12721805274486542,0.9999608993530273,0.47720223665237427,0.3917650580406189,-0.08492100238800049,0.9999383091926575,0.5624188184738159,0.42914000153541565,-0.1263197660446167,0.9999430775642395,0.45077061653137207,0.43385428190231323,0.2986270487308502,0.9993814826011658,0.4899229407310486,0.4654344618320465,-0.36304065585136414,0.9774291515350342,0.40571531653404236,0.4906964898109436,0.09525139629840851,0.5048887133598328,0.48207300901412964,0.4170738756656647,-0.5043576955795288,0.9720785617828369,0.38553571701049805,0.4427291452884674,-0.34704068303108215,0.7134360074996948,0.47997480630874634,0.40008530020713806,-0.5663901567459106,0.9633225202560425,0.379218190908432,0.42735373973846436,-0.4150482416152954,0.6892809867858887,0.4872693717479706,0.39670461416244507,-0.5631707310676575,0.9633361101150513,0.38374772667884827,0.4233740568161011,-0.4041140377521515,0.681439220905304,0.48840224742889404,0.4013207256793976,-0.5046234130859375,0.9465934038162231,0.3889230489730835,0.4281165599822998,-0.35907286405563354,0.6479423642158508,0.528124988079071,0.5690451860427856,-0.16475029289722443,0.999917209148407,0.4658195376396179,0.5704532861709595,0.16507220268249512,0.9996697902679443,0.5077348351478577,0.6761378645896912,-0.3396654427051544,0.965100884437561,0.5061112642288208,0.6752176284790039,0.2389238178730011,0.7545110583305359,0.48894456028938293,0.7993546724319458,-0.3632480502128601,0.9882593750953674,0.5805996060371399,0.760101854801178,0.458967000246048,0.9122337698936462,0.5005235075950623,0.8149279952049255,-0.3774831295013428,0.964922308921814,0.6140782833099365,0.7754138708114624,0.473984032869339,0.9363003373146057,0.41305842995643616,0.8243878483772278,-0.6038563251495361,0.9821339845657349,0.5352595448493958,0.7913843989372253,0.34715747833251953,0.9217371344566345
IMG_9740 3,20,660,good,0.4818514287471771,0.38323062658309937,-0.159272238612175,0.9999865889549255,0.49534204602241516,0.37416306138038635,-0.15147489309310913,0.9999876022338867,0.5011476278305054,0.3746069371700287,-0.15161481499671936,0.999988317489624,0.507168710231781,0.3750694692134857,-0.1516677737236023,0.9999877214431763,0.4836226999759674,0.37253662943840027,-0.11582428216934204,0.9999825954437256,0.4810982048511505,0.371771901845932,-0.11586149781942368,0.9999747276306152,0.4787234365940094,0.37113156914711,-0.11577938497066498,0.9999721646308899,0.5238409042358398,0.3799295127391815,-0.04881773144006729,0.9999868273735046,0.4839073419570923,0.37580621242523193,0.10483364760875702,0.9999345541000366,0.4907890558242798,0.3928644061088562,-0.11943352222442627,0.9999630451202393,0.47722771763801575,0.39173659682273865,-0.07528077065944672,0.9999414682388306,0.5631530284881592,0.4291622042655945,-0.13393765687942505,0.9999468922615051,0.4528496563434601,0.4340616464614868,0.31421709060668945,0.9994164109230042,0.4894109070301056,0.4648551940917969,-0.3983815908432007,0.9791586995124817,0.39650270342826843,0.4846273958683014,0.12962894141674042,0.5382261872291565,0.48266589641571045,0.4155409336090088,-0.5709741711616516,0.9745097160339355,0.36410897970199585,0.44064271450042725,-0.3093566596508026,0.7381157875061035,0.48318278789520264,0.3973643481731415,-0.6341354846954346,0.9663305282592773,0.35491687059402466,0.42727914452552795,-0.3711528182029724,0.7143276929855347,0.49025052785873413,0.39517539739608765,-0.6333655714988708,0.9663174152374268,0.360897421836853,0.4221342206001282,-0.3620174527168274,0.707197904586792,0.4910922050476074,0.39900079369544983,-0.5724141597747803,0.9507180452346802,0.3661860227584839,0.4261246621608734,-0.3209821581840515,0.6755260825157166,0.527338981628418,0.57024747133255,-0.1655014455318451,0.9999158978462219,0.465524822473526,0.5712993144989014,0.16572894155979156,0.9996675252914429,0.506953239440918,0.678080141544342,-0.3419254720211029,0.965779721736908,0.5063498020172119,0.6774877309799194,0.2566022276878357,0.7576330900192261,0.4889661371707916,0.7998838424682617,-0.40533021092414856,0.9885571599006653,0.5857698917388916,0.7625975012779236,0.4662368595600128,0.9128485918045044,0.5006023049354553,0.8157725930213928,-0.423798143863678,0.9653800129890442,0.6156594157218933,0.7781802415847778,0.4797075688838959,0.9373555779457092,0.4126637279987335,0.8245837688446045,-0.6472102999687195,0.9825609922409058,0.5356220602989197,0.791325569152832,0.3685639500617981,0.9234625101089478
IMG_9740 3,21,693,good,0.48186203837394714,0.38323789834976196,-0.1666521281003952,0.9999844431877136,0.49535393714904785,0.37418749928474426,-0.16376681625843048,0.9999850392341614,0.5011358857154846,0.3746205270290375,-0.16391439735889435,0.9999863505363464,0.5071349740028381,0.3750738501548767,-0.16387340426445007,0.9999854564666748,0.48363685607910156,0.37256988883018494,-0.11774101108312607,0.9999781847000122,0.4811519980430603,0.37180885672569275,-0.11781315505504608,0.9999693632125854,0.4788402318954468,0.37117165327072144,-0.11783375591039658,0.9999668598175049,0.5238445997238159,0.3798506259918213,-0.09202282875776291,0.9999828934669495,0.484220951795578,0.3758254945278168,0.08088453114032745,0.9999265074729919,0.4907762408256531,0.3928292989730835,-0.13791558146476746,0.9999601244926453,0.4772967994213104,0.39170750975608826,-0.08449211716651917,0.9999351501464844,0.5640321969985962,0.42920997738838196,-0.1886017620563507,0.9999480247497559,0.45313704013824463,0.4340929687023163,0.29441365599632263,0.9994221925735474,0.4906921982765198,0.4647875130176544,-0.5265671610832214,0.9806543588638306,0.3871433734893799,0.4768253266811371,0.1796400547027588,0.5722241997718811,0.48399341106414795,0.41492924094200134,-0.8010984659194946,0.976668655872345,0.34355613589286804,0.43738892674446106,-0.19516822695732117,0.7618014216423035,0.4847090542316437,0.3981790840625763,-0.875433087348938,0.9689492583274841,0.3287079632282257,0.42197534441947937,-0.239884614944458,0.7389439940452576,0.49121907353401184,0.39546385407447815,-0.8696567416191101,0.9689007997512817,0.33398884534835815,0.4166800379753113,-0.24333660304546356,0.7326201796531677,0.4918948709964752,0.39913150668144226,-0.8032141327857971,0.9541949033737183,0.34128689765930176,0.4221084713935852,-0.21019455790519714,0.70313960313797,0.5268966555595398,0.5707248449325562,-0.16913916170597076,0.9999027252197266,0.46544426679611206,0.5715909004211426,0.169206902384758,0.9996334314346313,0.5067633390426636,0.6784222722053528,-0.34219861030578613,0.9651197791099548,0.5064408779144287,0.6778223514556885,0.270849347114563,0.7558541297912598,0.4889940023422241,0.8001357913017273,-0.40122902393341064,0.988778829574585,0.5869404673576355,0.7628490924835205,0.4831636846065521,0.9112764596939087,0.5007445812225342,0.8163657784461975,-0.41906818747520447,0.9657793641090393,0.6156265139579773,0.7781993746757507,0.495949923992157,0.936983585357666,0.4128805994987488,0.8246325254440308,-0.6427567601203918,0.9831017851829529,0.5375111699104309,0.7909573316574097,0.3864893317222595,0.9248031377792358
IMG_9740 3,22,726,good,0.48208698630332947,0.38317856192588806,-0.1716195046901703,0.999976396560669,0.4955866038799286,0.3741811513900757,-0.16620828211307526,0.9999784231185913,0.5013939142227173,0.37461501359939575,-0.16636207699775696,0.9999808669090271,0.5074297785758972,0.3750683665275574,-0.16636471450328827,0.9999797344207764,0.4838857650756836,0.3725634217262268,-0.1251373589038849,0.999965488910675,0.48139387369155884,0.371808797121048,-0.12518678605556488,0.9999524354934692,0.4791165292263031,0.37117433547973633,-0.12515991926193237,0.9999514222145081,0.523900032043457,0.37984418869018555,-0.08314841240644455,0.9999750852584839,0.4844651520252228,0.375827819108963,0.07654840499162674,0.9999074935913086,0.49111396074295044,0.3927372992038727,-0.1382128745317459,0.9999502301216125,0.47754037380218506,0.391583651304245,-0.08732043206691742,0.9999158382415771,0.5649343132972717,0.4292278289794922,-0.1895635575056076,0.9999474883079529,0.4516056776046753,0.43414467573165894,0.28864049911499023,0.999398946762085,0.49239203333854675,0.4625168740749359,-0.5770836472511292,0.9819045066833496,0.38233473896980286,0.46641039848327637,0.26994428038597107,0.5902611017227173,0.4851508140563965,0.4140546917915344,-0.9022818803787231,0.978602409362793,0.3228171765804291,0.4289853870868683,0.023977013304829597,0.7802680134773254,0.48577186465263367,0.39768677949905396,-0.9842367768287659,0.9713084101676941,0.3009144365787506,0.4135865867137909,-0.001822525868192315,0.7577765583992004,0.4919204115867615,0.39539214968681335,-0.975062370300293,0.9712176322937012,0.3073204457759857,0.4106774926185608,-0.02126997523009777,0.7524929046630859,0.4925447702407837,0.3990404009819031,-0.9061279296875,0.9573343396186829,0.31554582715034485,0.4156471788883209,0.004769783932715654,0.7252728343009949,0.5269186496734619,0.5707354545593262,-0.16906426846981049,0.999886691570282,0.46435171365737915,0.5716758966445923,0.16915850341320038,0.999589204788208,0.5069738626480103,0.6786909103393555,-0.33088886737823486,0.9621686339378357,0.5053965449333191,0.6778891682624817,0.1763557493686676,0.7473932504653931,0.48909658193588257,0.8001269698143005,-0.3706890046596527,0.9881550073623657,0.5869735479354858,0.7633070349693298,0.33642858266830444,0.9080538153648376,0.5008710622787476,0.8163225650787354,-0.3878360986709595,0.9638155102729797,0.6156436800956726,0.7788251042366028,0.3425115644931793,0.9348397254943848,0.41509687900543213,0.8244309425354004,-0.6067781448364258,0.9831249117851257,0.5375881195068359,0.7908925414085388,0.21804258227348328,0.9257129430770874
IMG_9740 3,23,759,good,0.48232167959213257,0.3823660910129547,-0.11590516567230225,0.9999602437019348,0.4961596429347992,0.3737742602825165,-0.10981637239456177,0.9999662041664124,0.5022001266479492,0.3742275834083557,-0.10998746007680893,0.9999701380729675,0.5084202289581299,0.3746974468231201,-0.11004313826560974,0.9999687075614929,0.48414069414138794,0.372121125459671,-0.07386784255504608,0.9999395608901978,0.4814889430999756,0.3713745176792145,-0.07387789338827133,0.9999148845672607,0.4791629910469055,0.3707316815853119,-0.07380636036396027,0.9999191164970398,0.5243232846260071,0.379733145236969,-0.03299893066287041,0.9999620318412781,0.4844765067100525,0.3755098581314087,0.12459947168827057,0.999872624874115,0.4913632571697235,0.3920425474643707,-0.0855170339345932,0.9999282956123352,0.47752460837364197,0.3906920850276947,-0.03938639163970947,0.9998785853385925,0.5653783679008484,0.428683876991272,-0.17055639624595642,0.9999436140060425,0.44678306579589844,0.4329559803009033,0.306722491979599,0.9993562698364258,0.49878257513046265,0.4531100392341614,-0.5843052864074707,0.9817608594894409,0.3726939260959625,0.4515056014060974,0.39252594113349915,0.6055274605751038,0.4858874976634979,0.41442033648490906,-0.974480390548706,0.9797874093055725,0.2974995970726013,0.42051833868026733,0.25705310702323914,0.7969065308570862,0.48629677295684814,0.3987317979335785,-1.0700280666351318,0.9729098081588745,0.2677159607410431,0.40775981545448303,0.24098287522792816,0.7753039002418518,0.49209678173065186,0.3980526030063629,-1.0680164098739624,0.9727819561958313,0.27336418628692627,0.4050724506378174,0.20254525542259216,0.7713123559951782,0.4926627278327942,0.4006704092025757,-0.9845021367073059,0.95945143699646,0.28433987498283386,0.4100046753883362,0.2319260984659195,0.7466266751289368,0.5269361734390259,0.5704184174537659,-0.1672804206609726,0.9998825192451477,0.4618113934993744,0.5710227489471436,0.1673189401626587,0.9995748996734619,0.5077036023139954,0.6772655248641968,-0.3327394723892212,0.9601108431816101,0.5040082335472107,0.676150381565094,0.1504988670349121,0.7367396354675293,0.4894249141216278,0.7984631061553955,-0.3725508153438568,0.9876137971878052,0.5862095952033997,0.7616193890571594,0.307926207780838,0.9038769006729126,0.500603199005127,0.8159615993499756,-0.3892679214477539,0.9624521136283875,0.6180448532104492,0.7753520607948303,0.31397175788879395,0.9300467371940613,0.41630542278289795,0.8238767981529236,-0.6060847640037537,0.9829136729240417,0.5380679965019226,0.7886514067649841,0.1927521824836731,0.9251090288162231
IMG_9740 3,24,792,good,0.4831368327140808,0.38151952624320984,-0.06871061027050018,0.9999524354934692,0.4970109164714813,0.3730033338069916,-0.06547755748033524,0.9999586343765259,0.5030794739723206,0.37338539958000183,-0.0656522586941719,0.9999635219573975,0.5093240737915039,0.37386274337768555,-0.06570906937122345,0.9999620914459229,0.4849068522453308,0.37160417437553406,-0.02951737307012081,0.9999231100082397,0.48209014534950256,0.37094831466674805,-0.029507381841540337,0.9998898506164551,0.47952231764793396,0.37036046385765076,-0.029411742463707924,0.9998983144760132,0.5248510837554932,0.3791384696960449,0.002132715191692114,0.9999558329582214,0.484883576631546,0.3751924932003021,0.16280190646648407,0.9998502135276794,0.49203604459762573,0.39118096232414246,-0.04204005002975464,0.9999149441719055,0.4777902066707611,0.390024870634079,0.004625690635293722,0.9998569488525391,0.5660982728004456,0.4282689690589905,-0.1691075563430786,0.9999423027038574,0.44559651613235474,0.4303745627403259,0.3446740210056305,0.9993543028831482,0.4984055757522583,0.4486059844493866,-0.5379837155342102,0.9815129637718201,0.36301687359809875,0.44364383816719055,0.44584202766418457,0.6310383677482605,0.48580434918403625,0.4225216209888458,-0.88910973072052,0.9807506799697876,0.27370336651802063,0.412600576877594,0.32754719257354736,0.8142325282096863,0.48176252841949463,0.4172937273979187,-0.9829676747322083,0.9742069840431213,0.2428128868341446,0.4043467342853546,0.31018534302711487,0.7933594584465027,0.48369351029396057,0.41278204321861267,-0.990595817565918,0.9740666747093201,0.244339719414711,0.40216898918151855,0.26461532711982727,0.7903344631195068,0.4802178144454956,0.41444408893585205,-0.9024481177330017,0.9613149166107178,0.25473880767822266,0.4050620198249817,0.2987263798713684,0.7680686712265015,0.5269573330879211,0.570392370223999,-0.16704653203487396,0.9998742341995239,0.4597693681716919,0.570978581905365,0.16706447303295135,0.9995745420455933,0.5096520185470581,0.6770680546760559,-0.31981733441352844,0.9584001302719116,0.5030716061592102,0.6760339140892029,0.14466015994548798,0.7369756698608398,0.48998990654945374,0.7968643307685852,-0.3525965213775635,0.9870242476463318,0.5849370360374451,0.7615911960601807,0.27455687522888184,0.9035443663597107,0.5009633302688599,0.8154862523078918,-0.3658495247364044,0.9617988467216492,0.61822110414505,0.7772039175033569,0.27753692865371704,0.927053689956665,0.41787686944007874,0.8237918615341187,-0.5631280541419983,0.9827851057052612,0.5381041765213013,0.7886400818824768,0.15776433050632477,0.9262923002243042
IMG_9740 3,25,826,good,0.48314332962036133,0.3813624978065491,-0.023699648678302765,0.9999487996101379,0.4970531463623047,0.37289419770240784,-0.028476368635892868,0.9999547004699707,0.5030823945999146,0.3732413053512573,-0.028624223545193672,0.9999600648880005,0.5093104839324951,0.3736885190010071,-0.028654994443058968,0.9999589323997498,0.48517224192619324,0.3715624511241913,0.010571612045168877,0.9999129176139832,0.4824329614639282,0.3709065914154053,0.010581377893686295,0.999874472618103,0.4799172282218933,0.3703157305717468,0.010655911639332771,0.9998859763145447,0.5248500108718872,0.3788197934627533,0.011156285181641579,0.9999524354934692,0.4859693646430969,0.3750571608543396,0.18377666175365448,0.9998410940170288,0.4920494854450226,0.39086681604385376,-0.00702687120065093,0.9999096393585205,0.4778074622154236,0.38978850841522217,0.04327898100018501,0.9998480677604675,0.5667232871055603,0.4277821183204651,-0.1647409349679947,0.9999440908432007,0.44443318247795105,0.4280146658420563,0.35472431778907776,0.9993789792060852,0.5015987753868103,0.4451860785484314,-0.5409665703773499,0.9817491173744202,0.3586404025554657,0.4344998002052307,0.47791358828544617,0.6578906774520874,0.4869323670864105,0.4237654209136963,-0.8879200220108032,0.9819642305374146,0.26493728160858154,0.4099034070968628,0.40578195452690125,0.8305463194847107,0.4842299818992615,0.4170076251029968,-0.9781904220581055,0.975777804851532,0.23242098093032837,0.4038838744163513,0.39783668518066406,0.8104391098022461,0.48444807529449463,0.41215643286705017,-0.9847319722175598,0.9756160378456116,0.2315472513437271,0.4025157690048218,0.34996354579925537,0.808178186416626,0.48438557982444763,0.4140971899032593,-0.9002878069877625,0.9635743498802185,0.2426164746284485,0.40508514642715454,0.3773046135902405,0.7881429195404053,0.5272329449653625,0.5703975558280945,-0.1672545224428177,0.9998726844787598,0.45857876539230347,0.5709751844406128,0.16725972294807434,0.9995829463005066,0.5101131796836853,0.6779314279556274,-0.3161375820636749,0.9553562998771667,0.5028833746910095,0.6762030124664307,0.1583179533481598,0.7324457168579102,0.4904962480068207,0.796902596950531,-0.3556007146835327,0.9861536026000977,0.5864909887313843,0.7637190222740173,0.2836368680000305,0.8999221920967102,0.5012574195861816,0.8156675696372986,-0.36878618597984314,0.9607321619987488,0.618164598941803,0.7798518538475037,0.2868153750896454,0.9221879839897156,0.41798901557922363,0.8243986368179321,-0.570967972278595,0.9824922680854797,0.5381287932395935,0.789350152015686,0.1746147722005844,0.9262001514434814
IMG_9740 3,26,859,good,0.48359763622283936,0.38128042221069336,-0.023849157616496086,0.9999494552612305,0.49776697158813477,0.37284064292907715,-0.023013168945908546,0.9999541640281677,0.503600001335144,0.3731949031352997,-0.023134874179959297,0.9999595880508423,0.5097329616546631,0.3736552596092224,-0.02315245382487774,0.9999586343765259,0.486328125,0.3714900612831116,0.014032931998372078,0.9999107718467712,0.48373153805732727,0.3708191215991974,0.014020237140357494,0.9998704195022583,0.4812869131565094,0.37020623683929443,0.01409289799630642,0.9998829960823059,0.5250181555747986,0.3787519037723541,0.03643842041492462,0.9999521970748901,0.4871976971626282,0.3748807907104492,0.19934922456741333,0.9998391270637512,0.49232161045074463,0.39079320430755615,0.0002476802619639784,0.9999103546142578,0.4784206748008728,0.38968363404273987,0.047194309532642365,0.9998502135276794,0.5675354599952698,0.42778629064559937,-0.11905979365110397,0.9999470114707947,0.44221383333206177,0.4258924722671509,0.36537089943885803,0.999416172504425,0.5010337829589844,0.44747743010520935,-0.5050820708274841,0.982487678527832,0.350313663482666,0.42717987298965454,0.41959118843078613,0.6827785968780518,0.4868679940700531,0.4237811863422394,-0.8199511766433716,0.9832794666290283,0.25652340054512024,0.4081365168094635,0.24907562136650085,0.84523606300354,0.4824148118495941,0.4159338176250458,-0.909298837184906,0.9774400591850281,0.22467076778411865,0.4035886824131012,0.2247077375650406,0.8258170485496521,0.48312050104141235,0.411167711019516,-0.9122575521469116,0.9772540926933289,0.2210528552532196,0.40275025367736816,0.18299274146556854,0.8242265582084656,0.48596543073654175,0.41333240270614624,-0.8297703266143799,0.9659190773963928,0.23108698427677155,0.40520212054252625,0.2205401360988617,0.8063105940818787,0.5275562405586243,0.5703498721122742,-0.16212819516658783,0.9998776316642761,0.4577711820602417,0.5707899332046509,0.16211411356925964,0.9996047616004944,0.5105897784233093,0.6772232055664062,-0.316971093416214,0.954086422920227,0.5025101900100708,0.6755445003509521,0.15403926372528076,0.7283357977867126,0.49050599336624146,0.7969387173652649,-0.3874371349811554,0.9857022762298584,0.5863097906112671,0.763245701789856,0.29922568798065186,0.8962875604629517,0.5012916326522827,0.8156557083129883,-0.40296119451522827,0.9596064686775208,0.6164676547050476,0.7790809869766235,0.3049205243587494,0.9166141152381897,0.4181787073612213,0.8243921399116516,-0.6074322462081909,0.9825498461723328,0.5417820811271667,0.7892162799835205,0.18993623554706573,0.9254743456840515
IMG_9740 3,27,892,good,0.4839930832386017,0.3816635012626648,-0.02194015122950077,0.9999452829360962,0.49813804030418396,0.3732132613658905,-0.02535378932952881,0.9999477863311768,0.5038724541664124,0.3735622465610504,-0.025476936250925064,0.9999532699584961,0.5098544359207153,0.3740060329437256,-0.025510523468255997,0.9999530911445618,0.4872187376022339,0.37185633182525635,0.011595423333346844,0.9998962879180908,0.4848839044570923,0.37115660309791565,0.011592964641749859,0.9998459219932556,0.48263832926750183,0.37049540877342224,0.011657383292913437,0.999862790107727,0.5250123143196106,0.37891411781311035,0.027232222259044647,0.9999462366104126,0.48835110664367676,0.3750123977661133,0.1902574598789215,0.9998168349266052,0.4926338493824005,0.39129576086997986,0.0009122793562710285,0.9999032020568848,0.47895315289497375,0.3900699019432068,0.04803710803389549,0.9998412728309631,0.5676282048225403,0.4277612566947937,-0.11235600709915161,0.9999485611915588,0.4418967366218567,0.42352330684661865,0.35953962802886963,0.9994499087333679,0.5026534795761108,0.4486256539821625,-0.49196651577949524,0.9824249148368835,0.34551483392715454,0.4231715798377991,0.4171639680862427,0.7070409655570984,0.4863888919353485,0.4287870526313782,-0.811963677406311,0.983992338180542,0.24924920499324799,0.4068903923034668,0.2641665041446686,0.8582713603973389,0.4792979955673218,0.42162805795669556,-0.9025757312774658,0.9783775806427002,0.2168896645307541,0.40432026982307434,0.24028074741363525,0.8390653729438782,0.47964245080947876,0.417216956615448,-0.9003874659538269,0.9781076908111572,0.21407608687877655,0.4039108455181122,0.18973995745182037,0.8381844162940979,0.48603272438049316,0.4183982014656067,-0.8199777007102966,0.9671338796615601,0.22417791187763214,0.4059825539588928,0.23183754086494446,0.8222956657409668,0.527451753616333,0.5703307390213013,-0.16083990037441254,0.999879002571106,0.4563278257846832,0.57071453332901,0.16086074709892273,0.9996143579483032,0.510895848274231,0.6765974164009094,-0.31899577379226685,0.9525864124298096,0.5025604367256165,0.6747683882713318,0.14543651044368744,0.7243441343307495,0.49047523736953735,0.7969682812690735,-0.38535675406455994,0.9851557016372681,0.5859054327011108,0.7625537514686584,0.28706496953964233,0.8918757438659668,0.5012311339378357,0.8156449198722839,-0.4005758762359619,0.9583464860916138,0.6153756976127625,0.778573751449585,0.2931927740573883,0.9117235541343689,0.4184603691101074,0.8244891166687012,-0.6050757169723511,0.982340395450592,0.5453510880470276,0.7893676161766052,0.18018245697021484,0.9241039752960205
IMG_9740 3,28,925,good,0.4839979410171509,0.3818444311618805,-0.021752996370196342,0.9999468922615051,0.4981519281864166,0.37334689497947693,-0.02623547613620758,0.9999486804008484,0.5038751363754272,0.3736843168735504,-0.026353558525443077,0.9999537467956543,0.5098394155502319,0.37411001324653625,-0.02638048492372036,0.9999537467956543,0.48744019865989685,0.37199339270591736,0.01207154244184494,0.9998971223831177,0.4852339029312134,0.3712726831436157,0.012071454897522926,0.9998462200164795,0.48310089111328125,0.37057939171791077,0.012124098837375641,0.9998636245727539,0.5250058174133301,0.3789266347885132,0.02164999209344387,0.9999468922615051,0.48892003297805786,0.3750166893005371,0.18928979337215424,0.9998214840888977,0.49262547492980957,0.39154261350631714,-0.0005664394702762365,0.9999054670333862,0.4790167808532715,0.39030030369758606,0.048050880432128906,0.9998467564582825,0.568207323551178,0.42777279019355774,-0.10937909036874771,0.9999509453773499,0.4414100646972656,0.4215773046016693,0.35552528500556946,0.9994895458221436,0.5036385655403137,0.45003068447113037,-0.48901569843292236,0.9829863905906677,0.341126024723053,0.4200412631034851,0.43714386224746704,0.7302073836326599,0.48586413264274597,0.4279010593891144,-0.8209414482116699,0.9851365089416504,0.24567317962646484,0.4072303771972656,0.3085871934890747,0.8706533312797546,0.4790654480457306,0.4194512963294983,-0.9107319116592407,0.9798246622085571,0.20876844227313995,0.40527015924453735,0.29152315855026245,0.8520218729972839,0.47994372248649597,0.4152694642543793,-0.9063553810119629,0.9795259833335876,0.20967286825180054,0.40511849522590637,0.23749126493930817,0.8516494631767273,0.4863351285457611,0.41694176197052,-0.8280484676361084,0.9691573977470398,0.21958200633525848,0.4070517420768738,0.27625522017478943,0.8375095725059509,0.5272113084793091,0.570324182510376,-0.15893495082855225,0.9998813271522522,0.45504310727119446,0.5703284740447998,0.1589461863040924,0.9996283650398254,0.5117826461791992,0.6772557497024536,-0.3151504695415497,0.9490419626235962,0.5029286742210388,0.67478346824646,0.138180211186409,0.715663731098175,0.4904959797859192,0.7970241904258728,-0.3823889493942261,0.983679473400116,0.5866237878799438,0.7639448642730713,0.26021841168403625,0.8836462497711182,0.5012020468711853,0.8156483769416809,-0.39753636717796326,0.9558666944503784,0.615140438079834,0.7807777523994446,0.26460403203964233,0.9032590389251709,0.41783031821250916,0.8246891498565674,-0.5951674580574036,0.9814754724502563,0.5452237129211426,0.7908293008804321,0.14737574756145477,0.9209935665130615
IMG_9740 3,29,958,good,0.48431769013404846,0.38187140226364136,-0.047653697431087494,0.9999447464942932,0.4988206624984741,0.37339988350868225,-0.04776440188288689,0.9999452829360962,0.5048134326934814,0.3737650513648987,-0.04789167270064354,0.9999502301216125,0.5109160542488098,0.3742184340953827,-0.04793165996670723,0.9999503493309021,0.48761290311813354,0.37200671434402466,-0.011128640733659267,0.9998912811279297,0.4852697253227234,0.37127894163131714,-0.011136545799672604,0.9998366236686707,0.48309212923049927,0.3705903887748718,-0.011072054505348206,0.9998562932014465,0.5255909562110901,0.37909218668937683,0.03460065647959709,0.9999440908432007,0.4887091815471649,0.37502196431159973,0.18610833585262299,0.9998129606246948,0.4929651916027069,0.391786128282547,-0.02010771445930004,0.9999045133590698,0.47902289032936096,0.39037877321243286,0.025975637137889862,0.9998475909233093,0.5682781934738159,0.427990585565567,-0.0879783183336258,0.9999516606330872,0.4373554587364197,0.42125511169433594,0.35920271277427673,0.9995154738426208,0.5046399235725403,0.4505263566970825,-0.48702630400657654,0.9833230376243591,0.3373361825942993,0.4197605550289154,0.40657687187194824,0.7436043620109558,0.4846688210964203,0.42840731143951416,-0.8188493251800537,0.985566258430481,0.24896471202373505,0.4089512526988983,0.18002112209796906,0.8788847923278809,0.4728045165538788,0.4203914999961853,-0.9129695296287537,0.9802678823471069,0.21462734043598175,0.4062499403953552,0.1348412036895752,0.8601136803627014,0.47448787093162537,0.41541236639022827,-0.9083583950996399,0.9799184203147888,0.21337179839611053,0.4060039520263672,0.08709723502397537,0.8605690598487854,0.4747210443019867,0.4175106883049011,-0.8257998824119568,0.9695239663124084,0.22131533920764923,0.4079684317111969,0.1440168023109436,0.8482731580734253,0.5270084738731384,0.5705293416976929,-0.15453772246837616,0.9998818635940552,0.45262014865875244,0.5704036951065063,0.1546194702386856,0.999638557434082,0.5120387077331543,0.6784282326698303,-0.33323124051094055,0.9482227563858032,0.5029417276382446,0.6749876737594604,0.13387137651443481,0.709946870803833,0.4906613826751709,0.7972525954246521,-0.38937997817993164,0.9835525155067444,0.5866125822067261,0.7639633417129517,0.2783847153186798,0.8810940384864807,0.5010424852371216,0.8156852722167969,-0.4043444097042084,0.9548759460449219,0.6126182079315186,0.780687153339386,0.2781403660774231,0.9003134965896606,0.4161534011363983,0.8248742818832397,-0.6286754608154297,0.9814409017562866,0.5451725125312805,0.7908143997192383,0.1773938536643982,0.9196542501449585
IMG_9740 3,30,991,good,0.48467135429382324,0.3822633624076843,-0.05846128612756729,0.999945878982544,0.4991879463195801,0.37373900413513184,-0.0567203089594841,0.9999445080757141,0.5050429701805115,0.37411022186279297,-0.05684708058834076,0.99994957447052,0.5110126733779907,0.3745670020580292,-0.05688478797674179,0.9999492168426514,0.48827609419822693,0.37224137783050537,-0.020660175010561943,0.9998895525932312,0.4860880970954895,0.371446818113327,-0.020672468468546867,0.9998341202735901,0.48400798439979553,0.3706909418106079,-0.02060558833181858,0.9998534321784973,0.5255905389785767,0.3793064057826996,0.024533668532967567,0.9999414086341858,0.48895180225372314,0.37503892183303833,0.18193872272968292,0.9998119473457336,0.4930952191352844,0.39215269684791565,-0.028712410479784012,0.9999040365219116,0.4795611798763275,0.3906046152114868,0.01679176837205887,0.9998496174812317,0.5683621168136597,0.4280051290988922,-0.09425409138202667,0.9999529719352722,0.4372730553150177,0.4216139018535614,0.34925907850265503,0.999544084072113,0.5043540000915527,0.45452070236206055,-0.47992801666259766,0.9837743639945984,0.33985406160354614,0.42174962162971497,0.41683003306388855,0.7639324069023132,0.4837500751018524,0.4270000159740448,-0.8079147934913635,0.9865397214889526,0.2454267144203186,0.4084242880344391,0.27457842230796814,0.8896304965019226,0.4726067781448364,0.4162602424621582,-0.8989028334617615,0.9814875721931458,0.2125881016254425,0.4064338505268097,0.25529441237449646,0.8716773390769958,0.4751902222633362,0.4103055000305176,-0.8948845863342285,0.9811336994171143,0.2113002985715866,0.4062791168689728,0.20325759053230286,0.8724161386489868,0.4781847298145294,0.41534462571144104,-0.8153290152549744,0.97129225730896,0.21986493468284607,0.4081086218357086,0.24333909153938293,0.8614341020584106,0.5268971920013428,0.5708361864089966,-0.15191996097564697,0.9998859763145447,0.45278802514076233,0.5704618096351624,0.15202295780181885,0.9996503591537476,0.511960506439209,0.6784209609031677,-0.34058046340942383,0.9488072395324707,0.5029819011688232,0.6751198172569275,0.18204620480537415,0.7056546807289124,0.4906713366508484,0.7979182004928589,-0.419251412153244,0.9838200211524963,0.5867629051208496,0.7618343234062195,0.37281331419944763,0.8763801455497742,0.5009607076644897,0.8162283897399902,-0.43594059348106384,0.9555966854095459,0.6117044687271118,0.7758743166923523,0.38270464539527893,0.8949037790298462,0.4156532883644104,0.8250174522399902,-0.6494604349136353,0.9819962382316589,0.545095682144165,0.7877377867698669,0.2761314809322357,0.9177687764167786
IMG_9740 3,31,1024,good,0.4846089780330658,0.3826769292354584,-0.05299919843673706,0.9999480843544006,0.49918827414512634,0.3741277754306793,-0.04969554394483566,0.9999455213546753,0.5050359964370728,0.37451091408729553,-0.04979918897151947,0.9999504089355469,0.5109803080558777,0.3749740421772003,-0.04981936141848564,0.9999498128890991,0.48828643560409546,0.372548371553421,-0.015165762044489384,0.9998915791511536,0.48610714077949524,0.37169069051742554,-0.01518242247402668,0.999836802482605,0.48402947187423706,0.3708691895008087,-0.015132695436477661,0.9998556971549988,0.5255590677261353,0.37962648272514343,0.02862703427672386,0.9999415874481201,0.48899537324905396,0.37511277198791504,0.1802598387002945,0.999817430973053,0.49302205443382263,0.392476350069046,-0.022316349670290947,0.9999054074287415,0.4795467257499695,0.3908746540546417,0.02131291851401329,0.999854564666748,0.5683633089065552,0.42821815609931946,-0.07859346270561218,0.9999541640281677,0.43690982460975647,0.4220016300678253,0.3481357991695404,0.9995730519294739,0.504134476184845,0.4574533998966217,-0.4543345272541046,0.9842419624328613,0.3395783603191376,0.42274293303489685,0.429278165102005,0.7823324203491211,0.483766108751297,0.4225594997406006,-0.7966044545173645,0.9874688386917114,0.24128375947475433,0.40860188007354736,0.2994213104248047,0.8993398547172546,0.47315919399261475,0.4111291170120239,-0.8837789297103882,0.9826464056968689,0.20679478347301483,0.40668848156929016,0.28073588013648987,0.881992518901825,0.48423683643341064,0.40506112575531006,-0.8815213441848755,0.9822809100151062,0.20825432240962982,0.40655452013015747,0.22800669074058533,0.8829978704452515,0.48412731289863586,0.4096159338951111,-0.8034616112709045,0.9730032682418823,0.21747846901416779,0.4083622694015503,0.2679571509361267,0.8732441067695618,0.5265421271324158,0.5709647536277771,-0.14510805904865265,0.9998903274536133,0.4518190622329712,0.5705925822257996,0.14524157345294952,0.9996640086174011,0.5124697685241699,0.6784100532531738,-0.33845874667167664,0.9496762752532959,0.5010634660720825,0.6751530170440674,0.1715373992919922,0.7074265480041504,0.489805668592453,0.7982220649719238,-0.40925389528274536,0.9839754104614258,0.5837744474411011,0.7585102915763855,0.3714447021484375,0.8752363920211792,0.5004238486289978,0.8164697289466858,-0.42501869797706604,0.9552154541015625,0.6126111745834351,0.7746966481208801,0.38010814785957336,0.8917940855026245,0.4157162010669708,0.8250822424888611,-0.6372588872909546,0.9823475480079651,0.5463158488273621,0.7869142889976501,0.2681153118610382,0.9177389740943909
IMG_9740 3,32,1057,good,0.4837498962879181,0.3827195167541504,-0.04600509628653526,0.9999467730522156,0.4984794855117798,0.3741684854030609,-0.046196844428777695,0.9999434947967529,0.5042319893836975,0.37455400824546814,-0.04629901424050331,0.9999486804008484,0.5100666880607605,0.375020831823349,-0.04631544649600983,0.9999479055404663,0.4880205988883972,0.3725886344909668,-0.009777828119695187,0.9998860955238342,0.4859621524810791,0.37173041701316833,-0.00978782307356596,0.9998292326927185,0.48396623134613037,0.370903879404068,-0.009725862182676792,0.999849259853363,0.5251683592796326,0.37976545095443726,0.02518537826836109,0.9999387860298157,0.4891020655632019,0.3751787543296814,0.1776636391878128,0.9998141527175903,0.49206283688545227,0.39247897267341614,-0.02102329023182392,0.999903678894043,0.4790474772453308,0.39088162779808044,0.02531283162534237,0.9998534321784973,0.5683636665344238,0.4282281696796417,-0.09377036988735199,0.9999551773071289,0.43662071228027344,0.42223748564720154,0.3473864197731018,0.9995917677879333,0.5047085285186768,0.45750725269317627,-0.5016099214553833,0.9844484925270081,0.34009021520614624,0.4246942102909088,0.45281103253364563,0.7986588478088379,0.4840806722640991,0.4226130247116089,-0.8689160346984863,0.9881902933120728,0.24126030504703522,0.4097210764884949,0.36146828532218933,0.908072829246521,0.4783836007118225,0.4121737778186798,-0.961741030216217,0.983578085899353,0.21040572226047516,0.4073111116886139,0.34915339946746826,0.8913373947143555,0.48571455478668213,0.4060027599334717,-0.9586902856826782,0.9832206964492798,0.2107924073934555,0.4069750905036926,0.29820987582206726,0.8925689458847046,0.48624393343925476,0.40973684191703796,-0.8778429627418518,0.9743905067443848,0.21925631165504456,0.40880686044692993,0.33168983459472656,0.8838098049163818,0.5262073874473572,0.5715801119804382,-0.14755412936210632,0.99989253282547,0.4517638683319092,0.5717930793762207,0.14769142866134644,0.9996687173843384,0.5126829743385315,0.678493082523346,-0.33799636363983154,0.9510533213615417,0.5005043148994446,0.6755473613739014,0.19887208938598633,0.7116712927818298,0.4907095432281494,0.7982363700866699,-0.40477311611175537,0.9846314191818237,0.5838077068328857,0.7581018209457397,0.38403382897377014,0.8765732645988464,0.5019057393074036,0.8156598210334778,-0.4203018546104431,0.9565773010253906,0.619486927986145,0.7724491357803345,0.3930380046367645,0.8917038440704346,0.41844192147254944,0.824981153011322,-0.6344396471977234,0.9831494092941284,0.5462229251861572,0.786945104598999,0.28779950737953186,0.9196009039878845
IMG_9740 3,33,1090,good,0.48375678062438965,0.38283783197402954,-0.05113346129655838,0.9999483823776245,0.498507022857666,0.3742404282093048,-0.047487013041973114,0.9999446272850037,0.5042613744735718,0.3746197819709778,-0.04758715257048607,0.9999499320983887,0.5101040601730347,0.37507495284080505,-0.047584958374500275,0.9999489188194275,0.4880228042602539,0.37265780568122864,-0.013690690509974957,0.9998875856399536,0.48595693707466125,0.37178006768226624,-0.013702665455639362,0.999832272529602,0.4839598536491394,0.3709380626678467,-0.013645131140947342,0.999851644039154,0.5251818895339966,0.37977075576782227,0.022175651043653488,0.9999396204948425,0.48913711309432983,0.3751707077026367,0.17306584119796753,0.9998193979263306,0.4920709729194641,0.39252644777297974,-0.024357173591852188,0.9999052882194519,0.479049414396286,0.39099499583244324,0.018980784341692924,0.9998564124107361,0.5684669017791748,0.4280667006969452,-0.09455562382936478,0.9999572038650513,0.43684202432632446,0.42238301038742065,0.34690025448799133,0.9996059536933899,0.5045623779296875,0.45943447947502136,-0.49553540349006653,0.9851395487785339,0.34214818477630615,0.42677995562553406,0.4775305986404419,0.8114808797836304,0.4840715825557709,0.4219728708267212,-0.8348116278648376,0.9890909790992737,0.24521397054195404,0.4104728400707245,0.40884092450141907,0.9160073399543762,0.47889748215675354,0.4110619127750397,-0.9237427711486816,0.9847315549850464,0.2141297161579132,0.40771934390068054,0.4011180102825165,0.899995744228363,0.4904656410217285,0.4052242636680603,-0.9224941730499268,0.9843973517417908,0.21441684663295746,0.40721872448921204,0.3527054488658905,0.9013948440551758,0.4887365698814392,0.4091230630874634,-0.8435829877853394,0.9761611223220825,0.22344645857810974,0.4091132879257202,0.38111209869384766,0.8935247659683228,0.5255546569824219,0.5715736746788025,-0.14819736778736115,0.9998931884765625,0.45130661129951477,0.5717313289642334,0.14833490550518036,0.9996715784072876,0.5126376748085022,0.6784871816635132,-0.3251791000366211,0.9520531296730042,0.49996647238731384,0.6755525469779968,0.1959826499223709,0.7153717875480652,0.4908052086830139,0.7982428669929504,-0.3841656744480133,0.9851266741752625,0.5838692784309387,0.7581258416175842,0.3804706335067749,0.8784584999084473,0.5017035007476807,0.8149135112762451,-0.39893680810928345,0.9574565887451172,0.6154965162277222,0.771855354309082,0.3884934186935425,0.892108678817749,0.41840049624443054,0.8249809145927429,-0.6032938361167908,0.9837666749954224,0.5461440682411194,0.7869859933853149,0.27279898524284363,0.9215856194496155
IMG_9740 3,34,1123,good,0.48391208052635193,0.38259074091911316,-0.04170927777886391,0.9999510049819946,0.4987885653972626,0.3741135001182556,-0.03155196085572243,0.9999472498893738,0.5046144127845764,0.3745172917842865,-0.03166044503450394,0.9999524354934692,0.5105050802230835,0.37497881054878235,-0.031673185527324677,0.9999513030052185,0.48804304003715515,0.37254825234413147,-0.00034063332714140415,0.9998926520347595,0.4859524667263031,0.37168774008750916,-0.0003625594836194068,0.9998404383659363,0.483908087015152,0.37087151408195496,-0.0002734690788201988,0.9998590350151062,0.5253180861473083,0.37971094250679016,0.05649665370583534,0.9999423027038574,0.4888371229171753,0.37511640787124634,0.19316412508487701,0.9998286962509155,0.4922367334365845,0.3921809494495392,-0.01023771520704031,0.9999094009399414,0.47904443740844727,0.3907034397125244,0.02973279170691967,0.9998629093170166,0.568488597869873,0.4282362163066864,-0.07665964961051941,0.9999591708183289,0.4358105957508087,0.42299801111221313,0.36326608061790466,0.9996228814125061,0.5044596195220947,0.459439218044281,-0.4931786358356476,0.9856651425361633,0.34289631247520447,0.4304623007774353,0.49199265241622925,0.8237408399581909,0.484238862991333,0.4218447804450989,-0.849816620349884,0.9898291826248169,0.24738658964633942,0.41148796677589417,0.4256114959716797,0.9232313632965088,0.4803847670555115,0.4101021885871887,-0.942536473274231,0.9856821298599243,0.2165982723236084,0.4079579710960388,0.4159133732318878,0.907871425151825,0.4915631413459778,0.4044378697872162,-0.940642774105072,0.9853703379631042,0.21863865852355957,0.40744832158088684,0.37094739079475403,0.9094051122665405,0.48971065878868103,0.4090399742126465,-0.8597539067268372,0.9776157736778259,0.22777032852172852,0.40936923027038574,0.39913102984428406,0.9023147821426392,0.5255153775215149,0.5718183517456055,-0.14890073239803314,0.9998966455459595,0.45135462284088135,0.5725526213645935,0.14903496205806732,0.9996830224990845,0.5129007697105408,0.6786476373672485,-0.3263924717903137,0.9532585740089417,0.5000189542770386,0.675796389579773,0.1801048219203949,0.7170543074607849,0.49093949794769287,0.7983607053756714,-0.38399219512939453,0.9856160879135132,0.5840508937835693,0.759120523929596,0.36297091841697693,0.8801554441452026,0.5013895034790039,0.8151639103889465,-0.39852339029312134,0.9580228924751282,0.6113852858543396,0.7724369168281555,0.37050220370292664,0.8918041586875916,0.41686832904815674,0.8251277208328247,-0.6034466624259949,0.9843729734420776,0.5452337265014648,0.7876504063606262,0.2494211196899414,0.9232354760169983
IMG_9740 3,35,1156,good,0.48407378792762756,0.38256338238716125,-0.04588396102190018,0.9999514222145081,0.4991514980792999,0.3740371763706207,-0.03926421329379082,0.9999481439590454,0.5051521062850952,0.37447836995124817,-0.03938285633921623,0.9999533295631409,0.5110788345336914,0.3749755024909973,-0.03941028192639351,0.9999521970748901,0.48804229497909546,0.3723643124103546,-0.006627953611314297,0.9998941421508789,0.4859086275100708,0.3714832663536072,-0.0066492618061602116,0.9998427629470825,0.4837515354156494,0.3706345558166504,-0.006571394391357899,0.9998608827590942,0.525441586971283,0.379746675491333,0.058218616992235184,0.9999436140060425,0.4881846010684967,0.3749886751174927,0.18903207778930664,0.9998311996459961,0.4924614131450653,0.39218342304229736,-0.015719549730420113,0.999910831451416,0.4790361821651459,0.39067167043685913,0.025696545839309692,0.9998646974563599,0.5685056447982788,0.42823413014411926,-0.0691901296377182,0.99996018409729,0.4351518154144287,0.4251808226108551,0.3623581528663635,0.999625563621521,0.504948616027832,0.45947030186653137,-0.4901730716228485,0.9858459830284119,0.3434392809867859,0.43866708874702454,0.4643733501434326,0.8285192847251892,0.48429057002067566,0.4211956560611725,-0.8834788799285889,0.9903554320335388,0.24962691962718964,0.4140052795410156,0.3745461106300354,0.9286695122718811,0.48088645935058594,0.40981531143188477,-0.9816712737083435,0.9863969683647156,0.21906165778636932,0.4080524444580078,0.34078285098075867,0.9137428402900696,0.49170956015586853,0.40438008308410645,-0.976547360420227,0.9860938191413879,0.21945935487747192,0.4074501097202301,0.2848576605319977,0.91554194688797,0.4903104305267334,0.40869957208633423,-0.8924790620803833,0.9786633849143982,0.22818127274513245,0.40954726934432983,0.3390129804611206,0.9091002941131592,0.5252372026443481,0.5718173384666443,-0.14831462502479553,0.9998996257781982,0.45075494050979614,0.5725386738777161,0.14846013486385345,0.9996868371963501,0.512976884841919,0.6789871454238892,-0.32656610012054443,0.9536562561988831,0.49923089146614075,0.6762520670890808,0.16879156231880188,0.7142148613929749,0.49007725715637207,0.7987161874771118,-0.3831402659416199,0.9856171607971191,0.5829519033432007,0.7574829459190369,0.3622506558895111,0.8785139918327332,0.5007451176643372,0.8155806660652161,-0.3976237177848816,0.9575182795524597,0.6133188009262085,0.7724522948265076,0.36945369839668274,0.8893092274665833,0.41715455055236816,0.8251509070396423,-0.6035175919532776,0.9843130707740784,0.5467780828475952,0.7873930931091309,0.2435169368982315,0.9220806360244751
IMG_9740 3,36,1189,good,0.48427292704582214,0.3823588192462921,-0.12569160759449005,0.9999474287033081,0.4992743730545044,0.3738693594932556,-0.11583034694194794,0.999945878982544,0.5053198933601379,0.37431684136390686,-0.11598855257034302,0.9999514818191528,0.5112376809120178,0.3748358488082886,-0.11605029553174973,0.9999501705169678,0.48803630471229553,0.37215951085090637,-0.08323583751916885,0.9998895525932312,0.48582786321640015,0.37126868963241577,-0.08326509594917297,0.9998368620872498,0.4835185408592224,0.3704073429107666,-0.08320490270853043,0.9998554587364197,0.5254455804824829,0.3796122074127197,-0.010474886745214462,0.999940812587738,0.48747536540031433,0.3747459650039673,0.13120272755622864,0.9998248219490051,0.4926782548427582,0.3919266164302826,-0.08629368990659714,0.9999078512191772,0.4790375232696533,0.39042311906814575,-0.04466591775417328,0.9998566508293152,0.5685076713562012,0.4278613328933716,-0.12305662035942078,0.9999595284461975,0.43518510460853577,0.425874799489975,0.3399674594402313,0.9995995163917542,0.5063043832778931,0.45944106578826904,-0.5322446823120117,0.9862002730369568,0.35192108154296875,0.4466032385826111,0.4491329491138458,0.8282708525657654,0.48432719707489014,0.41842275857925415,-0.9177178144454956,0.9908022284507751,0.2645013630390167,0.4155826270580292,0.3321015238761902,0.9326754808425903,0.4815589487552643,0.4056936800479889,-1.0090259313583374,0.9869304895401001,0.2406238168478012,0.40817007422447205,0.3140050172805786,0.9180343747138977,0.49193263053894043,0.4006441831588745,-1.0034894943237305,0.9866289496421814,0.2463083118200302,0.4066268801689148,0.27337348461151123,0.920096755027771,0.4906299114227295,0.40594807267189026,-0.9252039194107056,0.9793235063552856,0.2533521354198456,0.4093877673149109,0.3050617575645447,0.9140166640281677,0.5247851610183716,0.5717873573303223,-0.1579798310995102,0.9998875856399536,0.4507136344909668,0.5724923610687256,0.1581013798713684,0.9996449947357178,0.5130139589309692,0.6796565651893616,-0.3271673619747162,0.9526447057723999,0.49927306175231934,0.6762832403182983,0.17321935296058655,0.7096639275550842,0.490848571062088,0.7986738085746765,-0.3701728582382202,0.9855811595916748,0.5844587087631226,0.75835782289505,0.3629146218299866,0.8762086033821106,0.5013722777366638,0.8155750632286072,-0.38418152928352356,0.9569689631462097,0.6114446520805359,0.7725054025650024,0.3709604740142822,0.8896915912628174,0.41601529717445374,0.8251649141311646,-0.6006148457527161,0.9842687845230103,0.5467153191566467,0.7876054048538208,0.24539634585380554,0.9215322136878967
IMG_9740 3,37,1222,good,0.48623159527778625,0.38152235746383667,-0.16016221046447754,0.9999451041221619,0.5007609724998474,0.37304773926734924,-0.14503516256809235,0.9999446868896484,0.5071304440498352,0.3735400140285492,-0.1451902538537979,0.9999504089355469,0.5132579207420349,0.3741503953933716,-0.14524678885936737,0.9999486804008484,0.4883212745189667,0.37131115794181824,-0.1146516278386116,0.9998886585235596,0.48584017157554626,0.37049078941345215,-0.11467956751585007,0.999836802482605,0.48343172669410706,0.36965212225914,-0.11460163444280624,0.999855637550354,0.526282787322998,0.3790675699710846,-0.02379784733057022,0.9999382495880127,0.48645538091659546,0.37404435873031616,0.11112111061811447,0.9998222589492798,0.49500223994255066,0.3911929428577423,-0.1144397035241127,0.9999056458473206,0.47947776317596436,0.38977155089378357,-0.07548495382070541,0.9998520612716675,0.5685174465179443,0.4277900755405426,-0.12825876474380493,0.9999579191207886,0.4362158477306366,0.42676347494125366,0.32756146788597107,0.9995719790458679,0.5080974698066711,0.4594082236289978,-0.5297812819480896,0.9865648150444031,0.35584959387779236,0.4561365246772766,0.4147332012653351,0.8301879167556763,0.48438772559165955,0.418475478887558,-0.9150918126106262,0.9911261796951294,0.2800733745098114,0.4176073968410492,0.2785274088382721,0.9367380738258362,0.4817005395889282,0.40560582280158997,-1.005092740058899,0.9872331023216248,0.26224184036254883,0.4082093834877014,0.2605540454387665,0.9222224950790405,0.4917917251586914,0.4006417393684387,-0.9997663497924805,0.986929178237915,0.26900896430015564,0.4062613248825073,0.24347302317619324,0.9243605732917786,0.49063748121261597,0.4052702486515045,-0.9225491285324097,0.9796257019042969,0.27564680576324463,0.4093380868434906,0.26238468289375305,0.9184591174125671,0.5241833329200745,0.5717708468437195,-0.16048261523246765,0.9998713135719299,0.4505893588066101,0.5724586844444275,0.16056092083454132,0.9996006488800049,0.5134071707725525,0.6797933578491211,-0.32139307260513306,0.950198233127594,0.49934297800064087,0.6766438484191895,0.1738375574350357,0.704843282699585,0.49096497893333435,0.7986761331558228,-0.3369298279285431,0.9851586818695068,0.5847055315971375,0.7598901987075806,0.3620404303073883,0.8741466999053955,0.5014215707778931,0.8156726360321045,-0.34956100583076477,0.9546136856079102,0.6095413565635681,0.7739464044570923,0.37031927704811096,0.8903398513793945,0.41442152857780457,0.8251667618751526,-0.5752770304679871,0.9838039875030518,0.5451498627662659,0.788411557674408,0.24469590187072754,0.9210010766983032
IMG_9740 3,38,1255,good,0.48541826009750366,0.38146719336509705,-0.1866169273853302,0.9998858571052551,0.4999832212924957,0.3730045557022095,-0.18386246263980865,0.9999006986618042,0.506249189376831,0.37346306443214417,-0.18402470648288727,0.9999164342880249,0.5123770833015442,0.3740246891975403,-0.18404977023601532,0.999906599521637,0.4873592257499695,0.3713153898715973,-0.14578218758106232,0.9998039603233337,0.4847782254219055,0.37049922347068787,-0.1458226442337036,0.9997402429580688,0.4824293851852417,0.3696654140949249,-0.1457797735929489,0.9997708797454834,0.5259335041046143,0.3788217008113861,-0.10156374424695969,0.999884843826294,0.4863037168979645,0.3740408718585968,0.0696190744638443,0.999725341796875,0.4945754408836365,0.3911680579185486,-0.15312403440475464,0.9998544454574585,0.47890496253967285,0.38977864384651184,-0.10387814790010452,0.9997521042823792,0.5685454607009888,0.4277246296405792,-0.19920752942562103,0.9999517798423767,0.43787187337875366,0.4276438057422638,0.28531283140182495,0.9994933605194092,0.5088637471199036,0.4585859477519989,-0.6207267045974731,0.9865235686302185,0.364502489566803,0.4613148272037506,0.38210946321487427,0.8295990228652954,0.48667606711387634,0.42117616534233093,-1.023714303970337,0.9911726713180542,0.30002981424331665,0.4203681945800781,0.2577761709690094,0.9403666257858276,0.4830222725868225,0.410796582698822,-1.1122568845748901,0.9871465563774109,0.2840039134025574,0.4084337651729584,0.24699930846691132,0.9260966777801514,0.4918085038661957,0.40378186106681824,-1.1066828966140747,0.9867891669273376,0.29047149419784546,0.4062853753566742,0.23789070546627045,0.9282913208007812,0.49091124534606934,0.407075434923172,-1.030602216720581,0.9790557622909546,0.2966909408569336,0.40938621759414673,0.24504375457763672,0.9223311543464661,0.5234151482582092,0.571767270565033,-0.1678209751844406,0.9998353123664856,0.45014432072639465,0.5723971128463745,0.16785219311714172,0.9995003938674927,0.5134463310241699,0.6797872185707092,-0.32200124859809875,0.9494534134864807,0.49946504831314087,0.6766414046287537,0.18828898668289185,0.7046316266059875,0.49094730615615845,0.7985989451408386,-0.34080326557159424,0.9851729273796082,0.5853447318077087,0.7606532573699951,0.38538914918899536,0.874963641166687,0.5013579726219177,0.8157464265823364,-0.354667991399765,0.9535701870918274,0.6083663105964661,0.7744281888008118,0.39540714025497437,0.8933617472648621,0.4117358922958374,0.8250894546508789,-0.5810219049453735,0.9837942123413086,0.5456224083900452,0.788454532623291,0.26806122064590454,0.9225298762321472
IMG_9740 3,39,1288,good,0.48196643590927124,0.3814845383167267,-0.269456684589386,0.9998660087585449,0.4969552457332611,0.37301012873649597,-0.26941099762916565,0.9998830556869507,0.5031383633613586,0.3734562397003174,-0.2695726752281189,0.9999042749404907,0.5093756914138794,0.37399527430534363,-0.26959601044654846,0.9998903274536133,0.4847802519798279,0.37132346630096436,-0.22956793010234833,0.9997689723968506,0.482558935880661,0.3705088496208191,-0.2296087145805359,0.9997021555900574,0.4803955554962158,0.36967578530311584,-0.22960515320301056,0.9997270107269287,0.5250681042671204,0.37862303853034973,-0.18256083130836487,0.9998630881309509,0.48539209365844727,0.37394779920578003,-0.0045863911509513855,0.999679684638977,0.49093544483184814,0.39117375016212463,-0.23348887264728546,0.9998424053192139,0.47668254375457764,0.3897853195667267,-0.18219412863254547,0.9997212290763855,0.56816565990448,0.4277094602584839,-0.24869780242443085,0.99994957447052,0.4401295781135559,0.42858320474624634,0.23011335730552673,0.9994394779205322,0.5089765787124634,0.46022722125053406,-0.6446987986564636,0.9870765209197998,0.3699965178966522,0.47097164392471313,0.3068784475326538,0.8263260722160339,0.4881289005279541,0.42086273431777954,-1.028801441192627,0.9913268685340881,0.3206174671649933,0.43141889572143555,0.13305553793907166,0.9424610733985901,0.4858238399028778,0.40528249740600586,-1.1136056184768677,0.9870892763137817,0.30654212832450867,0.414882630109787,0.11456649005413055,0.9280959963798523,0.49355795979499817,0.40100279450416565,-1.1099275350570679,0.9867150187492371,0.3118927776813507,0.41205406188964844,0.0998670682311058,0.9303247928619385,0.4929017126560211,0.4041453003883362,-1.035134196281433,0.9786644577980042,0.3174073100090027,0.4163205325603485,0.11899888515472412,0.923852264881134,0.5224080681800842,0.5721854567527771,-0.1720702052116394,0.9998053908348083,0.44998738169670105,0.5725463628768921,0.17211022973060608,0.999408483505249,0.5132795572280884,0.6805621385574341,-0.3010275959968567,0.9506270289421082,0.49998411536216736,0.6768549680709839,0.2591306269168854,0.7140135169029236,0.4909680485725403,0.7990175485610962,-0.2908904254436493,0.9859158396720886,0.5856711864471436,0.7612319588661194,0.4935486912727356,0.8803839683532715,0.5009768009185791,0.816024661064148,-0.30332085490226746,0.9551526308059692,0.6083784699440002,0.7744436860084534,0.5074046850204468,0.899196445941925,0.4118029475212097,0.8252745270729065,-0.5416788458824158,0.9844557642936707,0.5453801155090332,0.7890031337738037,0.3795764744281769,0.9261121153831482
IMG_9740 3,40,1321,good,0.4814375042915344,0.3813517093658447,-0.25791364908218384,0.999862551689148,0.4967595338821411,0.37282150983810425,-0.2496887743473053,0.9998781681060791,0.5029765963554382,0.3732615113258362,-0.24986040592193604,0.9999008178710938,0.5092083811759949,0.37377220392227173,-0.249904602766037,0.9998857975006104,0.48418205976486206,0.37116512656211853,-0.21441690623760223,0.9997624754905701,0.48182836174964905,0.3703421354293823,-0.21444910764694214,0.9996954202651978,0.4796711802482605,0.3695240914821625,-0.2144172191619873,0.999715268611908,0.524958074092865,0.37832924723625183,-0.13608847558498383,0.9998576641082764,0.4846760034561157,0.3736933171749115,0.021390123292803764,0.9996539950370789,0.49058425426483154,0.3910410404205322,-0.21217206120491028,0.999841034412384,0.4760911762714386,0.3896464705467224,-0.16711434721946716,0.999715268611908,0.5679653286933899,0.42749717831611633,-0.20418430864810944,0.9999494552612305,0.4414953291416168,0.42906007170677185,0.25506728887557983,0.9994058012962341,0.5125412940979004,0.4629697799682617,-0.593913197517395,0.9877647757530212,0.37515395879745483,0.4772668480873108,0.2297298014163971,0.8242384791374207,0.4881422221660614,0.4212796092033386,-0.9712623953819275,0.9916572570800781,0.33609145879745483,0.4368446469306946,-0.08997008204460144,0.9443498253822327,0.4865698218345642,0.4039834141731262,-1.0586704015731812,0.9873673319816589,0.3264842629432678,0.4196556508541107,-0.132106751203537,0.9297184348106384,0.49412333965301514,0.40080520510673523,-1.052264928817749,0.9869747757911682,0.33280134201049805,0.41575756669044495,-0.140838161110878,0.9318287968635559,0.4937574565410614,0.4038812816143036,-0.9765141010284424,0.9788069725036621,0.33708328008651733,0.4202881455421448,-0.10485772043466568,0.9246243238449097,0.5214827060699463,0.572181761264801,-0.17146030068397522,0.9997844099998474,0.4499655067920685,0.5725508332252502,0.1715252846479416,0.9993374943733215,0.512924075126648,0.680726170539856,-0.2994556128978729,0.9518004655838013,0.5002344250679016,0.6777075529098511,0.2482014149427414,0.7209481596946716,0.49093544483184814,0.7991753816604614,-0.2830359637737274,0.9863247275352478,0.5857488512992859,0.7630326747894287,0.48637011647224426,0.8841137886047363,0.5006201267242432,0.8165847659111023,-0.29487359523773193,0.9557904005050659,0.6082785129547119,0.7760257720947266,0.5006973743438721,0.9044277667999268,0.4115106463432312,0.8252517580986023,-0.5369200110435486,0.9844456315040588,0.5437686443328857,0.7898722290992737,0.36309173703193665,0.9277074337005615
IMG_9740 3,41,1354,good,0.48100078105926514,0.3812796473503113,-0.22639556229114532,0.9998640418052673,0.4966152012348175,0.37276920676231384,-0.21420487761497498,0.9998779296875,0.5028196573257446,0.3732297122478485,-0.2143622636795044,0.9998997449874878,0.5090575218200684,0.37374669313430786,-0.21440568566322327,0.9998853206634521,0.48369666934013367,0.37107154726982117,-0.18097427487373352,0.9997667670249939,0.4811115860939026,0.37023642659187317,-0.18099847435951233,0.9996998310089111,0.478847473859787,0.3694261610507965,-0.18094715476036072,0.999716579914093,0.5246613621711731,0.37833112478256226,-0.10248857736587524,0.9998570084571838,0.48366931080818176,0.37367716431617737,0.053348664194345474,0.9996399879455566,0.490324467420578,0.3910183012485504,-0.1781415343284607,0.9998425841331482,0.4754447042942047,0.3895992934703827,-0.1356896013021469,0.9997180700302124,0.5673938393592834,0.427424818277359,-0.17264772951602936,0.999949038028717,0.4414820969104767,0.42994070053100586,0.272127240896225,0.9993997812271118,0.5126636624336243,0.46341943740844727,-0.535851001739502,0.9882239103317261,0.38218986988067627,0.48102661967277527,0.12848803400993347,0.8260375261306763,0.488333135843277,0.4197412133216858,-0.878106415271759,0.9918447136878967,0.349854052066803,0.4416965842247009,-0.31599974632263184,0.9462818503379822,0.4875890612602234,0.40230169892311096,-0.9640301465988159,0.9875071048736572,0.3460882902145386,0.4276532232761383,-0.3777213394641876,0.9311572313308716,0.4955274164676666,0.39834409952163696,-0.9473769664764404,0.987080991268158,0.3502334952354431,0.42176902294158936,-0.37833598256111145,0.9330458641052246,0.49547722935676575,0.40277940034866333,-0.8774892091751099,0.9787114858627319,0.35405227541923523,0.4262617528438568,-0.33088693022727966,0.9250059127807617,0.521364688873291,0.5720813274383545,-0.17086423933506012,0.9997807145118713,0.44997867941856384,0.5725259184837341,0.17091068625450134,0.9993122220039368,0.5123919248580933,0.6807551980018616,-0.3234463632106781,0.9540858268737793,0.501197874546051,0.6780136227607727,0.2463148683309555,0.7291669845581055,0.4909278452396393,0.7990207076072693,-0.3014926016330719,0.9869875907897949,0.5871386528015137,0.7641918063163757,0.4983674883842468,0.8882090449333191,0.5006294250488281,0.8166206479072571,-0.31587210297584534,0.9565266966819763,0.6083249449729919,0.7773725986480713,0.51414555311203,0.9095684289932251,0.41103118658065796,0.8252815008163452,-0.5881031155586243,0.9846211075782776,0.5437221527099609,0.7902938723564148,0.3713626265525818,0.9291679263114929
IMG_9740 3,42,1387,good,0.48080089688301086,0.3813958168029785,-0.1764216423034668,0.9998733997344971,0.4960699677467346,0.3728490173816681,-0.15907809138298035,0.9998860359191895,0.502159595489502,0.37330371141433716,-0.15921472012996674,0.9999057054519653,0.50835120677948,0.37381690740585327,-0.15927757322788239,0.9998927712440491,0.48340973258018494,0.37113872170448303,-0.1295931190252304,0.9997843503952026,0.48071035742759705,0.3702980577945709,-0.1296280324459076,0.9997217655181885,0.47829627990722656,0.36948347091674805,-0.12959739565849304,0.9997372031211853,0.5231322646141052,0.3784049451351166,-0.030460413545370102,0.9998666644096375,0.48335209488868713,0.37379130721092224,0.10509511083364487,0.9996615648269653,0.49019306898117065,0.39110901951789856,-0.12334491312503815,0.9998517036437988,0.47521933913230896,0.3897491991519928,-0.08605431020259857,0.9997354745864868,0.5664992928504944,0.4275166690349579,-0.10460107028484344,0.9999496936798096,0.4413895010948181,0.4324374496936798,0.3039155602455139,0.9994171857833862,0.5124857425689697,0.4641311764717102,-0.4570309817790985,0.988676130771637,0.3867506682872772,0.4862024486064911,0.1102321669459343,0.8278696537017822,0.4869484305381775,0.42033490538597107,-0.7706086039543152,0.9920772910118103,0.36473047733306885,0.44325757026672363,-0.36245962977409363,0.9478302001953125,0.48645487427711487,0.4026378095149994,-0.8534163236618042,0.9877496957778931,0.3582213222980499,0.4275886118412018,-0.43266651034355164,0.9320143461227417,0.4949301779270172,0.3985607922077179,-0.8382707834243774,0.987295925617218,0.36186233162879944,0.4222084879875183,-0.4265831410884857,0.9335925579071045,0.4950341582298279,0.40286174416542053,-0.7701901197433472,0.9789101481437683,0.36570438742637634,0.4274630844593048,-0.37643519043922424,0.9246857762336731,0.521369993686676,0.5720749497413635,-0.16911724209785461,0.9997840523719788,0.45062506198883057,0.5726519823074341,0.1692422479391098,0.9993191957473755,0.5124221444129944,0.681125819683075,-0.3404003977775574,0.9538304209709167,0.5010376572608948,0.679619312286377,0.2355421930551529,0.7246264815330505,0.4911845028400421,0.799075722694397,-0.3589894771575928,0.9866599440574646,0.587121844291687,0.7665687799453735,0.463131844997406,0.8863936066627502,0.5006322860717773,0.8166204690933228,-0.3757596015930176,0.954322874546051,0.6093069911003113,0.7812682390213013,0.4761495590209961,0.9106521606445312,0.41106390953063965,0.8254093527793884,-0.6285485625267029,0.9841985106468201,0.5383123755455017,0.7910965085029602,0.34158751368522644,0.9280220866203308
IMG_9740 3,43,1420,good,0.47951993346214294,0.38187965750694275,-0.17368566989898682,0.9998828172683716,0.49398723244667053,0.37316298484802246,-0.15525411069393158,0.9998940825462341,0.5001922845840454,0.373594731092453,-0.15540030598640442,0.9999119639396667,0.5064927935600281,0.3740721046924591,-0.15548674762248993,0.9999003410339355,0.4814332127571106,0.3715471923351288,-0.12540622055530548,0.9998013377189636,0.4785586893558502,0.3707643747329712,-0.12543675303459167,0.9997430443763733,0.4760640561580658,0.3700433075428009,-0.12538199126720428,0.9997569918632507,0.5214369297027588,0.3786739706993103,-0.024029472842812538,0.999876856803894,0.48216360807418823,0.37424859404563904,0.11472924053668976,0.9996824860572815,0.48951631784439087,0.3916522264480591,-0.11847808957099915,0.999860405921936,0.4741416573524475,0.39065122604370117,-0.08050119876861572,0.9997522234916687,0.5653423070907593,0.4276890158653259,-0.10129377245903015,0.9999504685401917,0.44133704900741577,0.43462082743644714,0.3268800377845764,0.999432384967804,0.5052132606506348,0.4639531373977661,-0.38521358370780945,0.9889339804649353,0.39047110080718994,0.4899292588233948,0.12281905114650726,0.8263040781021118,0.4869873523712158,0.4202614724636078,-0.5827978253364563,0.991999626159668,0.38200679421424866,0.4475700557231903,-0.3429393172264099,0.9470402002334595,0.4832879602909088,0.4020468592643738,-0.6521532535552979,0.987491250038147,0.37462854385375977,0.4312637746334076,-0.41197851300239563,0.9295107126235962,0.49347883462905884,0.39748114347457886,-0.6449297070503235,0.9869871139526367,0.37798821926116943,0.4283183515071869,-0.401091068983078,0.9306286573410034,0.49395543336868286,0.4024922549724579,-0.582642674446106,0.9783647060394287,0.3814348876476288,0.43293216824531555,-0.35538792610168457,0.9203588962554932,0.5215550661087036,0.5719603300094604,-0.1687874048948288,0.9997867345809937,0.4520859122276306,0.5727227330207825,0.16899147629737854,0.9993326663970947,0.5122550129890442,0.6810574531555176,-0.34402450919151306,0.9550331234931946,0.5006767511367798,0.6797880530357361,0.23145736753940582,0.730937659740448,0.49100518226623535,0.7989539504051208,-0.35693278908729553,0.9866927266120911,0.5870465636253357,0.7664924263954163,0.44162875413894653,0.889893114566803,0.5006396770477295,0.8154640197753906,-0.372867226600647,0.9540827870368958,0.6105000376701355,0.781242311000824,0.45239976048469543,0.9144142270088196,0.4120050072669983,0.8254015445709229,-0.6186428070068359,0.9838579297065735,0.5372827649116516,0.7912779450416565,0.3085803687572479,0.9286104440689087
IMG_9740 3,44,1453,good,0.47918832302093506,0.3824976086616516,-0.1728084832429886,0.9998897910118103,0.49320662021636963,0.3737606704235077,-0.15531772375106812,0.9998993873596191,0.49924400448799133,0.37411653995513916,-0.1554652452468872,0.9999154806137085,0.5055091381072998,0.3745356798171997,-0.15555651485919952,0.9999052286148071,0.4808713495731354,0.3722521960735321,-0.125331312417984,0.9998142123222351,0.477951318025589,0.37148118019104004,-0.12536105513572693,0.9997588396072388,0.4753558039665222,0.3707243800163269,-0.12530648708343506,0.9997718334197998,0.5200362205505371,0.3789405822753906,-0.027866048738360405,0.9998838305473328,0.4814477562904358,0.3747391402721405,0.11312349885702133,0.999691903591156,0.4892440140247345,0.3920867443084717,-0.11870609223842621,0.9998644590377808,0.47381678223609924,0.39128294587135315,-0.08032737672328949,0.9997616410255432,0.5641309022903442,0.4277014136314392,-0.10128191858530045,0.9999487400054932,0.4410789906978607,0.4351518154144287,0.32308727502822876,0.9994438886642456,0.502779483795166,0.46384844183921814,-0.3735818862915039,0.9890180826187134,0.3990156948566437,0.4964604377746582,0.09142050892114639,0.8241471648216248,0.48825860023498535,0.42025092244148254,-0.5581042766571045,0.9916731119155884,0.3978905975818634,0.45096874237060547,-0.3873140513896942,0.9470248818397522,0.4834269881248474,0.4016467332839966,-0.6260310411453247,0.9868648648262024,0.39205795526504517,0.43484824895858765,-0.4606090784072876,0.9284168481826782,0.4934324622154236,0.3964436948299408,-0.615777313709259,0.986266016960144,0.3920974135398865,0.4311595857143402,-0.4502808451652527,0.9291175603866577,0.49393701553344727,0.40197861194610596,-0.5565305352210999,0.9772924780845642,0.3957476019859314,0.4353374242782593,-0.39996206760406494,0.9177032113075256,0.5215606093406677,0.5715082287788391,-0.16658900678157806,0.999785840511322,0.453071653842926,0.5727047920227051,0.16687051951885223,0.9993383884429932,0.5103408098220825,0.6800446510314941,-0.3368764817714691,0.9553257822990417,0.5003741979598999,0.6797633171081543,0.20101399719715118,0.7336412072181702,0.49102330207824707,0.7964756488800049,-0.3243807554244995,0.9862043261528015,0.5836214423179626,0.7663891315460205,0.3927687108516693,0.8916601538658142,0.5006152987480164,0.8136157393455505,-0.3359796106815338,0.9519023895263672,0.6103836894035339,0.7810909748077393,0.4023377597332001,0.9169135689735413,0.4130372107028961,0.824546217918396,-0.5670281052589417,0.9830069541931152,0.5336551666259766,0.7915749549865723,0.25797390937805176,0.9282138347625732
IMG_9740 3,45,1486,good,0.47725710272789,0.38236117362976074,-0.21112076938152313,0.9998961091041565,0.49092990159988403,0.3736315071582794,-0.19454827904701233,0.9999049305915833,0.4969751536846161,0.37404847145080566,-0.19473901391029358,0.9999199509620667,0.5033469796180725,0.37450453639030457,-0.1948694884777069,0.9999105930328369,0.47902747988700867,0.37198832631111145,-0.16436873376369476,0.9998258948326111,0.47627389430999756,0.37127095460891724,-0.16438062489032745,0.9997733235359192,0.4738249182701111,0.37058305740356445,-0.16429750621318817,0.9997836947441101,0.5185049176216125,0.3789660632610321,-0.050283804535865784,0.9998921751976013,0.4802047610282898,0.3747093975543976,0.08369357138872147,0.9997003674507141,0.4873199462890625,0.3920775055885315,-0.15466034412384033,0.999871015548706,0.47214192152023315,0.39127764105796814,-0.11667130887508392,0.9997710585594177,0.5627269744873047,0.4277787208557129,-0.1100856363773346,0.9999483823776245,0.4399660527706146,0.43498098850250244,0.3033726215362549,0.9994123578071594,0.49932295083999634,0.4641709327697754,-0.37644484639167786,0.9886111617088318,0.404127836227417,0.4971352517604828,0.08773530274629593,0.8009023666381836,0.4869997799396515,0.42117631435394287,-0.5161362290382385,0.9908080697059631,0.41251319646835327,0.4493928849697113,-0.34915879368782043,0.9359424710273743,0.4813571572303772,0.405038982629776,-0.5781888365745544,0.9856065511703491,0.4030369818210602,0.43370193243026733,-0.41618865728378296,0.9150989651679993,0.4901650846004486,0.39846932888031006,-0.5779091715812683,0.9849827289581299,0.40699008107185364,0.4298296868801117,-0.4033315181732178,0.9149957895278931,0.492446631193161,0.4028584063053131,-0.517241895198822,0.9753116369247437,0.4121492803096771,0.43501919507980347,-0.3602568507194519,0.9011539816856384,0.5218368172645569,0.5714777708053589,-0.16505810618400574,0.9997886419296265,0.4534582793712616,0.5728000998497009,0.16545337438583374,0.9993407130241394,0.5101435780525208,0.679904043674469,-0.3315027952194214,0.9567462801933289,0.5002394914627075,0.6797606348991394,0.21776261925697327,0.7400818467140198,0.4909224808216095,0.7965196967124939,-0.3115629553794861,0.986399233341217,0.5836910009384155,0.7658042311668396,0.44712749123573303,0.8952861428260803,0.5002727508544922,0.8136974573135376,-0.3226938545703888,0.9512453675270081,0.6103886961936951,0.7799935340881348,0.46051448583602905,0.9203178286552429,0.4130414128303528,0.8246126174926758,-0.5582500696182251,0.9827225208282471,0.5346550941467285,0.791775643825531,0.31556835770606995,0.9290122389793396
IMG_9740 3,46,1519,good,0.4767882227897644,0.3824346959590912,-0.23728375136852264,0.9998992085456848,0.4901650846004486,0.3736635148525238,-0.2223811149597168,0.9999073147773743,0.49623391032218933,0.3740822374820709,-0.22257289290428162,0.9999215602874756,0.5025798678398132,0.37453559041023254,-0.2227066457271576,0.9999130368232727,0.47836172580718994,0.3720155656337738,-0.19133932888507843,0.9998326301574707,0.47552528977394104,0.37129321694374084,-0.1913430392742157,0.9997807741165161,0.47291746735572815,0.3706077039241791,-0.19125020503997803,0.9997885227203369,0.5175524950027466,0.3790168762207031,-0.07927116006612778,0.9998977780342102,0.4786824584007263,0.37479159235954285,0.05802832543849945,0.9996938109397888,0.4869537353515625,0.3922147750854492,-0.18098293244838715,0.9998713135719299,0.471656858921051,0.39146697521209717,-0.14190417528152466,0.999769926071167,0.5614804029464722,0.4276907444000244,-0.1426009088754654,0.999945878982544,0.44021302461624146,0.43474793434143066,0.2902330756187439,0.9993690252304077,0.49475836753845215,0.46429088711738586,-0.36903807520866394,0.9880335927009583,0.4085980951786041,0.4983251392841339,0.09942507743835449,0.775873601436615,0.4771970510482788,0.42119300365448,-0.4584706425666809,0.9895986914634705,0.4254366457462311,0.44950610399246216,-0.30915242433547974,0.9226012825965881,0.4728679656982422,0.4055611491203308,-0.512200653553009,0.9838554263114929,0.4149611294269562,0.4337024986743927,-0.3703984022140503,0.8995488286018372,0.48047491908073425,0.39875105023384094,-0.5115514397621155,0.9831646084785461,0.4206128716468811,0.4289395809173584,-0.35648760199546814,0.898503839969635,0.48260340094566345,0.40403681993484497,-0.4578112065792084,0.9727519750595093,0.4263542592525482,0.4348938763141632,-0.31898441910743713,0.8822840452194214,0.5219493508338928,0.5712705850601196,-0.16427375376224518,0.9997845888137817,0.45446792244911194,0.5727993249893188,0.16471238434314728,0.9993278980255127,0.5093716382980347,0.6795854568481445,-0.2905908226966858,0.9577812552452087,0.49972420930862427,0.6797449588775635,0.21410126984119415,0.7492467761039734,0.49062857031822205,0.7960869669914246,-0.24053367972373962,0.9865104556083679,0.5837942361831665,0.7632959485054016,0.4347204864025116,0.8999705910682678,0.5003558993339539,0.81292325258255,-0.2473912537097931,0.9514960050582886,0.6109330058097839,0.7764489054679871,0.4479263424873352,0.9241737127304077,0.41304507851600647,0.8244407773017883,-0.4651406705379486,0.9823200106620789,0.5367665886878967,0.7924819588661194,0.3093564212322235,0.9302952289581299
IMG_9740 3,47,1552,good,0.4762212038040161,0.3826426863670349,-0.2553672194480896,0.9999058246612549,0.4894937574863434,0.37374380230903625,-0.2416727989912033,0.9999134540557861,0.49537393450737,0.3741619288921356,-0.24185748398303986,0.9999265670776367,0.5015788078308105,0.374605268239975,-0.24198246002197266,0.9999186396598816,0.4779570400714874,0.37206628918647766,-0.2094762772321701,0.9998449087142944,0.4751988649368286,0.3713359832763672,-0.209470734000206,0.9997962713241577,0.47271883487701416,0.3706494867801666,-0.20938904583454132,0.9998018741607666,0.5165822505950928,0.3790455162525177,-0.09956379234790802,0.999905526638031,0.4781815707683563,0.37483566999435425,0.04332691431045532,0.9997091293334961,0.4863875210285187,0.39252129197120667,-0.19835159182548523,0.9998783469200134,0.47132569551467896,0.39167696237564087,-0.15766403079032898,0.9997824430465698,0.5601226091384888,0.4278533160686493,-0.15363316237926483,0.9999439716339111,0.4400917589664459,0.43466639518737793,0.2716419994831085,0.9993652105331421,0.49072447419166565,0.46510931849479675,-0.37048786878585815,0.987002432346344,0.41072648763656616,0.4999220371246338,0.07328256964683533,0.7507767081260681,0.4724860191345215,0.42096036672592163,-0.47212615609169006,0.9881424307823181,0.4341192841529846,0.45214980840682983,-0.3492858409881592,0.9084977507591248,0.4674603343009949,0.4055596888065338,-0.5285959243774414,0.9819853901863098,0.4313453435897827,0.43804284930229187,-0.4114161431789398,0.8837191462516785,0.4768020510673523,0.39875635504722595,-0.5283476114273071,0.9812715649604797,0.43152061104774475,0.43343010544776917,-0.3986714482307434,0.8814907073974609,0.4784669578075409,0.40414729714393616,-0.4719915986061096,0.9699888825416565,0.44114750623703003,0.43803736567497253,-0.3586695194244385,0.8624892234802246,0.5219740867614746,0.5712395310401917,-0.1615612506866455,0.9997904896736145,0.45485448837280273,0.5730152130126953,0.1620413064956665,0.999342143535614,0.5092841982841492,0.678979218006134,-0.2891853153705597,0.9589201807975769,0.4990156292915344,0.6795557737350464,0.23035261034965515,0.7576521635055542,0.48910996317863464,0.7966873049736023,-0.24703925848007202,0.9867604970932007,0.580099880695343,0.7618848085403442,0.4692310690879822,0.9035112261772156,0.5000548958778381,0.8130067586898804,-0.25495633482933044,0.9521263241767883,0.6102923154830933,0.7752233743667603,0.4845045804977417,0.9266961812973022,0.41382405161857605,0.8242901563644409,-0.4774785339832306,0.9823333621025085,0.536865234375,0.7930517196655273,0.3516857922077179,0.9312392473220825
IMG_9740 3,48,1585,good,0.4751346707344055,0.3830564618110657,-0.2383616417646408,0.999912679195404,0.4885878264904022,0.3740852475166321,-0.22356049716472626,0.9999198913574219,0.49427077174186707,0.374421089887619,-0.22373579442501068,0.9999318718910217,0.5002484321594238,0.3748003840446472,-0.22385239601135254,0.9999246001243591,0.47715285420417786,0.3725123703479767,-0.19121919572353363,0.9998569488525391,0.47447431087493896,0.37173429131507874,-0.19121894240379333,0.9998116493225098,0.4720780551433563,0.3709772229194641,-0.19112560153007507,0.9998157024383545,0.5155578851699829,0.379061222076416,-0.09237036108970642,0.9999130964279175,0.47715798020362854,0.3749370574951172,0.05298776552081108,0.9997252225875854,0.4853200316429138,0.39273321628570557,-0.1821684092283249,0.999885082244873,0.4705018103122711,0.3918512165546417,-0.14140585064888,0.9997944831848145,0.5591817498207092,0.42782801389694214,-0.14660750329494476,0.9999441504478455,0.4402652680873871,0.43414539098739624,0.28643861413002014,0.9993518590927124,0.48496517539024353,0.4678337275981903,-0.336300790309906,0.9862935543060303,0.41200628876686096,0.4981080889701843,0.10895432531833649,0.7204168438911438,0.46902307868003845,0.4214150011539459,-0.40740951895713806,0.9874228835105896,0.434518963098526,0.45474162697792053,-0.30075034499168396,0.8929290771484375,0.46584993600845337,0.4055783152580261,-0.46051543951034546,0.9810162782669067,0.4325239658355713,0.44345909357070923,-0.35770443081855774,0.8673391342163086,0.4763144552707672,0.3988076448440552,-0.45986056327819824,0.980348527431488,0.43254390358924866,0.4363477826118469,-0.3499176502227783,0.8644409775733948,0.4784236252307892,0.4041977524757385,-0.406587153673172,0.9687026739120483,0.4426840543746948,0.43972858786582947,-0.3114960789680481,0.8435972332954407,0.5218716263771057,0.5709870457649231,-0.16218701004981995,0.9997977018356323,0.4557655155658722,0.5730151534080505,0.1626727133989334,0.9993574619293213,0.5089966654777527,0.6789681315422058,-0.2919993996620178,0.9598637819290161,0.49898698925971985,0.6795447468757629,0.2280546873807907,0.7631685137748718,0.4890933632850647,0.7967368960380554,-0.2710375487804413,0.9870243668556213,0.5803012847900391,0.7619190216064453,0.4681684970855713,0.9067361950874329,0.49987566471099854,0.8130231499671936,-0.2810952961444855,0.953239917755127,0.6103879809379578,0.7752546668052673,0.480905145406723,0.9295740127563477,0.4140566885471344,0.8240084052085876,-0.5059394836425781,0.9822279810905457,0.5369117259979248,0.7930013537406921,0.33980855345726013,0.9318920969963074
IMG_9740 3,49,1619,good,0.47440585494041443,0.3830678462982178,-0.25939446687698364,0.9999176859855652,0.48791661858558655,0.3740878701210022,-0.24329955875873566,0.9999245405197144,0.4934690594673157,0.37442120909690857,-0.24347195029258728,0.9999356269836426,0.4993983507156372,0.3747975528240204,-0.2435847818851471,0.9999289512634277,0.47665223479270935,0.37253305315971375,-0.2124784141778946,0.9998661875724792,0.47409188747406006,0.37175047397613525,-0.21246986091136932,0.9998229742050171,0.47174152731895447,0.3709903359413147,-0.21238841116428375,0.9998255968093872,0.5148467421531677,0.3790460526943207,-0.09785623848438263,0.9999186992645264,0.4765492081642151,0.3749571740627289,0.03962987661361694,0.9997369050979614,0.48464834690093994,0.3927326798439026,-0.20063301920890808,0.9998893737792969,0.4701395630836487,0.39184844493865967,-0.16179123520851135,0.999803364276886,0.5587868690490723,0.42778822779655457,-0.14668478071689606,0.9999420046806335,0.4402480721473694,0.4339413344860077,0.271923303604126,0.9993341565132141,0.48227664828300476,0.4677102267742157,-0.3534729480743408,0.9854162335395813,0.4123381972312927,0.4978155493736267,0.12692049145698547,0.694699227809906,0.4677996039390564,0.42085278034210205,-0.4638166129589081,0.986444354057312,0.43330255150794983,0.4565075635910034,-0.23607821762561798,0.8763146996498108,0.4613771438598633,0.40567538142204285,-0.5211984515190125,0.9796947240829468,0.4321764409542084,0.4454832673072815,-0.2859189808368683,0.8492145538330078,0.4758490025997162,0.3984263241291046,-0.5246880054473877,0.9790239930152893,0.4318201243877411,0.43801751732826233,-0.2734397351741791,0.8456539511680603,0.4785960018634796,0.4041499197483063,-0.46635255217552185,0.9667091369628906,0.43715205788612366,0.44328445196151733,-0.24246490001678467,0.8230907320976257,0.5218222737312317,0.5706453323364258,-0.15610980987548828,0.9997966289520264,0.45575612783432007,0.5729522705078125,0.1565995216369629,0.9993513226509094,0.5089735984802246,0.6779371500015259,-0.28528597950935364,0.9603435397148132,0.4978821277618408,0.6781219244003296,0.2124723196029663,0.7720107436180115,0.48925063014030457,0.794641375541687,-0.2426496148109436,0.9872629046440125,0.5769339203834534,0.7600399851799011,0.45128998160362244,0.9109815955162048,0.49969300627708435,0.811734676361084,-0.2510393559932709,0.95311439037323,0.6099303364753723,0.7744637131690979,0.4643436670303345,0.9318929314613342,0.41499024629592896,0.8231183290481567,-0.47929245233535767,0.9825946688652039,0.5369963049888611,0.7936040163040161,0.31815221905708313,0.9342896938323975
IMG_9740 3,50,1652,good,0.4741191864013672,0.38315916061401367,-0.24464233219623566,0.999923586845398,0.4875805974006653,0.3741554617881775,-0.2305900901556015,0.999930202960968,0.4931863248348236,0.3744893968105316,-0.23075364530086517,0.9999402761459351,0.4991742670536041,0.3748593032360077,-0.23084525763988495,0.999934196472168,0.4761110544204712,0.37260740995407104,-0.19881094992160797,0.9998764395713806,0.47352537512779236,0.371823251247406,-0.1988183557987213,0.9998359680175781,0.4712088406085968,0.37107038497924805,-0.19875730574131012,0.9998375177383423,0.5146520137786865,0.37909844517707825,-0.09304766356945038,0.9999254941940308,0.4759841859340668,0.375044047832489,0.04319465532898903,0.9997529983520508,0.4844799339771271,0.39283880591392517,-0.19121919572353363,0.9998968839645386,0.46984171867370605,0.3919432461261749,-0.15066631138324738,0.999816358089447,0.5583471655845642,0.42759406566619873,-0.14486531913280487,0.9999440908432007,0.44028744101524353,0.43389892578125,0.2787895202636719,0.99934321641922,0.48345449566841125,0.4675394296646118,-0.33756133913993835,0.9852773547172546,0.4130045473575592,0.49688178300857544,0.11741462349891663,0.6758533716201782,0.4661722481250763,0.4208970367908478,-0.4132532477378845,0.9862866401672363,0.43549031019210815,0.45504865050315857,-0.28012365102767944,0.8644706606864929,0.4583759605884552,0.4063620865345001,-0.46639126539230347,0.9794967770576477,0.4339701533317566,0.4457150101661682,-0.33790430426597595,0.8362927436828613,0.47472602128982544,0.3984743356704712,-0.46905484795570374,0.9788738489151001,0.4338834285736084,0.4378957152366638,-0.32689327001571655,0.8319981098175049,0.4771023094654083,0.4047451615333557,-0.4137367010116577,0.9665622115135193,0.4432699382305145,0.442058265209198,-0.28964105248451233,0.8080152869224548,0.5218439698219299,0.5706622004508972,-0.15664026141166687,0.9998010396957397,0.4561499357223511,0.5730124115943909,0.15715183317661285,0.9993652701377869,0.509128212928772,0.6786133646965027,-0.28124019503593445,0.9589731097221375,0.4979010224342346,0.6785995960235596,0.19491276144981384,0.774726152420044,0.4893665313720703,0.7946903109550476,-0.22825708985328674,0.9868505001068115,0.5784946084022522,0.7610405087471008,0.4016408622264862,0.9126860499382019,0.5013110637664795,0.8118138313293457,-0.23534558713436127,0.9518438577651978,0.6099682450294495,0.777829647064209,0.41233253479003906,0.9331248998641968,0.4144633710384369,0.8231316208839417,-0.4592292010784149,0.9819777607917786,0.5368326902389526,0.7937872409820557,0.2691957652568817,0.9348543286323547
IMG_9740 3,51,1685,good,0.474039226770401,0.38330498337745667,-0.2252478301525116,0.9999279975891113,0.4875698983669281,0.37432682514190674,-0.20890013873577118,0.9999346733093262,0.4932335317134857,0.37464436888694763,-0.20904181897640228,0.9999439716339111,0.4992532730102539,0.3749935030937195,-0.20916154980659485,0.9999384880065918,0.475849449634552,0.3728429079055786,-0.1790134161710739,0.9998846650123596,0.47316882014274597,0.37205249071121216,-0.179002583026886,0.9998461604118347,0.47079694271087646,0.3712940514087677,-0.17889444530010223,0.9998467564582825,0.5146899223327637,0.37917444109916687,-0.06680382788181305,0.9999309778213501,0.47557276487350464,0.3752431869506836,0.06481382250785828,0.9997650384902954,0.48449623584747314,0.39289847016334534,-0.16797052323818207,0.9999009966850281,0.46968698501586914,0.39202189445495605,-0.13008727133274078,0.9998244047164917,0.5582873821258545,0.4275892376899719,-0.12333526462316513,0.9999441504478455,0.4402723014354706,0.43377891182899475,0.28674453496932983,0.9993424415588379,0.47856077551841736,0.46764618158340454,-0.3102218806743622,0.9836955666542053,0.4128987491130829,0.496707022190094,0.13690780103206635,0.649854302406311,0.4644041955471039,0.4202992022037506,-0.3691672682762146,0.9842522740364075,0.442874550819397,0.4575437307357788,-0.17715126276016235,0.8401938676834106,0.45884373784065247,0.40432432293891907,-0.4174727201461792,0.9772503972053528,0.4535067081451416,0.45574796199798584,-0.2250291407108307,0.8109983801841736,0.4750773012638092,0.39809250831604004,-0.41736558079719543,0.9765879511833191,0.45954442024230957,0.4486426115036011,-0.21183142066001892,0.8058712482452393,0.4774555265903473,0.40306660532951355,-0.3689572513103485,0.9635183811187744,0.46249932050704956,0.4516621232032776,-0.18388283252716064,0.7806865572929382,0.521605908870697,0.5706318616867065,-0.1567072719335556,0.9998078346252441,0.45615532994270325,0.5730106830596924,0.15720784664154053,0.9993767142295837,0.5081198215484619,0.6786181330680847,-0.28155115246772766,0.9588878154754639,0.49771812558174133,0.6781657338142395,0.1925065517425537,0.7817261815071106,0.4884726107120514,0.7948044538497925,-0.23307569324970245,0.9870273470878601,0.5786339044570923,0.7602952718734741,0.402567982673645,0.9159606099128723,0.5012953877449036,0.8117712140083313,-0.24015960097312927,0.9520100355148315,0.6122488975524902,0.772400438785553,0.4145926535129547,0.9352478384971619,0.41366031765937805,0.8231061697006226,-0.46289485692977905,0.9819896817207336,0.5416762232780457,0.7937753796577454,0.2782065272331238,0.9362614154815674
IMG_9740 3,52,1718,good,0.47402599453926086,0.3832823634147644,-0.19069881737232208,0.9999335408210754,0.48754385113716125,0.3743109405040741,-0.17519359290599823,0.9999399185180664,0.4932648241519928,0.3746342360973358,-0.17533621191978455,0.9999483823776245,0.49931466579437256,0.3749849498271942,-0.17546680569648743,0.9999434351921082,0.475757896900177,0.37281152606010437,-0.14448770880699158,0.9998940825462341,0.4730597734451294,0.37203142046928406,-0.14447490870952606,0.9998583197593689,0.4707099497318268,0.37128642201423645,-0.14433664083480835,0.9998584389686584,0.5147342085838318,0.3791624903678894,-0.03837886452674866,0.9999369978904724,0.47558921575546265,0.37524276971817017,0.09718822687864304,0.9997819066047668,0.4845156669616699,0.3928913176059723,-0.13545328378677368,0.9999082684516907,0.46964383125305176,0.3920184373855591,-0.0968940481543541,0.9998373985290527,0.5582805275917053,0.42751917243003845,-0.10569724440574646,0.9999467134475708,0.44074127078056335,0.4336966574192047,0.31086552143096924,0.9993638396263123,0.4787103831768036,0.46760815382003784,-0.2674633264541626,0.9832665920257568,0.4118068218231201,0.49703148007392883,0.13879357278347015,0.6338326930999756,0.463665634393692,0.42000722885131836,-0.2833080589771271,0.9834944009780884,0.44300681352615356,0.4581725299358368,-0.1798759251832962,0.8228490948677063,0.45885828137397766,0.40402671694755554,-0.32680854201316833,0.9763316512107849,0.45427659153938293,0.46086764335632324,-0.22591499984264374,0.7916074395179749,0.4747185707092285,0.39812859892845154,-0.32774046063423157,0.9756929874420166,0.46222662925720215,0.45359599590301514,-0.22947704792022705,0.7854740023612976,0.4771653413772583,0.40290096402168274,-0.2817196547985077,0.9624128341674805,0.46424537897109985,0.45609837770462036,-0.19466714560985565,0.759146511554718,0.5217249393463135,0.570615828037262,-0.15703772008419037,0.99981689453125,0.4567732512950897,0.5730196237564087,0.15756452083587646,0.9994027614593506,0.5083009004592896,0.6795483231544495,-0.28564944863319397,0.9571449756622314,0.4981326162815094,0.6788056492805481,0.18274465203285217,0.783424437046051,0.488656222820282,0.7953206896781921,-0.24155880510807037,0.9867141246795654,0.5805915594100952,0.7617537379264832,0.38595160841941833,0.917244553565979,0.5021287798881531,0.8121783137321472,-0.24906139075756073,0.9497886300086975,0.612252414226532,0.7774088978767395,0.39742904901504517,0.9355801939964294,0.41292110085487366,0.823478639125824,-0.4748671352863312,0.9814730286598206,0.5408766865730286,0.7939850687980652,0.26026058197021484,0.9367916584014893
IMG_9740 3,53,1751,good,0.4739120900630951,0.3836626708507538,-0.21996338665485382,0.9999366998672485,0.48744991421699524,0.3747865855693817,-0.20514903962612152,0.9999431371688843,0.4932073950767517,0.37507006525993347,-0.20529805123806,0.9999510645866394,0.4992902874946594,0.3753967583179474,-0.20541983842849731,0.9999465346336365,0.47549471259117126,0.3733961582183838,-0.17458967864513397,0.9999001622200012,0.47276735305786133,0.37264207005500793,-0.17458249628543854,0.9998658299446106,0.47040802240371704,0.37191516160964966,-0.1744755655527115,0.9998648762702942,0.5147283673286438,0.37946808338165283,-0.06614501029253006,0.9999409317970276,0.47529733180999756,0.3757650852203369,0.06966885179281235,0.9997905492782593,0.48445987701416016,0.3932078182697296,-0.16357862949371338,0.9999115467071533,0.46946656703948975,0.39234352111816406,-0.12502972781658173,0.9998435974121094,0.558208167552948,0.427556574344635,-0.12075185775756836,0.9999463558197021,0.44069144129753113,0.4336646497249603,0.28343257308006287,0.9993635416030884,0.4784390926361084,0.4675475060939789,-0.30914708971977234,0.9818703532218933,0.412557989358902,0.4974425733089447,0.13538919389247894,0.615104079246521,0.4642549753189087,0.41999563574790955,-0.3919856548309326,0.9818692207336426,0.44409042596817017,0.4593712091445923,-0.18326197564601898,0.8068059086799622,0.4585254490375519,0.40484553575515747,-0.44287019968032837,0.974661111831665,0.4541609585285187,0.46134811639785767,-0.2310301810503006,0.7753287553787231,0.474968284368515,0.39731210470199585,-0.4436738193035126,0.9740223288536072,0.46187058091163635,0.454989492893219,-0.22256165742874146,0.7686129212379456,0.4773387312889099,0.40334728360176086,-0.3922484517097473,0.9601357579231262,0.4646252989768982,0.4576978385448456,-0.1923951804637909,0.7410027384757996,0.5216838121414185,0.5710169672966003,-0.15645667910575867,0.9998235702514648,0.4567570090293884,0.5733734369277954,0.15696997940540314,0.9994109869003296,0.5077488422393799,0.679931640625,-0.2858213186264038,0.9576172828674316,0.49786874651908875,0.6786878108978271,0.2015337496995926,0.788602352142334,0.4881380498409271,0.7969457507133484,-0.24867330491542816,0.9871034622192383,0.5806254744529724,0.7603841423988342,0.42988795042037964,0.9194959998130798,0.5015484690666199,0.8125429749488831,-0.256890207529068,0.9508102536201477,0.6122406125068665,0.7747011184692383,0.4448775053024292,0.9371249675750732,0.4129078984260559,0.8237960934638977,-0.4826010763645172,0.9818467497825623,0.5469478368759155,0.79022216796875,0.32249635457992554,0.9378419518470764
IMG_9740 3,54,1784,good,0.4735931158065796,0.3836655914783478,-0.22073149681091309,0.9999414682388306,0.48687511682510376,0.37477782368659973,-0.20685800909996033,0.9999474883079529,0.4926392734050751,0.3750627934932709,-0.20700623095035553,0.9999547004699707,0.49883779883384705,0.3753909766674042,-0.2071133404970169,0.9999505877494812,0.4750436842441559,0.37338557839393616,-0.17513933777809143,0.9999080300331116,0.4724188446998596,0.37263885140419006,-0.17513160407543182,0.999876081943512,0.47014912962913513,0.37191498279571533,-0.17501847445964813,0.9998746514320374,0.5146561861038208,0.37944820523262024,-0.07203658670186996,0.9999458193778992,0.4752599596977234,0.3757687509059906,0.06956618279218674,0.9998037815093994,0.4841718375682831,0.3932240605354309,-0.16576507687568665,0.9999176859855652,0.46922507882118225,0.39239662885665894,-0.12574775516986847,0.9998541474342346,0.5582205653190613,0.42755624651908875,-0.13242027163505554,0.9999487996101379,0.4410390555858612,0.4337736964225769,0.2852801978588104,0.9993808269500732,0.4790707528591156,0.4675748348236084,-0.31661659479141235,0.9821875691413879,0.4118793308734894,0.4989544451236725,0.11159157752990723,0.608079731464386,0.46441107988357544,0.4200291037559509,-0.36494678258895874,0.9819934368133545,0.4435547888278961,0.4600241780281067,-0.27515551447868347,0.801696240901947,0.45911362767219543,0.40480875968933105,-0.41027501225471497,0.9747382402420044,0.4529030919075012,0.45931482315063477,-0.3322286307811737,0.7682510614395142,0.474227637052536,0.39736422896385193,-0.4100031554698944,0.9741089344024658,0.4606764018535614,0.45241716504096985,-0.3144339621067047,0.7606644034385681,0.4766463041305542,0.40425926446914673,-0.36276909708976746,0.9602954983711243,0.46331924200057983,0.4554741680622101,-0.2815323770046234,0.7314143180847168,0.5216863751411438,0.5711057186126709,-0.15909811854362488,0.9998316168785095,0.4568909704685211,0.5735002756118774,0.15954509377479553,0.9994310736656189,0.507440447807312,0.6804665327072144,-0.28719496726989746,0.9585798382759094,0.49807095527648926,0.6790482401847839,0.21959076821804047,0.7934544086456299,0.48815450072288513,0.7975379824638367,-0.25228187441825867,0.9875271320343018,0.5814885497093201,0.7604146003723145,0.4457627534866333,0.9225053191184998,0.5003700852394104,0.8129556179046631,-0.26075616478919983,0.9520861506462097,0.6140442490577698,0.774336040019989,0.46060317754745483,0.9396653175354004,0.4128160774707794,0.8239935636520386,-0.48566675186157227,0.9821852445602417,0.5465158820152283,0.793396532535553,0.33769604563713074,0.9395900964736938
IMG_9740 3,55,1817,good,0.4736853837966919,0.38366907835006714,-0.21404974162578583,0.9999447464942932,0.48695889115333557,0.37478166818618774,-0.19883690774440765,0.9999505281448364,0.49274709820747375,0.3750678598880768,-0.1989799439907074,0.9999572038650513,0.49896544218063354,0.3753957152366638,-0.19908860325813293,0.9999533891677856,0.4750596880912781,0.37339118123054504,-0.16719505190849304,0.9999138712882996,0.47242650389671326,0.3726443350315094,-0.16718803346157074,0.9998835921287537,0.4701475203037262,0.37192192673683167,-0.16706590354442596,0.9998816847801208,0.5148105025291443,0.37945985794067383,-0.059802472591400146,0.9999493956565857,0.47522205114364624,0.37577202916145325,0.08072056621313095,0.9998117685317993,0.48426496982574463,0.3932233154773712,-0.15775829553604126,0.9999205470085144,0.4692454934120178,0.39239782094955444,-0.11803426593542099,0.9998601675033569,0.5582373738288879,0.42756253480911255,-0.12483073770999908,0.9999485611915588,0.44132840633392334,0.4337315261363983,0.2987750470638275,0.9993882775306702,0.47898995876312256,0.4675104320049286,-0.30473071336746216,0.9816076159477234,0.41167202591896057,0.4984927475452423,0.11887652426958084,0.5973325967788696,0.4647105634212494,0.4199616312980652,-0.34871581196784973,0.9811263680458069,0.4450294077396393,0.45959439873695374,-0.26222413778305054,0.795228898525238,0.4594729542732239,0.4033770263195038,-0.3963228464126587,0.9736284017562866,0.45421022176742554,0.45835429430007935,-0.3177170753479004,0.7607625722885132,0.474273681640625,0.3967053294181824,-0.3944922983646393,0.9729999303817749,0.46200230717658997,0.4513111412525177,-0.3043673634529114,0.7527112364768982,0.4767785668373108,0.40385502576828003,-0.3468746244907379,0.9588395953178406,0.464322566986084,0.45442870259284973,-0.2700926959514618,0.7224900722503662,0.5218645334243774,0.5706918835639954,-0.16032695770263672,0.9998364448547363,0.4575175940990448,0.5732139945030212,0.16076608002185822,0.9994479417800903,0.5074275135993958,0.6799776554107666,-0.2881949245929718,0.9593286514282227,0.4982750117778778,0.6789974570274353,0.20536217093467712,0.7977253198623657,0.48816800117492676,0.7973979711532593,-0.24751600623130798,0.987696647644043,0.5806480646133423,0.7608029842376709,0.4138539135456085,0.9249206185340881,0.5004881620407104,0.8129858374595642,-0.2545720040798187,0.9527807831764221,0.6128189563751221,0.7748050689697266,0.42660602927207947,0.941476583480835,0.41192758083343506,0.8242659568786621,-0.47339603304862976,0.9820662140846252,0.5433693528175354,0.7931432127952576,0.29770177602767944,0.9403474926948547
IMG_9740 3,56,1850,good,0.4761056900024414,0.38372647762298584,-0.2251109778881073,0.9999480843544006,0.48946619033813477,0.3748020827770233,-0.20707760751247406,0.9999536871910095,0.4955417215824127,0.3750762641429901,-0.20722314715385437,0.9999597668647766,0.5019107460975647,0.3753962516784668,-0.2073366791009903,0.9999563097953796,0.4763115644454956,0.3734169602394104,-0.17779268324375153,0.9999197721481323,0.4731784760951996,0.372668594121933,-0.17777472734451294,0.999890923500061,0.47044840455055237,0.3719356954097748,-0.17764785885810852,0.99988853931427,0.5159749388694763,0.37942954897880554,-0.059900663793087006,0.999953031539917,0.4751831591129303,0.37575986981391907,0.07453256845474243,0.999819815158844,0.4870700538158417,0.3932226896286011,-0.16438402235507965,0.9999245405197144,0.4702272117137909,0.3924277126789093,-0.12751886248588562,0.9998670220375061,0.5582491755485535,0.42715609073638916,-0.12302622199058533,0.9999495148658752,0.4413450062274933,0.4330717623233795,0.2963107228279114,0.9993881583213806,0.4794955253601074,0.467907190322876,-0.3013629913330078,0.9814459085464478,0.4118751883506775,0.4984641373157501,0.1062425822019577,0.5906454920768738,0.46407148241996765,0.4201403856277466,-0.3557899296283722,0.981065571308136,0.44463837146759033,0.4590723216533661,-0.28140175342559814,0.7915715575218201,0.4576391577720642,0.40494561195373535,-0.4034876227378845,0.9735556840896606,0.4525201916694641,0.4569571018218994,-0.33927157521247864,0.755496621131897,0.4734443426132202,0.39674127101898193,-0.40316107869148254,0.97291100025177,0.4589313864707947,0.450158953666687,-0.32541608810424805,0.746868908405304,0.4761456549167633,0.40405717492103577,-0.35438084602355957,0.9587813019752502,0.45865049958229065,0.45257341861724854,-0.28951579332351685,0.7155191898345947,0.5218924880027771,0.5706186294555664,-0.15950080752372742,0.9998405575752258,0.45747485756874084,0.5731155872344971,0.15995541214942932,0.9994487762451172,0.5074399709701538,0.679803192615509,-0.29378753900527954,0.9598745703697205,0.4982725977897644,0.6782155632972717,0.2135479897260666,0.8011727333068848,0.48757317662239075,0.7979618310928345,-0.25978827476501465,0.9878668189048767,0.5797257423400879,0.7594746351242065,0.43940269947052,0.9263989329338074,0.499186247587204,0.8132059574127197,-0.2686290442943573,0.9526993036270142,0.6133063435554504,0.7724364995956421,0.45356953144073486,0.9424290657043457,0.4120691418647766,0.8242692947387695,-0.49380820989608765,0.9823078513145447,0.5432764291763306,0.7932303547859192,0.32736942172050476,0.9413118958473206
IMG_9740 3,57,1883,good,0.4773799777030945,0.38366463780403137,-0.22753870487213135,0.9999515414237976,0.49061551690101624,0.3747056722640991,-0.2088196575641632,0.9999568462371826,0.4969828724861145,0.3750035762786865,-0.20896872878074646,0.9999624490737915,0.5033600330352783,0.3753369450569153,-0.20908275246620178,0.9999592900276184,0.47688034176826477,0.3732246458530426,-0.18013706803321838,0.9999255537986755,0.4734472632408142,0.3724447190761566,-0.18011537194252014,0.9998984336853027,0.47056815028190613,0.37172460556030273,-0.1799827665090561,0.9998955726623535,0.5166200399398804,0.3794284462928772,-0.05909832939505577,0.9999567270278931,0.47501954436302185,0.37570562958717346,0.07266390323638916,0.9998300671577454,0.48819151520729065,0.3932070732116699,-0.1659751534461975,0.9999291896820068,0.4706779718399048,0.39239662885665894,-0.12999595701694489,0.9998751878738403,0.5582588911056519,0.4271487891674042,-0.12186683714389801,0.9999510049819946,0.44088608026504517,0.43305638432502747,0.29573336243629456,0.9993996620178223,0.4797970950603485,0.4687023162841797,-0.2985861003398895,0.9814483523368835,0.4116365611553192,0.49856799840927124,0.10642541944980621,0.5853914022445679,0.464225172996521,0.4200957715511322,-0.3519739806652069,0.9811524748802185,0.4452988803386688,0.4588984549045563,-0.280193954706192,0.7859436273574829,0.4579589068889618,0.40503618121147156,-0.3999216854572296,0.9736558794975281,0.4556904435157776,0.45772382616996765,-0.3377803862094879,0.7481223940849304,0.4734901487827301,0.39708518981933594,-0.4000500738620758,0.9730185866355896,0.462178111076355,0.45060744881629944,-0.32424962520599365,0.7388719320297241,0.47624534368515015,0.4040825068950653,-0.3507120907306671,0.9589870572090149,0.4635446071624756,0.45323529839515686,-0.2882644236087799,0.706758439540863,0.5222924947738647,0.5707135796546936,-0.15942169725894928,0.9998428821563721,0.45749640464782715,0.5732994675636292,0.15987931191921234,0.9994559288024902,0.5083191990852356,0.6803154349327087,-0.28695178031921387,0.960500955581665,0.4983029365539551,0.6795752048492432,0.21141159534454346,0.8063064217567444,0.4877825677394867,0.7984659075737,-0.23154833912849426,0.9879071712493896,0.5811489224433899,0.7603517174720764,0.4374927282333374,0.9284473657608032,0.5002487897872925,0.813560962677002,-0.23847775161266327,0.9519750475883484,0.613167941570282,0.7746968269348145,0.45142191648483276,0.9437046647071838,0.41328728199005127,0.8242734670639038,-0.46502023935317993,0.9821346402168274,0.5408807992935181,0.7980422973632812,0.3207082450389862,0.9422881007194519
