video_no,frame,timestamp_ms,good,x0,y0,z0,visibility0,x1,y1,z1,visibility1,x2,y2,z2,visibility2,x3,y3,z3,visibility3,x4,y4,z4,visibility4,x5,y5,z5,visibility5,x6,y6,z6,visibility6,x7,y7,z7,visibility7,x8,y8,z8,visibility8,x9,y9,z9,visibility9,x10,y10,z10,visibility10,x11,y11,z11,visibility11,x12,y12,z12,visibility12,x13,y13,z13,visibility13,x14,y14,z14,visibility14,x15,y15,z15,visibility15,x16,y16,z16,visibility16,x17,y17,z17,visibility17,x18,y18,z18,visibility18,x19,y19,z19,visibility19,x20,y20,z20,visibility20,x21,y21,z21,visibility21,x22,y22,z22,visibility22,x23,y23,z23,visibility23,x24,y24,z24,visibility24,x25,y25,z25,visibility25,x26,y26,z26,visibility26,x27,y27,z27,visibility27,x28,y28,z28,visibility28,x29,y29,z29,visibility29,x30,y30,z30,visibility30,x31,y31,z31,visibility31,x32,y32,z32,visibility32
IMG_9570,1,33,bad,0.568989634513855,0.382370263338089,-0.03346078842878342,0.9999985694885254,0.5650469660758972,0.3713666498661041,-0.004155563190579414,0.9999957084655762,0.5637494921684265,0.37096840143203735,-0.0039983587339520454,0.9999933242797852,0.5622763633728027,0.3704565763473511,-0.0039406996220350266,0.9999949932098389,0.561596691608429,0.370333731174469,-0.06980488449335098,0.9999978542327881,0.5576885938644409,0.36924389004707336,-0.06969630718231201,0.999997615814209,0.5531719923019409,0.36800891160964966,-0.0697355642914772,0.9999980926513672,0.539604663848877,0.3709898293018341,0.15895116329193115,0.999982476234436,0.5222843885421753,0.36815375089645386,-0.14572788774967194,0.9999986886978149,0.5581088066101074,0.39129453897476196,0.032967496663331985,0.9999958276748657,0.5538415908813477,0.3896936774253845,-0.05584375187754631,0.9999985694885254,0.5404388308525085,0.4312177896499634,0.362537145614624,0.9999791383743286,0.4476856589317322,0.41076770424842834,-0.2442101687192917,0.9999983310699463,0.6249536275863647,0.48204928636550903,0.47181642055511475,0.9264853000640869,0.3832813501358032,0.4805062413215637,-0.2949415445327759,0.9985666871070862,0.6396885514259338,0.4157877564430237,0.4215499758720398,0.9824946522712708,0.4510412812232971,0.5399894118309021,-0.23623934388160706,0.995899498462677,0.6394009590148926,0.3988659381866455,0.41631680727005005,0.954341471195221,0.46393972635269165,0.5601599812507629,-0.25174835324287415,0.9894202947616577,0.6296415328979492,0.3959498703479767,0.42428505420684814,0.9520436525344849,0.48205283284187317,0.555932879447937,-0.25643405318260193,0.988105297088623,0.6258126497268677,0.39928966760635376,0.41996484994888306,0.9404923915863037,0.4789528250694275,0.550352156162262,-0.22772492468357086,0.9788757562637329,0.5169029831886292,0.5812196135520935,0.19424572587013245,0.9994364380836487,0.46182793378829956,0.5755836367607117,-0.1943814754486084,0.9994766116142273,0.49175721406936646,0.6982532739639282,0.14828793704509735,0.6522263288497925,0.46277502179145813,0.6982412338256836,-0.2609134912490845,0.9814326167106628,0.4914209544658661,0.8159100413322449,0.21022433042526245,0.7935097217559814,0.34493333101272583,0.8080666065216064,-0.19549329578876495,0.9783160090446472,0.47198519110679626,0.8396486043930054,0.20762842893600464,0.7783003449440002,0.3033176064491272,0.824022650718689,-0.1940036118030548,0.9223040342330933,0.5947321057319641,0.8423745632171631,0.10527744889259338,0.8752584457397461,0.40915539860725403,0.8585391044616699,-0.33771416544914246,0.9709327220916748
IMG_9570,2,66,bad,0.5720161199569702,0.3812336027622223,-0.020310664549469948,0.9999983906745911,0.5667763948440552,0.37056124210357666,0.009060447104275227,0.999995231628418,0.5652851462364197,0.37017619609832764,0.00919280108064413,0.9999927282333374,0.5635474324226379,0.3696999251842499,0.009240441955626011,0.9999944567680359,0.5637271404266357,0.3696986436843872,-0.058890022337436676,0.999997615814209,0.5600757002830505,0.3686780631542206,-0.05884399265050888,0.9999973773956299,0.5560063719749451,0.36751607060432434,-0.058927983045578,0.9999979138374329,0.5395706295967102,0.3703801929950714,0.16318809986114502,0.9999812245368958,0.524774432182312,0.36786508560180664,-0.1464277058839798,0.9999986290931702,0.559601366519928,0.3908574879169464,0.04213431850075722,0.9999953508377075,0.5555273294448853,0.3892210125923157,-0.049753718078136444,0.9999983906745911,0.5401758551597595,0.43232107162475586,0.35718730092048645,0.9999781250953674,0.44728171825408936,0.4110547602176666,-0.2444494217634201,0.9999982118606567,0.6254599094390869,0.48114141821861267,0.47190988063812256,0.9248949289321899,0.38277915120124817,0.4812597930431366,-0.2888025939464569,0.9985303282737732,0.6405196189880371,0.4125828146934509,0.4552653431892395,0.9816609025001526,0.45089787244796753,0.5411697626113892,-0.19850276410579681,0.9958069324493408,0.6400588154792786,0.39596232771873474,0.4574771225452423,0.9518224596977234,0.46300914883613586,0.5631861686706543,-0.20383135974407196,0.9891752004623413,0.6296679973602295,0.3930373191833496,0.4690231680870056,0.9494772553443909,0.48150673508644104,0.5581347346305847,-0.21149376034736633,0.9878374338150024,0.6257544755935669,0.3974401652812958,0.4557276964187622,0.9375434517860413,0.4787273705005646,0.5522105693817139,-0.19049659371376038,0.9784826040267944,0.5172240734100342,0.5812011361122131,0.1888033151626587,0.9994426965713501,0.46166276931762695,0.5755779147148132,-0.1889341175556183,0.9994763731956482,0.4950318932533264,0.6980589032173157,0.10907161980867386,0.6501684784889221,0.46273621916770935,0.6971984505653381,-0.27117666602134705,0.9800362586975098,0.49395349621772766,0.8161917328834534,0.13413721323013306,0.7917049527168274,0.34273508191108704,0.8086232542991638,-0.19964949786663055,0.977196991443634,0.4746038317680359,0.8398352265357971,0.12765754759311676,0.777438223361969,0.30213630199432373,0.8243489861488342,-0.1978134661912918,0.9189650416374207,0.5984517335891724,0.8421886563301086,0.0188690684735775,0.8757359385490417,0.40914151072502136,0.8585420250892639,-0.3440213203430176,0.970413327217102
IMG_9570,3,99,bad,0.5738716125488281,0.38061022758483887,-0.010810911655426025,0.9999983310699463,0.5680819749832153,0.37012866139411926,0.01961495354771614,0.9999951124191284,0.5666453242301941,0.36976149678230286,0.01973804272711277,0.9999926090240479,0.564929723739624,0.36932212114334106,0.01979329064488411,0.9999943375587463,0.5648213028907776,0.36925995349884033,-0.04886671528220177,0.9999975562095642,0.5611740946769714,0.36824747920036316,-0.04882967472076416,0.9999973177909851,0.5571624040603638,0.36711743474006653,-0.0489288866519928,0.9999978542327881,0.5397513508796692,0.36995962262153625,0.17386481165885925,0.9999809265136719,0.5259050130844116,0.3675321340560913,-0.14230552315711975,0.9999986290931702,0.5613506436347961,0.3905257284641266,0.05159350112080574,0.9999951720237732,0.5569806694984436,0.38885030150413513,-0.04138842225074768,0.9999983310699463,0.5404136180877686,0.43253064155578613,0.3572256565093994,0.9999781847000122,0.4468885660171509,0.4110802710056305,-0.24035735428333282,0.9999982118606567,0.6254316568374634,0.4810927212238312,0.46576932072639465,0.9241943955421448,0.38237616419792175,0.4813728928565979,-0.2825709283351898,0.9985384941101074,0.6407052278518677,0.4120118021965027,0.42947351932525635,0.9816649556159973,0.44906413555145264,0.5413232445716858,-0.2004757672548294,0.9958943724632263,0.6403955817222595,0.3956603705883026,0.4288252890110016,0.9517842531204224,0.45895886421203613,0.5637046694755554,-0.20899157226085663,0.9893734455108643,0.6297558546066284,0.39245662093162537,0.4413173198699951,0.9494844079017639,0.47784915566444397,0.5584404468536377,-0.2172081470489502,0.988064706325531,0.6257079243659973,0.3971721827983856,0.42963817715644836,0.9375022053718567,0.4759327173233032,0.5523296594619751,-0.1929507851600647,0.9788746237754822,0.5180478096008301,0.5808339715003967,0.18655654788017273,0.9994604587554932,0.46070340275764465,0.5750110149383545,-0.1866970807313919,0.9994879364967346,0.49594646692276,0.6977316737174988,0.0988454595208168,0.6487086415290833,0.46287456154823303,0.6955873966217041,-0.2837947607040405,0.9791058897972107,0.4967336654663086,0.816440761089325,0.11630311608314514,0.7902292013168335,0.34106215834617615,0.8090866804122925,-0.21348313987255096,0.9763679504394531,0.4780098795890808,0.8399967551231384,0.10905857384204865,0.7755707502365112,0.30158767104148865,0.8248995542526245,-0.21198362112045288,0.9159749150276184,0.6007645130157471,0.8420261740684509,-0.001671672915108502,0.8766199946403503,0.4092329442501068,0.8587930798530579,-0.364047646522522,0.9701509475708008
IMG_9570,4,132,bad,0.575896680355072,0.37973472476005554,0.000961830432061106,0.9999982714653015,0.5696892142295837,0.36968064308166504,0.031144555658102036,0.9999951124191284,0.5682187676429749,0.3693370819091797,0.031261544674634933,0.9999926090240479,0.56644606590271,0.3689185082912445,0.031319379806518555,0.9999943375587463,0.5664126873016357,0.36874639987945557,-0.03675096854567528,0.9999974966049194,0.562833845615387,0.3677213191986084,-0.036712512373924255,0.9999973177909851,0.5588836073875427,0.36661404371261597,-0.03681449964642525,0.9999978542327881,0.5400444269180298,0.36945274472236633,0.1831824779510498,0.9999809265136719,0.5268223285675049,0.3671044409275055,-0.13244354724884033,0.9999986290931702,0.5630126595497131,0.3898509740829468,0.062332555651664734,0.9999950528144836,0.5582869648933411,0.3881659209728241,-0.02996603213250637,0.9999983310699463,0.5404308438301086,0.4326087236404419,0.35730409622192383,0.9999780058860779,0.44643789529800415,0.410993754863739,-0.2294142246246338,0.9999982118606567,0.6242735385894775,0.4811159372329712,0.43789350986480713,0.9227935075759888,0.3819271922111511,0.4813913106918335,-0.26890701055526733,0.9985547065734863,0.6402085423469543,0.41211262345314026,0.35788244009017944,0.9814240336418152,0.4441593885421753,0.5413769483566284,-0.19260267913341522,0.9959872961044312,0.6402233242988586,0.39572662115097046,0.3475230038166046,0.951239824295044,0.45243212580680847,0.5642650127410889,-0.20145787298679352,0.9895915985107422,0.6295872330665588,0.39239975810050964,0.36119621992111206,0.9489426612854004,0.4704643189907074,0.5584734082221985,-0.21094590425491333,0.988316535949707,0.6251824498176575,0.39716625213623047,0.3572693169116974,0.9368240237236023,0.4690949320793152,0.5523087978363037,-0.1857653260231018,0.9793359041213989,0.5188024044036865,0.5804855823516846,0.1833600103855133,0.9994727969169617,0.45978599786758423,0.5742419958114624,-0.18349654972553253,0.9994990229606628,0.4969465434551239,0.6976144313812256,0.09872403740882874,0.6489891409873962,0.4624719023704529,0.695279061794281,-0.2811581492424011,0.9787002801895142,0.49735113978385925,0.8167781233787537,0.11807172000408173,0.7902505993843079,0.33966368436813354,0.8094268441200256,-0.21181853115558624,0.9758793115615845,0.47857779264450073,0.8403183221817017,0.11106940358877182,0.7745785117149353,0.3001658618450165,0.8250795006752014,-0.21032656729221344,0.9137107133865356,0.6023803949356079,0.8418838381767273,0.0008415849297307432,0.8780010342597961,0.408884733915329,0.858788013458252,-0.3607189357280731,0.9700930714607239
IMG_9570,5,165,bad,0.5764786601066589,0.37934771180152893,0.0023817578330636024,0.9999982118606567,0.5705140233039856,0.36955657601356506,0.032604046165943146,0.9999950528144836,0.5691125392913818,0.36923301219940186,0.0327225998044014,0.9999925494194031,0.5673835277557373,0.3688277304172516,0.03278684243559837,0.9999942183494568,0.5671449303627014,0.368548721075058,-0.03536701202392578,0.9999974370002747,0.5635824203491211,0.3674956262111664,-0.0353204719722271,0.9999972581863403,0.559608519077301,0.3663865923881531,-0.03542526811361313,0.9999977946281433,0.5403341054916382,0.36923158168792725,0.18521840870380402,0.999980628490448,0.5271230340003967,0.36682790517807007,-0.1310296654701233,0.9999986290931702,0.5636958479881287,0.3896873891353607,0.06385934352874756,0.9999948740005493,0.5586698651313782,0.38794466853141785,-0.02842794731259346,0.9999982714653015,0.5404953360557556,0.4326184093952179,0.3571578562259674,0.9999777674674988,0.44495871663093567,0.41054779291152954,-0.22683173418045044,0.9999982118606567,0.6230999827384949,0.48123225569725037,0.4050300121307373,0.9220963716506958,0.380981981754303,0.4815215468406677,-0.2682158946990967,0.9985758662223816,0.6398473381996155,0.412171334028244,0.2845170795917511,0.9814338684082031,0.43971455097198486,0.5418445467948914,-0.1966342031955719,0.9960985779762268,0.6399019360542297,0.3957834541797638,0.2669626772403717,0.9512933492660522,0.44745126366615295,0.5651406049728394,-0.20648258924484253,0.9898483753204346,0.629330575466156,0.3922697603702545,0.2810889184474945,0.9490232467651367,0.46589797735214233,0.5586776733398438,-0.21588639914989471,0.9886142015457153,0.6247448325157166,0.3971535563468933,0.28290092945098877,0.936877429485321,0.4649103581905365,0.5523148775100708,-0.1898178905248642,0.9798654913902283,0.520156741142273,0.5799031257629395,0.1814679354429245,0.9994781017303467,0.45889636874198914,0.5736684203147888,-0.18161508440971375,0.9995064735412598,0.49827438592910767,0.697583794593811,0.10500277578830719,0.6489534378051758,0.46104130148887634,0.6952117085456848,-0.2709152400493622,0.978119969367981,0.4978466331958771,0.816900908946991,0.13429264724254608,0.7897042632102966,0.3391954004764557,0.8102366328239441,-0.19729401171207428,0.9753498435020447,0.47852495312690735,0.8404724597930908,0.12833036482334137,0.7732648253440857,0.2998920977115631,0.8259871602058411,-0.19560033082962036,0.9115150570869446,0.602850615978241,0.8417664170265198,0.019270675256848335,0.8786078691482544,0.40892770886421204,0.858830988407135,-0.34774816036224365,0.9698676466941833
IMG_9570,6,198,bad,0.5779895186424255,0.37894657254219055,0.0013931868597865105,0.9999980926513672,0.5721347332000732,0.36934083700180054,0.03164621815085411,0.9999949336051941,0.5708438754081726,0.3690260350704193,0.03173771873116493,0.9999923706054688,0.5692877173423767,0.36862507462501526,0.03181395307183266,0.9999939799308777,0.568585216999054,0.36829984188079834,-0.0363730788230896,0.9999973177909851,0.564970850944519,0.3672216236591339,-0.0363621860742569,0.9999971389770508,0.5609796643257141,0.3661147356033325,-0.03649785742163658,0.9999976754188538,0.5416423678398132,0.3690038025379181,0.18293355405330658,0.9999799132347107,0.5281421542167664,0.3664850890636444,-0.13312286138534546,0.9999985694885254,0.5656402707099915,0.3895398676395416,0.06164251267910004,0.9999946355819702,0.5602452158927917,0.3877917230129242,-0.030634012073278427,0.9999982118606567,0.5419445633888245,0.43265777826309204,0.3424987494945526,0.9999767541885376,0.44156214594841003,0.4102667570114136,-0.2267409861087799,0.9999982118606567,0.6231268048286438,0.4813847839832306,0.33745595812797546,0.9212607145309448,0.3780498504638672,0.4815448224544525,-0.26509058475494385,0.9985755681991577,0.6396854519844055,0.41222816705703735,0.1656215488910675,0.9811016321182251,0.4310545325279236,0.5418874025344849,-0.1894778162240982,0.9961416721343994,0.6394638419151306,0.3956962823867798,0.13887888193130493,0.9505614638328552,0.4399053156375885,0.5651078224182129,-0.19731132686138153,0.9899448156356812,0.6290299892425537,0.39203378558158875,0.15776945650577545,0.9483166933059692,0.4571529030799866,0.5584284067153931,-0.20958800613880157,0.9887390732765198,0.624423623085022,0.39711782336235046,0.1642855703830719,0.9360195994377136,0.45536866784095764,0.552012026309967,-0.18362349271774292,0.9801194071769714,0.5209007263183594,0.5799033045768738,0.17730538547039032,0.9994824528694153,0.4572741985321045,0.5735933184623718,-0.17747817933559418,0.9995116591453552,0.5007206201553345,0.6975154280662537,0.10445036739110947,0.6491110920906067,0.46015098690986633,0.6948333978652954,-0.26103100180625916,0.9772582054138184,0.49840685725212097,0.81722491979599,0.13371619582176208,0.7900076508522034,0.33924153447151184,0.8101874589920044,-0.17918862402439117,0.9744614958763123,0.4784894585609436,0.8409487009048462,0.12782350182533264,0.7738711833953857,0.3000190854072571,0.825810432434082,-0.17711709439754486,0.907600462436676,0.604781448841095,0.8417951464653015,0.017922887578606606,0.8796565532684326,0.40843719244003296,0.8588374853134155,-0.3288281559944153,0.9692922830581665
IMG_9570,7,232,bad,0.5786590576171875,0.3778936564922333,0.00037126868846826255,0.999998152256012,0.5725513696670532,0.3680213689804077,0.030254483222961426,0.9999951124191284,0.5712440609931946,0.3676776885986328,0.030362235382199287,0.9999926090240479,0.5696463584899902,0.3672667443752289,0.030423220247030258,0.999994158744812,0.5689318180084229,0.3670842945575714,-0.036576081067323685,0.9999974370002747,0.5652684569358826,0.36595505475997925,-0.036582671105861664,0.9999971985816956,0.5612790584564209,0.3647491931915283,-0.036729846149683,0.9999977350234985,0.5416457056999207,0.36821579933166504,0.18221235275268555,0.9999804496765137,0.5283241271972656,0.3656511604785919,-0.13550692796707153,0.9999986290931702,0.5662139058113098,0.38836631178855896,0.0613267682492733,0.9999948143959045,0.5611302256584167,0.38653022050857544,-0.0316835455596447,0.9999982714653015,0.5428350567817688,0.43264758586883545,0.34209391474723816,0.999976634979248,0.43753892183303833,0.4102853834629059,-0.22735145688056946,0.9999982118606567,0.62517911195755,0.4813240170478821,0.346770316362381,0.9221240282058716,0.3721814751625061,0.48187145590782166,-0.2593897879123688,0.9986046552658081,0.6402342319488525,0.41180330514907837,0.18008671700954437,0.9811313152313232,0.41541674733161926,0.5414810180664062,-0.17862798273563385,0.9962658882141113,0.6400028467178345,0.3952549695968628,0.15344226360321045,0.9506961107254028,0.4252319931983948,0.5631271004676819,-0.1863175481557846,0.9902420043945312,0.6293436288833618,0.39174455404281616,0.17060332000255585,0.9485010504722595,0.4407344460487366,0.5560030937194824,-0.20210760831832886,0.9890809655189514,0.6246334314346313,0.3969668447971344,0.17812520265579224,0.9363254308700562,0.4400217533111572,0.5500221848487854,-0.17401090264320374,0.9807222485542297,0.521240770816803,0.5793269276618958,0.17774200439453125,0.9994927644729614,0.45657211542129517,0.5735152363777161,-0.17791950702667236,0.9995200634002686,0.5005706548690796,0.6972572207450867,0.10716326534748077,0.6515066027641296,0.4597072899341583,0.6944884061813354,-0.26066070795059204,0.9767671227455139,0.49847373366355896,0.8172653913497925,0.14006765186786652,0.7924693822860718,0.3391084671020508,0.8102911114692688,-0.17865630984306335,0.9740435481071472,0.4784480333328247,0.8409469127655029,0.1345021277666092,0.7754204273223877,0.29984617233276367,0.8257731795310974,-0.1768539994955063,0.9051737189292908,0.604672908782959,0.8417902588844299,0.02456379309296608,0.8811600208282471,0.40728694200515747,0.858837366104126,-0.3304504454135895,0.9689610600471497
IMG_9570,8,265,bad,0.5806193947792053,0.37731462717056274,-0.023665523156523705,0.999998152256012,0.5737120509147644,0.36716827750205994,0.008767010644078255,0.999995231628418,0.572338879108429,0.366837739944458,0.008885825052857399,0.9999927878379822,0.5707039833068848,0.36647531390190125,0.008963840082287788,0.9999942779541016,0.5700039267539978,0.3663206994533539,-0.06193873658776283,0.9999974966049194,0.5661733746528625,0.3652530312538147,-0.06192319840192795,0.9999972581863403,0.5620629191398621,0.3640958368778229,-0.0620247945189476,0.9999977946281433,0.5422149896621704,0.3677647113800049,0.17378555238246918,0.9999808073043823,0.5291830897331238,0.3651919662952423,-0.1564391851425171,0.9999986886978149,0.5681973099708557,0.3877820074558258,0.04251179099082947,0.9999949336051941,0.5638084411621094,0.38582998514175415,-0.05406682565808296,0.9999983310699463,0.5429663062095642,0.4326271116733551,0.34349313378334045,0.9999769926071167,0.43593716621398926,0.4103778004646301,-0.24065083265304565,0.9999982714653015,0.6281914114952087,0.4814020097255707,0.3740537464618683,0.92274010181427,0.36417561769485474,0.48124444484710693,-0.2644139528274536,0.9986351132392883,0.6416015625,0.4118505120277405,0.2443038374185562,0.9812985062599182,0.39763355255126953,0.5385766625404358,-0.1844824254512787,0.9963951110839844,0.6425690054893494,0.39521709084510803,0.2276538908481598,0.9510483741760254,0.40838825702667236,0.5579797029495239,-0.19354133307933807,0.9905390739440918,0.6318081617355347,0.39174893498420715,0.24207763373851776,0.9489253759384155,0.4233590066432953,0.5514056086540222,-0.20647642016410828,0.9894317388534546,0.6264219284057617,0.39707687497138977,0.24262048304080963,0.9369304180145264,0.4229826033115387,0.54604572057724,-0.17875854671001434,0.9813241958618164,0.5193743109703064,0.5792403221130371,0.18040400743484497,0.9995050430297852,0.4561189115047455,0.5735323429107666,-0.18062137067317963,0.9995244145393372,0.5006490349769592,0.6971108913421631,0.10730749368667603,0.650439441204071,0.45971542596817017,0.6944767832756042,-0.2700534462928772,0.9761122465133667,0.49863728880882263,0.817267894744873,0.14347834885120392,0.7943565249443054,0.3389686644077301,0.8109033703804016,-0.17910389602184296,0.9736250638961792,0.4784761667251587,0.8408945798873901,0.13797222077846527,0.7765017747879028,0.2995051443576813,0.8259148597717285,-0.17711368203163147,0.9031545519828796,0.6052760481834412,0.8411769270896912,0.027858363464474678,0.8829171061515808,0.4073350727558136,0.8588171601295471,-0.338501900434494,0.9688960313796997
IMG_9570,9,298,bad,0.581306517124176,0.3769879639148712,-0.05621134489774704,0.9999982118606567,0.574508547782898,0.36662566661834717,-0.02213410474359989,0.9999954700469971,0.5732161402702332,0.36628732085227966,-0.02201521024107933,0.9999931454658508,0.5716776251792908,0.36592602729797363,-0.021928375586867332,0.9999945759773254,0.5704365372657776,0.36578553915023804,-0.0932454764842987,0.999997615814209,0.5663898587226868,0.36469566822052,-0.09321620315313339,0.9999973773956299,0.5621398687362671,0.3635053038597107,-0.09327192604541779,0.9999978542327881,0.5431588292121887,0.36736372113227844,0.15808501839637756,0.9999816417694092,0.529564619064331,0.3645693063735962,-0.1733069270849228,0.9999987483024597,0.5689020156860352,0.3874276578426361,0.015339620411396027,0.9999951720237732,0.5644427537918091,0.38543564081192017,-0.08096448332071304,0.9999983906745911,0.5436238646507263,0.43254414200782776,0.3406048119068146,0.9999773502349854,0.43467721343040466,0.41035521030426025,-0.24472767114639282,0.9999982714653015,0.6295674443244934,0.4815172553062439,0.33778026700019836,0.9225512146949768,0.3564452826976776,0.47992944717407227,-0.2533457577228546,0.9986672401428223,0.6422123908996582,0.4117542505264282,0.13439910113811493,0.9811436533927917,0.3791532516479492,0.5356389880180359,-0.14583133161067963,0.9964555501937866,0.6434836983680725,0.39513516426086426,0.10645453631877899,0.9508945941925049,0.39164549112319946,0.5513268113136292,-0.14958035945892334,0.9906565546989441,0.6326047778129578,0.39177051186561584,0.1179698258638382,0.9488837718963623,0.4037289619445801,0.5465782284736633,-0.16837306320667267,0.9896008968353271,0.6273602843284607,0.3970808982849121,0.12893617153167725,0.9370378255844116,0.40242236852645874,0.5418090224266052,-0.14216600358486176,0.9817146062850952,0.5179268717765808,0.5792352557182312,0.18329627811908722,0.9995125532150269,0.45508429408073425,0.5735352635383606,-0.18351726233959198,0.9995266199111938,0.5006740093231201,0.6971089243888855,0.11698317527770996,0.6524338722229004,0.4588187634944916,0.6949163675308228,-0.2686161696910858,0.9759683609008789,0.49860936403274536,0.8174077868461609,0.16031426191329956,0.7989339828491211,0.3375699818134308,0.8117963671684265,-0.1715557724237442,0.9736496806144714,0.47828221321105957,0.8409907817840576,0.15509982407093048,0.7800330519676208,0.29768067598342896,0.8264092206954956,-0.16955585777759552,0.9026895761489868,0.6050351858139038,0.841166615486145,0.03649259731173515,0.885764479637146,0.4078778624534607,0.8588016629219055,-0.33658140897750854,0.9690664410591125
IMG_9570,10,331,bad,0.5814732909202576,0.37677374482154846,-0.049323052167892456,0.9999983310699463,0.5748798251152039,0.36638006567955017,-0.016206659376621246,0.999995768070221,0.5736467242240906,0.36603233218193054,-0.016085511073470116,0.999993622303009,0.5721810460090637,0.36565765738487244,-0.016000863164663315,0.9999949336051941,0.5705774426460266,0.3655107021331787,-0.08594825863838196,0.9999977946281433,0.5664026141166687,0.3643718361854553,-0.08590748906135559,0.9999975562095642,0.5620989799499512,0.3631426990032196,-0.08596955984830856,0.9999979734420776,0.5438299775123596,0.3671843409538269,0.16013522446155548,0.9999828338623047,0.5295884013175964,0.3642198145389557,-0.161495178937912,0.9999988079071045,0.5693997740745544,0.3870209753513336,0.020421139895915985,0.9999954700469971,0.5648179650306702,0.38505980372428894,-0.07459372282028198,0.9999985098838806,0.5457008481025696,0.43227067589759827,0.3416158854961395,0.9999786019325256,0.43311846256256104,0.4102898836135864,-0.20979107916355133,0.9999983310699463,0.6305543184280396,0.48147499561309814,0.2926068902015686,0.9255222678184509,0.3525582551956177,0.47566500306129456,-0.17143529653549194,0.9987105131149292,0.6427169442176819,0.4122421443462372,0.0007747089257463813,0.9819748401641846,0.3595516085624695,0.5279215574264526,-0.037323251366615295,0.9965992569923401,0.6447906494140625,0.3952851891517639,-0.04162367060780525,0.9530390501022339,0.3682791292667389,0.5407516360282898,-0.035687707364559174,0.9910051226615906,0.6346352696418762,0.3920479118824005,-0.03056945465505123,0.9511533975601196,0.38053572177886963,0.5375346541404724,-0.05621253326535225,0.990012526512146,0.629412829875946,0.39748790860176086,-0.006831532344222069,0.9397973418235779,0.38151904940605164,0.5336910486221313,-0.03381643071770668,0.9825083017349243,0.5168882012367249,0.5766693353652954,0.18317991495132446,0.9995259642601013,0.45395195484161377,0.5720149874687195,-0.18340303003787994,0.9995381236076355,0.5009053945541382,0.6968035697937012,0.11138267070055008,0.6533980965614319,0.45895496010780334,0.6948467493057251,-0.27373287081718445,0.97633296251297,0.4985927939414978,0.8174108266830444,0.14438289403915405,0.800929069519043,0.33760276436805725,0.811775267124176,-0.1883755624294281,0.9736005067825317,0.4782331585884094,0.8409823775291443,0.1381365954875946,0.7791752219200134,0.29773569107055664,0.8262573480606079,-0.18794283270835876,0.9015664458274841,0.6041311621665955,0.8404185175895691,0.016480468213558197,0.8869602084159851,0.40788233280181885,0.858606219291687,-0.3623557686805725,0.9691203832626343
IMG_9570,11,364,bad,0.5815805196762085,0.3753122389316559,-0.04868429899215698,0.9999984502792358,0.5750067234039307,0.3649657368659973,-0.014042706228792667,0.9999960660934448,0.5737970471382141,0.3646335303783417,-0.013958973810076714,0.999994158744812,0.5723454356193542,0.364276260137558,-0.01384306512773037,0.9999953508377075,0.570602536201477,0.3641166388988495,-0.08185777813196182,0.9999979734420776,0.5663906335830688,0.36302945017814636,-0.08184830099344254,0.9999977350234985,0.5620709657669067,0.3618883192539215,-0.08193959295749664,0.9999980926513672,0.5441277623176575,0.36629027128219604,0.16788679361343384,0.9999841451644897,0.5295741558074951,0.36338648200035095,-0.14400890469551086,0.9999988675117493,0.5697253346443176,0.38569751381874084,0.024590006098151207,0.9999958276748657,0.5649721622467041,0.38370123505592346,-0.06722337007522583,0.9999986290931702,0.5509385466575623,0.43203940987586975,0.3424696922302246,0.999980092048645,0.43239516019821167,0.40997228026390076,-0.1926834136247635,0.9999983906745911,0.6305072903633118,0.4816797971725464,0.2678206264972687,0.9284639954566956,0.3510834872722626,0.4715084433555603,-0.14400359988212585,0.9987331032752991,0.6441364288330078,0.4150756895542145,-0.07769898325204849,0.983027994632721,0.3432177007198334,0.5194417834281921,-0.0019052763236686587,0.9967368245124817,0.6469327807426453,0.3975253105163574,-0.12578782439231873,0.955898106098175,0.34508588910102844,0.5321291089057922,0.000266130460659042,0.9913749098777771,0.6387472152709961,0.39346468448638916,-0.117686927318573,0.9541447758674622,0.3573240041732788,0.5292326807975769,-0.023818587884306908,0.9904468655586243,0.6327826380729675,0.39983367919921875,-0.08757514506578445,0.9433519244194031,0.36055558919906616,0.5255559682846069,-3.4677628718782216e-05,0.9833249449729919,0.51666259765625,0.5756372809410095,0.18288305401802063,0.999541699886322,0.45280131697654724,0.5712953805923462,-0.18310761451721191,0.9995567798614502,0.5010279417037964,0.6964414715766907,0.1217217892408371,0.6561806201934814,0.4594220519065857,0.6947826147079468,-0.29224857687950134,0.9772360920906067,0.49689963459968567,0.8174023628234863,0.1754576414823532,0.8030784130096436,0.3376322388648987,0.8117984533309937,-0.23652416467666626,0.974137544631958,0.4761353135108948,0.8410730361938477,0.1713232696056366,0.7775538563728333,0.29775965213775635,0.8262744545936584,-0.23959341645240784,0.9032134413719177,0.5993191599845886,0.8402478098869324,0.049202755093574524,0.888105034828186,0.4078375995159149,0.8586083650588989,-0.42098376154899597,0.9697760939598083
IMG_9570,12,397,bad,0.582844614982605,0.37519457936286926,-0.03356398269534111,0.9999985098838806,0.5760590434074402,0.364706814289093,-0.0004825404903385788,0.9999963045120239,0.5748499631881714,0.3643963932991028,-0.0004069488204549998,0.9999945163726807,0.5733880996704102,0.36406800150871277,-0.0002917496021836996,0.9999956488609314,0.5715023279190063,0.36386358737945557,-0.0655134916305542,0.9999980926513672,0.5672167539596558,0.362821489572525,-0.06550827622413635,0.9999978542327881,0.5628537535667419,0.3617154061794281,-0.06558981537818909,0.999998152256012,0.5449180603027344,0.36601337790489197,0.1762806922197342,0.9999850988388062,0.5301872491836548,0.36311042308807373,-0.1263670176267624,0.999998927116394,0.5707070827484131,0.3857347369194031,0.03754645958542824,0.9999960660934448,0.566264271736145,0.38369035720825195,-0.050563957542181015,0.9999986886978149,0.5547698140144348,0.4318847954273224,0.34300732612609863,0.9999812245368958,0.4326176643371582,0.4096071124076843,-0.17594584822654724,0.9999983906745911,0.630805492401123,0.48179781436920166,0.26648077368736267,0.9312391877174377,0.3528984785079956,0.4664548933506012,-0.1380576640367508,0.9987249374389648,0.6458069682121277,0.4157063066959381,-0.05713470280170441,0.9839122295379639,0.33386319875717163,0.512140154838562,-0.015864843502640724,0.9968230128288269,0.6495814323425293,0.39848509430885315,-0.100553497672081,0.9582260847091675,0.32976672053337097,0.5241249203681946,-0.015648318454623222,0.991618275642395,0.6411059498786926,0.394370973110199,-0.09252665191888809,0.9565680027008057,0.34294381737709045,0.5218056440353394,-0.03806551173329353,0.990743100643158,0.6346586346626282,0.40086525678634644,-0.06623095273971558,0.9462538957595825,0.3485175669193268,0.5184730291366577,-0.01472819596529007,0.9839170575141907,0.5151825547218323,0.5744049549102783,0.17895075678825378,0.9995537996292114,0.45175641775131226,0.5706276297569275,-0.1791747808456421,0.9995697736740112,0.5010399222373962,0.6962460279464722,0.10588055104017258,0.6556082963943481,0.4595256447792053,0.6945902109146118,-0.3103775680065155,0.9776398539543152,0.4966908097267151,0.817013144493103,0.14420825242996216,0.8012406229972839,0.3378653824329376,0.8114692568778992,-0.26324036717414856,0.974046528339386,0.4763939678668976,0.8406102657318115,0.13899436593055725,0.7723501324653625,0.297958642244339,0.8262370228767395,-0.266144722700119,0.9021058678627014,0.5979532599449158,0.8391762375831604,0.018281668424606323,0.8876659274101257,0.40598925948143005,0.858315646648407,-0.4441593885421753,0.969986617565155
IMG_9570,13,430,bad,0.5840224623680115,0.37525123357772827,-0.03331601619720459,0.9999985694885254,0.5774405002593994,0.364732950925827,-0.0004138094955123961,0.9999964833259583,0.5763741135597229,0.36443448066711426,-0.00032818166073411703,0.9999948143959045,0.5750694274902344,0.36411359906196594,-0.00021382380509749055,0.9999958872795105,0.572624683380127,0.3638301491737366,-0.06460680067539215,0.999998152256012,0.5683523416519165,0.36279070377349854,-0.06459735333919525,0.9999979138374329,0.5639901161193848,0.36169686913490295,-0.06467464566230774,0.999998152256012,0.5462135076522827,0.36595749855041504,0.1767633855342865,0.9999857544898987,0.5309298038482666,0.36294227838516235,-0.1218298152089119,0.999998927116394,0.5716591477394104,0.38590794801712036,0.03792266175150871,0.9999962449073792,0.5669575333595276,0.38372400403022766,-0.04907411336898804,0.9999986886978149,0.556914746761322,0.43188366293907166,0.33765387535095215,0.9999820590019226,0.43278735876083374,0.40953609347343445,-0.16958847641944885,0.9999983310699463,0.630881130695343,0.4819208085536957,0.2156887948513031,0.933103084564209,0.35406315326690674,0.46391433477401733,-0.15846318006515503,0.9986665844917297,0.6460540294647217,0.4172869026660919,-0.1586243361234665,0.9845258593559265,0.32996007800102234,0.5089393854141235,-0.06359308958053589,0.996822714805603,0.6498664617538452,0.4006494879722595,-0.21204780042171478,0.9599694013595581,0.3250071108341217,0.5197909474372864,-0.0660230740904808,0.9916967153549194,0.6411646604537964,0.3961133658885956,-0.20179156959056854,0.9584003686904907,0.3380984663963318,0.5171864628791809,-0.08306503295898438,0.9908636212348938,0.6346608400344849,0.40273112058639526,-0.16805101931095123,0.9483913779258728,0.34370654821395874,0.5142824053764343,-0.05972679331898689,0.9842197895050049,0.5146979093551636,0.5742505788803101,0.17666777968406677,0.9995608925819397,0.4504525661468506,0.5701972246170044,-0.17690075933933258,0.9995784759521484,0.5009493231773376,0.6962354183197021,0.09690817445516586,0.6524105668067932,0.4615883529186249,0.6944481134414673,-0.31640270352363586,0.9774941802024841,0.49608752131462097,0.8170350790023804,0.1277453601360321,0.797046959400177,0.33837559819221497,0.8113768696784973,-0.2677828073501587,0.9732641577720642,0.4764469861984253,0.8406149744987488,0.12184970825910568,0.7674305438995361,0.2979784905910492,0.8262331485748291,-0.2707226276397705,0.899182915687561,0.5988318920135498,0.8389575481414795,-0.0008879209635779262,0.885842502117157,0.40576106309890747,0.8583543300628662,-0.4499147832393646,0.9693797826766968
IMG_9570,14,464,bad,0.5863721370697021,0.37556925415992737,-0.023805459961295128,0.9999986290931702,0.5801070332527161,0.36498501896858215,0.009724600240588188,0.9999966621398926,0.578962504863739,0.3646968603134155,0.009810781106352806,0.9999951124191284,0.577613890171051,0.36438360810279846,0.009890084154903889,0.9999961256980896,0.5754252076148987,0.36395370960235596,-0.05744343250989914,0.9999982118606567,0.5711485147476196,0.36288368701934814,-0.057432107627391815,0.9999979734420776,0.5668437480926514,0.3617980182170868,-0.057493116706609726,0.9999982118606567,0.5479783415794373,0.3660013973712921,0.18878930807113647,0.9999865889549255,0.5335298180580139,0.36295613646507263,-0.12266198545694351,0.9999989867210388,0.573284387588501,0.38644757866859436,0.04844052344560623,0.9999964237213135,0.5686271786689758,0.3840425908565521,-0.04255957528948784,0.9999987483024597,0.5564388036727905,0.4318726062774658,0.36030343174934387,0.9999829530715942,0.434137225151062,0.4091814458370209,-0.17964190244674683,0.9999983310699463,0.6308457255363464,0.48225727677345276,0.3156871795654297,0.9350221753120422,0.3547811210155487,0.46174681186676025,-0.1676405966281891,0.9986297488212585,0.6465198397636414,0.4172568619251251,0.041508257389068604,0.9851804971694946,0.3344976305961609,0.5027340650558472,-0.14477801322937012,0.9968774914741516,0.6500771045684814,0.40050268173217773,0.013241163454949856,0.9616934061050415,0.32911184430122375,0.515268087387085,-0.15576209127902985,0.9918923377990723,0.6411495208740234,0.3960508108139038,0.016422629356384277,0.9601773023605347,0.3421385586261749,0.5132465362548828,-0.17482060194015503,0.9910969138145447,0.63470059633255,0.4025655686855316,0.03249521180987358,0.950532078742981,0.3479800522327423,0.5099002718925476,-0.14469732344150543,0.9846472144126892,0.5116555094718933,0.5733708739280701,0.17893289029598236,0.9995754361152649,0.4496467113494873,0.569008469581604,-0.17911486327648163,0.9995874166488647,0.49942463636398315,0.696230947971344,0.0793524980545044,0.6553823351860046,0.4631998836994171,0.6941586136817932,-0.3490813970565796,0.9775961637496948,0.49593549966812134,0.8171202540397644,0.09051821380853653,0.7980839610099792,0.3384631872177124,0.8109886050224304,-0.30566146969795227,0.9729899168014526,0.476351261138916,0.8408052921295166,0.0824420228600502,0.7681097388267517,0.2977142035961151,0.8262779116630554,-0.30887076258659363,0.897834300994873,0.59894859790802,0.8389824032783508,-0.040275175124406815,0.887662947177887,0.40405333042144775,0.8583542704582214,-0.49050524830818176,0.9696266055107117
IMG_9570,15,497,bad,0.5887594223022461,0.37589219212532043,-0.022167466580867767,0.9999986290931702,0.5829824209213257,0.3656854033470154,0.011498353444039822,0.9999967813491821,0.5819187760353088,0.3655000925064087,0.011586600914597511,0.9999952912330627,0.5807037353515625,0.3652539849281311,0.01164238154888153,0.9999962449073792,0.57853102684021,0.36450159549713135,-0.05627911537885666,0.9999982118606567,0.5743619799613953,0.36339065432548523,-0.05626783147454262,0.9999979734420776,0.5699715614318848,0.362233966588974,-0.056333549320697784,0.9999982118606567,0.5519529581069946,0.3665170967578888,0.19033390283584595,0.9999872446060181,0.5366805791854858,0.3631865084171295,-0.12420250475406647,0.9999989867210388,0.5759910345077515,0.3870036005973816,0.05013488233089447,0.9999964833259583,0.5712805986404419,0.3847123086452484,-0.04185202345252037,0.9999987483024597,0.5575063228607178,0.4321792721748352,0.3703160285949707,0.9999834895133972,0.4369969964027405,0.4090083837509155,-0.1845872849225998,0.9999982118606567,0.6306178569793701,0.48278099298477173,0.3883492350578308,0.9366307258605957,0.3549486994743347,0.46203604340553284,-0.24696756899356842,0.9985107183456421,0.647953987121582,0.4177686870098114,0.21164566278457642,0.9857217669487,0.3429221212863922,0.49632370471954346,-0.27461493015289307,0.9968301057815552,0.651982307434082,0.40085023641586304,0.1944451928138733,0.9630442261695862,0.34295496344566345,0.5080456733703613,-0.2943127751350403,0.9918713569641113,0.642490804195404,0.3963189423084259,0.2019129991531372,0.9615902304649353,0.35584989190101624,0.5047969818115234,-0.30431875586509705,0.9910768270492554,0.6357918977737427,0.40289005637168884,0.2072037309408188,0.9522183537483215,0.35962727665901184,0.5014128088951111,-0.27227360010147095,0.9846391677856445,0.5101891160011292,0.5731098055839539,0.1815110296010971,0.9995870590209961,0.44806969165802,0.5680499076843262,-0.1816382110118866,0.9995923638343811,0.49766337871551514,0.6963287591934204,0.06437883526086807,0.6534532904624939,0.4635302722454071,0.6941275596618652,-0.37820592522621155,0.9765391945838928,0.4957694709300995,0.8176648616790771,0.06713026762008667,0.7958957552909851,0.3384453356266022,0.810981810092926,-0.3404129147529602,0.9719175696372986,0.47636985778808594,0.841215968132019,0.058288756757974625,0.7664854526519775,0.29767245054244995,0.8263068795204163,-0.3440316319465637,0.8954632878303528,0.6020818948745728,0.839223325252533,-0.06687469780445099,0.8879060745239258,0.4045320451259613,0.8581677675247192,-0.5298445224761963,0.9691480994224548
IMG_9570,16,530,bad,0.5926769971847534,0.37610924243927,-0.003988835960626602,0.9999986290931702,0.5867989659309387,0.36591458320617676,0.029709631577134132,0.9999968409538269,0.585716724395752,0.36573001742362976,0.029806049540638924,0.9999954104423523,0.5844411253929138,0.36547520756721497,0.029825899749994278,0.9999963641166687,0.5825716853141785,0.3646424114704132,-0.03740872070193291,0.9999982118606567,0.5784330368041992,0.36349254846572876,-0.03741728514432907,0.9999979734420776,0.5739760398864746,0.3623252213001251,-0.03750964626669884,0.9999982118606567,0.5553951263427734,0.3666386604309082,0.20097963511943817,0.9999876618385315,0.5397505164146423,0.3633619546890259,-0.11161820590496063,0.9999989867210388,0.5800681114196777,0.38739123940467834,0.06479571759700775,0.9999964833259583,0.5745849013328552,0.38528168201446533,-0.026696106418967247,0.9999986886978149,0.5573900938034058,0.4328201711177826,0.37882310152053833,0.999983549118042,0.4412665069103241,0.40920883417129517,-0.17600487172603607,0.9999980926513672,0.6289666891098022,0.48614469170570374,0.43253904581069946,0.9376866221427917,0.35475459694862366,0.4628916382789612,-0.24167191982269287,0.9984242916107178,0.6485950350761414,0.4203980267047882,0.30020278692245483,0.986097514629364,0.3590473532676697,0.4951416254043579,-0.21420255303382874,0.9967410564422607,0.6524009108543396,0.4037376940250397,0.2879805266857147,0.9639999866485596,0.37065809965133667,0.506961464881897,-0.22660768032073975,0.991685152053833,0.6432415246963501,0.39912575483322144,0.2980438470840454,0.9625324010848999,0.37887778878211975,0.5020714998245239,-0.23830710351467133,0.9908522963523865,0.6368168592453003,0.40492507815361023,0.29838770627975464,0.9533279538154602,0.37800848484039307,0.4984608590602875,-0.21026405692100525,0.9842507243156433,0.5086352229118347,0.5729432106018066,0.1819293200969696,0.9995911121368408,0.44750621914863586,0.5669585466384888,-0.18204523622989655,0.9995933175086975,0.49633920192718506,0.6967084407806396,0.06719017028808594,0.646570086479187,0.46334487199783325,0.6940914988517761,-0.3791000545024872,0.9748073816299438,0.4952278435230255,0.8177282214164734,0.06773199141025543,0.7902839779853821,0.3379725217819214,0.8125928044319153,-0.3564543128013611,0.9701170921325684,0.474379301071167,0.8415384888648987,0.059146154671907425,0.7637525200843811,0.29766154289245605,0.827857494354248,-0.36071619391441345,0.8901374936103821,0.6024687886238098,0.8392821550369263,-0.06107759103178978,0.8870306015014648,0.40676891803741455,0.8593141436576843,-0.5410778522491455,0.9679969549179077
IMG_9570,17,563,bad,0.5931105017662048,0.377758651971817,-0.020821213722229004,0.9999984502792358,0.587961733341217,0.3673698306083679,0.013699480332434177,0.999996542930603,0.5871458053588867,0.3671400845050812,0.013784852810204029,0.9999949932098389,0.5861629247665405,0.366824746131897,0.013778011314570904,0.9999960660934448,0.5833777189254761,0.36604049801826477,-0.053242575377225876,0.9999980330467224,0.5791997313499451,0.36485692858695984,-0.05327063426375389,0.9999977350234985,0.5746715664863586,0.36367103457450867,-0.05338850989937782,0.9999980330467224,0.5593520998954773,0.36745914816856384,0.18884925544261932,0.9999866485595703,0.5416496992111206,0.36447572708129883,-0.12297862023115158,0.9999988675117493,0.5811582803726196,0.3887591063976288,0.04966972768306732,0.9999960064888,0.5747281908988953,0.3870854377746582,-0.04162977635860443,0.9999985098838806,0.557672381401062,0.4334050118923187,0.37499484419822693,0.9999827146530151,0.44594475626945496,0.4092305898666382,-0.191447451710701,0.9999979138374329,0.6236915588378906,0.4892081618309021,0.43980616331100464,0.9370088577270508,0.3563297390937805,0.4648173451423645,-0.36573588848114014,0.9983695149421692,0.6485753655433655,0.42485713958740234,0.3228115737438202,0.9864400029182434,0.3940541446208954,0.48487818241119385,-0.48721545934677124,0.9968414306640625,0.6522725820541382,0.40833497047424316,0.3151230216026306,0.9650591611862183,0.414527028799057,0.49169212579727173,-0.5245317816734314,0.9919533729553223,0.6432076096534729,0.4035884141921997,0.32516393065452576,0.9636121988296509,0.42398515343666077,0.4833727777004242,-0.5159619450569153,0.9911173582077026,0.6367532014846802,0.4092523753643036,0.32232263684272766,0.9545116424560547,0.4197172522544861,0.47982263565063477,-0.47805431485176086,0.9845625162124634,0.5077143311500549,0.5733405947685242,0.18493597209453583,0.9995970129966736,0.44698458909988403,0.5674615502357483,-0.1851186752319336,0.999596893787384,0.49007686972618103,0.696736216545105,0.07313510030508041,0.6366227865219116,0.4635021984577179,0.6939741969108582,-0.39370837807655334,0.9718317985534668,0.4952259063720703,0.8178999423980713,0.0838177353143692,0.7860692739486694,0.3378934860229492,0.8125596642494202,-0.37086260318756104,0.9685357213020325,0.4736817181110382,0.8422124981880188,0.07622671127319336,0.7598437666893005,0.29749688506126404,0.8280215859413147,-0.3750288784503937,0.8873884081840515,0.6038289666175842,0.8392993807792664,-0.04289480298757553,0.8860289454460144,0.40658503770828247,0.8587961792945862,-0.5560937523841858,0.9673010110855103
IMG_9570,18,596,bad,0.5968531966209412,0.38036906719207764,-0.015532511286437511,0.9999974966049194,0.5920770168304443,0.3692622482776642,0.01766987144947052,0.999995231628418,0.5911146402359009,0.3688911497592926,0.017739206552505493,0.9999932646751404,0.5899611115455627,0.3684597909450531,0.017720559611916542,0.9999949336051941,0.5879777669906616,0.36834242939949036,-0.048948463052511215,0.9999971389770508,0.584306538105011,0.36729681491851807,-0.04896716773509979,0.9999966025352478,0.5804656147956848,0.36622002720832825,-0.04909473657608032,0.999997079372406,0.5631342530250549,0.3687479496002197,0.1881464570760727,0.9999827146530151,0.5496495962142944,0.3668704032897949,-0.12281937897205353,0.9999980926513672,0.5854994058609009,0.3908939063549042,0.052610013633966446,0.9999939203262329,0.5798656940460205,0.3896498680114746,-0.03792032599449158,0.9999976754188538,0.5574390292167664,0.433398574590683,0.3720574676990509,0.9999786615371704,0.45919010043144226,0.4088760018348694,-0.19473326206207275,0.9999971389770508,0.6169840097427368,0.49399760365486145,0.3735671639442444,0.9286733269691467,0.3655579388141632,0.46534693241119385,-0.4111069142818451,0.998151421546936,0.6466480493545532,0.4363898038864136,0.19519440829753876,0.9851351380348206,0.47055643796920776,0.47378790378570557,-0.5108567476272583,0.9966034889221191,0.6521726250648499,0.4163844883441925,0.1813908815383911,0.9634911417961121,0.49904853105545044,0.47489237785339355,-0.5458956956863403,0.991327702999115,0.6434720754623413,0.41125690937042236,0.2025318443775177,0.9619041681289673,0.5150962471961975,0.4652447998523712,-0.5197551250457764,0.9902848601341248,0.63678377866745,0.4173048436641693,0.19814707338809967,0.9522231817245483,0.5114298462867737,0.4647429585456848,-0.49422499537467957,0.9829097390174866,0.5063797235488892,0.5727231502532959,0.18606893718242645,0.999580979347229,0.44720718264579773,0.5674303770065308,-0.1862688660621643,0.999573290348053,0.4855785369873047,0.6965910196304321,0.07226838171482086,0.620747447013855,0.4646286070346832,0.6939327716827393,-0.39067336916923523,0.968112587928772,0.49521660804748535,0.8178901672363281,0.07798325270414352,0.7746794819831848,0.3385731875896454,0.8128701448440552,-0.3853185772895813,0.9656965732574463,0.47284752130508423,0.8421580195426941,0.06942404061555862,0.7468648552894592,0.2974991202354431,0.8281146287918091,-0.39111965894699097,0.8820266127586365,0.6038079857826233,0.8392859697341919,-0.052284710109233856,0.8795368075370789,0.4064774215221405,0.8580290079116821,-0.5716134309768677,0.9651378989219666
IMG_9570,19,629,bad,0.5975732803344727,0.3806959390640259,0.06101932376623154,0.9999961853027344,0.5924871563911438,0.3704409599304199,0.09520084410905838,0.9999939799308777,0.59161376953125,0.370114803314209,0.09518581628799438,0.9999918341636658,0.5905805230140686,0.3696995973587036,0.09516191482543945,0.9999940395355225,0.5884563326835632,0.369682252407074,0.036820948123931885,0.9999957084655762,0.5847468972206116,0.36878862977027893,0.03681201487779617,0.9999949336051941,0.5808569192886353,0.36781519651412964,0.03663807362318039,0.9999957084655762,0.5658856630325317,0.37012800574302673,0.257013201713562,0.9999809861183167,0.5515164732933044,0.36873579025268555,-0.00764456344768405,0.9999971985816956,0.5886737704277039,0.39089199900627136,0.1264946013689041,0.9999921321868896,0.5828977823257446,0.3898174464702606,0.048694364726543427,0.9999962449073792,0.5600725412368774,0.43614426255226135,0.4122128188610077,0.9999708533287048,0.4788075089454651,0.40886563062667847,-0.1533311903476715,0.9999958872795105,0.6119911670684814,0.4980720281600952,0.244431734085083,0.9123854041099548,0.4113733470439911,0.4620448648929596,-0.394959032535553,0.9979109168052673,0.6436118483543396,0.437730073928833,-0.1035909578204155,0.9807940125465393,0.5418739318847656,0.45869362354278564,-0.4454450011253357,0.9961047768592834,0.6508826613426208,0.4187972843647003,-0.14770106971263885,0.9580228328704834,0.5680798292160034,0.4531210958957672,-0.4799293875694275,0.9898848533630371,0.6435052156448364,0.41367000341415405,-0.12188224494457245,0.9560279846191406,0.5715024471282959,0.44404512643814087,-0.446345716714859,0.9883607625961304,0.6367232799530029,0.41970041394233704,-0.1061498373746872,0.9451974630355835,0.5638507008552551,0.44844600558280945,-0.42725399136543274,0.979722797870636,0.5040996074676514,0.5716453194618225,0.1873944103717804,0.9995889067649841,0.4472287893295288,0.563753604888916,-0.18759699165821075,0.9995701909065247,0.48476889729499817,0.6952148079872131,0.050077322870492935,0.6077650189399719,0.465536504983902,0.6928417682647705,-0.37646129727363586,0.967800498008728,0.49523162841796875,0.8178079724311829,0.05625075101852417,0.7651868462562561,0.33876076340675354,0.8124039173126221,-0.3712032437324524,0.9642350077629089,0.472075879573822,0.8421557545661926,0.04744571074843407,0.733065664768219,0.2962300777435303,0.827192485332489,-0.3778747618198395,0.8785945773124695,0.6023715734481812,0.8391916751861572,-0.08955405652523041,0.8731250762939453,0.408155232667923,0.8572801351547241,-0.5694448947906494,0.9634050130844116
IMG_9570,20,662,bad,0.6003066897392273,0.3808165490627289,0.11270545423030853,0.9999963641166687,0.5937460660934448,0.37063854932785034,0.1458439975976944,0.9999943375587463,0.5928338170051575,0.37033164501190186,0.1457895189523697,0.9999923706054688,0.5917747616767883,0.3699369728565216,0.14571703970432281,0.9999944567680359,0.5897419452667236,0.3700283169746399,0.08737824112176895,0.9999958276748657,0.5861539244651794,0.369335412979126,0.08739857375621796,0.9999951124191284,0.5824101567268372,0.368579626083374,0.08739083260297775,0.9999958276748657,0.5683394074440002,0.3709886968135834,0.3010809123516083,0.999982476234436,0.5560627579689026,0.3702891767024994,0.037707068026065826,0.9999972581863403,0.5921118855476379,0.39100080728530884,0.1754889190196991,0.9999925494194031,0.5863785743713379,0.39012739062309265,0.09783478826284409,0.9999961853027344,0.5558463931083679,0.4410027861595154,0.46883317828178406,0.9999699592590332,0.4997064173221588,0.4098292589187622,-0.13354437053203583,0.9999954700469971,0.6039770245552063,0.5046021938323975,0.35079503059387207,0.8903558254241943,0.5114097595214844,0.44480371475219727,-0.3033255934715271,0.9975662231445312,0.6419116258621216,0.4493817985057831,0.06512993574142456,0.9720428586006165,0.6154215335845947,0.43186235427856445,-0.15354789793491364,0.9951128959655762,0.6502158045768738,0.43512946367263794,0.029200449585914612,0.9460495710372925,0.63788241147995,0.42504268884658813,-0.16479989886283875,0.9876424670219421,0.6435538530349731,0.4295685291290283,0.06960788369178772,0.9436493515968323,0.6328362226486206,0.42299333214759827,-0.15193553268909454,0.9855680465698242,0.6369584202766418,0.4340590834617615,0.06779281049966812,0.9312319755554199,0.6247640252113342,0.4251170754432678,-0.14040915668010712,0.9759446978569031,0.4955146014690399,0.571310818195343,0.1902383416891098,0.9996182322502136,0.4510119557380676,0.562565803527832,-0.19042174518108368,0.9995988607406616,0.4849083125591278,0.6942262649536133,0.0578405000269413,0.6007464528083801,0.46558526158332825,0.6926431655883789,-0.40452903509140015,0.9686267971992493,0.49477583169937134,0.8185240626335144,0.04787492752075195,0.7632631659507751,0.33875900506973267,0.8115569353103638,-0.4937942922115326,0.9643643498420715,0.47217169404029846,0.8429573774337769,0.0375850647687912,0.7269397377967834,0.29592129588127136,0.8267282843589783,-0.5078075528144836,0.8780766129493713,0.6043551564216614,0.8396211862564087,-0.08216192573308945,0.8721764087677002,0.4108012020587921,0.8576894402503967,-0.6796836853027344,0.9634883999824524
IMG_9570,21,696,bad,0.6019975543022156,0.38336381316185,0.08160404115915298,0.9999964833259583,0.5952849388122559,0.37263599038124084,0.11348078399896622,0.9999945759773254,0.5942840576171875,0.37245869636535645,0.11346538364887238,0.9999926686286926,0.593114972114563,0.3722451329231262,0.11342009156942368,0.999994695186615,0.5916227102279663,0.3720737397670746,0.05287082865834236,0.9999958872795105,0.5882086753845215,0.3715555965900421,0.052890483289957047,0.9999951720237732,0.5846513509750366,0.3710256516933441,0.05287657678127289,0.9999958872795105,0.5701079964637756,0.37462934851646423,0.27093955874443054,0.9999834299087524,0.5593957304954529,0.3739018440246582,-0.0025373841635882854,0.9999972581863403,0.5942779779434204,0.39431652426719666,0.14606134593486786,0.9999925494194031,0.5890315175056458,0.39370617270469666,0.06555359810590744,0.9999958872795105,0.5443035960197449,0.44224122166633606,0.4628011882305145,0.9999642372131348,0.5143979787826538,0.4097537696361542,-0.16865020990371704,0.9999951720237732,0.592468798160553,0.5062096118927002,0.4554569721221924,0.8420565724372864,0.5543889403343201,0.42833277583122253,-0.30098575353622437,0.9975060224533081,0.6307417750358582,0.45103132724761963,0.3279277980327606,0.9424798488616943,0.654694139957428,0.4217912256717682,-0.05072072520852089,0.9940977096557617,0.645551323890686,0.44767531752586365,0.3223378360271454,0.9121792912483215,0.6846365332603455,0.42138203978538513,-0.05338141322135925,0.9849846959114075,0.6368910670280457,0.43416696786880493,0.3362254500389099,0.9095406532287598,0.6776336431503296,0.42090997099876404,-0.04361704736948013,0.9823021292686462,0.6346556544303894,0.4364159405231476,0.3254619538784027,0.895820677280426,0.6661404967308044,0.4221361577510834,-0.03597317263484001,0.9714213013648987,0.4838573932647705,0.5717937350273132,0.19979515671730042,0.9996426105499268,0.45098599791526794,0.5634955167770386,-0.19996444880962372,0.9996265172958374,0.4852330982685089,0.6942459344863892,0.12293235212564468,0.6000876426696777,0.4642631411552429,0.6926432847976685,-0.39159443974494934,0.97007155418396,0.4935918152332306,0.8184082508087158,0.15909892320632935,0.7721164226531982,0.3387598693370819,0.8101212382316589,-0.44622915983200073,0.9660204648971558,0.4721403121948242,0.8418028354644775,0.1538916677236557,0.7333241105079651,0.29570725560188293,0.8254941701889038,-0.4577849209308624,0.882403552532196,0.6042360663414001,0.8391600251197815,0.044860292226076126,0.8766692876815796,0.41080963611602783,0.8565808534622192,-0.6251832246780396,0.9651142358779907
IMG_9570,22,729,bad,0.6044022440910339,0.38767844438552856,0.07368575036525726,0.9999967217445374,0.5975794196128845,0.37666448950767517,0.10566625744104385,0.9999949336051941,0.596490204334259,0.37644872069358826,0.10548785328865051,0.9999931454658508,0.5951988101005554,0.3762328326702118,0.10520347207784653,0.9999950528144836,0.5940484404563904,0.37598735094070435,0.03847593441605568,0.9999961256980896,0.5908448100090027,0.37541720271110535,0.038425326347351074,0.9999954700469971,0.5875903367996216,0.3748807907104492,0.038265008479356766,0.9999961256980896,0.5722273588180542,0.3785678744316101,0.2613508701324463,0.9999848008155823,0.5636107921600342,0.3773202896118164,-0.020907122641801834,0.9999974370002747,0.5956748723983765,0.3985402286052704,0.14124174416065216,0.9999929666519165,0.5911231637001038,0.3979209363460541,0.046312130987644196,0.9999960064888,0.541302502155304,0.4433532655239105,0.43977394700050354,0.9999627470970154,0.519016444683075,0.41067254543304443,-0.19983386993408203,0.9999953508377075,0.5866290330886841,0.507393479347229,0.4989806115627289,0.8119234442710876,0.5965680480003357,0.4233472943305969,-0.41694849729537964,0.9977092146873474,0.6316905617713928,0.4501867890357971,0.44174325466156006,0.9282252192497253,0.7294725775718689,0.4114683270454407,-0.30498623847961426,0.9944847822189331,0.645695149898529,0.44122377038002014,0.4459873139858246,0.8937128782272339,0.7714297771453857,0.4128091335296631,-0.33189472556114197,0.9857436418533325,0.6399366855621338,0.43404078483581543,0.44937729835510254,0.8908240795135498,0.7788746356964111,0.40949341654777527,-0.29947972297668457,0.9831428527832031,0.6354313492774963,0.43672481179237366,0.43801847100257874,0.8755643367767334,0.760834276676178,0.4099355638027191,-0.2852971851825714,0.9725409150123596,0.47904837131500244,0.5719273090362549,0.19885194301605225,0.999666154384613,0.4495754837989807,0.5641258358955383,-0.19902773201465607,0.9996572732925415,0.48915886878967285,0.6941115856170654,0.1518252193927765,0.61125248670578,0.46270278096199036,0.6925225853919983,-0.41113781929016113,0.9721193909645081,0.49412253499031067,0.8179742097854614,0.23750147223472595,0.7804449796676636,0.3358098864555359,0.8101339340209961,-0.5111823081970215,0.9680856466293335,0.4729274809360504,0.8417021036148071,0.23783577978610992,0.7388125061988831,0.2954427897930145,0.8257399797439575,-0.527525782585144,0.8881711363792419,0.6042076945304871,0.8397173881530762,0.13057400286197662,0.8796063661575317,0.41325119137763977,0.8565123677253723,-0.708595335483551,0.9669318199157715
IMG_9570,23,762,bad,0.6087456941604614,0.3883584141731262,0.07850460708141327,0.9999961256980896,0.5997570753097534,0.3782173693180084,0.10075348615646362,0.9999940991401672,0.5981931090354919,0.3779699504375458,0.10066398233175278,0.9999920129776001,0.5964753031730652,0.37771546840667725,0.1005418449640274,0.9999943375587463,0.5976927280426025,0.3775086998939514,0.03875065594911575,0.9999951720237732,0.5949938893318176,0.37683725357055664,0.03875478729605675,0.9999944567680359,0.592162013053894,0.3761870265007019,0.03868231922388077,0.9999953508377075,0.5741876363754272,0.3801997900009155,0.243092879652977,0.999983012676239,0.5696502327919006,0.37847578525543213,-0.03239687159657478,0.9999967217445374,0.600163459777832,0.39889228343963623,0.13469183444976807,0.9999919533729553,0.5978020429611206,0.397889643907547,0.05119282007217407,0.9999950528144836,0.535515308380127,0.4430912435054779,0.4310797452926636,0.999948263168335,0.5323644280433655,0.41066282987594604,-0.22345507144927979,0.9999952912330627,0.5825839638710022,0.5072497725486755,0.4464799463748932,0.7713289856910706,0.6266751885414124,0.43298086524009705,-0.3339416980743408,0.9978592991828918,0.6272182464599609,0.44799917936325073,0.303358793258667,0.8906868696212769,0.7888168692588806,0.40643009543418884,-0.064382404088974,0.9946420788764954,0.6358871459960938,0.43694832921028137,0.29693886637687683,0.8554044961929321,0.8157520294189453,0.4068542420864105,-0.07833243161439896,0.9860857725143433,0.626122772693634,0.43156975507736206,0.32464197278022766,0.8526812791824341,0.8190299272537231,0.40428999066352844,-0.07176055759191513,0.9835312366485596,0.6242533326148987,0.43378573656082153,0.30574750900268555,0.8377289175987244,0.8002330660820007,0.40386927127838135,-0.051442913711071014,0.9729584455490112,0.47242021560668945,0.5728795528411865,0.19923608005046844,0.9996752738952637,0.44975510239601135,0.5675404071807861,-0.19939042627811432,0.9996790885925293,0.4896603524684906,0.6940774917602539,0.20447863638401031,0.6095901131629944,0.4619154930114746,0.6927278637886047,-0.38265490531921387,0.9738953113555908,0.4946295917034149,0.8159863352775574,0.30833151936531067,0.784074068069458,0.333723247051239,0.8101759552955627,-0.4484495520591736,0.9698576331138611,0.47309747338294983,0.8391474485397339,0.31066304445266724,0.7398120164871216,0.2939818799495697,0.8262162804603577,-0.4607594609260559,0.8932311534881592,0.6025955677032471,0.8399243354797363,0.2121947854757309,0.8808023929595947,0.41364237666130066,0.8566284775733948,-0.6380220055580139,0.9685124158859253
IMG_9570,24,795,bad,0.609917163848877,0.3955264687538147,0.15418802201747894,0.9999906420707703,0.6002951264381409,0.3850417137145996,0.16532668471336365,0.9999856352806091,0.5984146595001221,0.38484305143356323,0.16526691615581512,0.9999820590019226,0.5964827537536621,0.3845357298851013,0.16517725586891174,0.999987006187439,0.5992019176483154,0.3838185966014862,0.10300347208976746,0.9999875426292419,0.5967226624488831,0.3828123211860657,0.10296367108821869,0.9999867081642151,0.5942376255989075,0.38180026412010193,0.10283760726451874,0.9999886751174927,0.5739997029304504,0.3842397630214691,0.2515893578529358,0.9999675750732422,0.5734862685203552,0.38205036520957947,-0.027743985876441002,0.9999899864196777,0.6018319129943848,0.404691219329834,0.19527706503868103,0.9999788403511047,0.6012177467346191,0.4026504456996918,0.11204220354557037,0.9999843239784241,0.5219351053237915,0.4415125250816345,0.4484654366970062,0.9999333024024963,0.5499094724655151,0.4101039469242096,-0.2197091281414032,0.9999943971633911,0.5723835825920105,0.5059649348258972,0.6232991814613342,0.7262444496154785,0.6839737892150879,0.4168657660484314,-0.25357988476753235,0.9978516697883606,0.6292642951011658,0.46165746450424194,0.6491902470588684,0.8531962633132935,0.8275442123413086,0.4039648175239563,0.0069518499076366425,0.994581401348114,0.632379412651062,0.44260552525520325,0.6667647361755371,0.817458987236023,0.8544909954071045,0.40528273582458496,-0.009773856028914452,0.9862474203109741,0.6269493103027344,0.43553078174591064,0.6508010029792786,0.8153722286224365,0.8576949238777161,0.40275442600250244,5.44604699825868e-06,0.98372483253479,0.6247883439064026,0.43768996000289917,0.6395491361618042,0.8015960454940796,0.8357639908790588,0.40242815017700195,0.019953204318881035,0.9730752110481262,0.45755141973495483,0.5734075307846069,0.2113281786441803,0.9996849298477173,0.44849348068237305,0.5693270564079285,-0.2114357352256775,0.9996951222419739,0.4900573790073395,0.6940543055534363,0.19330964982509613,0.6182705760002136,0.4584527015686035,0.6928210854530334,-0.3805524706840515,0.9757307767868042,0.49550560116767883,0.8160147070884705,0.26770099997520447,0.7959802150726318,0.33381614089012146,0.8095396757125854,-0.4324844777584076,0.9722237586975098,0.4735485315322876,0.8390288352966309,0.2674074172973633,0.7531477808952332,0.29365280270576477,0.8259280920028687,-0.444878488779068,0.9012799859046936,0.6028621792793274,0.8399748802185059,0.17118769884109497,0.8866157531738281,0.41373103857040405,0.8566325306892395,-0.617438018321991,0.9706932902336121
IMG_9570,25,828,bad,0.6112411618232727,0.39763331413269043,0.09109693765640259,0.999981701374054,0.6012201309204102,0.3865458369255066,0.09283344447612762,0.9999721050262451,0.5991765260696411,0.38601142168045044,0.09268416464328766,0.9999662041664124,0.5970805883407593,0.3853120505809784,0.09260184317827225,0.9999746680259705,0.6005536317825317,0.3854251801967621,0.029271164909005165,0.9999753832817078,0.598189115524292,0.3841536045074463,0.029243003576993942,0.999974250793457,0.5958471894264221,0.38285622000694275,0.029106197878718376,0.9999775886535645,0.5753241777420044,0.3840491473674774,0.18578678369522095,0.9999421238899231,0.5759424567222595,0.38237661123275757,-0.09509126842021942,0.9999817609786987,0.6036275029182434,0.40656062960624695,0.1295909285545349,0.9999619126319885,0.6027470827102661,0.4044693112373352,0.046671878546476364,0.9999706149101257,0.5254548788070679,0.4385930895805359,0.40342605113983154,0.9999111890792847,0.5443539619445801,0.412914901971817,-0.27749747037887573,0.999992847442627,0.5782138705253601,0.5044982433319092,0.5701907277107239,0.6967926621437073,0.6808697581291199,0.4246954619884491,-0.30478331446647644,0.9979708194732666,0.6291123032569885,0.46040400862693787,0.5753265023231506,0.8224149942398071,0.8458242416381836,0.4066182076931,-0.0774957612156868,0.994694173336029,0.6333951354026794,0.43911516666412354,0.6383392810821533,0.7848272919654846,0.8748329877853394,0.40665388107299805,-0.09789704531431198,0.9866091012954712,0.6284191012382507,0.43225035071372986,0.4851864278316498,0.7827485203742981,0.8792920112609863,0.40338191390037537,-0.08816331624984741,0.9841550588607788,0.6255367994308472,0.4350159466266632,0.5949816703796387,0.7696671485900879,0.8124701380729675,0.41585808992385864,-0.06471886485815048,0.9736109972000122,0.4562159478664398,0.5734131932258606,0.21399976313114166,0.9996662735939026,0.44472017884254456,0.5693777799606323,-0.21411201357841492,0.9996950626373291,0.4899002015590668,0.6933238506317139,0.2018805742263794,0.6164001226425171,0.45529964566230774,0.6926632523536682,-0.3486284613609314,0.9770963191986084,0.4949965178966522,0.8157854080200195,0.2903459370136261,0.8008559346199036,0.3345288634300232,0.8091638684272766,-0.38208091259002686,0.9740543961524963,0.4735127091407776,0.8384958505630493,0.2910112142562866,0.7612634897232056,0.29338333010673523,0.8254730701446533,-0.3945659399032593,0.9077057242393494,0.6008275747299194,0.8400283455848694,0.19277329742908478,0.8890827894210815,0.41251781582832336,0.8550940155982971,-0.5639240741729736,0.97227543592453
IMG_9570,26,861,bad,0.6105120182037354,0.40243983268737793,0.1667802631855011,0.9999663829803467,0.6011980772018433,0.3916878402233124,0.17083680629730225,0.9999545812606812,0.5991864800453186,0.391092985868454,0.17074444890022278,0.9999415874481201,0.5969164371490479,0.3900969922542572,0.170623317360878,0.9999538064002991,0.6003832817077637,0.3909014165401459,0.11254414170980453,0.9999613165855408,0.597920298576355,0.3897992670536041,0.11248409748077393,0.9999552369117737,0.5952685475349426,0.3884897828102112,0.11231706291437149,0.9999610185623169,0.5752750039100647,0.38729825615882874,0.2243935465812683,0.9999035000801086,0.576361358165741,0.38640448451042175,-0.034368112683296204,0.999969482421875,0.6031268835067749,0.40999364852905273,0.20006778836250305,0.9999338388442993,0.6018028259277344,0.4082816541194916,0.12300089746713638,0.9999498724937439,0.5198642611503601,0.43379664421081543,0.4141206741333008,0.9998857378959656,0.5624223947525024,0.4128195643424988,-0.26686421036720276,0.9999909400939941,0.5835680365562439,0.47633665800094604,0.5032941699028015,0.6493517756462097,0.7131292223930359,0.41935649514198303,-0.22373239696025848,0.9975958466529846,0.6300443410873413,0.45501479506492615,0.3858725428581238,0.7798452973365784,0.8437655568122864,0.40729960799217224,0.08573350310325623,0.9925241470336914,0.6476942300796509,0.43698105216026306,0.38449087738990784,0.745521605014801,0.8822965621948242,0.41102349758148193,0.07991325110197067,0.9834866523742676,0.6453604698181152,0.43159914016723633,0.3558301329612732,0.7444910407066345,0.8330665826797485,0.4153277575969696,0.07723045349121094,0.9807657599449158,0.6335562467575073,0.4335891306400299,0.3827534019947052,0.7328444719314575,0.863474428653717,0.4092686176300049,0.0947905033826828,0.9690349102020264,0.44417884945869446,0.5720357894897461,0.21911455690860748,0.9996625185012817,0.44449278712272644,0.5693873167037964,-0.2192896455526352,0.9997043013572693,0.48755601048469543,0.6924101710319519,0.25626108050346375,0.6180587410926819,0.4522970914840698,0.6926410794258118,-0.3154815137386322,0.9783271551132202,0.49538710713386536,0.8134753108024597,0.346527099609375,0.8077343106269836,0.3362511396408081,0.8091772794723511,-0.3411062955856323,0.9758890271186829,0.47429391741752625,0.8355481028556824,0.3476948142051697,0.7707803249359131,0.29371780157089233,0.8252685070037842,-0.35224640369415283,0.9137529730796814,0.5985984802246094,0.8386522531509399,0.27070942521095276,0.891455888748169,0.4124923050403595,0.8552364110946655,-0.5153574347496033,0.9736030697822571
IMG_9570,27,894,bad,0.610603928565979,0.4017876982688904,0.11909682303667068,0.9999568462371826,0.6013064384460449,0.39076927304267883,0.11928857862949371,0.9999422430992126,0.5994043946266174,0.3903124928474426,0.11906582862138748,0.9999250173568726,0.5972592234611511,0.3895895779132843,0.11889839172363281,0.9999402165412903,0.6000781059265137,0.38995611667633057,0.0695096030831337,0.9999509453773499,0.5974997878074646,0.38902294635772705,0.0694427564740181,0.999941885471344,0.5947862863540649,0.38799068331718445,0.06926081329584122,0.9999485611915588,0.5766077041625977,0.38807690143585205,0.19484595954418182,0.999880313873291,0.5763903260231018,0.38704946637153625,-0.051692064851522446,0.999959409236908,0.6040807366371155,0.4094552993774414,0.15168339014053345,0.9999167323112488,0.6018998026847839,0.4078889489173889,0.08667361736297607,0.999936044216156,0.522846519947052,0.4333520233631134,0.38130635023117065,0.9998586177825928,0.551799476146698,0.413581907749176,-0.251607209444046,0.9999858736991882,0.6153128743171692,0.46949365735054016,0.48098015785217285,0.6177506446838379,0.6843858957290649,0.41745665669441223,-0.2571483552455902,0.9973535537719727,0.6378481984138489,0.4540233016014099,0.34305596351623535,0.7513050436973572,0.831375241279602,0.40914279222488403,-0.028714528307318687,0.9909989833831787,0.7166047692298889,0.4431683421134949,0.33109039068222046,0.7175535559654236,0.8685436248779297,0.4123457372188568,-0.04236448183655739,0.9809200167655945,0.7149994969367981,0.4361422657966614,0.3245566487312317,0.7174521088600159,0.8147540092468262,0.41980189085006714,-0.03820544853806496,0.977908730506897,0.7066805958747864,0.4383455812931061,0.33471712470054626,0.7075251936912537,0.8504047989845276,0.40924134850502014,-0.018585415557026863,0.9652248024940491,0.44396403431892395,0.5720331072807312,0.21653962135314941,0.9996547102928162,0.4427633583545685,0.5698158740997314,-0.21671345829963684,0.9997039437294006,0.48728370666503906,0.6920853853225708,0.2160896509885788,0.6279738545417786,0.45156291127204895,0.6926553845405579,-0.32127347588539124,0.9796366095542908,0.495559424161911,0.8133671283721924,0.2898736596107483,0.815141499042511,0.33629921078681946,0.8092030882835388,-0.33701327443122864,0.9776161313056946,0.47484177350997925,0.8351825475692749,0.2886964678764343,0.7796228528022766,0.2937971353530884,0.8254169225692749,-0.3477754294872284,0.9191546440124512,0.5986606478691101,0.8385463356971741,0.19650337100028992,0.8945730328559875,0.4117768704891205,0.8551584482192993,-0.5195478200912476,0.9751089811325073
IMG_9570,28,928,bad,0.6118894219398499,0.4010995328426361,0.11296800523996353,0.9999496936798096,0.6020137071609497,0.3897084593772888,0.12306337803602219,0.9999352097511292,0.600051760673523,0.389213889837265,0.12292863428592682,0.9999156594276428,0.5980674624443054,0.38859450817108154,0.1228126659989357,0.9999319314956665,0.600525438785553,0.38894885778427124,0.06881838291883469,0.9999445080757141,0.5977439880371094,0.3880600333213806,0.06876685470342636,0.9999327659606934,0.5949946045875549,0.3871847689151764,0.06862583011388779,0.9999402165412903,0.5774087905883789,0.3878556191921234,0.1995859444141388,0.999864399433136,0.5770012140274048,0.38712695240974426,-0.047380510717630386,0.999952495098114,0.6062332987785339,0.4094955623149872,0.1512347310781479,0.9999009370803833,0.60337233543396,0.4078860580921173,0.07971571385860443,0.9999237060546875,0.5228025913238525,0.432978093624115,0.37805530428886414,0.9998276233673096,0.5557577013969421,0.41538330912590027,-0.24630355834960938,0.9999789595603943,0.6200668811798096,0.47227972745895386,0.42352601885795593,0.5793502330780029,0.6752572655677795,0.42104923725128174,-0.20148354768753052,0.9949966669082642,0.7150833010673523,0.45149245858192444,0.26043254137039185,0.7155060768127441,0.7726205587387085,0.42188704013824463,0.13235874474048615,0.9819625616073608,0.7494339346885681,0.44090938568115234,0.23886269330978394,0.6836876273155212,0.803573489189148,0.4163038432598114,0.13701452314853668,0.9690252542495728,0.7478246092796326,0.4345358908176422,0.2316257208585739,0.6837866306304932,0.7786591053009033,0.42128491401672363,0.13339929282665253,0.9647669196128845,0.7368722558021545,0.4374035596847534,0.24664120376110077,0.6757482886314392,0.7872926592826843,0.4178742468357086,0.14133910834789276,0.9496095180511475,0.4396456778049469,0.5718100070953369,0.21489784121513367,0.9996442794799805,0.4423370659351349,0.5701969861984253,-0.2150650918483734,0.9997022151947021,0.4864484369754791,0.691518247127533,0.20434299111366272,0.6264991164207458,0.450809121131897,0.6927084922790527,-0.313326895236969,0.979991614818573,0.4954606890678406,0.81328946352005,0.2695614993572235,0.8187503218650818,0.3363405764102936,0.8092091679573059,-0.3368505537509918,0.9786006212234497,0.4748345911502838,0.8345437049865723,0.2676600217819214,0.7843904495239258,0.29407408833503723,0.825427770614624,-0.34805062413215637,0.9222539663314819,0.5985068678855896,0.8373497724533081,0.1760805994272232,0.8954168558120728,0.4098682403564453,0.8549281358718872,-0.5150947570800781,0.9755041599273682
IMG_9570,29,961,bad,0.6139911413192749,0.4000542461872101,0.019005801528692245,0.9999433159828186,0.6040108799934387,0.388929545879364,0.043720219284296036,0.9999268651008606,0.6022754311561584,0.38847285509109497,0.04357635974884033,0.9999051690101624,0.6006119251251221,0.3878796696662903,0.04350335896015167,0.9999242424964905,0.6017743945121765,0.3880566656589508,-0.011173272505402565,0.9999368786811829,0.5988461971282959,0.3871542513370514,-0.011161758564412594,0.9999241232872009,0.5959988236427307,0.38625311851501465,-0.011277350597083569,0.9999325275421143,0.5795831084251404,0.3875238001346588,0.17159739136695862,0.9998472929000854,0.577077329158783,0.3866375684738159,-0.07390453666448593,0.9999452829360962,0.6088533401489258,0.40864238142967224,0.07488146424293518,0.9998824000358582,0.6051463484764099,0.4070664048194885,0.0029547514859586954,0.9999070167541504,0.5396906137466431,0.4339202046394348,0.3563351631164551,0.9997984766960144,0.543549656867981,0.4172438383102417,-0.2538253664970398,0.9999723434448242,0.653426468372345,0.4699164032936096,0.40315258502960205,0.5591415166854858,0.6528903245925903,0.4394873082637787,-0.2906283438205719,0.994653582572937,0.7653833031654358,0.4499928057193756,0.24406780302524567,0.6995483636856079,0.7537460923194885,0.42779016494750977,0.10920695960521698,0.9803717136383057,0.8390147686004639,0.4311336576938629,0.2245791107416153,0.6655697822570801,0.7824171781539917,0.41712430119514465,0.09014628082513809,0.9653318524360657,0.7933462858200073,0.435651570558548,0.21048560738563538,0.6658821702003479,0.7644771933555603,0.42306941747665405,0.08983196318149567,0.9603267312049866,0.7790536880493164,0.4391937553882599,0.227480947971344,0.6597223281860352,0.7674130201339722,0.4230532944202423,0.12623068690299988,0.9439391493797302,0.44502437114715576,0.5718971490859985,0.214590921998024,0.9996415376663208,0.44066786766052246,0.5701169967651367,-0.21472646296024323,0.9997063875198364,0.48405587673187256,0.6915062069892883,0.16426245868206024,0.6162543296813965,0.4548710286617279,0.6917011141777039,-0.35516393184661865,0.9801928400993347,0.4950428605079651,0.8133394122123718,0.2108454555273056,0.8140475153923035,0.3363715708255768,0.8091095089912415,-0.3959548771381378,0.979241669178009,0.47462084889411926,0.8350260257720947,0.2064700871706009,0.7807334065437317,0.294037401676178,0.8247396945953369,-0.4090510904788971,0.9246199131011963,0.6011534333229065,0.8375112414360046,0.09890498965978622,0.8928245902061462,0.4102906584739685,0.8545042872428894,-0.5884277820587158,0.9760525226593018
IMG_9570,30,994,bad,0.6076169610023499,0.39944636821746826,0.3315132260322571,0.9999328851699829,0.5979875922203064,0.3883556127548218,0.31407979130744934,0.9999133944511414,0.5953324437141418,0.3879167139530182,0.31403571367263794,0.9998907446861267,0.5927048325538635,0.3873434364795685,0.3139623701572418,0.9999096393585205,0.5998978018760681,0.3876290023326874,0.2628430128097534,0.999923586845398,0.5980545282363892,0.38683030009269714,0.2627590000629425,0.9999092221260071,0.5958370566368103,0.3860328793525696,0.2625093460083008,0.9999151825904846,0.5759324431419373,0.387174516916275,0.27468520402908325,0.9998229146003723,0.5788703560829163,0.3866703510284424,0.04703502729535103,0.9999313354492188,0.6012972593307495,0.40844088792800903,0.33029961585998535,0.9998602867126465,0.6021270751953125,0.40660011768341064,0.2625013291835785,0.9998878836631775,0.5135960578918457,0.4303904175758362,0.4053216576576233,0.9997966289520264,0.5700926780700684,0.4170580506324768,-0.19129879772663116,0.9999731183052063,0.5528422594070435,0.473082035779953,0.5225374102592468,0.5198863744735718,0.7007507681846619,0.42971956729888916,-0.15402629971504211,0.9945197105407715,0.6684736013412476,0.47379177808761597,0.4702916741371155,0.6693519353866577,0.8202725648880005,0.42546117305755615,0.19430658221244812,0.9800600409507751,0.686857283115387,0.47283613681793213,0.4782400131225586,0.6409565210342407,0.8471642136573792,0.42061877250671387,0.19342435896396637,0.9650353193283081,0.6948657035827637,0.4679017961025238,0.44778573513031006,0.6427819132804871,0.8481272459030151,0.42309290170669556,0.20096367597579956,0.959959864616394,0.694640040397644,0.4689047336578369,0.45223358273506165,0.6358577609062195,0.8309822082519531,0.42272061109542847,0.2072879821062088,0.9430449604988098,0.43636277318000793,0.570530891418457,0.2180773913860321,0.9996625781059265,0.4427373707294464,0.5701099038124084,-0.21839752793312073,0.9997280240058899,0.483827143907547,0.690822184085846,0.23630428314208984,0.6220687627792358,0.45488399267196655,0.6917144060134888,-0.3402087390422821,0.981503963470459,0.4951918423175812,0.8133836388587952,0.3070242404937744,0.8236437439918518,0.3364795744419098,0.8090236186981201,-0.37627601623535156,0.980754554271698,0.47492465376853943,0.8353228569030762,0.308407187461853,0.7923617362976074,0.29436495900154114,0.8242599368095398,-0.3871624171733856,0.929942786693573,0.6020363569259644,0.8374203443527222,0.23295728862285614,0.8956747651100159,0.40719833970069885,0.8541639447212219,-0.5453134179115295,0.9770039319992065
IMG_9570,31,1027,bad,0.6073186993598938,0.3990224599838257,0.20816875994205475,0.9999189972877502,0.597926914691925,0.388001948595047,0.21932180225849152,0.9998905062675476,0.595344066619873,0.3875589072704315,0.21932891011238098,0.9998651742935181,0.5927346348762512,0.38698482513427734,0.21927884221076965,0.9998891949653625,0.599341630935669,0.3872520625591278,0.16419532895088196,0.9999045729637146,0.5973687767982483,0.38643497228622437,0.16419397294521332,0.9998891949653625,0.5950729846954346,0.38562828302383423,0.16406415402889252,0.9998955726623535,0.5758114457130432,0.38686633110046387,0.23278850317001343,0.9997957944869995,0.5782421827316284,0.38628771901130676,-0.008761684410274029,0.9999063014984131,0.6011507511138916,0.407987505197525,0.24223065376281738,0.9998314380645752,0.6013332605361938,0.40616482496261597,0.16855576634407043,0.9998604655265808,0.510432243347168,0.42964479327201843,0.39301735162734985,0.9997726678848267,0.5814565420150757,0.41679269075393677,-0.2348031997680664,0.9999725818634033,0.5442957282066345,0.4771711826324463,0.5669243931770325,0.48547011613845825,0.702307403087616,0.42486467957496643,-0.2281036525964737,0.9948449730873108,0.5917565226554871,0.48117515444755554,0.608798086643219,0.6259070038795471,0.8320364356040955,0.42402440309524536,0.04781690612435341,0.9810048341751099,0.5899789333343506,0.48459696769714355,0.6289491057395935,0.6009669303894043,0.8656180500984192,0.42240720987319946,0.014501040801405907,0.9665789008140564,0.5960119962692261,0.47618547081947327,0.597693145275116,0.603532075881958,0.8625850677490234,0.4228404462337494,0.02207343652844429,0.9617009162902832,0.6009336709976196,0.4762965738773346,0.5950242877006531,0.5975597500801086,0.8513239622116089,0.42257237434387207,0.057516179978847504,0.9449156522750854,0.4387911856174469,0.5702213048934937,0.21705017983913422,0.9996494650840759,0.4439944922924042,0.5701072216033936,-0.21734453737735748,0.9997288584709167,0.4839026629924774,0.6904087066650391,0.2186478227376938,0.6195917725563049,0.4575273394584656,0.6916565299034119,-0.3402899205684662,0.9825056195259094,0.4952833354473114,0.8133581280708313,0.2893664538860321,0.8270767331123352,0.33691713213920593,0.8087083101272583,-0.37623926997184753,0.982005774974823,0.47496169805526733,0.8354348540306091,0.28977009654045105,0.7993191480636597,0.294372022151947,0.8239086270332336,-0.3872964382171631,0.9346161484718323,0.602654755115509,0.8374433517456055,0.1971350610256195,0.8975950479507446,0.4075707495212555,0.8544836044311523,-0.5454502105712891,0.9781816005706787
IMG_9570,32,1060,bad,0.6074540019035339,0.3970984220504761,0.2733886241912842,0.9999052286148071,0.597909152507782,0.3865273892879486,0.2685033977031708,0.9998711943626404,0.5953564643859863,0.38608965277671814,0.2684396803379059,0.999845027923584,0.5927613973617554,0.385552316904068,0.26836082339286804,0.9998743534088135,0.5992736220359802,0.3857422471046448,0.21219360828399658,0.9998876452445984,0.5972003936767578,0.3849053680896759,0.2121114730834961,0.9998729228973389,0.594837486743927,0.3840796947479248,0.21189449727535248,0.9998811483383179,0.5757378935813904,0.38611748814582825,0.27438080310821533,0.9997743368148804,0.5780412554740906,0.3853645920753479,0.025300296023488045,0.9998883008956909,0.6016101241111755,0.40659600496292114,0.29025915265083313,0.9997995495796204,0.6012911796569824,0.4047616720199585,0.2157740443944931,0.9998293519020081,0.5109785199165344,0.4284888207912445,0.42845067381858826,0.999751091003418,0.5788843631744385,0.41472798585891724,-0.19474048912525177,0.9999725818634033,0.5340907573699951,0.47607529163360596,0.6207359433174133,0.4514133632183075,0.7189779877662659,0.42374294996261597,-0.17133435606956482,0.9950530529022217,0.5809484124183655,0.47452685236930847,0.6844866871833801,0.5872111320495605,0.8451846837997437,0.4222460091114044,0.12343307584524155,0.9818682074546814,0.5783386826515198,0.4740328788757324,0.7120271921157837,0.5664349794387817,0.8777671456336975,0.4231951832771301,0.11106811463832855,0.9681181907653809,0.5847516059875488,0.46647706627845764,0.6880491375923157,0.5693421363830566,0.8759766817092896,0.42247331142425537,0.12338268011808395,0.9633776545524597,0.5899554491043091,0.4676368236541748,0.6745467185974121,0.564054012298584,0.8625472187995911,0.42200490832328796,0.13736788928508759,0.9466685056686401,0.4397042989730835,0.5695050954818726,0.21645914018154144,0.9996586441993713,0.446607768535614,0.5697243213653564,-0.21674691140651703,0.9997414350509644,0.48356887698173523,0.689493715763092,0.21349884569644928,0.6120154857635498,0.45911893248558044,0.6910738945007324,-0.32276827096939087,0.9833725094795227,0.49529922008514404,0.8133854866027832,0.28379499912261963,0.8300235271453857,0.33691930770874023,0.8083289861679077,-0.35376930236816406,0.9831104874610901,0.4749610126018524,0.8355147838592529,0.2849363684654236,0.8052963614463806,0.2938688099384308,0.8233351111412048,-0.3644069731235504,0.93887859582901,0.6014463901519775,0.837522029876709,0.20045115053653717,0.8983950614929199,0.4085957705974579,0.8538122773170471,-0.5184187889099121,0.9789252281188965
IMG_9570,33,1093,bad,0.6075777411460876,0.39691874384880066,0.24717412889003754,0.9999020099639893,0.5981450080871582,0.3864637315273285,0.24306651949882507,0.9998684525489807,0.5955859422683716,0.3860260844230652,0.24297437071800232,0.999843180179596,0.5930720567703247,0.3855009973049164,0.24288681149482727,0.9998732209205627,0.5991913676261902,0.38571229577064514,0.18903657793998718,0.9998795986175537,0.5970574617385864,0.3848910927772522,0.1890009492635727,0.9998619556427002,0.5946906805038452,0.3840596079826355,0.18883636593818665,0.999866247177124,0.575658917427063,0.3859582245349884,0.261085569858551,0.999776303768158,0.5779740214347839,0.3852745592594147,0.0110256252810359,0.9998683333396912,0.6015883088111877,0.4063680171966553,0.26230588555336,0.999796986579895,0.6010868549346924,0.40458306670188904,0.19053107500076294,0.9998165369033813,0.5021889805793762,0.42728424072265625,0.38562729954719543,0.9997481107711792,0.5817469358444214,0.41149604320526123,-0.1983790546655655,0.9999722838401794,0.49178245663642883,0.48515692353248596,0.4968271851539612,0.4333163797855377,0.7194045186042786,0.42179349064826965,-0.27766913175582886,0.995441734790802,0.4966948926448822,0.5382707118988037,0.5047056674957275,0.5595161318778992,0.8475358486175537,0.41931086778640747,-0.13080474734306335,0.9829729795455933,0.49269020557403564,0.5548468828201294,0.5350220203399658,0.5390549302101135,0.880004346370697,0.4216318130493164,-0.16693182289600372,0.9697051048278809,0.4954695403575897,0.5515162944793701,0.446208119392395,0.5423638224601746,0.8798231482505798,0.41980206966400146,-0.14734485745429993,0.965177595615387,0.4987558424472809,0.5459917783737183,0.4716170132160187,0.5370031595230103,0.8676408529281616,0.4194643199443817,-0.11920581758022308,0.948647677898407,0.4396415650844574,0.5691904425621033,0.21263127028942108,0.999666154384613,0.4509439170360565,0.5697101950645447,-0.2130330204963684,0.9997515082359314,0.4835633337497711,0.6892877817153931,0.22165319323539734,0.6149295568466187,0.459339439868927,0.6910093426704407,-0.25910601019859314,0.9844371676445007,0.49532222747802734,0.8130588531494141,0.31116119027137756,0.8348393440246582,0.3387531638145447,0.8082886934280396,-0.261818528175354,0.9841793775558472,0.4748525619506836,0.8355336785316467,0.31357380747795105,0.811479926109314,0.2947274148464203,0.8229170441627502,-0.27053165435791016,0.9424720406532288,0.6012830138206482,0.8375228643417358,0.22652682662010193,0.9001051783561707,0.4109671115875244,0.8538227081298828,-0.43350547552108765,0.9798129200935364
IMG_9570,34,1126,bad,0.60753333568573,0.3968049883842468,0.2657122313976288,0.9999015927314758,0.5980527400970459,0.38629722595214844,0.2636792063713074,0.9998661279678345,0.5955678224563599,0.3858817219734192,0.26363110542297363,0.9998401999473572,0.5931036472320557,0.3854042887687683,0.26354771852493286,0.9998704791069031,0.5988563895225525,0.3855089247226715,0.20667092502117157,0.999879002571106,0.5966992378234863,0.3846763074398041,0.2065991759300232,0.9998614192008972,0.5943535566329956,0.3838662803173065,0.20639671385288239,0.9998661279678345,0.5755965113639832,0.38581201434135437,0.2858773171901703,0.999767541885376,0.5777419805526733,0.38479548692703247,0.028819533064961433,0.9998681545257568,0.6015629768371582,0.4063017666339874,0.2855156362056732,0.9997931718826294,0.6010470986366272,0.4045025110244751,0.20967398583889008,0.9998147487640381,0.5053050518035889,0.42731598019599915,0.4335346221923828,0.9997463226318359,0.5765805244445801,0.41035062074661255,-0.18540504574775696,0.9999731183052063,0.49989187717437744,0.4850124716758728,0.5759913325309753,0.4115450978279114,0.7127671837806702,0.41894710063934326,-0.1829746812582016,0.9955103993415833,0.5998985171318054,0.49596303701400757,0.5488719940185547,0.5484321713447571,0.8505473732948303,0.4153074324131012,0.12295576184988022,0.9834239482879639,0.5998923182487488,0.5025213360786438,0.5621252059936523,0.5308947563171387,0.8822228312492371,0.41857144236564636,0.11579525470733643,0.9705718755722046,0.6103683710098267,0.4899024963378906,0.5315234661102295,0.5350114107131958,0.882502555847168,0.4161105155944824,0.12762707471847534,0.9661226868629456,0.6127051115036011,0.49040308594703674,0.5328660607337952,0.5296987295150757,0.8697053790092468,0.4157279431819916,0.13762618601322174,0.9496488571166992,0.44073036313056946,0.5692299008369446,0.21539559960365295,0.9996791481971741,0.4545585513114929,0.5700657367706299,-0.2157919555902481,0.9997658729553223,0.4835887849330902,0.689238965511322,0.26395779848098755,0.615179717540741,0.45939335227012634,0.6910563111305237,-0.2844817042350769,0.9851400256156921,0.49544715881347656,0.8129632472991943,0.3726048767566681,0.8394423723220825,0.3393332064151764,0.807930588722229,-0.3004128038883209,0.9851037263870239,0.47499972581863403,0.8356304168701172,0.3777594268321991,0.8176331520080566,0.29472774267196655,0.8225589990615845,-0.3101424276828766,0.9456980228424072,0.5997634530067444,0.8375372290611267,0.304186075925827,0.9012854695320129,0.41195517778396606,0.8538340330123901,-0.47385936975479126,0.980318009853363
IMG_9570,35,1160,bad,0.6076361536979675,0.3961711823940277,0.22061824798583984,0.9999074935913086,0.5981320142745972,0.3861581087112427,0.23767587542533875,0.9998723268508911,0.595790684223175,0.38585391640663147,0.23765838146209717,0.9998480677604675,0.5935465097427368,0.38532930612564087,0.23757997155189514,0.9998777508735657,0.598702073097229,0.3850967586040497,0.17470620572566986,0.9998852014541626,0.5962928533554077,0.3841993510723114,0.17472486197948456,0.9998695850372314,0.5936568975448608,0.3833235800266266,0.17457421123981476,0.9998746514320374,0.5755490064620972,0.3857141435146332,0.27752360701560974,0.9997816681861877,0.5756897926330566,0.3839961886405945,0.016952916979789734,0.9998764395713806,0.6015946865081787,0.4056693911552429,0.2832624018192291,0.9998050332069397,0.6009992957115173,0.40337011218070984,0.1944444328546524,0.9998254179954529,0.5124273896217346,0.42888888716697693,0.45624786615371704,0.9997528195381165,0.5693178176879883,0.4046975374221802,-0.1894797533750534,0.9999749660491943,0.5139509439468384,0.48935773968696594,0.651573121547699,0.40773001313209534,0.7015048265457153,0.41526561975479126,-0.258637398481369,0.995908260345459,0.6047117710113525,0.46833014488220215,0.7183670997619629,0.5425446629524231,0.8455739617347717,0.40965330600738525,-0.0968838632106781,0.9848908185958862,0.6073805093765259,0.46493008732795715,0.7433172464370728,0.5219846367835999,0.8794922828674316,0.41281700134277344,-0.13313253223896027,0.9730356931686401,0.6144354939460754,0.45188602805137634,0.7208666205406189,0.5256743431091309,0.8798495531082153,0.41028258204460144,-0.10729100555181503,0.9689173698425293,0.6149221658706665,0.45419958233833313,0.7095015048980713,0.5209628343582153,0.8679007291793823,0.4100911319255829,-0.07984820008277893,0.9534844756126404,0.44939762353897095,0.5699189901351929,0.21525636315345764,0.999682605266571,0.45409271121025085,0.5694389939308167,-0.2155628651380539,0.9997714161872864,0.48638999462127686,0.6902299523353577,0.18945026397705078,0.619357705116272,0.4594050943851471,0.6910654306411743,-0.3200884759426117,0.9860061407089233,0.4956502914428711,0.8149331212043762,0.273536741733551,0.8431788682937622,0.33952197432518005,0.8075312376022339,-0.3360521197319031,0.9859116673469543,0.4753333330154419,0.838777482509613,0.2754800021648407,0.8233662247657776,0.2945733070373535,0.8215593695640564,-0.34527483582496643,0.9487396478652954,0.601750910282135,0.8394301533699036,0.1708069145679474,0.9028682112693787,0.41116052865982056,0.8540882468223572,-0.517020583152771,0.9810523986816406
IMG_9570,36,1193,bad,0.6077574491500854,0.39603373408317566,0.09780488163232803,0.9999123811721802,0.5981298685073853,0.3859003782272339,0.11833451688289642,0.9998776316642761,0.5957964658737183,0.38565129041671753,0.1182822734117508,0.9998537302017212,0.5935645699501038,0.3851936459541321,0.11822272837162018,0.9998826384544373,0.5986345410346985,0.3847336173057556,0.059796467423439026,0.9998906850814819,0.5961931943893433,0.3838117718696594,0.05985141173005104,0.9998756051063538,0.5935627818107605,0.382932186126709,0.0598100870847702,0.9998806715011597,0.5755400657653809,0.3853906989097595,0.22307001054286957,0.9997860789299011,0.5757353901863098,0.38372302055358887,-0.038316842168569565,0.9998830556869507,0.6020810604095459,0.4055601954460144,0.15005072951316833,0.9998103380203247,0.6012500524520874,0.40325671434402466,0.07166240364313126,0.9998312592506409,0.522312581539154,0.42865467071533203,0.41099971532821655,0.9997535943984985,0.5628079175949097,0.4052012860774994,-0.2116665542125702,0.9999722242355347,0.6407626867294312,0.4642394781112671,0.46716198325157166,0.4110867977142334,0.6734234094619751,0.4377332925796509,-0.25662559270858765,0.9949551820755005,0.8146563768386841,0.41610991954803467,0.30481451749801636,0.5610349774360657,0.7677345275878906,0.42307525873184204,-0.06643577665090561,0.9829090237617493,0.845253050327301,0.4159698188304901,0.28524231910705566,0.538874626159668,0.7885890603065491,0.4165026545524597,-0.0949067547917366,0.9696193337440491,0.8513381481170654,0.4144633412361145,0.26118040084838867,0.5427215695381165,0.784818708896637,0.4145847260951996,-0.07696455717086792,0.9648027420043945,0.8348292112350464,0.41473516821861267,0.28321731090545654,0.5390189290046692,0.7738090753555298,0.4187190532684326,-0.050437912344932556,0.9477620124816895,0.4518029987812042,0.5702248811721802,0.2134239226579666,0.9996861219406128,0.4551302492618561,0.5697444677352905,-0.21365217864513397,0.9997628927230835,0.48835891485214233,0.690967321395874,0.17434202134609222,0.6194549798965454,0.45987361669540405,0.6920952200889587,-0.3016606569290161,0.9862881302833557,0.49565181136131287,0.8156415224075317,0.23654873669147491,0.8448469638824463,0.33946529030799866,0.8075170516967773,-0.2989548444747925,0.9863619208335876,0.47549134492874146,0.838768482208252,0.23457293212413788,0.8239819407463074,0.2924729585647583,0.8215667605400085,-0.30578476190567017,0.9501026272773743,0.602288544178009,0.8398788571357727,0.13366596400737762,0.9030441641807556,0.4072069525718689,0.8540922999382019,-0.46004873514175415,0.9812006950378418
IMG_9570,37,1226,bad,0.6093771457672119,0.3959362804889679,0.07564542442560196,0.9999164938926697,0.5998575687408447,0.3856370449066162,0.0962357297539711,0.9998810887336731,0.5976223349571228,0.3854621648788452,0.09618037939071655,0.9998578429222107,0.5953599810600281,0.3850898742675781,0.09610247611999512,0.9998871088027954,0.5995715260505676,0.38431355357170105,0.0356181338429451,0.9998939633369446,0.5969686508178711,0.3833256661891937,0.03567754849791527,0.9998803734779358,0.594165027141571,0.38237082958221436,0.03560185432434082,0.9998860359191895,0.5761323571205139,0.3853347897529602,0.211791530251503,0.9997928142547607,0.5757361054420471,0.3830609917640686,-0.059981316328048706,0.9998882412910461,0.6025464534759521,0.40547114610671997,0.1283528059720993,0.9998182058334351,0.6016550660133362,0.40323126316070557,0.04753384366631508,0.9998389482498169,0.5279744267463684,0.43161025643348694,0.4106586277484894,0.9997490048408508,0.5546132922172546,0.40487170219421387,-0.23155395686626434,0.9999732971191406,0.6239755153656006,0.49065080285072327,0.569881021976471,0.4101427495479584,0.656626284122467,0.4361690282821655,-0.3265538215637207,0.9953286051750183,0.7586244344711304,0.43264320492744446,0.5818403363227844,0.5692244172096252,0.79297935962677,0.4049448072910309,-0.1793268322944641,0.9843035936355591,0.7631258964538574,0.42799270153045654,0.595878541469574,0.5431825518608093,0.8190980553627014,0.40376925468444824,-0.21244241297245026,0.971836268901825,0.7575013637542725,0.42341503500938416,0.576504111289978,0.5463749170303345,0.8240916132926941,0.40136709809303284,-0.18648384511470795,0.9672905802726746,0.7484605312347412,0.4271664023399353,0.5698977708816528,0.542849063873291,0.8025006651878357,0.4019295871257782,-0.16282223165035248,0.951040506362915,0.4595099985599518,0.5708837509155273,0.21043992042541504,0.99968421459198,0.45540791749954224,0.5694414377212524,-0.21052142977714539,0.999761164188385,0.493663489818573,0.6914375424385071,0.1390913724899292,0.6226199269294739,0.4607580304145813,0.6920687556266785,-0.3574734628200531,0.9868117570877075,0.4963081181049347,0.816260039806366,0.20985235273838043,0.8456036448478699,0.3396391272544861,0.807441771030426,-0.3959380090236664,0.98681640625,0.47670456767082214,0.8391655683517456,0.2092011570930481,0.8234192728996277,0.2926497161388397,0.8215842843055725,-0.4068388044834137,0.9519075751304626,0.603270411491394,0.8413023352622986,0.09897270053625107,0.9032474756240845,0.41085612773895264,0.8547857403755188,-0.5811915993690491,0.9817276000976562
IMG_9570,38,1259,bad,0.6092678308486938,0.3920776844024658,0.06175202876329422,0.999923586845398,0.5998439788818359,0.38217732310295105,0.08172322064638138,0.9998907446861267,0.5976187586784363,0.3821026682853699,0.08168017119169235,0.9998692274093628,0.59536212682724,0.3819837272167206,0.08160856366157532,0.9998964071273804,0.59940505027771,0.38098302483558655,0.021336272358894348,0.9999024271965027,0.5967290997505188,0.3801296353340149,0.02138972468674183,0.999890148639679,0.5938397645950317,0.3793935477733612,0.021336674690246582,0.9998955726623535,0.5759997367858887,0.3834824562072754,0.20175042748451233,0.999809205532074,0.5742265582084656,0.38090941309928894,-0.06983126699924469,0.9998974204063416,0.6013987064361572,0.4031326472759247,0.11555784940719604,0.9998337030410767,0.6001622080802917,0.4008731544017792,0.03511328995227814,0.9998527765274048,0.5290093421936035,0.43360432982444763,0.40516701340675354,0.9997611045837402,0.5451352000236511,0.40514075756073,-0.2434900850057602,0.999975323677063,0.6184462308883667,0.49998170137405396,0.562587559223175,0.4169809818267822,0.6394942402839661,0.4173620045185089,-0.35840052366256714,0.9957303404808044,0.6903290748596191,0.4380257725715637,0.5599599480628967,0.5843693017959595,0.7974596619606018,0.3948860168457031,-0.21440578997135162,0.9856950640678406,0.6868389844894409,0.43369060754776,0.5700427293777466,0.5548628568649292,0.8256316781044006,0.3963885009288788,-0.247554749250412,0.9741386771202087,0.6871310472488403,0.4293347895145416,0.5527464151382446,0.5577036738395691,0.8312443494796753,0.39411547780036926,-0.22593240439891815,0.9699175357818604,0.6751441359519958,0.43252408504486084,0.5493029952049255,0.5531798601150513,0.8101860284805298,0.3934347927570343,-0.19902680814266205,0.9546472430229187,0.46509289741516113,0.5713278651237488,0.20756728947162628,0.9996970295906067,0.45523232221603394,0.5694396495819092,-0.20761488378047943,0.9997738003730774,0.49487757682800293,0.6918683648109436,0.15597596764564514,0.6284462809562683,0.46111541986465454,0.6919999122619629,-0.3840077221393585,0.9874197244644165,0.4976041913032532,0.816371500492096,0.24333707988262177,0.8472720384597778,0.3396381437778473,0.8074341416358948,-0.442370742559433,0.9872581958770752,0.47670549154281616,0.8391551375389099,0.24715492129325867,0.8228416442871094,0.2927437126636505,0.8216971755027771,-0.45583704113960266,0.9530497789382935,0.6045807003974915,0.8413793444633484,0.11868060380220413,0.9040817618370056,0.4109301269054413,0.8548853993415833,-0.6388170719146729,0.982323944568634
IMG_9570,39,1292,bad,0.6089084148406982,0.3893154263496399,0.047475315630435944,0.9999306201934814,0.599839448928833,0.3790555000305176,0.06870795041322708,0.9999005198478699,0.5976832509040833,0.37893444299697876,0.0686674416065216,0.999880850315094,0.5955101251602173,0.37881287932395935,0.06858976185321808,0.9999057054519653,0.5993322730064392,0.3778768479824066,0.009286142885684967,0.9999110102653503,0.5966503024101257,0.377040833234787,0.009361195378005505,0.9998999238014221,0.5937089323997498,0.37625664472579956,0.009364916943013668,0.9999049305915833,0.575889527797699,0.3807099759578705,0.19703923165798187,0.9998258352279663,0.5720632076263428,0.3779417872428894,-0.07027687132358551,0.9999066591262817,0.5998271703720093,0.40090060234069824,0.10423876345157623,0.9998490810394287,0.5974174737930298,0.39883750677108765,0.025314636528491974,0.9998664259910583,0.5308442711830139,0.43664780259132385,0.3936508893966675,0.9997755885124207,0.5321410298347473,0.4053027331829071,-0.23888252675533295,0.9999772906303406,0.615209698677063,0.5029398202896118,0.47620686888694763,0.43470707535743713,0.6320642232894897,0.4152260422706604,-0.34310632944107056,0.9960883855819702,0.6657835841178894,0.4424704611301422,0.3750213086605072,0.6029907464981079,0.7877697348594666,0.3918082118034363,-0.18353554606437683,0.9869006872177124,0.6604213714599609,0.43537211418151855,0.3635557293891907,0.5695128440856934,0.8219054937362671,0.3936583697795868,-0.21166162192821503,0.9760493636131287,0.6580049991607666,0.43096184730529785,0.36011257767677307,0.5720474123954773,0.822131872177124,0.39068636298179626,-0.19385693967342377,0.9720932841300964,0.6529589891433716,0.43425723910331726,0.36676326394081116,0.5659769773483276,0.8088737726211548,0.3912211060523987,-0.16881492733955383,0.9575766921043396,0.47731706500053406,0.5723540186882019,0.19809168577194214,0.9997051358222961,0.4548702836036682,0.5693937540054321,-0.19810521602630615,0.9997850060462952,0.4995501935482025,0.6928936243057251,0.16354596614837646,0.6315608620643616,0.46112769842147827,0.6921916604042053,-0.37814295291900635,0.9877392649650574,0.4981743097305298,0.816369891166687,0.2906520366668701,0.8460054993629456,0.339481383562088,0.8083871006965637,-0.44782137870788574,0.9872633218765259,0.47670096158981323,0.8391586542129517,0.29581889510154724,0.8177573084831238,0.2936675250530243,0.8227641582489014,-0.4624086916446686,0.9524306058883667,0.6063258051872253,0.8414885401725769,0.18105736374855042,0.9027122855186462,0.4120648205280304,0.8551346659660339,-0.6457679867744446,0.9823217391967773
IMG_9570,40,1325,bad,0.6069565415382385,0.3875100314617157,0.04335398972034454,0.9999369978904724,0.5991394519805908,0.3773268461227417,0.06569694727659225,0.9999094605445862,0.5972088575363159,0.3771977424621582,0.06567878276109695,0.9998914003372192,0.5951775312423706,0.3770546019077301,0.06561045348644257,0.9999141097068787,0.5979954600334167,0.37596753239631653,0.008627576753497124,0.9999189376831055,0.5952668786048889,0.37501320242881775,0.008691968396306038,0.9999089241027832,0.5922207236289978,0.3740588426589966,0.008688516914844513,0.9999135732650757,0.5747010707855225,0.3787696361541748,0.19909319281578064,0.999841034412384,0.5686342120170593,0.375228613615036,-0.0623055063188076,0.9999151229858398,0.5968778133392334,0.39872732758522034,0.1019141748547554,0.9998629093170166,0.5939413905143738,0.3966463506221771,0.025522343814373016,0.9998787641525269,0.5310951471328735,0.43860548734664917,0.39260002970695496,0.999787449836731,0.5213795900344849,0.4048955738544464,-0.23486167192459106,0.9999791383743286,0.6128226518630981,0.5030560493469238,0.4854152500629425,0.4417959749698639,0.5977300405502319,0.4140443503856659,-0.377363920211792,0.9963892102241516,0.652630090713501,0.443729966878891,0.4169917702674866,0.6158136129379272,0.7481837868690491,0.39393994212150574,-0.2841825485229492,0.9878933429718018,0.6560463309288025,0.4351092576980591,0.41416919231414795,0.5785576105117798,0.7877721190452576,0.39369145035743713,-0.31529584527015686,0.9775105714797974,0.6548881530761719,0.4304467737674713,0.4037666916847229,0.5809103846549988,0.7921262383460999,0.3905269503593445,-0.290867418050766,0.9737251996994019,0.6516649723052979,0.43375614285469055,0.40740829706192017,0.5729618668556213,0.778896689414978,0.39103537797927856,-0.26790651679039,0.959621250629425,0.4866090416908264,0.5731894373893738,0.19172357022762299,0.9997168779373169,0.4553171396255493,0.569306492805481,-0.19175097346305847,0.9997985363006592,0.5019278526306152,0.6939754486083984,0.17186830937862396,0.6397084593772888,0.4605991244316101,0.6922199726104736,-0.3690853416919708,0.9882375597953796,0.4981720447540283,0.8163895010948181,0.30615657567977905,0.8502045273780823,0.338924765586853,0.8085812330245972,-0.43212372064590454,0.9876663684844971,0.47670435905456543,0.839831531047821,0.3107558786869049,0.818157970905304,0.2941460609436035,0.8229937553405762,-0.44619202613830566,0.95273357629776,0.607503354549408,0.8422277569770813,0.19645124673843384,0.9050145149230957,0.41251006722450256,0.8556398153305054,-0.6266959309577942,0.9828469753265381
IMG_9570,41,1358,bad,0.606486976146698,0.38629069924354553,0.04400172829627991,0.9999420642852783,0.5991323590278625,0.3749121129512787,0.07034635543823242,0.999916672706604,0.5972126722335815,0.3746214807033539,0.0703406110405922,0.9998998045921326,0.5952013731002808,0.3743281066417694,0.07030544430017471,0.9999209046363831,0.5977959036827087,0.373957097530365,0.008590240962803364,0.9999250173568726,0.5949066877365112,0.37304893136024475,0.008648592047393322,0.9999158382415771,0.5916699171066284,0.37213200330734253,0.008615661412477493,0.9999203085899353,0.5743487477302551,0.37612295150756836,0.20144201815128326,0.999852180480957,0.5670166611671448,0.3736553490161896,-0.06487585604190826,0.9999221563339233,0.5961500406265259,0.3978278338909149,0.10490944236516953,0.9998740553855896,0.5928755402565002,0.3963050842285156,0.022907530888915062,0.9998887777328491,0.5337058305740356,0.44024020433425903,0.3938053250312805,0.9997919201850891,0.5114772915840149,0.40501129627227783,-0.2380431592464447,0.9999802112579346,0.6052634716033936,0.5036942958831787,0.41547802090644836,0.4401739239692688,0.5689936280250549,0.4150386154651642,-0.3468150198459625,0.9966208338737488,0.6437753438949585,0.4450378119945526,0.24742025136947632,0.6242366433143616,0.6901527047157288,0.39559054374694824,-0.1083986684679985,0.9885125756263733,0.6440925598144531,0.4367334246635437,0.22976411879062653,0.5846744775772095,0.7244002819061279,0.3972252309322357,-0.10670644044876099,0.9779936075210571,0.6454393267631531,0.4317093789577484,0.2370959222316742,0.5870246291160583,0.7268239855766296,0.3943996727466583,-0.09492190927267075,0.9742216467857361,0.6454493999481201,0.43377435207366943,0.24047428369522095,0.5775125622749329,0.7157207727432251,0.393428236246109,-0.09050183743238449,0.9601632356643677,0.4917192757129669,0.5739650130271912,0.1921064406633377,0.9997153282165527,0.4553806185722351,0.5690898299217224,-0.19213582575321198,0.9997976422309875,0.499917596578598,0.694804310798645,0.13420186936855316,0.63108891248703,0.46010902523994446,0.6922221779823303,-0.3646772801876068,0.9873725771903992,0.4980340898036957,0.8171584010124207,0.20069648325443268,0.8456453680992126,0.33921509981155396,0.8088532090187073,-0.4259619116783142,0.9863364100456238,0.47696974873542786,0.8407156467437744,0.19817829132080078,0.8113307356834412,0.29743316769599915,0.8234890103340149,-0.43585190176963806,0.9485061764717102,0.6071665287017822,0.8421066999435425,0.07788142561912537,0.9030820727348328,0.41250544786453247,0.8552939295768738,-0.6171858906745911,0.9816700220108032
IMG_9570,42,1392,bad,0.6033817529678345,0.38268035650253296,0.03883557394146919,0.9999472498893738,0.5976817011833191,0.3713344931602478,0.07201863825321198,0.9999242424964905,0.5962331891059875,0.3710159361362457,0.07198484987020493,0.9999088048934937,0.5945770740509033,0.3706451654434204,0.07195377349853516,0.9999281167984009,0.5946271419525146,0.3705500066280365,0.009512495249509811,0.9999315738677979,0.5909730792045593,0.3697274923324585,0.009538727812469006,0.9999232292175293,0.5870743989944458,0.3688693344593048,0.009519277140498161,0.9999273419380188,0.5730949640274048,0.3725607395172119,0.22836343944072723,0.9998651146888733,0.5603278875350952,0.3711448013782501,-0.05473819002509117,0.9999292492866516,0.593511164188385,0.39467713236808777,0.10617519915103912,0.9998854994773865,0.5881662964820862,0.3938692510128021,0.023667428642511368,0.9998987317085266,0.5382375717163086,0.4409688115119934,0.40009644627571106,0.9998039603233337,0.4935671091079712,0.40712469816207886,-0.2214447408914566,0.9999809265136719,0.6025018692016602,0.5030534863471985,0.3179386854171753,0.45796436071395874,0.5362370014190674,0.4203283488750458,-0.369795560836792,0.9967822432518005,0.6339879631996155,0.4456790089607239,0.047921665012836456,0.6450546383857727,0.6510468125343323,0.40096843242645264,-0.20020411908626556,0.9889254570007324,0.6425174474716187,0.4368477165699005,0.010404638946056366,0.6033932566642761,0.6813338994979858,0.39850082993507385,-0.21001991629600525,0.9780952334403992,0.6368598937988281,0.4323456585407257,0.03174585476517677,0.6053236126899719,0.6792719960212708,0.39566195011138916,-0.20230764150619507,0.9742562174797058,0.6318897008895874,0.433806836605072,0.04413136467337608,0.5938771367073059,0.6652817726135254,0.39640259742736816,-0.18696795403957367,0.9601446986198425,0.5001707077026367,0.5741272568702698,0.19202691316604614,0.9997187852859497,0.455556184053421,0.5688619017601013,-0.19207708537578583,0.9997972846031189,0.49754950404167175,0.6957933306694031,0.12218191474676132,0.6247713565826416,0.45791083574295044,0.6928354501724243,-0.36297860741615295,0.9860956072807312,0.49804139137268066,0.8176348209381104,0.171249121427536,0.8401105999946594,0.33924809098243713,0.8099423050880432,-0.41458794474601746,0.9844222664833069,0.4774089753627777,0.840648889541626,0.16672885417938232,0.8021402955055237,0.29787173867225647,0.8256832361221313,-0.42503276467323303,0.9410604238510132,0.6069353818893433,0.8417070508003235,0.04111233353614807,0.9009143114089966,0.41615328192710876,0.8548628091812134,-0.6052014827728271,0.9800665974617004
IMG_9570,43,1425,bad,0.598599374294281,0.38121023774147034,0.054933853447437286,0.9999521374702454,0.5931241512298584,0.3701224625110626,0.07868640869855881,0.9999313354492188,0.5919229388237,0.36979010701179504,0.07865522056818008,0.9999173879623413,0.590481698513031,0.369393527507782,0.0786203071475029,0.9999349117279053,0.589255690574646,0.36952894926071167,0.019977238029241562,0.9999378323554993,0.5854637622833252,0.3687722682952881,0.020006626844406128,0.9999302625656128,0.5814502835273743,0.36794140934944153,0.019959088414907455,0.9999340176582336,0.5674219131469727,0.37130817770957947,0.25651684403419495,0.9998775720596313,0.5542081594467163,0.3700989782810211,-0.034650418907403946,0.9999358654022217,0.5878602266311646,0.39308446645736694,0.11284618079662323,0.999896228313446,0.5826115012168884,0.3925445079803467,0.03405825048685074,0.9999081492424011,0.5441073179244995,0.44214874505996704,0.41013288497924805,0.999818742275238,0.4821908473968506,0.4079582989215851,-0.18182823061943054,0.9999814629554749,0.6056443452835083,0.5027405619621277,0.2840677499771118,0.4878702163696289,0.47516557574272156,0.43864375352859497,-0.3608161509037018,0.9967889189720154,0.6347383260726929,0.44499000906944275,-0.020831933245062828,0.6731263399124146,0.6063286662101746,0.4124908149242401,-0.26940155029296875,0.989118754863739,0.6431620717048645,0.4308224320411682,-0.06377651542425156,0.6310567259788513,0.6387404799461365,0.40717095136642456,-0.28460264205932617,0.9778589606285095,0.638148307800293,0.42611271142959595,-0.03553127124905586,0.6324161887168884,0.6366130709648132,0.40300968289375305,-0.2679518461227417,0.9738057851791382,0.6350419521331787,0.42957180738449097,-0.022443780675530434,0.6198608875274658,0.6241640448570251,0.40529531240463257,-0.25488221645355225,0.9592122435569763,0.5037954449653625,0.5741198062896729,0.18926924467086792,0.9997206330299377,0.45559364557266235,0.5680325031280518,-0.18932627141475677,0.9997950196266174,0.4974011480808258,0.6965396404266357,0.11740975826978683,0.618034839630127,0.4570668637752533,0.6927762627601624,-0.39750149846076965,0.9850636720657349,0.498027503490448,0.8180040121078491,0.1569191813468933,0.8307446241378784,0.33942314982414246,0.8105523586273193,-0.471722811460495,0.9823309183120728,0.4765326678752899,0.8413219451904297,0.15177549421787262,0.789214015007019,0.2975662052631378,0.8264989852905273,-0.4859524071216583,0.9322019219398499,0.606438398361206,0.8412385582923889,0.028243502601981163,0.8956573605537415,0.4144860506057739,0.8558862209320068,-0.6793588399887085,0.9782019853591919
IMG_9570,44,1458,bad,0.5923195481300354,0.38108184933662415,0.05627474561333656,0.9999565482139587,0.5882211923599243,0.3701777756214142,0.08513608574867249,0.9999376535415649,0.5881691575050354,0.36983048915863037,0.08512265980243683,0.9999249577522278,0.587867021560669,0.3694109320640564,0.08508729934692383,0.9999409914016724,0.5810524225234985,0.36968994140625,0.02594575844705105,0.9999435544013977,0.576201856136322,0.36898574233055115,0.025980252772569656,0.9999366402626038,0.5708057880401611,0.36816462874412537,0.025941869243979454,0.9999401569366455,0.5671021342277527,0.37089264392852783,0.2587246894836426,0.9998883008956909,0.5448742508888245,0.36944204568862915,0.0034758648835122585,0.999941885471344,0.5846661925315857,0.39222583174705505,0.11810717731714249,0.9999057054519653,0.5767009854316711,0.3916481137275696,0.039216481149196625,0.9999167323112488,0.561327338218689,0.4422445595264435,0.41213399171829224,0.9998294711112976,0.47804927825927734,0.408192902803421,-0.11995135992765427,0.9999825954437256,0.610435962677002,0.5023655295372009,0.28005528450012207,0.5243207216262817,0.4134349822998047,0.4512609839439392,-0.35830530524253845,0.9969353675842285,0.6355093121528625,0.44260483980178833,-0.0009969089878723025,0.7027223110198975,0.5522903800010681,0.42672300338745117,-0.40999332070350647,0.9898873567581177,0.6444380283355713,0.4249265491962433,-0.03563423454761505,0.6619139313697815,0.5880027413368225,0.4208942651748657,-0.4374046325683594,0.9790000319480896,0.6405078172683716,0.4197228252887726,-0.0083619998767972,0.6626648306846619,0.5934194922447205,0.4155903458595276,-0.4006348252296448,0.9750378727912903,0.6357991695404053,0.42491763830184937,-0.00025335344253107905,0.6497543454170227,0.5814462900161743,0.41865453124046326,-0.38938671350479126,0.9608638286590576,0.5085349678993225,0.5740668177604675,0.1848793774843216,0.9997129440307617,0.4561455547809601,0.5667364597320557,-0.18505309522151947,0.9997898936271667,0.493577241897583,0.6967270374298096,0.0917634665966034,0.6055085062980652,0.4574969410896301,0.6926829814910889,-0.40548357367515564,0.9827848672866821,0.49782273173332214,0.8179742693901062,0.11916116625070572,0.8146095871925354,0.3395431935787201,0.8115262389183044,-0.45399948954582214,0.9786871075630188,0.47599369287490845,0.8413058519363403,0.11313134431838989,0.7699321508407593,0.2974274754524231,0.8279665112495422,-0.4654529094696045,0.9190720915794373,0.6063861846923828,0.8408266305923462,-0.01324256882071495,0.8861342668533325,0.4113432466983795,0.8557752966880798,-0.658970057964325,0.9748765230178833
IMG_9570,45,1491,bad,0.5929184556007385,0.3815999925136566,0.003034021705389023,0.9999601244926453,0.5886417627334595,0.37061184644699097,0.03586696833372116,0.9999428391456604,0.588451087474823,0.3702068626880646,0.03592221066355705,0.9999310374259949,0.5880380868911743,0.36971426010131836,0.03588748350739479,0.9999459385871887,0.5820968747138977,0.370090126991272,-0.024008961394429207,0.999948263168335,0.5775554776191711,0.3693494498729706,-0.023994768038392067,0.9999417662620544,0.5725886225700378,0.3685043752193451,-0.024080438539385796,0.9999451041221619,0.5669062733650208,0.3706088662147522,0.20875489711761475,0.9998959898948669,0.5471373200416565,0.369297593832016,-0.06663977354764938,0.9999467730522156,0.5850454568862915,0.39234286546707153,0.06989894807338715,0.9999135136604309,0.5774334669113159,0.3916456699371338,-0.01130428072065115,0.9999241828918457,0.5585082173347473,0.43980175256729126,0.36207863688468933,0.9998425841331482,0.47256773710250854,0.4081786870956421,-0.1499979943037033,0.9999832510948181,0.6090083718299866,0.50184166431427,0.27553239464759827,0.5631579756736755,0.37620222568511963,0.4599234461784363,-0.3896907567977905,0.9968888163566589,0.6376307010650635,0.44004562497138977,0.03040285035967827,0.7311058640480042,0.5131435990333557,0.44462794065475464,-0.49463602900505066,0.990379810333252,0.6464502811431885,0.4215089976787567,-0.0002853748155757785,0.6928035616874695,0.5484758019447327,0.4396214783191681,-0.527324914932251,0.9796224236488342,0.6414015293121338,0.4162125587463379,0.020874731242656708,0.693279504776001,0.5542612671852112,0.43112337589263916,-0.4943787157535553,0.9757060408592224,0.6370341777801514,0.42121848464012146,0.03097977116703987,0.6805381178855896,0.5476122498512268,0.43400445580482483,-0.4760441482067108,0.9614604115486145,0.5095840692520142,0.5737354159355164,0.1817389726638794,0.9996857643127441,0.4561313986778259,0.5666319727897644,-0.18192701041698456,0.9997627139091492,0.49323543906211853,0.6968124508857727,0.09723148494958878,0.59698885679245,0.45786604285240173,0.692675769329071,-0.3997478187084198,0.9783243536949158,0.498215913772583,0.8179922699928284,0.12708421051502228,0.8003633618354797,0.33971577882766724,0.8115471005439758,-0.4515252411365509,0.9743868708610535,0.47617509961128235,0.8412789106369019,0.12111479043960571,0.7547107338905334,0.2967650294303894,0.8278713226318359,-0.45897620916366577,0.9065164923667908,0.6065449714660645,0.8405239582061768,-0.0018930576043203473,0.8781595230102539,0.40938088297843933,0.855744481086731,-0.645285964012146,0.9712414145469666
IMG_9570,46,1524,bad,0.5927722454071045,0.3809705376625061,-0.004525923635810614,0.999963641166687,0.5885699391365051,0.3700379431247711,0.026177510619163513,0.9999477863311768,0.5882131457328796,0.36958983540534973,0.026260970160365105,0.9999368786811829,0.5876514911651611,0.36904677748680115,0.026252396404743195,0.9999505877494812,0.5826075077056885,0.3692791163921356,-0.035348039120435715,0.9999529719352722,0.5782557725906372,0.3683266341686249,-0.03535587340593338,0.9999470114707947,0.5735911726951599,0.3672846555709839,-0.03545505553483963,0.999950110912323,0.5652618408203125,0.36914703249931335,0.1906115710735321,0.999903678894043,0.547000527381897,0.3676166236400604,-0.09657853096723557,0.9999516606330872,0.5845698118209839,0.39120566844940186,0.06131032481789589,0.9999211430549622,0.5774715542793274,0.39022454619407654,-0.022557249292731285,0.9999313950538635,0.555851399898529,0.43709415197372437,0.3532162010669708,0.9998549222946167,0.4637117385864258,0.40741124749183655,-0.1580517441034317,0.9999844431877136,0.6122561097145081,0.500090479850769,0.32610952854156494,0.599137544631958,0.3555651009082794,0.4639563262462616,-0.37454959750175476,0.9969049692153931,0.6419944763183594,0.4355078339576721,0.12596018612384796,0.7569550275802612,0.47652360796928406,0.4535573720932007,-0.49670764803886414,0.9910348057746887,0.6481622457504272,0.4180687963962555,0.10303493589162827,0.7212896943092346,0.5083276629447937,0.45041224360466003,-0.5314499735832214,0.9808453917503357,0.6424562335014343,0.4122794270515442,0.11597572267055511,0.7215775847434998,0.5176226496696472,0.4408190846443176,-0.5067263245582581,0.9771527051925659,0.6378962397575378,0.41740524768829346,0.1235477551817894,0.7092230916023254,0.5098577737808228,0.4423061013221741,-0.48084285855293274,0.9634134769439697,0.5083506107330322,0.5730322599411011,0.18034182488918304,0.9996656179428101,0.45631277561187744,0.5665791034698486,-0.18056295812129974,0.999748945236206,0.49132412672042847,0.6967747807502747,0.10942509025335312,0.5891901850700378,0.459546834230423,0.6926083564758301,-0.40812137722969055,0.9746659398078918,0.4955770969390869,0.819058895111084,0.14377260208129883,0.7904919385910034,0.3391333222389221,0.8134264945983887,-0.4429106116294861,0.9723061323165894,0.4748072326183319,0.8422064781188965,0.1380365639925003,0.743586540222168,0.29632440209388733,0.8286941647529602,-0.4516867697238922,0.9008978009223938,0.6065602898597717,0.8401284217834473,0.021415740251541138,0.8745100498199463,0.4091739058494568,0.8565284609794617,-0.6376827955245972,0.9698660969734192
IMG_9570,47,1557,bad,0.5930744409561157,0.3796817660331726,-0.019124913960695267,0.9999668598175049,0.5886415839195251,0.36857202649116516,0.011196349747478962,0.9999523162841797,0.5880938768386841,0.36808517575263977,0.011285047046840191,0.9999422430992126,0.5872737169265747,0.3674802780151367,0.011293034069240093,0.9999548196792603,0.5830869078636169,0.3679598569869995,-0.05562300980091095,0.999957263469696,0.5788573622703552,0.36698830127716064,-0.055650096386671066,0.9999518394470215,0.5742970705032349,0.3659317195415497,-0.05577436089515686,0.9999547004699707,0.5618575215339661,0.36797434091567993,0.17490413784980774,0.999910831451416,0.5471210479736328,0.3663923144340515,-0.13795745372772217,0.9999561905860901,0.5840181112289429,0.3900521397590637,0.0475299172103405,0.9999281167984009,0.577908992767334,0.38882383704185486,-0.04364842176437378,0.999937891960144,0.5542157888412476,0.4356691539287567,0.3488340675830841,0.9998665452003479,0.4586411714553833,0.4075164496898651,-0.1860204041004181,0.9999855160713196,0.6131014823913574,0.497240275144577,0.38710910081863403,0.6311444044113159,0.3524949550628662,0.4687020778656006,-0.39844539761543274,0.9969052076339722,0.6450453400611877,0.43189913034439087,0.2902780771255493,0.7800360918045044,0.43558499217033386,0.46291300654411316,-0.5367488861083984,0.991597592830658,0.650663435459137,0.41547930240631104,0.2865959703922272,0.7464005351066589,0.45478275418281555,0.4656202793121338,-0.5713226795196533,0.9819351434707642,0.6426034569740295,0.41004061698913574,0.29922524094581604,0.7465487122535706,0.46959006786346436,0.4559568464756012,-0.5544210076332092,0.9784706234931946,0.6381420493125916,0.41534632444381714,0.2921481728553772,0.7344542145729065,0.4678872525691986,0.4550166726112366,-0.5245780944824219,0.9651861190795898,0.5089826583862305,0.5730285048484802,0.18140603601932526,0.9996563792228699,0.45693138241767883,0.5672003030776978,-0.18161772191524506,0.999737560749054,0.4896387755870819,0.6967592239379883,0.11517233401536942,0.5929215550422668,0.46424347162246704,0.6926420331001282,-0.4038563370704651,0.9727165699005127,0.4953249394893646,0.8190467357635498,0.15772968530654907,0.7926273345947266,0.33947381377220154,0.8130651116371155,-0.4007026255130768,0.9719971418380737,0.47375527024269104,0.8424906134605408,0.15286235511302948,0.742347002029419,0.296310156583786,0.8272222280502319,-0.4049783945083618,0.9002538323402405,0.6065239906311035,0.8392537236213684,0.03625333681702614,0.876761794090271,0.40468549728393555,0.8565118312835693,-0.5912171602249146,0.970123827457428
IMG_9570,48,1590,bad,0.5931475758552551,0.37691470980644226,0.003884262405335903,0.9999698996543884,0.5885071158409119,0.366131454706192,0.03166457265615463,0.9999566674232483,0.5877659916877747,0.36569446325302124,0.031697437167167664,0.9999474287033081,0.5866860747337341,0.3651456832885742,0.031669050455093384,0.999958872795105,0.5834010243415833,0.3655366003513336,-0.03084547631442547,0.999961256980896,0.5792911648750305,0.3645930886268616,-0.030853480100631714,0.9999563097953796,0.5748483538627625,0.36353492736816406,-0.030954647809267044,0.9999589323997498,0.5592894554138184,0.3658177852630615,0.1790875345468521,0.9999183416366577,0.5466216802597046,0.36431270837783813,-0.11008463054895401,0.9999603629112244,0.5836560726165771,0.3874285817146301,0.06670395284891129,0.999934732913971,0.5779348611831665,0.38601720333099365,-0.018925100564956665,0.9999438524246216,0.5531786680221558,0.4340175688266754,0.35007819533348083,0.9998779296875,0.4548495411872864,0.4075227379798889,-0.1814221888780594,0.9999865889549255,0.6135137677192688,0.4955873489379883,0.4224317669868469,0.6593001484870911,0.3639029264450073,0.4699561297893524,-0.3422832489013672,0.996832549571991,0.6463358402252197,0.43054452538490295,0.29886651039123535,0.8008846044540405,0.4080357253551483,0.47891706228256226,-0.43050312995910645,0.9920364022254944,0.6514662504196167,0.41438090801239014,0.2880891263484955,0.7692045569419861,0.42785924673080444,0.48532482981681824,-0.4600018560886383,0.9828803539276123,0.643302857875824,0.4093584418296814,0.29649490118026733,0.7692660093307495,0.4394672214984894,0.47662246227264404,-0.45296719670295715,0.979656994342804,0.6386253237724304,0.4144560396671295,0.2969932556152344,0.7575901746749878,0.43693897128105164,0.4736108183860779,-0.4215463697910309,0.9668587446212769,0.5104097723960876,0.5708109736442566,0.18186147511005402,0.9996579885482788,0.45717811584472656,0.5663139820098877,-0.1820753812789917,0.9997287392616272,0.49046269059181213,0.6969027519226074,0.08946763724088669,0.5916268825531006,0.46483421325683594,0.6927288770675659,-0.3994274139404297,0.9712109565734863,0.4951554536819458,0.8192653059959412,0.08825230598449707,0.790396511554718,0.3394782245159149,0.8129763007164001,-0.39395496249198914,0.9711434245109558,0.47422096133232117,0.8431093096733093,0.07910440117120743,0.7401158809661865,0.29635530710220337,0.8273347020149231,-0.3991299569606781,0.8967593312263489,0.6070079207420349,0.8392767906188965,-0.038344837725162506,0.8784188032150269,0.4049227237701416,0.8573777079582214,-0.5815208554267883,0.9698272943496704
IMG_9570,49,1624,bad,0.5907694697380066,0.37556517124176025,0.003710204968228936,0.9999727606773376,0.5865281224250793,0.365300714969635,0.03565594181418419,0.9999607801437378,0.5857589244842529,0.3649649918079376,0.035716887563467026,0.9999523758888245,0.5846980810165405,0.36453211307525635,0.03570273891091347,0.9999627470970154,0.581536591053009,0.3647105395793915,-0.029323287308216095,0.9999649524688721,0.5773414373397827,0.36390915513038635,-0.02931254729628563,0.9999604821205139,0.5728197693824768,0.3629933297634125,-0.029402252286672592,0.9999628663063049,0.5578244924545288,0.3652781844139099,0.18770605325698853,0.9999257326126099,0.543072521686554,0.3636648654937744,-0.10409779846668243,0.9999642372131348,0.580575168132782,0.38592302799224854,0.07014979422092438,0.9999409317970276,0.57436603307724,0.3849948048591614,-0.018652642145752907,0.9999493360519409,0.5526699423789978,0.43330350518226624,0.36056819558143616,0.9998888969421387,0.4522232711315155,0.4076506197452545,-0.1758047342300415,0.9999876022338867,0.6155206561088562,0.4946870505809784,0.4499364197254181,0.6879572868347168,0.3595152795314789,0.4706284999847412,-0.26840293407440186,0.9969044327735901,0.6468347907066345,0.4279197156429291,0.3258616626262665,0.8200067281723022,0.41168686747550964,0.49312302470207214,-0.30783915519714355,0.9924435019493103,0.6522454619407654,0.41158172488212585,0.3114432990550995,0.7901958227157593,0.42763087153434753,0.5022597908973694,-0.3288883864879608,0.9836233258247375,0.6438426971435547,0.40722987055778503,0.3197556138038635,0.7901678085327148,0.4377315938472748,0.4938787519931793,-0.34013524651527405,0.980598509311676,0.6390155553817749,0.41169866919517517,0.323380708694458,0.7789449095726013,0.4351826012134552,0.4908788502216339,-0.30452221632003784,0.9682403802871704,0.5104571580886841,0.5701891183853149,0.18232882022857666,0.9996675848960876,0.4570370018482208,0.5644809603691101,-0.18253551423549652,0.9997305274009705,0.49268838763237,0.6972099542617798,0.08134130388498306,0.592882513999939,0.4648244082927704,0.6932128071784973,-0.405997097492218,0.9706679582595825,0.49507153034210205,0.8198844194412231,0.08984607458114624,0.790247917175293,0.33932843804359436,0.812903106212616,-0.39515405893325806,0.970902681350708,0.47482267022132874,0.8441832065582275,0.081704281270504,0.739944338798523,0.29652008414268494,0.8273224234580994,-0.40246695280075073,0.8940985202789307,0.6076521873474121,0.8394976258277893,-0.040055010467767715,0.8808705806732178,0.4051104485988617,0.8585038185119629,-0.5844472646713257,0.9700077176094055
IMG_9570,50,1657,bad,0.5895877480506897,0.3747299611568451,0.008662843145430088,0.9999753832817078,0.5853967666625977,0.36428898572921753,0.03759751468896866,0.9999644756317139,0.5845288038253784,0.3639565408229828,0.03773917630314827,0.9999568462371826,0.5833476185798645,0.36352431774139404,0.037762612104415894,0.9999662637710571,0.580549418926239,0.3635382354259491,-0.02474726364016533,0.9999683499336243,0.5763002634048462,0.3626251518726349,-0.024748021736741066,0.9999642968177795,0.5717217326164246,0.3616027235984802,-0.02483496256172657,0.9999664425849915,0.5555187463760376,0.3642178475856781,0.20383301377296448,0.9999324679374695,0.5405828952789307,0.362387478351593,-0.09665559977293015,0.9999677538871765,0.5782022476196289,0.3852674961090088,0.07175009697675705,0.9999465346336365,0.5721812844276428,0.38451269268989563,-0.011548475362360477,0.9999542832374573,0.5506079792976379,0.43277794122695923,0.3775966167449951,0.9998986721038818,0.4494730532169342,0.4080449640750885,-0.1736816018819809,0.9999886751174927,0.6156994700431824,0.4935607314109802,0.48652738332748413,0.71330726146698,0.3566035032272339,0.4720168709754944,-0.2615751028060913,0.9970629215240479,0.6476618051528931,0.4271056056022644,0.4011935293674469,0.8370673060417175,0.4063836634159088,0.49868667125701904,-0.28028297424316406,0.992949366569519,0.65278160572052,0.41083312034606934,0.392184317111969,0.8087552785873413,0.42069771885871887,0.5099850296974182,-0.29933473467826843,0.9845827221870422,0.6442068815231323,0.4064648151397705,0.4019784927368164,0.8086060285568237,0.4311915636062622,0.5001716613769531,-0.3084449768066406,0.9817711114883423,0.6392460465431213,0.4111159145832062,0.39976781606674194,0.7977626919746399,0.42948436737060547,0.49654147028923035,-0.2755550742149353,0.9700037837028503,0.510748565196991,0.5703016519546509,0.18243566155433655,0.9996771216392517,0.4567175507545471,0.5645386576652527,-0.182627335190773,0.9997349977493286,0.49313920736312866,0.6972154974937439,0.0749925822019577,0.5924577713012695,0.4649440050125122,0.6932910084724426,-0.41500282287597656,0.9699909687042236,0.49487563967704773,0.8204100131988525,0.0752786323428154,0.7879772186279297,0.33920717239379883,0.8128553032875061,-0.4197770655155182,0.9700851440429688,0.4748311936855316,0.8448945879936218,0.06632544845342636,0.7385173439979553,0.29653799533843994,0.8274456858634949,-0.42683863639831543,0.890397846698761,0.6079463362693787,0.8395152688026428,-0.0523345023393631,0.8828606009483337,0.4055522084236145,0.8583016395568848,-0.6074967384338379,0.9698676466941833
IMG_9570,51,1690,bad,0.5883353352546692,0.37456214427948,-0.00656156474724412,0.9999775290489197,0.5841376185417175,0.3641105592250824,0.025618737563490868,0.9999673962593079,0.5832735300064087,0.3637787401676178,0.02572396956384182,0.9999603629112244,0.5820540189743042,0.363337904214859,0.025752220302820206,0.9999690055847168,0.5793887972831726,0.36326104402542114,-0.041266102343797684,0.9999710917472839,0.5750890374183655,0.36229407787323,-0.0412350632250309,0.9999673962593079,0.5704545974731445,0.3612373471260071,-0.04133133217692375,0.9999694228172302,0.5543096661567688,0.36407193541526794,0.19394901394844055,0.9999370574951172,0.5388606786727905,0.36225488781929016,-0.11947543919086456,0.9999707341194153,0.5774447321891785,0.38507792353630066,0.06011755019426346,0.9999511241912842,0.5710195899009705,0.3842794895172119,-0.030100511386990547,0.9999585747718811,0.5501419305801392,0.43285930156707764,0.36845099925994873,0.999906599521637,0.44787824153900146,0.40832483768463135,-0.1855567842721939,0.9999894499778748,0.6161250472068787,0.49348726868629456,0.397958904504776,0.7356129884719849,0.35780078172683716,0.47361257672309875,-0.26635316014289856,0.9971634745597839,0.6477751731872559,0.4274572432041168,0.19578637182712555,0.8521639704704285,0.4183995723724365,0.5038257241249084,-0.26733946800231934,0.993308424949646,0.6530829668045044,0.4109620451927185,0.1646980196237564,0.8248780369758606,0.4353063404560089,0.5164490938186646,-0.28784969449043274,0.9852190613746643,0.6444901823997498,0.4067201018333435,0.1771073043346405,0.824650228023529,0.44714462757110596,0.5067451000213623,-0.2944572865962982,0.9825726747512817,0.6394587159156799,0.4113239645957947,0.19169077277183533,0.8140303492546082,0.442565381526947,0.5025563836097717,-0.2613021731376648,0.9711673855781555,0.5113199353218079,0.5703604817390442,0.18256798386573792,0.9996688961982727,0.4566732347011566,0.5645832419395447,-0.18276363611221313,0.9997169375419617,0.4937887191772461,0.697211742401123,0.07780281454324722,0.5851079821586609,0.4653857946395874,0.6932093501091003,-0.39522799849510193,0.9686502814292908,0.49485042691230774,0.8203057050704956,0.0895012617111206,0.78058922290802,0.3411519229412079,0.8120349049568176,-0.3559277057647705,0.9685847759246826,0.47484084963798523,0.8448543548583984,0.08180510252714157,0.7350212335586548,0.29967835545539856,0.8273849487304688,-0.358722060918808,0.8864676356315613,0.6062111258506775,0.8395512104034424,-0.03980495408177376,0.8804846405982971,0.4067939817905426,0.8578173518180847,-0.5379471182823181,0.9686781167984009
IMG_9570,52,1723,bad,0.5872213840484619,0.37450137734413147,-0.008729970082640648,0.9999793767929077,0.58259516954422,0.3639145493507385,0.023323480039834976,0.9999697804450989,0.5816027522087097,0.3635481894016266,0.023418277502059937,0.9999631643295288,0.5802748799324036,0.36310115456581116,0.02345692366361618,0.9999711513519287,0.5783080458641052,0.3630230724811554,-0.0451517328619957,0.999973475933075,0.574190616607666,0.3619993329048157,-0.04513188451528549,0.9999700784683228,0.5697507262229919,0.36094963550567627,-0.04525614157319069,0.9999720454216003,0.552659809589386,0.3637908697128296,0.18729828298091888,0.9999398589134216,0.5383896827697754,0.36183491349220276,-0.1312626302242279,0.9999733567237854,0.576424241065979,0.3851086497306824,0.05713896453380585,0.9999551177024841,0.5703428983688354,0.3841840922832489,-0.03516700863838196,0.9999624490737915,0.5498258471488953,0.4328182339668274,0.3627665638923645,0.999912679195404,0.4474320113658905,0.40835103392601013,-0.20538072288036346,0.9999902248382568,0.6158644556999207,0.49310988187789917,0.38128772377967834,0.7547071576118469,0.36029818654060364,0.4757001996040344,-0.2739863991737366,0.9972862601280212,0.647792398929596,0.42654120922088623,0.17598764598369598,0.8654389977455139,0.42863836884498596,0.5062510371208191,-0.25861498713493347,0.9936860799789429,0.65306556224823,0.4102550148963928,0.1453166902065277,0.8388074636459351,0.44757065176963806,0.5185458064079285,-0.27906280755996704,0.9859172701835632,0.6448878049850464,0.40582022070884705,0.1576070785522461,0.838472306728363,0.4612770080566406,0.5086539387702942,-0.28520628809928894,0.9834392666816711,0.6396917104721069,0.41071316599845886,0.17171116173267365,0.8278877139091492,0.4557022154331207,0.504452645778656,-0.2515636682510376,0.9724000096321106,0.5132461190223694,0.5717455744743347,0.18285702168941498,0.9996477365493774,0.45665934681892395,0.5664800405502319,-0.18305660784244537,0.9997020363807678,0.49373987317085266,0.6973694562911987,0.09644762426614761,0.5814287066459656,0.46548816561698914,0.693580687046051,-0.39282962679862976,0.9683008790016174,0.49415335059165955,0.8203557133674622,0.143989697098732,0.7764626145362854,0.3411571681499481,0.8120747208595276,-0.360137015581131,0.9684306383132935,0.47485029697418213,0.8449215292930603,0.13935476541519165,0.7324608564376831,0.2996174991130829,0.8272894024848938,-0.364139586687088,0.886800229549408,0.6033618450164795,0.8395534157752991,0.017179153859615326,0.8789900541305542,0.40678638219833374,0.8576357960700989,-0.5480955243110657,0.968666672706604
IMG_9570,53,1756,bad,0.5867134928703308,0.3742675483226776,-0.039581961929798126,0.9999799728393555,0.5814863443374634,0.36367079615592957,-0.0075493501499295235,0.9999698996543884,0.5801863074302673,0.36327147483825684,-0.007482145447283983,0.9999629259109497,0.5785315036773682,0.3628012537956238,-0.007448855321854353,0.9999709725379944,0.5779429078102112,0.3628368377685547,-0.07925166934728622,0.9999743700027466,0.5740954279899597,0.3618283271789551,-0.0792328268289566,0.9999710917472839,0.569848358631134,0.3607637584209442,-0.07936988025903702,0.9999731779098511,0.5500227212905884,0.36342161893844604,0.15436330437660217,0.999932587146759,0.5381875038146973,0.36141473054885864,-0.17730048298835754,0.9999749064445496,0.5751438736915588,0.38478344678878784,0.02591816335916519,0.9999561905860901,0.5700320601463318,0.38366323709487915,-0.0704830065369606,0.9999651908874512,0.5462377071380615,0.43161264061927795,0.33544132113456726,0.9999125003814697,0.44670212268829346,0.4085676372051239,-0.2530900537967682,0.9999902844429016,0.6154734492301941,0.4921790361404419,0.35207051038742065,0.7653217911720276,0.36228299140930176,0.4786958396434784,-0.2759668231010437,0.997276246547699,0.6478089094161987,0.4265434145927429,0.14694824814796448,0.8759150505065918,0.4388432204723358,0.505889356136322,-0.2477598339319229,0.9937516450881958,0.6531469821929932,0.4099029004573822,0.11779006570577621,0.8490192890167236,0.45928215980529785,0.5178649425506592,-0.266753613948822,0.9859327673912048,0.645173192024231,0.40489497780799866,0.12655824422836304,0.8486121296882629,0.4728376567363739,0.5078968405723572,-0.27228811383247375,0.9835556149482727,0.6398193836212158,0.41033563017845154,0.14076220989227295,0.8377584218978882,0.4658457338809967,0.5037069916725159,-0.23980942368507385,0.9723115563392639,0.5126015543937683,0.5722367167472839,0.18418309092521667,0.9995650053024292,0.45652782917022705,0.5682542324066162,-0.18438489735126495,0.9996194243431091,0.4947505295276642,0.6973657011985779,0.1447540819644928,0.5754575133323669,0.4651070237159729,0.6940850019454956,-0.34844446182250977,0.9673253893852234,0.49417901039123535,0.8190981149673462,0.22376538813114166,0.7719191312789917,0.34120818972587585,0.8116560578346252,-0.2884347438812256,0.9676283597946167,0.47565385699272156,0.8438596129417419,0.22197088599205017,0.7283408045768738,0.2995660603046417,0.8270759582519531,-0.28999316692352295,0.8849359154701233,0.6028807163238525,0.8394308090209961,0.10995811969041824,0.8753474950790405,0.4059278666973114,0.8573854565620422,-0.4695971608161926,0.9675635695457458
IMG_9570,54,1789,bad,0.5865610241889954,0.3741989731788635,-0.037029560655355453,0.9999808669090271,0.5811741352081299,0.3635632395744324,-0.005256486590951681,0.999970555305481,0.5799326300621033,0.3631521165370941,-0.005193786695599556,0.9999634623527527,0.5783082842826843,0.3626514971256256,-0.005156829487532377,0.9999714493751526,0.5774727463722229,0.3628145456314087,-0.07463177293539047,0.9999754428863525,0.573668360710144,0.3618330955505371,-0.07460437715053558,0.9999722242355347,0.5695850253105164,0.3607969284057617,-0.07474519312381744,0.9999743700027466,0.5494714379310608,0.36357301473617554,0.15655773878097534,0.9999270439147949,0.5378515124320984,0.3616301119327545,-0.1639721542596817,0.999976396560669,0.575431227684021,0.3847303092479706,0.02848209999501705,0.9999579787254333,0.5703310966491699,0.3834064304828644,-0.06487672030925751,0.9999678730964661,0.5464590191841125,0.4315193295478821,0.3345843553543091,0.9999158978462219,0.4465777277946472,0.4087706506252289,-0.23957979679107666,0.999990701675415,0.6154731512069702,0.49121806025505066,0.31419065594673157,0.778954803943634,0.36699625849723816,0.47981682419776917,-0.2691701352596283,0.9972637891769409,0.6477614045143127,0.4270329475402832,0.05128037557005882,0.8864041566848755,0.4494122564792633,0.5044911503791809,-0.20553503930568695,0.9939079284667969,0.6531983017921448,0.41076281666755676,0.010638667270541191,0.860217809677124,0.4718763530254364,0.5154783129692078,-0.22473019361495972,0.9861911535263062,0.6453945636749268,0.40577489137649536,0.018803449347615242,0.8597759008407593,0.48423337936401367,0.5060668587684631,-0.23161932826042175,0.9839268922805786,0.6398745179176331,0.41096240282058716,0.04348576441407204,0.8490023016929626,0.4777056574821472,0.5021677613258362,-0.19741204380989075,0.9727209210395813,0.5125462412834167,0.5722553730010986,0.18544065952301025,0.9995322823524475,0.4565134346485138,0.5688036680221558,-0.1856606900691986,0.9995839595794678,0.49500772356987,0.6975678205490112,0.1459207981824875,0.5700272917747498,0.46507763862609863,0.6941508054733276,-0.35143354535102844,0.9665580987930298,0.49420955777168274,0.818777859210968,0.2147226184606552,0.7679131031036377,0.3414967954158783,0.8114903569221497,-0.29682546854019165,0.967329740524292,0.4766247272491455,0.8432785868644714,0.21191518008708954,0.7258409857749939,0.3001406788825989,0.826968789100647,-0.29850542545318604,0.8844192028045654,0.6028172969818115,0.839320719242096,0.0958508774638176,0.8721359372138977,0.4059655964374542,0.856846034526825,-0.4797791540622711,0.9670470952987671
IMG_9570,55,1822,bad,0.5860850811004639,0.3741533160209656,-0.026228848844766617,0.999981701374054,0.5806542634963989,0.36356213688850403,0.005161376670002937,0.999971330165863,0.5793995261192322,0.3631642162799835,0.0052240327931940556,0.9999641180038452,0.5777470469474792,0.3626771867275238,0.005250119138509035,0.9999720454216003,0.577034056186676,0.362804114818573,-0.06335469335317612,0.9999765753746033,0.5733309388160706,0.36183443665504456,-0.06332620233297348,0.9999734163284302,0.5692777037620544,0.360798716545105,-0.06346150487661362,0.9999756217002869,0.5489466786384583,0.3636263906955719,0.1643143743276596,0.9999237060546875,0.5373100638389587,0.3616426885128021,-0.15351735055446625,0.9999778866767883,0.574833333492279,0.3846834897994995,0.03843013197183609,0.9999594688415527,0.5698089599609375,0.38325321674346924,-0.053937338292598724,0.9999702572822571,0.5464255213737488,0.43133682012557983,0.34078800678253174,0.9999164342880249,0.44734591245651245,0.4087781310081482,-0.2361670434474945,0.9999908804893494,0.6154713034629822,0.4906396269798279,0.3344212472438812,0.7874024510383606,0.37100949883461,0.48001688718795776,-0.2767654061317444,0.9971972703933716,0.6477415561676025,0.4270806610584259,0.10653483122587204,0.8948010802268982,0.4541836380958557,0.5014323592185974,-0.22155696153640747,0.9939236044883728,0.6531864404678345,0.4105851948261261,0.07180297374725342,0.868366539478302,0.47306984663009644,0.5101287364959717,-0.2411782145500183,0.9861413240432739,0.645542323589325,0.40492236614227295,0.08106492459774017,0.8678567409515381,0.4845270812511444,0.5020676851272583,-0.24557800590991974,0.9839297533035278,0.6398822665214539,0.4108666777610779,0.09976520389318466,0.8568596839904785,0.47949621081352234,0.4990331530570984,-0.212941974401474,0.9724912047386169,0.5128194093704224,0.5717955827713013,0.18558435142040253,0.9994897246360779,0.4565001130104065,0.5687877535820007,-0.18580922484397888,0.9995341300964355,0.4953595697879791,0.6976839900016785,0.13990166783332825,0.5637235045433044,0.46500587463378906,0.694428026676178,-0.32838425040245056,0.9655845761299133,0.4942135810852051,0.8188408017158508,0.19653412699699402,0.7634400725364685,0.3415491580963135,0.8114815354347229,-0.2729373872280121,0.9667651653289795,0.4765762388706207,0.8439012169837952,0.1927039921283722,0.7211838364601135,0.3001556098461151,0.8269137740135193,-0.274080753326416,0.8835879564285278,0.6025236248970032,0.8390752673149109,0.07608845829963684,0.8686361908912659,0.4051102101802826,0.8567342162132263,-0.45135557651519775,0.9661810398101807
IMG_9570,56,1856,bad,0.5854432582855225,0.37379005551338196,-0.021634461358189583,0.9999828338623047,0.579833447933197,0.3632550537586212,0.009658293798565865,0.9999728798866272,0.5785729289054871,0.36286434531211853,0.009724128991365433,0.9999658465385437,0.5769389271736145,0.3623872399330139,0.009743000380694866,0.999973475933075,0.5763104557991028,0.362509548664093,-0.058119647204875946,0.9999780654907227,0.572716474533081,0.36156681180000305,-0.058086760342121124,0.9999750852584839,0.5686427354812622,0.3605349659919739,-0.05820383131504059,0.9999772310256958,0.548744261264801,0.3634427785873413,0.16881348192691803,0.9999250173568726,0.5370575785636902,0.3614597022533417,-0.1455228179693222,0.999979555606842,0.5744093656539917,0.3843155801296234,0.04318520054221153,0.9999620914459229,0.5693976283073425,0.38281622529029846,-0.04833465442061424,0.9999727606773376,0.5471434593200684,0.43110695481300354,0.34278538823127747,0.9999189972877502,0.44865667819976807,0.40832340717315674,-0.23080658912658691,0.9999913573265076,0.6154083013534546,0.4907075762748718,0.3174509108066559,0.7970790266990662,0.3734816014766693,0.4793623387813568,-0.2865682542324066,0.9971720576286316,0.6471471786499023,0.4273522198200226,0.04709265008568764,0.9027096033096313,0.4608849883079529,0.4986577033996582,-0.2559942603111267,0.9940143823623657,0.652216911315918,0.41069328784942627,0.0056128292344510555,0.8764327168464661,0.4899570643901825,0.5069746375083923,-0.2818993031978607,0.9862872958183289,0.6451931595802307,0.40518081188201904,0.018873538821935654,0.8758418560028076,0.501045286655426,0.49911490082740784,-0.28603360056877136,0.9841366410255432,0.6397182941436768,0.41085284948349,0.04078175500035286,0.864625871181488,0.49739763140678406,0.4961960017681122,-0.24748459458351135,0.9726157784461975,0.5134592652320862,0.5712863802909851,0.18844743072986603,0.9994723796844482,0.4564227759838104,0.568295419216156,-0.1887219399213791,0.999524712562561,0.4954099953174591,0.697640597820282,0.15325385332107544,0.561436116695404,0.4638493061065674,0.69452303647995,-0.3302367329597473,0.9661211371421814,0.49394264817237854,0.8189622163772583,0.22479687631130219,0.7628155946731567,0.3414383828639984,0.8114766478538513,-0.2812771201133728,0.9673653841018677,0.47654685378074646,0.8438943028450012,0.221907377243042,0.7181485295295715,0.3001279830932617,0.8270815014839172,-0.28193116188049316,0.8852891325950623,0.6021336317062378,0.8387328386306763,0.10245370864868164,0.8673449158668518,0.4051623046398163,0.8569716811180115,-0.4780082404613495,0.9666478633880615
IMG_9570,57,1889,bad,0.5837410688400269,0.3734448552131653,-0.01819407381117344,0.9999839067459106,0.5783660411834717,0.36311206221580505,0.013039171695709229,0.9999743103981018,0.5772870779037476,0.3627236783504486,0.013102797791361809,0.9999675750732422,0.5758655071258545,0.3622494041919708,0.013120262883603573,0.9999748468399048,0.5743626356124878,0.36235445737838745,-0.054598502814769745,0.9999794363975525,0.5704925656318665,0.36142247915267944,-0.05456934869289398,0.9999765753746033,0.5663374066352844,0.36039161682128906,-0.05468558892607689,0.9999787211418152,0.5489292740821838,0.36333727836608887,0.17175449430942535,0.9999268054962158,0.5364070534706116,0.36137229204177856,-0.1438658982515335,0.9999811053276062,0.5736861824989319,0.3838614821434021,0.04639154672622681,0.999964714050293,0.568109393119812,0.38246554136276245,-0.04521865025162697,0.9999750852584839,0.5478450059890747,0.4304720163345337,0.34615805745124817,0.9999228119850159,0.4493251144886017,0.40753600001335144,-0.23025016486644745,0.9999918937683105,0.6153584718704224,0.49072521924972534,0.2955932021141052,0.8078041076660156,0.3754086494445801,0.47891315817832947,-0.29907330870628357,0.9971583485603333,0.6465895771980286,0.4276118278503418,-0.007189744617789984,0.9106553196907043,0.4752040207386017,0.496952623128891,-0.30845749378204346,0.9941450357437134,0.6512795686721802,0.4110240936279297,-0.05527288466691971,0.8852441310882568,0.5095404982566833,0.5046765804290771,-0.3388749063014984,0.9865350127220154,0.6449425220489502,0.4055356979370117,-0.042062386870384216,0.8846243023872375,0.5199756622314453,0.4968223571777344,-0.3382934331893921,0.9844453930854797,0.639439046382904,0.41113290190696716,-0.014069806784391403,0.8733829855918884,0.5161417722702026,0.49407854676246643,-0.29926109313964844,0.9729176759719849,0.5135676264762878,0.5705006718635559,0.18899109959602356,0.9994670748710632,0.45631954073905945,0.5675197839736938,-0.18928489089012146,0.9995276927947998,0.4951612055301666,0.6974579691886902,0.14827142655849457,0.5612615942955017,0.46433225274086,0.6945139765739441,-0.35367196798324585,0.9666731357574463,0.494217187166214,0.8189830780029297,0.2143077701330185,0.762769341468811,0.34140899777412415,0.8114790320396423,-0.327443391084671,0.9680526256561279,0.47655171155929565,0.843797504901886,0.21095098555088043,0.7162511348724365,0.299996942281723,0.8270733952522278,-0.33211490511894226,0.8871426582336426,0.6001908779144287,0.8387323021888733,0.08887747675180435,0.8672614097595215,0.4050474166870117,0.8574569821357727,-0.5346878170967102,0.9673020839691162
IMG_9570,58,1922,bad,0.5816489458084106,0.37312522530555725,-0.017518406733870506,0.9999849200248718,0.5766966938972473,0.36291491985321045,0.01336410641670227,0.9999756813049316,0.5758795142173767,0.3625484108924866,0.013423077762126923,0.9999691843986511,0.5747595429420471,0.36210453510284424,0.013436623848974705,0.9999761581420898,0.5718941688537598,0.3620726764202118,-0.05332181975245476,0.9999807476997375,0.5678272247314453,0.36114540696144104,-0.05329245701432228,0.9999780058860779,0.5636320114135742,0.36013200879096985,-0.053415700793266296,0.999980092048645,0.5490604043006897,0.3632071912288666,0.17286404967308044,0.9999289512634277,0.5349825024604797,0.3611571788787842,-0.14238105714321136,0.9999825358390808,0.5726354122161865,0.3834770619869232,0.04754433408379555,0.999967098236084,0.5661182999610901,0.3821095824241638,-0.04298821836709976,0.999977171421051,0.5478237867355347,0.42935216426849365,0.3482930064201355,0.9999263286590576,0.4498707354068756,0.4071551561355591,-0.2287627011537552,0.999992311000824,0.6153095960617065,0.4907769560813904,0.2982255518436432,0.8161987066268921,0.3761693239212036,0.48034706711769104,-0.3043175935745239,0.9971141219139099,0.6463267803192139,0.4277631640434265,0.012242557480931282,0.9174774289131165,0.49022939801216125,0.4959966838359833,-0.31030744314193726,0.9941685199737549,0.6508758664131165,0.4109451174736023,-0.03386066481471062,0.8926143646240234,0.5250237584114075,0.5039237141609192,-0.3392420709133148,0.9865649938583374,0.6447635889053345,0.4056619107723236,-0.020045582205057144,0.8919538855552673,0.5332894325256348,0.4955463111400604,-0.3379843235015869,0.984501838684082,0.6391984224319458,0.4109112322330475,0.0059032142162323,0.880620539188385,0.5278268456459045,0.4928010404109955,-0.30085986852645874,0.9728190302848816,0.5135844945907593,0.5694082975387573,0.18923228979110718,0.9994661808013916,0.45639052987098694,0.5665457248687744,-0.18952837586402893,0.9995241165161133,0.49516963958740234,0.6966694593429565,0.14593642950057983,0.557728111743927,0.4653897285461426,0.6939221024513245,-0.3566172420978546,0.9667206406593323,0.49425816535949707,0.8190019726753235,0.21059447526931763,0.7590764164924622,0.34140682220458984,0.8111799955368042,-0.3321731984615326,0.9678713083267212,0.47644075751304626,0.8437111377716064,0.20722438395023346,0.7120350003242493,0.29962852597236633,0.8269593715667725,-0.3369235098361969,0.8867032527923584,0.5995522737503052,0.8387047648429871,0.07735048234462738,0.8650624752044678,0.40685367584228516,0.8575100302696228,-0.5340855717658997,0.9669740200042725
IMG_9570,59,1955,bad,0.5815224051475525,0.3731500506401062,-0.01629197597503662,0.999985933303833,0.5765146613121033,0.36292555928230286,0.01382473111152649,0.999977171421051,0.5756513476371765,0.36255764961242676,0.013889545574784279,0.9999709129333496,0.5744780898094177,0.3621060252189636,0.013904335908591747,0.9999775886535645,0.5719504356384277,0.3620646893978119,-0.05250602588057518,0.9999820590019226,0.5679917335510254,0.3611258864402771,-0.052477143704891205,0.9999794960021973,0.5637698769569397,0.36009079217910767,-0.05259504169225693,0.9999814629554749,0.5485036373138428,0.3632272779941559,0.17393337190151215,0.9999317526817322,0.5349243879318237,0.3611661195755005,-0.14007927477359772,0.9999839067459106,0.5723903179168701,0.38351237773895264,0.04797573760151863,0.9999694228172302,0.5660852789878845,0.3820551633834839,-0.041922133415937424,0.9999791383743286,0.5466446876525879,0.42905256152153015,0.34925541281700134,0.999929666519165,0.450141966342926,0.40715110301971436,-0.22780103981494904,0.9999926686286926,0.6152191162109375,0.4907287657260895,0.3087306618690491,0.8239418268203735,0.3766365945339203,0.480544775724411,-0.3044717311859131,0.9970436692237854,0.6460675001144409,0.4278948903083801,0.030842887237668037,0.9238030314445496,0.4999777376651764,0.49524855613708496,-0.3097703456878662,0.994168758392334,0.6506211161613464,0.4111108183860779,-0.02930275909602642,0.8997463583946228,0.5320589542388916,0.5038232207298279,-0.3373456299304962,0.9866222143173218,0.6446374654769897,0.4058116376399994,-0.006114521995186806,0.8991075754165649,0.5407259464263916,0.4947872757911682,-0.3319428563117981,0.9846022129058838,0.6390981078147888,0.41105762124061584,0.020508425310254097,0.8879455924034119,0.5335646867752075,0.4925677180290222,-0.29920244216918945,0.9727869033813477,0.5146464109420776,0.5693944692611694,0.19021232426166534,0.9994569420814514,0.4585031270980835,0.5665459632873535,-0.19050107896327972,0.9995101690292358,0.49415525794029236,0.6963960528373718,0.15748170018196106,0.5640178918838501,0.46658170223236084,0.6935251951217651,-0.33038803935050964,0.967625617980957,0.49376097321510315,0.8189483880996704,0.2262701690196991,0.7650610208511353,0.34138110280036926,0.8111732006072998,-0.29723620414733887,0.9688781499862671,0.4764588475227356,0.8434011936187744,0.22316911816596985,0.7160742282867432,0.29961368441581726,0.8267353177070618,-0.30120930075645447,0.8894964456558228,0.5991042852401733,0.8387331962585449,0.10398571193218231,0.8674024343490601,0.4071347713470459,0.857472836971283,-0.48174184560775757,0.9675846099853516
IMG_9570,60,1988,bad,0.5815844535827637,0.37318193912506104,-0.016095349565148354,0.9999867677688599,0.5765872001647949,0.3629569709300995,0.014057193882763386,0.9999783635139465,0.5757174491882324,0.3625766336917877,0.014121074229478836,0.9999722838401794,0.5745440125465393,0.3621188700199127,0.014144998043775558,0.9999787211418152,0.5720996856689453,0.36212122440338135,-0.05164654180407524,0.9999831318855286,0.5681513547897339,0.36118414998054504,-0.0516180656850338,0.9999806880950928,0.5638944506645203,0.36015281081199646,-0.0517357774078846,0.9999825358390808,0.548592746257782,0.3633062541484833,0.17473214864730835,0.9999334216117859,0.535012423992157,0.36124828457832336,-0.1397913545370102,0.9999850392341614,0.5728971362113953,0.383554607629776,0.048676177859306335,0.9999712705612183,0.5670369863510132,0.38207152485847473,-0.040824878960847855,0.9999807476997375,0.5466558337211609,0.4290625751018524,0.35018590092658997,0.9999328851699829,0.4502093493938446,0.40768030285835266,-0.23035511374473572,0.9999929070472717,0.6151520013809204,0.49075958132743835,0.3175050914287567,0.8294760584831238,0.38106247782707214,0.48240771889686584,-0.30282798409461975,0.9970047473907471,0.6457231044769287,0.4283634424209595,0.060910604894161224,0.9291133880615234,0.5080878138542175,0.49479106068611145,-0.28109684586524963,0.9941486716270447,0.650465726852417,0.41177621483802795,0.016067780554294586,0.9055877327919006,0.5374193787574768,0.5033136010169983,-0.306998610496521,0.9866148233413696,0.6445550918579102,0.40675610303878784,0.03019624948501587,0.9050094485282898,0.5469046831130981,0.4942212402820587,-0.3077438771724701,0.9846513867378235,0.638884961605072,0.412046879529953,0.05307495594024658,0.8939585089683533,0.538849949836731,0.4920623004436493,-0.271738201379776,0.9727264046669006,0.5153663158416748,0.5697629451751709,0.19185180962085724,0.9994547367095947,0.4603145122528076,0.5673256516456604,-0.19213815033435822,0.9994878172874451,0.49307674169540405,0.6963901519775391,0.1556585431098938,0.5654640793800354,0.4669288694858551,0.6935465335845947,-0.30344778299331665,0.9686147570610046,0.49373960494995117,0.8189913630485535,0.22000351548194885,0.7702229619026184,0.34095126390457153,0.8112051486968994,-0.25333186984062195,0.9699486494064331,0.47632497549057007,0.8433481454849243,0.2165203094482422,0.7182855606079102,0.2997959852218628,0.8258138298988342,-0.25491634011268616,0.8933253288269043,0.5977873206138611,0.8389238119125366,0.09814586490392685,0.8692139983177185,0.40726250410079956,0.8574066758155823,-0.42528000473976135,0.9683550000190735
IMG_9570,61,2021,bad,0.5817108750343323,0.3731870651245117,-0.015346472151577473,0.9999873638153076,0.5766857862472534,0.3629440665245056,0.01501541305333376,0.9999790191650391,0.5758046507835388,0.36255982518196106,0.015077902004122734,0.9999730587005615,0.5746203064918518,0.3620891273021698,0.015100027434527874,0.9999793171882629,0.5722029209136963,0.3621045649051666,-0.05121084302663803,0.9999839067459106,0.5682195425033569,0.36116158962249756,-0.05118970572948456,0.9999815225601196,0.5639936327934265,0.36011573672294617,-0.05131411924958229,0.9999834299087524,0.5486838221549988,0.3632987141609192,0.17429117858409882,0.9999331831932068,0.5350962281227112,0.36126500368118286,-0.13906367123126984,0.999985933303833,0.5728411674499512,0.38358980417251587,0.049092039465904236,0.9999725222587585,0.5670420527458191,0.3820951282978058,-0.040839821100234985,0.9999821186065674,0.5481391549110413,0.42917704582214355,0.3502795398235321,0.9999338984489441,0.4508821964263916,0.4076883792877197,-0.22914256155490875,0.999993085861206,0.6171709299087524,0.49094143509864807,0.32202035188674927,0.8357589244842529,0.38310322165489197,0.4820356070995331,-0.2976430654525757,0.996973991394043,0.645818293094635,0.4279372990131378,0.0721818208694458,0.9339331388473511,0.5088163614273071,0.49517521262168884,-0.26691174507141113,0.9940741062164307,0.6504822969436646,0.4105552136898041,0.03135986626148224,0.9104452729225159,0.537341296672821,0.5027475953102112,-0.2912006676197052,0.9864172339439392,0.6446504592895508,0.4051639437675476,0.04349370673298836,0.9098398685455322,0.5473111867904663,0.4944727420806885,-0.2940343916416168,0.9844720959663391,0.6389628052711487,0.4112433195114136,0.06491503119468689,0.8986604809761047,0.5397799611091614,0.49220898747444153,-0.25817468762397766,0.9723008275032043,0.5162175893783569,0.5698100328445435,0.1913147121667862,0.9994415044784546,0.46093448996543884,0.5673484802246094,-0.19159768521785736,0.9994831085205078,0.4930933713912964,0.6963319778442383,0.1605132818222046,0.5655832886695862,0.4672126770019531,0.6935235857963562,-0.3314098119735718,0.9691234827041626,0.49402227997779846,0.8187774419784546,0.2408090978860855,0.7701196670532227,0.34163326025009155,0.8111063241958618,-0.2963906526565552,0.9704378843307495,0.476334810256958,0.8432089686393738,0.23904721438884735,0.7155659794807434,0.3001933693885803,0.8256688117980957,-0.2993037700653076,0.8946554660797119,0.5968917608261108,0.8388606309890747,0.12023746222257614,0.8688045740127563,0.40833550691604614,0.8572208881378174,-0.48540231585502625,0.9689028859138489
IMG_9570,62,2055,bad,0.5817646980285645,0.3732960820198059,-0.014685291796922684,0.9999877214431763,0.5767468214035034,0.36301088333129883,0.01577097736299038,0.9999791979789734,0.5758382678031921,0.3626241087913513,0.01583363488316536,0.9999730587005615,0.5746638178825378,0.3621475100517273,0.015854423865675926,0.9999794363975525,0.5723103284835815,0.36212536692619324,-0.05078578367829323,0.9999843239784241,0.5683531165122986,0.36117708683013916,-0.05076571926474571,0.9999819397926331,0.5641102194786072,0.36013519763946533,-0.05089240148663521,0.9999839663505554,0.5490152835845947,0.3633090853691101,0.174735888838768,0.9999308586120605,0.5351962447166443,0.36122724413871765,-0.13831135630607605,0.9999865293502808,0.5727978944778442,0.38376444578170776,0.04975220188498497,0.9999731779098511,0.5667337775230408,0.38231638073921204,-0.040411513298749924,0.9999831914901733,0.548078179359436,0.4285286068916321,0.35081779956817627,0.9999353289604187,0.4521721303462982,0.4076648950576782,-0.2280532419681549,0.9999932646751404,0.6172054409980774,0.4911457896232605,0.33667126297950745,0.8405707478523254,0.3839958906173706,0.4822790026664734,-0.2934887707233429,0.9969502687454224,0.6462801694869995,0.4279652535915375,0.1107746884226799,0.938284158706665,0.5083731412887573,0.4979359209537506,-0.25906047224998474,0.9940546751022339,0.6509837508201599,0.4106740653514862,0.07292869687080383,0.9149405360221863,0.5364060401916504,0.5049102902412415,-0.28252601623535156,0.9863275289535522,0.6449488401412964,0.40532684326171875,0.0842663049697876,0.914287269115448,0.5459592342376709,0.49662402272224426,-0.2856203019618988,0.98439621925354,0.6390208005905151,0.41123706102371216,0.10468356311321259,0.9030072093009949,0.5391261577606201,0.4944177269935608,-0.25014904141426086,0.9720610976219177,0.516136109828949,0.569745659828186,0.1908654421567917,0.9994315505027771,0.4628192186355591,0.5673484802246094,-0.19113516807556152,0.9994738101959229,0.49373599886894226,0.6959580183029175,0.1455449014902115,0.5561185479164124,0.46912825107574463,0.6932607889175415,-0.35100027918815613,0.9676247835159302,0.49387314915657043,0.8189343810081482,0.20442885160446167,0.7619194984436035,0.34384965896606445,0.8110687136650085,-0.32080379128456116,0.9690260887145996,0.4764021635055542,0.8426860570907593,0.20075593888759613,0.7085208892822266,0.3024444580078125,0.8248819708824158,-0.3237673044204712,0.8917627930641174,0.595440149307251,0.8388030529022217,0.08239724487066269,0.8648499250411987,0.40841448307037354,0.8562259674072266,-0.506033718585968,0.9679028391838074
