video_no,frame,timestamp_ms,good,x0,y0,z0,visibility0,x1,y1,z1,visibility1,x2,y2,z2,visibility2,x3,y3,z3,visibility3,x4,y4,z4,visibility4,x5,y5,z5,visibility5,x6,y6,z6,visibility6,x7,y7,z7,visibility7,x8,y8,z8,visibility8,x9,y9,z9,visibility9,x10,y10,z10,visibility10,x11,y11,z11,visibility11,x12,y12,z12,visibility12,x13,y13,z13,visibility13,x14,y14,z14,visibility14,x15,y15,z15,visibility15,x16,y16,z16,visibility16,x17,y17,z17,visibility17,x18,y18,z18,visibility18,x19,y19,z19,visibility19,x20,y20,z20,visibility20,x21,y21,z21,visibility21,x22,y22,z22,visibility22,x23,y23,z23,visibility23,x24,y24,z24,visibility24,x25,y25,z25,visibility25,x26,y26,z26,visibility26,x27,y27,z27,visibility27,x28,y28,z28,visibility28,x29,y29,z29,visibility29,x30,y30,z30,visibility30,x31,y31,z31,visibility31,x32,y32,z32,visibility32
IMG_9691 2,1,32,bad,0.45503368973731995,0.39104464650154114,-0.17680718004703522,0.9999556541442871,0.45801758766174316,0.38102057576179504,-0.17058123648166656,0.9999488592147827,0.4620421826839447,0.38049623370170593,-0.1707525998353958,0.9999549388885498,0.46594610810279846,0.38001176714897156,-0.1708766669034958,0.9999518394470215,0.4455608129501343,0.38144731521606445,-0.14622721076011658,0.9999257326126099,0.4414743185043335,0.3811343312263489,-0.1462193876504898,0.9998977184295654,0.43754497170448303,0.3809434175491333,-0.1462574154138565,0.9998750686645508,0.46859994530677795,0.38113653659820557,-0.0606391541659832,0.9999750852584839,0.432249516248703,0.38341832160949707,0.05079968273639679,0.9998745918273926,0.4645157754421234,0.39687013626098633,-0.12983611226081848,0.9999524354934692,0.44957980513572693,0.39701202511787415,-0.09849678725004196,0.9998987913131714,0.5279455780982971,0.42315465211868286,-0.0890582725405693,0.9999567270278931,0.40239596366882324,0.4372629225254059,0.20411816239356995,0.9995735287666321,0.5008490085601807,0.4657454788684845,-0.3486297130584717,0.9831547737121582,0.39043372869491577,0.4967881441116333,-0.00010565859702182934,0.6467368006706238,0.465455561876297,0.4154442250728607,-0.5637677907943726,0.9829646944999695,0.3865770995616913,0.4575592279434204,-0.40168827772140503,0.794097363948822,0.4566624164581299,0.4012259244918823,-0.626584529876709,0.9713999629020691,0.38385245203971863,0.44508299231529236,-0.46363240480422974,0.7344256639480591,0.4614681303501129,0.3987511694431305,-0.6205904483795166,0.9692276120185852,0.3856818675994873,0.4425398111343384,-0.4670615792274475,0.7203903198242188,0.46387067437171936,0.40216708183288574,-0.5647914409637451,0.9531158208847046,0.39033758640289307,0.44567474722862244,-0.41734814643859863,0.6890822052955627,0.4892943203449249,0.561276376247406,-0.10225269943475723,0.9998157620429993,0.4209204316139221,0.5639005899429321,0.10249923914670944,0.9995822310447693,0.49748149514198303,0.6651312708854675,-0.15589091181755066,0.9711622595787048,0.44678714871406555,0.6626790165901184,0.17233388125896454,0.8699915409088135,0.5101397633552551,0.771081805229187,-0.08579866588115692,0.9582335948944092,0.47924596071243286,0.7574264407157898,0.38067206740379333,0.8443942666053772,0.5199499130249023,0.7838718891143799,-0.09080644696950912,0.7851641178131104,0.49735507369041443,0.7712910175323486,0.3912826180458069,0.6952951550483704,0.4822683334350586,0.799060583114624,-0.3188138008117676,0.954251766204834,0.4416460692882538,0.7876080274581909,0.22386537492275238,0.8681766986846924
IMG_9691 2,2,65,bad,0.45437881350517273,0.39133819937705994,-0.14189521968364716,0.9999505281448364,0.45775073766708374,0.3813271224498749,-0.1390163153409958,0.9999442100524902,0.4619552195072174,0.3807806968688965,-0.13919217884540558,0.999950647354126,0.46594107151031494,0.38027527928352356,-0.13936737179756165,0.9999486207962036,0.4451782703399658,0.38183584809303284,-0.11167481541633606,0.999914288520813,0.44109663367271423,0.38155367970466614,-0.1116432175040245,0.999878466129303,0.4371821880340576,0.3813849985599518,-0.11162296682596207,0.9998541474342346,0.4705670475959778,0.3814472258090973,-0.037141088396310806,0.9999727606773376,0.432247132062912,0.3834979236125946,0.08705010265111923,0.9998537302017212,0.46415555477142334,0.39734289050102234,-0.09680341929197311,0.9999474287033081,0.44931915402412415,0.3978697657585144,-0.06174096092581749,0.9998863935470581,0.5282362699508667,0.42310649156570435,-0.06830234825611115,0.9999584555625916,0.40251925587654114,0.4372597932815552,0.2549881637096405,0.9995595216751099,0.49981722235679626,0.4664503335952759,-0.3251572847366333,0.9829127192497253,0.3902377784252167,0.4965243637561798,0.121715247631073,0.6181056499481201,0.46548908948898315,0.41558507084846497,-0.5152915716171265,0.9824631214141846,0.38461917638778687,0.46038126945495605,-0.219222292304039,0.7665631175041199,0.4566456973552704,0.40115121006965637,-0.5765053033828735,0.9707686901092529,0.3828393816947937,0.45218971371650696,-0.26950356364250183,0.7097017168998718,0.4618598222732544,0.3982272148132324,-0.5655646324157715,0.9686121940612793,0.38505494594573975,0.4446759521961212,-0.2866306006908417,0.696689248085022,0.46423694491386414,0.4020371437072754,-0.5141986608505249,0.9522404670715332,0.38990944623947144,0.4477826654911041,-0.23969009518623352,0.667403519153595,0.48879438638687134,0.5613304376602173,-0.10721652209758759,0.9998210072517395,0.4204380512237549,0.5639394521713257,0.10754384845495224,0.9995813965797424,0.49727240204811096,0.665616512298584,-0.16562792658805847,0.9704431295394897,0.4466526210308075,0.6622669696807861,0.17129682004451752,0.8660404682159424,0.5088561773300171,0.77109295129776,-0.09399284422397614,0.9586732983589172,0.4791359305381775,0.756869912147522,0.3760104775428772,0.845346212387085,0.519721508026123,0.7848281860351562,-0.09751850366592407,0.7903463244438171,0.4970528483390808,0.7695695161819458,0.3868226408958435,0.700679361820221,0.47477665543556213,0.8010807633399963,-0.32104843854904175,0.9548166990280151,0.43839478492736816,0.7876270413398743,0.2253856509923935,0.8699876666069031
IMG_9691 2,3,98,bad,0.4540923237800598,0.39100977778434753,-0.09998763352632523,0.9999485015869141,0.45768630504608154,0.3809886872768402,-0.09029094129800797,0.999943196773529,0.46195441484451294,0.38039758801460266,-0.09044839441776276,0.9999491572380066,0.4660106897354126,0.3798721432685852,-0.09061209112405777,0.9999481439590454,0.4450172781944275,0.381655216217041,-0.06579593569040298,0.9999102354049683,0.4409160315990448,0.38142073154449463,-0.06576959043741226,0.9998711347579956,0.4370400309562683,0.38130122423171997,-0.0656994953751564,0.9998481273651123,0.4724925458431244,0.38135725259780884,0.024469703435897827,0.9999723434448242,0.4324546456336975,0.38336479663848877,0.13544081151485443,0.9998461008071899,0.4641115963459015,0.39707598090171814,-0.05178631842136383,0.9999446272850037,0.44927510619163513,0.39784929156303406,-0.020579872652888298,0.9998804926872253,0.528789758682251,0.42297327518463135,-0.021688517183065414,0.9999595880508423,0.40260010957717896,0.437237024307251,0.28712454438209534,0.9995489120483398,0.4996868669986725,0.46644413471221924,-0.30002859234809875,0.9829089045524597,0.38986608386039734,0.4949672520160675,0.11413520574569702,0.5919613242149353,0.4655716121196747,0.4157091975212097,-0.49824094772338867,0.9824323058128357,0.38441526889801025,0.4629116952419281,-0.24530883133411407,0.7399794459342957,0.4568420946598053,0.4009705185890198,-0.5647833347320557,0.9706529378890991,0.38152965903282166,0.4557567238807678,-0.30126574635505676,0.6854537129402161,0.4623758792877197,0.3978006839752197,-0.5467430949211121,0.9685273766517639,0.38400307297706604,0.45162487030029297,-0.31618255376815796,0.6730511784553528,0.4646616578102112,0.40194588899612427,-0.49568283557891846,0.9522285461425781,0.38932961225509644,0.45433899760246277,-0.26592278480529785,0.6463762521743774,0.48869606852531433,0.561671793460846,-0.10816442221403122,0.9998174905776978,0.4199475049972534,0.5647649765014648,0.10851413011550903,0.9995702505111694,0.4975070059299469,0.6668081283569336,-0.1574568748474121,0.969670832157135,0.44811007380485535,0.662802517414093,0.1250634789466858,0.8657622933387756,0.5092540979385376,0.7708158493041992,-0.035474009811878204,0.9581136703491211,0.4835759401321411,0.7599823474884033,0.2956298291683197,0.8486107587814331,0.5199179649353027,0.7853161692619324,-0.03374374285340309,0.7897578477859497,0.5013071894645691,0.7742184996604919,0.30239805579185486,0.7068619132041931,0.47559723258018494,0.8026979565620422,-0.256944477558136,0.9540863633155823,0.44781023263931274,0.7919648885726929,0.13301317393779755,0.872005045413971
IMG_9691 2,4,131,bad,0.45448368787765503,0.3903271555900574,-0.10179953277111053,0.9999465942382812,0.45872196555137634,0.3804122507572174,-0.08769137412309647,0.9999421834945679,0.463493287563324,0.37983524799346924,-0.08785618096590042,0.9999485611915588,0.4679946303367615,0.3793219029903412,-0.08802293986082077,0.9999481439590454,0.4453238844871521,0.3811199367046356,-0.06652116030454636,0.9999060034751892,0.44111719727516174,0.3809645473957062,-0.06648992002010345,0.999863862991333,0.4371555745601654,0.3809242248535156,-0.06642937660217285,0.9998388290405273,0.4762498140335083,0.38120588660240173,0.0421384833753109,0.9999719262123108,0.43272680044174194,0.38306480646133423,0.1367606520652771,0.9998411536216736,0.4647299647331238,0.39683008193969727,-0.04879821836948395,0.9999426603317261,0.44944894313812256,0.39767956733703613,-0.022065455093979836,0.9998767375946045,0.5295951962471008,0.42298266291618347,-0.009808123111724854,0.9999617338180542,0.4025666415691376,0.4372450113296509,0.3007882833480835,0.9995433688163757,0.4997052252292633,0.46643686294555664,-0.3076607584953308,0.9828038811683655,0.3883904218673706,0.48950085043907166,0.21534624695777893,0.5641157031059265,0.4658984839916229,0.41562560200691223,-0.5349224805831909,0.9820271134376526,0.38349008560180664,0.47197070717811584,-0.03999793156981468,0.7083103060722351,0.4571171998977661,0.4006609618663788,-0.6142064332962036,0.9705052375793457,0.380398690700531,0.47718682885169983,-0.08115880936384201,0.6592872142791748,0.463244765996933,0.39742523431777954,-0.5978229641914368,0.9684604406356812,0.38403648138046265,0.46944719552993774,-0.10565746575593948,0.6481233239173889,0.4654523730278015,0.40180259943008423,-0.5358942151069641,0.9521669745445251,0.38885703682899475,0.4692237973213196,-0.06114543601870537,0.6238172650337219,0.48858705163002014,0.5617091655731201,-0.1134520173072815,0.9998267889022827,0.4198402762413025,0.5648645162582397,0.11389382183551788,0.999578058719635,0.49751734733581543,0.6683900356292725,-0.1883329451084137,0.9693417549133301,0.4486382007598877,0.6628955602645874,0.13739949464797974,0.8647743463516235,0.5090315937995911,0.7722609639167786,-0.09345413744449615,0.959092915058136,0.48305612802505493,0.7598605155944824,0.3182489275932312,0.851772665977478,0.5197983384132385,0.7880660891532898,-0.09390176087617874,0.7975078225135803,0.5011687278747559,0.7760123610496521,0.3264981210231781,0.7143939137458801,0.4727344810962677,0.8038129806518555,-0.3217741847038269,0.9549669027328491,0.43786975741386414,0.7921069264411926,0.155610129237175,0.8744224309921265
IMG_9691 2,5,164,bad,0.4539892077445984,0.3905080258846283,-0.097002774477005,0.9999442100524902,0.45842036604881287,0.38055509328842163,-0.08783205598592758,0.9999387264251709,0.46310877799987793,0.37999144196510315,-0.08796153217554092,0.9999443888664246,0.4675544500350952,0.37947940826416016,-0.08810163289308548,0.9999447464942932,0.445317804813385,0.3811664581298828,-0.0655595138669014,0.9999001622200012,0.4411599934101105,0.3809848129749298,-0.06555286794900894,0.9998553395271301,0.4372641444206238,0.3809249997138977,-0.06552416831254959,0.9998331665992737,0.47601646184921265,0.38118812441825867,0.028972452506422997,0.999968409538269,0.4339039921760559,0.3828769326210022,0.12968133389949799,0.9998332262039185,0.46443599462509155,0.3968389630317688,-0.047255948185920715,0.9999382495880127,0.4494915008544922,0.3976917862892151,-0.019141923636198044,0.9998712539672852,0.5305842161178589,0.4228849411010742,-0.00713751558214426,0.9999619126319885,0.4026985168457031,0.43693092465400696,0.2853485643863678,0.9995580315589905,0.5002739429473877,0.46714937686920166,-0.2883812189102173,0.9827530980110168,0.38819849491119385,0.48935800790786743,0.14314185082912445,0.5535771250724792,0.46655625104904175,0.41543662548065186,-0.5169511437416077,0.981988251209259,0.378001868724823,0.4731409251689911,-0.1965341717004776,0.7061743140220642,0.45718321204185486,0.3998212218284607,-0.5885714888572693,0.9704439640045166,0.3729651868343353,0.4729565978050232,-0.24952709674835205,0.6588091850280762,0.4636046886444092,0.39574727416038513,-0.5694289803504944,0.9683874249458313,0.37856411933898926,0.46835002303123474,-0.26587218046188354,0.6486407518386841,0.4659614861011505,0.40055373311042786,-0.5156919956207275,0.9522094130516052,0.38161444664001465,0.46850070357322693,-0.21659962832927704,0.6257734894752502,0.48878252506256104,0.5613847374916077,-0.11290864646434784,0.9998246431350708,0.419697642326355,0.5647731423377991,0.11331641674041748,0.9995779991149902,0.49754175543785095,0.6683182716369629,-0.1847529262304306,0.9699801802635193,0.448782742023468,0.6631203293800354,0.1278381496667862,0.8647841215133667,0.5096346735954285,0.7714101672172546,-0.0798400416970253,0.9600807428359985,0.48387411236763,0.7627068161964417,0.29761096835136414,0.855760395526886,0.5202142000198364,0.787539541721344,-0.07972009479999542,0.8010683059692383,0.5032060146331787,0.7774471640586853,0.3046932816505432,0.7224050760269165,0.4731884002685547,0.8049591779708862,-0.3017621338367462,0.9560839533805847,0.44416236877441406,0.794306218624115,0.1406995952129364,0.8782774209976196
IMG_9691 2,6,197,bad,0.4539935290813446,0.39045611023902893,-0.10460865497589111,0.9999440312385559,0.4586646556854248,0.38055169582366943,-0.09690967202186584,0.9999372363090515,0.46334218978881836,0.37998825311660767,-0.09704376757144928,0.9999421834945679,0.46785974502563477,0.3794730305671692,-0.09717459231615067,0.99994295835495,0.44590264558792114,0.3810884654521942,-0.07301750779151917,0.9998976588249207,0.4420422315597534,0.38083431124687195,-0.07300718128681183,0.9998517632484436,0.4384690821170807,0.38065508008003235,-0.07299556583166122,0.999832034111023,0.47716301679611206,0.38101083040237427,0.017767643555998802,0.9999661445617676,0.43578842282295227,0.38216590881347656,0.12544502317905426,0.9998320937156677,0.4644756317138672,0.39673468470573425,-0.05545100197196007,0.9999379515647888,0.4499957859516144,0.39736396074295044,-0.02524477429687977,0.9998740553855896,0.5327910780906677,0.42265576124191284,-0.013544896617531776,0.9999629855155945,0.40446558594703674,0.4344863295555115,0.2882481813430786,0.9995887875556946,0.500718891620636,0.4685986340045929,-0.29444047808647156,0.9831074476242065,0.3882025182247162,0.48634710907936096,0.18994566798210144,0.5521979331970215,0.4678254723548889,0.41544222831726074,-0.5479022264480591,0.9825984239578247,0.37014806270599365,0.4795110523700714,-0.14204327762126923,0.715179443359375,0.4584011137485504,0.3995983600616455,-0.6298571228981018,0.9714688658714294,0.36497756838798523,0.4797493815422058,-0.19550125300884247,0.6706432104110718,0.46454593539237976,0.3951451778411865,-0.6138250231742859,0.9695128798484802,0.36782917380332947,0.47513875365257263,-0.22952643036842346,0.661988377571106,0.4670661687850952,0.40013381838798523,-0.5491316914558411,0.9538605809211731,0.37145259976387024,0.47522449493408203,-0.16835518181324005,0.6400765776634216,0.48905307054519653,0.5612001419067383,-0.11255236715078354,0.9998249411582947,0.41949495673179626,0.5645285844802856,0.1129370704293251,0.9995860457420349,0.4975591003894806,0.6684709787368774,-0.16990762948989868,0.96964031457901,0.44849419593811035,0.6629879474639893,0.12078865617513657,0.8654505610466003,0.5096340179443359,0.77106773853302,-0.04503036290407181,0.9598780870437622,0.4838942885398865,0.7624486684799194,0.2997809946537018,0.8582483530044556,0.51983642578125,0.7874411940574646,-0.04330688342452049,0.8019287586212158,0.5030278563499451,0.777086079120636,0.30787909030914307,0.7288598418235779,0.4733244478702545,0.8048388361930847,-0.26349660754203796,0.9556330442428589,0.4479271173477173,0.7940429449081421,0.14085794985294342,0.8798736929893494
IMG_9691 2,7,230,bad,0.45688655972480774,0.38797512650489807,-0.09781733900308609,0.9999457001686096,0.46287989616394043,0.37856772541999817,-0.08642815798521042,0.9999388456344604,0.467732310295105,0.37794455885887146,-0.08655045926570892,0.9999436140060425,0.47238895297050476,0.3774254620075226,-0.08668025583028793,0.9999446868896484,0.44978559017181396,0.37910839915275574,-0.06465879082679749,0.9998992085456848,0.4458232522010803,0.37881794571876526,-0.06463471800088882,0.9998539686203003,0.4421003758907318,0.3785470426082611,-0.06459136307239532,0.999835193157196,0.4813035726547241,0.37893399596214294,0.03288920223712921,0.999966561794281,0.43883007764816284,0.3799118101596832,0.13002905249595642,0.9998360276222229,0.4672107696533203,0.3945055305957794,-0.04831366240978241,0.999940037727356,0.4528489410877228,0.3950667977333069,-0.021020665764808655,0.9998792409896851,0.534315288066864,0.4223467707633972,-0.011313122697174549,0.9999651908874512,0.4069034457206726,0.43243932723999023,0.29924020171165466,0.9996115565299988,0.5020539164543152,0.4695551097393036,-0.2963816523551941,0.9838268756866455,0.38820570707321167,0.48363539576530457,0.2620920240879059,0.5448782444000244,0.47143396735191345,0.4154456555843353,-0.5610083341598511,0.9834803938865662,0.3645382821559906,0.48271068930625916,0.015114614740014076,0.7173275947570801,0.4623034596443176,0.3994388282299042,-0.6431933641433716,0.9729495048522949,0.3561502695083618,0.4834636449813843,-0.0253212358802557,0.6764611601829529,0.4680878221988678,0.39472922682762146,-0.6290770769119263,0.9711194634437561,0.356528103351593,0.4799395203590393,-0.06521068513393402,0.6693806052207947,0.4705790579319,0.39984747767448425,-0.5630501508712769,0.95619797706604,0.361652672290802,0.4800190031528473,-0.011687765829265118,0.6487604975700378,0.4890167713165283,0.5609214901924133,-0.11601746082305908,0.9998317956924438,0.4189434051513672,0.5639626383781433,0.11639804393053055,0.9995974898338318,0.4977433383464813,0.6684153079986572,-0.17864060401916504,0.9702990651130676,0.4480200409889221,0.6614958643913269,0.12830014526844025,0.8681861162185669,0.509679913520813,0.7712113857269287,-0.05770224332809448,0.9610857963562012,0.4828546643257141,0.7622908353805542,0.3091818392276764,0.8621788024902344,0.5198104977607727,0.7879283428192139,-0.054441969841718674,0.8074840307235718,0.5012850165367126,0.776203453540802,0.3172130584716797,0.7369412183761597,0.47345438599586487,0.8050876259803772,-0.2711080312728882,0.9564782977104187,0.43751537799835205,0.7938719987869263,0.1456352174282074,0.8828971982002258
IMG_9691 2,8,263,bad,0.45852306485176086,0.38805150985717773,-0.08670718967914581,0.9999479055404663,0.46554192900657654,0.3786138892173767,-0.0768442451953888,0.9999401569366455,0.4705199599266052,0.37800297141075134,-0.07695464044809341,0.9999446272850037,0.4753112196922302,0.3774874806404114,-0.0770639181137085,0.9999459385871887,0.4523795247077942,0.37904757261276245,-0.05451025068759918,0.9999005794525146,0.44844213128089905,0.3786931335926056,-0.0544709786772728,0.9998560547828674,0.4446547031402588,0.3783372938632965,-0.054426856338977814,0.9998385906219482,0.48562830686569214,0.3789292871952057,0.037594299763441086,0.9999669194221497,0.4425247311592102,0.3794349730014801,0.13784559071063995,0.9998408555984497,0.4689598083496094,0.394557923078537,-0.03871794044971466,0.9999427795410156,0.45473363995552063,0.3951103389263153,-0.010723104700446129,0.9998859167098999,0.5367942452430725,0.422344833612442,-0.0013935619499534369,0.9999673962593079,0.4090585708618164,0.43013909459114075,0.29410403966903687,0.9996414184570312,0.5049378275871277,0.47032642364501953,-0.29771384596824646,0.9846694469451904,0.39023834466934204,0.47924959659576416,0.24057167768478394,0.5458306670188904,0.4754839241504669,0.41547539830207825,-0.5831805467605591,0.9846086502075195,0.3566429913043976,0.4850694537162781,-0.04621850699186325,0.7279888987541199,0.4659600853919983,0.39927586913108826,-0.6690460443496704,0.974761962890625,0.3405101001262665,0.4897203743457794,-0.094234898686409,0.6908031105995178,0.47168105840682983,0.3943677544593811,-0.6541074514389038,0.9730620980262756,0.3395525813102722,0.48756781220436096,-0.13923223316669464,0.6853289008140564,0.47432905435562134,0.3996501564979553,-0.5854045152664185,0.9590527415275574,0.34718960523605347,0.48631352186203003,-0.07628380507230759,0.6662411093711853,0.49007946252822876,0.5612568855285645,-0.10898054391145706,0.9998353123664856,0.41879862546920776,0.564214825630188,0.1092824712395668,0.9996094107627869,0.5008517503738403,0.6695864796638489,-0.14865362644195557,0.9712804555892944,0.4481052756309509,0.662320613861084,0.1000700443983078,0.8749085664749146,0.5107255578041077,0.7712774276733398,-0.010552986524999142,0.9617919921875,0.4830182194709778,0.7621954083442688,0.2764376699924469,0.8679023385047913,0.5204442739486694,0.7879177927970886,-0.007979931309819221,0.8043109178543091,0.5013472437858582,0.7760823369026184,0.28384777903556824,0.7443422675132751,0.47366634011268616,0.8055223822593689,-0.2291983813047409,0.95621258020401,0.4470784068107605,0.7946338653564453,0.11443763226270676,0.8862900733947754
IMG_9691 2,9,296,bad,0.4677637219429016,0.38460418581962585,-0.09353654086589813,0.9999520182609558,0.47609642148017883,0.37502628564834595,-0.08711521327495575,0.999944806098938,0.4812434911727905,0.37462282180786133,-0.08723967522382736,0.9999489784240723,0.48660680651664734,0.37438905239105225,-0.08735429495573044,0.9999501705169678,0.4608851373195648,0.37548211216926575,-0.05922887846827507,0.9999077916145325,0.4556349813938141,0.37522298097610474,-0.05930427089333534,0.9998664259910583,0.45068633556365967,0.37503594160079956,-0.05942771956324577,0.9998499155044556,0.49356192350387573,0.3773072063922882,0.06208464875817299,0.999969482421875,0.44502636790275574,0.37762555480003357,0.13065646588802338,0.9998518824577332,0.47713330388069153,0.3923283517360687,-0.04854518920183182,0.9999473690986633,0.459964781999588,0.39220312237739563,-0.02180180512368679,0.9998952150344849,0.5379000902175903,0.4226328432559967,0.02390637807548046,0.9999699592590332,0.4090687036514282,0.4290292263031006,0.274646520614624,0.9996642470359802,0.5098459720611572,0.4703533947467804,-0.29386505484580994,0.985628604888916,0.3888063132762909,0.47734126448631287,0.19590547680854797,0.551695704460144,0.48072192072868347,0.4162517189979553,-0.62176513671875,0.9858753085136414,0.34426742792129517,0.4872994124889374,-0.11507730931043625,0.73956698179245,0.47054800391197205,0.400370329618454,-0.7194909453392029,0.9768092632293701,0.3238339126110077,0.4952636659145355,-0.16852092742919922,0.7060623168945312,0.47613582015037537,0.39582374691963196,-0.7066245675086975,0.9752634763717651,0.3227546811103821,0.49356040358543396,-0.19473884999752045,0.7020865082740784,0.47833511233329773,0.40092968940734863,-0.6267970204353333,0.9623410105705261,0.3322295546531677,0.4911133050918579,-0.1432162970304489,0.6846668124198914,0.49086079001426697,0.5612040162086487,-0.09258168935775757,0.9998419284820557,0.4186583161354065,0.5641219615936279,0.09296884387731552,0.9996192455291748,0.5021446943283081,0.6686437129974365,-0.13064643740653992,0.972263514995575,0.44832760095596313,0.6613627076148987,0.07164989411830902,0.8812799453735352,0.511624813079834,0.769257664680481,0.02231568843126297,0.9619715213775635,0.4850151836872101,0.7636426091194153,0.25137531757354736,0.8727921843528748,0.5204406976699829,0.7853595018386841,0.025393741205334663,0.7991237640380859,0.502234160900116,0.7764699459075928,0.2585000991821289,0.7495352625846863,0.48008325695991516,0.8036398887634277,-0.19708874821662903,0.9547133445739746,0.45373985171318054,0.7943789958953857,0.0795663446187973,0.887356162071228
IMG_9691 2,10,329,bad,0.4716861844062805,0.38474273681640625,-0.20374856889247894,0.999954879283905,0.4802916347980499,0.3752192258834839,-0.18172863125801086,0.9999473094940186,0.4854167699813843,0.37483251094818115,-0.1818610280752182,0.9999513626098633,0.49043670296669006,0.3745935559272766,-0.18193009495735168,0.9999523758888245,0.4657006561756134,0.3754609525203705,-0.16559605300426483,0.9999116659164429,0.4607347846031189,0.37510621547698975,-0.16554713249206543,0.9998717904090881,0.4558870494365692,0.374801367521286,-0.16551953554153442,0.9998552799224854,0.4968257248401642,0.3773368299007416,-0.017451973631978035,0.9999701976776123,0.448037713766098,0.37725183367729187,0.04767363891005516,0.999858021736145,0.48127827048301697,0.39248940348625183,-0.1429288238286972,0.999950647354126,0.46354007720947266,0.392304927110672,-0.12337826192378998,0.9999024271965027,0.5409747362136841,0.4226469397544861,-0.05429355800151825,0.9999719262123108,0.4089796543121338,0.4275066554546356,0.21928365528583527,0.9996902942657471,0.5130006074905396,0.46904563903808594,-0.4393726587295532,0.9864745140075684,0.3738427758216858,0.47441262006759644,0.25198858976364136,0.5741491317749023,0.48665228486061096,0.4165552258491516,-0.8869307637214661,0.9869963526725769,0.3118332624435425,0.49381253123283386,0.06576214730739594,0.7563523054122925,0.4777463674545288,0.40086907148361206,-0.9941849112510681,0.9786365628242493,0.2882009744644165,0.5020708441734314,0.03151252493262291,0.7246446013450623,0.48199740052223206,0.39630553126335144,-0.9843332767486572,0.9772223234176636,0.2869875729084015,0.5013093948364258,-0.02960089035332203,0.721928060054779,0.48311665654182434,0.4012044370174408,-0.8951432108879089,0.9652026295661926,0.295576274394989,0.49939030408859253,0.03304430469870567,0.7060225009918213,0.49230125546455383,0.5620360374450684,-0.09390636533498764,0.9998459815979004,0.41864633560180664,0.5643673539161682,0.09422901272773743,0.9996286630630493,0.5034042596817017,0.668622612953186,-0.13362105190753937,0.9716728925704956,0.4494905471801758,0.6617231369018555,0.06426401436328888,0.8844162225723267,0.5116142630577087,0.7689636945724487,0.013013137504458427,0.9612608551979065,0.485828697681427,0.7635371685028076,0.26871368288993835,0.8744558691978455,0.5192601084709167,0.7838910818099976,0.01721826195716858,0.7963936924934387,0.5024824142456055,0.7764109969139099,0.27765288949012756,0.7535122036933899,0.4826295077800751,0.8027044534683228,-0.21132154762744904,0.9533748030662537,0.4564610421657562,0.7939097285270691,0.09282396733760834,0.8875746726989746
IMG_9691 2,11,362,bad,0.48123037815093994,0.38024476170539856,-0.19268512725830078,0.9999585747718811,0.488896906375885,0.3711758255958557,-0.1672373116016388,0.9999512434005737,0.4934859573841095,0.3710941970348358,-0.16738538444042206,0.9999550580978394,0.49782150983810425,0.3711004853248596,-0.16748136281967163,0.9999558925628662,0.47339773178100586,0.3710760772228241,-0.15506066381931305,0.9999178647994995,0.46798765659332275,0.3708120286464691,-0.15497979521751404,0.9998809695243835,0.4626815915107727,0.3706435263156891,-0.15491066873073578,0.9998653531074524,0.5016177892684937,0.37497952580451965,-0.016144316643476486,0.9999719858169556,0.45196014642715454,0.37462159991264343,0.05177575722336769,0.9998689293861389,0.4901696741580963,0.38922351598739624,-0.1294836401939392,0.9999544024467468,0.4698253870010376,0.38799330592155457,-0.11476662755012512,0.9999105930328369,0.5426957011222839,0.4226146638393402,-0.02691374160349369,0.9999741315841675,0.4089512228965759,0.42595750093460083,0.22863036394119263,0.9997159242630005,0.5201541781425476,0.4684832990169525,-0.3215476870536804,0.9870651364326477,0.35025784373283386,0.4722147285938263,0.36458370089530945,0.6093490719795227,0.49247288703918457,0.41680729389190674,-0.7340332865715027,0.9879214763641357,0.27624279260635376,0.49797800183296204,0.28326109051704407,0.7767305374145508,0.4841758906841278,0.40132012963294983,-0.8088747262954712,0.9800390601158142,0.25005096197128296,0.5067224502563477,0.26290223002433777,0.7460986375808716,0.48795223236083984,0.39667436480522156,-0.7928687930107117,0.9787356853485107,0.2518371641635895,0.505615770816803,0.19276733696460724,0.7443066835403442,0.48918965458869934,0.4017038345336914,-0.728838324546814,0.9674628973007202,0.2608591914176941,0.5038354396820068,0.2500040829181671,0.730038046836853,0.49591442942619324,0.5618762969970703,-0.08482730388641357,0.9998534321784973,0.42016682028770447,0.5640418529510498,0.08517943322658539,0.9996430277824402,0.5047174692153931,0.6679951548576355,-0.13553309440612793,0.9704254865646362,0.4505443572998047,0.6613525748252869,0.07713887840509415,0.8865970373153687,0.5113306641578674,0.7689877152442932,0.01993457041680813,0.959700882434845,0.48549291491508484,0.7629969716072083,0.27931252121925354,0.8748520612716675,0.5163032412528992,0.7837039232254028,0.025039181113243103,0.7916725277900696,0.49762043356895447,0.7763559222221375,0.2850307524204254,0.7522717118263245,0.48502424359321594,0.801760196685791,-0.1917443722486496,0.9505795836448669,0.4582281708717346,0.792447566986084,0.10736632347106934,0.8847666382789612
IMG_9691 2,12,395,bad,0.48453330993652344,0.38091596961021423,-0.19593937695026398,0.9999605417251587,0.4920656979084015,0.3718165159225464,-0.17071039974689484,0.9999517202377319,0.4963897168636322,0.37169671058654785,-0.1708364188671112,0.9999557137489319,0.5006621479988098,0.37164467573165894,-0.17090289294719696,0.9999561905860901,0.47819000482559204,0.37160101532936096,-0.15894481539726257,0.9999181628227234,0.4729100465774536,0.37123265862464905,-0.15888990461826324,0.9998818635940552,0.46822237968444824,0.3709565997123718,-0.15888039767742157,0.9998666644096375,0.5045955777168274,0.3751811385154724,-0.012215720489621162,0.9999700784683228,0.4576183259487152,0.3746596872806549,0.045289214700460434,0.9998700618743896,0.49243900179862976,0.38959911465644836,-0.1332091987133026,0.9999553561210632,0.473572701215744,0.3883962035179138,-0.11874545365571976,0.9999150633811951,0.5459856986999512,0.42258498072624207,-0.02701515331864357,0.9999752640724182,0.40892183780670166,0.4235807955265045,0.22625978291034698,0.9997376799583435,0.523293137550354,0.4690392315387726,-0.320302814245224,0.9876595735549927,0.3342013657093048,0.4669150710105896,0.33205488324165344,0.6429112553596497,0.49704495072364807,0.4173603355884552,-0.6978515386581421,0.988810122013092,0.24825029075145721,0.49762919545173645,0.20636023581027985,0.7960346341133118,0.48899027705192566,0.40163829922676086,-0.7848095893859863,0.9813761711120605,0.21894678473472595,0.506222128868103,0.1837083250284195,0.7661657333374023,0.4935851991176605,0.39700227975845337,-0.7752487063407898,0.9801591038703918,0.21954786777496338,0.5054048895835876,0.11407359689474106,0.7651234865188599,0.4949720501899719,0.40198931097984314,-0.702571451663971,0.9695619940757751,0.22866514325141907,0.5039960741996765,0.17182452976703644,0.7523921728134155,0.49818482995033264,0.5620834231376648,-0.08540578186511993,0.9998498558998108,0.4209532141685486,0.5641739964485168,0.08564003556966782,0.9996411800384521,0.5047245025634766,0.6669248938560486,-0.13862554728984833,0.9701050519943237,0.4505275785923004,0.6612663269042969,0.06731030344963074,0.8877790570259094,0.511325478553772,0.7695282697677612,0.0031710772309452295,0.9597496390342712,0.4854488670825958,0.7641342878341675,0.26220938563346863,0.8763197064399719,0.5163909792900085,0.7839718461036682,0.006466689519584179,0.78925621509552,0.4987200200557709,0.7770079970359802,0.2701118290424347,0.7534007430076599,0.48483288288116455,0.8018247485160828,-0.2139534056186676,0.9505211114883423,0.458434134721756,0.7933397889137268,0.09023880213499069,0.8857554197311401
IMG_9691 2,13,427,bad,0.49517500400543213,0.38099807500839233,-0.2810737192630768,0.9999629855155945,0.5005457997322083,0.3719566762447357,-0.2499663531780243,0.9999534487724304,0.5041748285293579,0.37191101908683777,-0.25007396936416626,0.9999572038650513,0.5076939463615417,0.37191349267959595,-0.25012993812561035,0.9999572038650513,0.48770713806152344,0.3714652359485626,-0.24637272953987122,0.9999210238456726,0.4821759760379791,0.3710143268108368,-0.24633672833442688,0.9998865723609924,0.4761005640029907,0.37067681550979614,-0.2463112771511078,0.9998721480369568,0.5080869197845459,0.37531331181526184,-0.0571603998541832,0.9999690055847168,0.4618787169456482,0.3743922710418701,-0.042500097304582596,0.9998764991760254,0.5011900067329407,0.38979285955429077,-0.20703747868537903,0.9999569654464722,0.4842432141304016,0.3885221779346466,-0.20356790721416473,0.9999205470085144,0.5463524460792542,0.4227815866470337,-0.0440676212310791,0.999976634979248,0.4076566696166992,0.4214897155761719,0.15586517751216888,0.9997578859329224,0.5345509052276611,0.4719235599040985,-0.32381805777549744,0.9882864356040955,0.3138671815395355,0.4627174437046051,0.27883657813072205,0.6761470437049866,0.5019017457962036,0.41749489307403564,-0.7280128598213196,0.9896765351295471,0.22184929251670837,0.49472078680992126,0.13486060500144958,0.814558207988739,0.4923962652683258,0.40170416235923767,-0.820549488067627,0.9826117157936096,0.19341646134853363,0.501972496509552,0.11248631030321121,0.7855784296989441,0.4969201982021332,0.39700883626937866,-0.8065709471702576,0.9814668297767639,0.19558051228523254,0.5013092160224915,0.04432038590312004,0.785072386264801,0.4982355833053589,0.40211594104766846,-0.7332780957221985,0.9715009927749634,0.20543691515922546,0.4999981224536896,0.1016709953546524,0.7736492156982422,0.4988110661506653,0.5635556578636169,-0.07945450395345688,0.9998469352722168,0.42157116532325745,0.5645648837089539,0.07952020317316055,0.9996403455734253,0.5046674013137817,0.6669096350669861,-0.09076622873544693,0.9703691601753235,0.45051702857017517,0.6617443561553955,0.0771922916173935,0.8889961242675781,0.5105493068695068,0.7696244716644287,0.08464111387729645,0.9604598879814148,0.4840136468410492,0.7628417611122131,0.30893319845199585,0.8790299296379089,0.5162612795829773,0.7840076088905334,0.0918121486902237,0.7893208265304565,0.4960387051105499,0.7739469408988953,0.32074400782585144,0.7548564076423645,0.48311811685562134,0.8030047416687012,-0.12399694323539734,0.9515305757522583,0.45721498131752014,0.792140543460846,0.1446812003850937,0.8886827230453491
IMG_9691 2,14,460,bad,0.5016464591026306,0.3775612711906433,-0.3069956600666046,0.999965250492096,0.5068908333778381,0.36904674768447876,-0.2725244462490082,0.9999553561210632,0.5106282830238342,0.36919739842414856,-0.2726377546787262,0.999958872795105,0.5141487717628479,0.3694581985473633,-0.27269330620765686,0.9999583959579468,0.49330440163612366,0.36822596192359924,-0.2703196406364441,0.9999239444732666,0.48717328906059265,0.367752343416214,-0.270302951335907,0.9998912811279297,0.4810274541378021,0.36745786666870117,-0.2702750861644745,0.9998775124549866,0.5138067603111267,0.3741244375705719,-0.07316458970308304,0.9999688267707825,0.4649381935596466,0.3718171715736389,-0.06602572649717331,0.9998824596405029,0.5072187185287476,0.38771191239356995,-0.23225225508213043,0.999958872795105,0.49041566252708435,0.38592687249183655,-0.23074252903461456,0.9999259114265442,0.5473940968513489,0.42332664132118225,-0.05916135758161545,0.9999774694442749,0.4071008563041687,0.4195377826690674,0.13312150537967682,0.9997740387916565,0.5388896465301514,0.4721791446208954,-0.324783056974411,0.9889817237854004,0.30822402238845825,0.45475542545318604,0.2762386202812195,0.7067047357559204,0.506186842918396,0.4180382490158081,-0.7232265472412109,0.9905351996421814,0.20576085150241852,0.48421692848205566,0.10609972476959229,0.8319573998451233,0.5014480352401733,0.40170034766197205,-0.8170822262763977,0.9839034080505371,0.17701280117034912,0.49573829770088196,0.08088229596614838,0.8044242858886719,0.5039853453636169,0.39728349447250366,-0.8053162097930908,0.982842743396759,0.17977605760097504,0.49700236320495605,0.011484594084322453,0.8043053150177002,0.5035561323165894,0.40232494473457336,-0.7297507524490356,0.973578155040741,0.18947090208530426,0.49453163146972656,0.07176921516656876,0.7940842509269714,0.49951398372650146,0.563417375087738,-0.07721948623657227,0.9998325705528259,0.4218633770942688,0.5636405348777771,0.07728739082813263,0.9996217489242554,0.5046812295913696,0.6648961305618286,-0.09447967261075974,0.9704304933547974,0.45054423809051514,0.6606683731079102,0.07862123847007751,0.8878182172775269,0.510564386844635,0.7690708041191101,0.08267473429441452,0.9606571197509766,0.48350903391838074,0.7628213167190552,0.30309396982192993,0.8796795606613159,0.5162882208824158,0.7819253206253052,0.08964872360229492,0.7871992588043213,0.4946690797805786,0.7739765644073486,0.31465408205986023,0.7539821863174438,0.48402929306030273,0.8029128313064575,-0.1306823045015335,0.9519459009170532,0.4574027955532074,0.7921704649925232,0.1262715458869934,0.8894486427307129
IMG_9691 2,15,493,bad,0.5064058899879456,0.3771485984325409,-0.29521358013153076,0.9999663233757019,0.5108726620674133,0.36856162548065186,-0.26105090975761414,0.999955415725708,0.5143917798995972,0.3688102662563324,-0.26116257905960083,0.9999587535858154,0.5177485942840576,0.36912891268730164,-0.26121464371681213,0.999957263469696,0.4975599944591522,0.36756861209869385,-0.26045987010002136,0.9999241232872009,0.49132293462753296,0.36700722575187683,-0.260471910238266,0.9998922348022461,0.4850228726863861,0.3666646480560303,-0.2604566216468811,0.9998786449432373,0.5169650912284851,0.3739688992500305,-0.06342554092407227,0.9999667406082153,0.4676719605922699,0.37138423323631287,-0.06364922225475311,0.9998857378959656,0.5116350054740906,0.3873904049396515,-0.2207576483488083,0.9999592304229736,0.4953463077545166,0.3856753706932068,-0.22147423028945923,0.9999297261238098,0.5489935278892517,0.4235176742076874,-0.05826675146818161,0.9999776482582092,0.40707477927207947,0.4176347255706787,0.12730513513088226,0.9997883439064026,0.5410199165344238,0.47212666273117065,-0.338532954454422,0.9894572496414185,0.30285823345184326,0.444843053817749,0.20814937353134155,0.7343297004699707,0.5087071657180786,0.41803091764450073,-0.7592743039131165,0.9912555813789368,0.1916952133178711,0.46700605750083923,0.06980010122060776,0.8473384976387024,0.5029307007789612,0.40166962146759033,-0.8560492396354675,0.9849840402603149,0.16002608835697174,0.47680553793907166,0.037044525146484375,0.8205463886260986,0.5068421363830566,0.3972809314727783,-0.8422567844390869,0.9839946031570435,0.1617536097764969,0.47827139496803284,-0.01639920100569725,0.8208944797515869,0.5050011873245239,0.40235063433647156,-0.7659808397293091,0.9753207564353943,0.17004162073135376,0.4766210913658142,0.04012209549546242,0.8118817806243896,0.5006430149078369,0.5629416108131409,-0.07503612339496613,0.999820351600647,0.42253920435905457,0.5629038214683533,0.07513383775949478,0.9995999336242676,0.5043700337409973,0.661844789981842,-0.11914095282554626,0.9707996249198914,0.4503273367881775,0.6591430902481079,0.05505969375371933,0.8831025958061218,0.5103035569190979,0.7688452005386353,0.012738605029881,0.9613902568817139,0.4821945130825043,0.762558102607727,0.26276540756225586,0.8793691396713257,0.5158012509346008,0.78192538022995,0.014798110350966454,0.790077805519104,0.49382391571998596,0.7734087705612183,0.27173298597335815,0.7550774812698364,0.48591184616088867,0.8023772239685059,-0.2050255537033081,0.9530718326568604,0.45699605345726013,0.7913990616798401,0.08123471587896347,0.889857292175293
IMG_9691 2,16,526,bad,0.5120764970779419,0.37775346636772156,-0.26053375005722046,0.9999678134918213,0.5142900943756104,0.3690505027770996,-0.23036983609199524,0.999956488609314,0.5173808932304382,0.36921969056129456,-0.23048388957977295,0.999959409236908,0.5203389525413513,0.36946216225624084,-0.23054997622966766,0.9999573230743408,0.5022750496864319,0.368175745010376,-0.2266835719347,0.9999265074729919,0.49592167139053345,0.36761632561683655,-0.22669410705566406,0.9998959302902222,0.48943787813186646,0.36725369095802307,-0.22666993737220764,0.9998832941055298,0.5172820687294006,0.37408992648124695,-0.04473287612199783,0.999965488910675,0.4701826572418213,0.3717055022716522,-0.0374191477894783,0.9998910427093506,0.5157089829444885,0.38763248920440674,-0.19064223766326904,0.9999600648880005,0.5020433068275452,0.38604116439819336,-0.18848370015621185,0.9999338388442993,0.5491414070129395,0.42384764552116394,-0.056229960173368454,0.9999783039093018,0.40705329179763794,0.416996031999588,0.14808617532253265,0.9998012185096741,0.541367769241333,0.47204431891441345,-0.33779847621917725,0.98972088098526,0.28930431604385376,0.43472614884376526,0.19875776767730713,0.7595230937004089,0.5115174055099487,0.41733744740486145,-0.7573229670524597,0.9918337464332581,0.17413239181041718,0.44917985796928406,0.060875341296195984,0.8611623644828796,0.5049654841423035,0.4009201228618622,-0.8541944622993469,0.9858367443084717,0.14432236552238464,0.45762795209884644,0.032211218029260635,0.8347097635269165,0.5091916918754578,0.3968718349933624,-0.8404310345649719,0.9849066138267517,0.14602895081043243,0.4585825204849243,-0.027237921953201294,0.8355103135108948,0.5071296095848083,0.4021296203136444,-0.7644985914230347,0.9767228960990906,0.1546466052532196,0.457336962223053,0.029142724350094795,0.8277214765548706,0.5026076436042786,0.5629294514656067,-0.075929656624794,0.9998252987861633,0.4235859513282776,0.562881588935852,0.07610355317592621,0.9996029138565063,0.5045095086097717,0.6620775461196899,-0.16411665081977844,0.9722779989242554,0.4502622187137604,0.6598977446556091,0.13465774059295654,0.8778682351112366,0.5099184513092041,0.7711552977561951,-0.08670114725828171,0.9638230800628662,0.48111578822135925,0.7614105343818665,0.38287752866744995,0.8799943923950195,0.5157240033149719,0.7881477475166321,-0.08917450159788132,0.8023458123207092,0.49319005012512207,0.7719406485557556,0.3961300551891327,0.7593756318092346,0.48180463910102844,0.8049244284629822,-0.31653064489364624,0.9562407732009888,0.4437662959098816,0.7893408536911011,0.22667813301086426,0.892262876033783
IMG_9691 2,17,559,bad,0.5126013159751892,0.3781532049179077,-0.2695707380771637,0.9999666213989258,0.5152998566627502,0.3694024980068207,-0.2351664900779724,0.99995356798172,0.5186399817466736,0.36952826380729675,-0.23525011539459229,0.9999557733535767,0.5219411253929138,0.3697165846824646,-0.23530587553977966,0.9999511241912842,0.5030340552330017,0.3685562312602997,-0.23746635019779205,0.9999232292175293,0.49683114886283875,0.36798200011253357,-0.23752467334270477,0.9998922348022461,0.49026167392730713,0.3676072061061859,-0.2375098019838333,0.9998801350593567,0.5198207497596741,0.3741656541824341,-0.041987743228673935,0.9999606013298035,0.47207680344581604,0.371854305267334,-0.045911308377981186,0.99989253282547,0.5163851380348206,0.387834757566452,-0.1916486620903015,0.9999573826789856,0.5027576088905334,0.3863540291786194,-0.19650620222091675,0.9999354481697083,0.5494620203971863,0.4238514304161072,-0.040864162147045135,0.999977171421051,0.40707796812057495,0.41526657342910767,0.14733347296714783,0.9998133778572083,0.5469916462898254,0.4718417525291443,-0.33729472756385803,0.9896774888038635,0.28315770626068115,0.42537838220596313,0.1950177699327469,0.7826001644134521,0.5141593813896179,0.4164794683456421,-0.7717188596725464,0.9922518134117126,0.160133957862854,0.43108364939689636,0.06811907887458801,0.8740661144256592,0.509947657585144,0.3998211622238159,-0.8725643754005432,0.986342191696167,0.1237238422036171,0.43788671493530273,0.04228903725743294,0.8482887744903564,0.5126477479934692,0.39596790075302124,-0.8509772419929504,0.9854453802108765,0.12810118496418,0.4389767050743103,-0.02001131698489189,0.8494613766670227,0.5110403895378113,0.4016154706478119,-0.7769550681114197,0.9776292443275452,0.1387092024087906,0.4382483959197998,0.03526926785707474,0.8427276015281677,0.5036212801933289,0.5629131197929382,-0.07528301328420639,0.9998146295547485,0.42521944642066956,0.5628740191459656,0.07549314200878143,0.9995726346969604,0.50390625,0.6616953611373901,-0.17572414875030518,0.9719923138618469,0.4501403272151947,0.6601173281669617,0.1333136409521103,0.8632041811943054,0.5091009140014648,0.7711363434791565,-0.07624970376491547,0.9629748463630676,0.48203781247138977,0.76136314868927,0.3617936670780182,0.8693774342536926,0.5142537951469421,0.7879114151000977,-0.07507054507732391,0.8053334951400757,0.49442431330680847,0.7720361948013306,0.37626147270202637,0.7532174587249756,0.4818579852581024,0.804823637008667,-0.29778024554252625,0.9561229944229126,0.4538491666316986,0.7895215153694153,0.19680148363113403,0.8836857676506042
IMG_9691 2,18,592,bad,0.5134631395339966,0.378044992685318,-0.29753008484840393,0.9999658465385437,0.5156148076057434,0.3695019781589508,-0.26372918486595154,0.9999503493309021,0.5188050866127014,0.36965715885162354,-0.2638014554977417,0.9999521374702454,0.5220086574554443,0.3698766529560089,-0.2638553977012634,0.9999455809593201,0.5035644173622131,0.36842554807662964,-0.26549389958381653,0.9999186396598816,0.49764561653137207,0.36775022745132446,-0.2655338644981384,0.9998868107795715,0.491279661655426,0.367272287607193,-0.2655230164527893,0.9998745322227478,0.5199587941169739,0.3742138743400574,-0.06037469953298569,0.9999563694000244,0.47381317615509033,0.3715363144874573,-0.07116557657718658,0.9998917579650879,0.5174924731254578,0.3877207338809967,-0.21948273479938507,0.9999554753303528,0.5039569139480591,0.38621124625205994,-0.2234935313463211,0.9999366402626038,0.5500286817550659,0.4238487184047699,-0.04775514081120491,0.9999745488166809,0.4071758985519409,0.41355830430984497,0.12334959208965302,0.9998219013214111,0.549979567527771,0.47181472182273865,-0.33832499384880066,0.9897222518920898,0.2807159423828125,0.41560566425323486,0.17688141763210297,0.8034695386886597,0.5148710608482361,0.41582775115966797,-0.7575262784957886,0.9927049279212952,0.1574489176273346,0.415682315826416,0.056143730878829956,0.8858811259269714,0.5094751715660095,0.3990153670310974,-0.8541936874389648,0.9870020151138306,0.11719478666782379,0.4186481237411499,0.02984517067670822,0.8610849976539612,0.5136933922767639,0.3952893316745758,-0.8371053338050842,0.9861546158790588,0.11920366436243057,0.41829368472099304,-0.041700996458530426,0.8625362515449524,0.5106865763664246,0.4011186361312866,-0.7634485960006714,0.9787608981132507,0.1320384293794632,0.4184558093547821,0.018508996814489365,0.8566807508468628,0.5039257407188416,0.5628774166107178,-0.06757877767086029,0.9997726678848267,0.4255554676055908,0.5615801811218262,0.0677138939499855,0.999519407749176,0.5032877326011658,0.661386251449585,-0.13569042086601257,0.9729873538017273,0.44999226927757263,0.6603419184684753,0.06539727747440338,0.8674585819244385,0.5089127421379089,0.7700388431549072,-0.0025041287299245596,0.9639012813568115,0.4802711308002472,0.7626813054084778,0.28162288665771484,0.8733673095703125,0.5140641331672668,0.7868867516517639,0.001082102651707828,0.8051483035087585,0.4932740330696106,0.7729958295822144,0.29330140352249146,0.7574664950370789,0.48228201270103455,0.804665207862854,-0.2188563495874405,0.9567764401435852,0.45337051153182983,0.7942339181900024,0.10443281382322311,0.8859171867370605
IMG_9691 2,19,625,bad,0.5153787136077881,0.3777519166469574,-0.30279621481895447,0.9999669790267944,0.5174846053123474,0.3692961037158966,-0.26847994327545166,0.9999518990516663,0.5206834673881531,0.369499534368515,-0.26853257417678833,0.9999533891677856,0.5238195061683655,0.36976638436317444,-0.26861506700515747,0.9999460577964783,0.5055328607559204,0.36798742413520813,-0.27115458250045776,0.9999216198921204,0.49940207600593567,0.36720871925354004,-0.27118149399757385,0.9998910427093506,0.49289798736572266,0.36667582392692566,-0.271112859249115,0.9998789429664612,0.5208281874656677,0.37394285202026367,-0.05960145220160484,0.9999570250511169,0.4745294749736786,0.37086525559425354,-0.07496826350688934,0.9998974204063416,0.5187913179397583,0.38743266463279724,-0.22246336936950684,0.9999566078186035,0.5050392150878906,0.38614875078201294,-0.22741079330444336,0.999940037727356,0.5502268671989441,0.42341387271881104,-0.047452203929424286,0.9999740123748779,0.407146692276001,0.4118814766407013,0.1267404556274414,0.999829113483429,0.5517790913581848,0.47182753682136536,-0.338034451007843,0.9893980026245117,0.27829429507255554,0.40664151310920715,0.18419617414474487,0.8220590949058533,0.5149725079536438,0.4157363176345825,-0.7500162720680237,0.9928606748580933,0.15640293061733246,0.39505866169929504,0.07249205559492111,0.8962660431861877,0.5090093016624451,0.39886993169784546,-0.8466448187828064,0.9871495366096497,0.11744284629821777,0.39782360196113586,0.04650155454874039,0.8720133304595947,0.5124242901802063,0.39502474665641785,-0.8298600316047668,0.9863353967666626,0.11690767109394073,0.3958774507045746,-0.019434137269854546,0.8738110661506653,0.5104156732559204,0.4009799361228943,-0.7560568451881409,0.9791666269302368,0.12891674041748047,0.3961467742919922,0.037243060767650604,0.8687989115715027,0.504270076751709,0.5611190795898438,-0.06941663473844528,0.9997701644897461,0.42564597725868225,0.5596386790275574,0.06957052648067474,0.9994935989379883,0.5032747983932495,0.6600655913352966,-0.15791699290275574,0.97398442029953,0.44972968101501465,0.6585310697555542,0.13027094304561615,0.8620391488075256,0.5085946321487427,0.770071268081665,-0.0690072551369667,0.9647431969642639,0.47778451442718506,0.757199227809906,0.3888130486011505,0.8680762648582458,0.5140978693962097,0.7870674133300781,-0.06873577833175659,0.8101949691772461,0.49030059576034546,0.7722479701042175,0.40552955865859985,0.7540718913078308,0.4813282787799835,0.804597795009613,-0.2877788543701172,0.957416296005249,0.4467598795890808,0.7920852899551392,0.23676319420337677,0.8806399703025818
IMG_9691 2,20,658,bad,0.5146524310112,0.3770381510257721,-0.2805261015892029,0.999968945980072,0.5172238945960999,0.36899369955062866,-0.23575559258460999,0.9999548196792603,0.5204703211784363,0.3692787289619446,-0.23576776683330536,0.9999560713768005,0.523720383644104,0.36961260437965393,-0.23589684069156647,0.9999489188194275,0.5051770210266113,0.3677283227443695,-0.2432689517736435,0.9999263882637024,0.49919500946998596,0.36709970235824585,-0.2433030605316162,0.9998973608016968,0.4925975799560547,0.36666855216026306,-0.2430610954761505,0.9998859167098999,0.5210186839103699,0.3738211691379547,-0.024243971332907677,0.9999592900276184,0.4742376208305359,0.3708401918411255,-0.05329986289143562,0.9999037981033325,0.5178783535957336,0.38694074749946594,-0.19808486104011536,0.9999589920043945,0.5039197206497192,0.385955274105072,-0.2110895812511444,0.9999438524246216,0.5501447319984436,0.42360302805900574,-0.030450845137238503,0.9999740123748779,0.40865516662597656,0.411350280046463,0.13479456305503845,0.999826967716217,0.5521681308746338,0.4718016982078552,-0.326660692691803,0.98920738697052,0.2846749424934387,0.3981192708015442,0.1895088404417038,0.8385692238807678,0.5156660079956055,0.41579344868659973,-0.7395570874214172,0.9929074048995972,0.1642589420080185,0.3763137459754944,0.0881798043847084,0.9051485657691956,0.5107704997062683,0.3991751968860626,-0.8370072245597839,0.9870894551277161,0.12800408899784088,0.3759831488132477,0.05999881029129028,0.8807017207145691,0.5132377743721008,0.39506781101226807,-0.818277895450592,0.9862979650497437,0.12666316330432892,0.37392255663871765,-0.0006022455054335296,0.8829056620597839,0.511555552482605,0.4011080265045166,-0.7462762594223022,0.979302167892456,0.1379382312297821,0.3747757077217102,0.05399005860090256,0.8788772225379944,0.5042955279350281,0.5611082911491394,-0.0704219862818718,0.9997835159301758,0.4264005720615387,0.5596424341201782,0.07059412449598312,0.9995061755180359,0.5033245086669922,0.6601014137268066,-0.18129687011241913,0.9751574397087097,0.4496554434299469,0.6579771637916565,0.18886986374855042,0.8591896295547485,0.5086020827293396,0.7701528072357178,-0.1013994812965393,0.9662851691246033,0.4758167266845703,0.7539311647415161,0.47982436418533325,0.8651280403137207,0.5142411589622498,0.7882622480392456,-0.1020154133439064,0.8168498277664185,0.487094908952713,0.7642323970794678,0.4991171956062317,0.7530397772789001,0.480474054813385,0.8046517372131348,-0.3262726366519928,0.9587833881378174,0.44174912571907043,0.7868152856826782,0.3414129614830017,0.8775062561035156
IMG_9691 2,21,691,bad,0.5138798952102661,0.3762454092502594,-0.19973841309547424,0.9999714493751526,0.5168008208274841,0.3683266341686249,-0.1608668565750122,0.9999585747718811,0.5201590657234192,0.3686678409576416,-0.16091731190681458,0.9999596476554871,0.5235239863395691,0.36908942461013794,-0.1610279530286789,0.9999529719352722,0.5045727491378784,0.3668520748615265,-0.16464848816394806,0.9999324679374695,0.4986048936843872,0.36618608236312866,-0.16465023159980774,0.9999057650566101,0.49211856722831726,0.36574187874794006,-0.16450917720794678,0.9998952150344849,0.5216155648231506,0.3735383152961731,0.03365788608789444,0.9999625086784363,0.47404518723487854,0.3703382611274719,0.014958293177187443,0.9999118447303772,0.5174528360366821,0.38627156615257263,-0.12703078985214233,0.9999621510505676,0.5031825304031372,0.3852781653404236,-0.1337052285671234,0.9999483823776245,0.5506690144538879,0.4236024022102356,0.012774395756423473,0.9999744892120361,0.4095061719417572,0.41023313999176025,0.16775310039520264,0.9998296499252319,0.5505052804946899,0.47178584337234497,-0.2964310646057129,0.9889033436775208,0.2881893515586853,0.39218559861183167,0.2100401073694229,0.8531134724617004,0.5147501230239868,0.4158482849597931,-0.6949425339698792,0.9930049777030945,0.17634469270706177,0.3616773188114166,0.1439460813999176,0.9131271839141846,0.5095956325531006,0.3992132544517517,-0.7863885760307312,0.9871887564659119,0.1437462419271469,0.35798636078834534,0.11831794679164886,0.8885803818702698,0.5122658610343933,0.3950762152671814,-0.7682082653045654,0.986413836479187,0.14400635659694672,0.3558804988861084,0.06415878236293793,0.8910777568817139,0.5107312798500061,0.4011094272136688,-0.7004291415214539,0.9796523451805115,0.15516158938407898,0.3572658598423004,0.1133427545428276,0.8878902196884155,0.5047512650489807,0.5607147216796875,-0.06884608417749405,0.9997997879981995,0.4268817603588104,0.5592934489250183,0.06898993998765945,0.999533474445343,0.5044662952423096,0.6599292159080505,-0.1772548258304596,0.9765730500221252,0.44952982664108276,0.6572830677032471,0.1807149201631546,0.8623391389846802,0.5087529420852661,0.7701521515846252,-0.09970375895500183,0.9679125547409058,0.474221408367157,0.7523068189620972,0.4526998996734619,0.8669793009757996,0.5144882202148438,0.7881504893302917,-0.10029920190572739,0.8226636052131653,0.484588623046875,0.761401355266571,0.47062432765960693,0.7548657059669495,0.4803920090198517,0.8041974306106567,-0.31846994161605835,0.960283100605011,0.4406948387622833,0.7834416031837463,0.31725406646728516,0.8780960440635681
IMG_9691 2,22,724,bad,0.512610673904419,0.375796914100647,-0.12136319279670715,0.9999736547470093,0.5156915187835693,0.36807772517204285,-0.08478783816099167,0.9999621510505676,0.5191433429718018,0.36842066049575806,-0.08484657108783722,0.999963104724884,0.5226218700408936,0.3688417673110962,-0.08493270725011826,0.9999570250511169,0.5033887028694153,0.3667352497577667,-0.09125244617462158,0.9999382495880127,0.497501015663147,0.3661612570285797,-0.09127964079380035,0.9999138712882996,0.4911051392555237,0.3657922148704529,-0.09118588268756866,0.9999042749404907,0.5213042497634888,0.3733176290988922,0.10827204585075378,0.9999659061431885,0.47359561920166016,0.3704225718975067,0.07436580210924149,0.999919593334198,0.5164787173271179,0.3857698142528534,-0.04898058995604515,0.9999653697013855,0.5021184086799622,0.38476991653442383,-0.0596173033118248,0.9999526739120483,0.5502837300300598,0.42360183596611023,0.0792970061302185,0.9999752640724182,0.41065800189971924,0.40925630927085876,0.17288772761821747,0.9998350739479065,0.5493677854537964,0.4710868299007416,-0.2628474533557892,0.9888635277748108,0.31382036209106445,0.3902302086353302,-0.0820573940873146,0.8654285669326782,0.5144487619400024,0.41645804047584534,-0.6375294923782349,0.9931700825691223,0.23441138863563538,0.3512508273124695,-0.46544092893600464,0.9207426905632019,0.5087155699729919,0.4001590609550476,-0.7236393690109253,0.9873321652412415,0.202730193734169,0.34209898114204407,-0.5373189449310303,0.8973701596260071,0.5115824341773987,0.39537686109542847,-0.7038289308547974,0.9865946769714355,0.20660653710365295,0.33952489495277405,-0.5528380870819092,0.8997422456741333,0.5100799202919006,0.40121448040008545,-0.6404725313186646,0.9800043106079102,0.21682609617710114,0.34231939911842346,-0.4881777763366699,0.8968393802642822,0.5051597356796265,0.5581000447273254,-0.06300345063209534,0.9998127222061157,0.42756080627441406,0.557596743106842,0.06311201304197311,0.9995653033256531,0.5051738023757935,0.658367395401001,-0.17365817725658417,0.9777300357818604,0.44967523217201233,0.65642911195755,0.05216510221362114,0.8645097613334656,0.509340226650238,0.7685589790344238,-0.0833401009440422,0.9687276482582092,0.4747253358364105,0.7535272240638733,0.24233341217041016,0.8706265091896057,0.514988899230957,0.7873542308807373,-0.08404959738254547,0.8239656686782837,0.48653095960617065,0.7667247653007507,0.24960516393184662,0.7593284249305725,0.48262491822242737,0.8018372058868408,-0.30589890480041504,0.9607457518577576,0.44103068113327026,0.7840164303779602,0.06015205383300781,0.8804869651794434
IMG_9691 2,23,757,bad,0.5118741989135742,0.37491515278816223,-0.24510426819324493,0.9999737739562988,0.5149854421615601,0.36732763051986694,-0.20710131525993347,0.9999629855155945,0.5184235572814941,0.3677511513233185,-0.20712178945541382,0.9999632835388184,0.5218866467475891,0.36825570464134216,-0.20719140768051147,0.999957799911499,0.5026986598968506,0.36611926555633545,-0.2317952662706375,0.9999398589134216,0.49687883257865906,0.3656947910785675,-0.23174087703227997,0.9999166131019592,0.4904864728450775,0.36549803614616394,-0.23167268931865692,0.9999066591262817,0.5207372903823853,0.373070627450943,0.012123783119022846,0.9999671578407288,0.47347432374954224,0.370401531457901,-0.0980014055967331,0.9999222159385681,0.5158679485321045,0.38492247462272644,-0.16205233335494995,0.9999673962593079,0.501541256904602,0.3840709626674652,-0.1954304575920105,0.9999547004699707,0.5480310320854187,0.4236619174480438,0.04012144356966019,0.9999698996543884,0.41079387068748474,0.40808865427970886,-0.07262774556875229,0.9998268485069275,0.5486248731613159,0.4704146385192871,-0.30282700061798096,0.9877314567565918,0.34189388155937195,0.38134652376174927,-0.4956139922142029,0.8779774308204651,0.514459490776062,0.41908055543899536,-0.7244898676872253,0.9928609132766724,0.3007522523403168,0.34219834208488464,-0.9378852844238281,0.9279040098190308,0.5082662105560303,0.40295132994651794,-0.8133999109268188,0.9864080548286438,0.28233733773231506,0.33226892352104187,-1.0318025350570679,0.9058408737182617,0.5111274719238281,0.39748692512512207,-0.7976853251457214,0.9857098460197449,0.2868534028530121,0.3325892984867096,-1.0212980508804321,0.9078379273414612,0.5099355578422546,0.40337714552879333,-0.7315080761909485,0.9785999655723572,0.29637911915779114,0.33578333258628845,-0.9501925110816956,0.9046521186828613,0.5069838762283325,0.5579474568367004,-0.01883133500814438,0.999806821346283,0.4285527169704437,0.5577266216278076,0.018857892602682114,0.9995746612548828,0.5093603134155273,0.6585356593132019,-0.11889385432004929,0.9787597060203552,0.45284342765808105,0.657263457775116,0.05595645308494568,0.8711749315261841,0.5118398666381836,0.7682115435600281,0.042207956314086914,0.9687680602073669,0.47701629996299744,0.7582597136497498,0.29343804717063904,0.8759059906005859,0.516258716583252,0.7850390076637268,0.04514381289482117,0.8196139931678772,0.48846468329429626,0.7734662890434265,0.3045036196708679,0.7587655782699585,0.49635782837867737,0.7996202111244202,-0.20305828750133514,0.9601500034332275,0.4548945426940918,0.7953733801841736,0.10200464725494385,0.8836051821708679
IMG_9691 2,24,790,bad,0.511353075504303,0.37507322430610657,-0.26400336623191833,0.9999734163284302,0.5148152112960815,0.367426335811615,-0.22905826568603516,0.999963104724884,0.5182807445526123,0.36782148480415344,-0.22910714149475098,0.999962568283081,0.5217242240905762,0.3682728707790375,-0.22919224202632904,0.9999578595161438,0.5024736523628235,0.36623015999794006,-0.2524140477180481,0.9999394416809082,0.49626424908638,0.36577895283699036,-0.25235190987586975,0.9999166131019592,0.4894323945045471,0.36552518606185913,-0.25231170654296875,0.999905526638031,0.5191921591758728,0.37335434556007385,-0.017577407881617546,0.9999675750732422,0.47100383043289185,0.3706655204296112,-0.12421614676713943,0.9999211430549622,0.5154995322227478,0.3850284814834595,-0.18237031996250153,0.9999687671661377,0.5010995864868164,0.38415294885635376,-0.21443045139312744,0.9999547004699707,0.5424916744232178,0.4242836534976959,0.031284067779779434,0.9999625086784363,0.41156652569770813,0.4085495173931122,-0.10791250318288803,0.9998029470443726,0.5484507083892822,0.47082284092903137,-0.28667962551116943,0.9865344166755676,0.3657563626766205,0.38265448808670044,-0.5473438501358032,0.8890537619590759,0.5165761113166809,0.4210089147090912,-0.6829628944396973,0.9925361275672913,0.3525782823562622,0.33304068446159363,-0.9771987199783325,0.9345054626464844,0.5095638632774353,0.40613535046577454,-0.7593013644218445,0.9854515790939331,0.34784823656082153,0.3229199945926666,-1.0668690204620361,0.9138983488082886,0.5111923813819885,0.4005403518676758,-0.7419570088386536,0.984748363494873,0.35200777649879456,0.32164543867111206,-1.0489178895950317,0.9155278205871582,0.5101295113563538,0.40678870677948,-0.687484622001648,0.9771650433540344,0.35455605387687683,0.3258744180202484,-0.9849607348442078,0.912157416343689,0.5075175166130066,0.5580016374588013,-0.009891350753605366,0.9997967481613159,0.43048495054244995,0.5580798983573914,0.009962476789951324,0.999575138092041,0.5098567605018616,0.6589484810829163,-0.10411152988672256,0.9786356091499329,0.4549775719642639,0.6594857573509216,0.04606829211115837,0.8752267360687256,0.5122606754302979,0.7660118937492371,0.03491334244608879,0.9662758111953735,0.4827737808227539,0.7631372809410095,0.27305734157562256,0.878393292427063,0.5159834623336792,0.7802480459213257,0.036039914935827255,0.810147762298584,0.4947322607040405,0.7786611318588257,0.2819306552410126,0.756260871887207,0.4996506869792938,0.796983540058136,-0.197444885969162,0.9564577341079712,0.4619566798210144,0.7965306043624878,0.06831619888544083,0.8838198781013489
IMG_9691 2,25,822,bad,0.5112753510475159,0.37511691451072693,-0.17749349772930145,0.9999725222587585,0.5133422017097473,0.3677636682987213,-0.1398988962173462,0.999963104724884,0.5161941051483154,0.3682628571987152,-0.13995519280433655,0.9999611973762512,0.5190046429634094,0.36882370710372925,-0.14005962014198303,0.9999588131904602,0.5022071599960327,0.36635270714759827,-0.1706567257642746,0.9999381303787231,0.49605661630630493,0.3658716082572937,-0.1705656498670578,0.9999134540557861,0.48935404419898987,0.36556175351142883,-0.17057353258132935,0.9999043345451355,0.5124439001083374,0.3736235201358795,0.064571313560009,0.9999678730964661,0.46973249316215515,0.3706791400909424,-0.08559553325176239,0.9999250173568726,0.514195442199707,0.38506028056144714,-0.10064221918582916,0.9999692440032959,0.500675618648529,0.3842300474643707,-0.14343097805976868,0.9999558925628662,0.5297471880912781,0.42488399147987366,0.1267712414264679,0.9999611377716064,0.41169488430023193,0.4081004858016968,-0.011348878033459187,0.9997939467430115,0.5496534705162048,0.47336310148239136,-0.11977133899927139,0.9852600693702698,0.41435128450393677,0.35034048557281494,-0.27052396535873413,0.8997632265090942,0.5197296738624573,0.42538270354270935,-0.522266685962677,0.991074800491333,0.4442748427391052,0.33381298184394836,0.08897840231657028,0.9351340532302856,0.5118399858474731,0.4136471748352051,-0.599894106388092,0.9833391308784485,0.4665830433368683,0.33286333084106445,0.07254346460103989,0.8992191553115845,0.511860191822052,0.4073675274848938,-0.5873647332191467,0.9827983975410461,0.46654772758483887,0.3406510353088379,0.09070125222206116,0.8996658325195312,0.511005163192749,0.4124505817890167,-0.528999924659729,0.9743553400039673,0.4632731080055237,0.344496488571167,0.09482158720493317,0.8983023762702942,0.5075569152832031,0.556311845779419,0.012614616192877293,0.9997979998588562,0.4342031180858612,0.5569170713424683,-0.012153838761150837,0.9995766878128052,0.509692907333374,0.6581315994262695,-0.10407473146915436,0.9756035804748535,0.4570676386356354,0.6577411890029907,0.02009502984583378,0.8701416254043579,0.5123454332351685,0.7655029892921448,-0.06750080734491348,0.9590712189674377,0.48272332549095154,0.7618429660797119,0.22725120186805725,0.8668175339698792,0.5148612856864929,0.7804789543151855,-0.07505977898836136,0.7940965890884399,0.49328047037124634,0.772361695766449,0.23799139261245728,0.7355608940124512,0.5005378127098083,0.7972925901412964,-0.2947233021259308,0.9497942328453064,0.4678420126438141,0.7960981726646423,0.051944226026535034,0.8739256858825684
IMG_9691 2,26,855,bad,0.5100584626197815,0.37523138523101807,-0.12361091375350952,0.9999725818634033,0.5121673941612244,0.36800509691238403,-0.08247659355401993,0.9999643564224243,0.5142616033554077,0.3684946596622467,-0.08249355107545853,0.9999619126319885,0.5162620544433594,0.3689984679222107,-0.08254815638065338,0.9999603629112244,0.5020902752876282,0.3664308488368988,-0.11741575598716736,0.9999403953552246,0.4958515763282776,0.3659064471721649,-0.11737523972988129,0.9999170899391174,0.4890264570713043,0.3656490743160248,-0.11738602817058563,0.9999088048934937,0.5067528486251831,0.3736356198787689,0.13334718346595764,0.9999688267707825,0.46959012746810913,0.3696678578853607,-0.04353927820920944,0.9999298453330994,0.509270966053009,0.38499003648757935,-0.041799042373895645,0.9999700784683228,0.49664929509162903,0.38373827934265137,-0.08962712436914444,0.999957263469696,0.5204362273216248,0.4256814122200012,0.19750019907951355,0.9999565482139587,0.4083070755004883,0.40750637650489807,-0.025284558534622192,0.9997929334640503,0.5508282780647278,0.4754045307636261,-0.08478065580129623,0.9825853705406189,0.41981905698776245,0.37136897444725037,-0.3362376093864441,0.9092955589294434,0.5249779224395752,0.42545145750045776,-0.4898699223995209,0.9898948073387146,0.47715628147125244,0.3496811091899872,-0.4598958194255829,0.9406647682189941,0.516769528388977,0.41317296028137207,-0.5720508098602295,0.9809460639953613,0.4945748746395111,0.344105064868927,-0.5226186513900757,0.9061280488967896,0.5148319602012634,0.4070214629173279,-0.5558476448059082,0.9804579019546509,0.4943893551826477,0.34474727511405945,-0.49743369221687317,0.9061561226844788,0.5142284035682678,0.41167333722114563,-0.4964629113674164,0.971493661403656,0.4889766573905945,0.34969228506088257,-0.4555377960205078,0.9039040207862854,0.5073748230934143,0.5537965893745422,0.01959233358502388,0.9997988939285278,0.43407726287841797,0.5538923740386963,-0.01917400024831295,0.9995861649513245,0.5097643733024597,0.6582400798797607,-0.09982053190469742,0.9725202918052673,0.4568071663379669,0.6569085717201233,0.009720653295516968,0.866359531879425,0.5113876461982727,0.7657579779624939,-0.06543288379907608,0.9508653283119202,0.48268839716911316,0.7602837681770325,0.20263473689556122,0.8583957552909851,0.5132554173469543,0.7808114886283875,-0.07340870052576065,0.7747869491577148,0.492842435836792,0.7700010538101196,0.21030376851558685,0.7143857479095459,0.4996395409107208,0.7988908290863037,-0.2994254231452942,0.9422133564949036,0.4691742956638336,0.7956169247627258,0.01227632351219654,0.8679856061935425
IMG_9691 2,27,888,bad,0.5055670142173767,0.37689006328582764,-0.08132084459066391,0.9999706149101257,0.5084182024002075,0.3691916763782501,-0.04250355064868927,0.9999619722366333,0.5100523233413696,0.3695165514945984,-0.04252087324857712,0.9999579191207886,0.5118218660354614,0.369851291179657,-0.04258156940340996,0.9999586343765259,0.49962157011032104,0.3673800826072693,-0.07485640048980713,0.9999379515647888,0.4940682351589203,0.3666553795337677,-0.07482514530420303,0.9999143481254578,0.4880760908126831,0.36611711978912354,-0.07488013803958893,0.9999083280563354,0.5005858540534973,0.37367281317710876,0.15769444406032562,0.9999672770500183,0.4690708518028259,0.3696422278881073,0.0022800981532782316,0.9999326467514038,0.5025613307952881,0.38587456941604614,-0.004858464002609253,0.9999691843986511,0.4922386407852173,0.3841516971588135,-0.049027495086193085,0.9999575614929199,0.514107346534729,0.42587676644325256,0.21142028272151947,0.9999552369117737,0.40730851888656616,0.40355169773101807,0.004787043668329716,0.9998030662536621,0.5490064024925232,0.47867801785469055,-0.006719054654240608,0.9815152883529663,0.44090449810028076,0.38009846210479736,-0.20078563690185547,0.9181184768676758,0.524639368057251,0.4266884922981262,-0.34991931915283203,0.9884252548217773,0.5496202707290649,0.35281163454055786,-0.03989388048648834,0.9454107284545898,0.5157427191734314,0.41251400113105774,-0.42574939131736755,0.9783704876899719,0.5732665061950684,0.3502677381038666,-0.08040071278810501,0.9102699756622314,0.5144494771957397,0.4070023000240326,-0.4182802438735962,0.9779478311538696,0.5784084796905518,0.3504623472690582,-0.05630804970860481,0.9097446799278259,0.5137624144554138,0.41110607981681824,-0.3588707745075226,0.968439519405365,0.5703318119049072,0.35292378067970276,-0.0314505472779274,0.9063627123832703,0.5072219371795654,0.5526872873306274,0.010952607728540897,0.9998061060905457,0.4339246153831482,0.5537142753601074,-0.01048365794122219,0.9996039271354675,0.5097032785415649,0.6583299040794373,-0.09212208539247513,0.9718042016029358,0.45675984025001526,0.6568705439567566,0.009165838360786438,0.8672949075698853,0.5100463032722473,0.7667263746261597,0.012633191421627998,0.9487424492835999,0.4826570749282837,0.758903443813324,0.23877489566802979,0.8620393872261047,0.511098325252533,0.7813316583633423,0.013948176987469196,0.766776978969574,0.49280327558517456,0.7683225870132446,0.25001436471939087,0.7150775194168091,0.498685359954834,0.7992957830429077,-0.21543748676776886,0.9406223893165588,0.4680604636669159,0.7959437966346741,0.05069012567400932,0.8719052672386169
IMG_9691 2,28,921,bad,0.5053117275238037,0.37682390213012695,-0.047125622630119324,0.9999696612358093,0.508114755153656,0.3689945936203003,-0.005256549455225468,0.9999610781669617,0.5096842646598816,0.36929571628570557,-0.00523825129494071,0.9999567866325378,0.5114432573318481,0.3696320354938507,-0.005260772071778774,0.9999576807022095,0.4994300603866577,0.36731716990470886,-0.036116622388362885,0.9999382495880127,0.493935763835907,0.3666117787361145,-0.03606966882944107,0.9999166131019592,0.48801636695861816,0.3660852909088135,-0.03612754866480827,0.9999109506607056,0.4997956454753876,0.3733998239040375,0.20697934925556183,0.9999660849571228,0.4686371982097626,0.36925679445266724,0.06208111718297005,0.9999358057975769,0.5020930171012878,0.3859007954597473,0.034837283194065094,0.9999681711196899,0.4916704595088959,0.3840421438217163,-0.007587333209812641,0.9999570846557617,0.5163624286651611,0.4265827238559723,0.2533579170703888,0.9999523758888245,0.4074571132659912,0.4029597043991089,0.012284905649721622,0.9998146295547485,0.5460648536682129,0.48100507259368896,-0.014572191052138805,0.9791808128356934,0.46321624517440796,0.3833179473876953,-0.3055289387702942,0.9260956645011902,0.5258282423019409,0.42801713943481445,-0.3617897927761078,0.9874511361122131,0.6024491190910339,0.3572927415370941,-0.4324313700199127,0.9504663348197937,0.5156666040420532,0.4138532280921936,-0.43657979369163513,0.9764928221702576,0.6312087178230286,0.35142913460731506,-0.49459031224250793,0.9177132248878479,0.5144184827804565,0.40751898288726807,-0.4153235852718353,0.9760369658470154,0.6342364549636841,0.3529438078403473,-0.46854937076568604,0.9170746803283691,0.5149480700492859,0.4114534258842468,-0.3650299310684204,0.9663640856742859,0.6229018568992615,0.35730233788490295,-0.4244213402271271,0.9132015109062195,0.5072528719902039,0.552426278591156,0.009350805543363094,0.999817430973053,0.4337661862373352,0.5539963245391846,-0.009087636135518551,0.9996291399002075,0.5082471370697021,0.6583678722381592,-0.08441426604986191,0.9718520045280457,0.45659029483795166,0.6568934917449951,-6.0612168454099447e-05,0.8695749044418335,0.5094740986824036,0.7674785256385803,0.06632348150014877,0.9483234882354736,0.4826357364654541,0.757662832736969,0.2550874650478363,0.8642967343330383,0.5111691355705261,0.7822420001029968,0.07146657258272171,0.7577329277992249,0.4926602840423584,0.7670994997024536,0.26697367429733276,0.7109067440032959,0.49159562587738037,0.8006381392478943,-0.14788272976875305,0.9398685693740845,0.46685853600502014,0.7950761914253235,0.07096352428197861,0.8749721646308899
IMG_9691 2,29,954,bad,0.5046598315238953,0.3727312684059143,-0.09800805896520615,0.999970555305481,0.5070737600326538,0.36490169167518616,-0.05754372850060463,0.9999620914459229,0.5089302062988281,0.365328311920166,-0.057563379406929016,0.9999579191207886,0.5108997821807861,0.36586686968803406,-0.057617612183094025,0.9999586343765259,0.49810802936553955,0.3638506233692169,-0.08270012587308884,0.9999406337738037,0.49222835898399353,0.3637073040008545,-0.08265580981969833,0.9999208450317383,0.48582684993743896,0.3637424409389496,-0.08265994489192963,0.9999151229858398,0.500153124332428,0.37087735533714294,0.15604649484157562,0.999966561794281,0.4651505649089813,0.3680236041545868,0.03723408654332161,0.9999396800994873,0.5021826028823853,0.38238525390625,-0.015488939359784126,0.9999685883522034,0.4912540018558502,0.3809463083744049,-0.0503145232796669,0.9999579787254333,0.5184426307678223,0.4265593886375427,0.20874494314193726,0.9999500513076782,0.40748414397239685,0.40277644991874695,-0.0013598555233329535,0.9998206496238708,0.5462548732757568,0.48381954431533813,-0.06320726126432419,0.9758033752441406,0.4776819944381714,0.3846011757850647,-0.291777640581131,0.9331115484237671,0.5272955298423767,0.4333186149597168,-0.4294540584087372,0.9852979779243469,0.6182341575622559,0.3707718551158905,-0.4141932427883148,0.9544153809547424,0.5165196657180786,0.4215986430644989,-0.5070483684539795,0.9734440445899963,0.6491778492927551,0.37412548065185547,-0.4741224944591522,0.9228693842887878,0.5145384073257446,0.41334033012390137,-0.4891816973686218,0.973067581653595,0.6536678671836853,0.3735625445842743,-0.4544466733932495,0.9220896363258362,0.5159715414047241,0.4170767068862915,-0.433930903673172,0.9630215167999268,0.6423407793045044,0.37396401166915894,-0.4088180661201477,0.9173117280006409,0.5067880153656006,0.5527111887931824,0.0037895923014730215,0.9998259544372559,0.433015376329422,0.5541748404502869,-0.0035873274318873882,0.9996452331542969,0.5078446269035339,0.6592456102371216,-0.07656380534172058,0.9727699160575867,0.4558333158493042,0.658014714717865,0.017248932272195816,0.875015139579773,0.5095816254615784,0.7676446437835693,0.11539590358734131,0.9493972659111023,0.48297983407974243,0.7595738172531128,0.31487342715263367,0.870008647441864,0.5117244720458984,0.7823419570922852,0.12464006245136261,0.749808132648468,0.4939371645450592,0.7699058055877686,0.33471012115478516,0.7120831608772278,0.49143409729003906,0.8010218143463135,-0.0866066962480545,0.9402166604995728,0.4660791754722595,0.795446515083313,0.15108999609947205,0.8801751136779785
IMG_9691 2,30,987,bad,0.5041823387145996,0.3719739317893982,-0.13555948436260223,0.9999710917472839,0.5059013366699219,0.36402466893196106,-0.08477793633937836,0.9999625086784363,0.5076969265937805,0.36441928148269653,-0.08477326482534409,0.9999581575393677,0.5095638036727905,0.3649293780326843,-0.08479111641645432,0.9999585151672363,0.49618107080459595,0.36334362626075745,-0.11912303417921066,0.9999427199363708,0.48998594284057617,0.3633947968482971,-0.11906615644693375,0.9999244213104248,0.4830154478549957,0.3636307120323181,-0.11906464397907257,0.9999185800552368,0.4991994798183441,0.36988377571105957,0.12866833806037903,0.9999656081199646,0.46194538474082947,0.3678867518901825,0.019862094894051552,0.9999427199363708,0.5021793842315674,0.3813501000404358,-0.0282154344022274,0.9999678730964661,0.4910173714160919,0.38053905963897705,-0.07851265370845795,0.9999578595161438,0.5195777416229248,0.4289717674255371,0.19238080084323883,0.9999455809593201,0.40789222717285156,0.403247594833374,-0.03356466069817543,0.9998223185539246,0.5462958812713623,0.48555266857147217,-0.07344704866409302,0.9720907211303711,0.48742273449897766,0.38907262682914734,-0.2975538372993469,0.9395006895065308,0.5280873775482178,0.43890175223350525,-0.4567401707172394,0.9823629260063171,0.6206191182136536,0.3852519094944,-0.3917718827724457,0.9580178260803223,0.5163304209709167,0.430571973323822,-0.5380539894104004,0.9689339399337769,0.6504681706428528,0.389752060174942,-0.44890478253364563,0.9275074005126953,0.5143637657165527,0.4204994738101959,-0.520341157913208,0.968712329864502,0.6530593037605286,0.38900595903396606,-0.43536439538002014,0.9266365170478821,0.5163707733154297,0.42255061864852905,-0.4615250527858734,0.9579432606697083,0.6454163193702698,0.3889361023902893,-0.3876938819885254,0.9209510684013367,0.5067546367645264,0.5548933744430542,0.006667666602879763,0.9998279809951782,0.432961642742157,0.5568114519119263,-0.006481634918600321,0.9996488690376282,0.5075204968452454,0.6589938998222351,-0.08427023142576218,0.9730285406112671,0.45568323135375977,0.6586434245109558,0.023499708622694016,0.8775389194488525,0.5101751089096069,0.7673609256744385,0.07696481794118881,0.9498639106750488,0.4847238063812256,0.7606719136238098,0.32497555017471313,0.8738535642623901,0.5120416283607483,0.7820547819137573,0.0836426392197609,0.7483212947845459,0.4951813220977783,0.7701226472854614,0.3450648784637451,0.7132359147071838,0.49287641048431396,0.8003130555152893,-0.12902915477752686,0.9407747983932495,0.466951459646225,0.7971857786178589,0.16467143595218658,0.8841095566749573
IMG_9691 2,31,1020,bad,0.5019124746322632,0.37178778648376465,-0.13727764785289764,0.9999685883522034,0.5043538808822632,0.36354881525039673,-0.0922209694981575,0.9999592900276184,0.5066251158714294,0.36397942900657654,-0.09223425388336182,0.9999539256095886,0.5087985396385193,0.36450013518333435,-0.09227026998996735,0.9999552369117737,0.4928935766220093,0.3629952073097229,-0.11825268715620041,0.9999388456344604,0.4862619936466217,0.36313414573669434,-0.11819152534008026,0.9999207258224487,0.47880926728248596,0.36346662044525146,-0.11816605180501938,0.9999157190322876,0.4996281862258911,0.36939671635627747,0.12659981846809387,0.9999616742134094,0.45842796564102173,0.3678405284881592,0.030836282297968864,0.9999398589134216,0.5015100836753845,0.38117700815200806,-0.04300195723772049,0.9999647736549377,0.4893716871738434,0.3804331421852112,-0.07896336913108826,0.9999545216560364,0.520553469657898,0.42994821071624756,0.1903672218322754,0.9999374747276306,0.40791091322898865,0.4033891558647156,-0.0122943464666605,0.9998162388801575,0.5463077425956726,0.4862544536590576,-0.07277107983827591,0.9682676196098328,0.47362008690834045,0.4004826545715332,-0.2604174017906189,0.9448612332344055,0.526900589466095,0.43946248292922974,-0.4375614523887634,0.9792156219482422,0.5947805047035217,0.3996245861053467,-0.3858864903450012,0.9602536559104919,0.512390673160553,0.4351261258125305,-0.5194927453994751,0.9639904499053955,0.6269882321357727,0.4024341106414795,-0.44825348258018494,0.9294437766075134,0.5093321800231934,0.42615291476249695,-0.5048816204071045,0.9639062285423279,0.6298372149467468,0.4007236659526825,-0.43458032608032227,0.928467333316803,0.5151768326759338,0.42937976121902466,-0.4429710805416107,0.952175498008728,0.6183069348335266,0.4014144539833069,-0.3832828998565674,0.9215317964553833,0.5067209601402283,0.5549286007881165,0.006019779946655035,0.9998172521591187,0.43239930272102356,0.5568287968635559,-0.005859948229044676,0.9996439218521118,0.5064278244972229,0.6589589715003967,-0.06659132242202759,0.9723367094993591,0.4551544189453125,0.6586408615112305,-0.014673602767288685,0.8823127746582031,0.5122135281562805,0.7656851410865784,0.1695941835641861,0.9498624801635742,0.48467758297920227,0.7655574679374695,0.23748618364334106,0.8806756138801575,0.5146044492721558,0.7800668478012085,0.18252572417259216,0.7400481700897217,0.4970986843109131,0.7783900499343872,0.25128450989723206,0.715137243270874,0.49642226099967957,0.798324704170227,-0.03828255459666252,0.9410560131072998,0.47006601095199585,0.8004889488220215,0.04101904481649399,0.8903017044067383
IMG_9691 2,32,1053,bad,0.5016391277313232,0.3719717562198639,-0.09849491715431213,0.9999695420265198,0.5040632486343384,0.3636469542980194,-0.056985821574926376,0.9999608993530273,0.5063972473144531,0.3639978766441345,-0.057006508111953735,0.9999556541442871,0.5086088180541992,0.36441850662231445,-0.05705936253070831,0.9999571442604065,0.49216699600219727,0.36315643787384033,-0.08196903020143509,0.9999417066574097,0.48549917340278625,0.3632599115371704,-0.08194992691278458,0.9999247789382935,0.4781298041343689,0.36353108286857605,-0.08194305002689362,0.9999201893806458,0.4998108446598053,0.3691295385360718,0.15956251323223114,0.9999627470970154,0.4582529366016388,0.36785757541656494,0.049268689006567,0.9999440312385559,0.5016027688980103,0.38137298822402954,-0.012795145623385906,0.9999663829803467,0.4893952012062073,0.3804793357849121,-0.046767063438892365,0.9999569654464722,0.5212249755859375,0.4299662709236145,0.22166341543197632,0.9999393820762634,0.40805456042289734,0.4041963815689087,-0.004009990952908993,0.9998257756233215,0.5458720326423645,0.4876789450645447,-0.050878480076789856,0.9671758413314819,0.46262162923812866,0.4058082699775696,-0.19162574410438538,0.9498014450073242,0.520660400390625,0.4379850924015045,-0.42115166783332825,0.9783426523208618,0.5825899243354797,0.4077420234680176,-0.2016187310218811,0.9621555209159851,0.4941816031932831,0.43104249238967896,-0.503119170665741,0.9626668691635132,0.6160985231399536,0.4096119701862335,-0.24709168076515198,0.9305663704872131,0.4918823838233948,0.4225909113883972,-0.48381516337394714,0.9626621603965759,0.6182089447975159,0.40803617238998413,-0.23723043501377106,0.9294105172157288,0.5012550354003906,0.42616671323776245,-0.4247281551361084,0.9505403637886047,0.6096580028533936,0.40822502970695496,-0.1965186893939972,0.9214271903038025,0.5067026615142822,0.5549309849739075,0.011895818635821342,0.999828577041626,0.43231579661369324,0.5567020177841187,-0.011613692156970501,0.9996638298034668,0.5060325860977173,0.6585776805877686,-0.08067556470632553,0.9723343253135681,0.455071359872818,0.6586179733276367,-0.00444769999012351,0.8851413726806641,0.5124635696411133,0.7666370272636414,0.16440002620220184,0.9500864744186401,0.4852023720741272,0.7636539936065674,0.30360695719718933,0.8803714513778687,0.5146041512489319,0.780383825302124,0.16985660791397095,0.7403919696807861,0.4970203638076782,0.7696642875671387,0.32692116498947144,0.7077462077140808,0.5002988576889038,0.7988913655281067,-0.0749792754650116,0.941154420375824,0.47139039635658264,0.793010950088501,0.14905667304992676,0.8905463814735413
IMG_9691 2,33,1086,bad,0.5004979372024536,0.3719424307346344,-0.10084402561187744,0.9999660849571228,0.5035923719406128,0.36350947618484497,-0.061061710119247437,0.9999573826789856,0.5063143968582153,0.36377501487731934,-0.0610864982008934,0.9999516010284424,0.5086271166801453,0.36407768726348877,-0.061137855052948,0.9999535083770752,0.4900903105735779,0.36320629715919495,-0.08348608016967773,0.9999382495880127,0.48313096165657043,0.3633306920528412,-0.08349474519491196,0.9999216198921204,0.4759645164012909,0.3635995090007782,-0.08350314199924469,0.9999176263809204,0.5010221004486084,0.3687496781349182,0.15136276185512543,0.9999573230743408,0.45800068974494934,0.36787116527557373,0.050347574055194855,0.9999443292617798,0.5016700029373169,0.3814792037010193,-0.01798774115741253,0.9999642968177795,0.48830604553222656,0.3806152939796448,-0.04820956662297249,0.9999552965164185,0.5213134288787842,0.4298979938030243,0.20908576250076294,0.9999315738677979,0.410049706697464,0.407542884349823,0.002664881758391857,0.9998243451118469,0.5438248515129089,0.4870392084121704,-0.07018882036209106,0.9600057601928711,0.4580996036529541,0.4149051606655121,-0.18973073363304138,0.953610360622406,0.5180299282073975,0.4368699789047241,-0.43415236473083496,0.9713709950447083,0.5748391151428223,0.41716521978378296,-0.22303470969200134,0.9617897272109985,0.49171656370162964,0.4285154342651367,-0.5163180828094482,0.9541707038879395,0.6051170825958252,0.41635867953300476,-0.27130377292633057,0.9283604621887207,0.49029767513275146,0.42086315155029297,-0.4996272921562195,0.9542949199676514,0.6052846312522888,0.4136236011981964,-0.26450809836387634,0.9269559979438782,0.4982129633426666,0.4244808554649353,-0.4397192895412445,0.9409598708152771,0.5949110984802246,0.4144514203071594,-0.220576673746109,0.9173818826675415,0.5067113637924194,0.5561070442199707,0.015078014694154263,0.9998379349708557,0.4310851991176605,0.5571891069412231,-0.014809413813054562,0.9996792674064636,0.5059946775436401,0.660675585269928,-0.08296866714954376,0.9729923605918884,0.45216959714889526,0.6589825749397278,-0.003909952472895384,0.891463577747345,0.5113685131072998,0.7688729166984558,0.12326522916555405,0.9512008428573608,0.4824353754520416,0.757603645324707,0.38171517848968506,0.8814407587051392,0.5114797949790955,0.7828512787818909,0.13212978839874268,0.7420365214347839,0.4936564266681671,0.7627018690109253,0.41200610995292664,0.6987500190734863,0.4998561143875122,0.8014724254608154,-0.09114379435777664,0.941514790058136,0.470580130815506,0.7907028794288635,0.2373627871274948,0.8913363814353943
IMG_9691 2,34,1119,bad,0.4990788698196411,0.37202373147010803,-0.11016220599412918,0.9999634027481079,0.5025084018707275,0.363478422164917,-0.06968145072460175,0.9999551177024841,0.5055713057518005,0.36366885900497437,-0.06971237808465958,0.9999492764472961,0.5081879496574402,0.3639015853404999,-0.0697866827249527,0.9999513626098633,0.48813381791114807,0.363291472196579,-0.09060908854007721,0.9999365210533142,0.4812614619731903,0.3633793890476227,-0.0905444547533989,0.9999201893806458,0.4741780459880829,0.3636919856071472,-0.09047820419073105,0.9999166131019592,0.5011188983917236,0.3687087893486023,0.1435553878545761,0.9999523162841797,0.4577956795692444,0.3683491349220276,0.04576843976974487,0.9999455809593201,0.5016187429428101,0.38157781958580017,-0.027996208518743515,0.9999634027481079,0.4871678650379181,0.38071319460868835,-0.05767396092414856,0.9999547004699707,0.5225849747657776,0.42987820506095886,0.2030285745859146,0.9999298453330994,0.41046619415283203,0.4100194573402405,-0.0016387221403419971,0.9998303651809692,0.5415717363357544,0.4866622984409332,-0.0748102068901062,0.953265368938446,0.455454558134079,0.4302147328853607,-0.15187516808509827,0.9571728706359863,0.5166890025138855,0.43615779280662537,-0.45061951875686646,0.9660021662712097,0.5659915804862976,0.4251828193664551,-0.13619518280029297,0.9627470374107361,0.49267446994781494,0.42752814292907715,-0.5327231287956238,0.9481818079948425,0.592767059803009,0.4210875332355499,-0.17502360045909882,0.9286717772483826,0.49176913499832153,0.4209156632423401,-0.5152008533477783,0.9483633041381836,0.5924723148345947,0.417680561542511,-0.17490160465240479,0.9269844889640808,0.49814996123313904,0.42360445857048035,-0.4556322991847992,0.9338114261627197,0.583130419254303,0.4194963574409485,-0.13417094945907593,0.9161885380744934,0.5070019960403442,0.5581156015396118,0.014771047979593277,0.9998486638069153,0.43100303411483765,0.5583236813545227,-0.014444601722061634,0.9996948838233948,0.5056656002998352,0.6617199778556824,-0.10038279742002487,0.973628580570221,0.45126616954803467,0.6590229272842407,0.033254481852054596,0.8944224119186401,0.509750485420227,0.7716616988182068,0.04687662422657013,0.952340841293335,0.47538959980010986,0.7496468424797058,0.4870072603225708,0.8718554973602295,0.5106424689292908,0.786890983581543,0.047647085040807724,0.7416121959686279,0.4866480529308319,0.7577999234199524,0.521965503692627,0.6793356537818909,0.4943254888057709,0.8031764030456543,-0.19371885061264038,0.9420181512832642,0.4632165729999542,0.7867926359176636,0.35592982172966003,0.8857621550559998
IMG_9691 2,35,1152,bad,0.4990907311439514,0.3720720112323761,-0.11133485287427902,0.9999572038650513,0.5025376081466675,0.3635447025299072,-0.07374288886785507,0.9999469518661499,0.5056437849998474,0.3637245297431946,-0.07376983016729355,0.9999408721923828,0.5083342790603638,0.3639480173587799,-0.07383006811141968,0.9999430775642395,0.48822179436683655,0.36335593461990356,-0.09448062628507614,0.999928891658783,0.4814080595970154,0.36344000697135925,-0.09447341412305832,0.9999123811721802,0.47436636686325073,0.3637412190437317,-0.09448050707578659,0.9999099373817444,0.5019127130508423,0.3687247037887573,0.14306534826755524,0.9999433159828186,0.4578230082988739,0.36850541830062866,0.03864002600312233,0.9999425411224365,0.5019071102142334,0.3816409409046173,-0.03182898089289665,0.9999586939811707,0.4872104227542877,0.38074126839637756,-0.059875212609767914,0.9999497532844543,0.5273433923721313,0.4298277795314789,0.1956625133752823,0.9999217391014099,0.4105204939842224,0.411568820476532,0.005385556258261204,0.9998347759246826,0.539256751537323,0.4863046407699585,-0.05852736532688141,0.9477686882019043,0.45542600750923157,0.44397440552711487,-0.12181677669286728,0.9600235819816589,0.5097918510437012,0.4360608458518982,-0.36553916335105896,0.9603288173675537,0.5594390034675598,0.428862988948822,-0.13483168184757233,0.9640952348709106,0.49158069491386414,0.42681747674942017,-0.4344237148761749,0.9413187503814697,0.5842001438140869,0.4238193929195404,-0.1772616058588028,0.9300355315208435,0.4922521412372589,0.4201347231864929,-0.42319971323013306,0.9411503672599792,0.5829401612281799,0.42005062103271484,-0.17321030795574188,0.9280982613563538,0.4973836839199066,0.4233972132205963,-0.37156251072883606,0.9257744550704956,0.5734038949012756,0.42195823788642883,-0.13307464122772217,0.9163885116577148,0.5075864195823669,0.561076819896698,0.011302893981337547,0.9998546242713928,0.43082496523857117,0.5608535408973694,-0.01088710967451334,0.9997068643569946,0.5062786936759949,0.6655649542808533,-0.09313835203647614,0.9749895334243774,0.45033982396125793,0.6615509986877441,0.04874579608440399,0.9003586173057556,0.5100240111351013,0.7724464535713196,0.07238365709781647,0.9542112946510315,0.4746650457382202,0.7508910894393921,0.4483792781829834,0.8740575909614563,0.5117462873458862,0.7889853119850159,0.0763908252120018,0.7390134334564209,0.4861167073249817,0.7593538165092468,0.4779665768146515,0.6761658787727356,0.4921591281890869,0.8039838075637817,-0.15487350523471832,0.9433917999267578,0.4546477794647217,0.7873611450195312,0.31014251708984375,0.8877864480018616
IMG_9691 2,36,1185,bad,0.49954959750175476,0.37209922075271606,-0.111386239528656,0.9999502301216125,0.5029392838478088,0.3635731339454651,-0.07529724389314651,0.9999384880065918,0.5060848593711853,0.3637330234050751,-0.07531841844320297,0.9999321103096008,0.5088277459144592,0.3639194071292877,-0.07537445425987244,0.9999346137046814,0.4886055290699005,0.36336883902549744,-0.09704618901014328,0.9999204277992249,0.4817546010017395,0.3634287714958191,-0.09706395864486694,0.9999032616615295,0.47474274039268494,0.36368972063064575,-0.09709081798791885,0.9999021887779236,0.5034457445144653,0.3686012923717499,0.137902170419693,0.9999331831932068,0.4579092860221863,0.3685114085674286,0.03623364120721817,0.9999386072158813,0.5028042793273926,0.38168248534202576,-0.0318739078938961,0.9999550580978394,0.4875684380531311,0.38077473640441895,-0.06067664548754692,0.9999451637268066,0.5295929312705994,0.4298011362552643,0.197303906083107,0.9999204277992249,0.4108383357524872,0.4128098785877228,0.009386615827679634,0.9998376965522766,0.5391952395439148,0.4859484136104584,-0.031019415706396103,0.9442450404167175,0.4531639516353607,0.456176221370697,-0.08268941193819046,0.9624748826026917,0.5076947808265686,0.43630892038345337,-0.34077781438827515,0.9551195502281189,0.5552101135253906,0.43494218587875366,-0.06075179576873779,0.9646363258361816,0.4914097487926483,0.42702516913414,-0.41152846813201904,0.9337881207466125,0.5792702436447144,0.4280736446380615,-0.09938633441925049,0.9294161200523376,0.49214744567871094,0.4217117726802826,-0.3978404998779297,0.9332681894302368,0.5766457319259644,0.42393746972084045,-0.0975651741027832,0.9270690083503723,0.496066689491272,0.4251239597797394,-0.3459343910217285,0.9169294834136963,0.5680958032608032,0.42577847838401794,-0.05839034542441368,0.913835883140564,0.5077239274978638,0.561808705329895,0.0104210264980793,0.9998597502708435,0.43082207441329956,0.5617020130157471,-0.010084950365126133,0.9997102618217468,0.5064517259597778,0.6667126417160034,-0.10908181965351105,0.9754804968833923,0.449670672416687,0.6625758409500122,0.04518658667802811,0.9026184678077698,0.509746253490448,0.7731068730354309,0.06272554397583008,0.9546360373497009,0.47411662340164185,0.7516462802886963,0.4604257345199585,0.8695890307426453,0.5117846727371216,0.7912133932113647,0.06740610301494598,0.734199047088623,0.484872430562973,0.7601303458213806,0.4932648837566376,0.6660662889480591,0.4903164803981781,0.8053560256958008,-0.16414020955562592,0.9431598782539368,0.4540655314922333,0.7887049317359924,0.32887348532676697,0.8849467039108276
IMG_9691 2,37,1217,bad,0.5019838213920593,0.37210071086883545,-0.06390569359064102,0.9999299049377441,0.5043220520019531,0.36330077052116394,-0.030968276783823967,0.9999138712882996,0.507203996181488,0.36340171098709106,-0.030974777415394783,0.9999036192893982,0.5097388029098511,0.36349526047706604,-0.031023621559143066,0.9999099373817444,0.4912396967411041,0.3630814552307129,-0.0587434321641922,0.999893307685852,0.48449045419692993,0.3630857765674591,-0.05878586694598198,0.9998705983161926,0.4775737524032593,0.36323845386505127,-0.05883361026644707,0.9998766183853149,0.5039434432983398,0.3677712678909302,0.16219139099121094,0.9999051690101624,0.45901617407798767,0.3680196702480316,0.04198862612247467,0.9999205470085144,0.5048699975013733,0.3815505802631378,0.012571082450449467,0.9999426007270813,0.49033600091934204,0.38072073459625244,-0.02310270257294178,0.999931275844574,0.5301042199134827,0.42843255400657654,0.23551276326179504,0.9999189972877502,0.41083067655563354,0.41329526901245117,0.028391141444444656,0.9998406767845154,0.5396848917007446,0.4858846068382263,0.031126979738473892,0.9406591653823853,0.449238657951355,0.469244122505188,-0.054419636726379395,0.9649455547332764,0.5082795023918152,0.442715585231781,-0.2767792046070099,0.9520322680473328,0.5509123802185059,0.43888598680496216,-0.02890549786388874,0.966302216053009,0.4926929473876953,0.4334906041622162,-0.34995007514953613,0.9278681874275208,0.5742765665054321,0.4336927831172943,-0.06534120440483093,0.9315460324287415,0.4937722086906433,0.42162272334098816,-0.3312707245349884,0.926979660987854,0.5721756815910339,0.4277769923210144,-0.061313778162002563,0.9289221167564392,0.49726948142051697,0.42445504665374756,-0.2806650400161743,0.9097164869308472,0.5640486478805542,0.42870765924453735,-0.02447444386780262,0.914516806602478,0.5080704689025879,0.5614444613456726,0.01081790216267109,0.9998552799224854,0.43192705512046814,0.5615269541740417,-0.010384570807218552,0.9996919631958008,0.5065546035766602,0.6663531064987183,-0.11948779225349426,0.9712481498718262,0.449660062789917,0.6624686121940613,0.016196800395846367,0.8953344225883484,0.5090595483779907,0.7751612663269043,0.05331309139728546,0.9495844841003418,0.47531864047050476,0.7534608244895935,0.3735106885433197,0.8614110350608826,0.5080129504203796,0.7918030619621277,0.05824795365333557,0.7198449373245239,0.4850325286388397,0.7653568387031555,0.39992696046829224,0.6531104445457458,0.4904615581035614,0.8061096668243408,-0.17305581271648407,0.9378038048744202,0.4553968906402588,0.7941502332687378,0.21644474565982819,0.8794212341308594
IMG_9691 2,38,1250,bad,0.5021979212760925,0.37170499563217163,-0.06673642247915268,0.9999299049377441,0.5043275952339172,0.3626418709754944,-0.042086027562618256,0.9999129772186279,0.5072076320648193,0.36269286274909973,-0.042128678411245346,0.9999024271965027,0.5097438097000122,0.3627614974975586,-0.04219594597816467,0.9999085664749146,0.49138781428337097,0.3624189496040344,-0.0667257159948349,0.9998931884765625,0.4846099317073822,0.36246976256370544,-0.06678929179906845,0.999869704246521,0.4778197109699249,0.3626628518104553,-0.06683513522148132,0.9998766779899597,0.5040575265884399,0.36704400181770325,0.14131000638008118,0.9999018907546997,0.459090918302536,0.3676739037036896,0.03608616814017296,0.9999196529388428,0.5050944089889526,0.3809545636177063,0.010639199055731297,0.9999417066574097,0.4907688796520233,0.38031697273254395,-0.02763894386589527,0.9999313354492188,0.5308037996292114,0.4251352846622467,0.2227468490600586,0.9999203681945801,0.41045650839805603,0.4140160381793976,0.054255709052085876,0.9998471736907959,0.5454573035240173,0.48552992939949036,-0.002986776875331998,0.9428582787513733,0.4403630793094635,0.4807307720184326,0.005915386136621237,0.9671486020088196,0.511662483215332,0.43835851550102234,-0.322945773601532,0.9538622498512268,0.5503867268562317,0.4482644498348236,0.02222718484699726,0.9680734872817993,0.4991093873977661,0.42572879791259766,-0.39886224269866943,0.9291082620620728,0.5715548396110535,0.4450050890445709,-0.010817127302289009,0.9339593052864075,0.5010430812835693,0.4182104766368866,-0.38124027848243713,0.9279963970184326,0.5720151662826538,0.43642881512641907,-0.008282174356281757,0.9311057925224304,0.5008635520935059,0.4219188094139099,-0.32649943232536316,0.9108025431632996,0.5629472732543945,0.4368584454059601,0.026916492730379105,0.9159442782402039,0.5089440941810608,0.5621128082275391,0.003976255189627409,0.9998470544815063,0.4330137073993683,0.5625068545341492,-0.0033760089427232742,0.9996789693832397,0.5069369673728943,0.6663607954978943,-0.11037801951169968,0.9680547714233398,0.45059776306152344,0.6635289788246155,0.018429728224873543,0.893352210521698,0.5086928009986877,0.7754100561141968,0.06838301569223404,0.9455878138542175,0.4801701307296753,0.7597500085830688,0.35676589608192444,0.8599353432655334,0.5077081322669983,0.7915313243865967,0.0737084224820137,0.7140212059020996,0.4871406853199005,0.7756901979446411,0.3790228068828583,0.6504204869270325,0.49232444167137146,0.8064954280853271,-0.1516188085079193,0.9339026212692261,0.4599640965461731,0.8002468347549438,0.18606403470039368,0.8775519132614136
IMG_9691 2,39,1283,bad,0.5030349493026733,0.3717423975467682,-0.11874844878911972,0.9999226927757263,0.5047468543052673,0.36251044273376465,-0.09157948195934296,0.9999048113822937,0.5075594782829285,0.3625132739543915,-0.09166518598794937,0.9998937845230103,0.5100551247596741,0.3625399172306061,-0.09173280000686646,0.9998984932899475,0.49216705560684204,0.3623638451099396,-0.10872999578714371,0.9998829364776611,0.4854588210582733,0.36242830753326416,-0.10878665000200272,0.9998565316200256,0.47878411412239075,0.36264586448669434,-0.10881508141756058,0.9998660087585449,0.5046754479408264,0.36653006076812744,0.10791508853435516,0.9998909831047058,0.45955196022987366,0.36761337518692017,0.031229330226778984,0.9999114274978638,0.5060595870018005,0.38096150755882263,-0.035713084042072296,0.9999317526817322,0.4919109642505646,0.3803645670413971,-0.05861862376332283,0.9999237060546875,0.5367169976234436,0.42187654972076416,0.20798306167125702,0.9999179840087891,0.4093448519706726,0.4145599901676178,0.08354824036359787,0.9998487234115601,0.5472875237464905,0.4857184588909149,-0.006594865117222071,0.9419069290161133,0.42524996399879456,0.4866808354854584,0.05251048505306244,0.9682114720344543,0.5124043822288513,0.4395861029624939,-0.3229243755340576,0.953207790851593,0.5367106199264526,0.4565015137195587,0.04637053981423378,0.9687626361846924,0.4995543360710144,0.4288158416748047,-0.4006633758544922,0.9273579716682434,0.5618475079536438,0.45406511425971985,0.012740048579871655,0.9344666600227356,0.50620436668396,0.41868558526039124,-0.38810133934020996,0.9259896874427795,0.5586802363395691,0.4439743161201477,0.008054210804402828,0.9313364028930664,0.5039341449737549,0.4218350350856781,-0.3285239338874817,0.9081167578697205,0.5485713481903076,0.44400835037231445,0.04766397178173065,0.9152958989143372,0.5093196630477905,0.5618599057197571,-0.013559162616729736,0.9998169541358948,0.43297162652015686,0.5622148513793945,0.014361657202243805,0.9996345043182373,0.5069323778152466,0.6662861108779907,-0.10997141152620316,0.9653736352920532,0.45070958137512207,0.6634499430656433,0.019684741273522377,0.8933134078979492,0.5072392225265503,0.7752054333686829,0.06588835269212723,0.9436654448509216,0.48258909583091736,0.7657457590103149,0.2866741716861725,0.8625276684761047,0.505382776260376,0.7915155291557312,0.069484643638134,0.71527099609375,0.49229949712753296,0.7803370356559753,0.30048418045043945,0.6569167375564575,0.4912571609020233,0.8063840270042419,-0.1581689864397049,0.9318026900291443,0.4588368535041809,0.8020755648612976,0.09294405579566956,0.8785223960876465
IMG_9691 2,40,1316,bad,0.5037667751312256,0.37223100662231445,-0.14107756316661835,0.9999074339866638,0.5050439238548279,0.36266595125198364,-0.11474364995956421,0.999880850315094,0.5077892541885376,0.36262527108192444,-0.11483531445264816,0.9998698234558105,0.5102266669273376,0.36259955167770386,-0.11490808427333832,0.999872088432312,0.49274975061416626,0.3625161647796631,-0.13224375247955322,0.9998571276664734,0.4862214922904968,0.36251121759414673,-0.13227374851703644,0.9998245239257812,0.47973552346229553,0.3626888394355774,-0.13230043649673462,0.9998371005058289,0.5047725439071655,0.36653757095336914,0.07549230754375458,0.9998664259910583,0.4601367712020874,0.36757323145866394,-0.0010643297573551536,0.9998841285705566,0.5065836310386658,0.381356418132782,-0.062479596585035324,0.9999144673347473,0.49254110455513,0.3808383345603943,-0.08478260785341263,0.9999090433120728,0.5426745414733887,0.41998597979545593,0.15108291804790497,0.9999185800552368,0.406993567943573,0.4148118197917938,0.08135714381933212,0.9998472929000854,0.5509850978851318,0.48630601167678833,-0.01925196498632431,0.941107451915741,0.40133440494537354,0.488486111164093,0.014565111137926579,0.9690796732902527,0.5140455961227417,0.44987645745277405,-0.33196306228637695,0.951307475566864,0.5137065052986145,0.4619717001914978,-0.041272472590208054,0.9690636396408081,0.5007551312446594,0.4424613118171692,-0.40782782435417175,0.9237325191497803,0.539124071598053,0.4577215313911438,-0.08030679076910019,0.9343644380569458,0.5062655210494995,0.4317481815814972,-0.3986223042011261,0.9220232963562012,0.53840571641922,0.44799670577049255,-0.07951702177524567,0.9308223128318787,0.5085110664367676,0.4299464821815491,-0.33767542243003845,0.9027325510978699,0.5301528573036194,0.4486578106880188,-0.03975128382444382,0.9135410785675049,0.5105596780776978,0.5617133975028992,-0.02866813912987709,0.9997637271881104,0.4329383671283722,0.5624419450759888,0.02942764200270176,0.9995489120483398,0.5077979564666748,0.6661413908004761,-0.10604144632816315,0.9642612338066101,0.45121636986732483,0.6637718081474304,0.04408247768878937,0.8907862305641174,0.5071395039558411,0.774157702922821,0.06561794131994247,0.9422539472579956,0.4825507700443268,0.7656941413879395,0.30454808473587036,0.8623867034912109,0.5054711699485779,0.7913200855255127,0.0682438313961029,0.7146333456039429,0.4961334764957428,0.7796818614006042,0.3195105493068695,0.6614809632301331,0.4910584092140198,0.8042501211166382,-0.16026446223258972,0.9297643899917603,0.4509349465370178,0.8012869358062744,0.12040360271930695,0.8773062825202942
IMG_9691 2,41,1349,bad,0.5028731822967529,0.3724728226661682,-0.21125398576259613,0.9999061822891235,0.5047971606254578,0.36267170310020447,-0.1808207929134369,0.9998770356178284,0.5077235102653503,0.3626168370246887,-0.18089734017848969,0.9998670816421509,0.5102339386940002,0.3625791668891907,-0.18097031116485596,0.9998685121536255,0.49210798740386963,0.36252549290657043,-0.1888706386089325,0.9998505711555481,0.48571518063545227,0.3625114858150482,-0.18884623050689697,0.9998167157173157,0.4791330397129059,0.36267250776290894,-0.18882666528224945,0.9998297095298767,0.506454586982727,0.3663218021392822,0.023711713030934334,0.9998633861541748,0.46013572812080383,0.36737462878227234,-0.013211085461080074,0.9998732209205627,0.5064881443977356,0.38148266077041626,-0.12955111265182495,0.9999133348464966,0.4918026328086853,0.3809359073638916,-0.1399371325969696,0.9999079704284668,0.5486846566200256,0.41889023780822754,0.11023129522800446,0.9999231696128845,0.40470296144485474,0.41559383273124695,0.09898031502962112,0.999846875667572,0.5559465289115906,0.4883577823638916,-0.04946774244308472,0.9440292716026306,0.38651043176651,0.4906274676322937,-0.018818151205778122,0.9694721698760986,0.5197595357894897,0.449983149766922,-0.35946041345596313,0.953416109085083,0.49443840980529785,0.46179142594337463,-0.2606835961341858,0.9694905281066895,0.5121951103210449,0.44181734323501587,-0.434493750333786,0.9257704615592957,0.5193116068840027,0.4574959874153137,-0.319417268037796,0.9344155192375183,0.5152446627616882,0.42947936058044434,-0.4218261241912842,0.9238204956054688,0.5204533934593201,0.44699618220329285,-0.3146402835845947,0.9304639101028442,0.5142566561698914,0.4292263090610504,-0.35900935530662537,0.9038864374160767,0.5131250619888306,0.4475788176059723,-0.26223069429397583,0.9120815992355347,0.5114322900772095,0.5616211891174316,-0.033114369958639145,0.9997419118881226,0.4328431785106659,0.5624126195907593,0.03366268798708916,0.9994907975196838,0.5078141093254089,0.6665769815444946,-0.10606677085161209,0.9650084972381592,0.4512241780757904,0.6637083292007446,0.0645354837179184,0.8926088809967041,0.5071249604225159,0.7743874788284302,0.07164118438959122,0.944088876247406,0.4820386469364166,0.7634865045547485,0.34042033553123474,0.8656879663467407,0.5068489909172058,0.7911874055862427,0.07491084933280945,0.7157321572303772,0.4953283369541168,0.7785584330558777,0.35510921478271484,0.666634202003479,0.48542213439941406,0.8066210746765137,-0.1648997664451599,0.9307839870452881,0.4519965648651123,0.7979846000671387,0.1251828968524933,0.8798638582229614
IMG_9691 2,42,1382,bad,0.5028828382492065,0.37320664525032043,-0.2074095755815506,0.9999118447303772,0.504801332950592,0.3627532422542572,-0.1749313920736313,0.9998837113380432,0.5077272057533264,0.36268284916877747,-0.17499741911888123,0.9998744130134583,0.5102478265762329,0.3626325726509094,-0.17506417632102966,0.9998756051063538,0.49212899804115295,0.3625510334968567,-0.18492239713668823,0.9998587965965271,0.48578938841819763,0.36252984404563904,-0.18490254878997803,0.9998266696929932,0.4791717529296875,0.36268413066864014,-0.1848977655172348,0.9998388290405273,0.5067750811576843,0.3663512170314789,0.027771102264523506,0.9998703598976135,0.4602019190788269,0.36728131771087646,-0.01711973361670971,0.9998784065246582,0.5067179203033447,0.3821917474269867,-0.12746815383434296,0.9999176859855652,0.49187910556793213,0.38134709000587463,-0.14104904234409332,0.9999132752418518,0.5524692535400391,0.4193725883960724,0.10560935735702515,0.9999285936355591,0.40296506881713867,0.41683128476142883,0.0947297140955925,0.9998511075973511,0.5574071407318115,0.48973044753074646,-0.07183835655450821,0.9484703540802002,0.37189358472824097,0.49117591977119446,-0.05130601301789284,0.9707762002944946,0.5256156325340271,0.44405195116996765,-0.3840753138065338,0.9574633836746216,0.4722709059715271,0.46530264616012573,-0.3577510118484497,0.9713242053985596,0.5222042798995972,0.4279533624649048,-0.4595087766647339,0.9316878914833069,0.49781498312950134,0.46051478385925293,-0.4205077290534973,0.9378212094306946,0.5228146314620972,0.41873791813850403,-0.43927082419395447,0.9298014640808105,0.4949517250061035,0.4507349133491516,-0.41310805082321167,0.9338732361793518,0.520261824131012,0.4214884042739868,-0.38065552711486816,0.9108972549438477,0.4906775653362274,0.45139390230178833,-0.35918527841567993,0.91568523645401,0.5130093097686768,0.5615293383598328,-0.03529828414320946,0.9997226595878601,0.4333314895629883,0.5627777576446533,0.035798847675323486,0.9994483590126038,0.5078206062316895,0.6665473580360413,-0.10943461209535599,0.9650087952613831,0.45262211561203003,0.6636680364608765,0.06405539065599442,0.8885535597801208,0.5071332454681396,0.7737061977386475,0.04413532093167305,0.9436769485473633,0.4820137321949005,0.7624691724777222,0.3337532877922058,0.8634976148605347,0.5069630742073059,0.7898828983306885,0.04525381699204445,0.7151119112968445,0.49522027373313904,0.7782194018363953,0.34821540117263794,0.6666077375411987,0.48567232489585876,0.8052647113800049,-0.19479285180568695,0.9298197031021118,0.4520694613456726,0.7969544529914856,0.13923531770706177,0.8773646950721741
IMG_9691 2,43,1415,bad,0.5032092332839966,0.373273104429245,-0.18874187767505646,0.9999185800552368,0.504828691482544,0.36275434494018555,-0.15523526072502136,0.9998921751976013,0.5077316761016846,0.3627043068408966,-0.1552909016609192,0.9998834133148193,0.510254979133606,0.3626631796360016,-0.15535123646259308,0.9998846054077148,0.4922858774662018,0.3624163568019867,-0.16813243925571442,0.9998692870140076,0.4859870672225952,0.36228588223457336,-0.16812056303024292,0.9998394250869751,0.47936317324638367,0.36233553290367126,-0.16811823844909668,0.999850869178772,0.5067688226699829,0.3663763105869293,0.046378955245018005,0.9998791217803955,0.46022364497184753,0.36701563000679016,-0.01152714155614376,0.9998865127563477,0.5073107481002808,0.3823099434375763,-0.10970818996429443,0.9999231100082397,0.49275240302085876,0.3813621997833252,-0.12678313255310059,0.9999197125434875,0.5538600087165833,0.4195939898490906,0.11828140169382095,0.9999336004257202,0.4018038213253021,0.41763707995414734,0.09919679909944534,0.9998564124107361,0.5574303865432739,0.48971766233444214,-0.06787136197090149,0.9526396989822388,0.3645222783088684,0.4907117784023285,-0.0605555921792984,0.9722431898117065,0.5267862677574158,0.433628648519516,-0.3773365616798401,0.9612944722175598,0.4533891975879669,0.46632784605026245,-0.3579435646533966,0.9732919335365295,0.5222517848014832,0.4163520932197571,-0.4526210129261017,0.9374234676361084,0.47801676392555237,0.46146902441978455,-0.4207495152950287,0.9416424036026001,0.5224691033363342,0.4086577594280243,-0.43072283267974854,0.9356259107589722,0.47642749547958374,0.4527945816516876,-0.4141979217529297,0.9378133416175842,0.5203622579574585,0.4140329957008362,-0.37420499324798584,0.9178946614265442,0.47345682978630066,0.4531087279319763,-0.35988959670066833,0.9202079176902771,0.5137732028961182,0.5615130066871643,-0.03199892118573189,0.9997151494026184,0.43358156085014343,0.5627337098121643,0.03247480466961861,0.9994363784790039,0.5077743530273438,0.6662875413894653,-0.10277256369590759,0.9658488631248474,0.45280683040618896,0.6632395386695862,0.06303388625383377,0.8900142312049866,0.5063640475273132,0.7736279368400574,0.06570637971162796,0.9444795846939087,0.48025840520858765,0.7609433531761169,0.3161822259426117,0.8672653436660767,0.5070000886917114,0.7894006967544556,0.06897251307964325,0.7177367806434631,0.49158722162246704,0.7768813371658325,0.33096441626548767,0.6721438765525818,0.48585107922554016,0.8052427172660828,-0.16145657002925873,0.9301935434341431,0.45260632038116455,0.7957139611244202,0.13046608865261078,0.8794735670089722
IMG_9691 2,44,1448,bad,0.5027160048484802,0.3722210228443146,-0.20301778614521027,0.999924898147583,0.5041643977165222,0.3615623116493225,-0.1691923588514328,0.9999000430107117,0.5071306228637695,0.3616633713245392,-0.16924743354320526,0.999891996383667,0.5098229050636292,0.361824095249176,-0.16931138932704926,0.9998930096626282,0.4915456771850586,0.3610645532608032,-0.1786731630563736,0.9998791217803955,0.4854345917701721,0.3608860373497009,-0.17867088317871094,0.9998514652252197,0.478809654712677,0.3608894944190979,-0.17868363857269287,0.9998618960380554,0.5067293047904968,0.36578869819641113,0.027299048379063606,0.9998871684074402,0.4601937532424927,0.36587318778038025,-0.016098277643322945,0.9998942017555237,0.5073001384735107,0.38154706358909607,-0.1270352005958557,0.9999287128448486,0.4926716089248657,0.38022446632385254,-0.13981787860393524,0.9999257922172546,0.5555566549301147,0.4198553264141083,0.09671508520841599,0.9999380707740784,0.400818794965744,0.41840243339538574,0.09116822481155396,0.9998611211776733,0.5571742653846741,0.48973697423934937,-0.0946301519870758,0.9563594460487366,0.36173611879348755,0.49065640568733215,-0.09469106048345566,0.9737077951431274,0.526324450969696,0.4289867877960205,-0.40390241146087646,0.964727520942688,0.4401434659957886,0.46531885862350464,-0.3887554407119751,0.9751499891281128,0.5205270051956177,0.4126133322715759,-0.47623053193092346,0.9426419734954834,0.4610419273376465,0.4605596363544464,-0.45217424631118774,0.9451711177825928,0.5210145711898804,0.405150443315506,-0.45817068219184875,0.9409247636795044,0.463046669960022,0.4523577392101288,-0.44207993149757385,0.9414198994636536,0.5195709466934204,0.4110443890094757,-0.40261170268058777,0.9242540001869202,0.46065622568130493,0.452543705701828,-0.38978517055511475,0.9244006276130676,0.5145386457443237,0.5615978240966797,-0.029779307544231415,0.9997303485870361,0.4337588846683502,0.5630568265914917,0.030259527266025543,0.9994595050811768,0.5086080431938171,0.6672119498252869,-0.13146182894706726,0.9676984548568726,0.45332464575767517,0.663221001625061,0.09503293037414551,0.8911136388778687,0.5061575174331665,0.7739049792289734,0.031086476519703865,0.9465732574462891,0.4792225658893585,0.7590137720108032,0.4438595473766327,0.8684067130088806,0.5071150660514832,0.790125846862793,0.03447405993938446,0.7217952013015747,0.49052271246910095,0.7728180885314941,0.46874701976776123,0.6710034608840942,0.48539814352989197,0.8055737614631653,-0.20166943967342377,0.9323145747184753,0.45237377285957336,0.7928897738456726,0.28232598304748535,0.8805386424064636
