video_no,frame,timestamp_ms,good,x0,y0,z0,visibility0,x1,y1,z1,visibility1,x2,y2,z2,visibility2,x3,y3,z3,visibility3,x4,y4,z4,visibility4,x5,y5,z5,visibility5,x6,y6,z6,visibility6,x7,y7,z7,visibility7,x8,y8,z8,visibility8,x9,y9,z9,visibility9,x10,y10,z10,visibility10,x11,y11,z11,visibility11,x12,y12,z12,visibility12,x13,y13,z13,visibility13,x14,y14,z14,visibility14,x15,y15,z15,visibility15,x16,y16,z16,visibility16,x17,y17,z17,visibility17,x18,y18,z18,visibility18,x19,y19,z19,visibility19,x20,y20,z20,visibility20,x21,y21,z21,visibility21,x22,y22,z22,visibility22,x23,y23,z23,visibility23,x24,y24,z24,visibility24,x25,y25,z25,visibility25,x26,y26,z26,visibility26,x27,y27,z27,visibility27,x28,y28,z28,visibility28,x29,y29,z29,visibility29,x30,y30,z30,visibility30,x31,y31,z31,visibility31,x32,y32,z32,visibility32
IMG_9576 5,1,33,bad,0.3973410725593567,0.4115612506866455,-0.09132639318704605,0.9997119307518005,0.40489888191223145,0.40305545926094055,-0.12144140899181366,0.9996868371963501,0.4071207046508789,0.4028569459915161,-0.12150223553180695,0.999754011631012,0.4094606339931488,0.4026435613632202,-0.12153194844722748,0.9997990727424622,0.4046679139137268,0.40313366055488586,-0.06959012150764465,0.999563992023468,0.4065939784049988,0.4030253291130066,-0.0695437416434288,0.9995212554931641,0.4087156355381012,0.40284639596939087,-0.06960925459861755,0.9995575547218323,0.4292120635509491,0.4066516160964966,-0.19680006802082062,0.9998660087585449,0.4285554885864258,0.4061284065246582,0.03230391815304756,0.9993141889572144,0.4042353928089142,0.41892126202583313,-0.11535915732383728,0.9998165965080261,0.4038788974285126,0.419283926486969,-0.04886621609330177,0.9996541738510132,0.4510696530342102,0.4462435841560364,-0.347974568605423,0.9999977350234985,0.4553298056125641,0.45248785614967346,0.2112184315919876,0.9993763566017151,0.4671042263507843,0.5056651830673218,-0.4318075180053711,0.9987471103668213,0.4651944041252136,0.5128138065338135,0.27812352776527405,0.06840477138757706,0.45354583859443665,0.5666201114654541,-0.4330082833766937,0.9964334964752197,0.44976043701171875,0.5660479664802551,0.19273771345615387,0.10884595662355423,0.4549379050731659,0.5837668180465698,-0.49140527844429016,0.9914524555206299,0.4470282793045044,0.5809458494186401,0.20095467567443848,0.11237617582082748,0.4465145766735077,0.5843697786331177,-0.47994181513786316,0.990565299987793,0.44229766726493835,0.5837106108665466,0.14688898622989655,0.11607483774423599,0.4450920522212982,0.5792584419250488,-0.4269018769264221,0.9812507629394531,0.4468623101711273,0.5779718160629272,0.16717389225959778,0.1213495060801506,0.46903833746910095,0.5754871964454651,-0.17217065393924713,0.9993864297866821,0.47310587763786316,0.576823353767395,0.1721334308385849,0.9969027638435364,0.468757688999176,0.6639428734779358,-0.13450932502746582,0.9527348279953003,0.462546169757843,0.6608520746231079,0.22260209918022156,0.2514042854309082,0.5007321834564209,0.7526322603225708,-0.0601646713912487,0.9706993103027344,0.4846821427345276,0.7435890436172485,0.3159009516239166,0.42102381587028503,0.5237841010093689,0.7683149576187134,-0.06023802608251572,0.9478327631950378,0.502006471157074,0.7625957727432251,0.3187917470932007,0.5556139945983887,0.4248214066028595,0.7753469944000244,-0.18536505103111267,0.9672410488128662,0.41821855306625366,0.7683317065238953,0.23427057266235352,0.6767544746398926
IMG_9576 5,2,66,bad,0.3973212242126465,0.41156455874443054,-0.08128411322832108,0.9996880888938904,0.4049399495124817,0.40305328369140625,-0.11274609714746475,0.9996618628501892,0.4071589708328247,0.4028562307357788,-0.11279887706041336,0.9997349381446838,0.4095110595226288,0.4026432931423187,-0.11282791197299957,0.999782919883728,0.4046803414821625,0.4031338691711426,-0.0595262385904789,0.9995291233062744,0.4065987467765808,0.4030275344848633,-0.05947158858180046,0.9994848966598511,0.40872010588645935,0.4028490483760834,-0.05950897932052612,0.9995205402374268,0.42920345067977905,0.40662169456481934,-0.1917867511510849,0.9998493790626526,0.4285089373588562,0.40604472160339355,0.04351290687918663,0.9992274045944214,0.4046057462692261,0.4189499318599701,-0.1063905730843544,0.9997901916503906,0.40401846170425415,0.4193153381347656,-0.03800871968269348,0.9996027946472168,0.4510272145271301,0.4452742040157318,-0.3425184190273285,0.9999975562095642,0.4563088119029999,0.4525134563446045,0.22088868916034698,0.9993400573730469,0.46705105900764465,0.5056549310684204,-0.4229006767272949,0.9987231492996216,0.4684584438800812,0.5130569338798523,0.2894231379032135,0.06680100411176682,0.4527110457420349,0.5656870603561401,-0.41500186920166016,0.9964332580566406,0.4516718089580536,0.5652585625648499,0.19940628111362457,0.10824362188577652,0.45296934247016907,0.5827759504318237,-0.47220832109451294,0.9914559125900269,0.447061687707901,0.5793053507804871,0.2071562111377716,0.11305148899555206,0.44570988416671753,0.5826448202133179,-0.45714813470840454,0.9905700087547302,0.44391605257987976,0.5821762084960938,0.15291573107242584,0.11659741401672363,0.44482481479644775,0.5779670476913452,-0.40684038400650024,0.9812837839126587,0.44684067368507385,0.5758630037307739,0.17376616597175598,0.1215895488858223,0.4678736925125122,0.5749562978744507,-0.1727284938097,0.9993656873703003,0.4731861650943756,0.57647305727005,0.17269887030124664,0.9968612790107727,0.4674091935157776,0.6635609865188599,-0.13023339211940765,0.9543059468269348,0.4659912586212158,0.6607203483581543,0.2278989553451538,0.2549804151058197,0.49833944439888,0.7525347471237183,-0.04773227870464325,0.9715567827224731,0.48814070224761963,0.7434810400009155,0.3273521661758423,0.4269295334815979,0.5220819711685181,0.7686341404914856,-0.045200102031230927,0.9502649307250977,0.5090537071228027,0.7609573602676392,0.3316744863986969,0.5588895678520203,0.4231633245944977,0.7761319279670715,-0.1550295352935791,0.9679285287857056,0.4223633110523224,0.7676466703414917,0.256142795085907,0.6775641441345215
IMG_9576 5,3,99,bad,0.39732348918914795,0.4113161265850067,-0.08456285297870636,0.9996690154075623,0.4050580561161041,0.4028555154800415,-0.11700616031885147,0.9996434450149536,0.40728023648262024,0.402679443359375,-0.11705688387155533,0.9997219443321228,0.40962204337120056,0.4024772346019745,-0.11708687990903854,0.9997710585594177,0.404805451631546,0.402942955493927,-0.06222750246524811,0.999501645565033,0.4067092537879944,0.40284833312034607,-0.062163691967725754,0.9994587302207947,0.40879330039024353,0.4026636481285095,-0.06218291446566582,0.9994917511940002,0.42923927307128906,0.4064592123031616,-0.19909869134426117,0.9998382329940796,0.4285087287425995,0.40572312474250793,0.043210308998823166,0.9991591572761536,0.40472015738487244,0.4188438057899475,-0.11090106517076492,0.9997702836990356,0.4040864408016205,0.4192100763320923,-0.040381159633398056,0.9995642304420471,0.45091956853866577,0.4449780285358429,-0.3490297794342041,0.9999973773956299,0.4570828974246979,0.45237278938293457,0.22059448063373566,0.9992930293083191,0.46701809763908386,0.5055181980133057,-0.43011167645454407,0.9986991882324219,0.4690580666065216,0.5129396915435791,0.2882320284843445,0.06420809775590897,0.45213696360588074,0.5653998255729675,-0.41838330030441284,0.9964116215705872,0.45482903718948364,0.5655151605606079,0.19706498086452484,0.1059461385011673,0.45219412446022034,0.582702100276947,-0.4775436818599701,0.9914095401763916,0.45281922817230225,0.57984459400177,0.2043020874261856,0.1119411513209343,0.44526398181915283,0.5825210809707642,-0.45810070633888245,0.9905133247375488,0.4466719627380371,0.5821617245674133,0.147835835814476,0.11530900001525879,0.44458770751953125,0.5774975419044495,-0.4084780514240265,0.9811897277832031,0.4506961405277252,0.5762660503387451,0.170646071434021,0.1201358363032341,0.46582159399986267,0.5749590992927551,-0.17392583191394806,0.9993481636047363,0.4728512763977051,0.5761332511901855,0.17391355335712433,0.9967948794364929,0.46652883291244507,0.6631667613983154,-0.12993158400058746,0.9556282162666321,0.46623000502586365,0.6605215668678284,0.23549379408359528,0.2565963864326477,0.49761900305747986,0.7527084946632385,-0.04672953858971596,0.9723122715950012,0.4898843765258789,0.7435732483863831,0.3358718454837799,0.43074601888656616,0.5214762091636658,0.7701452970504761,-0.04434708505868912,0.9523547291755676,0.5107020139694214,0.760416567325592,0.3402066230773926,0.561424732208252,0.42250972986221313,0.7763119339942932,-0.1574403941631317,0.9685031771659851,0.42309269309043884,0.7673107981681824,0.26434996724128723,0.6786035895347595
IMG_9576 5,4,132,bad,0.3973231613636017,0.4111723005771637,-0.08459942787885666,0.9996551275253296,0.40508517622947693,0.40277910232543945,-0.11677677184343338,0.999626874923706,0.40731868147850037,0.40261057019233704,-0.1168290376663208,0.9997101426124573,0.4096880853176117,0.40240761637687683,-0.11685959249734879,0.9997604489326477,0.4048077464103699,0.4028671085834503,-0.06231803074479103,0.9994791746139526,0.40670934319496155,0.40277671813964844,-0.06225704774260521,0.9994372725486755,0.4087904095649719,0.40258166193962097,-0.062281835824251175,0.9994684457778931,0.4292844533920288,0.4063195586204529,-0.19875584542751312,0.9998276233673096,0.4284379482269287,0.40548208355903625,0.04261074587702751,0.9991028308868408,0.40500274300575256,0.4187659025192261,-0.11069545149803162,0.999754011631012,0.4042123556137085,0.419134259223938,-0.04066373407840729,0.9995324015617371,0.45095905661582947,0.4445982277393341,-0.3478643596172333,0.9999971389770508,0.4567939043045044,0.4523647129535675,0.21982896327972412,0.9992558360099792,0.4671548008918762,0.5048582553863525,-0.42978423833847046,0.9986947178840637,0.4689220190048218,0.5129386186599731,0.2874945104122162,0.06288263946771622,0.4520857334136963,0.5653667449951172,-0.4199047088623047,0.9964832663536072,0.4550875127315521,0.5663416385650635,0.1952527016401291,0.10601885616779327,0.45181670784950256,0.5828557014465332,-0.47841620445251465,0.9915647506713867,0.4535089135169983,0.5812558531761169,0.20169863104820251,0.11300334334373474,0.4449969232082367,0.5825399160385132,-0.46137136220932007,0.9906835556030273,0.44709011912345886,0.5837671160697937,0.1449095904827118,0.11630181223154068,0.4444838762283325,0.5774471163749695,-0.411026269197464,0.9815247654914856,0.4504159092903137,0.5775960683822632,0.16869127750396729,0.12099068611860275,0.4654926657676697,0.5745267271995544,-0.1738998293876648,0.9993022680282593,0.4714435338973999,0.5755777359008789,0.17389176785945892,0.9966883659362793,0.4668474495410919,0.6630715131759644,-0.12866264581680298,0.95680171251297,0.4673747718334198,0.6605328321456909,0.2353563755750656,0.2592642605304718,0.49509668350219727,0.7526519298553467,-0.04384993761777878,0.9727944135665894,0.49182620644569397,0.7438324689865112,0.3349825441837311,0.4352988600730896,0.5201190114021301,0.7701991200447083,-0.04138655588030815,0.9537772536277771,0.51316899061203,0.7604077458381653,0.3391033709049225,0.5631664395332336,0.4221062958240509,0.7763717770576477,-0.156746044754982,0.9687743186950684,0.42401060461997986,0.7671588063240051,0.26406729221343994,0.6789290308952332
IMG_9576 5,5,165,bad,0.3971075117588043,0.4110468327999115,-0.10786155611276627,0.9996272325515747,0.40506628155708313,0.40268027782440186,-0.140093132853508,0.9996006488800049,0.4073074460029602,0.4025202691555023,-0.14015021920204163,0.999692976474762,0.40968719124794006,0.4023202061653137,-0.1401968002319336,0.9997448921203613,0.40477827191352844,0.402773916721344,-0.08440277725458145,0.9994390606880188,0.40667933225631714,0.4026908874511719,-0.08433898538351059,0.9994000196456909,0.40876278281211853,0.40249553322792053,-0.08435488492250443,0.9994235038757324,0.42928531765937805,0.4062575101852417,-0.22120891511440277,0.9998142719268799,0.42838239669799805,0.4053901433944702,0.025600416585803032,0.9990150332450867,0.40499740839004517,0.4187238812446594,-0.13392160832881927,0.9997318387031555,0.40418338775634766,0.41909709572792053,-0.06232625991106033,0.9994844198226929,0.45097261667251587,0.44465556740760803,-0.3684804439544678,0.9999968409538269,0.45677298307418823,0.4524129629135132,0.20846451818943024,0.9992002248764038,0.4674246311187744,0.504916787147522,-0.44240814447402954,0.9986775517463684,0.4690559506416321,0.5129168629646301,0.28527286648750305,0.06092103570699692,0.4518865644931793,0.565329372882843,-0.42098504304885864,0.9964362978935242,0.4550204277038574,0.5653151869773865,0.1897576004266739,0.10471562296152115,0.45103195309638977,0.5828973054885864,-0.47965651750564575,0.9914295077323914,0.4535844922065735,0.5811065435409546,0.19522219896316528,0.11283085495233536,0.44443485140800476,0.582554280757904,-0.463676393032074,0.9905406832695007,0.44710296392440796,0.5825095772743225,0.13806802034378052,0.11600922048091888,0.4441336989402771,0.577241837978363,-0.4124529957771301,0.9812942743301392,0.4501687288284302,0.5772186517715454,0.16286860406398773,0.12041902542114258,0.4654732346534729,0.5756176710128784,-0.17509888112545013,0.9992762804031372,0.4695698320865631,0.5762593746185303,0.1751021444797516,0.9966120719909668,0.4672047793865204,0.6635695695877075,-0.10692735761404037,0.958076000213623,0.46683719754219055,0.6608067154884338,0.26117825508117676,0.2652589976787567,0.4952233135700226,0.7517536878585815,0.006614536978304386,0.9735547304153442,0.4916871190071106,0.7433561682701111,0.3892956078052521,0.44299232959747314,0.5198450684547424,0.769775390625,0.012098383158445358,0.9556882977485657,0.5128742456436157,0.7589314579963684,0.39663615822792053,0.5674104690551758,0.4218927025794983,0.7765936851501465,-0.10052003711462021,0.9693922996520996,0.4238704741001129,0.7670413851737976,0.321986585855484,0.6830855011940002
IMG_9576 5,6,199,bad,0.3968072235584259,0.4108957052230835,-0.10965826362371445,0.9996196031570435,0.404973566532135,0.4025192856788635,-0.14194244146347046,0.9995887279510498,0.40721994638442993,0.4023880064487457,-0.14199461042881012,0.9996845126152039,0.40962356328964233,0.402221143245697,-0.1420278400182724,0.9997365474700928,0.4046240746974945,0.4026015102863312,-0.08720012754201889,0.9994257688522339,0.40648698806762695,0.40253838896751404,-0.08713902533054352,0.9993875026702881,0.4085567593574524,0.40236884355545044,-0.08716298639774323,0.9994063973426819,0.4291171729564667,0.40622612833976746,-0.2208625078201294,0.9998043179512024,0.4280601739883423,0.40532127022743225,0.021783558651804924,0.9989709258079529,0.40493154525756836,0.4186989367008209,-0.13453033566474915,0.999719500541687,0.4040217995643616,0.4190516769886017,-0.06414112448692322,0.9994634985923767,0.4509996771812439,0.4443778991699219,-0.3656753599643707,0.9999966621398926,0.4569062888622284,0.45207175612449646,0.20321349799633026,0.9991881847381592,0.4674752354621887,0.5049357414245605,-0.4412288963794708,0.9986429810523987,0.4690210223197937,0.5125628709793091,0.27868223190307617,0.06001277267932892,0.45165595412254333,0.5651123523712158,-0.41731035709381104,0.9963875412940979,0.45506730675697327,0.5646622180938721,0.18257451057434082,0.10503076761960983,0.44990020990371704,0.5825636386871338,-0.47627025842666626,0.9912955164909363,0.45367786288261414,0.579642117023468,0.18743456900119781,0.11404545605182648,0.4439851939678192,0.5819079279899597,-0.4608874022960663,0.9903973340988159,0.44710880517959595,0.5812646746635437,0.13072407245635986,0.11713201552629471,0.44394391775131226,0.576918363571167,-0.408858060836792,0.9810522794723511,0.45062220096588135,0.5752324461936951,0.15597283840179443,0.12136521190404892,0.4658539295196533,0.5756664872169495,-0.17502880096435547,0.9992596507072449,0.4703775942325592,0.5762542486190796,0.17502550780773163,0.9966031312942505,0.4682989716529846,0.6639989018440247,-0.08822199702262878,0.9597300291061401,0.4677283465862274,0.6613260507583618,0.26403212547302246,0.2753838300704956,0.4932979941368103,0.7518779039382935,0.028264924883842468,0.974677324295044,0.4916110038757324,0.743716835975647,0.39606308937072754,0.45779624581336975,0.5174834728240967,0.7700226902961731,0.03376949951052666,0.9578561186790466,0.5125417709350586,0.7590257525444031,0.4038126766681671,0.5754164457321167,0.42173731327056885,0.7769806385040283,-0.0784246027469635,0.9704993367195129,0.42416658997535706,0.7672522068023682,0.3273862898349762,0.6920848488807678
IMG_9576 5,7,232,bad,0.39634940028190613,0.4104686677455902,-0.10890065878629684,0.9996160268783569,0.4046929180622101,0.40216800570487976,-0.14098753035068512,0.9995853304862976,0.40697598457336426,0.40205803513526917,-0.1410401314496994,0.9996825456619263,0.40939685702323914,0.4019215404987335,-0.14107736945152283,0.9997346997261047,0.4042524993419647,0.402253657579422,-0.08636549115180969,0.999423086643219,0.4060724377632141,0.40221667289733887,-0.08630571514368057,0.9993870854377747,0.408086895942688,0.40208154916763306,-0.08633589744567871,0.9994032979011536,0.42880457639694214,0.4059940278530121,-0.22023805975914001,0.9998025298118591,0.4273824989795685,0.4051052927970886,0.021557552739977837,0.9989553689956665,0.4045047163963318,0.41832858324050903,-0.1340230256319046,0.999716579914093,0.40345367789268494,0.41862598061561584,-0.0638677179813385,0.9994550943374634,0.45100101828575134,0.4442637860774994,-0.3665180802345276,0.9999966025352478,0.4568222761154175,0.45189163088798523,0.20367322862148285,0.9991680383682251,0.46890947222709656,0.5054789781570435,-0.4403805136680603,0.9986505508422852,0.46920639276504517,0.5134444832801819,0.2779626250267029,0.05867058411240578,0.4514991343021393,0.5655378103256226,-0.4151684045791626,0.9964274764060974,0.45500826835632324,0.564677894115448,0.1816125065088272,0.10416226089000702,0.44942596554756165,0.5829619765281677,-0.4737290143966675,0.9913634061813354,0.4509650468826294,0.5791506767272949,0.1871635764837265,0.11375138908624649,0.4435611963272095,0.5820701718330383,-0.4591026306152344,0.9904739260673523,0.44708889722824097,0.58123779296875,0.13105131685733795,0.11670790612697601,0.4436742663383484,0.5769262313842773,-0.4067135453224182,0.9811868667602539,0.4492015242576599,0.5750681757926941,0.15521928668022156,0.12073585391044617,0.4661518633365631,0.575622022151947,-0.17504191398620605,0.999245285987854,0.47130781412124634,0.5761740803718567,0.17503973841667175,0.9965500831604004,0.4685291349887848,0.6639758944511414,-0.09631342440843582,0.9604686498641968,0.4682973027229309,0.6613240242004395,0.2593414783477783,0.27634739875793457,0.4933898448944092,0.753050684928894,0.017171045765280724,0.9750091433525085,0.49240636825561523,0.7446390390396118,0.3916201591491699,0.46143031120300293,0.5175530314445496,0.7713167071342468,0.022242316976189613,0.959048330783844,0.5133476257324219,0.760195255279541,0.39755359292030334,0.5781068801879883,0.4216535985469818,0.7772853970527649,-0.08247096091508865,0.9707275032997131,0.4241698980331421,0.7672634720802307,0.3161963224411011,0.6933476328849792
IMG_9576 5,8,265,bad,0.3963495194911957,0.41054829955101013,-0.11062728613615036,0.9996123909950256,0.40469279885292053,0.40221360325813293,-0.14319278299808502,0.9995824694633484,0.4069766104221344,0.402092307806015,-0.14323200285434723,0.9996810555458069,0.40939584374427795,0.4019439220428467,-0.14326532185077667,0.9997331500053406,0.4042503833770752,0.4023069739341736,-0.08820290118455887,0.9994196891784668,0.40606772899627686,0.40226075053215027,-0.08814296126365662,0.9993855953216553,0.4080686569213867,0.40211182832717896,-0.08816839754581451,0.9993994832038879,0.4288225471973419,0.40598297119140625,-0.22351117432117462,0.9997997879981995,0.42736801505088806,0.4050968289375305,0.019772885367274284,0.998935878276825,0.40455707907676697,0.4183605909347534,-0.1360260546207428,0.9997112154960632,0.40350061655044556,0.4186703860759735,-0.06544908136129379,0.9994442462921143,0.4513949751853943,0.44427260756492615,-0.368880957365036,0.9999964833259583,0.4568341374397278,0.4518905580043793,0.20351316034793854,0.9991483092308044,0.4696977436542511,0.5056403279304504,-0.4399464428424835,0.9986582398414612,0.4692133665084839,0.5134234428405762,0.2784333825111389,0.057963885366916656,0.45154356956481934,0.5656338334083557,-0.4144745469093323,0.9964427351951599,0.45526668429374695,0.5643522143363953,0.18179772794246674,0.10423756390810013,0.44952619075775146,0.583059549331665,-0.4730839431285858,0.9913684725761414,0.45064929127693176,0.5782279968261719,0.18753616511821747,0.11448069661855698,0.4437922537326813,0.5821014046669006,-0.45818033814430237,0.990479052066803,0.44719040393829346,0.579001784324646,0.13164710998535156,0.11736301332712173,0.44384095072746277,0.5769378542900085,-0.4058934152126312,0.9812011122703552,0.449171781539917,0.5745123028755188,0.1555362045764923,0.12109168618917465,0.4659598767757416,0.5754340887069702,-0.175192192196846,0.999233067035675,0.4714946746826172,0.5760554671287537,0.17519351840019226,0.9965196847915649,0.4684481918811798,0.6638247966766357,-0.09787190705537796,0.9614884853363037,0.4704386591911316,0.6612997651100159,0.25501731038093567,0.2808326482772827,0.49151644110679626,0.7535380125045776,0.012988641858100891,0.9756339192390442,0.49188876152038574,0.7451062798500061,0.3785457909107208,0.46779143810272217,0.5168893337249756,0.771814227104187,0.01637686789035797,0.9605676531791687,0.5122410655021667,0.7604680061340332,0.3836052119731903,0.5807972550392151,0.4209462106227875,0.7778950929641724,-0.10286953300237656,0.9712616205215454,0.42412593960762024,0.7676818370819092,0.2997637987136841,0.6968387961387634
IMG_9576 5,9,298,bad,0.3963277041912079,0.4107445478439331,-0.1098375916481018,0.9995805025100708,0.4046849012374878,0.4023602306842804,-0.1421312689781189,0.9995543956756592,0.4069713354110718,0.4022277295589447,-0.14217352867126465,0.9996597766876221,0.40939605236053467,0.4020567238330841,-0.14220762252807617,0.9997142553329468,0.4042148292064667,0.4024612307548523,-0.0875428095459938,0.9993829727172852,0.4060204327106476,0.40240851044654846,-0.08748767524957657,0.9993512630462646,0.40802517533302307,0.4022393822669983,-0.08752179890871048,0.9993656873703003,0.4288652241230011,0.40599432587623596,-0.22203291952610016,0.9997832775115967,0.4273689091205597,0.40512004494667053,0.01954011060297489,0.9988810420036316,0.4046177864074707,0.41851118206977844,-0.13515229523181915,0.9996864199638367,0.40351977944374084,0.4188362658023834,-0.06505648046731949,0.9994029998779297,0.4526883363723755,0.4444168210029602,-0.36731845140457153,0.9999959468841553,0.45683184266090393,0.45210355520248413,0.20019982755184174,0.9991204142570496,0.47033506631851196,0.5057038068771362,-0.4397212266921997,0.998555600643158,0.46648699045181274,0.5134193301200867,0.2733234465122223,0.05771193280816078,0.454122930765152,0.5658287405967712,-0.4150812327861786,0.9961177110671997,0.45522889494895935,0.564358651638031,0.17708227038383484,0.10386727750301361,0.45328959822654724,0.5832866430282593,-0.47350984811782837,0.990673303604126,0.4500296115875244,0.579490065574646,0.18308578431606293,0.11461815983057022,0.4470115005970001,0.5822859406471252,-0.45889848470687866,0.9897193908691406,0.44721168279647827,0.5791499614715576,0.12714216113090515,0.11741071939468384,0.44676390290260315,0.5769743919372559,-0.40685316920280457,0.9799227714538574,0.4490845203399658,0.5751592516899109,0.15090547502040863,0.12102489173412323,0.4659741520881653,0.5758674144744873,-0.1750939041376114,0.9991665482521057,0.47147831320762634,0.5764480829238892,0.17510133981704712,0.9963081479072571,0.4684692621231079,0.6637837886810303,-0.09888794273138046,0.9614688158035278,0.4702901542186737,0.6614956855773926,0.2544446289539337,0.28221994638442993,0.4916990399360657,0.753838062286377,0.00442101713269949,0.9755058884620667,0.49179816246032715,0.7451810240745544,0.37696513533592224,0.46674811840057373,0.5169703960418701,0.7717692255973816,0.006918835919350386,0.9613946676254272,0.5120745897293091,0.7605624198913574,0.3813195824623108,0.5799570083618164,0.4203038513660431,0.7781504988670349,-0.11383158713579178,0.9708694815635681,0.4234967827796936,0.7676831483840942,0.29670533537864685,0.6945986151695251
IMG_9576 5,10,331,bad,0.3961297869682312,0.4107659161090851,-0.133509561419487,0.9995606541633606,0.40462562441825867,0.40236565470695496,-0.1661250740289688,0.9995352625846863,0.4069150388240814,0.40223437547683716,-0.1661568582057953,0.999647855758667,0.4093587100505829,0.40206220746040344,-0.16618289053440094,0.9997033476829529,0.4041162431240082,0.40246158838272095,-0.11105633527040482,0.99934983253479,0.405916690826416,0.40240684151649475,-0.11100687831640244,0.9993188381195068,0.4079458713531494,0.4022316336631775,-0.1110510602593422,0.9993267059326172,0.42886513471603394,0.40599432587623596,-0.24454829096794128,0.9997720718383789,0.42730799317359924,0.40510010719299316,-0.0008193469839170575,0.9988004565238953,0.4046088457107544,0.4185180366039276,-0.15799540281295776,0.9996708631515503,0.4034688174724579,0.4188382923603058,-0.08727385103702545,0.9993663430213928,0.45393556356430054,0.44454821944236755,-0.3821439743041992,0.9999958872795105,0.45537328720092773,0.4521631896495819,0.18269526958465576,0.9990924000740051,0.4714208245277405,0.5060080289840698,-0.4567347466945648,0.9985341429710388,0.4578303098678589,0.5134077668190002,0.2615545392036438,0.05857076495885849,0.45583873987197876,0.5664008855819702,-0.44993889331817627,0.9961065649986267,0.44464191794395447,0.5636406540870667,0.1675427407026291,0.10695897042751312,0.45656251907348633,0.5833609700202942,-0.5107333660125732,0.9906300902366638,0.44362974166870117,0.5774970650672913,0.17299258708953857,0.11805257201194763,0.44999122619628906,0.582299530506134,-0.49975648522377014,0.9896833896636963,0.4403316378593445,0.5779011249542236,0.11668854206800461,0.12088345736265182,0.4490357041358948,0.5769832730293274,-0.4434554874897003,0.9798575043678284,0.4441470503807068,0.5727239847183228,0.14125284552574158,0.12427850067615509,0.46599629521369934,0.5774483680725098,-0.17523252964019775,0.999164879322052,0.46908390522003174,0.5767382979393005,0.17523476481437683,0.9962948560714722,0.4677923619747162,0.6639660596847534,-0.10171591490507126,0.9626237154006958,0.4702647030353546,0.6617507338523865,0.2658710479736328,0.2903382182121277,0.49178561568260193,0.7540931105613708,0.0012057224521413445,0.9764810800552368,0.4909305274486542,0.7459611892700195,0.3966759741306305,0.4779769480228424,0.5169671177864075,0.772726833820343,0.0047060404904186726,0.9632057547569275,0.5119786858558655,0.7614614367485046,0.4038694500923157,0.5871282815933228,0.41927066445350647,0.7795659303665161,-0.11481281369924545,0.9718866944313049,0.42245998978614807,0.7690389156341553,0.327235609292984,0.7026782631874084
IMG_9576 5,11,364,bad,0.3960590064525604,0.4107833206653595,-0.11955738812685013,0.999512791633606,0.40454772114753723,0.40236562490463257,-0.1533789038658142,0.9994819760322571,0.40682563185691833,0.4022347629070282,-0.15343506634235382,0.9996110200881958,0.40928301215171814,0.40206265449523926,-0.1534610092639923,0.9996745586395264,0.4039837419986725,0.4024459719657898,-0.09679549932479858,0.9992496371269226,0.40575578808784485,0.40237724781036377,-0.09673090279102325,0.9992036819458008,0.4077954590320587,0.4021856486797333,-0.09678491204977036,0.9992000460624695,0.4287606179714203,0.40597814321517944,-0.23539312183856964,0.9997456669807434,0.42720827460289,0.4050613045692444,0.014698261395096779,0.9985397458076477,0.40462547540664673,0.41853681206703186,-0.14454934000968933,0.9996371865272522,0.4034698009490967,0.4188426434993744,-0.07207290083169937,0.9992706179618835,0.45397868752479553,0.444705605506897,-0.37707605957984924,0.999995768070221,0.45525744557380676,0.45188257098197937,0.20401416718959808,0.9990177154541016,0.472421795129776,0.5060287714004517,-0.4549378752708435,0.9985223412513733,0.4455961287021637,0.5113304853439331,0.29387372732162476,0.05859900265932083,0.45716455578804016,0.5665284991264343,-0.444513738155365,0.9961842894554138,0.41079258918762207,0.5541350245475769,0.2020774632692337,0.11148068308830261,0.45745375752449036,0.5833646655082703,-0.5052063465118408,0.9908000826835632,0.4009743332862854,0.5640064477920532,0.20686596632003784,0.12318185716867447,0.4500531852245331,0.5815479159355164,-0.49192312359809875,0.989881694316864,0.39541831612586975,0.5645275115966797,0.15151092410087585,0.1264318823814392,0.44944044947624207,0.5768742561340332,-0.4371715486049652,0.9802452921867371,0.39998167753219604,0.561468243598938,0.17496848106384277,0.12990593910217285,0.4661255180835724,0.5776788592338562,-0.17518533766269684,0.9991446137428284,0.4689544439315796,0.5766449570655823,0.17518214881420135,0.9962500929832458,0.46747496724128723,0.6644722819328308,-0.08150194585323334,0.9630900621414185,0.4702322483062744,0.6618249416351318,0.2667151987552643,0.299285888671875,0.4908623695373535,0.7540854215621948,0.04161028936505318,0.9769823551177979,0.4908788502216339,0.7459253668785095,0.4037454426288605,0.48973873257637024,0.516240119934082,0.772776186466217,0.04809209704399109,0.9642006754875183,0.5119237303733826,0.7613146305084229,0.41224607825279236,0.5948981642723083,0.4186970889568329,0.7795917987823486,-0.06541711091995239,0.9724219441413879,0.42254310846328735,0.7690394520759583,0.336904913187027,0.7098990082740784
IMG_9576 5,12,398,bad,0.3960038423538208,0.41050225496292114,-0.08955183625221252,0.9994303584098816,0.4045094847679138,0.40214842557907104,-0.12281657755374908,0.999403178691864,0.40677642822265625,0.4020598232746124,-0.12287117540836334,0.9995566010475159,0.4092360734939575,0.40193286538124084,-0.12288503348827362,0.9996352195739746,0.4039473235607147,0.4021166265010834,-0.06762075424194336,0.9990625977516174,0.40571895241737366,0.40202265977859497,-0.06756702065467834,0.9989757537841797,0.40777429938316345,0.40182849764823914,-0.0676238015294075,0.998942494392395,0.4286252558231354,0.4058683514595032,-0.2056557834148407,0.9997115135192871,0.42716512084007263,0.404834121465683,0.036513686180114746,0.9980719685554504,0.40461426973342896,0.4183565080165863,-0.11532267183065414,0.9995929598808289,0.4034563899040222,0.41856202483177185,-0.045104291290044785,0.9990993738174438,0.4540860950946808,0.44484540820121765,-0.35398876667022705,0.9999956488609314,0.45505937933921814,0.45147302746772766,0.23469768464565277,0.9988418221473694,0.47396302223205566,0.5062928199768066,-0.4513925015926361,0.9984854459762573,0.4222792983055115,0.4996309280395508,0.396739661693573,0.0600389689207077,0.4581548273563385,0.5665408372879028,-0.458540141582489,0.9963359832763672,0.33227774500846863,0.5113739371299744,0.3972310721874237,0.1260489970445633,0.4596567749977112,0.5833698511123657,-0.5124707221984863,0.9911636710166931,0.3179413378238678,0.5091155171394348,0.4195736348628998,0.13907667994499207,0.4519467353820801,0.5815693140029907,-0.5096789598464966,0.9902857542037964,0.31609368324279785,0.5080568790435791,0.3688117563724518,0.1438060700893402,0.4506555497646332,0.5766623020172119,-0.45485952496528625,0.9810107946395874,0.32256561517715454,0.5095468759536743,0.3731420040130615,0.1482718139886856,0.466099351644516,0.5776394605636597,-0.1740257740020752,0.9990975260734558,0.4685404598712921,0.5761717557907104,0.1739823818206787,0.9960466027259827,0.46492692828178406,0.6643679141998291,-0.08691861480474472,0.9604954719543457,0.4696609377861023,0.6615358591079712,0.2566043734550476,0.3031618595123291,0.49075815081596375,0.7539827227592468,0.02702486142516136,0.9755362272262573,0.4904190003871918,0.745913028717041,0.39984753727912903,0.48920875787734985,0.515958845615387,0.77247154712677,0.03273356333374977,0.962871789932251,0.5115718841552734,0.7609061002731323,0.40371403098106384,0.5922046303749084,0.41871142387390137,0.7795552015304565,-0.0799669548869133,0.9708652496337891,0.4223563075065613,0.7690336108207703,0.32573267817497253,0.7063999176025391
IMG_9576 5,13,431,bad,0.3959895968437195,0.4102630019187927,-0.04136475920677185,0.9993661046028137,0.40449878573417664,0.4019670784473419,-0.0717768743634224,0.999355673789978,0.406756728887558,0.4019034504890442,-0.07183852046728134,0.9995267391204834,0.40921327471733093,0.4018077850341797,-0.07184804230928421,0.9996123909950256,0.4039439558982849,0.40185263752937317,-0.019203439354896545,0.9989243745803833,0.40571725368499756,0.40173524618148804,-0.01916665956377983,0.9988175630569458,0.4077831208705902,0.4015389680862427,-0.019205674529075623,0.9987741112709045,0.42856061458587646,0.4057570993900299,-0.15186789631843567,0.9996978044509888,0.42715221643447876,0.40467292070388794,0.07789754867553711,0.9978621602058411,0.40461266040802,0.4181998670101166,-0.06738298386335373,0.9995635747909546,0.40346431732177734,0.41835838556289673,-0.0005405134288594127,0.9989588260650635,0.4550239145755768,0.44492167234420776,-0.3100278377532959,0.9999955892562866,0.45458105206489563,0.45123231410980225,0.27334097027778625,0.998620331287384,0.4761302173137665,0.5062708258628845,-0.43299999833106995,0.9984880685806274,0.4133024215698242,0.4987289309501648,0.46348050236701965,0.06723212450742722,0.4599568545818329,0.5665229558944702,-0.46547406911849976,0.9965503811836243,0.3190147578716278,0.49088022112846375,0.5086637139320374,0.1563667505979538,0.46056050062179565,0.5835278630256653,-0.5138486623764038,0.9916462898254395,0.2972439229488373,0.48849380016326904,0.5414987802505493,0.16836124658584595,0.4524954557418823,0.5818428993225098,-0.5134167671203613,0.9908185601234436,0.2954917550086975,0.48673444986343384,0.49822941422462463,0.17448221147060394,0.4514763057231903,0.5767092704772949,-0.4625404179096222,0.9820250868797302,0.3037486970424652,0.48750242590904236,0.48903682827949524,0.1795421540737152,0.4661392867565155,0.5769851207733154,-0.17308154702186584,0.9990593791007996,0.4685521125793457,0.5750195384025574,0.17302271723747253,0.9959490299224854,0.46155521273612976,0.663894772529602,-0.12573203444480896,0.9565156102180481,0.46890297532081604,0.661078691482544,0.20932407677173615,0.3012372553348541,0.4908525347709656,0.7538784742355347,-0.04457627981901169,0.9715682864189148,0.48920196294784546,0.7459149360656738,0.29278165102005005,0.4760591685771942,0.5161622166633606,0.7721511721611023,-0.04111659899353981,0.9601095914840698,0.5115340948104858,0.7609071135520935,0.2955111265182495,0.579472005367279,0.4185637831687927,0.7794674038887024,-0.1416388750076294,0.9667545557022095,0.421796977519989,0.7688388228416443,0.22118684649467468,0.6890508532524109
IMG_9576 5,14,464,bad,0.3965504765510559,0.41021761298179626,-0.011043079197406769,0.9993478655815125,0.4049304127693176,0.4018886983394623,-0.04041535034775734,0.999352216720581,0.4071582853794098,0.4018149673938751,-0.040468811988830566,0.9995261430740356,0.4096098244190216,0.401706725358963,-0.040466196835041046,0.9996131062507629,0.40449434518814087,0.40178972482681274,0.011230803094804287,0.9988697171211243,0.40629124641418457,0.4016680419445038,0.011259154416620731,0.9987530708312988,0.4083750247955322,0.40146175026893616,0.01124671008437872,0.9987102746963501,0.42915087938308716,0.4055575728416443,-0.12055794149637222,0.999699592590332,0.4279288351535797,0.4045216143131256,0.10485304892063141,0.9977954626083374,0.4051358997821808,0.41814911365509033,-0.037443459033966064,0.9995424151420593,0.40413740277290344,0.4183231294155121,0.028210880234837532,0.9988471865653992,0.45545095205307007,0.4449962079524994,-0.27910369634628296,0.9999954700469971,0.4545794427394867,0.45119255781173706,0.2930527925491333,0.9983526468276978,0.4761095941066742,0.5062580704689026,-0.4115931987762451,0.9984598159790039,0.4068915843963623,0.4960181415081024,0.47579994797706604,0.08464868366718292,0.4611162543296814,0.566362738609314,-0.45921605825424194,0.9967193603515625,0.3171476423740387,0.47769930958747864,0.528899073600769,0.19499491155147552,0.4617076516151428,0.5833652019500732,-0.5124618411064148,0.9920149445533752,0.29306110739707947,0.4755215346813202,0.5624703168869019,0.20106643438339233,0.45346012711524963,0.5818275809288025,-0.5063085556030273,0.9912301301956177,0.29072144627571106,0.4738624691963196,0.5259029865264893,0.2078879028558731,0.45242372155189514,0.5765421986579895,-0.45672428607940674,0.9828250408172607,0.29980528354644775,0.4744545519351959,0.5117645859718323,0.21356932818889618,0.4658445715904236,0.5761486291885376,-0.17265279591083527,0.9990479350090027,0.4681738615036011,0.5741481184959412,0.1725962609052658,0.9960011839866638,0.46105360984802246,0.6629985570907593,-0.1675858199596405,0.9559277892112732,0.46884605288505554,0.6609364748001099,0.1768176257610321,0.30989256501197815,0.49092045426368713,0.7531127333641052,-0.11476501822471619,0.9700236916542053,0.4876529276371002,0.7467519044876099,0.22071756422519684,0.47455891966819763,0.5159019231796265,0.7701357007026672,-0.11392182111740112,0.9592342376708984,0.5112728476524353,0.7622640132904053,0.21962806582450867,0.5745015144348145,0.4185657501220703,0.7794544696807861,-0.21331524848937988,0.9654191136360168,0.42134106159210205,0.7693771123886108,0.14780862629413605,0.6836017966270447
IMG_9576 5,15,497,bad,0.396767258644104,0.41022345423698425,-0.013895764946937561,0.9993715286254883,0.4052169620990753,0.40188658237457275,-0.041539911180734634,0.9993838667869568,0.40742453932762146,0.40180936455726624,-0.04160979762673378,0.9995505809783936,0.40989950299263,0.40169429779052734,-0.0416165366768837,0.9996329545974731,0.40471526980400085,0.4017907381057739,0.009327234700322151,0.9988969564437866,0.40646716952323914,0.40166935324668884,0.009354113601148129,0.9987787008285522,0.408540278673172,0.40146246552467346,0.009361106902360916,0.9987359642982483,0.4295988380908966,0.40547654032707214,-0.11755046993494034,0.9997169971466064,0.42803919315338135,0.40449824929237366,0.10498935729265213,0.9978784322738647,0.4054635465145111,0.4181486964225769,-0.039169978350400925,0.9995583295822144,0.40434443950653076,0.4183253049850464,0.025735942646861076,0.9988551139831543,0.45961853861808777,0.4449913203716278,-0.2740429639816284,0.9999955296516418,0.45005080103874207,0.4513673186302185,0.29233604669570923,0.998244047164917,0.4800909459590912,0.5049318671226501,-0.4141702353954315,0.9985071420669556,0.3933466076850891,0.48975104093551636,0.48166024684906006,0.11865444481372833,0.4623159170150757,0.5662122964859009,-0.49194708466529846,0.9969528913497925,0.30295389890670776,0.4675682485103607,0.5275944471359253,0.25375258922576904,0.46437951922416687,0.5833924412727356,-0.5381091833114624,0.9925400018692017,0.27513206005096436,0.4648318886756897,0.5605350732803345,0.2537553906440735,0.45346948504447937,0.581836462020874,-0.5411903262138367,0.9918131232261658,0.2742385268211365,0.4621395468711853,0.5227082371711731,0.2612030804157257,0.45244699716567993,0.5765462517738342,-0.4908723533153534,0.9839452505111694,0.2810627222061157,0.4629914164543152,0.5099936127662659,0.26643288135528564,0.46572887897491455,0.5760998129844666,-0.17199468612670898,0.999055027961731,0.46314799785614014,0.5741727352142334,0.1719338297843933,0.9961548447608948,0.4606615900993347,0.6628071665763855,-0.17001889646053314,0.9548143148422241,0.46737930178642273,0.6610861420631409,0.17336849868297577,0.31663352251052856,0.4924445152282715,0.7527021765708923,-0.10796032845973969,0.9680080413818359,0.48765337467193604,0.7476605176925659,0.22423090040683746,0.4713279902935028,0.5160811543464661,0.768837034702301,-0.10568275302648544,0.9591498374938965,0.5112500786781311,0.7631229758262634,0.224031463265419,0.5701082348823547,0.4199067950248718,0.7785380482673645,-0.20267577469348907,0.9637772440910339,0.4215761721134186,0.770156741142273,0.14979438483715057,0.6759234666824341
IMG_9576 5,16,530,bad,0.3969648778438568,0.40965497493743896,-0.025997310876846313,0.9993910193443298,0.40570029616355896,0.4015755355358124,-0.053085193037986755,0.9994159936904907,0.40794244408607483,0.4015175998210907,-0.05316770821809769,0.9995754361152649,0.41049203276634216,0.40140578150749207,-0.05319686606526375,0.9996538758277893,0.40497100353240967,0.4014361500740051,-0.002941406797617674,0.9989303946495056,0.40661996603012085,0.4013165235519409,-0.002912388416007161,0.9988129734992981,0.4086282253265381,0.40110155940055847,-0.002905624220147729,0.99876469373703,0.43003538250923157,0.40527185797691345,-0.12462656944990158,0.99973464012146,0.42803311347961426,0.40435972809791565,0.09481535851955414,0.9979606866836548,0.40562114119529724,0.4177444577217102,-0.049528706818819046,0.9995777606964111,0.40434491634368896,0.41789165139198303,0.014486100524663925,0.9988693594932556,0.464533269405365,0.44499602913856506,-0.2784220576286316,0.9999956488609314,0.4420301020145416,0.4515379071235657,0.2814038395881653,0.9980776309967041,0.4838237166404724,0.5042248368263245,-0.41725507378578186,0.9985172152519226,0.3842385709285736,0.4799935221672058,0.4877925217151642,0.1382460743188858,0.46515092253685,0.5652081966400146,-0.5108943581581116,0.9970948696136475,0.2885778248310089,0.4557209312915802,0.564997673034668,0.2933187484741211,0.4670848846435547,0.5832384824752808,-0.5554807782173157,0.9928431510925293,0.2624809145927429,0.45182034373283386,0.5990622043609619,0.2887486219406128,0.4549676179885864,0.5815964937210083,-0.5614198446273804,0.9921621680259705,0.2587320804595947,0.4498269557952881,0.5608161091804504,0.29744645953178406,0.45351672172546387,0.5761050581932068,-0.5103914737701416,0.984619140625,0.26747381687164307,0.45169368386268616,0.5471553206443787,0.3029601573944092,0.46590280532836914,0.5749520659446716,-0.1709948033094406,0.9990831613540649,0.4573889970779419,0.5735004544258118,0.17092613875865936,0.9962988495826721,0.4609832465648651,0.6620281934738159,-0.15629266202449799,0.9538586139678955,0.46274039149284363,0.6609865427017212,0.18105405569076538,0.32627615332603455,0.4934486150741577,0.7525805234909058,-0.08743420988321304,0.9672540426254272,0.48750272393226624,0.7476336359977722,0.24945305287837982,0.4745153784751892,0.5169405937194824,0.769453227519989,-0.08572373539209366,0.9585871696472168,0.5103605389595032,0.763099193572998,0.250839501619339,0.5688660144805908,0.4205741584300995,0.7781213521957397,-0.19867539405822754,0.9632396101951599,0.4206330180168152,0.7697241306304932,0.17093972861766815,0.6765615344047546
IMG_9576 5,17,564,bad,0.3969971835613251,0.4095104932785034,-0.03166492283344269,0.99941486120224,0.4057639539241791,0.401553750038147,-0.059048425406217575,0.9994421601295471,0.40803080797195435,0.40149638056755066,-0.059125348925590515,0.9995931386947632,0.410584032535553,0.40138643980026245,-0.059161122888326645,0.9996708631515503,0.4050441384315491,0.40142011642456055,-0.00864412821829319,0.998950183391571,0.4067084491252899,0.4013051688671112,-0.008605493232607841,0.9988164305686951,0.4087356925010681,0.40109536051750183,-0.008615845814347267,0.998764157295227,0.4303993582725525,0.4052501320838928,-0.13077031075954437,0.9997476935386658,0.4280751049518585,0.404352605342865,0.09011159837245941,0.9979584217071533,0.4057579040527344,0.4176216125488281,-0.05459866672754288,0.9995900988578796,0.40452876687049866,0.41776856780052185,0.0096796415746212,0.9988695979118347,0.4666113555431366,0.4459843039512634,-0.27831974625587463,0.9999951124191284,0.438445508480072,0.45154058933258057,0.27420350909233093,0.997924268245697,0.48345765471458435,0.5050023198127747,-0.38342615962028503,0.9983950257301331,0.3527914881706238,0.46220412850379944,0.43985530734062195,0.18938054144382477,0.4628566801548004,0.5655996799468994,-0.43006178736686707,0.9970617890357971,0.25877320766448975,0.44321107864379883,0.34615570306777954,0.3452937602996826,0.4649795591831207,0.5833489894866943,-0.4756339192390442,0.9927413463592529,0.23566696047782898,0.4431103467941284,0.3536722958087921,0.33378174901008606,0.453919380903244,0.5816114544868469,-0.48790356516838074,0.9921013712882996,0.23325523734092712,0.44128262996673584,0.3069028854370117,0.343902587890625,0.45195841789245605,0.576147198677063,-0.431764155626297,0.9846348762512207,0.23981551826000214,0.44185692071914673,0.3185656666755676,0.35008761286735535,0.4674389064311981,0.5753465890884399,-0.16947133839130402,0.9990249276161194,0.4553871154785156,0.5736324191093445,0.1693493127822876,0.996303141117096,0.46094197034835815,0.6619905233383179,-0.14227305352687836,0.9509478211402893,0.4588463008403778,0.6611067056655884,0.19105347990989685,0.3314054012298584,0.4935755431652069,0.7521172165870667,-0.056734874844551086,0.9653086066246033,0.48501333594322205,0.7477831244468689,0.26893430948257446,0.47490739822387695,0.5171826481819153,0.7691168785095215,-0.053599439561367035,0.9569362998008728,0.5084865093231201,0.7634187340736389,0.27142012119293213,0.5679511427879333,0.4217844605445862,0.7777325510978699,-0.17253465950489044,0.9616658091545105,0.42022982239723206,0.7700961828231812,0.1945471465587616,0.6757448315620422
IMG_9576 5,18,597,bad,0.39732104539871216,0.4094332158565521,-0.035933542996644974,0.9994253516197205,0.4060908555984497,0.40154722332954407,-0.06384410709142685,0.9994548559188843,0.40836215019226074,0.40149015188217163,-0.063923180103302,0.9995994567871094,0.4108165204524994,0.40138325095176697,-0.06396128982305527,0.999678909778595,0.40542367100715637,0.4014107882976532,-0.013262382708489895,0.9989356994628906,0.40710511803627014,0.4012947976589203,-0.013216900639235973,0.998777449131012,0.40908563137054443,0.4010881781578064,-0.013234565034508705,0.9987178444862366,0.43061211705207825,0.40524640679359436,-0.13653968274593353,0.999754786491394,0.4280845522880554,0.4043433666229248,0.08569290488958359,0.997901439666748,0.4059954881668091,0.41753289103507996,-0.059023212641477585,0.9995980858802795,0.4049323499202728,0.41766202449798584,0.005556847434490919,0.9988644123077393,0.4682997465133667,0.44698429107666016,-0.2842644155025482,0.9999946355819702,0.43295004963874817,0.4515458047389984,0.26901888847351074,0.997894823551178,0.482856810092926,0.5058858394622803,-0.39575082063674927,0.9982560873031616,0.34171849489212036,0.4538879990577698,0.38237300515174866,0.24268434941768646,0.46152934432029724,0.5664615631103516,-0.4601355195045471,0.9970328211784363,0.2511862516403198,0.43808189034461975,0.286520391702652,0.39689940214157104,0.464896023273468,0.5847622156143188,-0.5127207040786743,0.9926759600639343,0.22832901775836945,0.43967753648757935,0.29182225465774536,0.3792894780635834,0.4538094401359558,0.5824412703514099,-0.5261862874031067,0.9920729398727417,0.2241503894329071,0.43840479850769043,0.2412271499633789,0.3901195228099823,0.4518328607082367,0.576543927192688,-0.4638567864894867,0.984684407711029,0.2328222393989563,0.43827518820762634,0.2577100396156311,0.3968084454536438,0.4699691832065582,0.5753518342971802,-0.1693486124277115,0.9990128874778748,0.4511306881904602,0.573526918888092,0.16921456158161163,0.9964090585708618,0.4619312584400177,0.6618770956993103,-0.14099368453025818,0.9503387212753296,0.4575650691986084,0.6611254215240479,0.19523628056049347,0.34415727853775024,0.49455180764198303,0.7512940764427185,-0.04827200621366501,0.9646455645561218,0.48255953192710876,0.7479507923126221,0.27319690585136414,0.4832207262516022,0.5175917148590088,0.7685785293579102,-0.04492100328207016,0.9558504819869995,0.5068929195404053,0.7634909749031067,0.2739430069923401,0.5740216970443726,0.43501681089401245,0.778337836265564,-0.17235682904720306,0.9611058235168457,0.4188147783279419,0.7700777053833008,0.203444242477417,0.6812795400619507
IMG_9576 5,19,630,bad,0.3976180851459503,0.40943387150764465,-0.030791794881224632,0.999441921710968,0.40621984004974365,0.40159112215042114,-0.05933753028512001,0.9994744062423706,0.408462792634964,0.4015392065048218,-0.05941489338874817,0.9996098279953003,0.41087186336517334,0.40144291520118713,-0.05945076420903206,0.999689519405365,0.4055878818035126,0.40143510699272156,-0.00852980650961399,0.9989471435546875,0.40726929903030396,0.40131282806396484,-0.008486822247505188,0.9987723231315613,0.4092101752758026,0.40110331773757935,-0.008516130037605762,0.9987128973007202,0.4308924078941345,0.4052499234676361,-0.13454414904117584,0.9997634291648865,0.42821285128593445,0.4043368399143219,0.08914176374673843,0.9979193210601807,0.40633654594421387,0.4175453782081604,-0.05473530665040016,0.9996081590652466,0.40541645884513855,0.41766276955604553,0.010213734582066536,0.9988787770271301,0.47109025716781616,0.4485722780227661,-0.2802655100822449,0.9999935626983643,0.43143293261528015,0.4509720206260681,0.26629528403282166,0.9979206919670105,0.4821960926055908,0.508008599281311,-0.4011455774307251,0.9978657364845276,0.3395584225654602,0.4491572678089142,0.361169695854187,0.2961157560348511,0.4614322781562805,0.5666248798370361,-0.48183903098106384,0.9966353178024292,0.2458784282207489,0.4367374777793884,0.2760466933250427,0.44321373105049133,0.4651123285293579,0.5848047137260437,-0.5347352027893066,0.9919161796569824,0.22194617986679077,0.437044233083725,0.28149282932281494,0.4189465343952179,0.4557638168334961,0.582446277141571,-0.5485332012176514,0.9913275241851807,0.21909227967262268,0.43603265285491943,0.23163408041000366,0.4304667115211487,0.45325133204460144,0.5765166878700256,-0.4864363372325897,0.9835428595542908,0.22706803679466248,0.4368484616279602,0.24734121561050415,0.43820586800575256,0.4733116924762726,0.575323760509491,-0.16882026195526123,0.9989999532699585,0.449497789144516,0.5734223127365112,0.16866667568683624,0.9965440034866333,0.4647570848464966,0.6611291170120239,-0.15136319398880005,0.9491691589355469,0.4548320472240448,0.6606873869895935,0.19693675637245178,0.35858726501464844,0.49523213505744934,0.7508108615875244,-0.07011423259973526,0.9634596705436707,0.48199108242988586,0.7476997375488281,0.2688726484775543,0.4909350275993347,0.517939031124115,0.7684463858604431,-0.06873399019241333,0.9538460373878479,0.5061007738113403,0.7630142569541931,0.2691854238510132,0.579988420009613,0.43428394198417664,0.7780579924583435,-0.19771072268486023,0.9599593281745911,0.41786694526672363,0.769999623298645,0.18324044346809387,0.6865363121032715
IMG_9576 5,20,663,bad,0.3981040120124817,0.40940627455711365,-0.032060932368040085,0.9994636178016663,0.4065546691417694,0.4016066789627075,-0.060906149446964264,0.9994972348213196,0.40879401564598083,0.4015614986419678,-0.06098144128918648,0.9996240735054016,0.4111592471599579,0.4014781713485718,-0.06101929768919945,0.9997022151947021,0.4059299826622009,0.4014393091201782,-0.009839236736297607,0.9989736676216125,0.407598078250885,0.40131595730781555,-0.009798870421946049,0.9987891316413879,0.40949177742004395,0.4011072516441345,-0.0098299914970994,0.9987297654151917,0.43158280849456787,0.40532153844833374,-0.13641826808452606,0.9997745156288147,0.4283508062362671,0.4043613076210022,0.08845528215169907,0.99797123670578,0.4067533612251282,0.4175691604614258,-0.05591930076479912,0.9996231198310852,0.40588098764419556,0.4176635146141052,0.009353380650281906,0.9989097118377686,0.47199875116348267,0.4489107131958008,-0.2796379625797272,0.9999927282333374,0.4305657148361206,0.45066240429878235,0.2647840976715088,0.9979481101036072,0.4818582534790039,0.5088455080986023,-0.4007900655269623,0.9976606369018555,0.3348731994628906,0.44467228651046753,0.3574123680591583,0.3441791236400604,0.4614059031009674,0.566624104976654,-0.47397997975349426,0.996405303478241,0.24401909112930298,0.43385735154151917,0.2783321142196655,0.48465970158576965,0.4657067060470581,0.5848879218101501,-0.5258437991142273,0.9913970232009888,0.21950095891952515,0.43483781814575195,0.2844037711620331,0.4545046091079712,0.45592379570007324,0.5825321674346924,-0.5428047776222229,0.9908254742622375,0.2169482409954071,0.43454575538635254,0.23469039797782898,0.4667038917541504,0.4533081650733948,0.5765197277069092,-0.4831789433956146,0.9828142523765564,0.2236180305480957,0.4352419674396515,0.24992913007736206,0.4754091799259186,0.4735759198665619,0.5750693678855896,-0.16742567718029022,0.9989701509475708,0.4482928514480591,0.5734249353408813,0.16725507378578186,0.9966530203819275,0.46480193734169006,0.6601760387420654,-0.1489698439836502,0.948229968547821,0.45424625277519226,0.6604711413383484,0.19846343994140625,0.3739335238933563,0.4961763024330139,0.7503259181976318,-0.06520844995975494,0.9626257419586182,0.48158055543899536,0.7477145195007324,0.2748172879219055,0.5004385709762573,0.5182565450668335,0.7675369381904602,-0.06346695125102997,0.9528425931930542,0.5059766173362732,0.7630243897438049,0.2760114073753357,0.5867514610290527,0.4462123513221741,0.7778699994087219,-0.19111405313014984,0.9590812921524048,0.4178812801837921,0.7702670693397522,0.18903455138206482,0.6915708184242249
IMG_9576 5,21,696,bad,0.39821386337280273,0.40946000814437866,-0.03309584781527519,0.9994800686836243,0.4066411852836609,0.4017256200313568,-0.06235318258404732,0.9995139837265015,0.4088906943798065,0.4016892910003662,-0.06243613362312317,0.9996344447135925,0.41126495599746704,0.40162384510040283,-0.06247778981924057,0.9997119903564453,0.4059995412826538,0.40152984857559204,-0.011292994022369385,0.9989880919456482,0.4076646566390991,0.40139663219451904,-0.01125222910195589,0.9987925887107849,0.40955427289009094,0.4011870324611664,-0.011290058493614197,0.9987284541130066,0.43193933367729187,0.405474990606308,-0.137569397687912,0.9997835755348206,0.42835667729377747,0.40446892380714417,0.08748333901166916,0.9979949593544006,0.40682166814804077,0.41779327392578125,-0.056526295840740204,0.9996353387832642,0.4059711992740631,0.4178343117237091,0.008724188432097435,0.9989261627197266,0.47400084137916565,0.4491212069988251,-0.28233733773231506,0.9999920129776001,0.42905011773109436,0.45067355036735535,0.2637322247028351,0.9979706406593323,0.48195886611938477,0.5088688135147095,-0.41565534472465515,0.9972827434539795,0.3326732814311981,0.4433702230453491,0.3604980707168579,0.38624972105026245,0.4626472294330597,0.5668123364448547,-0.5026397705078125,0.99590665102005,0.2425936609506607,0.4328591227531433,0.29554319381713867,0.5211980938911438,0.4672005772590637,0.5852373242378235,-0.5544286370277405,0.9904481768608093,0.21803349256515503,0.434124618768692,0.30244681239128113,0.4853416979312897,0.4579082727432251,0.5829590559005737,-0.5697270035743713,0.9898613095283508,0.21405081450939178,0.4339171051979065,0.25477802753448486,0.4982449412345886,0.45512789487838745,0.5767279267311096,-0.5081282258033752,0.9813272953033447,0.22234748303890228,0.43455278873443604,0.2680397927761078,0.5078495144844055,0.4748830199241638,0.5756882429122925,-0.16726987063884735,0.9989678859710693,0.44713905453681946,0.574504017829895,0.16708466410636902,0.9967772960662842,0.4675760567188263,0.6602075099945068,-0.14007164537906647,0.9477126002311707,0.4522400200366974,0.6607353687286377,0.20784184336662292,0.39621230959892273,0.49757227301597595,0.7508569359779358,-0.043728895485401154,0.962272047996521,0.4808005392551422,0.7477864027023315,0.29546961188316345,0.5156595706939697,0.5193897485733032,0.7682819962501526,-0.04147452488541603,0.9510176181793213,0.505158007144928,0.7630180716514587,0.2976289391517639,0.5971264243125916,0.44397518038749695,0.77857905626297,-0.18420836329460144,0.9586464762687683,0.4166387915611267,0.770394504070282,0.20599380135536194,0.7007442116737366
IMG_9576 5,22,729,bad,0.39831387996673584,0.409406840801239,-0.03480039909482002,0.9994970560073853,0.40685659646987915,0.4017139971256256,-0.06407772749662399,0.9995321035385132,0.40912947058677673,0.401681125164032,-0.06416141241788864,0.9996465444564819,0.4114818871021271,0.40161994099617004,-0.06420295685529709,0.9997230172157288,0.406156986951828,0.4015076160430908,-0.012818481773138046,0.9990041851997375,0.40780961513519287,0.4013729691505432,-0.012774301692843437,0.9987989664077759,0.40966102480888367,0.4011657238006592,-0.0128099350258708,0.9987263679504395,0.43232211470603943,0.40548330545425415,-0.1390961855649948,0.9997934103012085,0.4283198416233063,0.40446364879608154,0.08734089881181717,0.9980221390724182,0.40684300661087036,0.41780486702919006,-0.05825629457831383,0.9996476173400879,0.4059756398200989,0.41783514618873596,0.007313400041311979,0.998939037322998,0.47568026185035706,0.44912031292915344,-0.28416869044303894,0.9999917149543762,0.4253765940666199,0.4506686329841614,0.2651750445365906,0.997969925403595,0.48452070355415344,0.5094819068908691,-0.4411887228488922,0.9970628619194031,0.3318065404891968,0.4436883330345154,0.3649687170982361,0.42001965641975403,0.4654148519039154,0.5673637390136719,-0.5319061279296875,0.9956880807876587,0.24016955494880676,0.4320729672908783,0.3037049472332001,0.5527921319007874,0.470089316368103,0.586578905582428,-0.5845033526420593,0.990013062953949,0.21649320423603058,0.43251001834869385,0.3159918189048767,0.5116751194000244,0.46039101481437683,0.5840170979499817,-0.598406195640564,0.9894365668296814,0.21427755057811737,0.4325767457485199,0.26843225955963135,0.5253690481185913,0.4574662744998932,0.5775466561317444,-0.535925030708313,0.9806926846504211,0.2203635722398758,0.4333786964416504,0.27904361486434937,0.536046028137207,0.47642049193382263,0.5764210820198059,-0.1679464727640152,0.9989913105964661,0.4447760581970215,0.5754219889640808,0.16773982346057892,0.9969314932823181,0.4697214365005493,0.661483108997345,-0.13932928442955017,0.9468398690223694,0.4482511878013611,0.6614954471588135,0.21056900918483734,0.41514450311660767,0.49831509590148926,0.7511728405952454,-0.038468316197395325,0.9614542126655579,0.47980204224586487,0.7479249835014343,0.30837929248809814,0.5274917483329773,0.5207526087760925,0.7700123190879822,-0.03584224730730057,0.9488034844398499,0.5034947991371155,0.7630137205123901,0.31152626872062683,0.6055933833122253,0.44206926226615906,0.7785493731498718,-0.1835200935602188,0.9580122232437134,0.4151756465435028,0.7707558274269104,0.22186967730522156,0.7083672881126404
IMG_9576 5,23,763,bad,0.3984948396682739,0.40942302346229553,-0.04148860275745392,0.9994880557060242,0.40701279044151306,0.4017794728279114,-0.07099354267120361,0.9995258450508118,0.4092998504638672,0.40174946188926697,-0.07109398394823074,0.999639630317688,0.4116758704185486,0.40169987082481384,-0.07114417105913162,0.9997187256813049,0.40623828768730164,0.4015673100948334,-0.019898131489753723,0.9989646673202515,0.40785783529281616,0.4014306366443634,-0.019846877083182335,0.9987411499023438,0.40967944264411926,0.4012271761894226,-0.019891342148184776,0.9986550807952881,0.43280595541000366,0.4055415391921997,-0.14369705319404602,0.9997917413711548,0.428279310464859,0.4045208990573883,0.08162081241607666,0.9979621171951294,0.4069516360759735,0.417888343334198,-0.06392182409763336,0.9996430277824402,0.40601202845573425,0.41789042949676514,0.001333777909167111,0.9988991618156433,0.4767206311225891,0.44907259941101074,-0.28926166892051697,0.9999909996986389,0.4255127012729645,0.4506731629371643,0.2600661814212799,0.9979374408721924,0.48757311701774597,0.5095018148422241,-0.4548255503177643,0.9967883825302124,0.332034170627594,0.4438372850418091,0.37119391560554504,0.44537875056266785,0.46929946541786194,0.5673746466636658,-0.5477251410484314,0.9954474568367004,0.24039936065673828,0.43185392022132874,0.34113919734954834,0.5794155597686768,0.47275272011756897,0.5869235992431641,-0.5992535352706909,0.9895128011703491,0.2162296026945114,0.43234190344810486,0.3538901209831238,0.533866286277771,0.46206164360046387,0.5843726992607117,-0.6116225123405457,0.9889514446258545,0.21418075263500214,0.4323350489139557,0.30709531903266907,0.5484785437583923,0.4593917429447174,0.5777259469032288,-0.5510579347610474,0.9799618721008301,0.2217421680688858,0.43302473425865173,0.31496813893318176,0.5603861212730408,0.47765374183654785,0.5769569873809814,-0.1679767519235611,0.9989913702011108,0.4436812698841095,0.5766398906707764,0.16777367889881134,0.9970560669898987,0.4703787565231323,0.661634087562561,-0.12810368835926056,0.945576012134552,0.44833511114120483,0.6615489721298218,0.21062004566192627,0.43029695749282837,0.4990929365158081,0.7512142062187195,-0.01176946610212326,0.9602771997451782,0.4798940122127533,0.7479115128517151,0.3268584907054901,0.5360234379768372,0.5217161178588867,0.7704300880432129,-0.007099901791661978,0.9459556341171265,0.503538191318512,0.7629610300064087,0.33226704597473145,0.6105057001113892,0.43952953815460205,0.7786685824394226,-0.14317891001701355,0.9569013118743896,0.4152396321296692,0.7707686424255371,0.2459811121225357,0.7135919332504272
IMG_9576 5,24,796,bad,0.3986956477165222,0.40956994891166687,-0.04166708514094353,0.9995024800300598,0.40718701481819153,0.4019864499568939,-0.07128272950649261,0.9995409250259399,0.4095352590084076,0.4019576609134674,-0.07138418406248093,0.9996491074562073,0.4120034873485565,0.4019283354282379,-0.07143419235944748,0.9997267127037048,0.40628886222839355,0.40177038311958313,-0.019986262544989586,0.9989825487136841,0.4078766703605652,0.40162932872772217,-0.019933274015784264,0.9987572431564331,0.40968236327171326,0.4014410376548767,-0.01997605338692665,0.998668909072876,0.43367353081703186,0.4056209325790405,-0.14401882886886597,0.9997985363006592,0.42829132080078125,0.4046419858932495,0.08191387355327606,0.9980068206787109,0.4071948826313019,0.41811883449554443,-0.06403403729200363,0.999653160572052,0.40610289573669434,0.4180487096309662,0.0011236292775720358,0.9989179968833923,0.47650575637817383,0.449058473110199,-0.2899625897407532,0.9999905228614807,0.42613235116004944,0.4506703317165375,0.2599635720252991,0.997972846031189,0.4891315698623657,0.5093594193458557,-0.46108484268188477,0.9965223073959351,0.33266234397888184,0.44376203417778015,0.37160712480545044,0.47405827045440674,0.4716733992099762,0.5673924684524536,-0.5625855326652527,0.9951059222221375,0.2402564138174057,0.4311579167842865,0.33795666694641113,0.6062004566192627,0.4757472276687622,0.5869359970092773,-0.6157329082489014,0.9888325929641724,0.2158542424440384,0.43175560235977173,0.3478107750415802,0.5571163296699524,0.463949978351593,0.5844494104385376,-0.6274803280830383,0.9882651567459106,0.21446813642978668,0.4318273067474365,0.29891541600227356,0.572318434715271,0.4616350829601288,0.5777698159217834,-0.5660592913627625,0.9789282083511353,0.22259047627449036,0.43247511982917786,0.3100326657295227,0.5849412679672241,0.4773981273174286,0.5775181651115417,-0.16887055337429047,0.9990156888961792,0.4419771134853363,0.577114999294281,0.16864411532878876,0.9971998333930969,0.4702689051628113,0.6623386144638062,-0.13380444049835205,0.9457473158836365,0.44660699367523193,0.6617859601974487,0.20971223711967468,0.44955459237098694,0.4991074204444885,0.7516025900840759,-0.018844399601221085,0.9603721499443054,0.48008525371551514,0.7479058504104614,0.32065674662590027,0.5469946265220642,0.521697461605072,0.7713024020195007,-0.014886095188558102,0.9450962543487549,0.5036416053771973,0.7629542350769043,0.3250807523727417,0.6176289916038513,0.43349689245224,0.7794361710548401,-0.16140301525592804,0.9570004343986511,0.4153815805912018,0.770944356918335,0.23945768177509308,0.7209755778312683
IMG_9576 5,25,829,bad,0.398870050907135,0.4096631109714508,-0.04135986417531967,0.9995232820510864,0.40734678506851196,0.4021172523498535,-0.07105482369661331,0.9995630383491516,0.40976184606552124,0.40208765864372253,-0.07115670293569565,0.9996654987335205,0.4123256206512451,0.40206751227378845,-0.07120737433433533,0.9997397065162659,0.4063241481781006,0.40191227197647095,-0.019294211640954018,0.9990208745002747,0.4078827202320099,0.4017772674560547,-0.019239919260144234,0.9988006949424744,0.40968164801597595,0.4016037583351135,-0.019277265295386314,0.9987110495567322,0.43421971797943115,0.4057621955871582,-0.14399251341819763,0.9998089075088501,0.4282290041446686,0.404803991317749,0.08475354313850403,0.9980958700180054,0.4074154496192932,0.4183550179004669,-0.06387948244810104,0.9996677041053772,0.4061639606952667,0.4182731509208679,0.002038516802713275,0.9989516139030457,0.4771728515625,0.44902434945106506,-0.29017752408981323,0.9999904036521912,0.4253027141094208,0.4505973756313324,0.26331189274787903,0.9980090260505676,0.49122703075408936,0.5085574388504028,-0.45572802424430847,0.9963913559913635,0.33136701583862305,0.443649023771286,0.4000081717967987,0.49883970618247986,0.4745635986328125,0.5672163367271423,-0.550662100315094,0.9950231909751892,0.24037271738052368,0.4313030242919922,0.38245508074760437,0.6315111517906189,0.47758105397224426,0.58682781457901,-0.6016755700111389,0.9886246919631958,0.21621787548065186,0.43187135457992554,0.39752623438835144,0.5797118544578552,0.4660050570964813,0.5843319296836853,-0.6140453815460205,0.9880659580230713,0.21485188603401184,0.4317030608654022,0.3496648073196411,0.5954494476318359,0.46393901109695435,0.5776171088218689,-0.5539471507072449,0.9786153435707092,0.22271393239498138,0.4324619770050049,0.3556610643863678,0.6086210012435913,0.4772050678730011,0.5777063965797424,-0.16877499222755432,0.9990370273590088,0.4408121705055237,0.5770783424377441,0.16854628920555115,0.9973429441452026,0.47191321849823,0.6624612808227539,-0.1332944929599762,0.9457976818084717,0.44576287269592285,0.6618703007698059,0.20503106713294983,0.46906784176826477,0.49950799345970154,0.7516292333602905,-0.023908251896500587,0.960232675075531,0.4802805483341217,0.7478666305541992,0.31775084137916565,0.5595843195915222,0.5217611193656921,0.7716150879859924,-0.020101886242628098,0.9442745447158813,0.5037704706192017,0.7628802061080933,0.32152366638183594,0.6260439157485962,0.4321552515029907,0.7799042463302612,-0.16281628608703613,0.9569103121757507,0.4156839847564697,0.7713379859924316,0.23609696328639984,0.7292560338973999
IMG_9576 5,26,862,bad,0.3991681933403015,0.409820556640625,-0.035995371639728546,0.9995506405830383,0.4075419306755066,0.40220582485198975,-0.06554151326417923,0.9995911121368408,0.41002723574638367,0.4021691679954529,-0.06564979255199432,0.9996866583824158,0.4126914143562317,0.4021470844745636,-0.06570485234260559,0.9997563362121582,0.4063637852668762,0.4020024538040161,-0.013590390793979168,0.9990760087966919,0.4078877568244934,0.4018668532371521,-0.013534164987504482,0.9988653659820557,0.40967845916748047,0.40170052647590637,-0.013561240397393703,0.9987773895263672,0.43456193804740906,0.4057804048061371,-0.1378217339515686,0.999821662902832,0.4281032383441925,0.40485355257987976,0.09089835733175278,0.9982130527496338,0.4078153073787689,0.41852959990501404,-0.05837361887097359,0.999686598777771,0.4062899351119995,0.41843366622924805,0.007764223963022232,0.9990016222000122,0.4779159128665924,0.4489288926124573,-0.283864825963974,0.9999905228614807,0.424882709980011,0.4505840539932251,0.2689090669155121,0.9980506896972656,0.4923764169216156,0.5078337788581848,-0.4522935152053833,0.9962775707244873,0.33178186416625977,0.4432979226112366,0.4193386435508728,0.519166111946106,0.47598519921302795,0.566792905330658,-0.5398783683776855,0.9949830770492554,0.24238447844982147,0.4308006763458252,0.41635212302207947,0.6535172462463379,0.4785463213920593,0.5865886211395264,-0.5895088911056519,0.9885146021842957,0.21797317266464233,0.4315968453884125,0.43485283851623535,0.5992436408996582,0.4671036899089813,0.584234893321991,-0.6017140746116638,0.9879631400108337,0.21669238805770874,0.4313660264015198,0.3884187340736389,0.6155295372009277,0.4651148319244385,0.5775060653686523,-0.5429195165634155,0.9784628748893738,0.22479473054409027,0.4320991635322571,0.39068445563316345,0.6293556690216064,0.4770834445953369,0.5777081847190857,-0.16769546270370483,0.9990692734718323,0.4396173655986786,0.5772920250892639,0.16746126115322113,0.9974846243858337,0.47354254126548767,0.6624997854232788,-0.13356122374534607,0.9454306960105896,0.4451812207698822,0.6619037389755249,0.1980302333831787,0.4863300323486328,0.49977320432662964,0.751928985118866,-0.03972284868359566,0.9598298668861389,0.4801805913448334,0.747840404510498,0.30112722516059875,0.5699611306190491,0.5217519402503967,0.7724978923797607,-0.03848990052938461,0.9431982040405273,0.5036585927009583,0.7628647089004517,0.30450376868247986,0.6324246525764465,0.4324178397655487,0.7799338698387146,-0.18010838329792023,0.9567294716835022,0.41572627425193787,0.771342933177948,0.22176867723464966,0.7364369630813599
IMG_9576 5,27,895,bad,0.3992583453655243,0.4098392724990845,-0.03201291337609291,0.9995740056037903,0.4076184332370758,0.40221917629241943,-0.06167761608958244,0.9996151328086853,0.41013768315315247,0.4021839499473572,-0.061785049736499786,0.9997050166130066,0.41285932064056396,0.40216583013534546,-0.061840642243623734,0.9997708797454834,0.4063712954521179,0.4020153880119324,-0.009663826785981655,0.9991222023963928,0.40789005160331726,0.40188127756118774,-0.009609518572688103,0.9989189505577087,0.4096706807613373,0.40172359347343445,-0.009635280817747116,0.9988308548927307,0.4347034990787506,0.40578633546829224,-0.13487395644187927,0.9998326301574707,0.42806413769721985,0.40489232540130615,0.09374627470970154,0.9983075261116028,0.4080565273761749,0.41853466629981995,-0.054710615426301956,0.9997010827064514,0.4064205586910248,0.4184410274028778,0.011474001221358776,0.9990383982658386,0.4778616428375244,0.4487428069114685,-0.2821352779865265,0.9999905824661255,0.424780011177063,0.45055440068244934,0.2725081145763397,0.9980655312538147,0.49204903841018677,0.5077930092811584,-0.4471338391304016,0.9960986971855164,0.331714928150177,0.44285476207733154,0.4305168092250824,0.5354535579681396,0.47629472613334656,0.5666926503181458,-0.5348830223083496,0.9948784708976746,0.2434515804052353,0.4301033020019531,0.4365670382976532,0.6719657778739929,0.47905099391937256,0.5865771174430847,-0.5771875381469727,0.9882968068122864,0.2193991094827652,0.43091556429862976,0.4568195343017578,0.6153878569602966,0.4676375389099121,0.5842263698577881,-0.5963914394378662,0.987740159034729,0.21757668256759644,0.4308475852012634,0.4108557105064392,0.6322146058082581,0.4654555022716522,0.5774953365325928,-0.5402886271476746,0.9781040549278259,0.2259962409734726,0.43151330947875977,0.4112465977668762,0.6467533707618713,0.4771667420864105,0.5777081847190857,-0.16736599802970886,0.999089777469635,0.44028693437576294,0.5773777961730957,0.16713961958885193,0.9975993037223816,0.47566255927085876,0.662517249584198,-0.13415180146694183,0.9456861615180969,0.4452354311943054,0.6619260907173157,0.19616582989692688,0.5046187043190002,0.5000005960464478,0.752098560333252,-0.0467865876853466,0.9599480032920837,0.48022714257240295,0.7478349804878235,0.2948601245880127,0.5821124315261841,0.5218796133995056,0.7726392149925232,-0.04604175314307213,0.9426625370979309,0.5036869049072266,0.7628623843193054,0.2979734539985657,0.6393559575080872,0.4323498010635376,0.7798836827278137,-0.18534323573112488,0.9569597840309143,0.41609659790992737,0.7710474729537964,0.2156388908624649,0.7443902492523193
IMG_9576 5,28,929,bad,0.3994530439376831,0.40989038348197937,-0.03267635405063629,0.9995881915092468,0.4077625572681427,0.40224945545196533,-0.06234294921159744,0.9996311068534851,0.4103536903858185,0.40221455693244934,-0.062447723001241684,0.9997172951698303,0.4131681025028229,0.40220022201538086,-0.06250231713056564,0.9997809529304504,0.4063872992992401,0.40204280614852905,-0.01019070390611887,0.9991458058357239,0.4078919291496277,0.4019071161746979,-0.010134768672287464,0.9989413619041443,0.40965011715888977,0.4017568528652191,-0.010157757438719273,0.9988499283790588,0.4350898861885071,0.4057876467704773,-0.1356615573167801,0.9998407363891602,0.4280237853527069,0.4049152135848999,0.09385784715414047,0.9983538389205933,0.4084334373474121,0.418549507856369,-0.0554407462477684,0.9997096061706543,0.40659746527671814,0.4184523820877075,0.010994112119078636,0.9990520477294922,0.4776553213596344,0.44825923442840576,-0.2833593785762787,0.999990701675415,0.424762487411499,0.45045170187950134,0.27494892477989197,0.9980335831642151,0.4917279779911041,0.5074291825294495,-0.44573861360549927,0.9960799217224121,0.33191195130348206,0.44325438141822815,0.4278479516506195,0.5479228496551514,0.476157009601593,0.5664640665054321,-0.5343784093856812,0.9949233531951904,0.24441197514533997,0.4303424060344696,0.41966092586517334,0.6875571012496948,0.47913411259651184,0.586301863193512,-0.5748628973960876,0.9883460402488708,0.2206796258687973,0.4308719038963318,0.4374866485595703,0.6289476752281189,0.46796250343322754,0.5840919613838196,-0.5958672165870667,0.9877995848655701,0.21890437602996826,0.430848091840744,0.39053550362586975,0.646310567855835,0.46575209498405457,0.5774143934249878,-0.5394077897071838,0.9782020449638367,0.2268526405096054,0.4315952956676483,0.393647164106369,0.6614258885383606,0.47711747884750366,0.5776472687721252,-0.16738055646419525,0.9991105198860168,0.438992977142334,0.5770339369773865,0.16715525090694427,0.99769526720047,0.47547516226768494,0.6625522971153259,-0.13636119663715363,0.945880651473999,0.4455728232860565,0.661855161190033,0.19347134232521057,0.5206002593040466,0.4999878406524658,0.7523720264434814,-0.04902149736881256,0.9602146744728088,0.4811154305934906,0.7478634715080261,0.2934943735599518,0.5913485884666443,0.5218813419342041,0.7728604078292847,-0.04768649488687515,0.9428033232688904,0.5041969418525696,0.7628552317619324,0.2969946265220642,0.644536554813385,0.43111157417297363,0.7801539301872253,-0.1830817312002182,0.957329273223877,0.4166505038738251,0.7712918519973755,0.21546179056167603,0.7498683333396912
IMG_9576 5,29,962,bad,0.3994567394256592,0.40982958674430847,-0.027475757524371147,0.9995927810668945,0.40778568387031555,0.40217387676239014,-0.057487357407808304,0.9996401071548462,0.41038525104522705,0.4021412432193756,-0.05759550258517265,0.999723494052887,0.41321760416030884,0.4021320641040802,-0.057654283940792084,0.9997862577438354,0.40639322996139526,0.40196481347084045,-0.00546599505469203,0.9991558194160461,0.4078940749168396,0.40183141827583313,-0.005418279208242893,0.9989488124847412,0.40964746475219727,0.40169307589530945,-0.005456277169287205,0.9988548755645752,0.43516936898231506,0.4057265520095825,-0.13288086652755737,0.9998446702957153,0.42802220582962036,0.4049069285392761,0.09572156518697739,0.9983793497085571,0.408485472202301,0.41845703125,-0.05098620057106018,0.9997091293334961,0.4066607654094696,0.41837278008461,0.015218486078083515,0.9990382194519043,0.47795161604881287,0.4481976330280304,-0.2778119742870331,0.9999897480010986,0.42448607087135315,0.45043087005615234,0.2738182842731476,0.9979700446128845,0.4914700984954834,0.5073621869087219,-0.43268898129463196,0.9957379102706909,0.33303889632225037,0.4439283013343811,0.4206375777721405,0.5605372786521912,0.4759944677352905,0.5663877725601196,-0.5178020000457764,0.9946866035461426,0.24533714354038239,0.43065178394317627,0.4070855975151062,0.7016956806182861,0.4788418710231781,0.5859987139701843,-0.5592243075370789,0.9878981113433838,0.22179530560970306,0.43154919147491455,0.42433279752731323,0.6407150030136108,0.4678153097629547,0.5838496685028076,-0.5786412358283997,0.9873400926589966,0.21943064033985138,0.4311526417732239,0.3778907060623169,0.658660888671875,0.4656825065612793,0.5772619843482971,-0.5229995846748352,0.9774976968765259,0.2277439534664154,0.43165716528892517,0.38120487332344055,0.6744939088821411,0.4790020287036896,0.5774605870246887,-0.16495241224765778,0.9990716576576233,0.43935200572013855,0.5769934058189392,0.16475707292556763,0.9977091550827026,0.47810685634613037,0.662397027015686,-0.13635824620723724,0.9439918398857117,0.44518816471099854,0.6618775725364685,0.19174323976039886,0.5270612239837646,0.5005292296409607,0.7523782253265381,-0.05156780406832695,0.9579983353614807,0.4805973768234253,0.7483253479003906,0.27764493227005005,0.5945472717285156,0.5218771696090698,0.7728387117385864,-0.050633907318115234,0.9401670694351196,0.5038811564445496,0.7635469436645508,0.2794017195701599,0.6461669206619263,0.43249809741973877,0.7782750725746155,-0.1846441626548767,0.9553700685501099,0.4162113666534424,0.771784782409668,0.1944999396800995,0.7513125538825989
IMG_9576 5,30,995,bad,0.39946413040161133,0.4098333418369293,-0.02640613541007042,0.999591588973999,0.40781334042549133,0.4021710753440857,-0.05618831142783165,0.9996435642242432,0.4104171097278595,0.40213605761528015,-0.0562908835709095,0.9997252821922302,0.41326072812080383,0.40212568640708923,-0.056351736187934875,0.9997893571853638,0.4064088761806488,0.40196549892425537,-0.0045996299013495445,0.9991474151611328,0.4078980088233948,0.4018322825431824,-0.0045480383560061455,0.9989272952079773,0.40964704751968384,0.4016944169998169,-0.004577184095978737,0.9988285899162292,0.43522343039512634,0.40570762753486633,-0.1315760761499405,0.9998472332954407,0.42801952362060547,0.4049111604690552,0.09546687453985214,0.9983330368995667,0.40852653980255127,0.4184279143810272,-0.049832526594400406,0.9997087121009827,0.40667593479156494,0.41835346817970276,0.015890387818217278,0.9990216493606567,0.4778430461883545,0.4479452967643738,-0.27674850821495056,0.9999895691871643,0.4243949055671692,0.45035287737846375,0.2735127806663513,0.9978411197662354,0.49103790521621704,0.506971538066864,-0.4190773367881775,0.9957258701324463,0.3331761062145233,0.4446142315864563,0.4173380434513092,0.5678254961967468,0.47584211826324463,0.5658138990402222,-0.49058791995048523,0.994735062122345,0.24601949751377106,0.43126094341278076,0.3953467309474945,0.7112154364585876,0.4786859154701233,0.5852349996566772,-0.5359269976615906,0.9880061745643616,0.22275911271572113,0.431806355714798,0.409449964761734,0.6482652425765991,0.46775487065315247,0.5830310583114624,-0.5498178601264954,0.9874588251113892,0.22039954364299774,0.43105581402778625,0.360313355922699,0.6668530106544495,0.46563243865966797,0.5764907002449036,-0.49319419264793396,0.9777051210403442,0.228912353515625,0.4315313994884491,0.36766380071640015,0.6832167506217957,0.4784771502017975,0.5757999420166016,-0.16468693315982819,0.9990586638450623,0.4393032491207123,0.5754121541976929,0.1645076423883438,0.9976767301559448,0.47574570775032043,0.6623790264129639,-0.13648377358913422,0.9436274170875549,0.44693878293037415,0.6618711352348328,0.19252663850784302,0.528342068195343,0.5004844069480896,0.7526072263717651,-0.05842704698443413,0.9575735926628113,0.4806472361087799,0.7486141920089722,0.2712809145450592,0.5945566296577454,0.5218729376792908,0.7730750441551208,-0.0580572672188282,0.9389920830726624,0.50388503074646,0.7638730406761169,0.27232593297958374,0.6437822580337524,0.43201276659965515,0.7789371013641357,-0.19329841434955597,0.9549585580825806,0.41623446345329285,0.7719814777374268,0.18214398622512817,0.7514116764068604
IMG_9576 5,31,1028,bad,0.3994636535644531,0.4098350405693054,-0.0277424119412899,0.9995784163475037,0.407820463180542,0.40216419100761414,-0.0564640648663044,0.9996384978294373,0.4104227125644684,0.4021252393722534,-0.05657294765114784,0.9997219443321228,0.4132731854915619,0.4021100401878357,-0.05663927644491196,0.9997867941856384,0.4064144492149353,0.4019579291343689,-0.00638597970828414,0.9991273880004883,0.4078977406024933,0.40182173252105713,-0.006342779379338026,0.9989044666290283,0.4096434414386749,0.40168243646621704,-0.006379131693392992,0.9987972378730774,0.4352172315120697,0.4057067930698395,-0.1321718543767929,0.9998453855514526,0.4280150830745697,0.40491580963134766,0.09210185706615448,0.9983228445053101,0.40852659940719604,0.4182994067668915,-0.05007004365324974,0.9996997714042664,0.4066677689552307,0.4182557165622711,0.013683180324733257,0.9989731907844543,0.4777538776397705,0.44793784618377686,-0.2773314416408539,0.9999890327453613,0.4237692654132843,0.45053136348724365,0.2697557806968689,0.9977394342422485,0.4907258152961731,0.5063387751579285,-0.4200248420238495,0.995616614818573,0.33926844596862793,0.44762536883354187,0.4277230501174927,0.5671883225440979,0.4750499129295349,0.5648670792579651,-0.4939955472946167,0.9947115182876587,0.24955491721630096,0.43211454153060913,0.44427230954170227,0.7207173109054565,0.47818219661712646,0.5841672420501709,-0.5414167642593384,0.9879610538482666,0.22700552642345428,0.43275508284568787,0.4647420346736908,0.6575860381126404,0.4663081169128418,0.5823256969451904,-0.5543960928916931,0.9874184727668762,0.22476808726787567,0.4317663609981537,0.42074552178382874,0.6766049861907959,0.46449336409568787,0.5756992697715759,-0.49638113379478455,0.9776793718338013,0.23245921730995178,0.43215212225914,0.4206189215183258,0.6931219696998596,0.47959181666374207,0.5758213996887207,-0.16425085067749023,0.9990295767784119,0.43943700194358826,0.5754063129425049,0.16408029198646545,0.9976836442947388,0.47677093744277954,0.6619771718978882,-0.13405978679656982,0.9440585374832153,0.4456974267959595,0.6618773937225342,0.18879912793636322,0.5390506386756897,0.5006168484687805,0.7519378066062927,-0.050189752131700516,0.9571273326873779,0.48065298795700073,0.7485033273696899,0.27477017045021057,0.6009218692779541,0.5219641923904419,0.7714310884475708,-0.048913002014160156,0.9376225471496582,0.503895103931427,0.7636014819145203,0.2766385078430176,0.6458292603492737,0.43293923139572144,0.7779114842414856,-0.18033388257026672,0.9545066952705383,0.41630953550338745,0.7719732522964478,0.18936404585838318,0.7540431022644043
IMG_9576 5,32,1061,bad,0.3994874060153961,0.4098472595214844,-0.034774769097566605,0.9995787143707275,0.40784522891044617,0.4021424651145935,-0.06274447590112686,0.9996441006660461,0.41048359870910645,0.40209296345710754,-0.0628310889005661,0.9997254014015198,0.4133540987968445,0.4020676910877228,-0.06288926303386688,0.9997903108596802,0.4064180850982666,0.4019530117511749,-0.013271497562527657,0.9991322159767151,0.40788742899894714,0.40181922912597656,-0.013225939124822617,0.998908281326294,0.4096030294895172,0.4016824960708618,-0.013233540579676628,0.9988005757331848,0.4353722035884857,0.4055771231651306,-0.13487683236598969,0.9998454451560974,0.4280124604701996,0.40487340092658997,0.08496799319982529,0.9983170628547668,0.4086243212223053,0.4182727336883545,-0.056318286806344986,0.9997002482414246,0.40668240189552307,0.4182506203651428,0.00667837169021368,0.9989703297615051,0.4770294725894928,0.4477781355381012,-0.27799612283706665,0.9999889731407166,0.42612168192863464,0.45058968663215637,0.263630211353302,0.9976848363876343,0.48963069915771484,0.5062383413314819,-0.4200536906719208,0.9956203699111938,0.34565478563308716,0.4528593122959137,0.4251132905483246,0.5647604465484619,0.4737537205219269,0.5647861957550049,-0.49235087633132935,0.9947397708892822,0.2576720118522644,0.432708203792572,0.4320628046989441,0.7227930426597595,0.4768664240837097,0.5839609503746033,-0.5386977195739746,0.9880290627479553,0.2369512915611267,0.4328641891479492,0.45148757100105286,0.6591204404830933,0.46617913246154785,0.582119345664978,-0.5488122701644897,0.9875026345252991,0.23594555258750916,0.4315408766269684,0.4060916602611542,0.6789567470550537,0.46429410576820374,0.5754436254501343,-0.4936662018299103,0.9778384566307068,0.2425995171070099,0.43225792050361633,0.4078475534915924,0.696079671382904,0.4794754087924957,0.5758402347564697,-0.16430144011974335,0.9990315437316895,0.4445311725139618,0.5753920674324036,0.16413091123104095,0.99766606092453,0.4758056700229645,0.6619864702224731,-0.11335919052362442,0.943259596824646,0.4496573805809021,0.6618249416351318,0.20348529517650604,0.5299343466758728,0.499899297952652,0.7521631717681885,-0.01790459081530571,0.9566059112548828,0.48137524724006653,0.7484956383705139,0.3056764602661133,0.5922340154647827,0.5205607414245605,0.7716147899627686,-0.013821321539580822,0.9376633167266846,0.5038687586784363,0.763590395450592,0.3099961578845978,0.6356871724128723,0.42935943603515625,0.7786843776702881,-0.13660700619220734,0.9540578126907349,0.41695380210876465,0.7717814445495605,0.2225133776664734,0.748152494430542
IMG_9576 5,33,1094,bad,0.39942243695259094,0.40981945395469666,-0.043814558535814285,0.9995858669281006,0.4078221023082733,0.40209779143333435,-0.07142198830842972,0.9996539950370789,0.4104604125022888,0.4020441174507141,-0.07148925960063934,0.9997347593307495,0.4133245348930359,0.4020141065120697,-0.07151752710342407,0.9997959733009338,0.40638864040374756,0.40192878246307373,-0.022793836891651154,0.999151349067688,0.40784597396850586,0.4018016755580902,-0.02275695465505123,0.9989399909973145,0.40954354405403137,0.40166786313056946,-0.022735394537448883,0.9988332986831665,0.4353199303150177,0.4055342972278595,-0.14018556475639343,0.9998499155044556,0.4278552532196045,0.40484437346458435,0.07442545890808105,0.9983730912208557,0.40861934423446655,0.4182203710079193,-0.06494659930467606,0.9997074007987976,0.4066203832626343,0.41821691393852234,-0.002893475815653801,0.9989898800849915,0.47589465975761414,0.4472804665565491,-0.27952465415000916,0.9999894499778748,0.42684468626976013,0.4511609971523285,0.25782203674316406,0.9976836442947388,0.48911625146865845,0.5058531165122986,-0.4266047179698944,0.9958406090736389,0.3574610650539398,0.46050527691841125,0.4510565996170044,0.560600757598877,0.47178927063941956,0.5646840929985046,-0.5088719725608826,0.9950258135795593,0.2719656229019165,0.4336520731449127,0.5071982741355896,0.7314804196357727,0.47510743141174316,0.5836378931999207,-0.5529806017875671,0.9885833859443665,0.2514699399471283,0.4333045482635498,0.5353438854217529,0.6682800054550171,0.46501171588897705,0.5818187594413757,-0.5622251629829407,0.9880734086036682,0.25168710947036743,0.4320325255393982,0.49597835540771484,0.6877924203872681,0.4627453684806824,0.5751193165779114,-0.5098161101341248,0.9787788987159729,0.2574858069419861,0.43275871872901917,0.48798030614852905,0.7041008472442627,0.47938019037246704,0.5744909644126892,-0.1643083244562149,0.9990619421005249,0.4471481144428253,0.5736620426177979,0.16414083540439606,0.9977418184280396,0.4756295084953308,0.6618701219558716,-0.11649581789970398,0.9453225135803223,0.45250341296195984,0.6618450880050659,0.1985829919576645,0.5310114026069641,0.4985015392303467,0.7512927651405334,-0.023235736414790154,0.9577286839485168,0.481387734413147,0.7484441995620728,0.2910558879375458,0.5955492854118347,0.5185405015945435,0.7691625952720642,-0.020392512902617455,0.9387698769569397,0.503959596157074,0.7632825374603271,0.2938573956489563,0.6341391205787659,0.42878231406211853,0.7784196138381958,-0.14420272409915924,0.9550964832305908,0.4174204170703888,0.7718005776405334,0.20716597139835358,0.7500461935997009
IMG_9576 5,34,1128,bad,0.39947304129600525,0.40991008281707764,-0.05266425386071205,0.9995740056037903,0.4079132080078125,0.40209484100341797,-0.08044437319040298,0.9996489882469177,0.4105689525604248,0.4020339846611023,-0.08052018284797668,0.9997362494468689,0.41342973709106445,0.40199339389801025,-0.08053787797689438,0.9997925162315369,0.40647244453430176,0.40193095803260803,-0.03202037140727043,0.9991430640220642,0.4079259932041168,0.4018038809299469,-0.032001446932554245,0.9989489912986755,0.4096079468727112,0.40166956186294556,-0.03199206292629242,0.9988343119621277,0.4353656768798828,0.40548157691955566,-0.14762210845947266,0.9998493790626526,0.427937388420105,0.40479955077171326,0.06552834063768387,0.9983853101730347,0.40864816308021545,0.4182252585887909,-0.07349203526973724,0.9996997714042664,0.40662339329719543,0.41825488209724426,-0.011550216935575008,0.9989567399024963,0.47482383251190186,0.44732946157455444,-0.2826482653617859,0.9999897480010986,0.43022504448890686,0.45226505398750305,0.2550417482852936,0.9975594282150269,0.4880426526069641,0.5061651468276978,-0.4259536564350128,0.9960262775421143,0.37413716316223145,0.4740000367164612,0.4680834114551544,0.5425829291343689,0.4698745608329773,0.5646370053291321,-0.4895114004611969,0.9952618479728699,0.29595085978507996,0.44065630435943604,0.5551018118858337,0.7360613346099854,0.4728303551673889,0.5831151604652405,-0.5259279012680054,0.9890307784080505,0.27243542671203613,0.4365827143192291,0.5881929993629456,0.674773633480072,0.4632315933704376,0.5814310908317566,-0.5387025475502014,0.9885259866714478,0.2730103135108948,0.43391886353492737,0.5572943687438965,0.6935455203056335,0.4609813094139099,0.5749031901359558,-0.4907059371471405,0.9795082211494446,0.2807367742061615,0.4350891709327698,0.5408202409744263,0.707894504070282,0.47678980231285095,0.5749434232711792,-0.1644458770751953,0.9990741014480591,0.44733285903930664,0.5739284753799438,0.16429215669631958,0.9977636933326721,0.47466447949409485,0.6618152856826782,-0.13556809723377228,0.9478161931037903,0.4523981213569641,0.6624407172203064,0.1889306902885437,0.5396758317947388,0.4981418251991272,0.7510738968849182,-0.057154130190610886,0.9594591856002808,0.48010721802711487,0.7486713528633118,0.26024702191352844,0.6054518222808838,0.5184906125068665,0.7683794498443604,-0.05495459586381912,0.9409365057945251,0.503966748714447,0.7633067965507507,0.26074638962745667,0.639519453048706,0.4281860888004303,0.7782067656517029,-0.1616860032081604,0.9566754102706909,0.4171265661716461,0.7723934650421143,0.18083761632442474,0.7548831105232239
IMG_9576 5,35,1161,bad,0.3994697630405426,0.4098359942436218,-0.052580706775188446,0.9995534420013428,0.40791529417037964,0.4019800126552582,-0.08033473044633865,0.9996355772018433,0.41055119037628174,0.4018993377685547,-0.08041878044605255,0.9997318983078003,0.41339728236198425,0.40180912613868713,-0.0804385170340538,0.9997855424880981,0.406482458114624,0.4018320143222809,-0.03189381584525108,0.9991115927696228,0.4079422950744629,0.40169861912727356,-0.03186647593975067,0.998932957649231,0.409649521112442,0.4015299379825592,-0.03185713663697243,0.9988074898719788,0.43489810824394226,0.40526390075683594,-0.14702904224395752,0.999843418598175,0.4280022382736206,0.40463393926620483,0.06659742444753647,0.9983422756195068,0.40861964225769043,0.41815274953842163,-0.07300030440092087,0.9996873140335083,0.4066189229488373,0.41821959614753723,-0.011044434271752834,0.9988955855369568,0.4721021354198456,0.4470176100730896,-0.2827647924423218,0.9999903440475464,0.43518054485321045,0.45232123136520386,0.2592337727546692,0.9974631667137146,0.4870935380458832,0.5055545568466187,-0.4266451299190521,0.9962654709815979,0.3867020308971405,0.4830799400806427,0.5019792914390564,0.5190070271492004,0.4675814211368561,0.5645569562911987,-0.4903762936592102,0.9955614805221558,0.3158331513404846,0.45166581869125366,0.6086464524269104,0.7361722588539124,0.46992191672325134,0.5831203460693359,-0.5318331122398376,0.9896225333213806,0.293678879737854,0.4443804919719696,0.6444493532180786,0.677078127861023,0.4606606066226959,0.5814366936683655,-0.5440680384635925,0.9891350269317627,0.2931087613105774,0.4402402937412262,0.6161733269691467,0.694940984249115,0.4585222601890564,0.5749076008796692,-0.4922424852848053,0.9805278778076172,0.3007204830646515,0.4430004060268402,0.5965431332588196,0.7072942852973938,0.47388941049575806,0.5750373601913452,-0.16498348116874695,0.9991025328636169,0.44817447662353516,0.5739708542823792,0.1648368537425995,0.9977988004684448,0.47185584902763367,0.6635379195213318,-0.13129764795303345,0.9485273361206055,0.45277440547943115,0.6625268459320068,0.18917213380336761,0.5387254953384399,0.4972287714481354,0.7519576549530029,-0.051510702818632126,0.9595211744308472,0.4806215763092041,0.7486519813537598,0.26477837562561035,0.6054345965385437,0.5179331302642822,0.7696928381919861,-0.04833655804395676,0.9423835277557373,0.5040721297264099,0.7631904482841492,0.264974981546402,0.6381584405899048,0.426688015460968,0.7783125042915344,-0.15286658704280853,0.956753134727478,0.4176974892616272,0.7716286778450012,0.18594235181808472,0.7532220482826233
IMG_9576 5,36,1194,bad,0.3994728624820709,0.41002583503723145,-0.05172896012663841,0.9995356202125549,0.4079183340072632,0.40206846594810486,-0.07984478771686554,0.9996236562728882,0.4105280935764313,0.40197867155075073,-0.07993083447217941,0.9997276663780212,0.4133462607860565,0.40186724066734314,-0.07996320724487305,0.9997786283493042,0.40649762749671936,0.4019307792186737,-0.030634911730885506,0.999091625213623,0.4079626202583313,0.40178975462913513,-0.030589502304792404,0.9989267587661743,0.4096917510032654,0.4015953838825226,-0.030576536431908607,0.9987940788269043,0.4344169497489929,0.4052410423755646,-0.14350764453411102,0.9998393058776855,0.42820197343826294,0.4046136736869812,0.06772865355014801,0.9983250498771667,0.40862756967544556,0.4182177782058716,-0.07213424891233444,0.9996731281280518,0.4066803455352783,0.41830918192863464,-0.010330531746149063,0.9988347291946411,0.4684019684791565,0.44691789150238037,-0.2728162705898285,0.9999904632568359,0.4417497217655182,0.4523168206214905,0.25977134704589844,0.9973440170288086,0.4855639338493347,0.5059642195701599,-0.41130638122558594,0.996386706829071,0.4011892080307007,0.48902106285095215,0.4765547513961792,0.4884505569934845,0.46463069319725037,0.5646981000900269,-0.47100284695625305,0.9957377314567566,0.33512309193611145,0.46255314350128174,0.5398299098014832,0.7226049900054932,0.46719759702682495,0.5831652283668518,-0.5075976848602295,0.9899647235870361,0.31731128692626953,0.4561784863471985,0.5686969757080078,0.6675756573677063,0.45817312598228455,0.581440269947052,-0.522519588470459,0.9894827604293823,0.31481075286865234,0.4526721239089966,0.5391607880592346,0.6845951080322266,0.45594877004623413,0.5749722123146057,-0.47299137711524963,0.9810770153999329,0.32226991653442383,0.4551657736301422,0.5255333781242371,0.6952772736549377,0.4707646667957306,0.5744372606277466,-0.1623263657093048,0.9990780353546143,0.45044219493865967,0.573763370513916,0.16224661469459534,0.9977594614028931,0.4713604748249054,0.6637316346168518,-0.1320158839225769,0.9487388134002686,0.45355162024497986,0.6625544428825378,0.1655026376247406,0.5412603616714478,0.4972350597381592,0.7520037889480591,-0.05825202912092209,0.9590843915939331,0.4816882014274597,0.7486451268196106,0.23527000844478607,0.6080142855644226,0.5175410509109497,0.7696868181228638,-0.056366775184869766,0.9433783888816833,0.5041930675506592,0.7632068395614624,0.2357788383960724,0.6371827721595764,0.4269062876701355,0.7776477932929993,-0.16113214194774628,0.9560662508010864,0.4183805286884308,0.7711173295974731,0.15321768820285797,0.751297652721405
IMG_9576 5,37,1227,bad,0.39956626296043396,0.41036808490753174,-0.04477369785308838,0.9995145201683044,0.4081094563007355,0.40220046043395996,-0.07203418761491776,0.9996073246002197,0.41069120168685913,0.4020847678184509,-0.07212650775909424,0.9997232556343079,0.4135272204875946,0.4019377827644348,-0.0721188485622406,0.9997697472572327,0.40665969252586365,0.4020901322364807,-0.02491852641105652,0.9990510940551758,0.408115953207016,0.4019325077533722,-0.02490249276161194,0.9989097714424133,0.4098617136478424,0.40170183777809143,-0.02490832470357418,0.9987732172012329,0.4344174563884735,0.4052017331123352,-0.13599631190299988,0.9998358488082886,0.4285278916358948,0.4045857787132263,0.06836308538913727,0.9983270168304443,0.4087802767753601,0.4183828830718994,-0.06556668877601624,0.9996639490127563,0.4067358374595642,0.4184715747833252,-0.006268447730690241,0.9987900853157043,0.46680179238319397,0.4468669295310974,-0.2714078724384308,0.9999909996986389,0.44409361481666565,0.4522540271282196,0.2611319422721863,0.9973393082618713,0.4840436577796936,0.5060808062553406,-0.41478869318962097,0.996579647064209,0.4076061546802521,0.492275595664978,0.4891652464866638,0.4637342095375061,0.46284815669059753,0.5647017955780029,-0.5008822083473206,0.9960440397262573,0.3416751027107239,0.4696860909461975,0.580819308757782,0.726775586605072,0.4628138840198517,0.5830643773078918,-0.5370007753372192,0.9906379580497742,0.32663965225219727,0.4651370644569397,0.6141986846923828,0.6755822896957397,0.4537045955657959,0.5813373923301697,-0.5562433004379272,0.9901772141456604,0.32381704449653625,0.46211501955986023,0.588089644908905,0.6916220188140869,0.45245489478111267,0.5749668478965759,-0.5050451159477234,0.9822672605514526,0.3313172459602356,0.46367496252059937,0.5698506236076355,0.7000969052314758,0.4680939316749573,0.5745114088058472,-0.16214196383953094,0.9991055727005005,0.45047828555107117,0.5736333131790161,0.16205228865146637,0.9978119730949402,0.4673004448413849,0.6637541651725769,-0.16157223284244537,0.9501462578773499,0.45367932319641113,0.6625213027000427,0.1391679346561432,0.546522855758667,0.49722057580947876,0.7534568905830383,-0.11343539506196976,0.9594843983650208,0.48133933544158936,0.7487025856971741,0.1891355812549591,0.6117258667945862,0.5174267292022705,0.7697228789329529,-0.11463332176208496,0.9442346096038818,0.5033445358276367,0.7632182836532593,0.18705374002456665,0.6361083388328552,0.4269055426120758,0.7774744033813477,-0.2295699119567871,0.9566273093223572,0.41812562942504883,0.771098792552948,0.10181751102209091,0.7526496052742004
IMG_9576 5,38,1260,bad,0.3993177115917206,0.4104175567626953,-0.046422045677900314,0.9994511008262634,0.4079063832759857,0.40226298570632935,-0.07564349472522736,0.9995563626289368,0.41048941016197205,0.40213510394096375,-0.075728639960289,0.9996935725212097,0.4133133292198181,0.4019642472267151,-0.0757153183221817,0.9997391700744629,0.4064266085624695,0.40212956070899963,-0.02740611508488655,0.9989483952522278,0.40788939595222473,0.4019533395767212,-0.027393657714128494,0.9988178014755249,0.40966302156448364,0.40170419216156006,-0.027422478422522545,0.9986615777015686,0.4339120388031006,0.40517663955688477,-0.14741204679012299,0.999815821647644,0.42851579189300537,0.4045255184173584,0.06413096934556961,0.9982160925865173,0.40877148509025574,0.41839656233787537,-0.068944051861763,0.9996289014816284,0.4066988527774811,0.4184728264808655,-0.007955544628202915,0.9986732602119446,0.4650380611419678,0.4468421936035156,-0.28669100999832153,0.9999910593032837,0.4502805471420288,0.45198091864585876,0.25686365365982056,0.997211754322052,0.48352181911468506,0.5058290958404541,-0.41988030076026917,0.9966297745704651,0.42213529348373413,0.48950740694999695,0.49323204159736633,0.4284541606903076,0.46295440196990967,0.5645924806594849,-0.488853394985199,0.9961872696876526,0.3491678833961487,0.47980743646621704,0.621273398399353,0.698875367641449,0.4630797207355499,0.582738995552063,-0.5255489349365234,0.990959107875824,0.3310794234275818,0.47509661316871643,0.6617814302444458,0.6542442440986633,0.4539414942264557,0.5811620950698853,-0.539408266544342,0.9905005097389221,0.3293837308883667,0.4729164242744446,0.6293278932571411,0.6702701449394226,0.45266199111938477,0.5749559998512268,-0.4910424053668976,0.9827721118927002,0.3369739055633545,0.4743514657020569,0.6085364818572998,0.6783601641654968,0.4682842791080475,0.5747709274291992,-0.1622847467660904,0.9990692734718323,0.45178353786468506,0.5736591219902039,0.16219642758369446,0.9976633191108704,0.46741703152656555,0.6641167998313904,-0.1507941037416458,0.9505757093429565,0.4541684091091156,0.6626238226890564,0.14151932299137115,0.5488068461418152,0.4972785711288452,0.7543490529060364,-0.09351148456335068,0.9601747393608093,0.48154228925704956,0.7488247156143188,0.20324403047561646,0.6163684725761414,0.5175063014030457,0.7701480984687805,-0.09400010108947754,0.9455137848854065,0.5033607482910156,0.7632627487182617,0.202246755361557,0.6385517120361328,0.4269457459449768,0.7774850130081177,-0.192445769906044,0.9572583436965942,0.41812437772750854,0.7712870836257935,0.13437600433826447,0.7542133331298828
IMG_9576 5,39,1293,bad,0.3991762101650238,0.4106193780899048,-0.012944074347615242,0.9994508624076843,0.4078501760959625,0.40245676040649414,-0.04354487732052803,0.9995476007461548,0.41047513484954834,0.402309775352478,-0.04364057257771492,0.9996883273124695,0.4133133292198181,0.4021037220954895,-0.0436709001660347,0.9997376799583435,0.4062005579471588,0.4023236632347107,0.008564634248614311,0.9989404082298279,0.40760165452957153,0.402124285697937,0.008617858402431011,0.9987976551055908,0.4093054533004761,0.40183255076408386,0.008556369692087173,0.9986293911933899,0.4338662922382355,0.405181884765625,-0.12499843537807465,0.9998124837875366,0.42842236161231995,0.4045238494873047,0.10331235080957413,0.9980943202972412,0.40884479880332947,0.4185307025909424,-0.039023883640766144,0.9996156692504883,0.4066687226295471,0.41860395669937134,0.026972202584147453,0.9986331462860107,0.46479135751724243,0.44650182127952576,-0.28636884689331055,0.9999916553497314,0.4495478570461273,0.45197364687919617,0.2782003879547119,0.9970933794975281,0.48353543877601624,0.5054308176040649,-0.40246880054473877,0.9967970252037048,0.43466705083847046,0.49652019143104553,0.40953323245048523,0.38983842730522156,0.4630640149116516,0.5640316009521484,-0.42244526743888855,0.996355414390564,0.36787551641464233,0.4992067515850067,0.36248794198036194,0.6421449184417725,0.4634588658809662,0.5822629332542419,-0.4695216417312622,0.991385817527771,0.35447627305984497,0.5035616159439087,0.3728407025337219,0.6057595014572144,0.4542562961578369,0.5806164145469666,-0.47181031107902527,0.9909240007400513,0.3550446927547455,0.5028274655342102,0.32491403818130493,0.6213425397872925,0.4528955817222595,0.5742614269256592,-0.419452965259552,0.9834851026535034,0.357950896024704,0.5026950836181641,0.33784645795822144,0.6291553378105164,0.4686233401298523,0.573877215385437,-0.16585570573806763,0.9991027116775513,0.453762412071228,0.5732571482658386,0.16581261157989502,0.9975404143333435,0.46697142720222473,0.6634270548820496,-0.15185125172138214,0.9514824151992798,0.4571121037006378,0.6617130041122437,0.16779236495494843,0.5415506958961487,0.49671241641044617,0.7543628215789795,-0.10731309652328491,0.9618347883224487,0.48127391934394836,0.7487570643424988,0.2270868867635727,0.6160935163497925,0.5174225568771362,0.7702310681343079,-0.10897484421730042,0.9478632807731628,0.5028037428855896,0.7631670236587524,0.2274816781282425,0.6389848589897156,0.42460426688194275,0.7774924039840698,-0.21872948110103607,0.9588317275047302,0.4181370735168457,0.770812451839447,0.14923352003097534,0.7532967329025269
IMG_9576 5,40,1327,bad,0.39905309677124023,0.4109732210636139,-0.013692714273929596,0.9994901418685913,0.40771418809890747,0.40258291363716125,-0.044041551649570465,0.9995765686035156,0.4103427231311798,0.402420312166214,-0.0441344752907753,0.9997074007987976,0.41322168707847595,0.40220656991004944,-0.04417208582162857,0.9997541308403015,0.4058248698711395,0.4025026261806488,0.007947581820189953,0.999018669128418,0.40710851550102234,0.4023103415966034,0.008014252409338951,0.9988844990730286,0.4086902141571045,0.40203237533569336,0.007964564487338066,0.9987306594848633,0.4337672293186188,0.40522608160972595,-0.12504002451896667,0.9998243451118469,0.4280724823474884,0.4046114385128021,0.1039731428027153,0.9982286691665649,0.4088507890701294,0.41864123940467834,-0.039612263441085815,0.9996413588523865,0.406601220369339,0.4187318682670593,0.026644650846719742,0.998735249042511,0.4642331302165985,0.44608965516090393,-0.28613725304603577,0.999992311000824,0.4482327699661255,0.45219841599464417,0.2763310670852661,0.9972966909408569,0.48234766721725464,0.5045737028121948,-0.3922608494758606,0.9970062971115112,0.439709335565567,0.5079479813575745,0.34525686502456665,0.3567764163017273,0.46292534470558167,0.5637625455856323,-0.41828015446662903,0.9965304136276245,0.42669713497161865,0.5565669536590576,0.2613010108470917,0.5908284187316895,0.46358242630958557,0.582080602645874,-0.4711276888847351,0.9917821288108826,0.4215036630630493,0.5725786685943604,0.26787224411964417,0.5596010684967041,0.45447152853012085,0.5805021524429321,-0.46701404452323914,0.9913139343261719,0.42260006070137024,0.5710583329200745,0.21813896298408508,0.5740275979042053,0.4530528783798218,0.5742105841636658,-0.413906067609787,0.9841242432594299,0.41534408926963806,0.5673924088478088,0.23662804067134857,0.5816089510917664,0.46800485253334045,0.5721756815910339,-0.1660444140434265,0.999151885509491,0.453574001789093,0.5722782015800476,0.1660175621509552,0.9976022243499756,0.4677398204803467,0.6615349054336548,-0.1732281893491745,0.9531567096710205,0.4569324254989624,0.661649763584137,0.16888871788978577,0.532410740852356,0.4967203736305237,0.7535950541496277,-0.1403075009584427,0.9633700847625732,0.48109832406044006,0.7487724423408508,0.22300855815410614,0.612183690071106,0.5178097486495972,0.7694786190986633,-0.14300833642482758,0.9499431848526001,0.5030888915061951,0.7631669640541077,0.22147300839424133,0.6387455463409424,0.4246957302093506,0.7772372961044312,-0.2592613995075226,0.9601559638977051,0.4179611802101135,0.7709193229675293,0.14476396143436432,0.7503308057785034
IMG_9576 5,41,1360,bad,0.3981885612010956,0.411043643951416,-0.0527692511677742,0.9995138049125671,0.4068586528301239,0.4025874435901642,-0.08485036343336105,0.9995912909507751,0.4095369279384613,0.40242207050323486,-0.08490896224975586,0.9997156262397766,0.4124602973461151,0.4022073447704315,-0.08494860678911209,0.9997615218162537,0.40469253063201904,0.402526319026947,-0.030772382393479347,0.9990740418434143,0.4059053361415863,0.4023406207561493,-0.030709901824593544,0.998948335647583,0.407429039478302,0.40206849575042725,-0.03076191619038582,0.9988095760345459,0.43323883414268494,0.4052233099937439,-0.16773250699043274,0.9998287558555603,0.4274459481239319,0.4046211540699005,0.07116784155368805,0.9983293414115906,0.40837037563323975,0.41864776611328125,-0.07920361310243607,0.9996567964553833,0.4058305621147156,0.4187479317188263,-0.009914716705679893,0.9988168478012085,0.4637068212032318,0.44603368639945984,-0.31687232851982117,0.9999927878379822,0.4478415250778198,0.45237624645233154,0.24105513095855713,0.9974892735481262,0.48105305433273315,0.5046663284301758,-0.39380383491516113,0.9971410632133484,0.4455717206001282,0.5109199285507202,0.30271685123443604,0.32810449600219727,0.462874174118042,0.5637971758842468,-0.4273926913738251,0.9965625405311584,0.43793949484825134,0.5608276724815369,0.2120973765850067,0.5446205139160156,0.46377870440483093,0.5820475816726685,-0.4832848310470581,0.9918574690818787,0.43207108974456787,0.5754393935203552,0.21856632828712463,0.517828643321991,0.4545370638370514,0.5804966688156128,-0.47648587822914124,0.9913589358329773,0.43262016773223877,0.5741059184074402,0.16653211414813995,0.5311043858528137,0.4531012773513794,0.5744883418083191,-0.42240872979164124,0.9841057658195496,0.43300357460975647,0.570993185043335,0.18710684776306152,0.5384516716003418,0.46820175647735596,0.5722157955169678,-0.16845212876796722,0.9991632699966431,0.4541516602039337,0.5725080370903015,0.168467178940773,0.9975171685218811,0.46620818972587585,0.6614612936973572,-0.16513651609420776,0.9545226097106934,0.4571364223957062,0.6611076593399048,0.201170414686203,0.5172582268714905,0.494962215423584,0.7535873055458069,-0.11442703753709793,0.9648926258087158,0.4813079237937927,0.7481311559677124,0.2655812203884125,0.6021655797958374,0.5176674127578735,0.769203782081604,-0.11517707258462906,0.9524009823799133,0.5044328570365906,0.7629106044769287,0.26631593704223633,0.6360172033309937,0.424031138420105,0.777016282081604,-0.23160579800605774,0.9613916277885437,0.4179661273956299,0.7704139947891235,0.19176208972930908,0.7448282241821289
IMG_9576 5,42,1393,bad,0.397579550743103,0.4110429286956787,-0.08297519385814667,0.9995367527008057,0.4064095914363861,0.4025577902793884,-0.11534074693918228,0.9996060729026794,0.40905240178108215,0.4023911654949188,-0.11539097130298615,0.9997251033782959,0.411995530128479,0.4021666347980499,-0.11543048918247223,0.999769926071167,0.4042930603027344,0.4025079011917114,-0.061502132564783096,0.999125599861145,0.40551066398620605,0.40232715010643005,-0.06143944337964058,0.999008297920227,0.40704312920570374,0.40205416083335876,-0.06147424131631851,0.9988803863525391,0.43275007605552673,0.40520739555358887,-0.19606132805347443,0.9998345971107483,0.42709681391716003,0.4046022593975067,0.041976794600486755,0.9984102845191956,0.4078962504863739,0.4186486601829529,-0.10831868648529053,0.9996723532676697,0.4052011966705322,0.41875380277633667,-0.039243780076503754,0.9988892078399658,0.46253758668899536,0.4454193711280823,-0.3420773446559906,0.9999933242797852,0.4487520158290863,0.45230457186698914,0.2195957899093628,0.9976338148117065,0.4811027944087982,0.5043248534202576,-0.41646334528923035,0.9973423480987549,0.45206111669540405,0.5119450092315674,0.28665637969970703,0.3016650974750519,0.4631759524345398,0.563412070274353,-0.43816182017326355,0.9967584609985352,0.4463978409767151,0.5638890862464905,0.19575481116771698,0.5037686824798584,0.4643952548503876,0.58191978931427,-0.4915856122970581,0.9922805428504944,0.4457816183567047,0.580656111240387,0.2015514373779297,0.4810362160205841,0.45519712567329407,0.58033287525177,-0.48790714144706726,0.9917900562286377,0.4404700994491577,0.5784464478492737,0.1487870067358017,0.4932449162006378,0.4536738693714142,0.5740717053413391,-0.4329962730407715,0.9847983121871948,0.44423359632492065,0.5717512369155884,0.1706431359052658,0.500026524066925,0.46834415197372437,0.5718194246292114,-0.17102356255054474,0.9991932511329651,0.4563206434249878,0.5725365877151489,0.17105016112327576,0.9974543452262878,0.46623483300209045,0.6611863374710083,-0.16326044499874115,0.9565280079841614,0.45802855491638184,0.6610429883003235,0.2271033376455307,0.49929118156433105,0.4949212670326233,0.7535108923912048,-0.11120869219303131,0.9665923118591309,0.4813261926174164,0.7479325532913208,0.3027978241443634,0.5921908617019653,0.5181229114532471,0.7698153853416443,-0.11208023875951767,0.9545734524726868,0.5045847296714783,0.7628708481788635,0.30476802587509155,0.6330749988555908,0.42235973477363586,0.7771444320678711,-0.23111869394779205,0.9629753828048706,0.41795462369918823,0.7700733542442322,0.23134522140026093,0.7408661842346191
IMG_9576 5,43,1426,bad,0.39710482954978943,0.41123998165130615,-0.07287131994962692,0.9995586276054382,0.40597498416900635,0.4026281237602234,-0.10454203933477402,0.9996203780174255,0.4085950255393982,0.4024450182914734,-0.1045987457036972,0.9997335076332092,0.4115283191204071,0.4022138714790344,-0.10463710129261017,0.9997774362564087,0.4038727283477783,0.40262776613235474,-0.05157065391540527,0.9991750121116638,0.4051150381565094,0.40245115756988525,-0.05151479318737984,0.999065101146698,0.4066791832447052,0.4021858274936676,-0.051548928022384644,0.9989500641822815,0.4322875738143921,0.4052167236804962,-0.18432842195034027,0.9998392462730408,0.4269014298915863,0.40463173389434814,0.049719952046871185,0.9984897375106812,0.4076157808303833,0.41866281628608704,-0.09791968017816544,0.9996849894523621,0.40489810705184937,0.4187898337841034,-0.030045371502637863,0.9989535212516785,0.461993932723999,0.44512078166007996,-0.33277398347854614,0.9999938011169434,0.44885390996932983,0.4522996246814728,0.22682149708271027,0.9977790117263794,0.4811401963233948,0.5041333436965942,-0.4139072597026825,0.9975098967552185,0.45378631353378296,0.51151043176651,0.29684534668922424,0.2774726152420044,0.46324440836906433,0.5632165670394897,-0.4183392822742462,0.9968929886817932,0.4476984441280365,0.5645541548728943,0.20808197557926178,0.4661186635494232,0.46448472142219543,0.5817045569419861,-0.47466039657592773,0.9925714135169983,0.4468582272529602,0.5797170400619507,0.21479400992393494,0.4472184181213379,0.45530954003334045,0.5801911950111389,-0.46372947096824646,0.9920795559883118,0.44023600220680237,0.578125536441803,0.1626780480146408,0.45851457118988037,0.45376473665237427,0.5739890336990356,-0.41117238998413086,0.9852588176727295,0.44098877906799316,0.5736944079399109,0.18319298326969147,0.46489790081977844,0.4679001271724701,0.571708619594574,-0.17264169454574585,0.9992113709449768,0.4573889672756195,0.5725603103637695,0.17266935110092163,0.9974141716957092,0.4659234285354614,0.6611645221710205,-0.16101376712322235,0.9572927355766296,0.45905888080596924,0.661048173904419,0.2166404128074646,0.47788578271865845,0.4949477016925812,0.7535322904586792,-0.10570234805345535,0.9674938321113586,0.4812779724597931,0.7483552694320679,0.28933802247047424,0.5803931355476379,0.5180007815361023,0.769558310508728,-0.10611564666032791,0.9560328125953674,0.5049400925636292,0.7629501819610596,0.29081660509109497,0.6300443410873413,0.4217609465122223,0.7775569558143616,-0.2250470668077469,0.9637222290039062,0.41772523522377014,0.7704828977584839,0.21572738885879517,0.7339612245559692
IMG_9576 5,44,1459,bad,0.3968840539455414,0.4115447402000427,-0.07242246717214584,0.9995759725570679,0.40574756264686584,0.4027535617351532,-0.10399173200130463,0.9996317625045776,0.40830832719802856,0.4025454521179199,-0.10404447466135025,0.9997397065162659,0.41122886538505554,0.40229836106300354,-0.10408532619476318,0.9997832775115967,0.4037701487541199,0.4027825891971588,-0.05104173347353935,0.9992173910140991,0.4050370752811432,0.40259382128715515,-0.05098465830087662,0.9991133213043213,0.4066309928894043,0.4023185074329376,-0.05101252347230911,0.9990103840827942,0.43203654885292053,0.4052576720714569,-0.1829860657453537,0.9998422265052795,0.42686334252357483,0.4046646058559418,0.051080986857414246,0.9985522627830505,0.407447874546051,0.4187116324901581,-0.09709249436855316,0.9996938109397888,0.4048290550708771,0.41886743903160095,-0.029203809797763824,0.9990076422691345,0.4614110291004181,0.44493383169174194,-0.33086615800857544,0.9999940991401672,0.4502534866333008,0.45229625701904297,0.22834481298923492,0.9978883266448975,0.4807027280330658,0.5036348104476929,-0.41182684898376465,0.9976532459259033,0.4605420231819153,0.5107039213180542,0.29644814133644104,0.2548960745334625,0.4632628262042999,0.5623606443405151,-0.4056244194507599,0.9969893097877502,0.44949012994766235,0.564163327217102,0.20438344776630402,0.43026384711265564,0.46459224820137024,0.5811963677406311,-0.46230611205101013,0.9927629828453064,0.44864851236343384,0.5791409611701965,0.21080563962459564,0.4149637818336487,0.4553970694541931,0.5796716213226318,-0.44912031292915344,0.9922656416893005,0.44136446714401245,0.5773453712463379,0.1576484590768814,0.4254588484764099,0.45384731888771057,0.5733364224433899,-0.3978339731693268,0.9855377078056335,0.4463074207305908,0.5733817219734192,0.1790212094783783,0.4314543604850769,0.4660662114620209,0.5715529918670654,-0.17304733395576477,0.9991967082023621,0.45787984132766724,0.5725803971290588,0.1730780452489853,0.9972570538520813,0.46436625719070435,0.6611409187316895,-0.15416856110095978,0.9580196738243103,0.46030429005622864,0.6610723733901978,0.21307824552059174,0.46154800057411194,0.4921179413795471,0.7533787488937378,-0.09042422473430634,0.9682399034500122,0.48135754466056824,0.7481968998908997,0.2893857955932617,0.5721091032028198,0.5165161490440369,0.7694743275642395,-0.08990592509508133,0.9570842981338501,0.5051125288009644,0.7629098296165466,0.29141366481781006,0.6279308795928955,0.42006900906562805,0.7777740955352783,-0.2018735259771347,0.9642378091812134,0.417714923620224,0.7704260349273682,0.21467803418636322,0.7292742729187012
IMG_9576 5,45,1493,bad,0.39665356278419495,0.4121469557285309,-0.08466698229312897,0.9995788931846619,0.405446320772171,0.40338194370269775,-0.11631529778242111,0.9996289014816284,0.40809839963912964,0.4030872881412506,-0.11636081337928772,0.9997361302375793,0.4110361933708191,0.40273115038871765,-0.11639837920665741,0.999780535697937,0.4033610224723816,0.4034237265586853,-0.06334483623504639,0.9992361664772034,0.4046400785446167,0.40318629145622253,-0.06329257041215897,0.9991374015808105,0.40623629093170166,0.40285724401474,-0.06332098692655563,0.9990415573120117,0.43192440271377563,0.4053712487220764,-0.1939135640859604,0.9998384714126587,0.4267587959766388,0.40495753288269043,0.04037835821509361,0.9985684752464294,0.40743935108184814,0.4189273416996002,-0.10862305760383606,0.9996930956840515,0.40479564666748047,0.41909629106521606,-0.04065657779574394,0.9990319013595581,0.4614689350128174,0.44492393732070923,-0.3386748731136322,0.9999943971633911,0.45097678899765015,0.4523066580295563,0.21916747093200684,0.9979631900787354,0.48073261976242065,0.5034233331680298,-0.4143213927745819,0.9977728724479675,0.463319331407547,0.5106217861175537,0.2869272530078888,0.2342771291732788,0.46329888701438904,0.5614402294158936,-0.41283926367759705,0.9970727562904358,0.4491361379623413,0.5612244009971619,0.19348491728305817,0.3977631628513336,0.46461573243141174,0.5801126956939697,-0.4695250988006592,0.9929221272468567,0.44707557559013367,0.5769546627998352,0.19889014959335327,0.3858700096607208,0.4554270803928375,0.5786859393119812,-0.4575546979904175,0.992418646812439,0.44475486874580383,0.5753249526023865,0.1458660364151001,0.39557507634162903,0.45390281081199646,0.5724500417709351,-0.4054567217826843,0.9857529997825623,0.4452984929084778,0.5691483616828918,0.16810129582881927,0.4012622833251953,0.46703869104385376,0.5716279149055481,-0.17344418168067932,0.9991693496704102,0.4614936411380768,0.5726195573806763,0.17346850037574768,0.997018039226532,0.46392810344696045,0.661198616027832,-0.13418790698051453,0.9584274291992188,0.46039414405822754,0.6610189080238342,0.22483406960964203,0.4450033903121948,0.49200186133384705,0.7533384561538696,-0.05930238589644432,0.9687463045120239,0.4814273416996002,0.7474835515022278,0.3149590492248535,0.5613207817077637,0.5165013074874878,0.7696191072463989,-0.057924672961235046,0.9578912258148193,0.5054851174354553,0.762664258480072,0.31866851449012756,0.6233600378036499,0.41761577129364014,0.7777730822563171,-0.1715404987335205,0.9645005464553833,0.41733989119529724,0.7699680328369141,0.24438899755477905,0.7232645153999329
IMG_9576 5,46,1526,bad,0.3966500461101532,0.4128422737121582,-0.09475835412740707,0.9995906352996826,0.4054183065891266,0.4039582312107086,-0.1262437105178833,0.999635636806488,0.4080571234226227,0.40362775325775146,-0.12627679109573364,0.9997393488883972,0.4109865128993988,0.40324100852012634,-0.12631423771381378,0.9997835159301758,0.40335026383399963,0.40403032302856445,-0.07338990271091461,0.9992691874504089,0.40463483333587646,0.40377771854400635,-0.07333968579769135,0.9991777539253235,0.40623635053634644,0.40342798829078674,-0.07335742563009262,0.9990913271903992,0.43191128969192505,0.4056876599788666,-0.2020416110754013,0.9998382329940796,0.42676734924316406,0.40534403920173645,0.03163599967956543,0.9986163377761841,0.40745794773101807,0.4192965626716614,-0.11808382719755173,0.9996979236602783,0.4048392176628113,0.41949984431266785,-0.050310466438531876,0.9990726709365845,0.46119752526283264,0.4449838399887085,-0.34259626269340515,0.9999944567680359,0.45248278975486755,0.4526154398918152,0.21111100912094116,0.9980379343032837,0.48004844784736633,0.5035702586174011,-0.41156595945358276,0.9978625178337097,0.46671023964881897,0.5118888020515442,0.2776607275009155,0.21563087403774261,0.4621613323688507,0.562440812587738,-0.3845745921134949,0.9970429539680481,0.45295894145965576,0.5611857771873474,0.18196721374988556,0.3674300014972687,0.46217969059944153,0.580517053604126,-0.4396272301673889,0.9928004145622253,0.4489020109176636,0.5733951926231384,0.18652424216270447,0.35855916142463684,0.45393040776252747,0.5791900157928467,-0.42605671286582947,0.9922730922698975,0.44239556789398193,0.5722452998161316,0.13386711478233337,0.36759722232818604,0.45297083258628845,0.5730106830596924,-0.37634164094924927,0.9854554533958435,0.44396018981933594,0.5692179799079895,0.15670245885849,0.3727593719959259,0.46677497029304504,0.5724416375160217,-0.1734163463115692,0.9991123080253601,0.463483065366745,0.5732996463775635,0.173432394862175,0.9967576265335083,0.46361854672431946,0.6617158055305481,-0.12061506509780884,0.9591803550720215,0.46329787373542786,0.6610704064369202,0.22514989972114563,0.4369867146015167,0.4905531704425812,0.7535499334335327,-0.037806425243616104,0.9696657061576843,0.48369017243385315,0.7474457621574402,0.32214757800102234,0.5605631470680237,0.5151680707931519,0.7697805166244507,-0.03588343411684036,0.9589341878890991,0.506232500076294,0.7626158595085144,0.3263589143753052,0.6234382390975952,0.4174872934818268,0.7775561809539795,-0.150979146361351,0.9653095006942749,0.41864290833473206,0.7689483165740967,0.24938902258872986,0.7246277332305908
IMG_9576 5,47,1559,bad,0.39700421690940857,0.4129701554775238,-0.09214263409376144,0.999607264995575,0.4056660830974579,0.4041423797607422,-0.123139388859272,0.9996475577354431,0.40835291147232056,0.40380996465682983,-0.12317592650651932,0.9997463822364807,0.4113352596759796,0.4034053683280945,-0.12321610748767853,0.9997901320457458,0.40341994166374207,0.40425944328308105,-0.07078023999929428,0.9993064403533936,0.40466126799583435,0.404029905796051,-0.07073318213224411,0.9992198944091797,0.4062400758266449,0.4036972224712372,-0.07075166702270508,0.9991427659988403,0.43219995498657227,0.4056905508041382,-0.19849330186843872,0.9998422861099243,0.42675670981407166,0.4054015576839447,0.033018115907907486,0.9986780285835266,0.4080202877521515,0.41964492201805115,-0.11530090123414993,0.999708890914917,0.4050155282020569,0.41983067989349365,-0.04816413298249245,0.9991214871406555,0.46123647689819336,0.4445863366127014,-0.3420836627483368,0.9999947547912598,0.45229098200798035,0.4526752531528473,0.2132507860660553,0.9981412291526794,0.4797637462615967,0.5035785436630249,-0.4121895134449005,0.9979946613311768,0.463835746049881,0.5126461386680603,0.27952584624290466,0.20063915848731995,0.4614439308643341,0.5636420845985413,-0.4002954661846161,0.9971754550933838,0.44989871978759766,0.5636586546897888,0.1872434765100479,0.3431214392185211,0.4611233174800873,0.5813181400299072,-0.4552009403705597,0.9930728673934937,0.44345226883888245,0.5799387693405151,0.1928829401731491,0.3364763855934143,0.45221593976020813,0.5797784924507141,-0.44420361518859863,0.9925576448440552,0.44122377038002014,0.5791411399841309,0.14066627621650696,0.3449147641658783,0.45155981183052063,0.573747992515564,-0.39292770624160767,0.9859261512756348,0.4412537217140198,0.5725987553596497,0.16231995820999146,0.3497113883495331,0.4668988287448883,0.572332501411438,-0.17341816425323486,0.9990927577018738,0.4643442928791046,0.5732816457748413,0.1734297126531601,0.996627926826477,0.46341562271118164,0.6617192625999451,-0.12555675208568573,0.9594151973724365,0.4647981822490692,0.6610745191574097,0.22238248586654663,0.42322874069213867,0.49066224694252014,0.7527778148651123,-0.045767247676849365,0.9699229598045349,0.4855237603187561,0.747198224067688,0.31584614515304565,0.5519949197769165,0.5151069164276123,0.7695968747138977,-0.04380277171730995,0.9593709111213684,0.5074291825294495,0.762583315372467,0.3195250928401947,0.6197637319564819,0.4176873564720154,0.7775560021400452,-0.15607479214668274,0.9653706550598145,0.41934776306152344,0.76897132396698,0.24130043387413025,0.7184387445449829
IMG_9576 5,48,1592,bad,0.3972617983818054,0.4132535457611084,-0.0900404080748558,0.9996233582496643,0.4058764576911926,0.4042809009552002,-0.12106334418058395,0.9996598958969116,0.40857651829719543,0.4039285182952881,-0.12110177427530289,0.9997539520263672,0.4115557074546814,0.4035189747810364,-0.12114056944847107,0.9997968077659607,0.40358781814575195,0.4044439196586609,-0.06875091791152954,0.9993425011634827,0.4048236012458801,0.40421268343925476,-0.06870394945144653,0.9992614984512329,0.4063822329044342,0.4038843810558319,-0.06872306764125824,0.9991924166679382,0.432418555021286,0.4057222902774811,-0.19665460288524628,0.999846339225769,0.4268852174282074,0.40550696849823,0.03462856635451317,0.9987407326698303,0.40834182500839233,0.419849693775177,-0.11330686509609222,0.9997195601463318,0.4053375720977783,0.42006587982177734,-0.04624449834227562,0.9991682171821594,0.46150287985801697,0.44459104537963867,-0.3402721583843231,0.9999949336051941,0.45313507318496704,0.45283588767051697,0.21472369134426117,0.9982287883758545,0.47942787408828735,0.503657877445221,-0.41019654273986816,0.9980912208557129,0.46167320013046265,0.5133976340293884,0.2801112234592438,0.18620459735393524,0.4595125913619995,0.5639473795890808,-0.3880831301212311,0.9972286224365234,0.4494061768054962,0.5624560713768005,0.18531404435634613,0.31949007511138916,0.4580896198749542,0.5814586877822876,-0.44315874576568604,0.993158757686615,0.442030131816864,0.5786648988723755,0.18957474827766418,0.3150843679904938,0.44951632618904114,0.5798768401145935,-0.4308279752731323,0.9926434755325317,0.44054076075553894,0.5774945020675659,0.13812342286109924,0.3229668140411377,0.4491528868675232,0.5739744901657104,-0.3802092969417572,0.9860434532165527,0.44034966826438904,0.5711014270782471,0.16042153537273407,0.3273521065711975,0.4669531583786011,0.5724690556526184,-0.17336539924144745,0.9990546107292175,0.4653419256210327,0.5734187364578247,0.17337389290332794,0.9964611530303955,0.4632934629917145,0.6617965698242188,-0.12210974842309952,0.9598428010940552,0.4666510820388794,0.6611799597740173,0.22173403203487396,0.4164544641971588,0.49053728580474854,0.7528101801872253,-0.03924623504281044,0.9704763889312744,0.4879070818424225,0.7471722364425659,0.31650984287261963,0.5505331158638,0.5150521993637085,0.7694559097290039,-0.03701653331518173,0.9600753784179688,0.509188711643219,0.7625171542167664,0.3203056752681732,0.6196277737617493,0.4186108410358429,0.7774689793586731,-0.14902560412883759,0.9658287167549133,0.4223393499851227,0.7688279151916504,0.2416931390762329,0.7180702686309814
IMG_9576 5,49,1625,bad,0.39745253324508667,0.4133738577365875,-0.08797302842140198,0.9996373653411865,0.4060406982898712,0.40434208512306213,-0.11942747980356216,0.9996702075004578,0.40880200266838074,0.4039812982082367,-0.11946563422679901,0.999760091304779,0.4118037223815918,0.40357112884521484,-0.11950453370809555,0.99980229139328,0.4036480188369751,0.4045354723930359,-0.06692107766866684,0.9993743300437927,0.40486499667167664,0.4043145179748535,-0.06687404215335846,0.9992972612380981,0.4064047932624817,0.4039978086948395,-0.06689305603504181,0.9992357492446899,0.43270769715309143,0.40572258830070496,-0.19566604495048523,0.9998497366905212,0.42695143818855286,0.4055604636669159,0.03660192713141441,0.9987950325012207,0.4086272418498993,0.419950008392334,-0.1113005131483078,0.9997290372848511,0.4054763615131378,0.42017820477485657,-0.04398927837610245,0.9992104768753052,0.4631030857563019,0.44459328055381775,-0.33796095848083496,0.9999951124191284,0.45294269919395447,0.4528607130050659,0.21629749238491058,0.9983254671096802,0.479428768157959,0.5034462213516235,-0.40748244524002075,0.9981873631477356,0.45927372574806213,0.5129953622817993,0.2846042513847351,0.17482315003871918,0.4596177041530609,0.563931941986084,-0.3876848816871643,0.9973030090332031,0.44511115550994873,0.5624552369117737,0.1921578049659729,0.3017442226409912,0.45848581194877625,0.5814235210418701,-0.44313928484916687,0.9933002591133118,0.4385135769844055,0.5780402421951294,0.19732160866260529,0.29915764927864075,0.44960901141166687,0.5796297192573547,-0.43088364601135254,0.9927892088890076,0.4378027319908142,0.5764819979667664,0.14574529230594635,0.30665257573127747,0.449083149433136,0.5737766027450562,-0.3799011707305908,0.9862737059593201,0.43812665343284607,0.5705190896987915,0.16743239760398865,0.3105993866920471,0.4681550860404968,0.5723066329956055,-0.17334505915641785,0.999017059803009,0.46507570147514343,0.573244035243988,0.17334884405136108,0.9963256120681763,0.4633265733718872,0.6615031957626343,-0.12483137845993042,0.9601348638534546,0.4668981730937958,0.6610142588615417,0.22149355709552765,0.407627671957016,0.49070847034454346,0.7523092031478882,-0.04578758776187897,0.9705737829208374,0.4885905086994171,0.7471423149108887,0.3121486306190491,0.5454030632972717,0.5150340795516968,0.7694000601768494,-0.043866466730833054,0.9601030349731445,0.5097512006759644,0.7625147104263306,0.3153260052204132,0.6175583004951477,0.41886383295059204,0.7769212126731873,-0.15571917593479156,0.9656572341918945,0.4223916530609131,0.768844485282898,0.23935334384441376,0.7136628031730652
IMG_9576 5,50,1658,bad,0.3975521922111511,0.4135153889656067,-0.08062245696783066,0.999649703502655,0.40617629885673523,0.40450507402420044,-0.11299435049295425,0.9996781349182129,0.40899696946144104,0.4041317105293274,-0.11303790658712387,0.9997648596763611,0.4120466113090515,0.4037066400051117,-0.11306890100240707,0.9998061060905457,0.40367570519447327,0.40469568967819214,-0.05992821604013443,0.9994010925292969,0.40487098693847656,0.40448129177093506,-0.0598837174475193,0.9993273615837097,0.40640851855278015,0.40417271852493286,-0.059914715588092804,0.9992716908454895,0.43298453092575073,0.4057919383049011,-0.19146353006362915,0.9998523592948914,0.4269523322582245,0.405754029750824,0.043894775211811066,0.9988412857055664,0.4087822139263153,0.42012059688568115,-0.1045403853058815,0.9997365474700928,0.40551432967185974,0.4203610122203827,-0.03638991713523865,0.9992445707321167,0.46664589643478394,0.4447426199913025,-0.334326833486557,0.9999952912330627,0.4500543177127838,0.4534866213798523,0.21880771219730377,0.9984208941459656,0.4796760380268097,0.5034279823303223,-0.40780961513519287,0.9982691407203674,0.4590733051300049,0.5125625729560852,0.2912779152393341,0.16559725999832153,0.4597000479698181,0.5635210275650024,-0.3907574415206909,0.9973856806755066,0.4409354329109192,0.5619243383407593,0.19701381027698517,0.28982794284820557,0.4587642550468445,0.5812718272209167,-0.44456785917282104,0.9934870004653931,0.43486732244491577,0.5770325660705566,0.20126469433307648,0.288752019405365,0.4493997097015381,0.5792979001998901,-0.433645635843277,0.9929823875427246,0.43289223313331604,0.5751836895942688,0.149611696600914,0.29610809683799744,0.44883427023887634,0.5733754634857178,-0.3838418126106262,0.9865866303443909,0.43458542227745056,0.569749116897583,0.17190101742744446,0.29975491762161255,0.47119495272636414,0.5714086890220642,-0.1732548475265503,0.9990090131759644,0.4646635949611664,0.5728272795677185,0.17325693368911743,0.9962963461875916,0.46334585547447205,0.6598624587059021,-0.14453062415122986,0.9610614776611328,0.4666212499141693,0.6605737805366516,0.210601344704628,0.4024868309497833,0.49101799726486206,0.750489354133606,-0.07535146921873093,0.9710254073143005,0.4887252151966095,0.7467596530914307,0.2794358432292938,0.5439656972885132,0.5149552226066589,0.7678918242454529,-0.0742863267660141,0.9599109888076782,0.5098987221717834,0.7624738216400146,0.2804286479949951,0.6178460121154785,0.4192099869251251,0.7754983305931091,-0.18428613245487213,0.9659408330917358,0.42230719327926636,0.7686425447463989,0.20197920501232147,0.711488664150238
IMG_9576 5,51,1692,bad,0.39802587032318115,0.41354605555534363,-0.047365374863147736,0.9996734261512756,0.4066288471221924,0.40459153056144714,-0.07988189160823822,0.9996981620788574,0.4094417095184326,0.40421703457832336,-0.0799308493733406,0.999779224395752,0.41256996989250183,0.4037918746471405,-0.07994140684604645,0.9998174905776978,0.4039666950702667,0.40478387475013733,-0.025554673746228218,0.9994432926177979,0.40506553649902344,0.4045815169811249,-0.02550523728132248,0.9993752241134644,0.40651676058769226,0.40428557991981506,-0.025537559762597084,0.9993240833282471,0.43355777859687805,0.40589454770088196,-0.16050590574741364,0.9998607039451599,0.42699918150901794,0.40594908595085144,0.07999404519796371,0.9989224672317505,0.40923115611076355,0.4201321303844452,-0.07244498282670975,0.9997532367706299,0.405812531709671,0.420375794172287,-0.0028248282615095377,0.9992973804473877,0.4720924198627472,0.44513753056526184,-0.30958792567253113,0.9999955296516418,0.44523173570632935,0.45477843284606934,0.249224454164505,0.9985368251800537,0.48128119111061096,0.5034335255622864,-0.40349093079566956,0.9983248114585876,0.4444899559020996,0.5119823813438416,0.3169761598110199,0.16200916469097137,0.4600549340248108,0.5625702738761902,-0.40259528160095215,0.9974402785301208,0.4377921521663666,0.5594977736473083,0.20610040426254272,0.28777262568473816,0.4588586986064911,0.5805923938751221,-0.4581814408302307,0.9936402440071106,0.43317216634750366,0.5731157660484314,0.21547958254814148,0.28736788034439087,0.44860535860061646,0.5770414471626282,-0.45261096954345703,0.993135929107666,0.4319015145301819,0.5714149475097656,0.16429463028907776,0.29479092359542847,0.44834432005882263,0.5715386867523193,-0.39782851934432983,0.9868409037590027,0.43358880281448364,0.5670304298400879,0.18180730938911438,0.29776236414909363,0.4759017527103424,0.5713640451431274,-0.17355945706367493,0.9990463256835938,0.4610157608985901,0.5727475881576538,0.17355716228485107,0.9964281916618347,0.4637851119041443,0.6598817110061646,-0.1605285257101059,0.9620482325553894,0.46641355752944946,0.6605782508850098,0.2034747153520584,0.4066024124622345,0.4910601079463959,0.7510407567024231,-0.10634622722864151,0.9718309640884399,0.48861876130104065,0.7467591762542725,0.25943630933761597,0.548841118812561,0.5148508548736572,0.7679409384727478,-0.10730857402086258,0.9602144360542297,0.5099530220031738,0.7623382210731506,0.259380578994751,0.6217027306556702,0.4190763831138611,0.7755200862884521,-0.22451499104499817,0.9666794538497925,0.4221276044845581,0.7686478495597839,0.18231803178787231,0.7147911787033081
IMG_9576 5,52,1725,bad,0.39820435643196106,0.413677841424942,-0.0293111689388752,0.9996913075447083,0.40683403611183167,0.4047818183898926,-0.06168539822101593,0.9997128248214722,0.409661203622818,0.4043908417224884,-0.06174863874912262,0.9997895359992981,0.41284874081611633,0.4039332866668701,-0.061770305037498474,0.9998259544372559,0.40405353903770447,0.4049721658229828,-0.007199282292276621,0.9994758367538452,0.40511223673820496,0.4047708809375763,-0.007142008747905493,0.9994115829467773,0.40653136372566223,0.40447232127189636,-0.007179584354162216,0.9993641972541809,0.43399083614349365,0.4059719145298004,-0.14349481463432312,0.9998668432235718,0.4270169734954834,0.40618792176246643,0.09771377593278885,0.9989792704582214,0.40947166085243225,0.42026424407958984,-0.05482691526412964,0.999765157699585,0.40593042969703674,0.42052173614501953,0.015014939941465855,0.9993354082107544,0.4747704267501831,0.44518446922302246,-0.29722052812576294,0.999995768070221,0.44450172781944275,0.45539650321006775,0.2682895064353943,0.9986124634742737,0.4860403537750244,0.5034210681915283,-0.4026753008365631,0.9984059929847717,0.44448021054267883,0.5116910338401794,0.3355201780796051,0.15440641343593597,0.462207555770874,0.5616031289100647,-0.4195932447910309,0.9975521564483643,0.436355322599411,0.5583109259605408,0.2214939147233963,0.27877816557884216,0.45931246876716614,0.5795304179191589,-0.4769965410232544,0.9939084053039551,0.4313279390335083,0.5717455744743347,0.22317302227020264,0.27960458397865295,0.4487743377685547,0.5753471255302429,-0.4695921540260315,0.9934151768684387,0.4299493134021759,0.5697315335273743,0.17456147074699402,0.28688845038414,0.4483940899372101,0.5699851512908936,-0.41380321979522705,0.9873159527778625,0.4318397343158722,0.5656111240386963,0.1970127522945404,0.28943681716918945,0.47721290588378906,0.5706996917724609,-0.17402653396129608,0.9990774393081665,0.459510862827301,0.5723637938499451,0.17402826249599457,0.9965054392814636,0.4641077220439911,0.659522294998169,-0.16587947309017181,0.9629058241844177,0.4662661552429199,0.660425066947937,0.19794638454914093,0.4070659279823303,0.49149832129478455,0.7507469058036804,-0.11471348255872726,0.9722754955291748,0.4885407090187073,0.7466136813163757,0.24892857670783997,0.5509141087532043,0.5149655342102051,0.7679237723350525,-0.11589142680168152,0.9599060416221619,0.5099350214004517,0.7622557282447815,0.24855677783489227,0.623652994632721,0.4190633296966553,0.7755817770957947,-0.23216897249221802,0.9669473171234131,0.42205628752708435,0.7686563730239868,0.17174512147903442,0.715064287185669
IMG_9576 5,53,1758,bad,0.3984733819961548,0.4141673743724823,-0.02732035331428051,0.9997116923332214,0.4072516858577728,0.40551596879959106,-0.059217460453510284,0.999730110168457,0.4101882874965668,0.4050740897655487,-0.05927840247750282,0.9998020529747009,0.4133809208869934,0.4045355021953583,-0.05929112061858177,0.999835729598999,0.40416356921195984,0.40578579902648926,-0.004669304005801678,0.9995114803314209,0.4051719307899475,0.4055593013763428,-0.004619622137397528,0.9994518160820007,0.4065544903278351,0.40521439909935,-0.00466874660924077,0.9994069933891296,0.43467921018600464,0.40627506375312805,-0.13866721093654633,0.9998739361763,0.42703869938850403,0.4068206548690796,0.10295506566762924,0.999048113822937,0.4101227819919586,0.4207046926021576,-0.05201830714941025,0.9997793436050415,0.40618306398391724,0.42091765999794006,0.017899561673402786,0.9993798732757568,0.48115622997283936,0.44574540853500366,-0.2878910005092621,0.9999959468841553,0.4438169002532959,0.45625436305999756,0.26969748735427856,0.9987019300460815,0.4932422637939453,0.5039811730384827,-0.4058399498462677,0.9984583258628845,0.4403066635131836,0.5120099186897278,0.34076446294784546,0.15350061655044556,0.46762025356292725,0.5616681575775146,-0.458655446767807,0.9976257681846619,0.434616357088089,0.5572988986968994,0.23231831192970276,0.2818712592124939,0.46355140209198,0.5795223116874695,-0.5169554948806763,0.9941105842590332,0.4303164482116699,0.5711169838905334,0.22960354387760162,0.282619833946228,0.45344313979148865,0.5755159258842468,-0.5124577879905701,0.9936234354972839,0.4295468330383301,0.5687060356140137,0.18526726961135864,0.29003483057022095,0.453795462846756,0.5700324177742004,-0.45409485697746277,0.9876761436462402,0.4312162399291992,0.5647681951522827,0.20930533111095428,0.29175707697868347,0.48232778906822205,0.5714908242225647,-0.17398540675640106,0.9991024136543274,0.4579830765724182,0.5731821656227112,0.17398595809936523,0.9966128468513489,0.4655954837799072,0.6595116853713989,-0.16602633893489838,0.9637147188186646,0.46617093682289124,0.6604247689247131,0.19332630932331085,0.41800835728645325,0.4917268455028534,0.7507730722427368,-0.10981117188930511,0.9724040627479553,0.48850691318511963,0.7467107772827148,0.24356147646903992,0.5585354566574097,0.5150160789489746,0.7679772973060608,-0.11057620495557785,0.9593651294708252,0.5098933577537537,0.7622923254966736,0.24326583743095398,0.6291634440422058,0.4194388687610626,0.7756108641624451,-0.2251998782157898,0.9667370319366455,0.42199093103408813,0.7690532803535461,0.1671747863292694,0.7179523706436157
IMG_9576 5,54,1791,bad,0.40030157566070557,0.41418254375457764,-0.012243458069860935,0.9997346997261047,0.4090539813041687,0.40562963485717773,-0.042254604399204254,0.9997502565383911,0.4121074676513672,0.4051583707332611,-0.042328156530857086,0.9998166561126709,0.415535569190979,0.4045817255973816,-0.04233718663454056,0.9998474717140198,0.4049191474914551,0.40595918893814087,0.011003641411662102,0.9995507597923279,0.40552207827568054,0.40578046441078186,0.011046472936868668,0.9994956851005554,0.40662312507629395,0.4054921269416809,0.01098899357020855,0.9994540214538574,0.43682795763015747,0.40627971291542053,-0.11338819563388824,0.9998823404312134,0.4269365668296814,0.40719470381736755,0.12222836911678314,0.9991216063499451,0.41209548711776733,0.42075157165527344,-0.03380151093006134,0.9997943639755249,0.4070512056350708,0.4210110008716583,0.034365106374025345,0.9994257688522339,0.48521989583969116,0.4457623362541199,-0.2594529092311859,0.9999961256980896,0.44303178787231445,0.4570775628089905,0.28286218643188477,0.998792290687561,0.49972665309906006,0.5039297938346863,-0.3963679075241089,0.9985090494155884,0.43874695897102356,0.5134716629981995,0.34861576557159424,0.15400756895542145,0.47348320484161377,0.5612847805023193,-0.45623457431793213,0.997687041759491,0.4342716634273529,0.556685745716095,0.23581138253211975,0.2904971241950989,0.4672597050666809,0.5780804753303528,-0.513123631477356,0.9942823648452759,0.42990192770957947,0.5705257058143616,0.23029042780399323,0.29176831245422363,0.4565192461013794,0.5733742117881775,-0.5089913010597229,0.9938018918037415,0.4295758605003357,0.5681392550468445,0.18807926774024963,0.29936483502388,0.4577666223049164,0.5677775144577026,-0.45157334208488464,0.988025426864624,0.4311976432800293,0.5641400218009949,0.21359114348888397,0.2995854616165161,0.485346257686615,0.5715314149856567,-0.1731223464012146,0.9991394281387329,0.45659521222114563,0.5735129714012146,0.17310969531536102,0.9967952370643616,0.4659282863140106,0.6598607897758484,-0.169963076710701,0.96420818567276,0.4669134020805359,0.6615813970565796,0.18289829790592194,0.42931386828422546,0.4917498528957367,0.7504029273986816,-0.11443396657705307,0.971790075302124,0.48838818073272705,0.7471726536750793,0.2237602025270462,0.5670021176338196,0.5146104693412781,0.7670651078224182,-0.11462652683258057,0.9581738114356995,0.5096610188484192,0.76263028383255,0.2228492945432663,0.6344292163848877,0.42093539237976074,0.7756317853927612,-0.22161199152469635,0.9656670093536377,0.4219464659690857,0.7697249054908752,0.14729177951812744,0.7190155982971191
