video_no,frame,timestamp_ms,good,x0,y0,z0,visibility0,x1,y1,z1,visibility1,x2,y2,z2,visibility2,x3,y3,z3,visibility3,x4,y4,z4,visibility4,x5,y5,z5,visibility5,x6,y6,z6,visibility6,x7,y7,z7,visibility7,x8,y8,z8,visibility8,x9,y9,z9,visibility9,x10,y10,z10,visibility10,x11,y11,z11,visibility11,x12,y12,z12,visibility12,x13,y13,z13,visibility13,x14,y14,z14,visibility14,x15,y15,z15,visibility15,x16,y16,z16,visibility16,x17,y17,z17,visibility17,x18,y18,z18,visibility18,x19,y19,z19,visibility19,x20,y20,z20,visibility20,x21,y21,z21,visibility21,x22,y22,z22,visibility22,x23,y23,z23,visibility23,x24,y24,z24,visibility24,x25,y25,z25,visibility25,x26,y26,z26,visibility26,x27,y27,z27,visibility27,x28,y28,z28,visibility28,x29,y29,z29,visibility29,x30,y30,z30,visibility30,x31,y31,z31,visibility31,x32,y32,z32,visibility32
IMG_9701,1,33,good,0.44354531168937683,0.3856731951236725,-0.18916714191436768,0.9999691247940063,0.45314690470695496,0.37758350372314453,-0.16666041314601898,0.9999583959579468,0.4590047597885132,0.37718504667282104,-0.1667756587266922,0.9999557733535767,0.4641583263874054,0.3768381178379059,-0.16687588393688202,0.999948263168335,0.4356728196144104,0.3788644075393677,-0.1507660299539566,0.9999566078186035,0.4305656850337982,0.3791176676750183,-0.15080225467681885,0.9999442100524902,0.42546558380126953,0.37936168909072876,-0.1507757008075714,0.9999465942382812,0.4743480086326599,0.3803640604019165,-0.007523021195083857,0.9999645948410034,0.4214317500591278,0.38346534967422485,0.06578417122364044,0.9999309778213501,0.45703810453414917,0.3940717577934265,-0.12714804708957672,0.9999456405639648,0.4353872537612915,0.39542484283447266,-0.10671332478523254,0.9999394416809082,0.5190611481666565,0.4249100089073181,-0.010634367354214191,0.9998950958251953,0.3934450149536133,0.4369940459728241,0.2289765179157257,0.9998157620429993,0.5078915357589722,0.47824743390083313,-0.24384629726409912,0.9802799224853516,0.3491077721118927,0.49793145060539246,0.031379543244838715,0.9328466653823853,0.4510229229927063,0.4198492467403412,-0.47058653831481934,0.9723910093307495,0.3640284538269043,0.44557467103004456,-0.34475019574165344,0.9677216410636902,0.43591824173927307,0.40364235639572144,-0.538760781288147,0.9498469233512878,0.3661900758743286,0.43145400285720825,-0.41840222477912903,0.9313716888427734,0.4387337565422058,0.4009997546672821,-0.5277661085128784,0.9449902772903442,0.37072861194610596,0.42684876918792725,-0.40639421343803406,0.9246538877487183,0.4414844810962677,0.40633800625801086,-0.4718153774738312,0.9194137454032898,0.37302255630493164,0.431888222694397,-0.35340985655784607,0.9064071774482727,0.5025445222854614,0.5574478507041931,-0.10009130090475082,0.9997624754905701,0.42288824915885925,0.5617314577102661,0.10026682168245316,0.9996545314788818,0.4930844306945801,0.6645420789718628,-0.1493283361196518,0.9793823957443237,0.43190181255340576,0.6690962314605713,0.1206483319401741,0.8987410664558411,0.5215959548950195,0.7689051032066345,-0.016786381602287292,0.9762668609619141,0.4639400839805603,0.765888512134552,0.31238165497779846,0.9374715685844421,0.5496437549591064,0.7882097959518433,-0.014987687580287457,0.8249423503875732,0.48705536127090454,0.7835478186607361,0.3204978406429291,0.8476954698562622,0.4907853901386261,0.7984658479690552,-0.24281960725784302,0.9736467003822327,0.4105515778064728,0.7921394109725952,0.1365707367658615,0.9369396567344666
IMG_9701,2,66,good,0.4433755576610565,0.3876871168613434,-0.21050605177879333,0.9999597668647766,0.4528403878211975,0.3788856267929077,-0.1933528035879135,0.9999437928199768,0.4586440324783325,0.3784666061401367,-0.19346429407596588,0.9999420642852783,0.46393701434135437,0.37800291180610657,-0.19357162714004517,0.9999354481697083,0.4357145130634308,0.3799038231372833,-0.17040441930294037,0.9999364018440247,0.43063387274742126,0.3800868093967438,-0.17041483521461487,0.9999149441719055,0.4255605936050415,0.380296528339386,-0.170396625995636,0.9999198317527771,0.4741632640361786,0.38085269927978516,-0.047948889434337616,0.9999533295631409,0.4220244288444519,0.38374945521354675,0.05643441155552864,0.9998757839202881,0.45680543780326843,0.39640331268310547,-0.15336568653583527,0.9999250173568726,0.43543481826782227,0.3977389335632324,-0.12405327707529068,0.9999142289161682,0.5192820429801941,0.4252060353755951,-0.06607841700315475,0.9998922944068909,0.39419838786125183,0.4376516342163086,0.25177544355392456,0.9997802376747131,0.5065420866012573,0.4808119237422943,-0.2835409343242645,0.9813212156295776,0.3511010408401489,0.49992427229881287,0.11713600903749466,0.926501989364624,0.45104268193244934,0.42017921805381775,-0.4747028946876526,0.9738186001777649,0.3641727864742279,0.44572320580482483,-0.2382943332195282,0.9642757773399353,0.43985921144485474,0.4028998613357544,-0.5401850342750549,0.9522479176521301,0.3659997582435608,0.4323486089706421,-0.30041152238845825,0.9254770874977112,0.44330841302871704,0.39927732944488525,-0.528343915939331,0.9476353526115417,0.3707027733325958,0.4280870854854584,-0.28895333409309387,0.9185081720352173,0.44480904936790466,0.4053212106227875,-0.4740845859050751,0.9228249192237854,0.3730226755142212,0.43325552344322205,-0.2478644698858261,0.8993085622787476,0.5019903779029846,0.5575096011161804,-0.11822061985731125,0.9997082948684692,0.42313820123672485,0.561729371547699,0.11838725954294205,0.9995607137680054,0.49182936549186707,0.6648280024528503,-0.171981543302536,0.9782028794288635,0.4321816563606262,0.6691488027572632,0.11375372856855392,0.8898578882217407,0.521192193031311,0.7676233053207397,-0.040639687329530716,0.9758486151695251,0.4661881625652313,0.7659409642219543,0.26991721987724304,0.9342671036720276,0.5439373850822449,0.7835975885391235,-0.0372978150844574,0.8270354270935059,0.490333616733551,0.7837599515914917,0.2744291126728058,0.8465983867645264,0.49048104882240295,0.7985246777534485,-0.2500384747982025,0.9733255505561829,0.42740780115127563,0.7865780591964722,0.09408284723758698,0.9348928332328796
IMG_9701,3,99,good,0.4432503283023834,0.38800573348999023,-0.24034497141838074,0.9999577403068542,0.452653706073761,0.37927332520484924,-0.22377973794937134,0.9999412298202515,0.4584788680076599,0.3788328468799591,-0.223907932639122,0.999940037727356,0.4638591706752777,0.3783183991909027,-0.22400644421577454,0.9999333024024963,0.4357719123363495,0.3800942003726959,-0.1996915638446808,0.9999327659606934,0.43074652552604675,0.38020750880241394,-0.19971442222595215,0.9999099969863892,0.4258812963962555,0.38039836287498474,-0.19970887899398804,0.9999138116836548,0.4741497039794922,0.38107651472091675,-0.07730109244585037,0.9999512434005737,0.42299848794937134,0.38376155495643616,0.032213978469371796,0.9998638033866882,0.45649823546409607,0.3967108130455017,-0.18266578018665314,0.9999217391014099,0.4354267120361328,0.39801740646362305,-0.15184687077999115,0.9999083876609802,0.5194979310035706,0.42520469427108765,-0.10266140848398209,0.9998929500579834,0.3950822055339813,0.43785426020622253,0.2511031925678253,0.9997626543045044,0.505264163017273,0.4808421730995178,-0.34677889943122864,0.9822763800621033,0.35506078600883484,0.5012059211730957,0.10581731051206589,0.9180407524108887,0.45099306106567383,0.41989341378211975,-0.5598320960998535,0.9751543402671814,0.36415010690689087,0.4470660388469696,-0.3514050841331482,0.9618107676506042,0.4397118091583252,0.4028332829475403,-0.6285153031349182,0.9546256065368652,0.364069402217865,0.43397194147109985,-0.4176773130893707,0.9224372506141663,0.4440855383872986,0.3987635672092438,-0.6136298179626465,0.9503118991851807,0.3693085014820099,0.42994430661201477,-0.4129633903503418,0.9154156446456909,0.4459315538406372,0.4046156108379364,-0.5576635003089905,0.9262917041778564,0.3718429207801819,0.43542617559432983,-0.3645904064178467,0.8955404162406921,0.5019737482070923,0.5580464005470276,-0.1306723654270172,0.999700665473938,0.42372986674308777,0.5618087649345398,0.13082663714885712,0.9995368719100952,0.48986783623695374,0.6665000915527344,-0.19420208036899567,0.9784733057022095,0.43221044540405273,0.6689394116401672,0.14963899552822113,0.8848782777786255,0.51983642578125,0.7678381204605103,-0.08133401721715927,0.9767405390739441,0.4672364890575409,0.7643388509750366,0.3447813391685486,0.9327529072761536,0.5412014722824097,0.7839671969413757,-0.08061064034700394,0.8353047966957092,0.4911060929298401,0.7822208404541016,0.35349997878074646,0.84868323802948,0.48954641819000244,0.7985422611236572,-0.2970923185348511,0.974274218082428,0.42571648955345154,0.7780805230140686,0.18260274827480316,0.9347692728042603
IMG_9701,4,132,good,0.4430818557739258,0.3885052502155304,-0.22788356244564056,0.9999575614929199,0.45248860120773315,0.3799099922180176,-0.2099429816007614,0.9999412894248962,0.4582675099372864,0.3794538080692291,-0.21006202697753906,0.9999405145645142,0.4637204110622406,0.37894150614738464,-0.2101614773273468,0.9999340772628784,0.43595197796821594,0.380526065826416,-0.18802200257778168,0.9999322891235352,0.43119683861732483,0.38053739070892334,-0.18804915249347687,0.9999092817306519,0.42668023705482483,0.38067418336868286,-0.1880352646112442,0.999912679195404,0.47415822744369507,0.3815954625606537,-0.06837297976016998,0.999951958656311,0.4250677824020386,0.3837929368019104,0.0376143604516983,0.9998610615730286,0.4559132754802704,0.3969872295856476,-0.16930252313613892,0.9999224543571472,0.4354444146156311,0.39817148447036743,-0.14208292961120605,0.9999077916145325,0.5195178985595703,0.4251500070095062,-0.09457551687955856,0.9998973608016968,0.39686164259910583,0.4379744827747345,0.25925564765930176,0.9997571110725403,0.5041506886482239,0.4808720648288727,-0.3228214681148529,0.9831629991531372,0.35783687233924866,0.5015549063682556,0.09107856452465057,0.9123338460922241,0.45101550221443176,0.42072486877441406,-0.5326088666915894,0.9764577746391296,0.36461883783340454,0.4490582346916199,-0.33535635471343994,0.9602513313293457,0.43961772322654724,0.403135746717453,-0.6115713119506836,0.9569599628448486,0.3641728460788727,0.43563440442085266,-0.39978325366973877,0.9200859665870667,0.4455881416797638,0.39879924058914185,-0.5933459997177124,0.9529039263725281,0.3693156838417053,0.4316364824771881,-0.3913010060787201,0.9129871726036072,0.44786548614501953,0.4046330451965332,-0.5336816310882568,0.9297088384628296,0.37190115451812744,0.4374788701534271,-0.348069429397583,0.8925436735153198,0.5018119812011719,0.5583133101463318,-0.1348375827074051,0.9997014999389648,0.4241379201412201,0.5618155002593994,0.1349874585866928,0.9995306134223938,0.4899002015590668,0.6679340600967407,-0.19350910186767578,0.979322075843811,0.4321324825286865,0.6689233779907227,0.16354480385780334,0.8855040669441223,0.5193803310394287,0.7682123184204102,-0.0788557156920433,0.9779629707336426,0.4654368460178375,0.7635419368743896,0.3677884340286255,0.9340555667877197,0.5399742126464844,0.7849056124687195,-0.07834181934595108,0.8422402143478394,0.48239994049072266,0.7782501578330994,0.37755030393600464,0.8530071973800659,0.48560357093811035,0.798812210559845,-0.3000430166721344,0.9755166172981262,0.4241723120212555,0.7768382430076599,0.20973727107048035,0.936852753162384
IMG_9701,5,165,good,0.44417551159858704,0.3887524902820587,-0.24055825173854828,0.9999555349349976,0.4533173739910126,0.3801405727863312,-0.22326672077178955,0.9999387860298157,0.4590708017349243,0.37970367074012756,-0.2233896553516388,0.9999386668205261,0.4646081030368805,0.3791823089122772,-0.22348998486995697,0.999932587146759,0.43757161498069763,0.38064226508140564,-0.19997404515743256,0.9999280571937561,0.43279045820236206,0.3806028664112091,-0.19999021291732788,0.9999029040336609,0.4282461702823639,0.3807165324687958,-0.1999739706516266,0.999905526638031,0.47491323947906494,0.38169506192207336,-0.07718927413225174,0.999950110912323,0.4263148307800293,0.3837985396385193,0.030554719269275665,0.9998462200164795,0.45656922459602356,0.39718562364578247,-0.18241460621356964,0.9999189376831055,0.4367644786834717,0.3983769416809082,-0.15267027914524078,0.9999009370803833,0.5205060839653015,0.42501896619796753,-0.10373404622077942,0.9999001026153564,0.39831995964050293,0.43822091817855835,0.2555292248725891,0.9997351765632629,0.503834068775177,0.4801567792892456,-0.34591326117515564,0.9840283393859863,0.3599741756916046,0.5016657114028931,0.08815867453813553,0.905147135257721,0.45248377323150635,0.41918087005615234,-0.5568535327911377,0.9777159690856934,0.3650372326374054,0.45031827688217163,-0.3202191889286041,0.9573103785514832,0.4409998059272766,0.40115785598754883,-0.6256982088088989,0.959219217300415,0.3642521798610687,0.4358677864074707,-0.3836323022842407,0.9157553911209106,0.4494299292564392,0.396463006734848,-0.6114507913589478,0.9554155468940735,0.36933961510658264,0.4319278299808502,-0.3777751624584198,0.9085864424705505,0.4515082538127899,0.4017890989780426,-0.5555925369262695,0.9329988360404968,0.3719780445098877,0.4378196597099304,-0.3334255516529083,0.8874222636222839,0.5019291639328003,0.5584022402763367,-0.13741745054721832,0.999693751335144,0.42518094182014465,0.5617853999137878,0.13757464289665222,0.9994964003562927,0.48974609375,0.6679454445838928,-0.2067044973373413,0.9796217679977417,0.4320821166038513,0.6684554219245911,0.1607705056667328,0.881436288356781,0.5192468762397766,0.7682143449783325,-0.10250040143728256,0.9788753390312195,0.46564021706581116,0.7626121044158936,0.3578832745552063,0.9332044124603271,0.5393550395965576,0.7850514054298401,-0.10306897014379501,0.8478103280067444,0.4811764061450958,0.7765864133834839,0.36670276522636414,0.8550270795822144,0.4824801981449127,0.7976563572883606,-0.32780879735946655,0.9764459133148193,0.42489245533943176,0.7767254710197449,0.193891242146492,0.9373117089271545
IMG_9701,6,198,good,0.4451160728931427,0.38871657848358154,-0.23906585574150085,0.9999496936798096,0.4540387690067291,0.3801213800907135,-0.22277913987636566,0.9999295473098755,0.45982906222343445,0.37968334555625916,-0.22291219234466553,0.9999302625656128,0.4654805362224579,0.37916791439056396,-0.22302430868148804,0.9999235272407532,0.4390523135662079,0.38063639402389526,-0.20057789981365204,0.9999179840087891,0.4345566928386688,0.38059869408607483,-0.20061062276363373,0.9998913407325745,0.4301971197128296,0.380710244178772,-0.20063263177871704,0.9998942613601685,0.47568777203559875,0.38171684741973877,-0.08041735738515854,0.9999431371688843,0.4280678629875183,0.38376742601394653,0.022140001878142357,0.9998270869255066,0.45715346932411194,0.3971588909626007,-0.18200325965881348,0.9999119639396667,0.43804651498794556,0.3982507586479187,-0.15338270366191864,0.9998905062675476,0.5218644142150879,0.42471843957901,-0.1019500344991684,0.9998950362205505,0.3996596038341522,0.43842124938964844,0.22794190049171448,0.9997129440307617,0.5043549537658691,0.47963854670524597,-0.33146974444389343,0.9840251803398132,0.3626898527145386,0.5019194483757019,0.05177794024348259,0.9003289937973022,0.45247161388397217,0.4191705286502838,-0.5371724963188171,0.9775807857513428,0.3663119673728943,0.45047903060913086,-0.3510429561138153,0.9556454420089722,0.440650999546051,0.4014087915420532,-0.6035195589065552,0.9592125415802002,0.3648107945919037,0.43673816323280334,-0.41896453499794006,0.9135172963142395,0.44862493872642517,0.39662158489227295,-0.5916980504989624,0.9554672241210938,0.3696398138999939,0.43280962109565735,-0.41110631823539734,0.9062086939811707,0.45064765214920044,0.4018583297729492,-0.5365155339241028,0.9329919219017029,0.37260276079177856,0.43857964873313904,-0.3626084625720978,0.8846449851989746,0.502372145652771,0.5588882565498352,-0.1347399353981018,0.9996870756149292,0.42598336935043335,0.5621082782745361,0.13496080040931702,0.999482274055481,0.4905351996421814,0.6691747903823853,-0.17420323193073273,0.9797298908233643,0.4319632947444916,0.6686357259750366,0.15826158225536346,0.8804766535758972,0.5181601643562317,0.7680652141571045,-0.0013418513117358088,0.9788194298744202,0.4657689034938812,0.7622073292732239,0.3896787464618683,0.9314478635787964,0.537481427192688,0.7849433422088623,0.005216006655246019,0.8478401303291321,0.48114803433418274,0.7753219604492188,0.4033942222595215,0.8519119620323181,0.4820365607738495,0.7975974678993225,-0.2178003191947937,0.9763884544372559,0.4246416985988617,0.7768294811248779,0.23301449418067932,0.9362925887107849
IMG_9701,7,231,good,0.44890785217285156,0.3884192109107971,-0.18542234599590302,0.9999480247497559,0.45714280009269714,0.3799174726009369,-0.16516520082950592,0.9999282360076904,0.4627726972103119,0.37948623299598694,-0.1652817726135254,0.9999289512634277,0.46837732195854187,0.3789905607700348,-0.16539615392684937,0.9999225735664368,0.4425690472126007,0.38036108016967773,-0.14606761932373047,0.9999166131019592,0.43790119886398315,0.3802633583545685,-0.14611662924289703,0.9998899698257446,0.43330246210098267,0.3802916705608368,-0.14610505104064941,0.9998937249183655,0.47748345136642456,0.3816145658493042,-0.015032411552965641,0.9999420046806335,0.4297976791858673,0.38332125544548035,0.0715387687087059,0.9998260140419006,0.46018660068511963,0.3966716229915619,-0.12641990184783936,0.999907374382019,0.4414833188056946,0.3977046310901642,-0.10216133296489716,0.9998854994773865,0.5227458477020264,0.42385175824165344,-0.05186877399682999,0.9998950958251953,0.4006919860839844,0.43879279494285583,0.2619710862636566,0.999698281288147,0.5052714347839355,0.4782477617263794,-0.28727173805236816,0.9840810298919678,0.3636791408061981,0.5021132826805115,0.06006673723459244,0.8942853212356567,0.45325934886932373,0.4185742437839508,-0.4728372097015381,0.9777188897132874,0.36788105964660645,0.45093947649002075,-0.3508003354072571,0.9542365074157715,0.44136473536491394,0.4013863205909729,-0.5376472473144531,0.9595866203308105,0.3657306134700775,0.43690919876098633,-0.41744014620780945,0.9117929935455322,0.4490393400192261,0.3964134454727173,-0.5240177512168884,0.9559102058410645,0.37043821811676025,0.4330175518989563,-0.40846818685531616,0.904555082321167,0.4536341428756714,0.401858925819397,-0.47155988216400146,0.9337294101715088,0.3735671043395996,0.4387092888355255,-0.3612057566642761,0.8829905390739441,0.5032376050949097,0.5588916540145874,-0.13179072737693787,0.9996875524520874,0.42733338475227356,0.5620816946029663,0.1319931298494339,0.9994791746139526,0.4918810725212097,0.6692217588424683,-0.17419511079788208,0.9796231389045715,0.432634174823761,0.6693052053451538,0.13521882891654968,0.8767901659011841,0.5175501704216003,0.768500030040741,-0.009088092483580112,0.9788748621940613,0.46898895502090454,0.7631928324699402,0.3330938220024109,0.929924488067627,0.5369987487792969,0.7861382365226746,-0.002412673318758607,0.8486558198928833,0.4831582009792328,0.7765483856201172,0.34271150827407837,0.8512528538703918,0.47891196608543396,0.7973129153251648,-0.22594043612480164,0.9764412641525269,0.42792946100234985,0.7776044607162476,0.17921654880046844,0.9353135228157043
IMG_9701,8,264,good,0.4527110457420349,0.38839593529701233,-0.17295584082603455,0.9999427795410156,0.46145591139793396,0.3798995018005371,-0.15089797973632812,0.9999231100082397,0.46711328625679016,0.3794732689857483,-0.15101604163646698,0.9999233484268188,0.4724990427494049,0.37898096442222595,-0.15114448964595795,0.99991774559021,0.4463886618614197,0.38027963042259216,-0.133653461933136,0.9999111294746399,0.4414699971675873,0.3801678717136383,-0.13369089365005493,0.9998828768730164,0.4364612102508545,0.3801422119140625,-0.13364872336387634,0.9998889565467834,0.4808613657951355,0.3815659284591675,0.006948413792997599,0.9999375939369202,0.4311055541038513,0.38309136033058167,0.08427426964044571,0.99981689453125,0.46365419030189514,0.3966476619243622,-0.11156859248876572,0.9998922944068909,0.44434916973114014,0.3976866602897644,-0.0898967906832695,0.9998720288276672,0.5240426063537598,0.4233044385910034,-0.024005388841032982,0.9998875856399536,0.40195125341415405,0.4387909173965454,0.274612694978714,0.9996634721755981,0.5090968012809753,0.47726476192474365,-0.2454463541507721,0.9835823774337769,0.364981085062027,0.5021356344223022,0.07822874933481216,0.8872842192649841,0.45375344157218933,0.4184931218624115,-0.40546178817749023,0.9761088490486145,0.3708188235759735,0.4501376450061798,-0.3136090040206909,0.9506494998931885,0.44137808680534363,0.4010014533996582,-0.46740055084228516,0.9570316672325134,0.3695971667766571,0.4365178942680359,-0.38255223631858826,0.9064888954162598,0.4487771987915039,0.3954867422580719,-0.4519301950931549,0.953132688999176,0.37457504868507385,0.4322352707386017,-0.37266871333122253,0.8992360234260559,0.45349839329719543,0.40167319774627686,-0.40319308638572693,0.9302290678024292,0.37709560990333557,0.43823370337486267,-0.32401904463768005,0.8771452903747559,0.5048642754554749,0.5587791800498962,-0.1303918957710266,0.999676525592804,0.4293147921562195,0.5619528889656067,0.1305547058582306,0.9994552731513977,0.49208301305770874,0.6692050695419312,-0.17460346221923828,0.9792556166648865,0.43285518884658813,0.6692946553230286,0.09816152602434158,0.8735953569412231,0.5174697041511536,0.7685412764549255,-0.016195233911275864,0.9787306189537048,0.4699150621891022,0.7634813785552979,0.25823429226875305,0.9294645190238953,0.5365573167800903,0.7861686944961548,-0.012273228727281094,0.8482853770256042,0.48319900035858154,0.7766918540000916,0.26362237334251404,0.8511662483215332,0.4780102074146271,0.7968944907188416,-0.2358522117137909,0.9762223958969116,0.4289907217025757,0.7783105373382568,0.0918036550283432,0.9344581365585327
IMG_9701,9,297,good,0.45564284920692444,0.3882503807544708,-0.18118418753147125,0.9999390840530396,0.4649401009082794,0.37983641028404236,-0.16020138561725616,0.9999182820320129,0.47049838304519653,0.3794236183166504,-0.1603226363658905,0.9999181628227234,0.4757404029369354,0.37894710898399353,-0.16044767200946808,0.9999130368232727,0.4496321678161621,0.3801623284816742,-0.14201968908309937,0.999906063079834,0.4445456564426422,0.3800271451473236,-0.14205488562583923,0.9998760223388672,0.43942394852638245,0.37993282079696655,-0.14202386140823364,0.9998838901519775,0.4838900566101074,0.38149240612983704,-0.003047322388738394,0.9999344348907471,0.43304169178009033,0.3827420175075531,0.07738969475030899,0.9998100996017456,0.46655821800231934,0.39645513892173767,-0.12008129060268402,0.9998839497566223,0.44685348868370056,0.3973909914493561,-0.09741804748773575,0.9998640418052673,0.5261251926422119,0.42231285572052,-0.02448040246963501,0.9998833537101746,0.4030073881149292,0.4382215440273285,0.27096322178840637,0.9996387362480164,0.513515830039978,0.4766193628311157,-0.2315605878829956,0.9832223057746887,0.36788085103034973,0.5021267533302307,0.0875687375664711,0.8806467056274414,0.4536413550376892,0.4175355136394501,-0.3914344906806946,0.9743907451629639,0.3762834072113037,0.4499477744102478,-0.29627522826194763,0.9464157819747925,0.4412473142147064,0.400892049074173,-0.4519116282463074,0.9543155431747437,0.37643635272979736,0.43635162711143494,-0.367247074842453,0.9000803828239441,0.4486123323440552,0.39535093307495117,-0.44037172198295593,0.9501923322677612,0.3807108700275421,0.43180447816848755,-0.35588979721069336,0.892683744430542,0.45340609550476074,0.40175437927246094,-0.3902946710586548,0.9264920353889465,0.3827993869781494,0.43814417719841003,-0.30627620220184326,0.869800865650177,0.5067005157470703,0.5587595701217651,-0.1299312859773636,0.9996689558029175,0.43002083897590637,0.5619021058082581,0.13014161586761475,0.9994416236877441,0.49237892031669617,0.6691380739212036,-0.17421963810920715,0.9785951972007751,0.4330076575279236,0.6692654490470886,0.09768029302358627,0.8686608076095581,0.5156736373901367,0.7691665291786194,-0.02234300598502159,0.9780697226524353,0.4741162359714508,0.7644029855728149,0.2718873620033264,0.9273598790168762,0.5335507988929749,0.7863553762435913,-0.018900131806731224,0.8447169661521912,0.49463194608688354,0.7821981906890869,0.2789574861526489,0.8490753769874573,0.4776516258716583,0.7977384924888611,-0.2394500970840454,0.9753630757331848,0.430097371339798,0.7813807129859924,0.10389132797718048,0.9321471452713013
IMG_9701,10,330,good,0.458275705575943,0.3882367014884949,-0.18059968948364258,0.9999352097511292,0.46868470311164856,0.37982410192489624,-0.1587725430727005,0.9999133348464966,0.47451215982437134,0.3794075548648834,-0.15889295935630798,0.9999125003814697,0.4796641170978546,0.37894490361213684,-0.15902145206928253,0.9999080896377563,0.45245853066444397,0.38008028268814087,-0.14168322086334229,0.9999011754989624,0.44720780849456787,0.3799634873867035,-0.141720712184906,0.9998703598976135,0.44187429547309875,0.37989479303359985,-0.14168108999729156,0.9998803734779358,0.4876140356063843,0.38151171803474426,0.00042981866863556206,0.9999293684959412,0.43496987223625183,0.38274314999580383,0.07716529071331024,0.9998016357421875,0.46980366110801697,0.39644527435302734,-0.11879273504018784,0.9998726844787598,0.449165403842926,0.3973832428455353,-0.09726067632436752,0.9998530149459839,0.5291378498077393,0.4220903515815735,-0.02102266065776348,0.9998719692230225,0.40496599674224854,0.4388463795185089,0.2675662338733673,0.9996054172515869,0.5217763185501099,0.4755571186542511,-0.23964640498161316,0.9826136231422424,0.37152066826820374,0.5030271410942078,0.0832780972123146,0.8732853531837463,0.4544720947742462,0.41702237725257874,-0.4090289771556854,0.9720401763916016,0.37760448455810547,0.4501614570617676,-0.3026362955570221,0.9428803324699402,0.4414527416229248,0.4001222252845764,-0.4712543785572052,0.9503099322319031,0.37786105275154114,0.43623676896095276,-0.3726695775985718,0.8949710726737976,0.448752760887146,0.39413008093833923,-0.45568355917930603,0.9457794427871704,0.38235872983932495,0.4315541982650757,-0.3589937686920166,0.8875329494476318,0.4529675543308258,0.40098461508750916,-0.406903475522995,0.921165406703949,0.3841155767440796,0.4380054473876953,-0.31214040517807007,0.8643442988395691,0.5104495286941528,0.5592418313026428,-0.12671686708927155,0.9996601343154907,0.4332472085952759,0.5622432827949524,0.126944899559021,0.9994257688522339,0.4937264919281006,0.6696662902832031,-0.15958808362483978,0.9787091612815857,0.4336371123790741,0.6700807213783264,0.0949607640504837,0.8688147068023682,0.5184152126312256,0.7700546979904175,-0.0008009015582501888,0.9780457019805908,0.4744449853897095,0.7656390070915222,0.26839032769203186,0.9276375770568848,0.5364181995391846,0.787649929523468,0.00450021680444479,0.8428500294685364,0.49431344866752625,0.782164990901947,0.27509239315986633,0.8478171825408936,0.4792024493217468,0.798285722732544,-0.20991961658000946,0.9750857949256897,0.43640679121017456,0.7850589156150818,0.09772884845733643,0.9314952492713928
IMG_9701,11,363,good,0.4603484869003296,0.38822510838508606,-0.1837618499994278,0.9999291896820068,0.47106820344924927,0.37986913323402405,-0.16253522038459778,0.999904990196228,0.476896733045578,0.3794311583042145,-0.1626559942960739,0.9999034404754639,0.48202988505363464,0.3789517283439636,-0.16278071701526642,0.9999001622200012,0.4546632766723633,0.38024282455444336,-0.1448734849691391,0.999893307685852,0.44947877526283264,0.38017943501472473,-0.14490950107574463,0.9998606443405151,0.4442639648914337,0.3801133930683136,-0.14487510919570923,0.9998742341995239,0.4906850755214691,0.38149183988571167,-0.0042225997895002365,0.9999233484268188,0.4374553859233856,0.3828372359275818,0.07630635797977448,0.9997896552085876,0.4725010097026825,0.39644530415534973,-0.12239423394203186,0.9998610019683838,0.45156627893447876,0.39736804366111755,-0.10001082718372345,0.9998409748077393,0.5338392853736877,0.4221076965332031,-0.023110417649149895,0.9998613595962524,0.40840834379196167,0.43898218870162964,0.2719828188419342,0.9995720982551575,0.5294097661972046,0.4755806028842926,-0.23879386484622955,0.9819817543029785,0.375619500875473,0.504349410533905,0.09048143029212952,0.8684635162353516,0.456870436668396,0.4224776327610016,-0.41547372937202454,0.9686181545257568,0.3824183940887451,0.4501679241657257,-0.29616305232048035,0.9390884041786194,0.4413388669490814,0.40388917922973633,-0.478412926197052,0.9448601007461548,0.385286808013916,0.4362817108631134,-0.3695482313632965,0.8888418674468994,0.44869694113731384,0.40279075503349304,-0.4667190611362457,0.9398120045661926,0.38952991366386414,0.4315076172351837,-0.3571615219116211,0.8812924027442932,0.45265117287635803,0.40892061591148376,-0.4147093594074249,0.913589358329773,0.3934027850627899,0.43789997696876526,-0.30629727244377136,0.8572422862052917,0.5130580067634583,0.559296190738678,-0.12636467814445496,0.9996365904808044,0.4350026547908783,0.5623458027839661,0.12660539150238037,0.9993976950645447,0.4941346347332001,0.6702854037284851,-0.160641610622406,0.9782056212425232,0.4336640536785126,0.6709444522857666,0.08052618056535721,0.8704428672790527,0.5155942440032959,0.7706294655799866,-0.00019836144929286093,0.9774754643440247,0.47548630833625793,0.766510546207428,0.2662509083747864,0.9279521107673645,0.5328842997550964,0.7886130213737488,0.0056342254392802715,0.8391041159629822,0.498664528131485,0.7836226224899292,0.27419543266296387,0.8480899333953857,0.47657549381256104,0.7982300519943237,-0.2149304747581482,0.9742413759231567,0.43567508459091187,0.785037636756897,0.09469787776470184,0.9308221936225891
IMG_9701,12,396,good,0.46374818682670593,0.38861116766929626,-0.24683550000190735,0.9999194741249084,0.4752356708049774,0.380099356174469,-0.2223518043756485,0.9998920559883118,0.4812869727611542,0.37973371148109436,-0.22249169647693634,0.999887228012085,0.48664358258247375,0.37931686639785767,-0.2226240336894989,0.999882698059082,0.4583264887332916,0.3804531395435333,-0.209281787276268,0.999881386756897,0.4530770480632782,0.3804417848587036,-0.2093336582183838,0.9998471140861511,0.44771820306777954,0.38045570254325867,-0.2093399167060852,0.9998641610145569,0.49521490931510925,0.3819419741630554,-0.03809654340147972,0.9999076724052429,0.4410596489906311,0.38328298926353455,0.021631428971886635,0.9997673630714417,0.4761366546154022,0.3972812592983246,-0.1751721352338791,0.9998446702957153,0.4546385705471039,0.39798641204833984,-0.15855324268341064,0.999824047088623,0.5381956696510315,0.4225894510746002,-0.015643006190657616,0.9998291730880737,0.41058894991874695,0.43951112031936646,0.20622211694717407,0.9995315670967102,0.5404655337333679,0.47605472803115845,-0.1778753697872162,0.9767293334007263,0.37940242886543274,0.5070251226425171,0.007850898429751396,0.8680777549743652,0.477973610162735,0.43302613496780396,-0.3567577004432678,0.9562962055206299,0.3894483745098114,0.45097240805625916,-0.41353246569633484,0.9395586848258972,0.46255382895469666,0.42129600048065186,-0.4129002094268799,0.9278507232666016,0.39359980821609497,0.4388078451156616,-0.49091559648513794,0.8901110887527466,0.4657946825027466,0.4173871874809265,-0.40793555974960327,0.921699583530426,0.3950362205505371,0.4328475594520569,-0.4872268736362457,0.8828985095024109,0.4682121276855469,0.4222104251384735,-0.3579835593700409,0.8926402926445007,0.39943063259124756,0.4379240870475769,-0.4251157343387604,0.8584504723548889,0.5173367261886597,0.5593850016593933,-0.10500887781381607,0.9996103048324585,0.437595397233963,0.5623448491096497,0.10527614504098892,0.9993544816970825,0.49845099449157715,0.6702556610107422,-0.17680953443050385,0.9767987132072449,0.4389578700065613,0.671130359172821,0.08743347227573395,0.8663974404335022,0.5156219601631165,0.7707701325416565,-0.01774250529706478,0.9759101867675781,0.4766252934932709,0.7668864727020264,0.2760581970214844,0.9255558848381042,0.5302174091339111,0.7881752848625183,-0.013040123507380486,0.8335124254226685,0.498715877532959,0.7851932048797607,0.2840789556503296,0.843632698059082,0.47817280888557434,0.7982768416404724,-0.24649886786937714,0.972389817237854,0.4393887519836426,0.7852924466133118,0.09733035415410995,0.9282218813896179
IMG_9701,13,429,good,0.4674253761768341,0.38893458247184753,-0.23808887600898743,0.9999138712882996,0.4795039892196655,0.3802705407142639,-0.21684949100017548,0.9998801946640015,0.48571524024009705,0.37990325689315796,-0.21699149906635284,0.9998750686645508,0.4908170998096466,0.37950965762138367,-0.21711906790733337,0.9998699426651001,0.46236786246299744,0.3806265592575073,-0.19943439960479736,0.999867856502533,0.45719102025032043,0.38058772683143616,-0.1994713395833969,0.9998303651809692,0.4521779716014862,0.3805718719959259,-0.1994880884885788,0.9998494982719421,0.5005893111228943,0.3821187913417816,-0.04874110221862793,0.9998982548713684,0.4462861120700836,0.3833668828010559,0.030698740854859352,0.999741792678833,0.4801067113876343,0.39760980010032654,-0.1719742864370346,0.9998391270637512,0.45845887064933777,0.39820992946624756,-0.14979034662246704,0.9998164176940918,0.5458792448043823,0.4235703647136688,-0.031697388738393784,0.999825656414032,0.41362857818603516,0.439391553401947,0.22054430842399597,0.9995276927947998,0.5378097891807556,0.4773370325565338,-0.22524192929267883,0.9765951037406921,0.38421955704689026,0.5068392157554626,0.008802946656942368,0.8643071055412292,0.4762077033519745,0.43066146969795227,-0.46119266748428345,0.9565492868423462,0.3942241668701172,0.4517938494682312,-0.3767896592617035,0.9390826225280762,0.4598865509033203,0.41721445322036743,-0.5285588502883911,0.9281412363052368,0.3957599103450775,0.44012799859046936,-0.45056766271591187,0.889883279800415,0.4657852351665497,0.4134950339794159,-0.521451473236084,0.9220561981201172,0.3985826373100281,0.43412816524505615,-0.443520724773407,0.8827565908432007,0.4703471064567566,0.4189797043800354,-0.4625902473926544,0.8925139904022217,0.40360966324806213,0.4381156861782074,-0.38762378692626953,0.8579204082489014,0.5196073055267334,0.5613763928413391,-0.1041807234287262,0.999603271484375,0.43883129954338074,0.563441812992096,0.10438909381628036,0.9993513226509094,0.501036524772644,0.6718956828117371,-0.17772634327411652,0.97715163230896,0.4390825033187866,0.673007071018219,0.07980597764253616,0.8717212677001953,0.5156435966491699,0.7708712220191956,0.030419763177633286,0.9759603142738342,0.4784132242202759,0.7682804465293884,0.3074381947517395,0.9280304312705994,0.5303011536598206,0.7883155345916748,0.04097743332386017,0.8303846716880798,0.4981996417045593,0.7863085865974426,0.32140201330184937,0.8452410697937012,0.47899147868156433,0.7998799681663513,-0.19165483117103577,0.9721878170967102,0.4410289525985718,0.7893736958503723,0.12368764728307724,0.9298224449157715
IMG_9701,14,462,good,0.4744252562522888,0.3893652558326721,-0.26310619711875916,0.9999056458473206,0.486458957195282,0.38042107224464417,-0.24194692075252533,0.999863862991333,0.4926965832710266,0.3800669014453888,-0.24207842350006104,0.9998573064804077,0.4978809058666229,0.3797118365764618,-0.2421705722808838,0.9998498558998108,0.46907976269721985,0.38072293996810913,-0.22475947439670563,0.9998484253883362,0.4638412892818451,0.38063666224479675,-0.22480788826942444,0.9998067617416382,0.45853179693222046,0.380588561296463,-0.2248392105102539,0.9998288750648499,0.5072652697563171,0.3823821246623993,-0.07083147019147873,0.9998772740364075,0.4523126780986786,0.38337236642837524,0.0074126324616372585,0.9996939897537231,0.4862247705459595,0.3978648781776428,-0.19577382504940033,0.9998239874839783,0.46480831503868103,0.398430734872818,-0.1739712804555893,0.9997991919517517,0.5520572066307068,0.4249543249607086,-0.04397629573941231,0.9998188018798828,0.41696611046791077,0.4393611252307892,0.20058828592300415,0.9995259642601013,0.5399815440177917,0.48351553082466125,-0.2274581342935562,0.9762781858444214,0.3868873119354248,0.5071879625320435,0.012611857615411282,0.8667693734169006,0.4816676378250122,0.43015241622924805,-0.4759044051170349,0.9565215110778809,0.39836424589157104,0.45360231399536133,-0.4017495810985565,0.9402208924293518,0.46650320291519165,0.42145976424217224,-0.5436476469039917,0.9276206493377686,0.40298497676849365,0.44309279322624207,-0.47747835516929626,0.8917030096054077,0.4724314510822296,0.41560041904449463,-0.5340085029602051,0.9215843677520752,0.40717482566833496,0.43604838848114014,-0.4705590605735779,0.8846817016601562,0.4751303195953369,0.4210888743400574,-0.47624173760414124,0.8914597630500793,0.4095059037208557,0.43894335627555847,-0.41241705417633057,0.8596011400222778,0.5229089856147766,0.562495231628418,-0.10167288035154343,0.9995710253715515,0.4404734671115875,0.564254641532898,0.10184881091117859,0.9993001818656921,0.5015537738800049,0.6718066930770874,-0.18370786309242249,0.9752185940742493,0.44182199239730835,0.6732680201530457,0.08485928922891617,0.8663273453712463,0.5156511068344116,0.7710188031196594,0.013818995095789433,0.9740015268325806,0.478199303150177,0.7682607769966125,0.3097742795944214,0.9242231845855713,0.5285854935646057,0.7882649898529053,0.02116565778851509,0.8242143392562866,0.4977625012397766,0.7865307927131653,0.3227161467075348,0.83958899974823,0.4795278012752533,0.8007351756095886,-0.2043738067150116,0.97034752368927,0.4402296245098114,0.7972413301467896,0.12398246675729752,0.9268131852149963
IMG_9701,15,495,good,0.4808748662471771,0.3894863724708557,-0.27579328417778015,0.9999057650566101,0.49273619055747986,0.38042110204696655,-0.2525501847267151,0.9998630285263062,0.49919500946998596,0.3800619840621948,-0.25267547369003296,0.9998558759689331,0.5043812990188599,0.3797069787979126,-0.2527661919593811,0.9998469352722168,0.47457993030548096,0.38074979186058044,-0.23472285270690918,0.9998445510864258,0.4691900610923767,0.38064393401145935,-0.23476578295230865,0.9998013377189636,0.46361538767814636,0.3805869519710541,-0.23478375375270844,0.999823808670044,0.514510989189148,0.382378488779068,-0.07563605159521103,0.9998750686645508,0.45781034231185913,0.3833407461643219,0.005275344010442495,0.999683141708374,0.492941290140152,0.3978663980960846,-0.20663334429264069,0.9998273849487305,0.4706648886203766,0.39845237135887146,-0.18398554623126984,0.9998027682304382,0.5613766312599182,0.42832329869270325,-0.04367414116859436,0.9998210072517395,0.41956791281700134,0.4389999806880951,0.19181658327579498,0.9995371103286743,0.5473456978797913,0.4922161102294922,-0.2320997416973114,0.9761705994606018,0.3851696848869324,0.5070522427558899,-0.0034610466100275517,0.8715187907218933,0.49041885137557983,0.436526358127594,-0.5134037137031555,0.9580294489860535,0.40242859721183777,0.4552268385887146,-0.4406539797782898,0.9412388205528259,0.4812585413455963,0.42635008692741394,-0.5859858393669128,0.9296067357063293,0.4108453392982483,0.44530075788497925,-0.5193580389022827,0.8927041888237,0.48971500992774963,0.4189586937427521,-0.5763533711433411,0.9238004684448242,0.41468432545661926,0.4375351369380951,-0.5086060762405396,0.8856342434883118,0.4878447949886322,0.42239728569984436,-0.5145343542098999,0.8937374353408813,0.4165376126766205,0.44129595160484314,-0.44977283477783203,0.8602738976478577,0.5241994261741638,0.5648741126060486,-0.09328167140483856,0.9995422959327698,0.4400663375854492,0.5655691027641296,0.09342330694198608,0.9992701411247253,0.5030486583709717,0.6721686124801636,-0.19172264635562897,0.9724414348602295,0.4429340660572052,0.6756890416145325,0.04481497406959534,0.8656567931175232,0.5156603455543518,0.7711226344108582,0.06651221960783005,0.9707152247428894,0.4783555865287781,0.7712494134902954,0.3018554449081421,0.9227770566940308,0.5269747376441956,0.7872374653816223,0.08161967247724533,0.8101879358291626,0.4977130591869354,0.7881664037704468,0.31804579496383667,0.8359329104423523,0.48133906722068787,0.801658570766449,-0.15394002199172974,0.9664809703826904,0.45180320739746094,0.799045979976654,0.09826566278934479,0.9247887134552002
IMG_9701,16,528,good,0.49050089716911316,0.389474481344223,-0.286892831325531,0.9998989105224609,0.5020520687103271,0.3804055154323578,-0.26154428720474243,0.9998453259468079,0.5084370970726013,0.3800526261329651,-0.2616640031337738,0.9998364448547363,0.5135105848312378,0.379703551530838,-0.2617495059967041,0.9998238682746887,0.48394516110420227,0.38066592812538147,-0.24698181450366974,0.9998229146003723,0.4784218668937683,0.38047686219215393,-0.24699924886226654,0.9997749328613281,0.47283563017845154,0.38031941652297974,-0.247030109167099,0.9998003244400024,0.5227169394493103,0.38237708806991577,-0.08161375671625137,0.9998411536216736,0.4655412435531616,0.3830697238445282,-0.015282507054507732,0.9996342658996582,0.5017781853675842,0.3978317677974701,-0.21726804971694946,0.9998128414154053,0.4793933928012848,0.3983381688594818,-0.19893167912960052,0.999794065952301,0.5666822791099548,0.4301503002643585,-0.04251924157142639,0.9998108148574829,0.4244888126850128,0.43824705481529236,0.1522410660982132,0.9995391368865967,0.5511384010314941,0.49567344784736633,-0.2255317121744156,0.9737057089805603,0.3850269317626953,0.5037542581558228,-0.036186251789331436,0.8775550127029419,0.49751016497612,0.43473026156425476,-0.49797317385673523,0.9572888016700745,0.40769094228744507,0.4550652503967285,-0.43793985247612,0.9422898888587952,0.4899810254573822,0.42487832903862,-0.5649078488349915,0.9282134175300598,0.41979077458381653,0.4449513554573059,-0.5155242681503296,0.8931922316551208,0.49870792031288147,0.4180912673473358,-0.5531961917877197,0.9224311709403992,0.4233761429786682,0.43719759583473206,-0.5015035271644592,0.8859156966209412,0.4956330358982086,0.421419233083725,-0.49684181809425354,0.8914066553115845,0.42428985238075256,0.4412713050842285,-0.4446255564689636,0.8600881695747375,0.5254107713699341,0.5663325190544128,-0.06924591958522797,0.9995328187942505,0.440317839384079,0.5660549402236938,0.06930726021528244,0.9992525577545166,0.5044834613800049,0.6720484495162964,-0.1679670512676239,0.9711540937423706,0.44477665424346924,0.6754876971244812,0.05793832615017891,0.8670162558555603,0.5163410902023315,0.7711707949638367,0.12156907469034195,0.9685616493225098,0.47123241424560547,0.7700039148330688,0.37571388483047485,0.922123908996582,0.5271724462509155,0.7869548201560974,0.13829027116298676,0.7941101789474487,0.4852359890937805,0.7856988310813904,0.39843422174453735,0.8278167247772217,0.48397839069366455,0.8016214966773987,-0.10369271785020828,0.9636719226837158,0.44928595423698425,0.7959010601043701,0.18229345977306366,0.9236617088317871
IMG_9701,17,561,good,0.49987611174583435,0.38927939534187317,-0.30172714591026306,0.9998863339424133,0.5106295943260193,0.3801075220108032,-0.273650586605072,0.9998155832290649,0.5165554285049438,0.37977316975593567,-0.273755818605423,0.9998035430908203,0.5212551951408386,0.37945812940597534,-0.2738345265388489,0.9997860193252563,0.4931981861591339,0.3802446722984314,-0.26224663853645325,0.9997841119766235,0.4873223900794983,0.37994515895843506,-0.2622668147087097,0.9997256994247437,0.481693297624588,0.3796776831150055,-0.2623026669025421,0.9997550249099731,0.5295364856719971,0.38235458731651306,-0.08615722507238388,0.9997971057891846,0.4730159640312195,0.3824433982372284,-0.033979158848524094,0.9995589852333069,0.5091851949691772,0.39772284030914307,-0.22978216409683228,0.9997913241386414,0.48767393827438354,0.398187518119812,-0.21566541492938995,0.9997773170471191,0.572248637676239,0.43238991498947144,-0.039367347955703735,0.9997920393943787,0.42759791016578674,0.4362584352493286,0.12116686254739761,0.9995260834693909,0.5576202273368835,0.49700218439102173,-0.226547509431839,0.9734607338905334,0.3792850077152252,0.4935290515422821,-0.07600026577711105,0.8857715129852295,0.5039506554603577,0.4365485906600952,-0.4900070130825043,0.9589784145355225,0.4136750400066376,0.44373562932014465,-0.4510130286216736,0.9436354637145996,0.49163818359375,0.42646148800849915,-0.5589172840118408,0.9298223257064819,0.428984135389328,0.43047085404396057,-0.5272840857505798,0.8930129408836365,0.5020227432250977,0.4170103073120117,-0.5478277206420898,0.9241684079170227,0.43441042304039,0.4230547547340393,-0.5081160664558411,0.8852670192718506,0.5007393956184387,0.4229521155357361,-0.4901781380176544,0.8930529952049255,0.4353218078613281,0.4304177463054657,-0.45514896512031555,0.8587873578071594,0.5269357562065125,0.567428708076477,-0.05071553587913513,0.9994592666625977,0.4412248134613037,0.5670060515403748,0.05080103874206543,0.9991759061813354,0.5084376931190491,0.6720030307769775,-0.15121561288833618,0.9702793955802917,0.4449542164802551,0.6753871440887451,0.02131040394306183,0.8729168772697449,0.5136341452598572,0.7710387706756592,0.13647761940956116,0.9662913084030151,0.4705682098865509,0.7700713872909546,0.3370767831802368,0.9230101108551025,0.506361186504364,0.7867451310157776,0.1523074060678482,0.7805450558662415,0.4844800531864166,0.7854481339454651,0.3655666410923004,0.8221233487129211,0.4871060848236084,0.8019360899925232,-0.09438928216695786,0.9604287147521973,0.4518861472606659,0.7951705455780029,0.11175001412630081,0.9230211973190308
IMG_9701,18,594,good,0.5063007473945618,0.3885381519794464,-0.3011411726474762,0.9998424649238586,0.5176396369934082,0.3790530264377594,-0.27006885409355164,0.9997180104255676,0.5234941840171814,0.3787997364997864,-0.2701628804206848,0.9996957182884216,0.5280413031578064,0.3785914182662964,-0.2702334225177765,0.9996736645698547,0.5004220604896545,0.3789701759815216,-0.26269301772117615,0.9996535181999207,0.4944554567337036,0.3785334527492523,-0.26269733905792236,0.9995567798614502,0.48912161588668823,0.37812620401382446,-0.2627527713775635,0.999599814414978,0.536638081073761,0.3821960985660553,-0.07889552414417267,0.999599277973175,0.4806906282901764,0.381402850151062,-0.04205174744129181,0.9992939829826355,0.5150019526481628,0.3971221148967743,-0.2275381088256836,0.9997103810310364,0.49412253499031067,0.39738160371780396,-0.21855533123016357,0.999708354473114,0.5775679349899292,0.4340638816356659,-0.01897529512643814,0.9997590780258179,0.4295085668563843,0.4336666166782379,0.07464926689863205,0.9994767904281616,0.5605128407478333,0.49624961614608765,-0.216367706656456,0.9727460145950317,0.37436848878860474,0.47907814383506775,-0.13920807838439941,0.8935495018959045,0.507951557636261,0.43535977602005005,-0.48412713408470154,0.9602013826370239,0.4252825975418091,0.4313885569572449,-0.47268354892730713,0.9424921870231628,0.4976727068424225,0.42051267623901367,-0.5528843402862549,0.930222749710083,0.44479164481163025,0.41601526737213135,-0.5492085218429565,0.8866816163063049,0.5081450939178467,0.4127689599990845,-0.5415375828742981,0.9247488379478455,0.4526737630367279,0.4100784957408905,-0.5265786051750183,0.8776845932006836,0.5074766874313354,0.4220266342163086,-0.48437589406967163,0.8931429982185364,0.44968169927597046,0.41905274987220764,-0.47464582324028015,0.8496949672698975,0.5274868011474609,0.5679432153701782,-0.01892595924437046,0.9994387626647949,0.44148653745651245,0.5677862167358398,0.018899615854024887,0.9991531372070312,0.5134012699127197,0.6705055236816406,-0.0808735340833664,0.9700117111206055,0.4467219114303589,0.6751756072044373,0.030506804585456848,0.8783245086669922,0.5141958594322205,0.7709038853645325,0.2197732776403427,0.965600311756134,0.468722939491272,0.7699171900749207,0.3739152252674103,0.9231501817703247,0.5106891393661499,0.7848228812217712,0.23731020092964172,0.7694031000137329,0.4770534932613373,0.7802355885505676,0.39855384826660156,0.806630551815033,0.49976858496665955,0.8019441366195679,-0.020398614928126335,0.9589252471923828,0.46547964215278625,0.795937180519104,0.15446841716766357,0.9225689172744751
IMG_9701,19,627,good,0.5156850814819336,0.3879866302013397,-0.28665006160736084,0.9997857213020325,0.5261199474334717,0.3784432113170624,-0.26257243752479553,0.9996143579483032,0.5308176875114441,0.37828442454338074,-0.2626972198486328,0.9995903968811035,0.5352767109870911,0.37817147374153137,-0.26274946331977844,0.9995675086975098,0.5105661153793335,0.37791281938552856,-0.2480667382478714,0.9994866847991943,0.5045859813690186,0.377206027507782,-0.24807719886302948,0.9993349313735962,0.49899354577064514,0.3765176236629486,-0.2481212168931961,0.9993724822998047,0.5425516366958618,0.38206946849823,-0.059630442410707474,0.9994471073150635,0.48911991715431213,0.3798607885837555,-0.037089888006448746,0.9990589618682861,0.523499608039856,0.3964332044124603,-0.21822433173656464,0.9996368885040283,0.5041762590408325,0.39612847566604614,-0.20391254127025604,0.9996367692947388,0.5799015164375305,0.43388476967811584,0.0015028101624920964,0.999740719795227,0.430509477853775,0.4296754002571106,0.05551201105117798,0.9994105100631714,0.5629488229751587,0.4948776066303253,-0.21054908633232117,0.971443772315979,0.36661002039909363,0.47063106298446655,-0.16244833171367645,0.8990383744239807,0.513493001461029,0.4271780550479889,-0.47370144724845886,0.9615420699119568,0.4320245385169983,0.42478248476982117,-0.4518672823905945,0.9368678331375122,0.5009795427322388,0.41258254647254944,-0.5435930490493774,0.9313212037086487,0.4526171386241913,0.41075775027275085,-0.5234249830245972,0.8727724552154541,0.5161869525909424,0.40651312470436096,-0.5257834792137146,0.926055908203125,0.46152105927467346,0.40623345971107483,-0.5033401846885681,0.8620786666870117,0.5158088803291321,0.4148786664009094,-0.4734407067298889,0.8947185277938843,0.45768293738365173,0.4139164090156555,-0.45407840609550476,0.8333791494369507,0.5281729698181152,0.5691974759101868,0.0015398195246234536,0.9994480013847351,0.4419795870780945,0.5693944692611694,-0.0015368136810138822,0.9991708993911743,0.5189327001571655,0.671324610710144,-0.024533485993742943,0.9696468710899353,0.44680264592170715,0.6755850315093994,0.037397969514131546,0.8831242322921753,0.5142542719841003,0.7709552645683289,0.30811166763305664,0.9640005826950073,0.4658423662185669,0.7695745229721069,0.41433969140052795,0.9217503070831299,0.5104889273643494,0.784512460231781,0.3313188850879669,0.7590426802635193,0.4721314609050751,0.7776666879653931,0.4419082701206207,0.7848740220069885,0.5052663683891296,0.8019605278968811,0.09237077087163925,0.9565703272819519,0.47047948837280273,0.7964414954185486,0.213973268866539,0.9197653532028198
IMG_9701,20,660,good,0.5207156538963318,0.3875683844089508,-0.3519740104675293,0.9997383952140808,0.5304594039916992,0.37803998589515686,-0.31740787625312805,0.9995374083518982,0.5349311232566833,0.378025621175766,-0.3175162374973297,0.9995101690292358,0.5396655797958374,0.37801867723464966,-0.3175923526287079,0.9994780421257019,0.5169119834899902,0.376920610666275,-0.31424152851104736,0.9993656873703003,0.5117285251617432,0.3760147988796234,-0.31422746181488037,0.9991723895072937,0.506592333316803,0.37517812848091125,-0.31435540318489075,0.9992004632949829,0.5470375418663025,0.3820679783821106,-0.10135867446660995,0.9993301630020142,0.49557924270629883,0.3789369463920593,-0.09358661621809006,0.9989044666290283,0.5284854769706726,0.39618387818336487,-0.27093127369880676,0.9995965361595154,0.5107450485229492,0.39537137746810913,-0.2684940695762634,0.9996044039726257,0.5818518996238708,0.4342553913593292,-0.020055437460541725,0.9997178316116333,0.43344032764434814,0.4254275858402252,0.0007864669896662235,0.9993683695793152,0.5660170912742615,0.4943692088127136,-0.28498005867004395,0.9715974926948547,0.3602958917617798,0.4541770815849304,-0.2638126313686371,0.9070701003074646,0.5191566944122314,0.4228091537952423,-0.614288866519928,0.9637511372566223,0.44682836532592773,0.41503193974494934,-0.5955113172531128,0.9372974038124084,0.5094032287597656,0.4057117700576782,-0.6941104531288147,0.9342853426933289,0.4689246416091919,0.4043671190738678,-0.6693171858787537,0.8696165680885315,0.5219279527664185,0.4005889296531677,-0.6739986538887024,0.9293081760406494,0.47618910670280457,0.4022592306137085,-0.6419281363487244,0.8578429818153381,0.5221949815750122,0.40784308314323425,-0.6145671010017395,0.8986288905143738,0.47289106249809265,0.40698349475860596,-0.5945984721183777,0.8280589580535889,0.5288015007972717,0.5695558190345764,-0.0011485711438581347,0.999443531036377,0.4422338008880615,0.5698589086532593,0.0011613507522270083,0.999163806438446,0.5239513516426086,0.6709384918212891,-0.07874007523059845,0.9694487452507019,0.4476209580898285,0.6763878464698792,0.013200340792536736,0.8868856430053711,0.5156285166740417,0.7709712982177734,0.23600871860980988,0.9618971347808838,0.46567076444625854,0.7695128321647644,0.3919670283794403,0.9164607524871826,0.5100909471511841,0.7824360728263855,0.25774163007736206,0.7492965459823608,0.46999505162239075,0.7775024771690369,0.4176824688911438,0.7621368765830994,0.5057555437088013,0.8020034432411194,0.005172561388462782,0.9539435505867004,0.47107380628585815,0.7962067127227783,0.1858241856098175,0.9138904809951782
IMG_9701,21,693,good,0.5315271615982056,0.3830792307853699,-0.3447304666042328,0.9996626377105713,0.5396244525909424,0.3745695650577545,-0.30800148844718933,0.9993874430656433,0.5437588095664978,0.3749541938304901,-0.30807238817214966,0.9993611574172974,0.5481476187705994,0.3754065930843353,-0.3081270158290863,0.9993162155151367,0.5269296765327454,0.3724847733974457,-0.31080764532089233,0.9991571307182312,0.521655261516571,0.3713434636592865,-0.31079864501953125,0.9989227056503296,0.5164694786071777,0.3704395890235901,-0.31095433235168457,0.9989432096481323,0.5517948269844055,0.3800813555717468,-0.09421652555465698,0.9991050362586975,0.5027835965156555,0.37438079714775085,-0.10897117108106613,0.9986433386802673,0.5381932854652405,0.39231377840042114,-0.26323890686035156,0.999521791934967,0.5215846300125122,0.38992443680763245,-0.2685409188270569,0.9995438456535339,0.5823068022727966,0.4339987635612488,-0.02121949940919876,0.9996877312660217,0.43434634804725647,0.42005670070648193,-0.03388972580432892,0.9993135929107666,0.571559488773346,0.49358782172203064,-0.2881982922554016,0.9713508486747742,0.3579391837120056,0.44498586654663086,-0.3221481740474701,0.9143635630607605,0.5272440314292908,0.41950955986976624,-0.6216265559196472,0.9656065106391907,0.45563173294067383,0.4123707711696625,-0.6297403573989868,0.9373234510421753,0.5158898234367371,0.402542382478714,-0.7000221014022827,0.9367557764053345,0.48049333691596985,0.40331166982650757,-0.7035291790962219,0.8655144572257996,0.5260072350502014,0.39774924516677856,-0.6800397634506226,0.9319770336151123,0.4870883524417877,0.40032249689102173,-0.6712325811386108,0.8525189757347107,0.5273377299308777,0.4037010371685028,-0.6222245097160339,0.9020161032676697,0.4819878935813904,0.40622296929359436,-0.626129686832428,0.8215238451957703,0.529784083366394,0.5695040225982666,0.0039606462232768536,0.9994385838508606,0.442136287689209,0.569671630859375,-0.004024024587124586,0.9991620182991028,0.5253371596336365,0.6709157824516296,-0.08772014826536179,0.9708432555198669,0.4474320113658905,0.6765146255493164,0.010078437626361847,0.8928802609443665,0.5160767436027527,0.7710033655166626,0.2412855327129364,0.9624195694923401,0.4656688868999481,0.7695245146751404,0.39602649211883545,0.9159226417541504,0.5101172924041748,0.7816229462623596,0.2634214460849762,0.7443850636482239,0.4675646126270294,0.7763412594795227,0.42311692237854004,0.7462003231048584,0.5082821249961853,0.8021352887153625,0.007563297636806965,0.9545056223869324,0.47308239340782166,0.7980210781097412,0.18831826746463776,0.9127830266952515
IMG_9701,22,726,good,0.5401320457458496,0.38066211342811584,-0.3229454457759857,0.9996095299720764,0.5472739338874817,0.37215936183929443,-0.3000349998474121,0.9992649555206299,0.5512027740478516,0.37276268005371094,-0.3002261817455292,0.9992392659187317,0.5553032755851746,0.3734182119369507,-0.300334632396698,0.9991843700408936,0.5340187549591064,0.369441419839859,-0.28831836581230164,0.9990231990814209,0.5281678438186646,0.3680605888366699,-0.28831902146339417,0.9987892508506775,0.5223809480667114,0.36693844199180603,-0.2884325683116913,0.9988120794296265,0.5556231141090393,0.3780110478401184,-0.047751836478710175,0.998894453048706,0.5067785382270813,0.37018445134162903,-0.10127493739128113,0.9985067844390869,0.5447514057159424,0.39015382528305054,-0.25889724493026733,0.9994716048240662,0.5272884368896484,0.38761836290359497,-0.24553610384464264,0.999517560005188,0.5814236402511597,0.43207377195358276,0.03719174116849899,0.9996791481971741,0.43364959955215454,0.41498619318008423,-0.01455872505903244,0.9993064999580383,0.5768321752548218,0.49304357171058655,-0.18732884526252747,0.9697638154029846,0.3588075339794159,0.44365519285202026,-0.2677091956138611,0.9210091829299927,0.529762864112854,0.41985470056533813,-0.5950987935066223,0.9659540057182312,0.4613679349422455,0.4151686728000641,-0.5660504698753357,0.9387288093566895,0.5141910314559937,0.4038751423358917,-0.6683026552200317,0.9362196326255798,0.4865444600582123,0.40418556332588196,-0.6409751176834106,0.8652661442756653,0.5237525105476379,0.3989768326282501,-0.6546914577484131,0.9316285848617554,0.4934636354446411,0.4017592668533325,-0.6177688837051392,0.8520642518997192,0.5257702469825745,0.40488168597221375,-0.6114662885665894,0.9013376235961914,0.48578834533691406,0.4065327048301697,-0.5650450587272644,0.8195507526397705,0.5314638614654541,0.5663725137710571,0.014237476512789726,0.9994410872459412,0.44240060448646545,0.5662088990211487,-0.014216647483408451,0.9991675019264221,0.528501033782959,0.6708971261978149,-0.0774887353181839,0.9728379845619202,0.4473266005516052,0.6757417321205139,-0.023924747481942177,0.8996961116790771,0.5161537528038025,0.7709506750106812,0.25194624066352844,0.964414119720459,0.4640541970729828,0.7685797214508057,0.3852411210536957,0.9186041951179504,0.5109571814537048,0.7813654541969299,0.27379247546195984,0.7493765354156494,0.4637160301208496,0.7747750878334045,0.40579846501350403,0.7391188740730286,0.5085427165031433,0.8020781874656677,0.011281890794634819,0.9564783573150635,0.47309091687202454,0.797990083694458,0.1633438766002655,0.9144928455352783
IMG_9701,23,759,good,0.5461318492889404,0.37716007232666016,-0.31716543436050415,0.9995413422584534,0.5525638461112976,0.37021389603614807,-0.2823266386985779,0.9991137385368347,0.5561270713806152,0.37105637788772583,-0.2823626399040222,0.9990947246551514,0.5596235990524292,0.37186017632484436,-0.2823951840400696,0.9990255236625671,0.5391743183135986,0.36694473028182983,-0.27840420603752136,0.998828649520874,0.5333274602890015,0.36557430028915405,-0.2784089148044586,0.9985878467559814,0.5272615551948547,0.3641623854637146,-0.2785041332244873,0.9986094832420349,0.5590754151344299,0.3767322301864624,-0.030688971281051636,0.9986594915390015,0.5112778544425964,0.3679191470146179,-0.09559589624404907,0.9982895255088806,0.550299882888794,0.38745245337486267,-0.24062404036521912,0.9993865489959717,0.5333078503608704,0.38422641158103943,-0.23610398173332214,0.999469518661499,0.5812377333641052,0.43212229013442993,0.04300863295793533,0.999657928943634,0.43493661284446716,0.41386622190475464,-0.023250332102179527,0.999272882938385,0.5777080655097961,0.49572911858558655,-0.17056673765182495,0.9680565595626831,0.3594784438610077,0.43669626116752625,-0.2954394817352295,0.9269042611122131,0.5325391292572021,0.4262070953845978,-0.5128680467605591,0.9668163061141968,0.47166547179222107,0.41325193643569946,-0.5791990756988525,0.9382951855659485,0.5207153558731079,0.4081324636936188,-0.5900132656097412,0.9369267225265503,0.49802860617637634,0.4049713909626007,-0.6530609130859375,0.860572874546051,0.5286977887153625,0.4018039107322693,-0.5761388540267944,0.9326387643814087,0.5068771839141846,0.403024286031723,-0.6261777281761169,0.8467819690704346,0.5295565128326416,0.4086030423641205,-0.5215652585029602,0.9025930166244507,0.49744924902915955,0.4072827398777008,-0.5763134956359863,0.813014805316925,0.5313798785209656,0.5663304924964905,0.01810232736170292,0.9994118213653564,0.4424271583557129,0.5661685466766357,-0.018121017143130302,0.9991409778594971,0.5289959907531738,0.6708046197891235,-0.03688672557473183,0.9742823243141174,0.44724002480506897,0.6756979823112488,-0.016110436990857124,0.9051148295402527,0.517903745174408,0.7708714008331299,0.31174200773239136,0.9656487107276917,0.4627850353717804,0.7682999968528748,0.37755265831947327,0.9209855198860168,0.5126374363899231,0.7804272174835205,0.3354231119155884,0.7473806738853455,0.460013210773468,0.7746828198432922,0.39775916934013367,0.7319261431694031,0.5080292224884033,0.8016394376754761,0.07615237683057785,0.9575219750404358,0.4725448489189148,0.7990691065788269,0.1461026519536972,0.916093111038208
IMG_9701,24,792,good,0.5509417057037354,0.3741069734096527,-0.31122085452079773,0.999543309211731,0.5574073791503906,0.3673287034034729,-0.28125280141830444,0.9991161227226257,0.561028778553009,0.368336021900177,-0.2813135087490082,0.999096155166626,0.564485490322113,0.36937081813812256,-0.2813316583633423,0.9990273714065552,0.543968677520752,0.36428195238113403,-0.2747434973716736,0.9988425374031067,0.537817656993866,0.3631848096847534,-0.27475374937057495,0.998607873916626,0.5311706066131592,0.36219748854637146,-0.2748481333255768,0.9986207485198975,0.5628167986869812,0.37524208426475525,-0.037607766687870026,0.9986574053764343,0.5132262706756592,0.3664551377296448,-0.10286783427000046,0.9982922673225403,0.5550204515457153,0.3851810395717621,-0.23727259039878845,0.999398410320282,0.5371720790863037,0.38172802329063416,-0.23503510653972626,0.9994788765907288,0.5822271704673767,0.43212926387786865,0.027334846556186676,0.9996483325958252,0.4360986649990082,0.41381126642227173,-0.0041392226703464985,0.9992762804031372,0.576228678226471,0.49731990694999695,-0.1707456111907959,0.9667588472366333,0.3597419261932373,0.4456077814102173,-0.24098606407642365,0.9300872087478638,0.5334855914115906,0.4275946617126465,-0.4915454387664795,0.9683722853660583,0.3900665044784546,0.41556301712989807,-0.589968204498291,0.9397439956665039,0.5202970504760742,0.41118091344833374,-0.5654081106185913,0.9395495653152466,0.40763771533966064,0.406846821308136,-0.6669045686721802,0.8637657761573792,0.5283571481704712,0.40345823764801025,-0.5600416660308838,0.9356123805046082,0.4137274920940399,0.4037114381790161,-0.658191442489624,0.8507123589515686,0.5302517414093018,0.40942317247390747,-0.49924665689468384,0.9065488576889038,0.41148829460144043,0.40722066164016724,-0.5966577529907227,0.8177375793457031,0.5323373079299927,0.566312849521637,0.014720152132213116,0.9994188547134399,0.44296902418136597,0.5661621689796448,-0.014758214354515076,0.9991648197174072,0.5302078723907471,0.6718978881835938,-0.04573066905140877,0.975563645362854,0.4473100006580353,0.675986111164093,-0.012995388358831406,0.9089704155921936,0.5162670612335205,0.770857572555542,0.28247249126434326,0.965762734413147,0.46232104301452637,0.7683922052383423,0.38570305705070496,0.9205407500267029,0.5044636726379395,0.7803049683570862,0.3046070635318756,0.7444347739219666,0.46065500378608704,0.7751104235649109,0.4124654531478882,0.7216546535491943,0.5072866082191467,0.8016325831413269,0.06381697207689285,0.9572851061820984,0.4710354506969452,0.7987698912620544,0.1825239509344101,0.9149240851402283
IMG_9701,25,825,good,0.5471982955932617,0.37505844235420227,-0.3178025186061859,0.9995269179344177,0.555366039276123,0.368171364068985,-0.2832273542881012,0.9990879893302917,0.5591244697570801,0.368995726108551,-0.28330671787261963,0.999080240726471,0.5628156065940857,0.3698420822620392,-0.28336599469184875,0.9990136623382568,0.5422917604446411,0.3654378652572632,-0.2859107553958893,0.9987748861312866,0.5363689661026001,0.3644291162490845,-0.28591999411582947,0.9985257387161255,0.5300396084785461,0.3635110855102539,-0.28603270649909973,0.9984955787658691,0.5628239512443542,0.37531885504722595,-0.050968021154403687,0.9986494779586792,0.5143804550170898,0.36764320731163025,-0.10093193501234055,0.9980825185775757,0.5522340536117554,0.38561150431632996,-0.23793171346187592,0.9993876218795776,0.5346056222915649,0.3827434182167053,-0.24499726295471191,0.9994458556175232,0.5833380222320557,0.43589267134666443,0.01318437047302723,0.9996444582939148,0.4395524561405182,0.415173202753067,0.005170455202460289,0.9992076754570007,0.5758797526359558,0.5004454851150513,-0.2252405434846878,0.9669510126113892,0.36524349451065063,0.4428079426288605,-0.24787476658821106,0.9265839457511902,0.5390013456344604,0.4292064905166626,-0.5863574743270874,0.9703291058540344,0.37815821170806885,0.4177044928073883,-0.6548765301704407,0.9320653676986694,0.5322980284690857,0.4131312966346741,-0.6682868599891663,0.9430344104766846,0.38476282358169556,0.41583728790283203,-0.7361866235733032,0.8536816239356995,0.5407600402832031,0.40467801690101624,-0.6652747988700867,0.9395105242729187,0.40260669589042664,0.4089798331260681,-0.7356328964233398,0.8414738178253174,0.5408598780632019,0.40986600518226624,-0.5939964056015015,0.9118092656135559,0.4019816219806671,0.40985992550849915,-0.6675344109535217,0.8091228604316711,0.5325174331665039,0.567319929599762,0.008259953930974007,0.9993849396705627,0.44297197461128235,0.5671889781951904,-0.008288095705211163,0.9991340637207031,0.5294833183288574,0.671909749507904,-0.05627317726612091,0.976590096950531,0.447854220867157,0.6763924956321716,-0.022282447665929794,0.9127236008644104,0.5166025757789612,0.770924985408783,0.25410544872283936,0.9666669368743896,0.461478054523468,0.7687883973121643,0.319690465927124,0.9229103326797485,0.5048708915710449,0.7803133130073547,0.27354031801223755,0.7436065673828125,0.45911455154418945,0.7760457992553711,0.3395066261291504,0.7181573510169983,0.5073888897895813,0.8016569018363953,0.025821246206760406,0.9582803249359131,0.47008103132247925,0.7989159822463989,0.09298058599233627,0.9170058965682983
IMG_9701,26,858,good,0.5489996671676636,0.37560969591140747,-0.32261839509010315,0.9995471835136414,0.5573963522911072,0.3685580790042877,-0.28464943170547485,0.999129593372345,0.560994565486908,0.3693210482597351,-0.2847432494163513,0.9991270303726196,0.5645791292190552,0.3701211214065552,-0.28483811020851135,0.9990650415420532,0.544583261013031,0.3660563826560974,-0.2947860360145569,0.9988227486610413,0.5388357043266296,0.36510488390922546,-0.294790655374527,0.9985843896865845,0.5329387187957764,0.3642541468143463,-0.2948684096336365,0.9985337257385254,0.5636070370674133,0.3754804730415344,-0.048360638320446014,0.9987390637397766,0.5175691246986389,0.3680642545223236,-0.10650631040334702,0.9981435537338257,0.5535778403282166,0.38563820719718933,-0.23552963137626648,0.9994289875030518,0.5360668897628784,0.38282591104507446,-0.25020769238471985,0.9994746446609497,0.5826935172080994,0.4355139136314392,0.02871743030846119,0.9996691942214966,0.4409593939781189,0.410600483417511,0.01642133668065071,0.9992281198501587,0.5778429508209229,0.5003798604011536,-0.184922993183136,0.967481791973114,0.3735262155532837,0.43909183144569397,-0.22925052046775818,0.9259817600250244,0.5389812588691711,0.4380803108215332,-0.5605860352516174,0.9717705249786377,0.38353919982910156,0.42484357953071594,-0.6504607796669006,0.9283201098442078,0.5293217301368713,0.43395859003067017,-0.6452198624610901,0.9454887509346008,0.3900558352470398,0.4249482750892639,-0.7379210591316223,0.8490788340568542,0.5372013449668884,0.4236644506454468,-0.6450271010398865,0.9423296451568604,0.40200698375701904,0.42034438252449036,-0.7423028349876404,0.837553858757019,0.5388434529304504,0.4241040050983429,-0.5680997967720032,0.9155001044273376,0.4092443585395813,0.4248974919319153,-0.6647325158119202,0.8049440979957581,0.5326836109161377,0.5666555762290955,0.005401930306106806,0.9994145035743713,0.44303956627845764,0.5662587285041809,-0.005291779525578022,0.9991648197174072,0.5303091406822205,0.6718828082084656,-0.09184907376766205,0.9783044457435608,0.4489593207836151,0.676364004611969,-0.014864137396216393,0.9178323149681091,0.5142722725868225,0.7709991335868835,0.18313279747962952,0.9686149954795837,0.4618280231952667,0.7688591480255127,0.3496413230895996,0.9258238077163696,0.5020586252212524,0.7825213670730591,0.19818560779094696,0.754793107509613,0.4603886306285858,0.7762051820755005,0.37316614389419556,0.7216750383377075,0.507412850856781,0.8018099069595337,-0.07054818421602249,0.9605644345283508,0.46927836537361145,0.7987890243530273,0.11849191039800644,0.9196230173110962
IMG_9701,27,891,good,0.5483893752098083,0.3746940493583679,-0.2571221888065338,0.9995436072349548,0.5576150417327881,0.36891672015190125,-0.21736180782318115,0.9991230964660645,0.5614637136459351,0.3695678412914276,-0.21740685403347015,0.9991154670715332,0.5652031898498535,0.3701546788215637,-0.21747727692127228,0.9990546703338623,0.5441849231719971,0.36604395508766174,-0.22925038635730743,0.9988300204277039,0.5381057858467102,0.36475735902786255,-0.22925324738025665,0.998598039150238,0.5320309400558472,0.3632507026195526,-0.22930428385734558,0.99854576587677,0.5646901726722717,0.3763948082923889,0.005898941773921251,0.9987347722053528,0.5158860683441162,0.36786893010139465,-0.05374296382069588,0.9981332421302795,0.5525991320610046,0.38517892360687256,-0.17309428751468658,0.9994269013404846,0.5339589715003967,0.3814404308795929,-0.1905524730682373,0.999474823474884,0.582112193107605,0.43530234694480896,0.05604488402605057,0.9996612668037415,0.44091546535491943,0.41093188524246216,0.04264923557639122,0.9992271065711975,0.5781342387199402,0.49978840351104736,-0.18701738119125366,0.9673242568969727,0.3743322491645813,0.4438185393810272,-0.22088441252708435,0.9274845719337463,0.5410837531089783,0.4379594624042511,-0.5490311980247498,0.9729830622673035,0.39480817317962646,0.4210999310016632,-0.6169107556343079,0.9302008152008057,0.5276437997817993,0.4298315644264221,-0.6308250427246094,0.9474340677261353,0.40707555413246155,0.4138724207878113,-0.7009720802307129,0.8532271981239319,0.5382757782936096,0.42114144563674927,-0.6250267028808594,0.9445083141326904,0.4113369286060333,0.41001400351524353,-0.6944724917411804,0.8421691656112671,0.5398048758506775,0.42264625430107117,-0.5548269748687744,0.9184583425521851,0.4136296808719635,0.41399750113487244,-0.6260557174682617,0.8098790645599365,0.5333445072174072,0.5666608214378357,0.002040448598563671,0.9994195699691772,0.4436075985431671,0.5662634372711182,-0.0019446010701358318,0.9991855621337891,0.530191957950592,0.673453152179718,-0.06836463510990143,0.9797971248626709,0.44861897826194763,0.6768725514411926,-0.011997840367257595,0.9232465028762817,0.5142509341239929,0.7719865441322327,0.240797758102417,0.9702905416488647,0.46152859926223755,0.7700708508491516,0.3548896014690399,0.9306661486625671,0.5033082365989685,0.7827799320220947,0.2592984735965729,0.7619873881340027,0.46110799908638,0.7788611650466919,0.3770690858364105,0.7305411696434021,0.5074799656867981,0.802540123462677,0.005755098070949316,0.9623388051986694,0.4635748565196991,0.7990580797195435,0.12543080747127533,0.9240806102752686
IMG_9701,28,924,good,0.5465295910835266,0.3746580481529236,-0.2609963119029999,0.9995392560958862,0.5557197332382202,0.36868399381637573,-0.22447752952575684,0.9991177916526794,0.5595957040786743,0.369358628988266,-0.2245408147573471,0.9991133213043213,0.5633950233459473,0.3699745833873749,-0.22461660206317902,0.9990543127059937,0.5425911545753479,0.3660937249660492,-0.22987109422683716,0.9988174438476562,0.5369681119918823,0.36493226885795593,-0.2298855036497116,0.998584508895874,0.5312819480895996,0.36359506845474243,-0.22996044158935547,0.9985188245773315,0.5631251931190491,0.37646782398223877,-0.011228907853364944,0.9987621307373047,0.5168164968490601,0.36800435185432434,-0.04178035631775856,0.9980557560920715,0.5513189435005188,0.38448646664619446,-0.18115711212158203,0.9994329810142517,0.5327969789505005,0.3815734088420868,-0.19049623608589172,0.9994661808013916,0.5820314884185791,0.43509113788604736,0.04575721547007561,0.9996671080589294,0.4423598349094391,0.4119039475917816,0.06564833223819733,0.9992268681526184,0.5781716108322144,0.499832421541214,-0.22869205474853516,0.9680445790290833,0.38299131393432617,0.4455309808254242,-0.19109773635864258,0.9198952317237854,0.5429509878158569,0.4370307922363281,-0.5691373348236084,0.9743188619613647,0.3897968530654907,0.4361841380596161,-0.5997323989868164,0.9249027967453003,0.5288360118865967,0.4290827214717865,-0.6521820425987244,0.9498959183692932,0.39103934168815613,0.43931999802589417,-0.6812258362770081,0.8479378819465637,0.5405811667442322,0.4204726219177246,-0.6417303085327148,0.947211742401123,0.39881694316864014,0.43734440207481384,-0.6752035021781921,0.8374596238136292,0.5419511795043945,0.42219892144203186,-0.5729619264602661,0.9221479892730713,0.403389573097229,0.43485885858535767,-0.6084290146827698,0.8060178756713867,0.5333285331726074,0.5666490793228149,-0.008197925984859467,0.9994174242019653,0.4436376094818115,0.5662321448326111,0.008289891295135021,0.9991976618766785,0.529739260673523,0.6736150979995728,-0.06826924532651901,0.9807162284851074,0.44862788915634155,0.676842451095581,-0.006180501542985439,0.9261075258255005,0.5154876112937927,0.7722806930541992,0.23632949590682983,0.9709598422050476,0.45971277356147766,0.7700483202934265,0.35045215487480164,0.9332849383354187,0.5066712498664856,0.7828396558761597,0.2544563114643097,0.7585781216621399,0.4607890248298645,0.7790042757987976,0.3709067404270172,0.7322890758514404,0.5040797591209412,0.8025811910629272,0.006111855152994394,0.9626598358154297,0.4466465711593628,0.7975381016731262,0.12845438718795776,0.9261223077774048
IMG_9701,29,957,good,0.5453016757965088,0.3749777376651764,-0.2441885769367218,0.9995346665382385,0.5541388392448425,0.36821383237838745,-0.20655123889446259,0.9991106986999512,0.5579344034194946,0.3687301278114319,-0.20659931004047394,0.9991086721420288,0.5617170929908752,0.3692421317100525,-0.20668262243270874,0.9990509152412415,0.5411967635154724,0.3662256598472595,-0.21263273060321808,0.9988040328025818,0.5356242060661316,0.3651858866214752,-0.21264111995697021,0.9985713958740234,0.5298981666564941,0.36392682790756226,-0.21271182596683502,0.9984946250915527,0.5617741346359253,0.3758430778980255,0.0014707684749737382,0.9987747669219971,0.5154008269309998,0.36826545000076294,-0.029263796284794807,0.9979953765869141,0.550469696521759,0.3846716284751892,-0.16633184254169464,0.999447226524353,0.5319069027900696,0.3819122016429901,-0.1759873330593109,0.9994679689407349,0.5817969441413879,0.43503448367118835,0.04771849140524864,0.999679446220398,0.4426168203353882,0.4130105674266815,0.06259121745824814,0.9992130398750305,0.5808507800102234,0.500096321105957,-0.20804917812347412,0.9689181447029114,0.3858708143234253,0.44633567333221436,-0.19382227957248688,0.9213598370552063,0.5454687476158142,0.4360848069190979,-0.5265745520591736,0.9756476283073425,0.41306349635124207,0.435270756483078,-0.5652408003807068,0.9257464408874512,0.5351674556732178,0.4271896481513977,-0.60429847240448,0.9519669413566589,0.42898625135421753,0.4341248869895935,-0.6418893933296204,0.8491840362548828,0.5426377654075623,0.4189549684524536,-0.5850149393081665,0.9494044780731201,0.4339834153652191,0.43133917450904846,-0.6291868090629578,0.8386766314506531,0.5434571504592896,0.4212067723274231,-0.5261913537979126,0.9251601696014404,0.4373900890350342,0.43310847878456116,-0.5705476999282837,0.8071048855781555,0.5333977341651917,0.567730724811554,-0.004825382959097624,0.9994476437568665,0.4434427320957184,0.5674527883529663,0.004885615780949593,0.999228298664093,0.5301529169082642,0.6744052171707153,-0.10229246318340302,0.981725811958313,0.4485986828804016,0.6783545017242432,-0.015422848984599113,0.9289989471435547,0.5154953598976135,0.7732400894165039,0.24938035011291504,0.9712721705436707,0.4598682224750519,0.7700293064117432,0.43608829379081726,0.932036817073822,0.5068785548210144,0.7833276391029358,0.27473753690719604,0.7569699883460999,0.4611891508102417,0.7789216637611389,0.47158926725387573,0.7229405045509338,0.5045620203018188,0.803108274936676,0.03523546829819679,0.9624146819114685,0.44885072112083435,0.797548234462738,0.2568408250808716,0.9242870211601257
IMG_9701,30,990,good,0.543795108795166,0.37678250670433044,-0.25396841764450073,0.9995480179786682,0.5528964400291443,0.36838680505752563,-0.2183072566986084,0.9991374015808105,0.5561425089836121,0.36881524324417114,-0.2183164805173874,0.9991387128829956,0.5595734119415283,0.36941879987716675,-0.21838068962097168,0.9990846514701843,0.5408767461776733,0.3674637973308563,-0.21742267906665802,0.9988294243812561,0.5349426865577698,0.3668544590473175,-0.21748453378677368,0.9985954165458679,0.5287211537361145,0.3660650849342346,-0.21755996346473694,0.9985145926475525,0.5578343868255615,0.3758963644504547,-0.019586270675063133,0.9988300800323486,0.5141635537147522,0.37021389603614807,-0.03135833516716957,0.9979898929595947,0.5491237044334412,0.38550013303756714,-0.18059349060058594,0.9994664788246155,0.5315288305282593,0.38425856828689575,-0.18108709156513214,0.9994738101959229,0.5816534757614136,0.4349493980407715,0.02467944659292698,0.9996872544288635,0.44516944885253906,0.4153004586696625,0.06402537226676941,0.99916011095047,0.5800722241401672,0.5001286864280701,-0.24172961711883545,0.9695019721984863,0.3862597644329071,0.4472469687461853,-0.19551731646060944,0.9195102453231812,0.5448272824287415,0.43550577759742737,-0.5560125112533569,0.9764466285705566,0.4362587332725525,0.42580416798591614,-0.5635920166969299,0.9186846017837524,0.534883975982666,0.4231238067150116,-0.6318953037261963,0.9530978798866272,0.4505559802055359,0.42205750942230225,-0.6390085220336914,0.8370052576065063,0.5432413220405579,0.4183044731616974,-0.6142188310623169,0.9505459666252136,0.4563732147216797,0.4198247492313385,-0.6240478157997131,0.8252146244049072,0.5439093708992004,0.42048153281211853,-0.5560826659202576,0.9263121485710144,0.45558276772499084,0.4233628511428833,-0.568915069103241,0.793128252029419,0.5333549976348877,0.5676959156990051,-0.012261899188160896,0.9994626641273499,0.4424087703227997,0.5673598051071167,0.012319807894527912,0.9992461800575256,0.5300946235656738,0.6743342876434326,-0.10990169644355774,0.982974648475647,0.44682222604751587,0.6782931685447693,0.04488259181380272,0.933880627155304,0.5153816938400269,0.7732303142547607,0.18882469832897186,0.9729992151260376,0.45997995138168335,0.7697442770004272,0.44940224289894104,0.9363757967948914,0.5071220397949219,0.7836898565292358,0.2045118510723114,0.7634416818618774,0.46173757314682007,0.7789109349250793,0.47682058811187744,0.7339749336242676,0.49925661087036133,0.8031013011932373,-0.061075106263160706,0.9642704725265503,0.44735047221183777,0.7964271903038025,0.2513539493083954,0.9287871718406677
IMG_9701,31,1023,good,0.5408972501754761,0.37589776515960693,-0.21767547726631165,0.999511182308197,0.5482898354530334,0.3681707978248596,-0.1759336292743683,0.9990898966789246,0.5517622232437134,0.36860254406929016,-0.17597995698451996,0.9990925192832947,0.5554631352424622,0.369161456823349,-0.17606385052204132,0.9990485906600952,0.5354790091514587,0.36737489700317383,-0.18011809885501862,0.998745322227478,0.5299614071846008,0.3668646514415741,-0.18011286854743958,0.9984889030456543,0.5240771770477295,0.3661285936832428,-0.18016043305397034,0.998406708240509,0.5535868406295776,0.37534236907958984,0.03441150486469269,0.998794436454773,0.5114715695381165,0.3702552616596222,0.016837013885378838,0.9977918863296509,0.5454308986663818,0.3854084014892578,-0.1402144879102707,0.9994379281997681,0.5266139507293701,0.3845883905887604,-0.1454465687274933,0.9994081258773804,0.5814951062202454,0.4330274760723114,0.07199429720640182,0.9996925592422485,0.44385266304016113,0.41891366243362427,0.06660007685422897,0.999068558216095,0.5795280337333679,0.4985446333885193,-0.20748618245124817,0.9693603515625,0.38900306820869446,0.45289891958236694,-0.21618443727493286,0.9227218627929688,0.5443421602249146,0.43388932943344116,-0.5072844624519348,0.9766675233840942,0.4646768867969513,0.413581907749176,-0.5312343239784241,0.9205620288848877,0.5328061580657959,0.4172741770744324,-0.5845655798912048,0.9528215527534485,0.4884764552116394,0.39518412947654724,-0.6086364388465881,0.8385250568389893,0.5393587946891785,0.41220822930336,-0.5605082511901855,0.9501872062683105,0.491848349571228,0.3958375155925751,-0.5815718770027161,0.8259198069572449,0.5407606363296509,0.41716402769088745,-0.5062923431396484,0.9256892800331116,0.48822879791259766,0.4028996229171753,-0.5313968658447266,0.7927424311637878,0.5338486433029175,0.5668944716453552,-0.005006058607250452,0.999492347240448,0.44240543246269226,0.5669790506362915,0.005067403428256512,0.9992751479148865,0.5303830504417419,0.6727634072303772,-0.15457919239997864,0.9841323494911194,0.4465905725955963,0.6772992610931396,-0.0038898098282516003,0.9374722838401794,0.5172584652900696,0.7718177437782288,0.17096896469593048,0.9743767976760864,0.4606449007987976,0.768809974193573,0.42934122681617737,0.9370556473731995,0.5080202221870422,0.7834332585334778,0.19160741567611694,0.7653185725212097,0.4620550274848938,0.7771685719490051,0.4594952166080475,0.7257885336875916,0.5001656413078308,0.8030957579612732,-0.0694626048207283,0.9655314683914185,0.4489620625972748,0.7964699864387512,0.23821812868118286,0.9290441274642944
IMG_9701,32,1056,good,0.526285707950592,0.3765370547771454,-0.23546871542930603,0.999446451663971,0.5347397923469543,0.3682890236377716,-0.19650134444236755,0.9989728927612305,0.5389349460601807,0.3687227666378021,-0.19655869901180267,0.9989781379699707,0.5433929562568665,0.3692358434200287,-0.19663822650909424,0.9989330768585205,0.5214031934738159,0.3674994707107544,-0.19897158443927765,0.9985526204109192,0.5166628360748291,0.3671220541000366,-0.1989702433347702,0.9982573986053467,0.5115986466407776,0.3665754497051239,-0.1990395039319992,0.9981755614280701,0.5446681976318359,0.37549591064453125,0.013006415218114853,0.9986703991889954,0.5011470913887024,0.3727918267250061,0.005163182504475117,0.9974285364151001,0.5324820280075073,0.3863316774368286,-0.15751492977142334,0.9993710517883301,0.5140990614891052,0.385779470205307,-0.1610613316297531,0.9993139505386353,0.5814431309700012,0.4331342577934265,0.05647752434015274,0.999681830406189,0.44261717796325684,0.42298296093940735,0.06858394294977188,0.9990150332450867,0.5791077017784119,0.49731752276420593,-0.2189752459526062,0.9700462818145752,0.38840100169181824,0.45459428429603577,-0.21515433490276337,0.927009105682373,0.5365161895751953,0.4332667291164398,-0.5252776145935059,0.9773186445236206,0.46277549862861633,0.4109019339084625,-0.5358325242996216,0.9237707853317261,0.5219308733940125,0.41711586713790894,-0.60689377784729,0.9534006714820862,0.4824264943599701,0.39474907517433167,-0.614607036113739,0.8425227999687195,0.5285326242446899,0.41162198781967163,-0.579338014125824,0.9507747292518616,0.48718759417533875,0.3943853974342346,-0.5893707871437073,0.8294667601585388,0.5313451886177063,0.41617855429649353,-0.5238829851150513,0.9263275265693665,0.48471537232398987,0.3997141420841217,-0.5370630621910095,0.7959587574005127,0.5332849621772766,0.5675238370895386,-0.005851349793374538,0.9994819164276123,0.44173112511634827,0.5674658417701721,0.0058913701213896275,0.9992696642875671,0.529187798500061,0.6727104187011719,-0.11373105645179749,0.9846214652061462,0.44645264744758606,0.6771189570426941,-0.0005995323299430311,0.9402002692222595,0.5176552534103394,0.7719660401344299,0.23155102133750916,0.9751580953598022,0.46198683977127075,0.7688930034637451,0.40159058570861816,0.9394848942756653,0.5133828520774841,0.783331573009491,0.25310927629470825,0.7643430829048157,0.46540316939353943,0.7778694033622742,0.4256763458251953,0.7271921634674072,0.5006793141365051,0.8030573129653931,-0.01119180303066969,0.965980052947998,0.45869702100753784,0.7972896695137024,0.17670656740665436,0.9312477111816406
IMG_9701,33,1089,good,0.5217456221580505,0.37668463587760925,-0.26845407485961914,0.9992311596870422,0.5290576219558716,0.36836865544319153,-0.22957034409046173,0.9985199570655823,0.5333982706069946,0.368783175945282,-0.22966739535331726,0.9985629320144653,0.5378324389457703,0.36926519870758057,-0.2297472506761551,0.9984867572784424,0.5148876309394836,0.36755070090293884,-0.2335280030965805,0.9979109168052673,0.5094854235649109,0.36714938282966614,-0.23353469371795654,0.9975389242172241,0.5040389895439148,0.3667652904987335,-0.23360946774482727,0.9974231719970703,0.5409066081047058,0.3754565417766571,-0.015959493815898895,0.9981862306594849,0.49003398418426514,0.37340518832206726,-0.026046272367239,0.9959936738014221,0.5282508730888367,0.3875831067562103,-0.18844449520111084,0.9991928339004517,0.5092043876647949,0.38750651478767395,-0.1922782063484192,0.9990335702896118,0.580233097076416,0.43222859501838684,0.05590086802840233,0.9996795654296875,0.43676379323005676,0.4237189292907715,0.04303617775440216,0.9989006519317627,0.5787904858589172,0.49700191617012024,-0.2102208286523819,0.9696314930915833,0.3858582377433777,0.4639042913913727,-0.2248869091272354,0.9324985146522522,0.5328908562660217,0.4551287293434143,-0.548629879951477,0.9768193960189819,0.4574059545993805,0.4119134247303009,-0.5490584373474121,0.9293063879013062,0.513397216796875,0.45163848996162415,-0.6353897452354431,0.9517470002174377,0.47685545682907104,0.39420315623283386,-0.6323181986808777,0.8526954650878906,0.5167490839958191,0.4418974220752716,-0.6211756467819214,0.9490597248077393,0.4810446798801422,0.39230644702911377,-0.6039327383041382,0.8400731086730957,0.5217623114585876,0.43849530816078186,-0.5519564747810364,0.9235572218894958,0.4787972867488861,0.3983078598976135,-0.547035813331604,0.8068800568580627,0.5331726670265198,0.567527711391449,-0.0058493344113230705,0.9994330406188965,0.4417760372161865,0.568128764629364,0.005917150527238846,0.9991863965988159,0.5296930074691772,0.6717084646224976,-0.18835507333278656,0.9846497178077698,0.44641539454460144,0.676957368850708,-0.010029494762420654,0.9407228827476501,0.5174163579940796,0.7709845304489136,0.12462018430233002,0.9748339653015137,0.46408218145370483,0.769065797328949,0.35770872235298157,0.9387163519859314,0.5131990313529968,0.7815133333206177,0.14320987462997437,0.7655168175697327,0.4727613627910614,0.7793372869491577,0.37976834177970886,0.7241456508636475,0.5015978813171387,0.8024998307228088,-0.1260402351617813,0.9654152393341064,0.46044036746025085,0.7971677780151367,0.1300564706325531,0.9298766255378723
IMG_9701,34,1122,good,0.5115998387336731,0.38054609298706055,-0.2840665280818939,0.9992543458938599,0.5184199810028076,0.3707672357559204,-0.2507268190383911,0.9985633492469788,0.5232153534889221,0.3707658648490906,-0.2507803440093994,0.9986015558242798,0.5279279947280884,0.37079286575317383,-0.25082388520240784,0.9985215663909912,0.5040990710258484,0.37087270617485046,-0.24652357399463654,0.9979853630065918,0.49876517057418823,0.3705868721008301,-0.24653616547584534,0.9976245760917664,0.49353858828544617,0.37039604783058167,-0.24664732813835144,0.9975378513336182,0.5345553159713745,0.3762262165546417,-0.04735945165157318,0.9982273578643799,0.4809034466743469,0.37592124938964844,-0.027170546352863312,0.9962014555931091,0.5194013714790344,0.39070671796798706,-0.20606820285320282,0.9991987347602844,0.5014352202415466,0.39146608114242554,-0.2002563625574112,0.9990684986114502,0.5779352188110352,0.431590735912323,0.03735828399658203,0.9996713399887085,0.4356274902820587,0.4256689250469208,0.05937287211418152,0.9989410042762756,0.5725691914558411,0.49336835741996765,-0.2104247659444809,0.9703754782676697,0.36762043833732605,0.46845170855522156,-0.18323294818401337,0.93759685754776,0.5147404670715332,0.43427330255508423,-0.5160444974899292,0.9775482416152954,0.4526239335536957,0.41315123438835144,-0.49842530488967896,0.9328932762145996,0.5005227327346802,0.4177524149417877,-0.5932137966156006,0.9524855017662048,0.4708178639411926,0.39809784293174744,-0.5743279457092285,0.856515109539032,0.5072165131568909,0.41142338514328003,-0.573204517364502,0.9496985077857971,0.47574496269226074,0.3955298066139221,-0.5460225939750671,0.8435003757476807,0.5106018781661987,0.4182215631008148,-0.5157412886619568,0.923859179019928,0.4740336239337921,0.4011782109737396,-0.49690863490104675,0.8101128339767456,0.532253623008728,0.5673542618751526,-0.007673515938222408,0.9993837475776672,0.44190514087677,0.5680271983146667,0.007704479619860649,0.9991629719734192,0.5295021533966064,0.6705340147018433,-0.11881998926401138,0.9851914048194885,0.4456084072589874,0.6763424277305603,-0.008409829810261726,0.94368976354599,0.5196385979652405,0.7705653309822083,0.1733400821685791,0.975875198841095,0.46419304609298706,0.7691723108291626,0.2997409701347351,0.941703736782074,0.5189501643180847,0.779972493648529,0.18707069754600525,0.7676414251327515,0.47118890285491943,0.7793126702308655,0.3162890374660492,0.7300657033920288,0.5009930729866028,0.8023624420166016,-0.1193486675620079,0.9666619896888733,0.46146106719970703,0.7980157136917114,0.06306967884302139,0.9330047369003296
IMG_9701,35,1155,good,0.5030928254127502,0.3813522160053253,-0.2818038761615753,0.999245822429657,0.5099877715110779,0.3710280954837799,-0.24779532849788666,0.9985127449035645,0.5150693655014038,0.37089934945106506,-0.24785415828227997,0.9985542297363281,0.5200232863426208,0.3708333671092987,-0.24790875613689423,0.998453676700592,0.49420633912086487,0.3714081943035126,-0.244423508644104,0.9979372024536133,0.4885251522064209,0.3712258040904999,-0.24445311725139618,0.9975783824920654,0.4829295873641968,0.37127619981765747,-0.24458719789981842,0.9975135326385498,0.5290853977203369,0.37602901458740234,-0.06135774403810501,0.9981489181518555,0.47281375527381897,0.3762107491493225,-0.025226375088095665,0.9961822032928467,0.5130144953727722,0.3908785283565521,-0.20386604964733124,0.9991580843925476,0.4937805235385895,0.3922479748725891,-0.1958911120891571,0.9990349411964417,0.575444221496582,0.4292166531085968,-0.001296995673328638,0.9996509552001953,0.43150800466537476,0.4257727861404419,0.06566822528839111,0.9989729523658752,0.5647414326667786,0.4876418709754944,-0.23649461567401886,0.9692585468292236,0.3621000051498413,0.4751874804496765,-0.1540212631225586,0.9410713911056519,0.5037580132484436,0.42321327328681946,-0.5182415246963501,0.9769551157951355,0.4488532841205597,0.4151434898376465,-0.464362233877182,0.9362452030181885,0.4932745397090912,0.40344324707984924,-0.591804027557373,0.9512504935264587,0.46494877338409424,0.3982335329055786,-0.5363912582397461,0.8616611361503601,0.5014021396636963,0.3978599011898041,-0.5714710354804993,0.9482333064079285,0.46880194544792175,0.3973504602909088,-0.5096909403800964,0.8486248254776001,0.5041921734809875,0.406467467546463,-0.5176829695701599,0.9216780066490173,0.46821653842926025,0.40239447355270386,-0.46342289447784424,0.8153611421585083,0.5319802761077881,0.5675841569900513,-0.016651039943099022,0.9993822574615479,0.4413345754146576,0.5681275129318237,0.01658746972680092,0.9991762638092041,0.5270169377326965,0.6707693338394165,-0.1056743785738945,0.9854234457015991,0.44517791271209717,0.6768472790718079,0.017388299107551575,0.9457892179489136,0.5204835534095764,0.7705745697021484,0.2613859176635742,0.9761931300163269,0.4637540578842163,0.7692200541496277,0.3762858211994171,0.9434281587600708,0.5201974511146545,0.779586911201477,0.28773319721221924,0.761768639087677,0.4690300524234772,0.7786844968795776,0.4024038314819336,0.7289769649505615,0.5004874467849731,0.8023726940155029,0.031593408435583115,0.9669778347015381,0.4634726345539093,0.7985231280326843,0.1668504923582077,0.9345214366912842
IMG_9701,36,1188,good,0.4931677281856537,0.3830539882183075,-0.2956284284591675,0.9992905259132385,0.5013687610626221,0.3721192181110382,-0.2691524922847748,0.9985971450805664,0.5071664452552795,0.37159836292266846,-0.2692553699016571,0.9986358880996704,0.5125922560691833,0.3711991310119629,-0.2693486213684082,0.9985331296920776,0.4832139313220978,0.37310466170310974,-0.25692686438560486,0.9980582594871521,0.47709599137306213,0.3730035126209259,-0.2569548189640045,0.997718095779419,0.4714508056640625,0.37307167053222656,-0.25704625248908997,0.9976617097854614,0.5226079821586609,0.3758023679256439,-0.08602357655763626,0.9982663989067078,0.4641561508178711,0.3767832815647125,-0.025940800085663795,0.9964081645011902,0.5054061412811279,0.3918304145336151,-0.22186727821826935,0.9992024898529053,0.4837815463542938,0.3942547142505646,-0.20457784831523895,0.999082624912262,0.5728709697723389,0.42890796065330505,-0.02552497759461403,0.9996566772460938,0.4267774820327759,0.4263209104537964,0.0929563120007515,0.9990222454071045,0.556054413318634,0.4884999990463257,-0.24165956676006317,0.9680509567260742,0.3574860990047455,0.48104381561279297,-0.1213536262512207,0.9433987140655518,0.49212098121643066,0.4240162670612335,-0.5169914364814758,0.9753193259239197,0.4349415600299835,0.4239765703678131,-0.47853946685791016,0.9384365081787109,0.48973438143730164,0.4048944115638733,-0.587482750415802,0.9485356211662292,0.44688713550567627,0.40645456314086914,-0.5534266233444214,0.8651832342147827,0.4937455952167511,0.40087223052978516,-0.5714073181152344,0.9452386498451233,0.4527471363544464,0.40159451961517334,-0.5305687785148621,0.8521736264228821,0.4947018623352051,0.4065851867198944,-0.5165857076644897,0.9172942042350769,0.4538019597530365,0.40754708647727966,-0.4802207052707672,0.8188295960426331,0.5304182171821594,0.5686241388320923,-0.03784552216529846,0.9993793368339539,0.4395185708999634,0.5690292119979858,0.03790086507797241,0.9991664886474609,0.520112931728363,0.6707804203033447,-0.16310861706733704,0.9852848052978516,0.4419531226158142,0.6781032681465149,0.04147113114595413,0.9468234777450562,0.5215353965759277,0.7708205580711365,0.18903782963752747,0.9757201671600342,0.463146835565567,0.7698897123336792,0.41164132952690125,0.9439480304718018,0.5250592231750488,0.780282735824585,0.21387842297554016,0.758192777633667,0.4689140021800995,0.7788876891136169,0.43880054354667664,0.7336999177932739,0.4991685152053833,0.802402138710022,-0.03731784224510193,0.9664933681488037,0.46342161297798157,0.7985624670982361,0.21155859529972076,0.9348758459091187
IMG_9701,37,1221,good,0.4823013246059418,0.38545429706573486,-0.3075822591781616,0.9993471503257751,0.4902237355709076,0.3742121756076813,-0.28969600796699524,0.9987072944641113,0.49635761976242065,0.37315118312835693,-0.2897930443286896,0.9987439513206482,0.5020455718040466,0.37220919132232666,-0.28985098004341125,0.9986439943313599,0.4725230634212494,0.3764876127243042,-0.2700074017047882,0.9982119798660278,0.4669075310230255,0.37678632140159607,-0.27003014087677,0.997897744178772,0.46147000789642334,0.3771342933177948,-0.2701007127761841,0.9978440403938293,0.514047384262085,0.3758661150932312,-0.12099549919366837,0.9984105825424194,0.45796483755111694,0.37926241755485535,-0.026450665667653084,0.9966728091239929,0.49703550338745117,0.3933204710483551,-0.2379247099161148,0.999264121055603,0.4750276803970337,0.3967210650444031,-0.21181312203407288,0.9991474151611328,0.5696476101875305,0.42770323157310486,-0.05949176475405693,0.9996789693832397,0.4234883487224579,0.4278818368911743,0.11488775908946991,0.9990924000740051,0.549999475479126,0.4873487055301666,-0.28378593921661377,0.9683926701545715,0.3587961792945862,0.48705291748046875,-0.09164530783891678,0.9423959255218506,0.4852149188518524,0.4252775013446808,-0.5798335671424866,0.975336492061615,0.4144708514213562,0.4355345070362091,-0.4791272282600403,0.9400122165679932,0.47577887773513794,0.4076983630657196,-0.6514186263084412,0.9488722681999207,0.4273601472377777,0.4171633720397949,-0.5573819279670715,0.8693223595619202,0.4904648959636688,0.40097731351852417,-0.6347438097000122,0.9455259442329407,0.4319804608821869,0.4113079309463501,-0.5563716292381287,0.8566201329231262,0.4874662756919861,0.40790075063705444,-0.5772988796234131,0.9171221256256104,0.4318208396434784,0.41848915815353394,-0.4950873553752899,0.8235417008399963,0.5298341512680054,0.5683507919311523,-0.05852259695529938,0.9993900060653687,0.43885281682014465,0.568481981754303,0.058555569499731064,0.9991713166236877,0.5159600377082825,0.6704642176628113,-0.18455170094966888,0.9851164817810059,0.4387122690677643,0.6779381632804871,0.06401563435792923,0.9471884965896606,0.5231688618659973,0.770505964756012,0.11728757619857788,0.975778341293335,0.46160411834716797,0.7698872089385986,0.4036102592945099,0.9448107481002808,0.5295649766921997,0.7807065844535828,0.1354280412197113,0.7596797347068787,0.4688946306705475,0.7789860963821411,0.429169237613678,0.7418646812438965,0.49667876958847046,0.8023970127105713,-0.12050023674964905,0.9668768644332886,0.45690613985061646,0.7965041399002075,0.20146481692790985,0.9359895586967468
IMG_9701,38,1254,good,0.47147783637046814,0.3877646028995514,-0.2821604907512665,0.9993895888328552,0.4790860712528229,0.37726348638534546,-0.2857954800128937,0.9987848401069641,0.48521456122398376,0.37628263235092163,-0.28583651781082153,0.9988209009170532,0.4911414682865143,0.3753129839897156,-0.2859327793121338,0.9987192153930664,0.4626004695892334,0.37921828031539917,-0.24551111459732056,0.9983203411102295,0.45681700110435486,0.37943020462989807,-0.24555253982543945,0.9980262517929077,0.4513711631298065,0.37971699237823486,-0.24560320377349854,0.9979758262634277,0.5049429535865784,0.37709513306617737,-0.11178582161664963,0.9985212087631226,0.44921064376831055,0.3812761604785919,0.0012833204818889499,0.9968355894088745,0.4858541488647461,0.3950672447681427,-0.22927522659301758,0.9993107914924622,0.4654363989830017,0.3985137641429901,-0.1822105050086975,0.999187707901001,0.5645157694816589,0.4270628094673157,-0.054992977529764175,0.9996957778930664,0.4173199236392975,0.43104544281959534,0.16334398090839386,0.9991538524627686,0.545230507850647,0.4878796935081482,-0.2698551118373871,0.9678182005882263,0.3609752655029297,0.495907723903656,-0.006400258745998144,0.935870885848999,0.4703967571258545,0.4276067912578583,-0.5577431321144104,0.9736602306365967,0.3992820382118225,0.4467005133628845,-0.43722933530807495,0.9404752850532532,0.4603244364261627,0.410868376493454,-0.6152979135513306,0.9464291334152222,0.41706299781799316,0.426816463470459,-0.5111525058746338,0.87256920337677,0.47113099694252014,0.4038063883781433,-0.6016921401023865,0.9428631067276001,0.41650745272636414,0.4202994704246521,-0.5098758339881897,0.8604553937911987,0.47509312629699707,0.4129284918308258,-0.5515421628952026,0.9129953980445862,0.4238895773887634,0.424820214509964,-0.4498283863067627,0.8276872634887695,0.5280541181564331,0.5682912468910217,-0.06348949670791626,0.9993734359741211,0.4358510971069336,0.5682895183563232,0.06349486857652664,0.9991557002067566,0.5099762678146362,0.6708059310913086,-0.1668453961610794,0.9850002527236938,0.43479299545288086,0.6777059435844421,0.06195923313498497,0.9486892819404602,0.5230739712715149,0.7703434228897095,0.14563295245170593,0.9758259654045105,0.4587714672088623,0.7696716785430908,0.36861348152160645,0.9462662935256958,0.5299639701843262,0.7807115316390991,0.16363202035427094,0.7576932907104492,0.46633070707321167,0.7790555357933044,0.3912372589111328,0.7478009462356567,0.4949060380458832,0.8023378252983093,-0.10194800049066544,0.9669184684753418,0.45383182168006897,0.79600590467453,0.16874580085277557,0.9373603463172913
IMG_9701,39,1287,good,0.462226927280426,0.39048102498054504,-0.28167760372161865,0.9994040727615356,0.46860745549201965,0.3804642856121063,-0.27561092376708984,0.9988077878952026,0.4747867286205292,0.37906959652900696,-0.27567005157470703,0.9988434314727783,0.48079416155815125,0.37770524621009827,-0.2757546901702881,0.9987310171127319,0.4528190493583679,0.3833693861961365,-0.24434879422187805,0.9983614683151245,0.4475453495979309,0.3839154541492462,-0.24439199268817902,0.9980802536010742,0.44225066900253296,0.3847932815551758,-0.24445144832134247,0.9980389475822449,0.49559858441352844,0.378336101770401,-0.10662756115198135,0.9985719919204712,0.44199138879776,0.38612496852874756,0.00379023770801723,0.996852457523346,0.47889456152915955,0.39676859974861145,-0.22412508726119995,0.9993298649787903,0.4577568471431732,0.40116292238235474,-0.18198515474796295,0.9991876482963562,0.5587021708488464,0.42683038115501404,-0.04440226033329964,0.9997021555900574,0.41382116079330444,0.4339953064918518,0.16052547097206116,0.9991897940635681,0.5496565699577332,0.48823437094688416,-0.27497798204421997,0.966686487197876,0.3613486588001251,0.5005977749824524,-0.02674235589802265,0.9286401271820068,0.4691137671470642,0.43098554015159607,-0.570831835269928,0.9697073698043823,0.3976757824420929,0.4510496258735657,-0.4596828818321228,0.9391970038414001,0.45700353384017944,0.4142155051231384,-0.6360000967979431,0.9396810531616211,0.40912342071533203,0.43453821539878845,-0.5349595546722412,0.8725225329399109,0.4661456346511841,0.40662142634391785,-0.6145087480545044,0.9354133605957031,0.4120992124080658,0.4282204508781433,-0.5281681418418884,0.8604891300201416,0.46755069494247437,0.4167022407054901,-0.5647642016410828,0.902350127696991,0.4150681793689728,0.4320496618747711,-0.46921494603157043,0.8269875049591064,0.5260674357414246,0.5676292777061462,-0.06557583808898926,0.9993571639060974,0.43421271443367004,0.5677937269210815,0.06559919565916061,0.9991252422332764,0.5050817131996155,0.670591413974762,-0.17360827326774597,0.9840171933174133,0.4340377449989319,0.6764445900917053,0.0475730337202549,0.9479488730430603,0.5210461020469666,0.7697071433067322,0.1407279521226883,0.9749059677124023,0.45694154500961304,0.7681463956832886,0.3638954162597656,0.9456421732902527,0.5298059582710266,0.78031986951828,0.16045251488685608,0.7526490092277527,0.46209263801574707,0.7774751782417297,0.3876016139984131,0.7500335574150085,0.4934193789958954,0.8017977476119995,-0.09271320700645447,0.9658358693122864,0.4511224329471588,0.7934395670890808,0.16857481002807617,0.9366135597229004
IMG_9701,40,1320,good,0.45322534441947937,0.39174139499664307,-0.23908217251300812,0.9994512796401978,0.4586259126663208,0.3816661834716797,-0.24449847638607025,0.9989069104194641,0.4645422697067261,0.380168080329895,-0.24461765587329865,0.9989394545555115,0.4704451560974121,0.37872225046157837,-0.24472913146018982,0.9988346695899963,0.44405609369277954,0.3847515285015106,-0.20345452427864075,0.9984983801841736,0.4392065107822418,0.3854195773601532,-0.20347410440444946,0.9982393980026245,0.43467360734939575,0.3862161338329315,-0.20352359116077423,0.998202919960022,0.4872722625732422,0.37888285517692566,-0.1216985359787941,0.9986988306045532,0.43739673495292664,0.38752850890159607,0.03454345837235451,0.9971114993095398,0.4708367884159088,0.39790815114974976,-0.19611722230911255,0.9993853569030762,0.45089367032051086,0.4023546278476715,-0.14334125816822052,0.9992461800575256,0.5539974570274353,0.4269055724143982,-0.08383992314338684,0.9997173547744751,0.4132397770881653,0.4366022050380707,0.20617465674877167,0.9992476105690002,0.5324586629867554,0.4896917939186096,-0.29049012064933777,0.9634036421775818,0.3653070628643036,0.5026160478591919,0.040432486683130264,0.9094500541687012,0.4526778757572174,0.4329785704612732,-0.5221877098083496,0.9640676379203796,0.3856753706932068,0.4580073654651642,-0.4002528488636017,0.9334446787834167,0.4406184256076813,0.4183349609375,-0.5749626755714417,0.9324094653129578,0.3980353772640228,0.44010618329048157,-0.46935051679611206,0.8668522238731384,0.44772982597351074,0.41142895817756653,-0.5602465867996216,0.9275719523429871,0.40151387453079224,0.43414202332496643,-0.4646955132484436,0.8546893000602722,0.4552583694458008,0.41819044947624207,-0.5161567330360413,0.8913755416870117,0.40248483419418335,0.43980100750923157,-0.4122430980205536,0.8205356597900391,0.5226658582687378,0.5676805377006531,-0.08142292499542236,0.9993774890899658,0.4326271712779999,0.5677056908607483,0.08145914226770401,0.999155580997467,0.5015378594398499,0.6741858124732971,-0.16666661202907562,0.9836665987968445,0.43144476413726807,0.676448404788971,0.05654774606227875,0.9490582942962646,0.5187641382217407,0.7709054946899414,0.13403038680553436,0.9745374917984009,0.45566844940185547,0.767227828502655,0.4219023287296295,0.9438736438751221,0.5281758904457092,0.7836731672286987,0.1532825082540512,0.7522777318954468,0.461102694272995,0.7769320607185364,0.4516715109348297,0.7521026730537415,0.4910317361354828,0.8019018769264221,-0.08276624232530594,0.9651616811752319,0.45020976662635803,0.7928915619850159,0.28067338466644287,0.9348118901252747
IMG_9701,41,1353,good,0.4472140967845917,0.39359089732170105,-0.2879490852355957,0.99944007396698,0.45114171504974365,0.38336917757987976,-0.2823699712753296,0.9989185333251953,0.4563671350479126,0.3816518783569336,-0.28247982263565063,0.998950719833374,0.46206438541412354,0.37990865111351013,-0.2825813889503479,0.9988415837287903,0.43743467330932617,0.3869766592979431,-0.25081393122673035,0.9985195398330688,0.433270126581192,0.3878268897533417,-0.25088000297546387,0.9982698559761047,0.4292527437210083,0.38862189650535583,-0.25095275044441223,0.9982464909553528,0.4790966510772705,0.37954843044281006,-0.140016570687294,0.9987469911575317,0.43236204981803894,0.3896464407444,-0.0005983656155876815,0.997121274471283,0.4646606147289276,0.39911434054374695,-0.23289020359516144,0.9993858337402344,0.44642898440361023,0.40357834100723267,-0.18999886512756348,0.9992051124572754,0.5512030720710754,0.4274443984031677,-0.07300347089767456,0.9996901154518127,0.4114857017993927,0.4398571252822876,0.1910112351179123,0.9992215037345886,0.5470318794250488,0.4889208972454071,-0.30963051319122314,0.9580783247947693,0.3652411997318268,0.5050694942474365,0.033223431557416916,0.8934918642044067,0.476088285446167,0.4460040032863617,-0.6094202399253845,0.9516535997390747,0.39179202914237976,0.45971518754959106,-0.5348168015480042,0.9252257347106934,0.44424647092819214,0.4244154095649719,-0.6774196028709412,0.914226233959198,0.3964539170265198,0.4475736618041992,-0.6141908764839172,0.8579530715942383,0.45256665349006653,0.42820045351982117,-0.6583293080329895,0.9082515835762024,0.3998037278652191,0.4409535825252533,-0.6108880043029785,0.8455146551132202,0.46013781428337097,0.43249690532684326,-0.6058322191238403,0.8670694231987,0.4024248719215393,0.4439561665058136,-0.5472735166549683,0.8095943927764893,0.5186289548873901,0.5676529407501221,-0.07229696214199066,0.9992457628250122,0.4307108223438263,0.5671630501747131,0.07233599573373795,0.99901282787323,0.4983700215816498,0.6753903031349182,-0.17068003118038177,0.9803818464279175,0.42881742119789124,0.6763100028038025,0.024439072236418724,0.946505069732666,0.5108456015586853,0.770162045955658,0.10030431300401688,0.9721549153327942,0.4557003974914551,0.7678982019424438,0.2876366376876831,0.9427366852760315,0.5071452260017395,0.7837682366371155,0.11460583657026291,0.7485795021057129,0.46115419268608093,0.7786493897438049,0.30383071303367615,0.7541846632957458,0.49111825227737427,0.8010439276695251,-0.13326093554496765,0.9618933796882629,0.4508204162120819,0.7929844260215759,0.08717688918113708,0.9326895475387573
IMG_9701,42,1386,good,0.43769803643226624,0.3948726952075958,-0.315597265958786,0.9993935227394104,0.4413205683231354,0.38406673073768616,-0.31757327914237976,0.9989160299301147,0.44649770855903625,0.382125586271286,-0.3177051544189453,0.9989519119262695,0.45170432329177856,0.380168080329895,-0.31783780455589294,0.9988325238227844,0.4287579655647278,0.3880193531513214,-0.27874767780303955,0.9985188245773315,0.4250697195529938,0.3888345956802368,-0.27880609035491943,0.9982759356498718,0.4211752712726593,0.38955962657928467,-0.2788824439048767,0.9982611536979675,0.47026827931404114,0.3796236217021942,-0.21228627860546112,0.9987834692001343,0.4280204772949219,0.3898845613002777,-0.0312387365847826,0.9971635937690735,0.4565291702747345,0.39985424280166626,-0.26985424757003784,0.9993687868118286,0.44006431102752686,0.4043511152267456,-0.21766212582588196,0.999133288860321,0.5483808517456055,0.42813724279403687,-0.15301156044006348,0.9996541738510132,0.4103761613368988,0.4405871331691742,0.17959164083003998,0.9991921782493591,0.5487952828407288,0.4874300956726074,-0.4192557632923126,0.950420081615448,0.3673107326030731,0.5106464624404907,-0.027156542986631393,0.8749070167541504,0.4963075518608093,0.44585132598876953,-0.7176015377044678,0.9298912882804871,0.39501944184303284,0.46889039874076843,-0.5471281409263611,0.9136118292808533,0.4766804575920105,0.4297032356262207,-0.7917729616165161,0.888961911201477,0.40154358744621277,0.4571075141429901,-0.6277104020118713,0.845460057258606,0.47815564274787903,0.42692482471466064,-0.7760742902755737,0.8820647597312927,0.40380311012268066,0.44860729575157166,-0.6234592795372009,0.8329949378967285,0.4814063608646393,0.4316096305847168,-0.7163262367248535,0.8350124955177307,0.40657109022140503,0.451121062040329,-0.5600509643554688,0.794620931148529,0.5163068771362305,0.5676471590995789,-0.10454334318637848,0.9991114139556885,0.42970794439315796,0.5671504735946655,0.10472635179758072,0.9988603591918945,0.49606645107269287,0.6753891110420227,-0.17375987768173218,0.977945864200592,0.4286709129810333,0.6763610243797302,0.10126892477273941,0.9422336220741272,0.5092034339904785,0.7712757587432861,0.05021052062511444,0.971828043460846,0.46377238631248474,0.7681921720504761,0.34698358178138733,0.9414103627204895,0.5072696805000305,0.7865789532661438,0.05883912742137909,0.7553765773773193,0.4795777499675751,0.779779851436615,0.3546175956726074,0.7630712389945984,0.4812971353530884,0.8005046844482422,-0.19039812684059143,0.9613903164863586,0.44377419352531433,0.7909778356552124,0.17327870428562164,0.9323797225952148
IMG_9701,43,1420,good,0.43295374512672424,0.3946012258529663,-0.3377343416213989,0.9993270039558411,0.43516412377357483,0.38378819823265076,-0.3363257050514221,0.9988974928855896,0.4401985704898834,0.38186466693878174,-0.3364715874195099,0.9989403486251831,0.44510722160339355,0.37992703914642334,-0.33665090799331665,0.9988136887550354,0.423650860786438,0.38771507143974304,-0.30231067538261414,0.9984886646270752,0.4201124906539917,0.388543039560318,-0.30235719680786133,0.9982537031173706,0.4165704548358917,0.3892726004123688,-0.30242645740509033,0.9982432723045349,0.4630841016769409,0.37945356965065,-0.21239708364009857,0.9988240003585815,0.42386582493782043,0.38942497968673706,-0.05393147096037865,0.9971984028816223,0.45164886116981506,0.39959022402763367,-0.28478845953941345,0.9993487000465393,0.43578463792800903,0.4038926064968109,-0.2390175461769104,0.9990411400794983,0.5439812541007996,0.42814940214157104,-0.12924768030643463,0.9996253252029419,0.4105044901371002,0.43952083587646484,0.13829493522644043,0.9991506934165955,0.5632597208023071,0.48761290311813354,-0.35669180750846863,0.933917224407196,0.37783533334732056,0.5082719326019287,-0.0398670956492424,0.8436655402183533,0.532676637172699,0.4559638798236847,-0.6434147953987122,0.8885331153869629,0.39894160628318787,0.4824460744857788,-0.5450595021247864,0.8921384215354919,0.5221543312072754,0.44566285610198975,-0.714670717716217,0.844481348991394,0.40359529852867126,0.4729788899421692,-0.6246947646141052,0.8233023285865784,0.5240854024887085,0.4395250380039215,-0.7014908194541931,0.837228536605835,0.4077719748020172,0.4629270136356354,-0.6251264810562134,0.8109768033027649,0.5237622261047363,0.44294124841690063,-0.6431209444999695,0.7872634530067444,0.41034752130508423,0.4592611491680145,-0.5593485236167908,0.7700256705284119,0.5151662230491638,0.5653382539749146,-0.0999244749546051,0.9990131855010986,0.4290304481983185,0.5644513964653015,0.10016391426324844,0.9987144470214844,0.4950050115585327,0.6737213730812073,-0.1713368445634842,0.9768800139427185,0.42611077427864075,0.6739085912704468,0.10861123353242874,0.9415187835693359,0.5097681879997253,0.7728443741798401,0.018954221159219742,0.9724979996681213,0.4533627927303314,0.7676105499267578,0.3512941002845764,0.9431936740875244,0.508091926574707,0.789994478225708,0.022563675418496132,0.7610490322113037,0.46314936876296997,0.7796546220779419,0.3632993698120117,0.7736477851867676,0.48269030451774597,0.7991130948066711,-0.2395622879266739,0.9618178606033325,0.4388914704322815,0.7895075082778931,0.16260658204555511,0.9343593120574951
