video_no,frame,timestamp_ms,good,x0,y0,z0,visibility0,x1,y1,z1,visibility1,x2,y2,z2,visibility2,x3,y3,z3,visibility3,x4,y4,z4,visibility4,x5,y5,z5,visibility5,x6,y6,z6,visibility6,x7,y7,z7,visibility7,x8,y8,z8,visibility8,x9,y9,z9,visibility9,x10,y10,z10,visibility10,x11,y11,z11,visibility11,x12,y12,z12,visibility12,x13,y13,z13,visibility13,x14,y14,z14,visibility14,x15,y15,z15,visibility15,x16,y16,z16,visibility16,x17,y17,z17,visibility17,x18,y18,z18,visibility18,x19,y19,z19,visibility19,x20,y20,z20,visibility20,x21,y21,z21,visibility21,x22,y22,z22,visibility22,x23,y23,z23,visibility23,x24,y24,z24,visibility24,x25,y25,z25,visibility25,x26,y26,z26,visibility26,x27,y27,z27,visibility27,x28,y28,z28,visibility28,x29,y29,z29,visibility29,x30,y30,z30,visibility30,x31,y31,z31,visibility31,x32,y32,z32,visibility32
IMG_9674 3,1,33,good,0.46358197927474976,0.44353634119033813,0.06828313320875168,0.9999873638153076,0.4712831974029541,0.4346872568130493,0.05060052126646042,0.9999872446060181,0.47365477681159973,0.43419766426086426,0.05055764690041542,0.9999889135360718,0.4762784540653229,0.43379342555999756,0.050485532730817795,0.9999885559082031,0.46862104535102844,0.43481969833374023,0.09100273996591568,0.9999828338623047,0.46909332275390625,0.4344143271446228,0.09100257605314255,0.9999785423278809,0.4693315029144287,0.43401437997817993,0.09102598577737808,0.9999790191650391,0.4927903413772583,0.43590667843818665,0.03464473411440849,0.9999889135360718,0.4795471727848053,0.43549269437789917,0.20979705452919006,0.9999793767929077,0.4724649488925934,0.4488232731819153,0.06878925859928131,0.9999576807022095,0.4683736264705658,0.44920140504837036,0.1190568283200264,0.9999500513076782,0.5431365370750427,0.4700952172279358,-0.07226642221212387,0.9999765157699585,0.47319984436035156,0.4809771180152893,0.35016292333602905,0.99982750415802,0.4780804216861725,0.5107607245445251,-0.1621541529893875,0.9822461605072021,0.4613538384437561,0.5322296619415283,0.349423348903656,0.09240289777517319,0.4503987431526184,0.46492862701416016,-0.06464201211929321,0.9514167308807373,0.48960310220718384,0.5780676007270813,0.20964738726615906,0.09876057505607605,0.4438292384147644,0.4534040093421936,-0.09038379788398743,0.928492546081543,0.4946121871471405,0.5960878729820251,0.2029501348733902,0.11972936242818832,0.4546959102153778,0.4490257501602173,-0.07858074456453323,0.9224929213523865,0.5003634691238403,0.5919591188430786,0.1767885833978653,0.12212352454662323,0.45720064640045166,0.45228511095046997,-0.057062387466430664,0.9018431901931763,0.5003859996795654,0.5862770080566406,0.19310812652111053,0.1295326054096222,0.5429378151893616,0.586867094039917,-0.1520569920539856,0.9998931884765625,0.5020926594734192,0.5912895202636719,0.15222933888435364,0.9997369647026062,0.5124226212501526,0.6822445392608643,-0.22970548272132874,0.8848929405212402,0.534318745136261,0.6813998222351074,0.15022942423820496,0.512641966342926,0.4989665150642395,0.7847944498062134,-0.21458062529563904,0.9465363025665283,0.6087030172348022,0.7612774968147278,0.21454454958438873,0.7676675915718079,0.5116360783576965,0.799629271030426,-0.21827735006809235,0.9105744361877441,0.6221730709075928,0.7702727317810059,0.21717888116836548,0.8083304166793823,0.4301484227180481,0.808160126209259,-0.3495515286922455,0.9439725279808044,0.5693008899688721,0.797159731388092,0.13904717564582825,0.799811601638794
IMG_9674 3,2,66,good,0.46423521637916565,0.44385266304016113,0.027170535176992416,0.9999873042106628,0.4725034832954407,0.4355659484863281,0.0029161940328776836,0.9999873638153076,0.4752063453197479,0.4353383779525757,0.0028474002610892057,0.9999890327453613,0.4778786599636078,0.4351356327533722,0.002727061277255416,0.9999886751174927,0.469614177942276,0.4353787302970886,0.048438265919685364,0.9999827742576599,0.47002992033958435,0.43496161699295044,0.04844510182738304,0.9999785423278809,0.47022292017936707,0.434516042470932,0.048474643379449844,0.9999788403511047,0.4947332739830017,0.4372691214084625,-0.0318073146045208,0.9999893307685852,0.4808172583580017,0.43602320551872253,0.1662435680627823,0.9999796152114868,0.47280338406562805,0.4494433104991913,0.021672707051038742,0.9999587535858154,0.46847712993621826,0.44949421286582947,0.07825840264558792,0.9999508261680603,0.5447191596031189,0.4705270528793335,-0.13592647016048431,0.9999767541885376,0.47464221715927124,0.4803020656108856,0.3131135404109955,0.9998290538787842,0.4826297461986542,0.5127373337745667,-0.17730459570884705,0.9826732277870178,0.4613548517227173,0.5316962003707886,0.26408088207244873,0.09168586879968643,0.45264896750450134,0.46596407890319824,-0.016172461211681366,0.9507626295089722,0.47476089000701904,0.5654464364051819,0.037473637610673904,0.09946238994598389,0.4444727897644043,0.45415419340133667,-0.03150024637579918,0.9269979000091553,0.4744246304035187,0.5761797428131104,0.01947571337223053,0.12184920907020569,0.45530015230178833,0.4489098787307739,-0.024143030866980553,0.9212895035743713,0.4812799096107483,0.569361686706543,-0.0019231586484238505,0.12467339634895325,0.45915594696998596,0.45221391320228577,-0.006670716218650341,0.9007015824317932,0.48183491826057434,0.5652916431427002,0.019780103117227554,0.13210542500019073,0.5431192517280579,0.5884717702865601,-0.1532779037952423,0.99988853931427,0.5024685859680176,0.5923627614974976,0.15345312654972076,0.9997350573539734,0.5116735696792603,0.6826053261756897,-0.22887946665287018,0.8887810707092285,0.5357951521873474,0.682365357875824,0.16122879087924957,0.5127789974212646,0.4989610016345978,0.7854029536247253,-0.21368074417114258,0.9476565718650818,0.6101115345954895,0.7609322667121887,0.22336313128471375,0.7729171514511108,0.5119633078575134,0.8003534078598022,-0.21691247820854187,0.9144030213356018,0.6260929703712463,0.7702375650405884,0.22531938552856445,0.815446138381958,0.43174776434898376,0.8081662654876709,-0.3374727666378021,0.9439335465431213,0.5703559517860413,0.7949422001838684,0.15276013314723969,0.7994250059127808
IMG_9674 3,3,99,good,0.46549174189567566,0.4439021348953247,0.0379522368311882,0.9999859929084778,0.47452348470687866,0.4356566071510315,0.012804715894162655,0.9999861121177673,0.47720298171043396,0.43542611598968506,0.012746146880090237,0.9999880790710449,0.47970473766326904,0.43522554636001587,0.012637564912438393,0.9999876618385315,0.47116848826408386,0.43550175428390503,0.05922312289476395,0.9999812841415405,0.4714225232601166,0.43509534001350403,0.059229958802461624,0.9999765753746033,0.47142156958580017,0.43466120958328247,0.05926932021975517,0.9999765753746033,0.4957870543003082,0.4374304711818695,0.007988320663571358,0.9999884963035583,0.4810608923435211,0.4362592101097107,0.1736057549715042,0.9999778270721436,0.47389450669288635,0.44947919249534607,0.02656741999089718,0.9999557733535767,0.46890345215797424,0.4495367407798767,0.08713656663894653,0.9999467134475708,0.5478754043579102,0.4706194996833801,-0.09430406987667084,0.9999770522117615,0.47462886571884155,0.4801799952983856,0.3230815529823303,0.9998244643211365,0.4864496886730194,0.5127133727073669,-0.1759834736585617,0.9827947020530701,0.46482038497924805,0.5317032337188721,0.30657392740249634,0.09292241185903549,0.45687779784202576,0.4659544825553894,-0.08187099546194077,0.9487578272819519,0.4876580238342285,0.5800039172172546,0.16634632647037506,0.09708500653505325,0.44700461626052856,0.45444127917289734,-0.10783836990594864,0.924039363861084,0.4904550015926361,0.5936640501022339,0.15625159442424774,0.11884117871522903,0.4579705595970154,0.4484643042087555,-0.09606129676103592,0.9181835055351257,0.4979861080646515,0.5894920229911804,0.13656610250473022,0.1215253621339798,0.4615113139152527,0.4521285593509674,-0.07343711704015732,0.8968104720115662,0.4984215199947357,0.5834196209907532,0.15293411910533905,0.12860490381717682,0.5457279086112976,0.5889867544174194,-0.15342138707637787,0.9998914003372192,0.5034098625183105,0.5934070944786072,0.15361203253269196,0.9997336864471436,0.5121682286262512,0.6833190321922302,-0.2752031683921814,0.8889867663383484,0.5358810424804688,0.6828359365463257,0.16608738899230957,0.5050860047340393,0.4985154867172241,0.7863555550575256,-0.2884666919708252,0.9481490254402161,0.6109522581100464,0.7609298229217529,0.25067755579948425,0.7678372859954834,0.5119248032569885,0.8011966347694397,-0.29510289430618286,0.9159865975379944,0.6270437836647034,0.770237147808075,0.25475722551345825,0.8143890500068665,0.4308081567287445,0.8086481094360352,-0.4371873736381531,0.9451363682746887,0.5734527707099915,0.7937657833099365,0.17611783742904663,0.7967711687088013
IMG_9674 3,4,132,good,0.4678679406642914,0.44464707374572754,-0.007349877618253231,0.9999842643737793,0.47718849778175354,0.4368303716182709,-0.016753241419792175,0.9999849796295166,0.48029428720474243,0.4367334544658661,-0.016824981197714806,0.9999871253967285,0.4833265542984009,0.43666109442710876,-0.01691555231809616,0.9999868273735046,0.4727819859981537,0.43663594126701355,0.019842341542243958,0.9999797344207764,0.4727063775062561,0.4363204836845398,0.019801942631602287,0.999974250793457,0.4724057614803314,0.4359716773033142,0.01978646218776703,0.9999740123748779,0.4997941255569458,0.43873855471611023,0.009672369807958603,0.9999879002571106,0.4816285967826843,0.43770596385002136,0.16697752475738525,0.9999752640724182,0.4764752984046936,0.4504489600658417,0.007899918593466282,0.999953031539917,0.47002527117729187,0.4504969120025635,0.053988952189683914,0.999940812587738,0.5500347018241882,0.4712907671928406,-0.09295947849750519,0.9999750852584839,0.4746644198894501,0.48119083046913147,0.31838640570640564,0.9997979998588562,0.49126875400543213,0.5124306082725525,-0.2144899070262909,0.9824473261833191,0.46673595905303955,0.5316575169563293,0.291012167930603,0.093291275203228,0.4576417803764343,0.4661734700202942,-0.1693788319826126,0.9462084770202637,0.48764675855636597,0.5676755905151367,0.1219937801361084,0.09720522165298462,0.4472786486148834,0.4552188813686371,-0.2002197653055191,0.9209834337234497,0.4867851436138153,0.584056556224823,0.1058274656534195,0.11951802670955658,0.45811939239501953,0.4484921097755432,-0.19116298854351044,0.9152398109436035,0.49557438492774963,0.5797262787818909,0.08795781433582306,0.12242332100868225,0.46176931262016296,0.45232123136520386,-0.1628592610359192,0.892771303653717,0.4965713620185852,0.5746736526489258,0.10767605900764465,0.12959161400794983,0.5489935278892517,0.5912700295448303,-0.1520177721977234,0.9998936653137207,0.5049064755439758,0.596062958240509,0.15225256979465485,0.9997329711914062,0.5160713195800781,0.6845566630363464,-0.2802679240703583,0.8919438719749451,0.5340613722801208,0.6840713024139404,0.1514478474855423,0.506695568561554,0.4985335171222687,0.7861998081207275,-0.2900126576423645,0.9501973986625671,0.6109193563461304,0.7603137493133545,0.243674635887146,0.7711804509162903,0.5120146870613098,0.8007674217224121,-0.29682841897010803,0.9186081290245056,0.6269643902778625,0.770053505897522,0.24714024364948273,0.8176190257072449,0.4354427754878998,0.8085700273513794,-0.44939303398132324,0.9476092457771301,0.5706571340560913,0.7941778898239136,0.158701553940773,0.800568699836731
IMG_9674 3,5,166,good,0.47118398547172546,0.44486066699028015,0.012091334909200668,0.9999829530715942,0.4798698127269745,0.4370359480381012,-0.0020442118402570486,0.9999837875366211,0.482802152633667,0.4369048774242401,-0.002105479361489415,0.9999861717224121,0.4856097102165222,0.4368089437484741,-0.0022216730285435915,0.9999857544898987,0.47544974088668823,0.4368729293346405,0.03539561107754707,0.999978244304657,0.4752686023712158,0.43653756380081177,0.03537725657224655,0.9999725818634033,0.4748280346393585,0.4361838400363922,0.03540882468223572,0.9999721050262451,0.5021783113479614,0.43889930844306946,0.013187467120587826,0.9999873042106628,0.483283668756485,0.43793320655822754,0.17779360711574554,0.9999735951423645,0.47974148392677307,0.4509003758430481,0.019492313265800476,0.9999493360519409,0.4725917875766754,0.4510078728199005,0.06577624380588531,0.9999350905418396,0.5513346195220947,0.4714476466178894,-0.09138444066047668,0.9999740719795227,0.476120263338089,0.4816046357154846,0.3216041028499603,0.999790608882904,0.493259072303772,0.5126000046730042,-0.20350901782512665,0.9824473261833191,0.4740033447742462,0.5328154563903809,0.28892290592193604,0.09465427696704865,0.4592830538749695,0.46863609552383423,-0.13143451511859894,0.9447739124298096,0.495516300201416,0.5701020359992981,0.11031078547239304,0.09703770279884338,0.448244571685791,0.45745810866355896,-0.16027604043483734,0.918586015701294,0.5012146234512329,0.590112566947937,0.09504392743110657,0.11890650540590286,0.4595786929130554,0.45032554864883423,-0.1485891044139862,0.9126611948013306,0.5082588195800781,0.5864940881729126,0.07441771775484085,0.12165991961956024,0.4634266495704651,0.454285591840744,-0.12380197644233704,0.889704167842865,0.5084837079048157,0.5809708833694458,0.09473930299282074,0.12881001830101013,0.5496340990066528,0.5929943919181824,-0.15224845707416534,0.9998915195465088,0.50815349817276,0.5973659753799438,0.15247446298599243,0.9997285008430481,0.5164063572883606,0.685833215713501,-0.2738846242427826,0.8914121985435486,0.5341894626617432,0.6850207448005676,0.14595529437065125,0.5076249241828918,0.49853238463401794,0.7860408425331116,-0.262649267911911,0.9493290185928345,0.6110899448394775,0.7605794668197632,0.21972209215164185,0.7708688378334045,0.5115557909011841,0.8007208108901978,-0.2687221169471741,0.9173004627227783,0.6269339323043823,0.770183265209198,0.22138015925884247,0.8182981610298157,0.4354364573955536,0.8085743188858032,-0.4263812303543091,0.946876049041748,0.5673230886459351,0.7955325841903687,0.1341635286808014,0.8009096384048462
IMG_9674 3,6,199,good,0.47486668825149536,0.4450893998146057,0.05832992121577263,0.9999823570251465,0.48367932438850403,0.4372609555721283,0.04980737715959549,0.9999831914901733,0.48657751083374023,0.4371466040611267,0.04975838586688042,0.9999857544898987,0.489494651556015,0.43706950545310974,0.04968458414077759,0.99998539686203,0.47894254326820374,0.43711817264556885,0.08660924434661865,0.9999776482582092,0.47860029339790344,0.43681126832962036,0.0865771546959877,0.9999717473983765,0.47791585326194763,0.43649572134017944,0.08658898621797562,0.9999711513519287,0.5048536658287048,0.4392349421977997,0.06728194653987885,0.9999870657920837,0.4848332107067108,0.43867799639701843,0.22969768941402435,0.9999722838401794,0.48350879549980164,0.4512401521205902,0.07013852149248123,0.9999461770057678,0.4758986234664917,0.45137831568717957,0.11599510163068771,0.9999297857284546,0.5533989667892456,0.4719468355178833,-0.04305919632315636,0.9999741315841675,0.4772927165031433,0.48228931427001953,0.3601938486099243,0.9997764825820923,0.4951050877571106,0.5127153992652893,-0.17185476422309875,0.9826859831809998,0.47617989778518677,0.5335735082626343,0.30599597096443176,0.0950533002614975,0.4623848497867584,0.46882644295692444,-0.11246591806411743,0.9443740248680115,0.49950113892555237,0.5732977986335754,0.12683111429214478,0.09562471508979797,0.451017826795578,0.45762357115745544,-0.14426812529563904,0.9179898500442505,0.507327675819397,0.5937770009040833,0.11700741946697235,0.11702235788106918,0.4621281921863556,0.45042428374290466,-0.12680326402187347,0.9118924140930176,0.5140048265457153,0.590613067150116,0.09154722839593887,0.11955965310335159,0.46578216552734375,0.4544658660888672,-0.10342801362276077,0.8884679079055786,0.5142427682876587,0.5847877264022827,0.10970168560743332,0.12662355601787567,0.5507195591926575,0.5937802195549011,-0.15225131809711456,0.9998962879180908,0.5095667839050293,0.5984464883804321,0.15247762203216553,0.9997328519821167,0.5169619917869568,0.6857344508171082,-0.29149681329727173,0.8926001787185669,0.5313646793365479,0.6852646470069885,0.14643092453479767,0.5015814304351807,0.4984789788722992,0.7860276699066162,-0.3068843185901642,0.9490537047386169,0.6085330247879028,0.7603937387466431,0.23116354644298553,0.7619297504425049,0.511459469795227,0.800778865814209,-0.31464213132858276,0.9157110452651978,0.6225907802581787,0.7702628374099731,0.23444056510925293,0.8118202686309814,0.4379350543022156,0.8085579872131348,-0.46537548303604126,0.9473674893379211,0.5522688031196594,0.7937861084938049,0.14821775257587433,0.796604573726654
IMG_9674 3,7,232,good,0.4764072597026825,0.4453613758087158,0.06278250366449356,0.9999827146530151,0.4849540889263153,0.43755510449409485,0.05226197838783264,0.9999836087226868,0.48784881830215454,0.4374147653579712,0.0522121787071228,0.9999861717224121,0.49073338508605957,0.43732425570487976,0.05214160680770874,0.9999858736991882,0.4803068935871124,0.43744176626205444,0.09097477793693542,0.999978244304657,0.47996312379837036,0.4371195435523987,0.09094414860010147,0.999972403049469,0.47930118441581726,0.4367906451225281,0.09094775468111038,0.9999717473983765,0.5072901844978333,0.4396255612373352,0.060322124511003494,0.9999874234199524,0.4866234064102173,0.4389040768146515,0.23049013316631317,0.9999725818634033,0.4854496121406555,0.4515193998813629,0.07163995504379272,0.9999462366104126,0.4778507351875305,0.4516746401786804,0.1198817789554596,0.9999285340309143,0.5557218194007874,0.47259286046028137,-0.0490889698266983,0.999974250793457,0.4778934121131897,0.48259595036506653,0.35812631249427795,0.9997671842575073,0.5012362599372864,0.5129116773605347,-0.1752730906009674,0.9829071164131165,0.47615841031074524,0.5329944491386414,0.2955065071582794,0.09485141932964325,0.46474602818489075,0.4693979322910309,-0.10829751193523407,0.944194495677948,0.4987276494503021,0.5729614496231079,0.08724705874919891,0.09562423825263977,0.4534202516078949,0.45832836627960205,-0.1367977112531662,0.9175854325294495,0.5057300925254822,0.5906228423118591,0.06749268621206284,0.11718378961086273,0.46505212783813477,0.450779527425766,-0.12243624031543732,0.9114394783973694,0.5123374462127686,0.5870543122291565,0.050087179988622665,0.11966471374034882,0.46828049421310425,0.45498308539390564,-0.09968727082014084,0.8875977396965027,0.5126176476478577,0.5816227793693542,0.07176937907934189,0.12685467302799225,0.5520188212394714,0.5937482118606567,-0.15224412083625793,0.9999021887779236,0.5100440979003906,0.5986118912696838,0.15246574580669403,0.9997435212135315,0.5161096453666687,0.6854016780853271,-0.3026563227176666,0.8945905566215515,0.5316634774208069,0.6850833296775818,0.1392461508512497,0.4928627908229828,0.4984820783138275,0.7858741879463196,-0.34284454584121704,0.9499586820602417,0.6077871322631836,0.7601490616798401,0.21919770538806915,0.7553378343582153,0.5116838216781616,0.8007627725601196,-0.3521587550640106,0.9164480566978455,0.6225846409797668,0.7701509594917297,0.2224574089050293,0.8073025941848755,0.4389924705028534,0.8084350228309631,-0.49749433994293213,0.9490602016448975,0.5546348690986633,0.7909107208251953,0.1401245892047882,0.795214831829071
IMG_9674 3,8,265,good,0.47818723320961,0.44536370038986206,0.062178563326597214,0.999982476234436,0.486782044172287,0.43754178285598755,0.05217276141047478,0.9999834299087524,0.4897300899028778,0.43738946318626404,0.05211576819419861,0.9999861121177673,0.4926384687423706,0.4372892677783966,0.052039843052625656,0.9999858140945435,0.48170924186706543,0.43745726346969604,0.09021205455064774,0.9999779462814331,0.48115274310112,0.43714234232902527,0.09018519520759583,0.9999719858169556,0.4802873432636261,0.4368245303630829,0.09019462764263153,0.9999712109565735,0.5093587040901184,0.4396321773529053,0.06329966336488724,0.9999874234199524,0.48747220635414124,0.43896999955177307,0.22893404960632324,0.9999719858169556,0.4877241849899292,0.45150867104530334,0.07149776071310043,0.9999454617500305,0.47960013151168823,0.4517150819301605,0.11904333531856537,0.9999265074729919,0.5578646659851074,0.47313445806503296,-0.04479842633008957,0.9999746680259705,0.4781706631183624,0.4830811321735382,0.3590831160545349,0.999761164188385,0.5028037428855896,0.5131077766418457,-0.17157159745693207,0.9828948378562927,0.47659221291542053,0.5386804938316345,0.3280652165412903,0.0952354371547699,0.4663533866405487,0.46957874298095703,-0.10446446388959885,0.943329393863678,0.5009570121765137,0.5731467604637146,0.17114782333374023,0.09501076489686966,0.4563208520412445,0.4582286775112152,-0.132206529378891,0.9167432188987732,0.5069872736930847,0.591181218624115,0.15603548288345337,0.11653538048267365,0.4674682021141052,0.4511010944843292,-0.11903545260429382,0.9104866981506348,0.5136446356773376,0.5877416133880615,0.13702866435050964,0.11889873445034027,0.47085899114608765,0.4549352824687958,-0.09605944901704788,0.8861494660377502,0.5140604376792908,0.5821855068206787,0.15644489228725433,0.126089408993721,0.5531668066978455,0.5939034819602966,-0.1519058644771576,0.9999076724052429,0.5100030899047852,0.5987433195114136,0.1521432250738144,0.9997520446777344,0.5160844922065735,0.6853079795837402,-0.3004826307296753,0.8953728079795837,0.5319567918777466,0.6850361824035645,0.1381690353155136,0.48772192001342773,0.498630166053772,0.7858678102493286,-0.32933861017227173,0.9504874348640442,0.6070012450218201,0.7601451277732849,0.219039648771286,0.7499724626541138,0.512499988079071,0.8006817102432251,-0.3375660181045532,0.9168039560317993,0.6222872138023376,0.7698595523834229,0.2222364991903305,0.8033851981163025,0.4388948678970337,0.8084960579872131,-0.485946923494339,0.9503089189529419,0.5560212731361389,0.7906879782676697,0.13694842159748077,0.7940942645072937
IMG_9674 3,9,299,good,0.48262155055999756,0.4453791081905365,0.05257292464375496,0.9999829530715942,0.49107128381729126,0.4375990927219391,0.05129580944776535,0.9999838471412659,0.4944017827510834,0.4374522268772125,0.05124315246939659,0.9999865293502808,0.49793487787246704,0.4373663067817688,0.051164183765649796,0.9999862909317017,0.48487532138824463,0.43754228949546814,0.08555329591035843,0.9999784231185913,0.48386523127555847,0.43724822998046875,0.08552674949169159,0.9999725222587585,0.482559472322464,0.43695932626724243,0.08554945141077042,0.9999716877937317,0.5138992667198181,0.4399767816066742,0.0766405463218689,0.9999878406524658,0.48843780159950256,0.43925032019615173,0.22801747918128967,0.9999720454216003,0.49224671721458435,0.45157143473625183,0.07046037912368774,0.9999468922615051,0.48265600204467773,0.45179399847984314,0.11365386098623276,0.9999274611473083,0.5600337386131287,0.47379791736602783,-0.02966543845832348,0.9999754428863525,0.478140264749527,0.48339635133743286,0.3605733811855316,0.9997572302818298,0.5047115087509155,0.5134958028793335,-0.16717815399169922,0.9831722974777222,0.4779070317745209,0.5369869470596313,0.33160072565078735,0.09822718799114227,0.46892303228378296,0.46974265575408936,-0.11438774317502975,0.9432188868522644,0.5014044642448425,0.5731509327888489,0.1739044487476349,0.09760285168886185,0.4586223065853119,0.45815494656562805,-0.14551371335983276,0.916732668876648,0.5077189803123474,0.5908946394920349,0.15789182484149933,0.11943474411964417,0.46981942653656006,0.45106443762779236,-0.1346992701292038,0.9105396866798401,0.5141173601150513,0.587547242641449,0.1389528214931488,0.12168477475643158,0.4730919301509857,0.4548978805541992,-0.10783182084560394,0.8858609199523926,0.5146744251251221,0.5820449590682983,0.15934598445892334,0.12885825335979462,0.553960919380188,0.5946505069732666,-0.15175580978393555,0.9999144077301025,0.5099008083343506,0.5991416573524475,0.1519986391067505,0.9997656345367432,0.5155938267707825,0.6852582693099976,-0.3120035231113434,0.8987812995910645,0.5323790311813354,0.685031533241272,0.13428939878940582,0.48888134956359863,0.4986538290977478,0.78583163022995,-0.34404388070106506,0.9526956677436829,0.6062857508659363,0.7599295973777771,0.2191946804523468,0.7512754797935486,0.5126756429672241,0.8001450300216675,-0.35273778438568115,0.9192062616348267,0.622317373752594,0.7692399621009827,0.22237659990787506,0.8037036657333374,0.4388805627822876,0.8084892630577087,-0.5101316571235657,0.9528500437736511,0.5568608045578003,0.7900943160057068,0.1331942230463028,0.7980846166610718
IMG_9674 3,10,332,good,0.4857797622680664,0.4459143280982971,0.0024157415609806776,0.9999826550483704,0.4942358434200287,0.4382186532020569,-0.00026617402909323573,0.9999837875366211,0.4979991912841797,0.43805813789367676,-0.0003476473211776465,0.9999865293502808,0.5018704533576965,0.43797507882118225,-0.00042932250653393567,0.9999863505363464,0.4873383045196533,0.4382154941558838,0.033138323575258255,0.9999780058860779,0.48597055673599243,0.4379367530345917,0.03311489522457123,0.9999716877937317,0.48442867398262024,0.4376450479030609,0.033126361668109894,0.9999707341194153,0.5180572271347046,0.4408116638660431,0.047025661915540695,0.9999879598617554,0.49011918902397156,0.4398382008075714,0.1902666538953781,0.9999706149101257,0.4957810044288635,0.4521944224834442,0.02453848347067833,0.9999473094940186,0.4854489266872406,0.45251232385635376,0.06620753556489944,0.9999263286590576,0.5610206127166748,0.47427934408187866,-0.038960982114076614,0.9999754428863525,0.4794272482395172,0.4834354519844055,0.33681896328926086,0.9997442960739136,0.5043286085128784,0.5140700936317444,-0.20399124920368195,0.9832161664962769,0.478866845369339,0.5346921682357788,0.311398446559906,0.09666146337985992,0.4697737693786621,0.47063109278678894,-0.18528419733047485,0.943111777305603,0.5009300112724304,0.5689666867256165,0.14322321116924286,0.09726381301879883,0.46004578471183777,0.45842915773391724,-0.2200089544057846,0.91715008020401,0.5073065161705017,0.5820596814155579,0.12329191714525223,0.11999260634183884,0.4713185131549835,0.451826274394989,-0.213142529129982,0.9112747311592102,0.5139710307121277,0.5785582065582275,0.10523376613855362,0.12236041575670242,0.47581619024276733,0.4549682140350342,-0.18093731999397278,0.8862913846969604,0.5142201781272888,0.5738338232040405,0.12860450148582458,0.12952837347984314,0.5542204976081848,0.5950926542282104,-0.15093478560447693,0.9999198317527771,0.509845495223999,0.5993286371231079,0.15119509398937225,0.9997749924659729,0.5161131620407104,0.6852453351020813,-0.3098125755786896,0.9015715718269348,0.5323883891105652,0.6850154399871826,0.12944725155830383,0.4918856918811798,0.49889543652534485,0.7851121425628662,-0.34223827719688416,0.9549471735954285,0.6059209108352661,0.759493887424469,0.215800479054451,0.7559652924537659,0.5154143571853638,0.7989956736564636,-0.35092705488204956,0.9221476316452026,0.625328004360199,0.768377423286438,0.21883296966552734,0.8075377345085144,0.439107209444046,0.8080478310585022,-0.5077487230300903,0.9553350210189819,0.5588353872299194,0.7877790927886963,0.1242159977555275,0.8032202124595642
IMG_9674 3,11,365,good,0.4865645170211792,0.44549617171287537,0.012894587591290474,0.9999824166297913,0.4948767125606537,0.437938392162323,0.008088619448244572,0.9999836087226868,0.4983622133731842,0.4377986788749695,0.008019715547561646,0.999986469745636,0.5020037889480591,0.437735378742218,0.007950571365654469,0.9999862909317017,0.48820313811302185,0.43804025650024414,0.04261559620499611,0.9999774694442749,0.48685595393180847,0.4378352761268616,0.0425967201590538,0.9999709725379944,0.4852583110332489,0.4375956654548645,0.04260372370481491,0.9999697804450989,0.5179928541183472,0.4408074915409088,0.046112045645713806,0.9999879002571106,0.4907970726490021,0.4400372803211212,0.1924051195383072,0.9999695420265198,0.49639976024627686,0.451889306306839,0.030338071286678314,0.9999473094940186,0.48656487464904785,0.452304482460022,0.07330965995788574,0.9999250769615173,0.5619374513626099,0.4746003746986389,-0.04163993522524834,0.9999757409095764,0.4799532890319824,0.4837278723716736,0.335884153842926,0.9997348785400391,0.5035967230796814,0.513748049736023,-0.20298317074775696,0.9829762578010559,0.48140963912010193,0.534461498260498,0.3222157955169678,0.09437065571546555,0.4718836843967438,0.4698621332645416,-0.18002179265022278,0.9426729679107666,0.5024405121803284,0.5695695281028748,0.18479682505130768,0.09596504271030426,0.4628570079803467,0.45830875635147095,-0.21352507174015045,0.9173479080200195,0.5069556832313538,0.5828121304512024,0.1701524555683136,0.11940538883209229,0.47500061988830566,0.4508360028266907,-0.2063690423965454,0.9116756319999695,0.5138552784919739,0.5794340968132019,0.14864733815193176,0.12175503373146057,0.47806453704833984,0.45459508895874023,-0.17580844461917877,0.8864254951477051,0.5137694478034973,0.5748816132545471,0.16968780755996704,0.12879319489002228,0.5541250705718994,0.5954909324645996,-0.1509370654821396,0.9999250173568726,0.5097951889038086,0.5994696617126465,0.1511959582567215,0.9997836351394653,0.5161173343658447,0.68558269739151,-0.30549946427345276,0.9031333327293396,0.5315508842468262,0.6853302717208862,0.14021733403205872,0.4938426911830902,0.49890708923339844,0.7850409150123596,-0.3359876275062561,0.956862211227417,0.6063451170921326,0.7587365508079529,0.23936982452869415,0.7572349905967712,0.5159465074539185,0.798486053943634,-0.34485599398612976,0.923613429069519,0.625917375087738,0.7665612101554871,0.2436928004026413,0.8085929751396179,0.4394243657588959,0.8079079389572144,-0.5037640333175659,0.957505464553833,0.5632155537605286,0.787362277507782,0.15566956996917725,0.8070557117462158
IMG_9674 3,12,398,good,0.48926085233688354,0.44547030329704285,0.013915326446294785,0.9999823570251465,0.4971124827861786,0.4379268288612366,0.007776092737913132,0.9999836683273315,0.5005789995193481,0.43779024481773376,0.007708404678851366,0.9999865889549255,0.5042917132377625,0.4377247095108032,0.007641219068318605,0.999986469745636,0.4902334213256836,0.4380238950252533,0.042453981935977936,0.9999772310256958,0.488754540681839,0.437821626663208,0.042436689138412476,0.9999706745147705,0.4869912564754486,0.43758007884025574,0.04244954138994217,0.9999692440032959,0.5205188393592834,0.4408574104309082,0.0408962145447731,0.9999880790710449,0.492112398147583,0.44003400206565857,0.18982024490833282,0.9999691843986511,0.49875274300575256,0.4518890082836151,0.03026135079562664,0.9999480843544006,0.48854246735572815,0.4523451626300812,0.07368264347314835,0.9999251961708069,0.5620919466018677,0.47480395436286926,-0.04679683968424797,0.999976396560669,0.48283815383911133,0.4837540090084076,0.3353029489517212,0.9997299313545227,0.5029940009117126,0.5136433839797974,-0.199771448969841,0.982836902141571,0.48402416706085205,0.5338964462280273,0.35798874497413635,0.0924912840127945,0.47223612666130066,0.4697078764438629,-0.1625402867794037,0.9423125386238098,0.5021084547042847,0.5702854990959167,0.26640400290489197,0.09515197575092316,0.4637201428413391,0.4582514762878418,-0.19325239956378937,0.917694628238678,0.506629467010498,0.5841251611709595,0.25726932287216187,0.11913850903511047,0.47575801610946655,0.4507996439933777,-0.18739227950572968,0.9121523499488831,0.5136211514472961,0.5804660320281982,0.23590733110904694,0.12156752496957779,0.4798569977283478,0.4545242190361023,-0.1584319919347763,0.8867933750152588,0.513398289680481,0.5756323337554932,0.2523207664489746,0.12861491739749908,0.5540975332260132,0.5965081453323364,-0.15097250044345856,0.9999300837516785,0.5097711086273193,0.6001490354537964,0.15122945606708527,0.9997928738594055,0.5168992280960083,0.6862772107124329,-0.30315691232681274,0.9062777757644653,0.527682363986969,0.6858473420143127,0.13433225452899933,0.5027685165405273,0.499305784702301,0.7852531671524048,-0.33451059460639954,0.959130048751831,0.6062619090080261,0.7582184672355652,0.2304401695728302,0.7624660134315491,0.5174508690834045,0.798530101776123,-0.3429873287677765,0.9262034296989441,0.6259921789169312,0.7651959657669067,0.23543114960193634,0.8122475147247314,0.4415954351425171,0.807837724685669,-0.4975157082080841,0.9598096609115601,0.5647051334381104,0.7862127423286438,0.15350337326526642,0.8131890892982483
IMG_9674 3,13,432,good,0.48877421021461487,0.4453173279762268,0.03694073483347893,0.9999820590019226,0.49701130390167236,0.43789511919021606,0.030784303322434425,0.9999832510948181,0.5002708435058594,0.437772274017334,0.030739232897758484,0.9999863505363464,0.5036706328392029,0.4377109110355377,0.030708234757184982,0.9999862313270569,0.4905378520488739,0.437964528799057,0.0663251206278801,0.9999765753746033,0.48923423886299133,0.4377654194831848,0.06630607694387436,0.9999699592590332,0.4876161813735962,0.43752166628837585,0.06631070375442505,0.9999685287475586,0.5196089744567871,0.4407973289489746,0.05446426942944527,0.999987781047821,0.493085116147995,0.4401320517063141,0.2097102552652359,0.9999678730964661,0.4980618953704834,0.4517498314380646,0.05015096440911293,0.999947190284729,0.48839202523231506,0.45214754343032837,0.09473873674869537,0.999923050403595,0.5636054277420044,0.47522008419036865,-0.045363303273916245,0.9999770522117615,0.482883095741272,0.4837874472141266,0.340480238199234,0.9997267127037048,0.5026730298995972,0.5136445164680481,-0.18572264909744263,0.9827374219894409,0.4858453869819641,0.5339642763137817,0.3273026943206787,0.09317009896039963,0.47329527139663696,0.4698159098625183,-0.13024277985095978,0.9412497282028198,0.5019286870956421,0.5779350399971008,0.16784115135669708,0.0962592214345932,0.46507057547569275,0.4582095146179199,-0.15808342397212982,0.9161960482597351,0.506567120552063,0.5915571451187134,0.14654479920864105,0.1202971413731575,0.4765571355819702,0.45124274492263794,-0.14857010543346405,0.9106627702713013,0.5135596394538879,0.5888468623161316,0.1290733516216278,0.12270510196685791,0.48012396693229675,0.45458605885505676,-0.12412742525339127,0.8849529027938843,0.513046145439148,0.5835859179496765,0.1531158685684204,0.12965595722198486,0.5540096759796143,0.5972650647163391,-0.1509263813495636,0.9999344944953918,0.5094055533409119,0.600798487663269,0.15116922557353973,0.9998011589050293,0.5168409943580627,0.6865636706352234,-0.30909571051597595,0.9087883234024048,0.5250856876373291,0.6864064931869507,0.132389098405838,0.5087772011756897,0.5012884140014648,0.7849405407905579,-0.3456474840641022,0.9611296653747559,0.6061814427375793,0.7570149898529053,0.23616518080234528,0.766302764415741,0.5237876772880554,0.7981453537940979,-0.3549426794052124,0.9266951680183411,0.6294460892677307,0.7623711228370667,0.24276046454906464,0.8153035640716553,0.44156599044799805,0.8074793219566345,-0.514037549495697,0.9618176221847534,0.5689879059791565,0.7850445508956909,0.1669858992099762,0.81830894947052
IMG_9674 3,14,465,good,0.4884341061115265,0.4451907277107239,0.03918563947081566,0.9999821186065674,0.49700164794921875,0.4378533363342285,0.03266014903783798,0.9999831914901733,0.5001137256622314,0.4377482533454895,0.03261721506714821,0.9999864101409912,0.5033177137374878,0.43769416213035583,0.032587822526693344,0.9999862313270569,0.4909587800502777,0.43787941336631775,0.06827285885810852,0.9999765157699585,0.4898452162742615,0.437678724527359,0.0682486817240715,0.9999699592590332,0.48841026425361633,0.4374292492866516,0.0682477205991745,0.9999684691429138,0.5192939043045044,0.44089627265930176,0.054143451154232025,0.999987781047821,0.49413496255874634,0.4401608109474182,0.21037627756595612,0.9999673366546631,0.4975023567676544,0.451651394367218,0.051568225026130676,0.9999477863311768,0.48823124170303345,0.4519847631454468,0.09623890370130539,0.9999231100082397,0.564179003238678,0.4757585823535919,-0.04702320694923401,0.9999777674674988,0.4827556908130646,0.4839273989200592,0.340332567691803,0.9997239112854004,0.5023935437202454,0.513683557510376,-0.1878228783607483,0.982377827167511,0.48510628938674927,0.5339380502700806,0.3039766252040863,0.09192221611738205,0.47330933809280396,0.4704139530658722,-0.1383555680513382,0.9400691390037537,0.5011720061302185,0.578481137752533,0.11781332641839981,0.09699903428554535,0.46525758504867554,0.4583146870136261,-0.16719485819339752,0.9151694178581238,0.5037470459938049,0.5918611288070679,0.09535952657461166,0.12199781835079193,0.4766828119754791,0.4517659544944763,-0.15880198776721954,0.90973961353302,0.5105879902839661,0.5891201496124268,0.0769246444106102,0.12448173761367798,0.48013123869895935,0.45477059483528137,-0.132563978433609,0.8834415078163147,0.5113272070884705,0.5838747620582581,0.10246533900499344,0.13122177124023438,0.5539681315422058,0.5980604290962219,-0.15042097866535187,0.9999395608901978,0.5085676312446594,0.6013928651809692,0.15063534677028656,0.9998123645782471,0.5161859393119812,0.685813844203949,-0.3246307373046875,0.9146851301193237,0.5231038928031921,0.6867181658744812,0.16858863830566406,0.5170891880989075,0.5006348490715027,0.7849346995353699,-0.39089807868003845,0.9641245603561401,0.6047518849372864,0.7565179467201233,0.28474128246307373,0.7746216654777527,0.5239405035972595,0.7980402112007141,-0.4029444754123688,0.9306769371032715,0.6305692195892334,0.7609142065048218,0.2917769253253937,0.8207429647445679,0.44063058495521545,0.8079246282577515,-0.5707697868347168,0.9647483825683594,0.5680838823318481,0.7841145396232605,0.2171136736869812,0.8265278339385986
IMG_9674 3,15,498,good,0.48885542154312134,0.44521069526672363,0.031597331166267395,0.9999828338623047,0.49750372767448425,0.4379141330718994,0.023080503568053246,0.9999839663505554,0.500725507736206,0.4378114938735962,0.02304043062031269,0.9999870657920837,0.5040289163589478,0.43774616718292236,0.023017708212137222,0.9999868869781494,0.49139443039894104,0.4379277229309082,0.0601971372961998,0.9999774694442749,0.49024951457977295,0.4377317726612091,0.0601528100669384,0.9999712109565735,0.48878446221351624,0.4374808967113495,0.06016552448272705,0.9999697208404541,0.5205649733543396,0.4411442279815674,0.041761092841625214,0.9999883770942688,0.4948004186153412,0.44035863876342773,0.20459431409835815,0.9999681711196899,0.4977133870124817,0.4517457187175751,0.04351922869682312,0.9999501705169678,0.48839071393013,0.45219019055366516,0.08987194299697876,0.9999254941940308,0.5640687346458435,0.4761129915714264,-0.06137353926897049,0.9999786019325256,0.48386433720588684,0.4844861626625061,0.3376396596431732,0.9997197389602661,0.5021783113479614,0.5134391188621521,-0.1909385621547699,0.9823657870292664,0.48570042848587036,0.5338127017021179,0.2821032404899597,0.0901404321193695,0.4727322459220886,0.4716431796550751,-0.12994371354579926,0.9398272037506104,0.4980529844760895,0.5735061764717102,0.06956636160612106,0.09865422546863556,0.46347206830978394,0.4609409272670746,-0.1551876664161682,0.9155266284942627,0.4972131848335266,0.5848589539527893,0.044123101979494095,0.12605473399162292,0.4749184548854828,0.45359328389167786,-0.1494942009449005,0.9103115200996399,0.5048097968101501,0.5810657739639282,0.027587952092289925,0.12894243001937866,0.4800674319267273,0.4572632312774658,-0.12351708859205246,0.8839647769927979,0.5067182183265686,0.5765531659126282,0.05408826842904091,0.13538558781147003,0.5536031723022461,0.5986302495002747,-0.1507910192012787,0.9999441504478455,0.5082693696022034,0.6015812754631042,0.15097248554229736,0.9998220205307007,0.5152702331542969,0.6857048869132996,-0.3203320801258087,0.9207326769828796,0.5216565132141113,0.6867707371711731,0.18943972885608673,0.5298032760620117,0.5004867911338806,0.7849187254905701,-0.3860601782798767,0.967043399810791,0.6041706800460815,0.7559918761253357,0.2902200222015381,0.7853502035140991,0.5236402750015259,0.7980518937110901,-0.3975963592529297,0.9355219006538391,0.630558967590332,0.7602753043174744,0.2962726354598999,0.8296211361885071,0.4404818117618561,0.8078901171684265,-0.5560284852981567,0.9674662947654724,0.5694701075553894,0.7830855846405029,0.22777420282363892,0.8345519304275513
IMG_9674 3,16,531,good,0.4891921877861023,0.44529595971107483,0.02439284510910511,0.9999825358390808,0.4976911246776581,0.4380408227443695,0.015438838861882687,0.9999836683273315,0.5007793307304382,0.43795764446258545,0.015398534014821053,0.9999868869781494,0.5039300322532654,0.43789300322532654,0.015375963412225246,0.9999866485595703,0.49179330468177795,0.4379969835281372,0.051790304481983185,0.9999769926071167,0.49068483710289,0.4377874732017517,0.051752395927906036,0.9999706745147705,0.4892401099205017,0.43751877546310425,0.05175381898880005,0.9999690651893616,0.5203169584274292,0.4415324628353119,0.035354211926460266,0.9999881386756897,0.4952271580696106,0.4404715299606323,0.19504715502262115,0.9999668002128601,0.4976888597011566,0.45189201831817627,0.03720822557806969,0.9999505877494812,0.48863914608955383,0.4522724747657776,0.08274083584547043,0.9999251961708069,0.5638488531112671,0.4767492413520813,-0.0641818419098854,0.9999793171882629,0.48396217823028564,0.48462554812431335,0.331948846578598,0.9997184872627258,0.5020362734794617,0.5133494138717651,-0.1905859261751175,0.9822732210159302,0.48624753952026367,0.5394638180732727,0.2875893712043762,0.08975256979465485,0.4726269841194153,0.4720856845378876,-0.1290273517370224,0.9384321570396423,0.4981745481491089,0.5782262682914734,0.10021593421697617,0.09882405400276184,0.4635012447834015,0.46158427000045776,-0.15421774983406067,0.9140146970748901,0.49729347229003906,0.5907843708992004,0.07893448323011398,0.12691698968410492,0.47450798749923706,0.4541434645652771,-0.14847084879875183,0.9088842272758484,0.5048257112503052,0.5879164934158325,0.06008204072713852,0.1298690289258957,0.4796420633792877,0.458317369222641,-0.12259689718484879,0.8821857571601868,0.5067436695098877,0.5829344391822815,0.08498752117156982,0.13593818247318268,0.5529775619506836,0.5990701913833618,-0.15072104334831238,0.9999483823776245,0.5076362490653992,0.6018113493919373,0.15089508891105652,0.9998300671577454,0.512704610824585,0.6859593391418457,-0.32741719484329224,0.9250964522361755,0.519695520401001,0.6871320009231567,0.20325323939323425,0.5319821238517761,0.5008955001831055,0.785209059715271,-0.3980233073234558,0.9694178104400635,0.6028363704681396,0.7556082606315613,0.3175836503505707,0.7891910076141357,0.5235651135444641,0.798936128616333,-0.40994518995285034,0.938858151435852,0.6304718255996704,0.7600407600402832,0.32494601607322693,0.8332575559616089,0.4403221011161804,0.8080868721008301,-0.5717269778251648,0.9697750806808472,0.577021062374115,0.7831933498382568,0.2567206919193268,0.8387348651885986
IMG_9674 3,17,564,good,0.4890459477901459,0.4453756809234619,-0.005352953914552927,0.9999833703041077,0.49754711985588074,0.4381534159183502,-0.01125278603285551,0.9999844431877136,0.5006930828094482,0.4380949139595032,-0.011292073875665665,0.9999874830245972,0.5039294958114624,0.4379638731479645,-0.011310291476547718,0.9999873042106628,0.49162864685058594,0.43805715441703796,0.02310316637158394,0.9999780654907227,0.4905167818069458,0.4378338158130646,0.02305799163877964,0.9999720454216003,0.4890752136707306,0.4375591278076172,0.023069558665156364,0.9999703764915466,0.5206719636917114,0.4416951537132263,0.023762261494994164,0.9999886155128479,0.49513381719589233,0.44051292538642883,0.17483043670654297,0.9999676942825317,0.4974358379840851,0.4519423842430115,0.013185552321374416,0.9999533891677856,0.48846033215522766,0.45231401920318604,0.056038372218608856,0.9999286532402039,0.5637314915657043,0.47692152857780457,-0.0707923024892807,0.9999800324440002,0.48392611742019653,0.48483845591545105,0.31797152757644653,0.9997194409370422,0.5039069056510925,0.512555718421936,-0.21578480303287506,0.9824861884117126,0.48591482639312744,0.5381283760070801,0.2615176737308502,0.09030985087156296,0.47266876697540283,0.4724135994911194,-0.18905577063560486,0.9388189911842346,0.49674609303474426,0.5781995058059692,0.04883062466979027,0.10171499848365784,0.46338263154029846,0.4621337652206421,-0.2203463464975357,0.9149674773216248,0.49492380023002625,0.5904335379600525,0.023642677813768387,0.13185115158557892,0.4738212823867798,0.4546263813972473,-0.21242226660251617,0.9100733995437622,0.5027003288269043,0.5875795483589172,0.004103927407413721,0.1351279467344284,0.47934263944625854,0.4587646424770355,-0.18270228803157806,0.8833718299865723,0.5051860809326172,0.5826926231384277,0.03313104808330536,0.14044709503650665,0.5526328682899475,0.598979651927948,-0.15074384212493896,0.9999525547027588,0.5074687004089355,0.601758599281311,0.15091228485107422,0.999838650226593,0.5086979269981384,0.6860057711601257,-0.3384029269218445,0.93026202917099,0.520225465297699,0.6871082782745361,0.2247963547706604,0.5393381118774414,0.5009170174598694,0.7855309247970581,-0.4257240295410156,0.9718566536903381,0.603058397769928,0.7549252510070801,0.3521733283996582,0.7950345277786255,0.5235023498535156,0.8004143238067627,-0.4391605854034424,0.9431163668632507,0.6303423643112183,0.7597135901451111,0.3610023558139801,0.8390763401985168,0.43855565786361694,0.8083121180534363,-0.6048445105552673,0.9720346927642822,0.576295793056488,0.7830905914306641,0.2923508286476135,0.8425477147102356
IMG_9674 3,18,598,good,0.48986464738845825,0.4453987181186676,-0.03378567099571228,0.9999840259552002,0.4981439709663391,0.43814948201179504,-0.042418066412210464,0.9999850392341614,0.5011516809463501,0.4380911588668823,-0.042471885681152344,0.9999879598617554,0.5043025016784668,0.4379640817642212,-0.042499762028455734,0.999987781047821,0.49251341819763184,0.43805333971977234,-0.00737296836450696,0.9999788403511047,0.491487056016922,0.4378281235694885,-0.007430251222103834,0.9999729990959167,0.4901367723941803,0.4375467598438263,-0.007433724589645863,0.9999712109565735,0.5205785036087036,0.4416984021663666,-0.012147273868322372,0.9999889135360718,0.4955456256866455,0.4404875934123993,0.1402329057455063,0.9999682903289795,0.4976910650730133,0.45196476578712463,-0.016901781782507896,0.9999558329582214,0.4891745150089264,0.4523181915283203,0.026528049260377884,0.9999319314956665,0.563689649105072,0.4768925905227661,-0.10205452144145966,0.9999805688858032,0.48355790972709656,0.48430171608924866,0.2919050455093384,0.9997194409370422,0.5037336349487305,0.5123002529144287,-0.23570874333381653,0.9828843474388123,0.4835870862007141,0.535336971282959,0.23130960762500763,0.09163547307252884,0.4735985994338989,0.4723204970359802,-0.20679859817028046,0.9404420852661133,0.48705625534057617,0.5773783922195435,-0.001129515701904893,0.10542681068181992,0.46601399779319763,0.460770845413208,-0.23829597234725952,0.9173566699028015,0.48378023505210876,0.5893271565437317,-0.026203131303191185,0.13749024271965027,0.474628746509552,0.45444273948669434,-0.23433911800384521,0.9128082990646362,0.4919634163379669,0.5861203670501709,-0.047310493886470795,0.1412767916917801,0.48063337802886963,0.4573560953140259,-0.20200763642787933,0.8865328431129456,0.49531909823417664,0.5813771486282349,-0.01764943078160286,0.1459200531244278,0.5510262846946716,0.598885178565979,-0.1507629156112671,0.9999558329582214,0.5068122148513794,0.6015563607215881,0.15092813968658447,0.9998442530632019,0.5037699341773987,0.6860148310661316,-0.3390093445777893,0.9343001246452332,0.5205315351486206,0.6863701939582825,0.23966485261917114,0.5363131165504456,0.4995916187763214,0.7856357097625732,-0.42734113335609436,0.973844051361084,0.6022891998291016,0.7545056939125061,0.38242584466934204,0.7946365475654602,0.5219582915306091,0.8004655838012695,-0.44081971049308777,0.9467753171920776,0.6300991773605347,0.7599801421165466,0.39290401339530945,0.8425785303115845,0.43824249505996704,0.8083390593528748,-0.602933943271637,0.9737871885299683,0.5755103230476379,0.7824303507804871,0.32442495226860046,0.8414865136146545
IMG_9674 3,19,631,good,0.48991405963897705,0.44554248452186584,-0.044869180768728256,0.9999842643737793,0.4980829954147339,0.43828871846199036,-0.053236257284879684,0.9999852180480957,0.501095175743103,0.4381707012653351,-0.053300220519304276,0.9999880194664001,0.5042324066162109,0.43806198239326477,-0.053339749574661255,0.9999879002571106,0.4925287365913391,0.4381267726421356,-0.01831270568072796,0.9999790191650391,0.4915464520454407,0.43787285685539246,-0.018344350159168243,0.9999730587005615,0.4902462363243103,0.4375738799571991,-0.01832624338567257,0.9999712109565735,0.520429790019989,0.44174206256866455,-0.02122759446501732,0.9999889135360718,0.4957774877548218,0.4404103457927704,0.13118714094161987,0.9999676942825317,0.49761679768562317,0.45214688777923584,-0.027053430676460266,0.9999574422836304,0.4893190860748291,0.4524635374546051,0.01645722985267639,0.9999337792396545,0.5629587769508362,0.4768674075603485,-0.10607004165649414,0.9999809265136719,0.48350271582603455,0.48360753059387207,0.2857312858104706,0.9997220635414124,0.5033802390098572,0.5119969248771667,-0.23787805438041687,0.9835178256034851,0.47943297028541565,0.5342445373535156,0.23811602592468262,0.09474341571331024,0.4724971652030945,0.47225481271743774,-0.21503974497318268,0.9429410696029663,0.4866880178451538,0.5773628354072571,0.0200168676674366,0.1091662272810936,0.46448183059692383,0.4615832567214966,-0.24966783821582794,0.9204317331314087,0.4840152859687805,0.5896145701408386,-0.005300748161971569,0.14156100153923035,0.47362151741981506,0.45472273230552673,-0.24214491248130798,0.9161777496337891,0.4920027554035187,0.5863147974014282,-0.028670545667409897,0.14555871486663818,0.4781707227230072,0.4579331874847412,-0.2094658762216568,0.8905369639396667,0.4951619505882263,0.581480860710144,0.0027297043707221746,0.1495901644229889,0.5497313737869263,0.5983795523643494,-0.1499830037355423,0.9999570846557617,0.5057604312896729,0.600687563419342,0.15015104413032532,0.9998418092727661,0.5044474005699158,0.685950517654419,-0.3131343126296997,0.9328705668449402,0.5208504796028137,0.6856767535209656,0.22017987072467804,0.5306427478790283,0.4983423352241516,0.7855870127677917,-0.35830169916152954,0.9742863178253174,0.6014062762260437,0.7545177340507507,0.3396725058555603,0.791632890701294,0.516778826713562,0.8002359867095947,-0.3682189881801605,0.9476531744003296,0.6287633180618286,0.7600313425064087,0.34756800532341003,0.843708336353302,0.4382328391075134,0.8082802891731262,-0.5264344215393066,0.9742065072059631,0.5752431750297546,0.7840734124183655,0.2759224772453308,0.8392353057861328
IMG_9674 3,20,664,good,0.49014484882354736,0.44499820470809937,-0.07780225574970245,0.9999845027923584,0.49811768531799316,0.43792977929115295,-0.08312241733074188,0.9999856948852539,0.5012114644050598,0.43788161873817444,-0.08321300148963928,0.9999883770942688,0.5044686198234558,0.43784359097480774,-0.0832754373550415,0.9999882578849792,0.4925299286842346,0.43766099214553833,-0.04903492331504822,0.9999793767929077,0.49154001474380493,0.43739446997642517,-0.04906504601240158,0.9999732375144958,0.49023979902267456,0.4371061325073242,-0.049036864191293716,0.9999712109565735,0.520553469657898,0.44113436341285706,-0.03334220498800278,0.9999893307685852,0.4958004951477051,0.43987342715263367,0.11603571474552155,0.999967634677887,0.4977271854877472,0.45186489820480347,-0.052637118846178055,0.9999594688415527,0.4894820749759674,0.45197656750679016,-0.0101849976927042,0.9999357461929321,0.562111496925354,0.4766465723514557,-0.11233464628458023,0.9999812245368958,0.48342907428741455,0.48227423429489136,0.28615134954452515,0.9997180700302124,0.5011295676231384,0.5109084248542786,-0.2585626542568207,0.9840102791786194,0.47208431363105774,0.5284081697463989,0.25146380066871643,0.09663739800453186,0.46715450286865234,0.47220414876937866,-0.2659953832626343,0.9453577995300293,0.48058658838272095,0.5606518983840942,0.0327744297683239,0.11257444322109222,0.4590778946876526,0.4626272916793823,-0.3042912185192108,0.9239835143089294,0.47847628593444824,0.5713533163070679,0.001389194279909134,0.14621858298778534,0.4686799645423889,0.4561164677143097,-0.3004801571369171,0.9201051592826843,0.4863792061805725,0.5664647221565247,-0.02071276679635048,0.15082581341266632,0.47220686078071594,0.4591709077358246,-0.26224491000175476,0.8951666355133057,0.4885844588279724,0.5626394748687744,0.0156412236392498,0.15424348413944244,0.5479555130004883,0.5983620285987854,-0.14998897910118103,0.9999570846557617,0.5041990876197815,0.6003463268280029,0.15015743672847748,0.9998363256454468,0.5049111843109131,0.6864809989929199,-0.2867620885372162,0.9315403699874878,0.5190638303756714,0.6858107447624207,0.18104498088359833,0.5427669882774353,0.49807173013687134,0.7855933904647827,-0.2976004183292389,0.9750308394432068,0.6005188822746277,0.754565417766571,0.29065951704978943,0.799003005027771,0.5144641399383545,0.8000944256782532,-0.30458375811576843,0.9494035840034485,0.6259673237800598,0.7600089907646179,0.2967486083507538,0.8504693508148193,0.4387410581111908,0.8081060647964478,-0.4603101313114166,0.9747520685195923,0.5743101835250854,0.7838014364242554,0.21143727004528046,0.8429257273674011
IMG_9674 3,21,697,good,0.4905867278575897,0.44442838430404663,-0.10373785346746445,0.999984085559845,0.4984137713909149,0.43745434284210205,-0.11276175826787949,0.9999858140945435,0.5015987157821655,0.43742603063583374,-0.1128675639629364,0.9999884366989136,0.5049512982368469,0.43743079900741577,-0.11295368522405624,0.9999883770942688,0.49266713857650757,0.43731996417045593,-0.07599105685949326,0.9999790787696838,0.49164870381355286,0.43699610233306885,-0.07604242861270905,0.999972403049469,0.49032455682754517,0.436756432056427,-0.07602257281541824,0.9999702572822571,0.5209028124809265,0.44081786274909973,-0.06919681280851364,0.9999895095825195,0.49589940905570984,0.43936362862586975,0.09203825145959854,0.9999656081199646,0.498078852891922,0.4513554275035858,-0.08058978617191315,0.9999609589576721,0.4898906648159027,0.4512838125228882,-0.03460356965661049,0.9999363422393799,0.5614362359046936,0.47661879658699036,-0.13409428298473358,0.9999802112579346,0.4833375811576843,0.4811035990715027,0.2721225619316101,0.9997015595436096,0.5002967119216919,0.5109072327613831,-0.30166223645210266,0.9844524264335632,0.4522024393081665,0.5200600028038025,0.19998034834861755,0.13393332064151764,0.46718156337738037,0.47148168087005615,-0.3376914858818054,0.9484667181968689,0.4457376003265381,0.48505011200904846,-0.04511790722608566,0.15988469123840332,0.45886310935020447,0.46250537037849426,-0.37662193179130554,0.9283242225646973,0.4465668201446533,0.475988507270813,-0.08033005148172379,0.18713925778865814,0.4687192738056183,0.45598891377449036,-0.37571725249290466,0.9247406721115112,0.4540669918060303,0.47364234924316406,-0.07480574399232864,0.19112367928028107,0.4722108244895935,0.45907261967658997,-0.33459463715553284,0.9004828929901123,0.45752057433128357,0.47577837109565735,-0.05360865220427513,0.19131645560264587,0.5449874997138977,0.5982263684272766,-0.14974646270275116,0.9999531507492065,0.5024494528770447,0.599712073802948,0.1499643176794052,0.9998214840888977,0.5052303075790405,0.6866881847381592,-0.28002026677131653,0.9314667582511902,0.5192200541496277,0.6858229041099548,0.18085137009620667,0.5568915009498596,0.49636557698249817,0.7854279279708862,-0.2977614104747772,0.9759586453437805,0.6001350283622742,0.7545936107635498,0.3013547658920288,0.805798351764679,0.5101962685585022,0.7996948957443237,-0.3059615194797516,0.9519160985946655,0.6234942674636841,0.7603039741516113,0.3085980713367462,0.8580244779586792,0.4394373893737793,0.8079695105552673,-0.46514075994491577,0.9753159284591675,0.5729048252105713,0.783474862575531,0.21696020662784576,0.8460795283317566
IMG_9674 3,22,731,good,0.49049970507621765,0.4434625804424286,-0.09530580788850784,0.999984622001648,0.4983973205089569,0.4364510476589203,-0.10375399142503738,0.999986469745636,0.5017289519309998,0.4363826811313629,-0.10383611917495728,0.9999889135360718,0.5052891373634338,0.4363815486431122,-0.10390735417604446,0.9999889731407166,0.49261581897735596,0.43650195002555847,-0.06598629057407379,0.9999799132347107,0.49160686135292053,0.4362694025039673,-0.06603549420833588,0.9999733567237854,0.49029862880706787,0.43609583377838135,-0.0660068616271019,0.9999713897705078,0.5223497152328491,0.4397948682308197,-0.06478123366832733,0.9999900460243225,0.49654191732406616,0.4385026693344116,0.10103186964988708,0.9999662041664124,0.4981130063533783,0.4506193995475769,-0.07519383728504181,0.9999635219573975,0.48987945914268494,0.4505322277545929,-0.0278862863779068,0.9999397397041321,0.5613936185836792,0.47622695565223694,-0.14262570440769196,0.9999803304672241,0.48328155279159546,0.4807681441307068,0.2727515399456024,0.9997085928916931,0.5010752081871033,0.5107629299163818,-0.3314751982688904,0.9853929877281189,0.43672794103622437,0.5161534547805786,0.13940581679344177,0.19291868805885315,0.4663596749305725,0.46996355056762695,-0.37581637501716614,0.9524045586585999,0.4311721920967102,0.4772145450115204,-0.17880497872829437,0.22771121561527252,0.45822545886039734,0.46066221594810486,-0.4161354899406433,0.9335476756095886,0.43293410539627075,0.4682740867137909,-0.22581951320171356,0.24742081761360168,0.467750608921051,0.4555644392967224,-0.40998804569244385,0.9301806688308716,0.44192740321159363,0.4641978144645691,-0.2130158394575119,0.2506381571292877,0.4712681472301483,0.45878341794013977,-0.3706223964691162,0.9071521759033203,0.44458237290382385,0.4684796929359436,-0.18735572695732117,0.24835091829299927,0.5422798991203308,0.5981752872467041,-0.15021966397762299,0.9999510645866394,0.4998323321342468,0.5994582772254944,0.1504167914390564,0.9998149871826172,0.5076330900192261,0.6879885792732239,-0.2778111696243286,0.9300866723060608,0.5192111134529114,0.6867198348045349,0.18041089177131653,0.5596008896827698,0.4964006841182709,0.7870759963989258,-0.3112189471721649,0.976401150226593,0.6000330448150635,0.7546389698982239,0.2935441732406616,0.8058890104293823,0.5134021043777466,0.8008893132209778,-0.3213837444782257,0.9527947306632996,0.623483419418335,0.7603983283042908,0.2993682622909546,0.8614122271537781,0.4394005537033081,0.8080105185508728,-0.48402726650238037,0.9757620096206665,0.5671802759170532,0.7835520505905151,0.21246176958084106,0.8480269908905029
IMG_9674 3,23,764,good,0.4904599189758301,0.44336867332458496,-0.10078265517950058,0.9999842047691345,0.4985462427139282,0.43639782071113586,-0.10913647711277008,0.9999860525131226,0.502105712890625,0.43634554743766785,-0.10920906811952591,0.9999883770942688,0.5058905482292175,0.4363585412502289,-0.10926192998886108,0.9999886155128479,0.4925793707370758,0.436386376619339,-0.07082317769527435,0.9999790787696838,0.49156975746154785,0.43613579869270325,-0.07087056338787079,0.9999718070030212,0.49026545882225037,0.4359392821788788,-0.07085738331079483,0.9999702572822571,0.5235461592674255,0.43961432576179504,-0.07202521711587906,0.9999895691871643,0.4965754747390747,0.4381961226463318,0.09648247808218002,0.9999629855155945,0.4981018602848053,0.45058703422546387,-0.08181191235780716,0.9999640583992004,0.4898397922515869,0.4504680335521698,-0.033685389906167984,0.9999394416809082,0.5614834427833557,0.4762168228626251,-0.15178196132183075,0.999979555606842,0.48098573088645935,0.4805721044540405,0.2679640054702759,0.9997079968452454,0.5040615797042847,0.5099645853042603,-0.3681935667991638,0.9863746762275696,0.4282788932323456,0.5092410445213318,0.14062531292438507,0.24917325377464294,0.4663630425930023,0.46810227632522583,-0.44467243552207947,0.9563449025154114,0.41698700189590454,0.47810250520706177,-0.17040957510471344,0.2923772931098938,0.45810770988464355,0.4593524932861328,-0.48866719007492065,0.9387355446815491,0.4156322479248047,0.4683282673358917,-0.21613222360610962,0.3052029013633728,0.4671403169631958,0.4545867145061493,-0.47783800959587097,0.9355601668357849,0.4236780107021332,0.4630439579486847,-0.20389020442962646,0.30791667103767395,0.47075918316841125,0.4577775001525879,-0.4385579824447632,0.9137599468231201,0.4284641146659851,0.46857112646102905,-0.17959214746952057,0.3040463924407959,0.5398721694946289,0.5981801748275757,-0.15007297694683075,0.9999407529830933,0.4952159821987152,0.5994518995285034,0.1502460539340973,0.9997920393943787,0.5091176629066467,0.6889612078666687,-0.2723751962184906,0.9273660182952881,0.5189353227615356,0.687187910079956,0.14945447444915771,0.5615754723548889,0.4952276647090912,0.7873148322105408,-0.30767038464546204,0.976481020450592,0.5985270142555237,0.7550351023674011,0.2585742473602295,0.8073554635047913,0.5090014934539795,0.8009225130081177,-0.3190716803073883,0.9518623352050781,0.6214628219604492,0.7604179382324219,0.2636246085166931,0.864980936050415,0.43863120675086975,0.8080094456672668,-0.4894935190677643,0.9760274291038513,0.563624918460846,0.7851220965385437,0.17341789603233337,0.8519509434700012
IMG_9674 3,24,797,good,0.49028998613357544,0.44143176078796387,-0.11200019717216492,0.9999841451644897,0.498518705368042,0.4346405267715454,-0.11412858217954636,0.9999858140945435,0.5020642876625061,0.43467018008232117,-0.11421532183885574,0.9999881386756897,0.5058748126029968,0.4347631335258484,-0.1142667904496193,0.9999883770942688,0.49253544211387634,0.4345645010471344,-0.07895638793706894,0.9999784231185913,0.4915308654308319,0.43435046076774597,-0.07900179177522659,0.9999706149101257,0.4902433753013611,0.4341561496257782,-0.07897860556840897,0.9999693632125854,0.5236694812774658,0.4387088119983673,-0.05863811820745468,0.99998939037323,0.49655288457870483,0.43696656823158264,0.09719841927289963,0.9999607801437378,0.49758583307266235,0.4490084648132324,-0.08664719760417938,0.999965488910675,0.48940685391426086,0.4486995041370392,-0.04271801933646202,0.9999411702156067,0.5614588856697083,0.4761883616447449,-0.13737468421459198,0.9999798536300659,0.4750269651412964,0.4792836010456085,0.27059707045555115,0.9997131824493408,0.5062093734741211,0.5097411870956421,-0.35765406489372253,0.9872947335243225,0.414739191532135,0.5030580759048462,0.12678883969783783,0.30827972292900085,0.46639513969421387,0.46816083788871765,-0.46236470341682434,0.9600679278373718,0.3929252326488495,0.4697626233100891,-0.2207963764667511,0.35660630464553833,0.4587838649749756,0.45919376611709595,-0.5121511220932007,0.9436360001564026,0.39416250586509705,0.4603360891342163,-0.2741609215736389,0.36480066180229187,0.467672735452652,0.45441150665283203,-0.5026750564575195,0.940654456615448,0.4002862572669983,0.45753175020217896,-0.2633199989795685,0.36715400218963623,0.47083574533462524,0.45773884654045105,-0.45779159665107727,0.9200920462608337,0.4060173034667969,0.46157553791999817,-0.23150920867919922,0.36233270168304443,0.5381706357002258,0.5971810221672058,-0.14482693374156952,0.9999377727508545,0.4904199540615082,0.5983832478523254,0.14496387541294098,0.9997864365577698,0.5108951330184937,0.6889368891716003,-0.2861192226409912,0.9256299138069153,0.5176404714584351,0.6868886947631836,0.12230362743139267,0.5615791082382202,0.4948548376560211,0.787512481212616,-0.3318862318992615,0.9767469763755798,0.59765625,0.7550580501556396,0.258014053106308,0.8076814413070679,0.5044395923614502,0.8009140491485596,-0.3470439910888672,0.9505417346954346,0.6193435192108154,0.7599837779998779,0.264758825302124,0.8674150109291077,0.43862590193748474,0.8083829879760742,-0.5420209169387817,0.9764713048934937,0.5633798837661743,0.7851447463035583,0.16577674448490143,0.8549991250038147
IMG_9674 3,25,830,good,0.4873533546924591,0.4414484202861786,-0.13800440728664398,0.9999842047691345,0.4966985583305359,0.43452364206314087,-0.14303866028785706,0.9999856352806091,0.5006851553916931,0.4345287084579468,-0.14312556385993958,0.9999879598617554,0.5047724843025208,0.4346036911010742,-0.1431800127029419,0.9999880790710449,0.4903700053691864,0.43437331914901733,-0.10671155899763107,0.9999778270721436,0.48947685956954956,0.43410617113113403,-0.10675597190856934,0.9999696612358093,0.4883596897125244,0.4338603615760803,-0.10669548809528351,0.9999678730964661,0.5235694050788879,0.43831413984298706,-0.08505761623382568,0.9999892711639404,0.4964493215084076,0.43640100955963135,0.0733000785112381,0.9999575018882751,0.4948956072330475,0.4490644335746765,-0.11133867502212524,0.9999672174453735,0.4862816631793976,0.4487694501876831,-0.06626969575881958,0.9999428391456604,0.5614370107650757,0.4772130846977234,-0.15121009945869446,0.9999797344207764,0.47045713663101196,0.4768624007701874,0.25414085388183594,0.9997124075889587,0.509519636631012,0.5140383839607239,-0.370204895734787,0.9881373643875122,0.408417671918869,0.4942120611667633,0.13445399701595306,0.3539327085018158,0.45796629786491394,0.4714110195636749,-0.46956315636634827,0.963367223739624,0.38021108508110046,0.4674089848995209,-0.1956096887588501,0.40968701243400574,0.4438149929046631,0.46359121799468994,-0.5174269080162048,0.9479323029518127,0.37668901681900024,0.4604381024837494,-0.2409973442554474,0.4136431813240051,0.45148468017578125,0.45842060446739197,-0.5022990107536316,0.945153534412384,0.381996214389801,0.4568250775337219,-0.23880960047245026,0.4159771800041199,0.4548450708389282,0.46256697177886963,-0.46119225025177,0.9255602359771729,0.38636648654937744,0.46063223481178284,-0.20837387442588806,0.4100588858127594,0.5368341207504272,0.5972111821174622,-0.14260178804397583,0.999934732913971,0.48811203241348267,0.5983934998512268,0.14275050163269043,0.9997782111167908,0.5141857266426086,0.6894185543060303,-0.2926636040210724,0.9294499754905701,0.5178192257881165,0.6879618763923645,0.15514922142028809,0.5780336260795593,0.4950156807899475,0.7875922918319702,-0.342197060585022,0.9780594110488892,0.5966461300849915,0.7550738453865051,0.32706478238105774,0.815963625907898,0.5050916075706482,0.8008365035057068,-0.3567256033420563,0.9532455801963806,0.6178467869758606,0.7604949474334717,0.3364507257938385,0.8747068643569946,0.43856751918792725,0.8083587288856506,-0.5474626421928406,0.9770374894142151,0.5625801682472229,0.7852513790130615,0.2342778891324997,0.8585159182548523
IMG_9674 3,26,864,good,0.4871159791946411,0.44153404235839844,-0.15088210999965668,0.9999814033508301,0.4966631829738617,0.4345839321613312,-0.15596884489059448,0.9999825358390808,0.5006794333457947,0.43457651138305664,-0.15607480704784393,0.9999850392341614,0.5047582387924194,0.4346293807029724,-0.1561577320098877,0.9999850392341614,0.4898492395877838,0.43440455198287964,-0.12085501849651337,0.9999724626541138,0.4887775480747223,0.43412211537361145,-0.12089339643716812,0.9999616146087646,0.4875628352165222,0.4338585138320923,-0.12087167799472809,0.9999586939811707,0.5234979391098022,0.43834078311920166,-0.0908709391951561,0.9999879002571106,0.49617457389831543,0.4363991916179657,0.06173552945256233,0.9999479651451111,0.4947551488876343,0.44920995831489563,-0.12003914266824722,0.9999664425849915,0.48571646213531494,0.4487965703010559,-0.07666655629873276,0.9999400973320007,0.5614193677902222,0.4781077206134796,-0.15362688899040222,0.999976634979248,0.4653623700141907,0.4733962416648865,0.2287483662366867,0.9997155666351318,0.5094708204269409,0.5165331959724426,-0.41262564063072205,0.9885361790657043,0.40510568022727966,0.4827938973903656,0.02359684370458126,0.3845396041870117,0.45076367259025574,0.4721713066101074,-0.5556661486625671,0.9657638072967529,0.36361122131347656,0.46272507309913635,-0.4192279577255249,0.4538184404373169,0.43042540550231934,0.46347856521606445,-0.6146730780601501,0.9510295987129211,0.3476479649543762,0.4568534195423126,-0.4834095239639282,0.45558589696884155,0.4379061460494995,0.45800861716270447,-0.594195544719696,0.9483345150947571,0.3531363606452942,0.45541098713874817,-0.48930150270462036,0.45826372504234314,0.4437822997570038,0.46220529079437256,-0.5475468039512634,0.9291590452194214,0.36029180884361267,0.4578428864479065,-0.43927186727523804,0.45231205224990845,0.5363088250160217,0.5966499447822571,-0.13038280606269836,0.9999288320541382,0.48521333932876587,0.5980754494667053,0.13052898645401,0.9997762441635132,0.5181836485862732,0.6883160471916199,-0.2861054539680481,0.9320378303527832,0.5173022150993347,0.6872726082801819,0.0741385668516159,0.5934332013130188,0.4950355887413025,0.7874192595481873,-0.30872654914855957,0.978463888168335,0.5954535007476807,0.7548631429672241,0.22392533719539642,0.8227186799049377,0.5026810169219971,0.8004410862922668,-0.3207243084907532,0.95382159948349,0.6170900464057922,0.7604955434799194,0.23118343949317932,0.8801885843276978,0.4414081573486328,0.8074971437454224,-0.5122703909873962,0.9762372374534607,0.5627398490905762,0.7842463254928589,0.11322736740112305,0.8603247404098511
IMG_9674 3,27,897,good,0.4879375994205475,0.4414500296115875,-0.15545913577079773,0.9999637007713318,0.4975670278072357,0.43451014161109924,-0.15583370625972748,0.999965488910675,0.5017096996307373,0.43456554412841797,-0.15595677495002747,0.999965488910675,0.5059475302696228,0.4346579909324646,-0.15601718425750732,0.9999676942825317,0.4901111125946045,0.4342232346534729,-0.12303508818149567,0.999946653842926,0.48883524537086487,0.4339500963687897,-0.12307991832494736,0.9999173879623413,0.48755955696105957,0.4336826503276825,-0.123131662607193,0.999921441078186,0.5235218405723572,0.43836572766304016,-0.08649478852748871,0.9999685287475586,0.495933473110199,0.4362901747226715,0.05561172962188721,0.9999093413352966,0.49599045515060425,0.44924765825271606,-0.1251133531332016,0.9999469518661499,0.48602843284606934,0.44883614778518677,-0.08476481586694717,0.9999183416366577,0.561415433883667,0.4793854355812073,-0.15428555011749268,0.9999346137046814,0.46284982562065125,0.4721340537071228,0.2167719602584839,0.9996951818466187,0.5067485570907593,0.510549783706665,-0.43382224440574646,0.9864968061447144,0.39413368701934814,0.466429203748703,0.032753776758909225,0.4080289900302887,0.43886128067970276,0.4713079631328583,-0.6334497928619385,0.9646381735801697,0.33870747685432434,0.4568091928958893,-0.1781606525182724,0.48910292983055115,0.4159772992134094,0.4603174924850464,-0.701769232749939,0.9501057267189026,0.31739920377731323,0.4552266597747803,-0.2183566391468048,0.4894431531429291,0.42508912086486816,0.45542293787002563,-0.6881463527679443,0.9472194314002991,0.31995147466659546,0.45417675375938416,-0.31602609157562256,0.4937116503715515,0.42912909388542175,0.4596988260746002,-0.6322495937347412,0.9266253709793091,0.33004844188690186,0.45566442608833313,-0.22459104657173157,0.4899310767650604,0.5366083383560181,0.596615195274353,-0.11884033679962158,0.9999034404754639,0.4839945435523987,0.598074197769165,0.11893182247877121,0.9997523427009583,0.5219187140464783,0.6883015632629395,-0.24332037568092346,0.9276699423789978,0.5170266628265381,0.6872867345809937,0.0492202453315258,0.6085819005966187,0.4950786530971527,0.7871496677398682,-0.2276013046503067,0.97813481092453,0.5950520634651184,0.7548537850379944,0.1895652711391449,0.82938152551651,0.500269889831543,0.7992050051689148,-0.2362286001443863,0.9523600339889526,0.6162039637565613,0.7604418396949768,0.19553397595882416,0.8825000524520874,0.45206642150878906,0.8067296147346497,-0.4188220500946045,0.975730836391449,0.5628010034561157,0.7847739458084106,0.07187534123659134,0.8645702600479126
IMG_9674 3,28,930,good,0.48890239000320435,0.4414951205253601,-0.034454699605703354,0.9999567866325378,0.49853307008743286,0.4345411956310272,-0.0398079976439476,0.9999557733535767,0.5027605295181274,0.4345957636833191,-0.03992165997624397,0.9999524354934692,0.5069819092750549,0.43467533588409424,-0.03996320068836212,0.9999573826789856,0.49061939120292664,0.4342025816440582,-0.004747296683490276,0.9999344944953918,0.4891071021556854,0.4339211881160736,-0.004773296415805817,0.9998949766159058,0.48764553666114807,0.4336467981338501,-0.004846437834203243,0.9999085664749146,0.5237976908683777,0.43839922547340393,-0.014074249193072319,0.9999489188194275,0.49597489833831787,0.4362911283969879,0.1374562829732895,0.9998936653137207,0.4971693158149719,0.4493440091609955,-0.022159216925501823,0.99992835521698,0.48644697666168213,0.4488838016986847,0.02168302983045578,0.9999074935913086,0.5614863634109497,0.48115217685699463,-0.11535433679819107,0.9999008774757385,0.46264007687568665,0.47174951434135437,0.2738742232322693,0.9997075796127319,0.5045440793037415,0.5102303624153137,-0.38053324818611145,0.9827799201011658,0.38164788484573364,0.4609692692756653,0.35650837421417236,0.4501262605190277,0.4401669502258301,0.47266462445259094,-0.4977916479110718,0.9636412858963013,0.3085128962993622,0.45402801036834717,0.26834535598754883,0.5338289737701416,0.42367103695869446,0.46435344219207764,-0.5529941916465759,0.9495249390602112,0.2824447751045227,0.4556153118610382,0.2546664774417877,0.5312466621398926,0.4261235296726227,0.4605071544647217,-0.5419378280639648,0.9464441537857056,0.28234249353408813,0.4551144540309906,0.20896297693252563,0.5362496376037598,0.4306441843509674,0.4650833308696747,-0.4950453042984009,0.9250553250312805,0.2920186519622803,0.4557955861091614,0.2406865954399109,0.533788800239563,0.5368691682815552,0.5969052910804749,-0.11920574307441711,0.9998800158500671,0.4835575222969055,0.5985304117202759,0.11931508034467697,0.9997332692146301,0.5270707011222839,0.688437283039093,-0.2382928878068924,0.9232204556465149,0.5163689851760864,0.6879306435585022,0.06814267486333847,0.6242483854293823,0.49519082903862,0.786339521408081,-0.23161400854587555,0.9776093363761902,0.5944008827209473,0.7550486326217651,0.20236283540725708,0.8349543809890747,0.5003600120544434,0.7986040711402893,-0.2390330582857132,0.9507253170013428,0.6157846450805664,0.7604531049728394,0.20911134779453278,0.8845601081848145,0.45841896533966064,0.8050545454025269,-0.39726153016090393,0.9752743244171143,0.5629651546478271,0.7849878668785095,0.10920994728803635,0.8687146902084351
IMG_9674 3,29,963,good,0.48924508690834045,0.4415048062801361,-0.03289675712585449,0.9999547600746155,0.49912673234939575,0.43457385897636414,-0.03535046800971031,0.9999522566795349,0.5033784508705139,0.43467700481414795,-0.035455647855997086,0.9999476075172424,0.5076606273651123,0.43481260538101196,-0.03550469130277634,0.9999532103538513,0.49081528186798096,0.43422427773475647,-0.0021123422775417566,0.999928891658783,0.4891631007194519,0.43393734097480774,-0.0021256639156490564,0.9998849034309387,0.48764586448669434,0.4336544871330261,-0.0021638930775225163,0.9999032020568848,0.5241989493370056,0.4385601878166199,0.0064889127388596535,0.9999415874481201,0.4959561824798584,0.43631216883659363,0.14970508217811584,0.9998887181282043,0.49767106771469116,0.4495282471179962,-0.014707248657941818,0.9999228119850159,0.4864635765552521,0.44901373982429504,0.026781732216477394,0.9999061226844788,0.5615164637565613,0.482452392578125,-0.08793803304433823,0.9998903274536133,0.4610257148742676,0.47114765644073486,0.29563987255096436,0.9997257590293884,0.5079013705253601,0.5121988654136658,-0.36468276381492615,0.980812668800354,0.3718627393245697,0.461306631565094,0.3752393424510956,0.49716341495513916,0.4574223458766937,0.47398486733436584,-0.5566523671150208,0.9651620984077454,0.29407599568367004,0.4549662470817566,0.26852649450302124,0.5780571699142456,0.4443988800048828,0.4656554162502289,-0.6243211030960083,0.9516879916191101,0.26715317368507385,0.4567471742630005,0.2547299861907959,0.57398921251297,0.45122483372688293,0.46151983737945557,-0.610724151134491,0.9486473798751831,0.26839354634284973,0.45565417408943176,0.21030716598033905,0.5790089964866638,0.4547029435634613,0.4662274420261383,-0.5573763251304626,0.9277296662330627,0.2768528461456299,0.4562305808067322,0.24157613515853882,0.5771233439445496,0.5369480848312378,0.5969736576080322,-0.11971801519393921,0.9998701810836792,0.4828522801399231,0.598603367805481,0.11985346674919128,0.9997302889823914,0.5288124680519104,0.6885128021240234,-0.24734485149383545,0.9211018085479736,0.5162919163703918,0.687932550907135,0.0781158059835434,0.636405348777771,0.49521246552467346,0.7860069274902344,-0.24858929216861725,0.9768933653831482,0.5935170650482178,0.7550461292266846,0.21333357691764832,0.8378729224205017,0.5004733204841614,0.7973471283912659,-0.2559148967266083,0.9494224190711975,0.6147952079772949,0.7604650259017944,0.22032931447029114,0.8845953345298767,0.46275609731674194,0.8045733571052551,-0.41152864694595337,0.9746730923652649,0.562073290348053,0.784990668296814,0.12238016724586487,0.8707181811332703
IMG_9674 3,30,997,good,0.489239901304245,0.44164007902145386,-0.022289693355560303,0.9999518394470215,0.4991091191768646,0.43466395139694214,-0.030336065217852592,0.9999476671218872,0.5033624172210693,0.4347890615463257,-0.030438048765063286,0.9999418258666992,0.5076220035552979,0.43494540452957153,-0.03046954795718193,0.9999481439590454,0.4908304214477539,0.4342673718929291,0.004413422662764788,0.999920666217804,0.4891776740550995,0.43397510051727295,0.004412363283336163,0.9998699426651001,0.48765209317207336,0.43368905782699585,0.00434515718370676,0.9998925924301147,0.524063229560852,0.4387013018131256,-0.0037920549511909485,0.9999316334724426,0.49596652388572693,0.4363771080970764,0.14605718851089478,0.9998794198036194,0.49766337871551514,0.4498676657676697,-0.009305508807301521,0.9999128580093384,0.4864785075187683,0.44937315583229065,0.034245412796735764,0.9999002814292908,0.5619641542434692,0.48310765624046326,-0.09089506417512894,0.9998731017112732,0.4598977863788605,0.4713551104068756,0.28826063871383667,0.9997411966323853,0.5095136761665344,0.51116943359375,-0.3860042095184326,0.9771875143051147,0.3683720827102661,0.46246275305747986,0.3252592384815216,0.5418230295181274,0.4761952757835388,0.4731333553791046,-0.6416175961494446,0.9665893316268921,0.29421266913414,0.4560137689113617,0.1883106827735901,0.6181303858757019,0.47186633944511414,0.4628053903579712,-0.713690996170044,0.9540296792984009,0.2678772807121277,0.45774775743484497,0.1708439290523529,0.6128225922584534,0.48162537813186646,0.45820358395576477,-0.7037158012390137,0.9510600566864014,0.26656070351600647,0.45616984367370605,0.12561003863811493,0.6178457140922546,0.4829534590244293,0.4642740488052368,-0.6453649997711182,0.9308881163597107,0.2753426134586334,0.4566252827644348,0.16052865982055664,0.616382360458374,0.5371549129486084,0.5975328087806702,-0.11364729702472687,0.9998570084571838,0.48294609785079956,0.5994917154312134,0.11378438770771027,0.9997199177742004,0.5308250784873962,0.68946373462677,-0.2318992018699646,0.9159154295921326,0.5161919593811035,0.6893832683563232,0.0865049883723259,0.6489383578300476,0.4951692223548889,0.7860207557678223,-0.23622463643550873,0.9750460982322693,0.5900988578796387,0.7564735412597656,0.20876014232635498,0.840099036693573,0.4983544945716858,0.7973664402961731,-0.24437735974788666,0.9465448260307312,0.6126030087471008,0.7609626054763794,0.21444033086299896,0.8831079006195068,0.47298547625541687,0.8043569922447205,-0.39927923679351807,0.9730628728866577,0.5601423382759094,0.785922110080719,0.11400672048330307,0.872087299823761
IMG_9674 3,31,1030,good,0.48932409286499023,0.4417278468608856,-0.03520852327346802,0.9999503493309021,0.4991532564163208,0.4348120093345642,-0.043369196355342865,0.9999454617500305,0.503390371799469,0.43495237827301025,-0.04347635433077812,0.9999392628669739,0.5076285004615784,0.43512049317359924,-0.043513379991054535,0.9999457001686096,0.4908624291419983,0.4343787431716919,-0.007716955151408911,0.9999160170555115,0.489182710647583,0.43409788608551025,-0.00772614311426878,0.999862551689148,0.4876391887664795,0.43382278084754944,-0.0077849822118878365,0.9998880624771118,0.5240396857261658,0.43879881501197815,-0.00987151451408863,0.9999271035194397,0.49595195055007935,0.4365708529949188,0.13901939988136292,0.9998767375946045,0.4977567791938782,0.4500848948955536,-0.021219424903392792,0.9999071359634399,0.4865027666091919,0.4495793879032135,0.023214150220155716,0.9998970031738281,0.5621139407157898,0.4839087724685669,-0.09342043846845627,0.9998641610145569,0.4598921537399292,0.4716339409351349,0.2860162854194641,0.9997550845146179,0.511027455329895,0.5126693844795227,-0.3898274004459381,0.9764683842658997,0.37169021368026733,0.4667232930660248,0.35217803716659546,0.5816233158111572,0.4809543192386627,0.4732818901538849,-0.6222865581512451,0.9685978889465332,0.2977159917354584,0.4585849344730377,0.23740988969802856,0.6545947194099426,0.47702330350875854,0.4626349210739136,-0.6907574534416199,0.956687331199646,0.27149447798728943,0.4601944088935852,0.22491538524627686,0.6483919024467468,0.48519158363342285,0.45866379141807556,-0.6833385229110718,0.9538506269454956,0.27067190408706665,0.4584582448005676,0.1783664971590042,0.6533385515213013,0.4847938120365143,0.46396303176879883,-0.6262035965919495,0.9346245527267456,0.2795872092247009,0.45880407094955444,0.2097942978143692,0.6521874070167542,0.5368632674217224,0.5978772640228271,-0.11663107573986053,0.9998332858085632,0.4821975827217102,0.5996428728103638,0.11677170544862747,0.9997040629386902,0.5298308730125427,0.689437985420227,-0.23318584263324738,0.9077663421630859,0.5160455703735352,0.6893373727798462,0.07117550820112228,0.6552762389183044,0.49507972598075867,0.7858613133430481,-0.22853167355060577,0.9712639451026917,0.5876725316047668,0.7572141289710999,0.1771494597196579,0.8386290073394775,0.4961429834365845,0.7973801493644714,-0.235539510846138,0.9429745078086853,0.6127661466598511,0.770642101764679,0.18125684559345245,0.8818457722663879,0.4694044888019562,0.8043409585952759,-0.38297557830810547,0.9700170755386353,0.5546441674232483,0.7869536280632019,0.08201412111520767,0.8711822628974915
IMG_9674 3,32,1063,good,0.489247590303421,0.44175636768341064,-0.04227578267455101,0.9999513030052185,0.49913862347602844,0.43482568860054016,-0.05005811154842377,0.9999463558197021,0.5033701062202454,0.4349871873855591,-0.05015913024544716,0.9999405145645142,0.5076088905334473,0.4351736605167389,-0.050199247896671295,0.9999464750289917,0.49072927236557007,0.43439561128616333,-0.014329942874610424,0.9999158382415771,0.48893484473228455,0.4341125786304474,-0.014344004914164543,0.9998629093170166,0.48730191588401794,0.4338335394859314,-0.01438006479293108,0.9998888373374939,0.5241609811782837,0.4388501048088074,-0.01096566766500473,0.9999281167984009,0.4958420991897583,0.43658146262168884,0.13560740649700165,0.9998801946640015,0.4977395534515381,0.45015308260917664,-0.02719150111079216,0.9999099373817444,0.4863482415676117,0.44959384202957153,0.017296846956014633,0.999900221824646,0.562289297580719,0.48413994908332825,-0.09694606810808182,0.999871551990509,0.45980390906333923,0.4717729091644287,0.28418809175491333,0.9997701048851013,0.5125446319580078,0.5165609121322632,-0.37951236963272095,0.9774550795555115,0.37469562888145447,0.4700511693954468,0.40556636452674866,0.6180839538574219,0.48167431354522705,0.4750525653362274,-0.5909823775291443,0.9712111949920654,0.30138227343559265,0.4603947699069977,0.3524693250656128,0.6879969835281372,0.4750055968761444,0.4640852212905884,-0.6569817662239075,0.9601202607154846,0.2748968303203583,0.46155858039855957,0.34980037808418274,0.6814256906509399,0.48305612802505493,0.460112601518631,-0.6507030129432678,0.9574985504150391,0.2746593952178955,0.45965123176574707,0.30525723099708557,0.6861588358879089,0.4843388795852661,0.4650508463382721,-0.594314694404602,0.9396058917045593,0.28429266810417175,0.46011900901794434,0.3277070224285126,0.6852201223373413,0.5363748669624329,0.5979090929031372,-0.11823456734418869,0.9998297095298767,0.4815465211868286,0.5995428562164307,0.1183575838804245,0.9997023940086365,0.5292937755584717,0.6894072890281677,-0.24072416126728058,0.9092929363250732,0.5160677433013916,0.689302384853363,0.10926952213048935,0.6624117493629456,0.49500569701194763,0.7857969403266907,-0.2446403205394745,0.9717065095901489,0.5880781412124634,0.7572999000549316,0.2315037101507187,0.8417753577232361,0.49575307965278625,0.7974081039428711,-0.25282856822013855,0.9438411593437195,0.6129357814788818,0.7668374180793762,0.23671118915081024,0.8827188014984131,0.46887338161468506,0.8047695159912109,-0.40877482295036316,0.9706187844276428,0.5559406280517578,0.7869582772254944,0.1440826803445816,0.8746732473373413
IMG_9674 3,33,1096,good,0.48914968967437744,0.44177356362342834,-0.046209707856178284,0.9999529719352722,0.4991207420825958,0.4348466694355011,-0.053633060306310654,0.9999480247497559,0.5033537149429321,0.4350092113018036,-0.05373300239443779,0.9999425411224365,0.5075903534889221,0.4351964294910431,-0.05377575010061264,0.9999479651451111,0.49045538902282715,0.43439286947250366,-0.018007058650255203,0.9999173283576965,0.4884680211544037,0.43410471081733704,-0.018024733290076256,0.9998654723167419,0.4866902232170105,0.43381965160369873,-0.018057867884635925,0.9998910427093506,0.5241943001747131,0.4388701021671295,-0.015609510242938995,0.9999299645423889,0.4949036240577698,0.43657827377319336,0.13350453972816467,0.9998846650123596,0.4977353811264038,0.4503133296966553,-0.030204003676772118,0.9999129772186279,0.48617592453956604,0.44966861605644226,0.014168466441333294,0.999903678894043,0.5622856020927429,0.4840613603591919,-0.10047318786382675,0.9998784065246582,0.45886075496673584,0.47185689210891724,0.28345656394958496,0.9997838735580444,0.5135350823402405,0.5166479349136353,-0.3914531469345093,0.9781253337860107,0.37386617064476013,0.4718301296234131,0.40253108739852905,0.6506685614585876,0.4839962422847748,0.47477591037750244,-0.6387820839881897,0.9735178351402283,0.30125612020492554,0.4619738459587097,0.3428851366043091,0.7179427146911621,0.4778413474559784,0.4626558721065521,-0.7079433798789978,0.9631867408752441,0.27437618374824524,0.46282678842544556,0.3399658203125,0.7109583020210266,0.48361918330192566,0.4600203037261963,-0.7020127773284912,0.9607727527618408,0.27424779534339905,0.46091797947883606,0.29552626609802246,0.7155230641365051,0.4863264858722687,0.46408459544181824,-0.6434872150421143,0.9441104531288147,0.2839829623699188,0.46151119470596313,0.31810927391052246,0.7147630453109741,0.5363196730613708,0.598252534866333,-0.11944564431905746,0.9998295903205872,0.4808642268180847,0.599916398525238,0.11957550048828125,0.9997028708457947,0.5287371873855591,0.6901278495788574,-0.24249346554279327,0.9115673303604126,0.51605224609375,0.6898577213287354,0.12969331443309784,0.6741465330123901,0.49453988671302795,0.7860374450683594,-0.25170108675956726,0.9726390242576599,0.5883614420890808,0.7573080658912659,0.26363974809646606,0.847335696220398,0.4956619143486023,0.7974221110343933,-0.26026469469070435,0.9453049898147583,0.6127793192863464,0.7647079229354858,0.26981985569000244,0.8851161003112793,0.467792272567749,0.8048079609870911,-0.41783082485198975,0.9716457724571228,0.5571638941764832,0.7869462966918945,0.17695413529872894,0.879813551902771
IMG_9674 3,34,1129,good,0.48833635449409485,0.4430181682109833,-0.04809639975428581,0.9999533295631409,0.49822694063186646,0.4357803463935852,-0.05837808549404144,0.9999479055404663,0.5024275183677673,0.4359808564186096,-0.058488138020038605,0.9999424815177917,0.50655198097229,0.4361872375011444,-0.05853525921702385,0.9999476671218872,0.48965099453926086,0.43517836928367615,-0.022715097293257713,0.9999157190322876,0.4877507984638214,0.4348330497741699,-0.022722303867340088,0.9998628497123718,0.4860250949859619,0.434490442276001,-0.0227602981030941,0.9998885989189148,0.5236442685127258,0.43959149718284607,-0.026691915467381477,0.9999295473098755,0.4945099949836731,0.4369807541370392,0.124541275203228,0.9998849034309387,0.4974004626274109,0.4516298472881317,-0.03283805772662163,0.9999144077301025,0.48587432503700256,0.45106467604637146,0.011612474918365479,0.9999054670333862,0.5622842907905579,0.48385727405548096,-0.1024143397808075,0.9998853802680969,0.4585755467414856,0.47160783410072327,0.27878254652023315,0.9997976422309875,0.5135334134101868,0.518481969833374,-0.3878353238105774,0.9789658188819885,0.3699882924556732,0.47202804684638977,0.3777627944946289,0.6796173453330994,0.4823015630245209,0.4746440649032593,-0.5984933972358704,0.9756897687911987,0.29906344413757324,0.46338561177253723,0.2828908860683441,0.7446120381355286,0.4753571152687073,0.46263688802719116,-0.666137158870697,0.9660695195198059,0.2736556828022003,0.46376141905784607,0.2739225924015045,0.7371357083320618,0.4836442172527313,0.4591754376888275,-0.6566592454910278,0.9638184905052185,0.2736293375492096,0.46163052320480347,0.2266760766506195,0.7416026592254639,0.484286904335022,0.4639364182949066,-0.6004688739776611,0.9482345581054688,0.282913476228714,0.46242818236351013,0.2562209665775299,0.7410331964492798,0.5361678600311279,0.598224401473999,-0.11982889473438263,0.9998295903205872,0.4803194999694824,0.5996097922325134,0.11999820917844772,0.9997002482414246,0.5286505222320557,0.6896578669548035,-0.2448706477880478,0.9117655158042908,0.5160413980484009,0.6889727115631104,0.1285233497619629,0.6770544648170471,0.4945719838142395,0.7860960960388184,-0.25333189964294434,0.9726369976997375,0.5883643627166748,0.7573552131652832,0.25715306401252747,0.8484215140342712,0.49602067470550537,0.7974148392677307,-0.2619260847568512,0.9461476802825928,0.6179596185684204,0.7683994174003601,0.2630331814289093,0.8851379752159119,0.4666963815689087,0.804821252822876,-0.4223499894142151,0.9718037843704224,0.5584194660186768,0.7867335081100464,0.1695420742034912,0.8813462257385254
IMG_9674 3,35,1163,good,0.4872101843357086,0.4430179297924042,-0.045685529708862305,0.999954879283905,0.4972582757472992,0.43577051162719727,-0.058393366634845734,0.9999496936798096,0.5014070272445679,0.4359523057937622,-0.0585031732916832,0.9999442100524902,0.5054213404655457,0.4361349642276764,-0.05855531245470047,0.9999493360519409,0.48874256014823914,0.4351824223995209,-0.021050283685326576,0.9999181032180786,0.48690399527549744,0.43484559655189514,-0.02105577103793621,0.9998667240142822,0.4852432310581207,0.4345138669013977,-0.021096762269735336,0.9998921751976013,0.5231821537017822,0.4395320415496826,-0.0380096361041069,0.9999315142631531,0.49435293674468994,0.4369717240333557,0.12447503954172134,0.999890148639679,0.4967983663082123,0.4516224265098572,-0.03329743817448616,0.99991774559021,0.4852069318294525,0.45106369256973267,0.01333374809473753,0.9999092817306519,0.5622771382331848,0.4832492768764496,-0.11013468354940414,0.9998895525932312,0.4587710201740265,0.4713136553764343,0.27874672412872314,0.9998095035552979,0.5133885741233826,0.5182047486305237,-0.36760959029197693,0.9794647097587585,0.36912357807159424,0.47287166118621826,0.4010731875896454,0.7041677832603455,0.4811071455478668,0.4752289354801178,-0.5516043305397034,0.9774548411369324,0.30186933279037476,0.4639008939266205,0.3363068401813507,0.7682244181632996,0.47344234585762024,0.4637431502342224,-0.6149770021438599,0.9683443307876587,0.2777162492275238,0.46424809098243713,0.33376428484916687,0.7602106928825378,0.4829568862915039,0.46016058325767517,-0.6084391474723816,0.966218113899231,0.2797698974609375,0.4621184170246124,0.2873203754425049,0.7646335363388062,0.4830797016620636,0.46390438079833984,-0.5533600449562073,0.9514171481132507,0.2879178524017334,0.4628974497318268,0.3108235001564026,0.7642530202865601,0.5360283851623535,0.5981917381286621,-0.12036347389221191,0.9998128414154053,0.4801686704158783,0.5993867516517639,0.12052972614765167,0.9996858835220337,0.5282616019248962,0.690095067024231,-0.2211272418498993,0.9089946746826172,0.5156245231628418,0.689279317855835,0.14077429473400116,0.6823650598526001,0.494668185710907,0.7862384915351868,-0.21706916391849518,0.9714009165763855,0.5864884853363037,0.7581206560134888,0.25748634338378906,0.848759651184082,0.4962790608406067,0.7974321246147156,-0.22347716987133026,0.946474552154541,0.617901623249054,0.7716671824455261,0.26283249258995056,0.8843750953674316,0.4665411114692688,0.8048821687698364,-0.3650619387626648,0.9709322452545166,0.5558944344520569,0.7874276638031006,0.1735568791627884,0.8811273574829102
IMG_9674 3,36,1196,good,0.48593997955322266,0.4444463849067688,-0.018395090475678444,0.9999566078186035,0.4957471489906311,0.43672773241996765,-0.03290969878435135,0.9999516606330872,0.49983903765678406,0.43680787086486816,-0.033008985221385956,0.9999459981918335,0.5038278102874756,0.4368959069252014,-0.03305826708674431,0.9999513030052185,0.48764240741729736,0.4362981915473938,0.005001837387681007,0.9999210238456726,0.4860239028930664,0.43595871329307556,0.004983958788216114,0.9998707175254822,0.48450928926467896,0.4356376528739929,0.004932516720145941,0.9998959898948669,0.5220771431922913,0.4397493600845337,-0.022613761946558952,0.9999333620071411,0.4939941465854645,0.4373251795768738,0.1432759314775467,0.9998942613601685,0.49614036083221436,0.4523475468158722,-0.008126660250127316,0.9999206066131592,0.4847863018512726,0.4519766569137573,0.039519377052783966,0.9999120235443115,0.5623233318328857,0.4824141561985016,-0.09356287866830826,0.9998956918716431,0.45893028378486633,0.47138574719429016,0.2854962646961212,0.9998208284378052,0.5144007802009583,0.51775723695755,-0.33234432339668274,0.9796370267868042,0.37205252051353455,0.47382989525794983,0.4149228632450104,0.7261479496955872,0.4803003966808319,0.4751981198787689,-0.5266716480255127,0.9789621829986572,0.30553439259529114,0.4644349217414856,0.3563854396343231,0.7890970706939697,0.47055864334106445,0.4640766382217407,-0.5903834700584412,0.9704113006591797,0.2831926643848419,0.4645787477493286,0.35033512115478516,0.7804768681526184,0.47681450843811035,0.46052154898643494,-0.5827476978302002,0.9683893322944641,0.2853158712387085,0.46234801411628723,0.3056882321834564,0.7849164009094238,0.4818597733974457,0.4638296663761139,-0.5274981260299683,0.9542542099952698,0.29297012090682983,0.46312499046325684,0.3315141797065735,0.784720778465271,0.5363120436668396,0.5981850624084473,-0.12030913680791855,0.9998114705085754,0.48034390807151794,0.5993548035621643,0.12051180750131607,0.9996809959411621,0.5280078649520874,0.6902636289596558,-0.22575531899929047,0.9081037044525146,0.5156030058860779,0.6891432404518127,0.13523215055465698,0.6888889074325562,0.4946371614933014,0.7864837646484375,-0.23149056732654572,0.9713110327720642,0.5865341424942017,0.7581139206886292,0.25480857491493225,0.8498831987380981,0.49575015902519226,0.7977099418640137,-0.23902325332164764,0.9469175934791565,0.6127267479896545,0.767795979976654,0.2606334388256073,0.8838548064231873,0.4662040174007416,0.8049384951591492,-0.38819560408592224,0.9709070324897766,0.5559660196304321,0.7879239916801453,0.17088627815246582,0.8814048767089844
IMG_9674 3,37,1229,good,0.48485079407691956,0.44587016105651855,-0.027852190658450127,0.9999573826789856,0.4947279691696167,0.43764740228652954,-0.03507848456501961,0.9999521374702454,0.4987151026725769,0.437688410282135,-0.035180579870939255,0.9999464154243469,0.5026426911354065,0.4377453923225403,-0.03521568700671196,0.9999521970748901,0.4869069457054138,0.43716543912887573,-0.001406181021593511,0.9999219179153442,0.48544222116470337,0.4367453455924988,-0.0014294503489509225,0.9998717904090881,0.48404067754745483,0.4363519251346588,-0.0014437249628826976,0.9998975396156311,0.5212588906288147,0.440150648355484,-0.054349515587091446,0.9999337792396545,0.49392440915107727,0.4376620650291443,0.13329388201236725,0.999893844127655,0.4952307939529419,0.4531943202018738,-0.012640154920518398,0.9999197125434875,0.4843449294567108,0.4528031349182129,0.03220997005701065,0.999908983707428,0.5623970031738281,0.48190373182296753,-0.12604165077209473,0.9998999834060669,0.45961830019950867,0.4721035957336426,0.26826733350753784,0.9998282790184021,0.5143699049949646,0.5173871517181396,-0.3498956263065338,0.9805615544319153,0.37485647201538086,0.48007845878601074,0.3709660768508911,0.745589554309845,0.4801653325557709,0.4751299023628235,-0.5294742584228516,0.9804744124412537,0.3076981008052826,0.46476060152053833,0.22712160646915436,0.8080173134803772,0.47049152851104736,0.4645106792449951,-0.5921014547348022,0.9723889827728271,0.28346410393714905,0.4647062122821808,0.20603634417057037,0.798801600933075,0.47652682662010193,0.4604363739490509,-0.5845245718955994,0.9704508185386658,0.2872391641139984,0.4620262086391449,0.16432087123394012,0.8031761646270752,0.48157772421836853,0.46379899978637695,-0.5300506353378296,0.9569257497787476,0.29406583309173584,0.46311137080192566,0.20074348151683807,0.8030307292938232,0.5362839102745056,0.5981693267822266,-0.12166519463062286,0.9998046159744263,0.4804741144180298,0.5991518497467041,0.12185197323560715,0.9996806383132935,0.5244168043136597,0.6900163888931274,-0.2293202430009842,0.909443736076355,0.5139954090118408,0.6885407567024231,0.07346261292695999,0.6993351578712463,0.49253392219543457,0.7865249514579773,-0.23807869851589203,0.9712986350059509,0.5813596248626709,0.7585200071334839,0.15114255249500275,0.8534112572669983,0.49267035722732544,0.7977129817008972,-0.24596329033374786,0.9465485215187073,0.6058985590934753,0.7751122713088989,0.15327687561511993,0.8851446509361267,0.4610441029071808,0.805413544178009,-0.39565059542655945,0.9709824919700623,0.5432637333869934,0.7899285554885864,0.06097416207194328,0.8845316767692566
IMG_9674 3,38,1262,good,0.4849371016025543,0.4481678307056427,-0.07449155300855637,0.9999570250511169,0.49475571513175964,0.4396930932998657,-0.09025885164737701,0.9999517202377319,0.4987412095069885,0.43975234031677246,-0.09038049727678299,0.999946653842926,0.5026578307151794,0.43977317214012146,-0.09043393284082413,0.9999522566795349,0.4869884252548218,0.4389791190624237,-0.05107785761356354,0.9999200105667114,0.4855594336986542,0.43837836384773254,-0.05110412463545799,0.9998694658279419,0.4841761291027069,0.4378170371055603,-0.05114930868148804,0.9998939037322998,0.5205608010292053,0.44146913290023804,-0.08255310356616974,0.999934196472168,0.49374327063560486,0.43860557675361633,0.09703897684812546,0.9998895525932312,0.4952360987663269,0.4548388719558716,-0.060867972671985626,0.9999204874038696,0.4845137298107147,0.4541131854057312,-0.010909603908658028,0.9999065399169922,0.5622634887695312,0.48171716928482056,-0.14480756223201752,0.9999067187309265,0.4600870907306671,0.47276803851127625,0.25488200783729553,0.999833881855011,0.5142799615859985,0.51722252368927,-0.39034128189086914,0.9814510345458984,0.38181397318840027,0.4854785203933716,0.3581974506378174,0.7601107358932495,0.47956570982933044,0.4742099344730377,-0.5988909602165222,0.9819210767745972,0.31620898842811584,0.4652494788169861,0.21304702758789062,0.8242772221565247,0.46985092759132385,0.4644857943058014,-0.6639102697372437,0.974344789981842,0.29938095808029175,0.46463829278945923,0.19710353016853333,0.8146564364433289,0.4762134552001953,0.46004030108451843,-0.6546158790588379,0.9725151062011719,0.3034992814064026,0.4618866443634033,0.15801545977592468,0.8190213441848755,0.4808628261089325,0.46233558654785156,-0.5981609225273132,0.9596109986305237,0.3097034692764282,0.4633226990699768,0.18894830346107483,0.8188356161117554,0.5362412929534912,0.59818035364151,-0.1258355975151062,0.9998065233230591,0.4805414378643036,0.5991522669792175,0.12606552243232727,0.9996759295463562,0.5233623385429382,0.6900091171264648,-0.24475820362567902,0.9116010069847107,0.5139535069465637,0.6883366703987122,0.10377394407987595,0.7018053531646729,0.4915871024131775,0.7868753671646118,-0.28151747584342957,0.9717488884925842,0.5819550156593323,0.7581824064254761,0.15726464986801147,0.8531069159507751,0.4930168390274048,0.7983765602111816,-0.291814386844635,0.9483742117881775,0.6050190329551697,0.7721174359321594,0.1649790108203888,0.8857601881027222,0.45450061559677124,0.8058438301086426,-0.44700807332992554,0.9708402752876282,0.5456250309944153,0.7895241975784302,0.08238065987825394,0.8831303715705872
IMG_9674 3,39,1296,good,0.4847763478755951,0.44820737838745117,-0.10266616195440292,0.9999514818191528,0.4942478835582733,0.4398615062236786,-0.1226588785648346,0.9999444484710693,0.497829794883728,0.43988174200057983,-0.12276732921600342,0.999940812587738,0.5011395812034607,0.43987908959388733,-0.12283090502023697,0.9999463558197021,0.48701533675193787,0.43921947479248047,-0.08029189705848694,0.9999068975448608,0.4856414198875427,0.4386492669582367,-0.08032312989234924,0.9998515248298645,0.484420508146286,0.4381115436553955,-0.08039841800928116,0.9998746514320374,0.5184648633003235,0.4417699873447418,-0.12000534683465958,0.9999279975891113,0.49397018551826477,0.43916019797325134,0.06788557022809982,0.9998631477355957,0.49459952116012573,0.454895555973053,-0.09302644431591034,0.9999116063117981,0.48454776406288147,0.4543781876564026,-0.03926444426178932,0.9998859167098999,0.5622632503509521,0.4807748794555664,-0.17631661891937256,0.999910831451416,0.4606412947177887,0.47390398383140564,0.2275032252073288,0.9998275637626648,0.5142596960067749,0.5195112228393555,-0.40037956833839417,0.9824085235595703,0.39368805289268494,0.49531763792037964,0.20825327932834625,0.7672392129898071,0.47939079999923706,0.4736481308937073,-0.5811095237731934,0.9830802083015442,0.34057480096817017,0.468668669462204,-0.07472889870405197,0.8367629647254944,0.46951454877853394,0.46409741044044495,-0.6451263427734375,0.975847601890564,0.32307732105255127,0.46480458974838257,-0.11165422201156616,0.8263158798217773,0.47597938776016235,0.4593273997306824,-0.63640958070755,0.9741020798683167,0.32986289262771606,0.4621643126010895,-0.13945426046848297,0.8307548761367798,0.48067671060562134,0.4614085257053375,-0.5818689465522766,0.9615668058395386,0.3359408676624298,0.46345892548561096,-0.09825050085783005,0.8302626609802246,0.5362483859062195,0.5980807542800903,-0.13206247985363007,0.9997971057891846,0.4806695878505707,0.599033772945404,0.13229581713676453,0.9996598362922668,0.5202950239181519,0.689916729927063,-0.25825363397598267,0.9140236973762512,0.5131411552429199,0.6879845857620239,0.11102383583784103,0.6988074779510498,0.49148547649383545,0.7872819304466248,-0.29583603143692017,0.9724385738372803,0.58184814453125,0.7579768300056458,0.19769656658172607,0.8521184921264648,0.4942777752876282,0.7987430095672607,-0.30640506744384766,0.9498640894889832,0.6037310361862183,0.7691596150398254,0.2054443061351776,0.8867630362510681,0.445395290851593,0.8068090677261353,-0.4637228548526764,0.9712444543838501,0.5449107885360718,0.7896661758422852,0.11957515776157379,0.8825790286064148
IMG_9674 3,40,1329,good,0.48452526330947876,0.4491065740585327,-0.10219424962997437,0.9999518394470215,0.49378690123558044,0.4405384063720703,-0.11881384998559952,0.9999441504478455,0.49742379784584045,0.4404929578304291,-0.11891182512044907,0.9999414682388306,0.5008566379547119,0.44047266244888306,-0.11896199733018875,0.9999460577964783,0.4868306517601013,0.440008282661438,-0.07851099967956543,0.9999070167541504,0.48556557297706604,0.4394311308860779,-0.07855323702096939,0.9998528361320496,0.4843999743461609,0.4388902485370636,-0.07860937714576721,0.9998734593391418,0.5184781551361084,0.4423825442790985,-0.10140148550271988,0.9999287724494934,0.4939887225627899,0.43977153301239014,0.07655047625303268,0.9998590350151062,0.4944155216217041,0.4557098150253296,-0.08738916367292404,0.9999129176139832,0.48455584049224854,0.4553830027580261,-0.03627133369445801,0.999884307384491,0.5623387694358826,0.47992992401123047,-0.15885470807552338,0.9999167919158936,0.46280816197395325,0.47590604424476624,0.2368227243423462,0.9998310208320618,0.5127092003822327,0.5215041041374207,-0.3640040457248688,0.9832682609558105,0.3983384668827057,0.5022375583648682,0.16577328741550446,0.7808264493942261,0.4781271517276764,0.47360649704933167,-0.5009652376174927,0.9838971495628357,0.35387733578681946,0.4718634784221649,-0.17238648235797882,0.8499566316604614,0.4692155420780182,0.46378597617149353,-0.5559910535812378,0.9768707752227783,0.34663552045822144,0.46482834219932556,-0.22008727490901947,0.8388420939445496,0.4756162166595459,0.4586345851421356,-0.547997772693634,0.975186288356781,0.35305967926979065,0.4623730182647705,-0.2319553792476654,0.8430381417274475,0.47953349351882935,0.46084773540496826,-0.49754032492637634,0.9627846479415894,0.35702160000801086,0.4638380706310272,-0.19000516831874847,0.8417819738388062,0.5376346707344055,0.5982393622398376,-0.1336219161748886,0.9998056888580322,0.4824490547180176,0.5993847250938416,0.1338837444782257,0.9996663331985474,0.5190739035606384,0.6898987293243408,-0.3137574791908264,0.9191694259643555,0.5122936964035034,0.6883736848831177,0.16078726947307587,0.702511191368103,0.4915229380130768,0.7880475521087646,-0.3885437548160553,0.9741587042808533,0.5834354162216187,0.7568467855453491,0.32944267988204956,0.853682279586792,0.49480941891670227,0.7996085286140442,-0.4033140540122986,0.9526154398918152,0.6042478680610657,0.7649514675140381,0.3410293459892273,0.8909704089164734,0.4409553110599518,0.8071107864379883,-0.5806021690368652,0.9725562334060669,0.5452622771263123,0.7895951271057129,0.2513953447341919,0.881944477558136
IMG_9674 3,41,1362,good,0.48448339104652405,0.4497759938240051,-0.11622264236211777,0.9999455809593201,0.4936428368091583,0.44097381830215454,-0.13473258912563324,0.9999361634254456,0.49721086025238037,0.4408273994922638,-0.13483929634094238,0.9999354481697083,0.5006110072135925,0.44072726368904114,-0.13488800823688507,0.9999390840530396,0.48683828115463257,0.44055238366127014,-0.09299683570861816,0.999895453453064,0.4856736958026886,0.43996983766555786,-0.09304554760456085,0.9998373985290527,0.4846089780330658,0.4394182562828064,-0.0931120216846466,0.9998550415039062,0.518278181552887,0.44248929619789124,-0.12314214557409286,0.9999208450317383,0.4943365156650543,0.4402499794960022,0.06126664578914642,0.9998255968093872,0.4941874146461487,0.4560585916042328,-0.10350824147462845,0.9999001026153564,0.48459190130233765,0.45597532391548157,-0.05065438523888588,0.9998595714569092,0.5624606609344482,0.47889411449432373,-0.1793549656867981,0.9999180436134338,0.4655991196632385,0.47694969177246094,0.2277825027704239,0.9998152256011963,0.5098856091499329,0.5210557579994202,-0.37892255187034607,0.9839636087417603,0.4103785455226898,0.5078017115592957,0.1529657542705536,0.7837300896644592,0.4778665602207184,0.47258636355400085,-0.5058836340904236,0.9844660758972168,0.3687666356563568,0.4771195948123932,-0.1795329451560974,0.8593059182167053,0.469868928194046,0.46157312393188477,-0.5607512593269348,0.977575421333313,0.36396387219429016,0.4676510691642761,-0.2239995300769806,0.8473091721534729,0.4757285714149475,0.45616579055786133,-0.5530942678451538,0.9759477376937866,0.3695432245731354,0.4639251232147217,-0.23786762356758118,0.8514657020568848,0.4792080819606781,0.45902466773986816,-0.5026202201843262,0.9635425209999084,0.37423911690711975,0.46661293506622314,-0.19761589169502258,0.8491549491882324,0.5376562476158142,0.5982380509376526,-0.13827741146087646,0.9998083710670471,0.4839613735675812,0.5993961691856384,0.13854975998401642,0.9996593594551086,0.5189299583435059,0.6887564659118652,-0.3185681402683258,0.9235302209854126,0.512217104434967,0.6877465844154358,0.18202631175518036,0.7010800242424011,0.4919348359107971,0.7880057692527771,-0.3913394808769226,0.9755579829216003,0.5831633806228638,0.7545447945594788,0.3324938118457794,0.8549807071685791,0.4996475279331207,0.7996804714202881,-0.40516945719718933,0.9553644061088562,0.6044211387634277,0.7636548280715942,0.3415512442588806,0.8944911360740662,0.4404790997505188,0.8071130514144897,-0.5718549489974976,0.9737355709075928,0.5463982820510864,0.7881481647491455,0.2521530091762543,0.8815813064575195
IMG_9674 3,42,1395,good,0.4841414988040924,0.4495885670185089,-0.10454618185758591,0.9999467730522156,0.49327269196510315,0.44087839126586914,-0.121802918612957,0.9999375939369202,0.4967591464519501,0.4407578408718109,-0.12189994752407074,0.9999374151229858,0.5001183748245239,0.44067880511283875,-0.1219458132982254,0.9999406933784485,0.48684704303741455,0.4404759109020233,-0.0802910104393959,0.9998987913131714,0.48572105169296265,0.4399087131023407,-0.08033478260040283,0.9998432993888855,0.4848087430000305,0.4393714368343353,-0.08039458096027374,0.9998592734336853,0.5182660818099976,0.44224026799201965,-0.11053302884101868,0.9999233484268188,0.494680792093277,0.4402410089969635,0.07282016426324844,0.9998279213905334,0.49354514479637146,0.4560120701789856,-0.09252404421567917,0.9999020099639893,0.4845525026321411,0.45587918162345886,-0.03999840468168259,0.9998598694801331,0.562699019908905,0.47799327969551086,-0.17327381670475006,0.9999216794967651,0.4693543612957001,0.47748181223869324,0.2294602245092392,0.9998118281364441,0.5075773000717163,0.5208898186683655,-0.37843191623687744,0.9846547842025757,0.41764968633651733,0.5114224553108215,0.17456389963626862,0.7826066613197327,0.47757065296173096,0.4720567464828491,-0.47373321652412415,0.9851992130279541,0.38353925943374634,0.4799725115299225,-0.14627069234848022,0.8677611947059631,0.47027587890625,0.46065753698349,-0.5235604047775269,0.9785172939300537,0.38129734992980957,0.47024306654930115,-0.19081665575504303,0.8550333976745605,0.47617107629776,0.45465928316116333,-0.5173617601394653,0.976948082447052,0.38701698184013367,0.46584612131118774,-0.1978876292705536,0.8589749336242676,0.47903957962989807,0.4580003619194031,-0.4698202908039093,0.9647185802459717,0.38962265849113464,0.46871665120124817,-0.1617603898048401,0.8556212186813354,0.5407671928405762,0.5980404019355774,-0.14163850247859955,0.999812126159668,0.4868977963924408,0.5993409156799316,0.14190179109573364,0.9996643662452698,0.5199072957038879,0.6882907748222351,-0.3132782578468323,0.9263826608657837,0.5109029412269592,0.6877472400665283,0.17211633920669556,0.7042347192764282,0.49363431334495544,0.7872843146324158,-0.37248727679252625,0.9766805768013,0.5833507776260376,0.7548033595085144,0.3003385663032532,0.8577288389205933,0.5007239580154419,0.799436628818512,-0.38559821248054504,0.9571620225906372,0.6061065196990967,0.7627606391906738,0.3077537417411804,0.8980225920677185,0.4409151077270508,0.8069292306900024,-0.5555922389030457,0.9749459028244019,0.5451605319976807,0.7881413102149963,0.21642225980758667,0.8840059041976929
IMG_9674 3,43,1429,good,0.48415085673332214,0.4494498074054718,-0.057483889162540436,0.9999433755874634,0.49328047037124634,0.4408276081085205,-0.07813805341720581,0.9999355673789978,0.4967151880264282,0.4406939446926117,-0.07823756337165833,0.999936044216156,0.4999777376651764,0.440609335899353,-0.07830604165792465,0.9999396800994873,0.4872579574584961,0.4404250681400299,-0.03486340492963791,0.9998961687088013,0.48658329248428345,0.4398641884326935,-0.03491099551320076,0.9998412728309631,0.4860933721065521,0.43932873010635376,-0.03496833145618439,0.9998571276664734,0.5182087421417236,0.44204431772232056,-0.09241348505020142,0.9999227523803711,0.49641165137290955,0.4402261972427368,0.10189495235681534,0.9998154640197754,0.4935367703437805,0.4559718370437622,-0.053886059671640396,0.9998932480812073,0.48496246337890625,0.45577529072761536,0.0007513058371841908,0.999837338924408,0.5629544258117676,0.4767642319202423,-0.1653783768415451,0.9999220371246338,0.476192444562912,0.4786190986633301,0.2520066201686859,0.9997714757919312,0.5062578320503235,0.5186524987220764,-0.34373509883880615,0.9849475622177124,0.4309574067592621,0.5141030550003052,0.17121604084968567,0.7522706985473633,0.46956348419189453,0.47218266129493713,-0.3710520565509796,0.9847519397735596,0.4125799238681793,0.4821557104587555,-0.1491452008485794,0.8585063219070435,0.4587708115577698,0.46153175830841064,-0.4078442454338074,0.9777258038520813,0.4071635901927948,0.47255250811576843,-0.19304148852825165,0.8444268107414246,0.4677952826023102,0.4547949731349945,-0.3995208442211151,0.9760617613792419,0.41394224762916565,0.467713862657547,-0.19650869071483612,0.8481894135475159,0.4726256728172302,0.45809659361839294,-0.36425891518592834,0.9632481932640076,0.4180753529071808,0.47138696908950806,-0.1637084186077118,0.842620849609375,0.5415122509002686,0.5979840159416199,-0.14435730874538422,0.9998128414154053,0.4897904098033905,0.5993008613586426,0.14458374679088593,0.999656617641449,0.5201942920684814,0.6878407597541809,-0.3129005432128906,0.9278590083122253,0.5101501941680908,0.687618613243103,0.1258397400379181,0.7021947503089905,0.4943045675754547,0.7872382998466492,-0.3558477461338043,0.9772318601608276,0.5831782221794128,0.7548655271530151,0.22086885571479797,0.8596023917198181,0.5040193200111389,0.799462616443634,-0.36813774704933167,0.9577743411064148,0.6058089733123779,0.76247239112854,0.2254544496536255,0.8995737433433533,0.44079139828681946,0.8070802092552185,-0.5407658219337463,0.9756535887718201,0.5424015522003174,0.7888059616088867,0.14456982910633087,0.8864573240280151
IMG_9674 3,44,1462,good,0.48546531796455383,0.449387788772583,-0.05668136849999428,0.9999419450759888,0.49446389079093933,0.4410662353038788,-0.07076583802700043,0.9999366998672485,0.4977809190750122,0.4408893287181854,-0.07088541984558105,0.9999376535415649,0.5009839534759521,0.4406623840332031,-0.070975661277771,0.9999418258666992,0.4886656701564789,0.4408097267150879,-0.03246072307229042,0.9998978972434998,0.48805367946624756,0.4403357207775116,-0.03249521553516388,0.9998435974121094,0.4874784052371979,0.43988144397735596,-0.03254490718245506,0.999858558177948,0.5188035368919373,0.4422264099121094,-0.051184844225645065,0.999925971031189,0.49650946259498596,0.44099655747413635,0.11505918204784393,0.999815821647644,0.4948342740535736,0.455917626619339,-0.043150678277015686,0.9998912215232849,0.48654091358184814,0.45570456981658936,0.00514250248670578,0.9998249411582947,0.5630963444709778,0.4759427011013031,-0.13210290670394897,0.9999257326126099,0.47881442308425903,0.4805394411087036,0.2761864960193634,0.9997110962867737,0.5063714981079102,0.5149474740028381,-0.3438858687877655,0.984663188457489,0.4456172585487366,0.5194211602210999,0.2568330466747284,0.7056267857551575,0.4694505035877228,0.47156649827957153,-0.43137142062187195,0.9830181002616882,0.4263359606266022,0.48273205757141113,0.09615296870470047,0.8200241923332214,0.45780229568481445,0.46153080463409424,-0.475727379322052,0.9756803512573242,0.4261586368083954,0.47352543473243713,0.071194589138031,0.8070533871650696,0.4665629267692566,0.4548984169960022,-0.468169629573822,0.9738678932189941,0.43306002020835876,0.46881338953971863,0.07128073275089264,0.8109281063079834,0.47252485156059265,0.458159476518631,-0.42721083760261536,0.9595736861228943,0.437564492225647,0.47256365418434143,0.08703361451625824,0.8036127686500549,0.5418962240219116,0.5979681015014648,-0.14479409158229828,0.9998217821121216,0.49195194244384766,0.5993815064430237,0.14508327841758728,0.9996532797813416,0.5201460719108582,0.6878454685211182,-0.30149605870246887,0.9258971810340881,0.5101084113121033,0.6876572370529175,0.11477259546518326,0.7016856670379639,0.4943191409111023,0.7872493267059326,-0.3434653878211975,0.9778107404708862,0.5845533609390259,0.7546257376670837,0.22912856936454773,0.8611225485801697,0.5043684244155884,0.7995166182518005,-0.3551648259162903,0.9571262001991272,0.6084080338478088,0.7600025534629822,0.23498143255710602,0.9007627367973328,0.4410136044025421,0.8069555759429932,-0.5233110785484314,0.9766923785209656,0.5476551651954651,0.7884467840194702,0.14991910755634308,0.8891232013702393
IMG_9674 3,45,1495,good,0.4854721128940582,0.44923368096351624,-0.019794778898358345,0.9999432563781738,0.49450960755348206,0.4410209059715271,-0.02485784888267517,0.9999392628669739,0.4978642761707306,0.440784215927124,-0.024949930608272552,0.9999406337738037,0.5011343359947205,0.44059082865715027,-0.025039954110980034,0.9999448657035828,0.4886620342731476,0.4407810568809509,0.00875367783010006,0.9999021887779236,0.4880219101905823,0.4402940273284912,0.008739162236452103,0.9998505711555481,0.48735859990119934,0.4398360252380371,0.008739590644836426,0.9998642206192017,0.5190853476524353,0.4422190487384796,0.01900089532136917,0.9999300837516785,0.4956721067428589,0.44101500511169434,0.1668805181980133,0.9998239874839783,0.4948500990867615,0.455658882856369,0.0024607968516647816,0.9998918771743774,0.48653513193130493,0.4555595815181732,0.04484990984201431,0.9998230934143066,0.5629656314849854,0.47583600878715515,-0.06672520935535431,0.9999303817749023,0.480845183134079,0.48228898644447327,0.31975942850112915,0.999670684337616,0.5046599507331848,0.5150145888328552,-0.23959460854530334,0.9835671782493591,0.4632984697818756,0.5295855402946472,0.3133467435836792,0.6425389051437378,0.4678462743759155,0.471576452255249,-0.26144981384277344,0.977351188659668,0.4760039150714874,0.5512951612472534,0.1612245887517929,0.7472516298294067,0.4573722779750824,0.46153977513313293,-0.3004681169986725,0.9687641859054565,0.47768062353134155,0.5601521134376526,0.14105632901191711,0.738461971282959,0.46587225794792175,0.4548856019973755,-0.2880062460899353,0.9667885303497314,0.48372524976730347,0.5540075898170471,0.12474629282951355,0.7424551844596863,0.47227370738983154,0.4581325352191925,-0.25563737750053406,0.9501186013221741,0.48457127809524536,0.5504419803619385,0.1468815803527832,0.7359931468963623,0.543357789516449,0.5979651808738708,-0.14658799767494202,0.9998342394828796,0.49444738030433655,0.5995501279830933,0.14690063893795013,0.9996585845947266,0.5200203657150269,0.6878483891487122,-0.30029183626174927,0.9273115992546082,0.5090172290802002,0.687658965587616,0.11612682044506073,0.7028493881225586,0.49477046728134155,0.7872946262359619,-0.3419824540615082,0.9789015650749207,0.5845727920532227,0.7532563209533691,0.2512165904045105,0.8648808598518372,0.5059260129928589,0.8001502156257629,-0.35221734642982483,0.9576299786567688,0.6084369421005249,0.7577677369117737,0.2607234716415405,0.9017699956893921,0.4388406276702881,0.8070789575576782,-0.5150191783905029,0.9779717326164246,0.5474657416343689,0.7884412407875061,0.18154920637607574,0.8925536870956421
IMG_9674 3,46,1528,good,0.4855141043663025,0.4486898183822632,0.07206495851278305,0.9999372959136963,0.4945150911808014,0.44085749983787537,0.05793023854494095,0.9999324083328247,0.49783456325531006,0.44061869382858276,0.057874567806720734,0.9999362826347351,0.5009925365447998,0.440428763628006,0.05782310664653778,0.9999402165412903,0.4890405237674713,0.4406343996524811,0.09760290384292603,0.9998946785926819,0.4886099398136139,0.440149188041687,0.09762094169855118,0.999844491481781,0.488092839717865,0.4396878182888031,0.09761043637990952,0.9998573660850525,0.5190293788909912,0.44212865829467773,0.05411114916205406,0.999927282333374,0.4966866374015808,0.4410080909729004,0.2300974726676941,0.9998210668563843,0.4947929084300995,0.4551343321800232,0.07700572907924652,0.9998676776885986,0.486618310213089,0.45512041449546814,0.12759190797805786,0.9997904300689697,0.5629697442054749,0.4757896959781647,-0.05200417339801788,0.9999340772628784,0.48397794365882874,0.48327749967575073,0.3634716272354126,0.9996507167816162,0.5047089457511902,0.5150178074836731,-0.20170415937900543,0.9826823472976685,0.48053160309791565,0.5374581813812256,0.38707053661346436,0.5830848813056946,0.46821996569633484,0.4720190763473511,-0.16501018404960632,0.970989465713501,0.49940887093544006,0.5831285715103149,0.2756512761116028,0.6783559322357178,0.4577113687992096,0.4616125226020813,-0.19773440062999725,0.9597084522247314,0.5017597079277039,0.597615659236908,0.26503852009773254,0.6722458004951477,0.4670200049877167,0.4550681412220001,-0.17777235805988312,0.9569952487945557,0.5063266754150391,0.5947871804237366,0.23916490375995636,0.67596036195755,0.4729648232460022,0.45820116996765137,-0.15568572282791138,0.9378853440284729,0.5073751211166382,0.5890581607818604,0.25897443294525146,0.6705009341239929,0.5444512367248535,0.5981763601303101,-0.1515057384967804,0.9998428821563721,0.49623674154281616,0.6000801920890808,0.15171833336353302,0.9996639490127563,0.5200345516204834,0.688115656375885,-0.28228840231895447,0.9284119606018066,0.5086928009986877,0.6880530118942261,0.09733791649341583,0.7037277221679688,0.49524277448654175,0.7872930765151978,-0.27567893266677856,0.9792051315307617,0.5854490995407104,0.7533690929412842,0.21490542590618134,0.8667287826538086,0.5091524720191956,0.8002030849456787,-0.28177082538604736,0.9548649787902832,0.6085165143013,0.7581596374511719,0.22242209315299988,0.9014192223548889,0.43933284282684326,0.8070800304412842,-0.43976840376853943,0.978126049041748,0.5472968220710754,0.7893424034118652,0.14857852458953857,0.8947585225105286
IMG_9674 3,47,1561,good,0.48558592796325684,0.44811689853668213,0.05547073855996132,0.9999377727508545,0.4948238730430603,0.4406692087650299,0.046147510409355164,0.9999333024024963,0.4981028735637665,0.44046974182128906,0.04608217254281044,0.9999380111694336,0.5012377500534058,0.4403301775455475,0.046034764498472214,0.9999418258666992,0.4893496334552765,0.44049444794654846,0.08281175792217255,0.9998969435691833,0.4888845384120941,0.4400519132614136,0.08283472806215286,0.999849259853363,0.48827892541885376,0.43963032960891724,0.08283992856740952,0.9998601675033569,0.5193410515785217,0.4421408772468567,0.061335183680057526,0.9999296069145203,0.49674344062805176,0.4411581754684448,0.2244899868965149,0.9998263120651245,0.49480658769607544,0.45470157265663147,0.06714177876710892,0.9998648762702942,0.4866170883178711,0.4548601508140564,0.11402053385972977,0.9997836351394653,0.5631058812141418,0.4758342504501343,-0.038262005895376205,0.9999390244483948,0.4849325120449066,0.4853862226009369,0.3574990928173065,0.9996280670166016,0.5047820210456848,0.5144696831703186,-0.21633832156658173,0.9822686910629272,0.48847272992134094,0.5402022004127502,0.37266114354133606,0.5297523140907288,0.46857622265815735,0.4723547399044037,-0.23112069070339203,0.9676927328109741,0.5010038018226624,0.5855298042297363,0.2509583830833435,0.616776704788208,0.4578152596950531,0.4616909325122833,-0.2707369923591614,0.9550424218177795,0.5021923780441284,0.5992105007171631,0.2384043037891388,0.6134361624717712,0.4675617218017578,0.4553821086883545,-0.2499636560678482,0.9520364999771118,0.5053873658180237,0.5967051982879639,0.21301361918449402,0.6168878078460693,0.47345101833343506,0.4584803283214569,-0.22237233817577362,0.9310286045074463,0.5071835517883301,0.5912821888923645,0.23475483059883118,0.6119881868362427,0.5462861061096191,0.5983670353889465,-0.15050926804542542,0.9998558759689331,0.4985488951206207,0.6006260514259338,0.15072962641716003,0.9996767044067383,0.5198832750320435,0.6882030963897705,-0.3082967698574066,0.9314054250717163,0.5096873641014099,0.6884366869926453,0.14807651937007904,0.7040687203407288,0.4971070885658264,0.7876585721969604,-0.3470073640346527,0.9803265333175659,0.5863773226737976,0.7532448768615723,0.29869014024734497,0.8670446276664734,0.5107867121696472,0.8008086085319519,-0.3577411472797394,0.9554251432418823,0.6125744581222534,0.7567881941795349,0.30973994731903076,0.8992702960968018,0.4382866322994232,0.807224452495575,-0.5310516357421875,0.9792754650115967,0.5524744391441345,0.789108395576477,0.2439495474100113,0.8961210250854492
IMG_9674 3,48,1595,good,0.48696666955947876,0.4477577209472656,0.03984370455145836,0.9999398589134216,0.49630698561668396,0.44064295291900635,0.03271635249257088,0.9999356865882874,0.4996933043003082,0.4404467046260834,0.03264404460787773,0.9999409317970276,0.5030635595321655,0.44029805064201355,0.032587070018053055,0.9999446868896484,0.49053090810775757,0.44046494364738464,0.06723140180110931,0.999901294708252,0.48985159397125244,0.4400358498096466,0.06725213676691055,0.9998564124107361,0.4889809489250183,0.4396018087863922,0.06725762039422989,0.999865710735321,0.5215400457382202,0.44254618883132935,0.055850133299827576,0.9999330043792725,0.4970901906490326,0.44147399067878723,0.20873790979385376,0.9998332858085632,0.4958907663822174,0.4544801115989685,0.05392731353640556,0.999866247177124,0.4872618615627289,0.45475515723228455,0.09786994755268097,0.9997830390930176,0.5632074475288391,0.47588610649108887,-0.04301416501402855,0.999943733215332,0.4871056377887726,0.4862874150276184,0.3492628335952759,0.9995915293693542,0.5103581547737122,0.5135464072227478,-0.22442297637462616,0.9829274415969849,0.4937244653701782,0.5400927066802979,0.3963949382305145,0.4805087149143219,0.46937382221221924,0.47310975193977356,-0.251653790473938,0.9676516652107239,0.5045320987701416,0.5830695629119873,0.3069378137588501,0.5603165626525879,0.45789724588394165,0.46197500824928284,-0.29031598567962646,0.954622745513916,0.50529944896698,0.5963805317878723,0.2991575002670288,0.5596188306808472,0.46792837977409363,0.4558102786540985,-0.27119046449661255,0.9514964818954468,0.5086044073104858,0.5937430262565613,0.2723294794559479,0.5628754496574402,0.47385549545288086,0.45894408226013184,-0.24314697086811066,0.92987060546875,0.5104763507843018,0.5884513258934021,0.291215717792511,0.5584548115730286,0.5473034977912903,0.5983000993728638,-0.14966505765914917,0.9998676180839539,0.5005396604537964,0.6006430387496948,0.1498853862285614,0.9996868371963501,0.5197129249572754,0.6881483197212219,-0.3075004816055298,0.9347590804100037,0.5098032355308533,0.6886152625083923,0.14322201907634735,0.7066482901573181,0.49768105149269104,0.7876538634300232,-0.35849305987358093,0.9813923835754395,0.5868416428565979,0.7532354593276978,0.2713497281074524,0.8674150705337524,0.5133306980133057,0.8012152910232544,-0.36962947249412537,0.9564277529716492,0.6127695441246033,0.7570066452026367,0.2801342010498047,0.8962045311927795,0.43913018703460693,0.8069090247154236,-0.5349611043930054,0.9804285764694214,0.5531987547874451,0.7890267968177795,0.23302628099918365,0.897882878780365
IMG_9674 3,49,1628,good,0.4890119135379791,0.44778549671173096,0.0952560305595398,0.9999383687973022,0.4981940984725952,0.44086572527885437,0.08740364015102386,0.9999343156814575,0.5013882517814636,0.4407190978527069,0.08734414726495743,0.9999406933784485,0.5045574903488159,0.44050201773643494,0.08728878200054169,0.9999446272850037,0.49258852005004883,0.44067901372909546,0.12275544553995132,0.9999003410339355,0.4919148087501526,0.44029685854911804,0.12278424203395844,0.9998570680618286,0.4909783899784088,0.43991202116012573,0.12280163168907166,0.9998655915260315,0.5223657488822937,0.443095862865448,0.10094831138849258,0.999934196472168,0.49825260043144226,0.44204750657081604,0.257870078086853,0.999835193157196,0.49755939841270447,0.45446765422821045,0.10583271086215973,0.9998553395271301,0.48899173736572266,0.45472902059555054,0.15080727636814117,0.9997653365135193,0.5638138651847839,0.47590428590774536,-0.008654600940644741,0.9999478459358215,0.4866376519203186,0.4866718053817749,0.38337182998657227,0.9995678663253784,0.510284960269928,0.5126501321792603,-0.17505452036857605,0.982867419719696,0.4933103919029236,0.5396981835365295,0.39231330156326294,0.4364307224750519,0.4694768786430359,0.4732538163661957,-0.1629406213760376,0.9654673337936401,0.5037422180175781,0.5861057639122009,0.2644975483417511,0.5096075534820557,0.4581134021282196,0.4620872139930725,-0.19862288236618042,0.9513037204742432,0.5049351453781128,0.599920392036438,0.2500302791595459,0.5109877586364746,0.46803203225135803,0.45600616931915283,-0.17754042148590088,0.9476762413978577,0.5079038143157959,0.5977646112442017,0.22534659504890442,0.5139410495758057,0.4740944802761078,0.4590161442756653,-0.15365856885910034,0.9247574806213379,0.509745180606842,0.5923066735267639,0.24785654246807098,0.5102265477180481,0.5486337542533875,0.5982892513275146,-0.14926379919052124,0.9998778104782104,0.500714898109436,0.600723922252655,0.14947977662086487,0.9997004270553589,0.519801139831543,0.6879199147224426,-0.30487844347953796,0.9372847080230713,0.5098208785057068,0.6886494159698486,0.09988078474998474,0.7098106145858765,0.4983369708061218,0.7875273823738098,-0.3464026153087616,0.9819850325584412,0.587340235710144,0.7533326745033264,0.2063218504190445,0.868569552898407,0.513823926448822,0.8011961579322815,-0.3550514876842499,0.9555517435073853,0.6122996807098389,0.7571028470993042,0.2131861448287964,0.8946998715400696,0.4393771290779114,0.8068992495536804,-0.5150566697120667,0.9809701442718506,0.552753210067749,0.7893670797348022,0.1474510282278061,0.8997992873191833
IMG_9674 3,50,1661,good,0.4901977479457855,0.4485337734222412,0.08222366124391556,0.9999370574951172,0.49908119440078735,0.4417419135570526,0.07308366149663925,0.9999331831932068,0.5021644234657288,0.44160693883895874,0.07302065938711166,0.9999407529830933,0.5052422285079956,0.4414387345314026,0.07296942919492722,0.9999446868896484,0.49376752972602844,0.44158580899238586,0.10879600793123245,0.9998998045921326,0.49317529797554016,0.44126060605049133,0.10882406681776047,0.9998580813407898,0.4922998547554016,0.4409289062023163,0.10883613675832748,0.9998653531074524,0.5231550335884094,0.4439437687397003,0.08440714329481125,0.99993497133255,0.4998275637626648,0.4431850016117096,0.24353595077991486,0.9998365044593811,0.49849626421928406,0.45498761534690857,0.0922720730304718,0.9998469352722168,0.4904095232486725,0.4553605020046234,0.13792654871940613,0.9997500777244568,0.5645846724510193,0.4759424030780792,-0.022493984550237656,0.9999516606330872,0.48920485377311707,0.4880763292312622,0.37486591935157776,0.9995347261428833,0.5104793310165405,0.5125252604484558,-0.19776563346385956,0.9831883311271667,0.4979119896888733,0.5404192805290222,0.40232229232788086,0.39651453495025635,0.469616174697876,0.4737818241119385,-0.2039290964603424,0.9642847180366516,0.5053185224533081,0.5879517197608948,0.2918289303779602,0.4634245038032532,0.458256334066391,0.4628819227218628,-0.24200139939785004,0.9492656588554382,0.5062155723571777,0.6015273928642273,0.28118836879730225,0.46656209230422974,0.4681384563446045,0.4565465748310089,-0.22037523984909058,0.9452459216117859,0.5085837244987488,0.5990808010101318,0.2536006569862366,0.46927979588508606,0.47442689538002014,0.45949843525886536,-0.1946440041065216,0.9212431311607361,0.5104390978813171,0.5936235189437866,0.2748524844646454,0.46609577536582947,0.5495024919509888,0.5983351469039917,-0.14954866468906403,0.999886691570282,0.5023902058601379,0.6008084416389465,0.14975784718990326,0.9997064471244812,0.5198061466217041,0.6879048943519592,-0.30412715673446655,0.9402565956115723,0.5100398063659668,0.6886370778083801,0.10536693781614304,0.7145951390266418,0.4986593723297119,0.7875085473060608,-0.3429180085659027,0.9827947020530701,0.5875527858734131,0.7532275319099426,0.2152293175458908,0.8702954053878784,0.5140162706375122,0.8012501001358032,-0.35108864307403564,0.9558815360069275,0.61202472448349,0.7573110461235046,0.22225868701934814,0.8938952684402466,0.4377813935279846,0.8069249391555786,-0.5060555338859558,0.9817190766334534,0.5525779724121094,0.7892652750015259,0.15435591340065002,0.9019468426704407
