video_no,frame,timestamp_ms,good,x0,y0,z0,visibility0,x1,y1,z1,visibility1,x2,y2,z2,visibility2,x3,y3,z3,visibility3,x4,y4,z4,visibility4,x5,y5,z5,visibility5,x6,y6,z6,visibility6,x7,y7,z7,visibility7,x8,y8,z8,visibility8,x9,y9,z9,visibility9,x10,y10,z10,visibility10,x11,y11,z11,visibility11,x12,y12,z12,visibility12,x13,y13,z13,visibility13,x14,y14,z14,visibility14,x15,y15,z15,visibility15,x16,y16,z16,visibility16,x17,y17,z17,visibility17,x18,y18,z18,visibility18,x19,y19,z19,visibility19,x20,y20,z20,visibility20,x21,y21,z21,visibility21,x22,y22,z22,visibility22,x23,y23,z23,visibility23,x24,y24,z24,visibility24,x25,y25,z25,visibility25,x26,y26,z26,visibility26,x27,y27,z27,visibility27,x28,y28,z28,visibility28,x29,y29,z29,visibility29,x30,y30,z30,visibility30,x31,y31,z31,visibility31,x32,y32,z32,visibility32
punch_cz_1,1,33,good,0.5562371611595154,0.041155099868774414,-0.4134731888771057,0.9999923706054688,0.5645244121551514,0.017632484436035156,-0.3902323842048645,0.9999762773513794,0.5686895847320557,0.018297433853149414,-0.39029067754745483,0.9999744892120361,0.5733380913734436,0.01952308416366577,-0.39029380679130554,0.9999732971191406,0.5494115948677063,0.01599213480949402,-0.3930884599685669,0.9999703168869019,0.5438967943191528,0.015742748975753784,-0.3931116461753845,0.9999679327011108,0.5389130115509033,0.016624271869659424,-0.39313748478889465,0.9999656677246094,0.580509603023529,0.03194707632064819,-0.24816900491714478,0.9999415874481201,0.5320613980293274,0.029223740100860596,-0.2628645598888397,0.9999350309371948,0.5633813738822937,0.0686144232749939,-0.360330730676651,0.9999909400939941,0.5465944409370422,0.06840282678604126,-0.364531934261322,0.9999901056289673,0.6133245229721069,0.17601877450942993,-0.15771961212158203,0.9999780654907227,0.49792176485061646,0.1820831298828125,-0.16367928683757782,0.9999011754989624,0.6259201765060425,0.3444038927555084,-0.09851448237895966,0.984865665435791,0.48471885919570923,0.34988316893577576,-0.12072088569402695,0.9706530570983887,0.6276232600212097,0.48691055178642273,-0.22904030978679657,0.9810904860496521,0.4827033579349518,0.48663848638534546,-0.2413519322872162,0.9428684115409851,0.6280081868171692,0.531327486038208,-0.27096596360206604,0.9611583948135376,0.48287445306777954,0.529152512550354,-0.2808757424354553,0.9049437046051025,0.6205464005470276,0.5284551978111267,-0.3095857799053192,0.9642877578735352,0.4892040491104126,0.5262944102287292,-0.3196853995323181,0.9103489518165588,0.6179016828536987,0.5166753530502319,-0.24690906703472137,0.9578457474708557,0.491566926240921,0.5136364102363586,-0.2589820325374603,0.8994472026824951,0.5861300230026245,0.4859083294868469,-0.0016102076042443514,0.9997859597206116,0.5241109132766724,0.48779070377349854,0.001551328576169908,0.999650239944458,0.5724442601203918,0.7127475142478943,0.04915175214409828,0.9837766289710999,0.5214269161224365,0.6982265710830688,0.06560038030147552,0.9784530997276306,0.572742223739624,0.8831162452697754,0.333092600107193,0.9780222177505493,0.5296226739883423,0.8728769421577454,0.34105098247528076,0.9683835506439209,0.5694264769554138,0.8969883918762207,0.353033185005188,0.8665145039558411,0.5310862064361572,0.8883984088897705,0.36117857694625854,0.7859029173851013,0.572995126247406,0.9537816643714905,0.2090011090040207,0.9718643426895142,0.5292578935623169,0.9476207494735718,0.21523314714431763,0.9606751799583435
punch_cz_1,2,66,good,0.5571736693382263,0.04160970449447632,-0.33975404500961304,0.999992311000824,0.5649929046630859,0.018419597297906876,-0.31735923886299133,0.9999759793281555,0.5694276094436646,0.019113393500447273,-0.31740742921829224,0.9999741315841675,0.5739772319793701,0.020247681066393852,-0.31738364696502686,0.9999726414680481,0.5504546761512756,0.016690008342266083,-0.31982114911079407,0.9999704957008362,0.5448756814002991,0.016496336087584496,-0.3198300302028656,0.9999682307243347,0.5396746397018433,0.017171667888760567,-0.3198499083518982,0.9999661445617676,0.5807760953903198,0.032477352768182755,-0.18851971626281738,0.9999406337738037,0.5321762561798096,0.029574595391750336,-0.20271649956703186,0.9999364614486694,0.5637876987457275,0.06887884438037872,-0.292295902967453,0.9999906420707703,0.5472346544265747,0.06855548918247223,-0.2961729168891907,0.9999900460243225,0.6133092045783997,0.17601367831230164,-0.11959373950958252,0.9999760985374451,0.4981268644332886,0.1820317655801773,-0.11882584542036057,0.999904215335846,0.6259268522262573,0.34365496039390564,-0.0732056125998497,0.9848088622093201,0.48454269766807556,0.34988531470298767,-0.08853627741336823,0.9715276956558228,0.6276298761367798,0.48481231927871704,-0.2015402615070343,0.9814755320549011,0.4830899238586426,0.48520949482917786,-0.20876990258693695,0.9455153942108154,0.6282409429550171,0.5296816229820251,-0.24146361649036407,0.9621413350105286,0.4831047058105469,0.5286405086517334,-0.24650637805461884,0.9090480208396912,0.6210968494415283,0.5268763899803162,-0.27829310297966003,0.9651244282722473,0.48927199840545654,0.5255492329597473,-0.28332704305648804,0.9141733050346375,0.6185156106948853,0.5151211619377136,-0.21882662177085876,0.9588016867637634,0.4916099011898041,0.5129720568656921,-0.22596454620361328,0.9037818312644958,0.5865027904510498,0.4858960211277008,-0.0023837813641875982,0.9997786283493042,0.5246750712394714,0.4877493977546692,0.002328458009287715,0.99965500831604,0.5736210942268372,0.7085068225860596,0.04119129851460457,0.9840419292449951,0.5221472382545471,0.6949100494384766,0.056690216064453125,0.9790058732032776,0.572722852230072,0.8816162943840027,0.2720213532447815,0.978369414806366,0.5302979350090027,0.8761233687400818,0.2771299481391907,0.9694114327430725,0.5695180296897888,0.8963022828102112,0.28642112016677856,0.8691375851631165,0.5330687165260315,0.8947489857673645,0.29085639119148254,0.7923303246498108,0.5740726590156555,0.9527091979980469,0.15705560147762299,0.9722603559494019,0.5290490388870239,0.9482290744781494,0.15702380239963531,0.9615489840507507
punch_cz_1,3,100,good,0.5577786564826965,0.041712187230587006,-0.3379080593585968,0.9999922513961792,0.5654939413070679,0.01864766888320446,-0.31533557176589966,0.9999756217002869,0.5701414346694946,0.01942981220781803,-0.3153846561908722,0.9999737739562988,0.5747187733650208,0.020587217062711716,-0.31535977125167847,0.9999720454216003,0.551135778427124,0.0167732872068882,-0.317668616771698,0.9999703764915466,0.5455223917961121,0.016612736508250237,-0.31767454743385315,0.9999681711196899,0.5402836203575134,0.017248256132006645,-0.3176939785480499,0.9999661445617676,0.5814949870109558,0.032762493938207626,-0.18537521362304688,0.9999389052391052,0.5324890613555908,0.02964036725461483,-0.19927452504634857,0.9999365210533142,0.5642374157905579,0.06897903233766556,-0.29005658626556396,0.9999902844429016,0.5477645397186279,0.06857114285230637,-0.2938399910926819,0.9999898672103882,0.6133146286010742,0.17598898708820343,-0.11655977368354797,0.9999749064445496,0.4986993074417114,0.18184876441955566,-0.114400215446949,0.9999057650566101,0.6259701251983643,0.34254735708236694,-0.07550475001335144,0.9848060011863708,0.48454228043556213,0.3495466113090515,-0.08453914523124695,0.9721822738647461,0.6277592778205872,0.48061200976371765,-0.20794488489627838,0.9819761514663696,0.4836982488632202,0.4839956760406494,-0.20441360771656036,0.9474242329597473,0.6291244029998779,0.5257550477981567,-0.2487078309059143,0.9632349610328674,0.48341596126556396,0.5281292200088501,-0.24272671341896057,0.9119245409965515,0.6223258376121521,0.5232968926429749,-0.2861112058162689,0.9660962820053101,0.48964211344718933,0.525005578994751,-0.2788407504558563,0.9168667793273926,0.6196744441986084,0.5113663077354431,-0.22544924914836884,0.9598645567893982,0.4918549954891205,0.5125234723091125,-0.22141920030117035,0.9068588018417358,0.5870429873466492,0.48562633991241455,-0.0023650797083973885,0.999775230884552,0.5253145694732666,0.4874812960624695,0.0023076008073985577,0.9996604919433594,0.574340283870697,0.7023695111274719,0.04338663071393967,0.9844275116920471,0.5236345529556274,0.6930051445960999,0.05563919618725777,0.9796776175498962,0.5727158784866333,0.8783585429191589,0.27866169810295105,0.9790557026863098,0.5304879546165466,0.8760998249053955,0.2801634967327118,0.9705090522766113,0.5695174932479858,0.8916488885879517,0.29348647594451904,0.8724294304847717,0.5331849455833435,0.8947016596794128,0.2945188283920288,0.7969485521316528,0.5747683048248291,0.9519404768943787,0.16019108891487122,0.9730895757675171,0.529474675655365,0.9482478499412537,0.15714330971240997,0.9625901579856873
punch_cz_1,4,133,good,0.5589630007743835,0.04193761199712753,-0.33158740401268005,0.9999923706054688,0.5664405226707458,0.019097885116934776,-0.3087250292301178,0.9999757409095764,0.5712429881095886,0.019986271858215332,-0.3087764382362366,0.9999738931655884,0.5757424831390381,0.02118571288883686,-0.3087497651576996,0.9999719858169556,0.5524107813835144,0.016995713114738464,-0.3112751841545105,0.9999707341194153,0.5468153357505798,0.016851244494318962,-0.31127578020095825,0.9999685883522034,0.5414873361587524,0.01742815040051937,-0.31129083037376404,0.9999666213989258,0.5823422074317932,0.033364761620759964,-0.1787404716014862,0.9999381899833679,0.5332024097442627,0.029940389096736908,-0.19404569268226624,0.9999375939369202,0.565094530582428,0.0690879225730896,-0.2839212417602539,0.9999901652336121,0.548892080783844,0.06858903169631958,-0.28806939721107483,0.999989926815033,0.6133975386619568,0.17580899596214294,-0.10938479751348495,0.9999744892120361,0.4996570646762848,0.18184319138526917,-0.11232343316078186,0.999907374382019,0.6269964575767517,0.3416663706302643,-0.0701570063829422,0.9851195216178894,0.48471599817276,0.3495485186576843,-0.08509863168001175,0.9730308651924133,0.6283324956893921,0.4722118079662323,-0.20685438811779022,0.9828897714614868,0.4841814935207367,0.4808049499988556,-0.20461653172969818,0.9496902227401733,0.630538821220398,0.5164312124252319,-0.24770422279834747,0.9650337100028992,0.4838118851184845,0.5262904167175293,-0.24317246675491333,0.9153555631637573,0.6237003207206726,0.5128492116928101,-0.2848520576953888,0.9677342176437378,0.4901074171066284,0.5230310559272766,-0.277884840965271,0.9200705885887146,0.6206892132759094,0.5002880096435547,-0.22421270608901978,0.9617072939872742,0.49218443036079407,0.5102909803390503,-0.2209463119506836,0.9103944301605225,0.587174654006958,0.4856148064136505,-0.0005004979320801795,0.9997763633728027,0.5259414315223694,0.4874240458011627,0.0004253576335031539,0.9996686577796936,0.5756035447120667,0.699232280254364,0.04549078643321991,0.9846551418304443,0.5244278907775879,0.6928573846817017,0.04862599819898605,0.9803109765052795,0.5727885365486145,0.878221869468689,0.277980238199234,0.9796139597892761,0.530596137046814,0.8767962455749512,0.27065742015838623,0.971583902835846,0.5694712400436401,0.8916183710098267,0.29268279671669006,0.8764596581459045,0.5332425832748413,0.8948432803153992,0.28490588068962097,0.8007873892784119,0.5767115354537964,0.9518887996673584,0.16167381405830383,0.973823606967926,0.530056893825531,0.9483190178871155,0.14781011641025543,0.9635792374610901
punch_cz_1,5,166,good,0.559578001499176,0.04198727756738663,-0.32099106907844543,0.9999924302101135,0.5670974254608154,0.019180186092853546,-0.2982793152332306,0.9999757409095764,0.5719173550605774,0.020127009600400925,-0.2983326017856598,0.9999738931655884,0.5764992833137512,0.021361857652664185,-0.29830026626586914,0.9999717473983765,0.553026556968689,0.017040131613612175,-0.30033499002456665,0.9999712109565735,0.5475133657455444,0.01692664809525013,-0.3003419041633606,0.9999692440032959,0.5423089265823364,0.017506331205368042,-0.3003597855567932,0.9999673366546631,0.5834547877311707,0.03358648344874382,-0.17230547964572906,0.9999377727508545,0.5343217849731445,0.030134906992316246,-0.18514284491539001,0.9999393820762634,0.5659336447715759,0.06913311034440994,-0.27529796957969666,0.9999900460243225,0.5497034788131714,0.06859520822763443,-0.2786698341369629,0.9999900460243225,0.6141833662986755,0.1758093535900116,-0.10780952870845795,0.999973714351654,0.501178503036499,0.18185751140117645,-0.10702944546937943,0.9999099969863892,0.630109429359436,0.3369311988353729,-0.07295220345258713,0.9854402542114258,0.4851933419704437,0.3494466245174408,-0.08003551512956619,0.974041223526001,0.6302696466445923,0.4558236002922058,-0.20879413187503815,0.9835018515586853,0.484716534614563,0.477969765663147,-0.20110130310058594,0.9519584774971008,0.6322011947631836,0.49801748991012573,-0.2517264783382416,0.9662481546401978,0.48449060320854187,0.5245422720909119,-0.2397250235080719,0.9187630414962769,0.625160813331604,0.4925230145454407,-0.28514665365219116,0.9688250422477722,0.4905535876750946,0.5213454365730286,-0.2738695442676544,0.9232405424118042,0.622039794921875,0.4790528416633606,-0.22493448853492737,0.9629464149475098,0.4925103187561035,0.508392870426178,-0.21715252101421356,0.9139334559440613,0.5879384279251099,0.4853931665420532,-0.0005153283127583563,0.9997740983963013,0.5278030633926392,0.4873788356781006,0.0004411288828123361,0.9996742606163025,0.5761581063270569,0.6959620118141174,0.04508102685213089,0.9845283627510071,0.5257130861282349,0.6901900172233582,0.04857168719172478,0.9805753827095032,0.5727559328079224,0.8775133490562439,0.2678864300251007,0.9796085953712463,0.5308915972709656,0.8768624663352966,0.2648850977420807,0.9719969630241394,0.569269597530365,0.8914807438850403,0.28199100494384766,0.8788307905197144,0.5333379507064819,0.8949135541915894,0.27857133746147156,0.8033443689346313,0.5772720575332642,0.9499713778495789,0.15529796481132507,0.9738311171531677,0.5301408171653748,0.9478857517242432,0.14630070328712463,0.9637188911437988
punch_cz_1,6,200,good,0.5609367489814758,0.04205869510769844,-0.3141709566116333,0.9999923706054688,0.5684143304824829,0.019239725545048714,-0.29107052087783813,0.9999755620956421,0.573279619216919,0.02024381421506405,-0.29113778471946716,0.9999735951423645,0.577908456325531,0.02152136340737343,-0.2911030948162079,0.9999712109565735,0.5542156100273132,0.017095690593123436,-0.29264578223228455,0.999971330165863,0.5486542582511902,0.017044799402356148,-0.29265210032463074,0.9999694228172302,0.5435521006584167,0.017680708318948746,-0.2926681637763977,0.9999675154685974,0.5849580764770508,0.03378686681389809,-0.16471366584300995,0.9999370574951172,0.5357208847999573,0.030566759407520294,-0.17408140003681183,0.9999399781227112,0.5674932599067688,0.06929314136505127,-0.2684732973575592,0.9999899864196777,0.5510522127151489,0.06870852410793304,-0.2709180414676666,0.9999901056289673,0.6150076389312744,0.17581303417682648,-0.10610876977443695,0.999973475933075,0.5029786825180054,0.18206903338432312,-0.0960179939866066,0.9999106526374817,0.6340020298957825,0.3281003534793854,-0.09129682183265686,0.9859578013420105,0.48594680428504944,0.34945032000541687,-0.06693761050701141,0.9748653173446655,0.6319433450698853,0.43283170461654663,-0.2679882049560547,0.9842230081558228,0.48471924662590027,0.4776516854763031,-0.1941329538822174,0.9541739821434021,0.632385790348053,0.47446316480636597,-0.31677764654159546,0.9676475524902344,0.48426592350006104,0.523464560508728,-0.23401902616024017,0.9221970438957214,0.6251294612884521,0.4662623703479767,-0.34797441959381104,0.9700688123703003,0.49036937952041626,0.5203127264976501,-0.26836636662483215,0.926476240158081,0.622155487537384,0.4530574381351471,-0.28375110030174255,0.9643220901489258,0.49227672815322876,0.5075651407241821,-0.21027404069900513,0.9174391031265259,0.5878956317901611,0.4865766167640686,-0.001055398490279913,0.9997747540473938,0.5281289219856262,0.4882185757160187,0.0009808838367462158,0.9996776580810547,0.5768429636955261,0.6945820450782776,0.038667045533657074,0.9846001863479614,0.5260012149810791,0.6908789277076721,0.04987282678484917,0.9809178113937378,0.5728147625923157,0.875205397605896,0.2743779420852661,0.9795800447463989,0.5311198830604553,0.8768463134765625,0.27834251523017883,0.9724636673927307,0.5692789554595947,0.8893914818763733,0.29022568464279175,0.8805150985717773,0.5339606404304504,0.8947892189025879,0.29356512427330017,0.8064870238304138,0.5780670642852783,0.9498915076255798,0.16151942312717438,0.9737936854362488,0.530954122543335,0.9480480551719666,0.15887504816055298,0.964034378528595
punch_cz_1,7,233,good,0.5625134706497192,0.042213473469018936,-0.27975621819496155,0.9999922513961792,0.5699160695075989,0.019406205043196678,-0.256367951631546,0.999975323677063,0.5745925903320312,0.02045593410730362,-0.25644126534461975,0.9999732971191406,0.5791996717453003,0.021745676174759865,-0.2564091086387634,0.9999707341194153,0.5556290745735168,0.017247019335627556,-0.2573160231113434,0.9999715089797974,0.5501580834388733,0.01722468063235283,-0.25731346011161804,0.9999697208404541,0.5451479554176331,0.01791263557970524,-0.2573228180408478,0.9999679327011108,0.5861713290214539,0.03406771272420883,-0.13302655518054962,0.9999355673789978,0.5374857783317566,0.031012892723083496,-0.13840223848819733,0.9999407529830933,0.5692892670631409,0.0696227177977562,-0.23571495711803436,0.9999897480010986,0.5528364181518555,0.06906101107597351,-0.23698733747005463,0.9999900460243225,0.6164730191230774,0.17596249282360077,-0.08635509759187698,0.9999720454216003,0.5044316649436951,0.1822081357240677,-0.06730536371469498,0.9999120235443115,0.6370017528533936,0.3198186755180359,-0.1098225861787796,0.9853456616401672,0.4872882664203644,0.34932243824005127,-0.04402541741728783,0.9755840301513672,0.6318626999855042,0.40027275681495667,-0.32608097791671753,0.9840869903564453,0.4847225546836853,0.47226482629776,-0.17391423881053925,0.9562230110168457,0.6322911381721497,0.4345683753490448,-0.38072559237480164,0.9678606986999512,0.48402082920074463,0.5196564793586731,-0.21484898030757904,0.9254459738731384,0.6249968409538269,0.42453140020370483,-0.40987327694892883,0.9701976776123047,0.48960885405540466,0.5162830352783203,-0.2467641979455948,0.9295093417167664,0.6220886707305908,0.4121018946170807,-0.34236377477645874,0.9642723202705383,0.4915626645088196,0.5028653144836426,-0.18920432031154633,0.9206316471099854,0.5885607600212097,0.48784467577934265,-0.0016565254190936685,0.9997710585594177,0.529977560043335,0.4886206090450287,0.0015780996764078736,0.9996790885925293,0.5777674317359924,0.694110095500946,0.03291294723749161,0.9849446415901184,0.5271827578544617,0.6909540295600891,0.05070986971259117,0.9817021489143372,0.573042094707489,0.8712030649185181,0.28106817603111267,0.979541003704071,0.5315771698951721,0.876334547996521,0.28491631150245667,0.9732896089553833,0.5694100856781006,0.885070264339447,0.2966909408569336,0.8818042278289795,0.5343649387359619,0.8937448859214783,0.3007548451423645,0.8100787997245789,0.578103244304657,0.9495660662651062,0.16885559260845184,0.9736649394035339,0.531288206577301,0.9483202695846558,0.16353927552700043,0.9647775888442993
punch_cz_1,8,266,good,0.5638366341590881,0.04261489585042,-0.26201266050338745,0.9999919533729553,0.5712952017784119,0.019825734198093414,-0.23908384144306183,0.9999745488166809,0.5758666396141052,0.020961757749319077,-0.2391650676727295,0.9999724626541138,0.5805073380470276,0.022309841588139534,-0.239148810505867,0.9999696612358093,0.5568817853927612,0.01765977405011654,-0.2396039068698883,0.9999707341194153,0.5515316128730774,0.017694849520921707,-0.23958812654018402,0.9999688863754272,0.5465614795684814,0.018492886796593666,-0.23958820104599,0.9999671578407288,0.5876764059066772,0.03467700630426407,-0.11373205482959747,0.9999326467514038,0.5392076373100281,0.031883955001831055,-0.11623133718967438,0.9999396800994873,0.5707811117172241,0.07029321789741516,-0.2169036567211151,0.9999893307685852,0.554250955581665,0.0696389451622963,-0.21739144623279572,0.9999897480010986,0.6180183291435242,0.17621122300624847,-0.0659877210855484,0.999970555305481,0.507299542427063,0.1827213615179062,-0.043426513671875,0.9999133944511414,0.6387680768966675,0.31428882479667664,-0.13562491536140442,0.9837968945503235,0.488667368888855,0.34820351004600525,-0.026901990175247192,0.9762544631958008,0.6318932175636292,0.36106163263320923,-0.4011349380016327,0.9839056134223938,0.4843657314777374,0.4646618068218231,-0.15563495457172394,0.9581284523010254,0.6323432326316833,0.3846665322780609,-0.46081387996673584,0.9682721495628357,0.48235884308815,0.5126442909240723,-0.19431982934474945,0.9283607006072998,0.6250939965248108,0.36997878551483154,-0.48435717821121216,0.9705666899681091,0.4879472851753235,0.5091797709465027,-0.22603124380111694,0.9322229623794556,0.6223909854888916,0.3625945448875427,-0.416450560092926,0.964339554309845,0.4904405474662781,0.49411773681640625,-0.17062561213970184,0.9234151840209961,0.5893779397010803,0.49036267399787903,-0.0018818870885297656,0.9997672438621521,0.5312133431434631,0.489391028881073,0.0018018166301771998,0.9996718168258667,0.5789379477500916,0.6946739554405212,0.012523856945335865,0.9850068688392639,0.527879536151886,0.6941959857940674,0.041837528347969055,0.9823063611984253,0.5731901526451111,0.8715014457702637,0.27553945779800415,0.9790442585945129,0.5318809151649475,0.8763400912284851,0.2819259464740753,0.9738012552261353,0.5694036483764648,0.8853669762611389,0.29388001561164856,0.8799746632575989,0.5346786379814148,0.8937033414840698,0.2984069883823395,0.8107860684394836,0.5785677433013916,0.9505723714828491,0.16560354828834534,0.9730077385902405,0.5316974520683289,0.9483226537704468,0.16462931036949158,0.9652658104896545
punch_cz_1,9,300,good,0.5643755197525024,0.04330629110336304,-0.25496628880500793,0.9999921917915344,0.5719817876815796,0.02052532136440277,-0.233652725815773,0.9999750852584839,0.5764896273612976,0.021680355072021484,-0.23372283577919006,0.9999731779098511,0.5809659957885742,0.02310391515493393,-0.2337034046649933,0.9999703764915466,0.5576297640800476,0.018192628398537636,-0.23421131074428558,0.9999712109565735,0.5524539351463318,0.01814923994243145,-0.23417995870113373,0.9999692440032959,0.5475731492042542,0.01900208741426468,-0.23417440056800842,0.9999673366546631,0.5887082815170288,0.03544091433286667,-0.10858973115682602,0.9999342560768127,0.5412416458129883,0.03241562843322754,-0.11207129061222076,0.9999412298202515,0.571905791759491,0.07098766416311264,-0.20926615595817566,0.9999896287918091,0.5552880764007568,0.07027506828308105,-0.21009168028831482,0.9999899864196777,0.6197201013565063,0.1759330928325653,-0.0519774928689003,0.9999716281890869,0.5099373459815979,0.18272903561592102,-0.0335773304104805,0.999918520450592,0.6398690342903137,0.31622976064682007,-0.1412099152803421,0.9840710163116455,0.49108782410621643,0.3450283110141754,-0.009968768805265427,0.9770225286483765,0.6321609616279602,0.3118155300617218,-0.41488760709762573,0.9848829507827759,0.48436203598976135,0.4568118751049042,-0.12258876860141754,0.9600843191146851,0.6317633986473083,0.32314762473106384,-0.4727329611778259,0.9701685905456543,0.48056259751319885,0.5014045834541321,-0.1532231867313385,0.9311739802360535,0.6249917149543762,0.30367550253868103,-0.4876846671104431,0.972309947013855,0.4856191873550415,0.4989878237247467,-0.18623033165931702,0.9348008632659912,0.6224436163902283,0.30005109310150146,-0.4266658425331116,0.9661499857902527,0.4889293611049652,0.48457133769989014,-0.13748200237751007,0.9260922074317932,0.5906983017921448,0.48810288310050964,-0.0010865256190299988,0.9997628927230835,0.5326600670814514,0.4856704771518707,0.0010125756962224841,0.9996684789657593,0.5807728171348572,0.6905175447463989,0.017807306721806526,0.9851340651512146,0.5287652611732483,0.692550003528595,0.035304244607686996,0.983143150806427,0.5734937787055969,0.8709057569503784,0.25854483246803284,0.9789846539497375,0.5320913791656494,0.8766376376152039,0.2562294006347656,0.9747825264930725,0.5694007873535156,0.8855379223823547,0.2752360701560974,0.8816356658935547,0.534702718257904,0.8938931822776794,0.27042654156684875,0.8142051696777344,0.5789175033569336,0.9504765272140503,0.15053057670593262,0.9731187224388123,0.5321187376976013,0.948914110660553,0.14008250832557678,0.9663518667221069
punch_cz_1,10,333,good,0.5663560628890991,0.045039720833301544,-0.23771275579929352,0.9999926090240479,0.5739611983299255,0.022250978276133537,-0.2155791074037552,0.9999764561653137,0.578334629535675,0.023188164457678795,-0.21564751863479614,0.99997478723526,0.5829962491989136,0.02432941645383835,-0.2156517505645752,0.9999721050262451,0.559526801109314,0.019938765093684196,-0.21609315276145935,0.999972403049469,0.5544002652168274,0.019804898649454117,-0.2160591334104538,0.9999702572822571,0.5496113896369934,0.020267728716135025,-0.21604599058628082,0.9999681711196899,0.5907982587814331,0.03596578538417816,-0.08414348214864731,0.9999384880065918,0.5434028506278992,0.03329506516456604,-0.08834574371576309,0.9999445676803589,0.5737850666046143,0.07242316752672195,-0.18916331231594086,0.9999903440475464,0.5575648546218872,0.07184581458568573,-0.19035600125789642,0.9999905824661255,0.6207348704338074,0.17644493281841278,-0.025139251723885536,0.9999735951423645,0.5124847888946533,0.18261639773845673,0.0031712239142507315,0.9999236464500427,0.6403599977493286,0.3173520267009735,-0.1357339322566986,0.9849159717559814,0.49313268065452576,0.3396517038345337,0.04592312499880791,0.9762886166572571,0.6299472451210022,0.27952057123184204,-0.4069365859031677,0.9860376715660095,0.4840337038040161,0.4456351697444916,-0.05174480378627777,0.9604114890098572,0.6287181377410889,0.261172890663147,-0.46505627036094666,0.9722990393638611,0.4788213074207306,0.48541128635406494,-0.0770251601934433,0.9312515258789062,0.624958336353302,0.24306312203407288,-0.47086432576179504,0.9742521643638611,0.483082115650177,0.48277586698532104,-0.11373869329690933,0.9347954988479614,0.6225332617759705,0.24851693212985992,-0.41520071029663086,0.9682407975196838,0.48677030205726624,0.4699714779853821,-0.06789353489875793,0.9259541630744934,0.5915566682815552,0.4867822229862213,-0.001107606920413673,0.9997739791870117,0.5333764553070068,0.48260706663131714,0.0010350900702178478,0.999677300453186,0.5811670422554016,0.6911933422088623,0.0024186023510992527,0.9851440191268921,0.5289667248725891,0.6948240399360657,0.02616230584681034,0.9834482073783875,0.5730577707290649,0.8719968795776367,0.25611576437950134,0.9789515137672424,0.532013475894928,0.8769132494926453,0.265327125787735,0.9751789569854736,0.5683116912841797,0.8870291113853455,0.2742330729961395,0.8813366889953613,0.5346202850341797,0.8940672278404236,0.2809438407421112,0.8140561580657959,0.5782219767570496,0.9511683583259583,0.141043558716774,0.9730420708656311,0.5321324467658997,0.9489163756370544,0.1450970470905304,0.9670028686523438
punch_cz_1,11,367,good,0.5678479671478271,0.04503830894827843,-0.2269560992717743,0.999992847442627,0.5756509304046631,0.02222469449043274,-0.20470023155212402,0.9999773502349854,0.579964280128479,0.023155877366662025,-0.20476923882961273,0.9999757409095764,0.5846395492553711,0.02430213987827301,-0.204786479473114,0.9999731183052063,0.5611729025840759,0.019933663308620453,-0.20432566106319427,0.9999731183052063,0.5561100840568542,0.019801657646894455,-0.20429322123527527,0.9999707937240601,0.5512905716896057,0.02027715928852558,-0.2042817324399948,0.9999685883522034,0.5928632616996765,0.03596704453229904,-0.07591293752193451,0.9999414086341858,0.5454078316688538,0.033295828849077225,-0.07621309161186218,0.9999473094940186,0.5754932165145874,0.072426937520504,-0.1795988231897354,0.9999907612800598,0.5591649413108826,0.07184173166751862,-0.17974762618541718,0.9999908804893494,0.6221992373466492,0.1758705973625183,-0.02670648694038391,0.9999743700027466,0.5153533816337585,0.18225149810314178,0.013142365962266922,0.9999270439147949,0.6465133428573608,0.31804412603378296,-0.16147677600383759,0.9856434464454651,0.49644240736961365,0.3331983983516693,0.041498880833387375,0.9732553958892822,0.6278970837593079,0.2334935963153839,-0.42653894424438477,0.9869384765625,0.48303666710853577,0.42794355750083923,-0.06903611868619919,0.958990752696991,0.6251227259635925,0.21085262298583984,-0.48269036412239075,0.9738293886184692,0.47621577978134155,0.4652804732322693,-0.09520146995782852,0.929048478603363,0.6227524280548096,0.1962697058916092,-0.47906631231307983,0.9755622148513794,0.4807940721511841,0.46211227774620056,-0.13045914471149445,0.9326120018959045,0.6213297247886658,0.20127734541893005,-0.43118563294410706,0.969523549079895,0.4851519465446472,0.45054420828819275,-0.08548426628112793,0.9236205816268921,0.5926929116249084,0.48351773619651794,-0.004918953869491816,0.9997838139533997,0.5352964997291565,0.47859281301498413,0.00482470728456974,0.9996858835220337,0.5812907814979553,0.691303014755249,-0.002912642667070031,0.9851095080375671,0.5306804776191711,0.6945725083351135,0.030933154746890068,0.9834000468254089,0.5726659893989563,0.8721266388893127,0.259051650762558,0.9784290790557861,0.5320164561271667,0.8728811740875244,0.2701188027858734,0.9752374887466431,0.5682451725006104,0.8870920538902283,0.27812087535858154,0.8774983286857605,0.5346355438232422,0.8897253274917603,0.2878468632698059,0.8135601282119751,0.5762373805046082,0.9505969882011414,0.14585961401462555,0.9723422527313232,0.5307497382164001,0.9444814920425415,0.15579403936862946,0.9671974182128906
punch_cz_1,12,400,good,0.5688381791114807,0.04691329598426819,-0.2085879147052765,0.9999927878379822,0.5765485763549805,0.023970691487193108,-0.18725000321865082,0.9999774098396301,0.5808239579200745,0.024787358939647675,-0.18731380999088287,0.999975860118866,0.5852975249290466,0.02565101720392704,-0.18733000755310059,0.999973475933075,0.5621076226234436,0.022133352234959602,-0.18521660566329956,0.9999724626541138,0.5571226477622986,0.021959694102406502,-0.18516846001148224,0.9999694228172302,0.5524534583091736,0.022014709189534187,-0.18516485393047333,0.9999667406082153,0.5940340161323547,0.037071194499731064,-0.06657245755195618,0.9999425411224365,0.5471921563148499,0.034571513533592224,-0.0604148730635643,0.9999465942382812,0.5764925479888916,0.07327805459499359,-0.1645217388868332,0.9999904036521912,0.5603244304656982,0.07304220646619797,-0.16271761059761047,0.9999902844429016,0.6233841180801392,0.17418329417705536,-0.027497731149196625,0.9999746084213257,0.5178539156913757,0.18143633008003235,0.03409922122955322,0.9999266266822815,0.6485713124275208,0.31273913383483887,-0.16300073266029358,0.9866893887519836,0.49835267663002014,0.32460325956344604,0.08568846434354782,0.9677004218101501,0.624611496925354,0.1924058198928833,-0.4062555134296417,0.9880882501602173,0.4829826354980469,0.40035438537597656,-0.010185757651925087,0.9580299854278564,0.6212671399116516,0.1569431722164154,-0.46008482575416565,0.9759997725486755,0.47478190064430237,0.42847904562950134,-0.032125212252140045,0.9278680086135864,0.6218059659004211,0.1416672319173813,-0.45735278725624084,0.9775391221046448,0.4786248207092285,0.42311352491378784,-0.06962606310844421,0.9314494132995605,0.6206239461898804,0.15453152358531952,-0.41061097383499146,0.9718170762062073,0.4835309088230133,0.41492390632629395,-0.027688132598996162,0.9224969148635864,0.5946661233901978,0.4770016074180603,-0.009699446149170399,0.9997894167900085,0.5385892391204834,0.4719993472099304,0.009629983454942703,0.9996926784515381,0.5824537873268127,0.6869702935218811,0.003146622097119689,0.9848074316978455,0.534668505191803,0.6866499185562134,0.033365972340106964,0.9831602573394775,0.570713222026825,0.8661661744117737,0.2325964868068695,0.9779021143913269,0.5319929718971252,0.862913191318512,0.2554946839809418,0.9755263924598694,0.5645390748977661,0.8811601996421814,0.24826408922672272,0.8750074505805969,0.5346451997756958,0.8831669688224792,0.2691752016544342,0.8159674406051636,0.5741413235664368,0.9475436806678772,0.12225892394781113,0.9717926979064941,0.5268464088439941,0.9328847527503967,0.14246158301830292,0.967608630657196
punch_cz_1,13,433,good,0.5699335932731628,0.04702239856123924,-0.2233627587556839,0.999992847442627,0.5777269005775452,0.024762587621808052,-0.20099924504756927,0.9999779462814331,0.58198481798172,0.02573508955538273,-0.20106948912143707,0.999976396560669,0.5858947038650513,0.02658211998641491,-0.2010991871356964,0.999974250793457,0.5631330013275146,0.022705331444740295,-0.19839097559452057,0.9999727606773376,0.5581895112991333,0.022459935396909714,-0.1983427107334137,0.9999693036079407,0.553527295589447,0.02234550751745701,-0.19833864271640778,0.9999663233757019,0.5946478247642517,0.038556057959795,-0.07793308049440384,0.9999444484710693,0.5491903424263,0.03537470102310181,-0.06966231763362885,0.9999474287033081,0.5774539113044739,0.07346310466527939,-0.1789560765028,0.9999904036521912,0.5610763430595398,0.0730966106057167,-0.17673230171203613,0.9999901056289673,0.6247236132621765,0.17417295277118683,-0.04085201397538185,0.9999738335609436,0.5190204977989197,0.1814228743314743,0.027018578723073006,0.9999220967292786,0.6497259736061096,0.30627381801605225,-0.1916186809539795,0.9876066446304321,0.5003760457038879,0.31792816519737244,0.054022084921598434,0.9520288109779358,0.621366560459137,0.15875199437141418,-0.4269293248653412,0.9890746474266052,0.48316895961761475,0.3684532940387726,-0.07435286045074463,0.9537835717201233,0.6185521483421326,0.11739522963762283,-0.479929655790329,0.9778216481208801,0.474573016166687,0.3951888084411621,-0.10292414575815201,0.923833966255188,0.6199173331260681,0.10892760753631592,-0.47264009714126587,0.9791756272315979,0.4786449074745178,0.38906949758529663,-0.13850747048854828,0.9275718927383423,0.6182868480682373,0.12014387547969818,-0.42946168780326843,0.973642110824585,0.48375749588012695,0.38080981373786926,-0.09108642488718033,0.9182197451591492,0.5951420664787292,0.47613006830215454,-0.01122930459678173,0.9998003840446472,0.5388663411140442,0.46967169642448425,0.01112428493797779,0.999701976776123,0.5853959918022156,0.6823663711547852,-0.00506930286064744,0.9850200414657593,0.5352020859718323,0.6818990111351013,0.03490866720676422,0.9830479025840759,0.5707627534866333,0.8640944957733154,0.22921977937221527,0.9779566526412964,0.5300209522247314,0.8503451943397522,0.26602882146835327,0.9757968783378601,0.5641314387321472,0.8786653280258179,0.2454073429107666,0.8728864192962646,0.5331848859786987,0.8705915212631226,0.28152719140052795,0.8173486590385437,0.574116051197052,0.9460864663124084,0.11506199091672897,0.9719590544700623,0.5177231431007385,0.9218087792396545,0.1600627601146698,0.9682823419570923
punch_cz_1,14,467,good,0.571000874042511,0.047023601830005646,-0.24142859876155853,0.9999925494194031,0.5790544748306274,0.024988994002342224,-0.21920707821846008,0.9999778866767883,0.5833645462989807,0.026024198159575462,-0.21927520632743835,0.9999762177467346,0.5871362686157227,0.026857204735279083,-0.21928852796554565,0.9999741911888123,0.5641368627548218,0.022773580625653267,-0.2177344113588333,0.999972403049469,0.5591616034507751,0.022475795820355415,-0.21769969165325165,0.9999682307243347,0.5544445514678955,0.022337542846798897,-0.21770039200782776,0.9999645352363586,0.5960516333580017,0.03929886221885681,-0.09224463254213333,0.9999449849128723,0.5503294467926025,0.035488635301589966,-0.08920948207378387,0.9999473094940186,0.5785520672798157,0.07349282503128052,-0.19592981040477753,0.9999896883964539,0.5616626143455505,0.07310965657234192,-0.19474954903125763,0.9999891519546509,0.6254686117172241,0.17227938771247864,-0.059317801147699356,0.9999679923057556,0.5200303792953491,0.18141427636146545,0.01411466859281063,0.999910831451416,0.6498047113418579,0.30031901597976685,-0.22896739840507507,0.9882918000221252,0.5049417614936829,0.31637147068977356,0.05584434047341347,0.9306545257568359,0.6206159591674805,0.14025455713272095,-0.465995728969574,0.9898935556411743,0.4830864369869232,0.3401629626750946,-0.06865783035755157,0.9491166472434998,0.6169437170028687,0.09795179218053818,-0.5182040333747864,0.9793345332145691,0.47360196709632874,0.36365073919296265,-0.08926426619291306,0.9199608564376831,0.6189982891082764,0.08975689858198166,-0.5093462467193604,0.9805096983909607,0.4759471118450165,0.3551594316959381,-0.12503662705421448,0.9239567518234253,0.6176601052284241,0.09947190433740616,-0.46811532974243164,0.9750674366950989,0.48154008388519287,0.34825822710990906,-0.08619452267885208,0.9144366383552551,0.5964279770851135,0.4756985604763031,-0.01691376231610775,0.9998051524162292,0.5404706597328186,0.4686664640903473,0.01685359515249729,0.9997026324272156,0.5868631601333618,0.6773238182067871,-0.007932627573609352,0.9852710962295532,0.5350082516670227,0.6714850068092346,0.07108346372842789,0.9828510880470276,0.5707984566688538,0.8631380200386047,0.20607970654964447,0.978043258190155,0.5293074250221252,0.837960422039032,0.3187513053417206,0.9762701392173767,0.5636860132217407,0.8776941895484924,0.2198188453912735,0.874315619468689,0.5331180691719055,0.8594093322753906,0.33535727858543396,0.8238597512245178,0.5741646885871887,0.9448257088661194,0.09065159410238266,0.972158670425415,0.5074298977851868,0.9083482027053833,0.2125633805990219,0.9690433740615845
punch_cz_1,15,500,good,0.5721932053565979,0.047072090208530426,-0.2583658993244171,0.9999918937683105,0.5805463194847107,0.02513590268790722,-0.2368333637714386,0.9999769926071167,0.5848737955093384,0.02613399364054203,-0.23693281412124634,0.9999750256538391,0.588898777961731,0.026936110109090805,-0.23698125779628754,0.9999729990959167,0.5649918913841248,0.02281551994383335,-0.23169799149036407,0.9999715685844421,0.5597913861274719,0.0224718376994133,-0.2316581904888153,0.9999666213989258,0.5549787878990173,0.02233164943754673,-0.23170267045497894,0.9999626278877258,0.5973919630050659,0.039365027099847794,-0.11128399521112442,0.9999417066574097,0.5507990121841431,0.035483475774526596,-0.09381426125764847,0.999946117401123,0.5799662470817566,0.07359351962804794,-0.21328753232955933,0.9999880194664001,0.5624558329582214,0.07314369082450867,-0.207681342959404,0.9999874234199524,0.6254280805587769,0.16821064054965973,-0.07860710471868515,0.9999400973320007,0.5200048685073853,0.18144898116588593,-0.000637277087662369,0.9998847842216492,0.6488861441612244,0.29004335403442383,-0.25475963950157166,0.9874776601791382,0.5080026984214783,0.3186786472797394,0.004275822080671787,0.9106712341308594,0.6190523505210876,0.13010220229625702,-0.5039628744125366,0.9897820353507996,0.4830823838710785,0.3261319100856781,-0.18583227694034576,0.9442823529243469,0.6147201061248779,0.08792503923177719,-0.5558258891105652,0.9791748523712158,0.4734850525856018,0.33375826478004456,-0.2148871123790741,0.91616290807724,0.6174986362457275,0.07709907740354538,-0.5476222634315491,0.9801025390625,0.4748809039592743,0.3184475302696228,-0.24455837905406952,0.9202752113342285,0.6166080236434937,0.09013830870389938,-0.5069029927253723,0.9739993214607239,0.48013556003570557,0.3140702247619629,-0.20277167856693268,0.9098908305168152,0.5994231104850769,0.47573593258857727,-0.016422800719738007,0.9998105764389038,0.5422936081886292,0.4690396785736084,0.016352130100131035,0.9997040629386902,0.5884848237037659,0.6755558848381042,-0.021620506420731544,0.9858927726745605,0.5348731875419617,0.6719421148300171,0.07082164287567139,0.9833841919898987,0.5701465606689453,0.8611201643943787,0.18968765437602997,0.9785110950469971,0.5289246439933777,0.8237245678901672,0.38643038272857666,0.9758384227752686,0.5613602995872498,0.874755322933197,0.20336659252643585,0.876308023929596,0.5319254994392395,0.8397924304008484,0.4113844931125641,0.8246799111366272,0.5737417936325073,0.9437116980552673,0.06978888064622879,0.9729164242744446,0.505926787853241,0.8963478803634644,0.30092987418174744,0.9689157605171204
punch_cz_1,16,533,good,0.5739389061927795,0.047090258449316025,-0.2733871340751648,0.9999908208847046,0.5815041661262512,0.025262463837862015,-0.25343212485313416,0.9999753832817078,0.5859019756317139,0.026165686547756195,-0.25352999567985535,0.9999733567237854,0.5902794599533081,0.026947304606437683,-0.2535802721977234,0.9999711513519287,0.5668031573295593,0.023210136219859123,-0.2483949363231659,0.9999691843986511,0.5612402558326721,0.02284817397594452,-0.24837127327919006,0.9999631643295288,0.556315004825592,0.02267684042453766,-0.24841538071632385,0.9999583959579468,0.5981665253639221,0.03922354802489281,-0.12950904667377472,0.9999387860298157,0.5508230924606323,0.035556361079216,-0.10748611390590668,0.9999421834945679,0.5814588665962219,0.073600172996521,-0.22779257595539093,0.9999861121177673,0.5642434358596802,0.07314718514680862,-0.2219414860010147,0.9999848008155823,0.6262724995613098,0.16563008725643158,-0.09020285308361053,0.999924898147583,0.5208995342254639,0.18054167926311493,-0.006249129306524992,0.9998539686203003,0.6483014822006226,0.2854611575603485,-0.25618600845336914,0.9872560501098633,0.5083601474761963,0.31750136613845825,-0.005402247421443462,0.8971152901649475,0.6177750825881958,0.12901267409324646,-0.5004966259002686,0.9898861050605774,0.48224714398384094,0.3042426109313965,-0.1914420872926712,0.9424843788146973,0.6130552291870117,0.08732452988624573,-0.5506807565689087,0.9793593883514404,0.4726616144180298,0.30489975214004517,-0.22010688483715057,0.9148538112640381,0.6155245304107666,0.07571744918823242,-0.5421079397201538,0.9800511598587036,0.47361767292022705,0.2866514027118683,-0.24761486053466797,0.9188039898872375,0.6149818897247314,0.08820699900388718,-0.5029313564300537,0.9735118746757507,0.478109747171402,0.2847535312175751,-0.20747341215610504,0.9078301787376404,0.59935063123703,0.47641521692276,-0.022322839125990868,0.9998148679733276,0.5423734784126282,0.46960970759391785,0.022275852039456367,0.9996963739395142,0.5899152159690857,0.6734922528266907,-0.026197874918580055,0.9863475561141968,0.5334311127662659,0.6695080995559692,0.10637810081243515,0.9833106398582458,0.5706998109817505,0.8597341179847717,0.18077509105205536,0.9787222146987915,0.5289581418037415,0.812283992767334,0.42313259840011597,0.9748947620391846,0.5623685717582703,0.8738499283790588,0.19358564913272858,0.8743376135826111,0.532110333442688,0.8310697078704834,0.4480983316898346,0.8264366388320923,0.5737389922142029,0.9418672323226929,0.05560194328427315,0.9732317924499512,0.5057308077812195,0.8842282295227051,0.3371506929397583,0.9686844348907471
punch_cz_1,17,567,good,0.5751979351043701,0.048014115542173386,-0.2694684565067291,0.9999895095825195,0.5827337503433228,0.02658970281481743,-0.2507329285144806,0.9999736547470093,0.5868847966194153,0.027248302474617958,-0.25082525610923767,0.9999713897705078,0.5914059281349182,0.027902791276574135,-0.25088074803352356,0.9999691247940063,0.5681325793266296,0.02475300244987011,-0.24527260661125183,0.9999671578407288,0.5622881054878235,0.024322297424077988,-0.24526873230934143,0.9999603629112244,0.5573157668113708,0.023960527032613754,-0.2453155368566513,0.9999553561210632,0.5989087224006653,0.03948412463068962,-0.12880901992321014,0.9999338388442993,0.551310658454895,0.03655349463224411,-0.10766646265983582,0.9999395608901978,0.5825892090797424,0.07432359457015991,-0.22453702986240387,0.9999840259552002,0.565348744392395,0.07385437935590744,-0.21854469180107117,0.999982476234436,0.6261632442474365,0.1614159792661667,-0.08770043402910233,0.9999038577079773,0.5223574042320251,0.1802981048822403,-0.006008415948599577,0.9998307228088379,0.6478777527809143,0.280377596616745,-0.22808828949928284,0.9862919449806213,0.508590042591095,0.31753113865852356,-0.007084484677761793,0.8931924700737,0.6183201670646667,0.12575645744800568,-0.46081408858299255,0.9897659420967102,0.4822517931461334,0.2864307761192322,-0.1806340217590332,0.9432069063186646,0.613678514957428,0.08593682944774628,-0.5093388557434082,0.979165256023407,0.4728401005268097,0.2775847315788269,-0.20878033339977264,0.9159865975379944,0.6156719923019409,0.07405999302864075,-0.5081798434257507,0.9796026349067688,0.4737454652786255,0.2621244192123413,-0.2320595234632492,0.9195583462715149,0.6150799989700317,0.08667144179344177,-0.46494027972221375,0.9725655913352966,0.47797757387161255,0.263319194316864,-0.19421592354774475,0.908087432384491,0.6012324094772339,0.4762970507144928,-0.019198209047317505,0.9998195171356201,0.5441681146621704,0.46970057487487793,0.01916402205824852,0.9996956586837769,0.5911790728569031,0.6728084087371826,-0.02517535723745823,0.9868836998939514,0.5330615043640137,0.6679688692092896,0.09435103833675385,0.9837629199028015,0.5708458423614502,0.8561443090438843,0.18795926868915558,0.9788410067558289,0.5288904905319214,0.8026330471038818,0.40408647060394287,0.9727508425712585,0.5625666975975037,0.8698223829269409,0.2021191418170929,0.8751305341720581,0.5317161679267883,0.8146927952766418,0.43151575326919556,0.8204167485237122,0.5738964080810547,0.9414202570915222,0.06822502613067627,0.9733153581619263,0.5077475905418396,0.8749024271965027,0.3268403112888336,0.9669041037559509
punch_cz_1,18,600,good,0.5769637823104858,0.048059165477752686,-0.26805731654167175,0.9999822378158569,0.5839937925338745,0.026687558740377426,-0.24905036389827728,0.9999608397483826,0.5885770320892334,0.027343610301613808,-0.24913989007472992,0.9999573230743408,0.5931092500686646,0.028029989451169968,-0.24917791783809662,0.9999539256095886,0.5697640180587769,0.024760019034147263,-0.2434392273426056,0.9999522566795349,0.5639174580574036,0.024303913116455078,-0.2434426248073578,0.9999412894248962,0.5587614178657532,0.02394716814160347,-0.24350303411483765,0.9999346137046814,0.6001184582710266,0.03947712481021881,-0.12818576395511627,0.9998942613601685,0.5518988966941833,0.03650011122226715,-0.1072990670800209,0.9999108910560608,0.583712637424469,0.07449410855770111,-0.22385579347610474,0.9999726414680481,0.5666151642799377,0.07388003170490265,-0.21767625212669373,0.9999697804450989,0.6266440153121948,0.1601983606815338,-0.08457927405834198,0.9998526573181152,0.5245213508605957,0.18029814958572388,-0.007287055253982544,0.9997647404670715,0.647662878036499,0.2724151313304901,-0.2687986493110657,0.9849696755409241,0.5092042684555054,0.31836846470832825,-0.042003288865089417,0.8904874920845032,0.6178528070449829,0.11858866363763809,-0.5463136434555054,0.9894390106201172,0.48224207758903503,0.2704828083515167,-0.23796701431274414,0.9435087442398071,0.612789511680603,0.08255334943532944,-0.596920907497406,0.9787859916687012,0.47296902537345886,0.25199753046035767,-0.26980698108673096,0.9165977835655212,0.6144393086433411,0.07165837287902832,-0.5883538126945496,0.9789784550666809,0.47395122051239014,0.23660847544670105,-0.2858373820781708,0.919830322265625,0.6141413450241089,0.08376095443964005,-0.5492554903030396,0.9713094830513,0.4779461622238159,0.2403799593448639,-0.2494627982378006,0.9075970649719238,0.6011316180229187,0.4763801395893097,-0.01720971055328846,0.9998182654380798,0.5438821315765381,0.46929213404655457,0.0171548780053854,0.9996686577796936,0.5921215415000916,0.6688383221626282,-0.046546570956707,0.9865555167198181,0.5321030020713806,0.6638744473457336,0.08425489068031311,0.9827162027359009,0.57160884141922,0.8534993529319763,0.1361558884382248,0.9777897596359253,0.5288466215133667,0.7955209612846375,0.40913286805152893,0.9659587144851685,0.5647275447845459,0.8671846389770508,0.14705471694469452,0.8673209547996521,0.5308743119239807,0.806347668170929,0.4362829625606537,0.8032105565071106,0.5745273232460022,0.9401642084121704,0.004684669431298971,0.9718719720840454,0.5088997483253479,0.8690864443778992,0.3259633779525757,0.9610005617141724
punch_cz_1,19,633,good,0.578637421131134,0.0484493151307106,-0.2673511505126953,0.9999785423278809,0.5855557918548584,0.02716340497136116,-0.24773479998111725,0.9999560117721558,0.5899954438209534,0.02775283344089985,-0.24782061576843262,0.9999514222145081,0.5946270823478699,0.028466608375310898,-0.24785330891609192,0.999947726726532,0.5716054439544678,0.025068003684282303,-0.24211280047893524,0.9999474287033081,0.5656431317329407,0.024507813155651093,-0.24211879074573517,0.9999348521232605,0.5604525208473206,0.02407657913863659,-0.24217846989631653,0.9999280571937561,0.6011822819709778,0.03959405794739723,-0.12534205615520477,0.9998782277107239,0.5530185699462891,0.036591239273548126,-0.10440736263990402,0.9998999834060669,0.5850256681442261,0.0750737413764,-0.22293201088905334,0.9999672174453735,0.567894697189331,0.07425016164779663,-0.21666103601455688,0.9999638199806213,0.6270217299461365,0.16051249206066132,-0.08086307346820831,0.9998084902763367,0.5269168615341187,0.1808149814605713,-0.00890498235821724,0.9997171759605408,0.6479278802871704,0.2732447683811188,-0.2567597031593323,0.9836991429328918,0.5086737871170044,0.31897497177124023,-0.08308584243059158,0.8940193057060242,0.618040919303894,0.12334074825048447,-0.5177045464515686,0.9891834259033203,0.4821442663669586,0.25228121876716614,-0.3197401463985443,0.9461331963539124,0.6133512258529663,0.0858873501420021,-0.5653235912322998,0.9783473014831543,0.47322165966033936,0.22926174104213715,-0.3578959107398987,0.9196147322654724,0.6146172285079956,0.07440192252397537,-0.5560972094535828,0.978268027305603,0.4740280210971832,0.21485795080661774,-0.3659569323062897,0.9223065972328186,0.6142101883888245,0.08754108846187592,-0.5194442868232727,0.9699079394340515,0.4782009422779083,0.22024370729923248,-0.32874777913093567,0.9094936847686768,0.601658821105957,0.4765225946903229,-0.012190171517431736,0.9998204112052917,0.5443286895751953,0.4693353474140167,0.012113930657505989,0.9996540546417236,0.5925332307815552,0.6697127223014832,-0.05119180679321289,0.9867040514945984,0.531459391117096,0.664881706237793,0.07902132719755173,0.9821686744689941,0.5716177821159363,0.854245662689209,0.13465873897075653,0.976944088935852,0.5265551805496216,0.7942039966583252,0.4250161945819855,0.9578992128372192,0.5647504925727844,0.8680341243743896,0.14604271948337555,0.8621260523796082,0.5272408723831177,0.8011835813522339,0.4549378454685211,0.782614529132843,0.5745325684547424,0.9401823878288269,0.007121342234313488,0.9706664681434631,0.5099489092826843,0.8663174510002136,0.3521847128868103,0.954289972782135
punch_cz_1,20,667,good,0.5795466303825378,0.049646489322185516,-0.26203012466430664,0.9999734163284302,0.5865851640701294,0.028421536087989807,-0.24242044985294342,0.9999489188194275,0.5908594131469727,0.028885651379823685,-0.2424917072057724,0.9999422430992126,0.5955108404159546,0.02953461743891239,-0.24251239001750946,0.9999377727508545,0.5723792910575867,0.02630375139415264,-0.23712800443172455,0.9999410510063171,0.5662993788719177,0.025616932660341263,-0.23713703453540802,0.9999266266822815,0.5611053109169006,0.02501157484948635,-0.23719865083694458,0.9999206066131592,0.6016933917999268,0.03998642787337303,-0.1212693452835083,0.9998552799224854,0.5537102818489075,0.036916594952344894,-0.10091137886047363,0.9998877644538879,0.5859450697898865,0.07620972394943237,-0.21776916086673737,0.9999596476554871,0.5686633586883545,0.07524564117193222,-0.21181367337703705,0.9999571442604065,0.6273098587989807,0.15962764620780945,-0.07572127133607864,0.9997490644454956,0.5270437598228455,0.18082942068576813,-0.010031173937022686,0.9996808767318726,0.6477286219596863,0.27089762687683105,-0.24360904097557068,0.9820278286933899,0.5060749053955078,0.31918343901634216,-0.11269941180944443,0.899499237537384,0.6182921528816223,0.12205968797206879,-0.48910629749298096,0.9886027574539185,0.48215118050575256,0.23504509031772614,-0.3661675453186035,0.9492743015289307,0.6136844158172607,0.07956190407276154,-0.5409342646598816,0.9772248864173889,0.4752892255783081,0.20996703207492828,-0.4064083397388458,0.9231983423233032,0.6146675944328308,0.07340056449174881,-0.5476230382919312,0.9767858982086182,0.475894957780838,0.19693639874458313,-0.40762123465538025,0.9253003001213074,0.614277184009552,0.08634740114212036,-0.4936237931251526,0.9675469994544983,0.47917065024375916,0.2022216022014618,-0.37259918451309204,0.9120782017707825,0.6020850539207458,0.47658878564834595,-0.009850439615547657,0.9998193979263306,0.5444854497909546,0.46834683418273926,0.00975832436233759,0.9996393322944641,0.5924867391586304,0.6691357493400574,-0.05652701109647751,0.9863065481185913,0.5303404331207275,0.6621103286743164,0.07826902717351913,0.9807714819908142,0.5720335245132446,0.854714572429657,0.12166371941566467,0.9750667214393616,0.5245278477668762,0.7945007681846619,0.4206673204898834,0.9487687945365906,0.5647833347320557,0.8686217069625854,0.1322268843650818,0.8540263772010803,0.5251443386077881,0.8037583231925964,0.44978654384613037,0.7636665105819702,0.5747088193893433,0.9398601651191711,-0.006398556753993034,0.9681869745254517,0.5106406807899475,0.8667001724243164,0.34662091732025146,0.9466428160667419
punch_cz_1,21,700,good,0.5803599953651428,0.049907006323337555,-0.26221099495887756,0.9999638199806213,0.5871328115463257,0.028748314827680588,-0.24245993793010712,0.9999371767044067,0.591520369052887,0.029269110411405563,-0.24253147840499878,0.9999272227287292,0.5961613059043884,0.030022313818335533,-0.24255220592021942,0.9999212622642517,0.5731320977210999,0.026434456929564476,-0.23743653297424316,0.9999300241470337,0.5671247243881226,0.0256846584379673,-0.2374434918165207,0.9999129772186279,0.5619193911552429,0.025047989562153816,-0.2375013679265976,0.9999082088470459,0.6022264957427979,0.04015360772609711,-0.12116646021604538,0.9998204708099365,0.5543252229690552,0.0369139201939106,-0.10156438499689102,0.9998698234558105,0.5865429043769836,0.0765625461935997,-0.21780462563037872,0.9999489784240723,0.5695951581001282,0.0753321573138237,-0.2123081088066101,0.9999483227729797,0.6278566718101501,0.15892983973026276,-0.07583462446928024,0.9996845126152039,0.527005672454834,0.18133245408535004,-0.014402482658624649,0.9996342062950134,0.6481746435165405,0.2693237364292145,-0.25219613313674927,0.9803696870803833,0.49991559982299805,0.3197442889213562,-0.13527336716651917,0.9053595066070557,0.6184195280075073,0.11482379585504532,-0.4890679121017456,0.9879514575004578,0.48191317915916443,0.22786299884319305,-0.3998446762561798,0.952190637588501,0.6139810085296631,0.07773936539888382,-0.5348957180976868,0.9759747385978699,0.47709935903549194,0.2002520114183426,-0.4426182806491852,0.9263783693313599,0.6148025393486023,0.07257600873708725,-0.5305535793304443,0.9751588702201843,0.4780051112174988,0.18838459253311157,-0.43988293409347534,0.927884578704834,0.6143078207969666,0.081020288169384,-0.48973557353019714,0.9650299549102783,0.48022356629371643,0.19373495876789093,-0.40493547916412354,0.9142798185348511,0.6025215983390808,0.4766680598258972,-0.007966182194650173,0.9998167157173157,0.544589638710022,0.4681726098060608,0.007875318638980389,0.9996169805526733,0.5924047827720642,0.6680698990821838,-0.05565745383501053,0.9848163723945618,0.5309351682662964,0.6629025936126709,0.0767553299665451,0.9769867658615112,0.5729703903198242,0.8550733327865601,0.14193233847618103,0.9698553085327148,0.5230627655982971,0.7951803207397461,0.4325612485408783,0.9276095032691956,0.5661683678627014,0.8690192699432373,0.15478335320949554,0.8337051868438721,0.5228440165519714,0.801828920841217,0.4642266631126404,0.7305492162704468,0.5747607946395874,0.9406509399414062,0.017862142994999886,0.9614304304122925,0.5110877752304077,0.8655936121940613,0.36052370071411133,0.9287765622138977
punch_cz_1,22,734,good,0.580546498298645,0.049921199679374695,-0.2686382830142975,0.9999467134475708,0.587658166885376,0.02875775843858719,-0.24923357367515564,0.9999128580093384,0.5920713543891907,0.029320823028683662,-0.24929729104042053,0.9998972415924072,0.5967442989349365,0.03016701526939869,-0.2493085265159607,0.9998888373374939,0.5738269686698914,0.02641376666724682,-0.24324709177017212,0.9999063611030579,0.5677663087844849,0.025551343336701393,-0.2432531714439392,0.9998844861984253,0.5624562501907349,0.02476632222533226,-0.24331429600715637,0.9998814463615417,0.6031268239021301,0.040300238877534866,-0.1307644248008728,0.9997453093528748,0.5548951029777527,0.036073144525289536,-0.10648960620164871,0.9998253583908081,0.5866610407829285,0.07660612463951111,-0.22570641338825226,0.999930202960968,0.5697193145751953,0.0751795619726181,-0.21876905858516693,0.9999334216117859,0.6283255219459534,0.15752927958965302,-0.09181367605924606,0.9996048808097839,0.5270010232925415,0.18154345452785492,-0.022332720458507538,0.9995779991149902,0.6481518149375916,0.267537385225296,-0.2733386754989624,0.9790188670158386,0.49297934770584106,0.3197111487388611,-0.14222989976406097,0.911115825176239,0.6176341772079468,0.11907252669334412,-0.5040729641914368,0.9873263835906982,0.4813389778137207,0.21610677242279053,-0.4042305052280426,0.954753041267395,0.6127334833145142,0.08386584371328354,-0.5477772951126099,0.9747176170349121,0.4788404703140259,0.1875407099723816,-0.4470367729663849,0.9290074706077576,0.6142972707748413,0.07494670897722244,-0.5340200066566467,0.9735301733016968,0.4808271527290344,0.17587511241436005,-0.44190695881843567,0.9299221038818359,0.6131203174591064,0.08608662337064743,-0.5022633671760559,0.9625145792961121,0.4822673499584198,0.182532399892807,-0.4083673357963562,0.9159387946128845,0.6026867032051086,0.4767284393310547,-0.0077386521734297276,0.9998096227645874,0.5444476008415222,0.4674186408519745,0.007643712684512138,0.9995839595794678,0.5924040079116821,0.6682249307632446,-0.04772388935089111,0.9832988381385803,0.5326122045516968,0.6552349925041199,0.07943020761013031,0.9743961095809937,0.5733925700187683,0.8547002077102661,0.1479737013578415,0.9671199321746826,0.5219159722328186,0.7944674491882324,0.4308527112007141,0.9174453616142273,0.5669701099395752,0.8686458468437195,0.15765945613384247,0.8191503286361694,0.5202959775924683,0.8013657331466675,0.46121591329574585,0.7087335586547852,0.5746076703071594,0.9418495297431946,0.025616664439439774,0.9577572345733643,0.511327862739563,0.8685226440429688,0.3530261218547821,0.919729471206665
punch_cz_1,23,767,good,0.5813226699829102,0.04963302984833717,-0.30441519618034363,0.999937891960144,0.5884810090065002,0.0285483505576849,-0.28322210907936096,0.9999017119407654,0.5929758548736572,0.029218478128314018,-0.2832691967487335,0.9998827576637268,0.5975662469863892,0.03013973869383335,-0.28327855467796326,0.9998738765716553,0.575023353099823,0.025840923190116882,-0.27964136004447937,0.9998955726623535,0.5690911412239075,0.024757619947195053,-0.27965110540390015,0.9998713135719299,0.5636704564094543,0.023745479062199593,-0.27969154715538025,0.9998685121536255,0.6040557622909546,0.040301572531461716,-0.15706422924995422,0.9997043609619141,0.5559054613113403,0.034730978310108185,-0.14334051311016083,0.9997990131378174,0.587179958820343,0.07638359814882278,-0.258801132440567,0.9999212622642517,0.5702686905860901,0.07424595206975937,-0.25487130880355835,0.9999251961708069,0.6297742128372192,0.15776832401752472,-0.11214394867420197,0.9995656609535217,0.5267171263694763,0.18131045997142792,-0.06369823962450027,0.9995207786560059,0.6510823965072632,0.26820918917655945,-0.29870423674583435,0.9784104824066162,0.48573005199432373,0.31706252694129944,-0.21849457919597626,0.9178681969642639,0.6179342269897461,0.12262694537639618,-0.5312296152114868,0.9870593547821045,0.4813421666622162,0.20076866447925568,-0.4963337779045105,0.9574882984161377,0.6128892302513123,0.0878383219242096,-0.5762746930122375,0.9738861918449402,0.4823554456233978,0.17216436564922333,-0.5446408987045288,0.9318464398384094,0.6143801808357239,0.08055191487073898,-0.5592034459114075,0.9723989367485046,0.48472556471824646,0.15874798595905304,-0.5344303250312805,0.9321807026863098,0.6134653687477112,0.08939959853887558,-0.5286691188812256,0.9606431722640991,0.4854377508163452,0.16727100312709808,-0.4988693296909332,0.9178392291069031,0.6030480265617371,0.4761420488357544,-0.007342143449932337,0.9998087286949158,0.5443394780158997,0.4656396508216858,0.007254086434841156,0.9995569586753845,0.5927207469940186,0.6682296395301819,-0.0574641190469265,0.9827894568443298,0.533433735370636,0.6506680250167847,0.10161683708429337,0.9723818302154541,0.5735209584236145,0.8549715280532837,0.13352061808109283,0.9666403532028198,0.5211975574493408,0.7926308512687683,0.46349814534187317,0.9093077778816223,0.5670081377029419,0.8690304160118103,0.14517514407634735,0.8105465173721313,0.5190666913986206,0.8003048896789551,0.49510708451271057,0.690912127494812,0.5745124220848083,0.9435600638389587,0.003956872504204512,0.9568585753440857,0.5115123987197876,0.8684741258621216,0.3905746638774872,0.9132705330848694
punch_cz_1,24,800,good,0.5826110243797302,0.04930097609758377,-0.30739882588386536,0.9999169707298279,0.5894927978515625,0.02838042378425598,-0.2864106297492981,0.9998725652694702,0.5940501689910889,0.029130103066563606,-0.2864479124546051,0.9998425841331482,0.5983834862709045,0.03011273220181465,-0.2864541709423065,0.9998332858085632,0.5766793489456177,0.025478024035692215,-0.2832165062427521,0.9998698234558105,0.5710887312889099,0.024394860491156578,-0.2832309305667877,0.9998395442962646,0.565582275390625,0.023378530517220497,-0.2832777202129364,0.9998410940170288,0.6047258973121643,0.040467269718647,-0.16086596250534058,0.9995799660682678,0.5571485161781311,0.03449675068259239,-0.14909951388835907,0.9997420310974121,0.5880727767944336,0.07624740153551102,-0.261925607919693,0.9998939037322998,0.5714472532272339,0.07363687455654144,-0.2585207521915436,0.999905526638031,0.6305983662605286,0.15795713663101196,-0.11311795562505722,0.9994674324989319,0.5264273285865784,0.1804758459329605,-0.07279238849878311,0.9994572401046753,0.6538845896720886,0.2674308717250824,-0.29180437326431274,0.9774215221405029,0.48104187846183777,0.30504390597343445,-0.23002086579799652,0.9246557950973511,0.6179803013801575,0.12354230880737305,-0.5147532820701599,0.9862043261528015,0.48237693309783936,0.1859939843416214,-0.49250122904777527,0.9600447416305542,0.6130902171134949,0.08989227563142776,-0.5593798160552979,0.9716252088546753,0.48815804719924927,0.15660399198532104,-0.5394675135612488,0.9341250061988831,0.6141589879989624,0.0834093689918518,-0.5444712042808533,0.9696488380432129,0.4916047155857086,0.14042101800441742,-0.525486409664154,0.9338045120239258,0.6134201884269714,0.09320608526468277,-0.5124898552894592,0.956681489944458,0.4918231964111328,0.15081673860549927,-0.4927333891391754,0.9190109968185425,0.6029815673828125,0.47501063346862793,-0.006810082122683525,0.9997975826263428,0.5442770719528198,0.46305662393569946,0.006738157942891121,0.999511182308197,0.5927236676216125,0.6676369309425354,-0.056029029190540314,0.9815284013748169,0.5344225764274597,0.645646870136261,0.10943513363599777,0.9699475169181824,0.5736457109451294,0.8551511168479919,0.12928397953510284,0.965869128704071,0.5214448571205139,0.7924966216087341,0.45667797327041626,0.9035021066665649,0.56697678565979,0.8689793348312378,0.14075446128845215,0.8033215403556824,0.5197109580039978,0.8015879988670349,0.4867897629737854,0.678362250328064,0.5745166540145874,0.9436034560203552,0.00015214813174679875,0.9558222889900208,0.5121303796768188,0.8685534000396729,0.3809138834476471,0.9086279273033142
punch_cz_1,25,834,good,0.5846297740936279,0.0491546094417572,-0.30309388041496277,0.9998812079429626,0.5909957885742188,0.0283675380051136,-0.2811296284198761,0.9998217821121216,0.5953337550163269,0.02915864996612072,-0.2811156213283539,0.9997659921646118,0.5993770360946655,0.030238119885325432,-0.2811166048049927,0.9997567534446716,0.5789750218391418,0.025322698056697845,-0.2789359390735626,0.999830424785614,0.5736742615699768,0.024192435666918755,-0.2789015471935272,0.9997928142547607,0.5682291388511658,0.023129593580961227,-0.2788965404033661,0.9998049139976501,0.6047365665435791,0.041277118027210236,-0.14097356796264648,0.9993569254875183,0.5584465265274048,0.03441919758915901,-0.1407354474067688,0.9996815323829651,0.5893495678901672,0.07617314159870148,-0.2596205472946167,0.9998422265052795,0.5731630921363831,0.07304660975933075,-0.25106093287467957,0.9998737573623657,0.6304739117622375,0.16110661625862122,-0.09504809975624084,0.9991756677627563,0.5253228545188904,0.17998266220092773,-0.06664751470088959,0.9993618130683899,0.6560699343681335,0.2656058371067047,-0.28708791732788086,0.9736069440841675,0.47315436601638794,0.29080596566200256,-0.23841115832328796,0.931134819984436,0.621849000453949,0.12233437597751617,-0.4852805435657501,0.9828388690948486,0.484598308801651,0.16722877323627472,-0.4891795516014099,0.9623897075653076,0.6152461171150208,0.08963571488857269,-0.5275737643241882,0.964549720287323,0.49499064683914185,0.13819925487041473,-0.5358163118362427,0.9358090758323669,0.6158609390258789,0.08333249390125275,-0.5044012665748596,0.96150803565979,0.49814572930336,0.12476515769958496,-0.5186556577682495,0.9347991347312927,0.6153861284255981,0.09368958324193954,-0.48022034764289856,0.946275532245636,0.49749651551246643,0.13366767764091492,-0.4878160357475281,0.9195371866226196,0.6030822396278381,0.47509583830833435,-0.005111669190227985,0.999765932559967,0.5443042516708374,0.46311020851135254,0.005058371461927891,0.9994506239891052,0.5926644802093506,0.6678155064582825,-0.05277923122048378,0.979266345500946,0.5359606146812439,0.6479412317276001,0.10341806709766388,0.9656488299369812,0.5737483501434326,0.8557680249214172,0.13374848663806915,0.962952196598053,0.5214999914169312,0.7942036986351013,0.44922491908073425,0.8945361971855164,0.5668800473213196,0.8690292835235596,0.14465884864330292,0.793365478515625,0.5206581354141235,0.8035870790481567,0.47936180233955383,0.6665735840797424,0.5746516585350037,0.9434995055198669,0.004599374253302813,0.9521203637123108,0.5138695240020752,0.865940272808075,0.3730308711528778,0.9013015031814575
punch_cz_1,26,867,good,0.587181031703949,0.04910982400178909,-0.2820800840854645,0.9998564124107361,0.5928794145584106,0.0285375714302063,-0.2555883228778839,0.9997906684875488,0.5967662334442139,0.029545405879616737,-0.2555817663669586,0.999716579914093,0.6007660031318665,0.03086710348725319,-0.25558608770370483,0.9997110366821289,0.5813701152801514,0.025309735909104347,-0.2594015896320343,0.9998049736022949,0.5762298703193665,0.02416243590414524,-0.2593908905982971,0.9997630715370178,0.5705581903457642,0.023041343316435814,-0.25942569971084595,0.9997866153717041,0.6048755049705505,0.04272206127643585,-0.11851810663938522,0.9992287158966064,0.5588127970695496,0.03441033512353897,-0.13924697041511536,0.9996533989906311,0.5914139151573181,0.07623820006847382,-0.2354382425546646,0.9998056888580322,0.5763837099075317,0.0730091780424118,-0.2389826774597168,0.9998561143875122,0.6303865909576416,0.16393990814685822,-0.07188371568918228,0.9990221858024597,0.5251080393791199,0.17938435077667236,-0.06247929111123085,0.9992715716362,0.6594852209091187,0.2647157311439514,-0.22871670126914978,0.9722977876663208,0.46953335404396057,0.27734142541885376,-0.22999031841754913,0.9369726777076721,0.6228468418121338,0.1218908503651619,-0.41659244894981384,0.9807522892951965,0.4874313473701477,0.14838355779647827,-0.4619887173175812,0.9643688797950745,0.6155450940132141,0.09051726013422012,-0.4561408460140228,0.9591195583343506,0.5015332698822021,0.12026042491197586,-0.5070849061012268,0.9365705847740173,0.6160290241241455,0.08460576087236404,-0.4322057366371155,0.9550533294677734,0.5054445862770081,0.1120489165186882,-0.48747605085372925,0.9346860647201538,0.6159107089042664,0.09474432468414307,-0.4112221896648407,0.9383212924003601,0.5034279227256775,0.11934797465801239,-0.45939722657203674,0.9188357591629028,0.6030455827713013,0.4734124541282654,-0.003942751791328192,0.9997190833091736,0.5442504286766052,0.4613167941570282,0.0038934978656470776,0.9993637204170227,0.5923836827278137,0.6680113673210144,-0.023171864449977875,0.9772784113883972,0.5381281971931458,0.647624671459198,0.09884802997112274,0.9608920216560364,0.5738219618797302,0.855700671672821,0.1652977019548416,0.9614061117172241,0.5231626033782959,0.7948253750801086,0.4066760241985321,0.8920170068740845,0.5672788023948669,0.8700801730155945,0.17603938281536102,0.7862158417701721,0.5219519138336182,0.8050703406333923,0.4316449761390686,0.6616447567939758,0.5747188925743103,0.9433114528656006,0.04063235968351364,0.9497191309928894,0.5140289664268494,0.8667420744895935,0.3180873692035675,0.8990340232849121
punch_cz_1,27,900,good,0.588163435459137,0.04911235347390175,-0.2612279951572418,0.9998528361320496,0.5940512418746948,0.028827212750911713,-0.23401574790477753,0.9997867345809937,0.5979101657867432,0.030151350423693657,-0.2340262085199356,0.9997092485427856,0.601970374584198,0.031753867864608765,-0.23404783010482788,0.9997045397758484,0.5827121138572693,0.025297861546278,-0.23672375082969666,0.9998005628585815,0.5778053998947144,0.024082938209176064,-0.23674306273460388,0.9997583031654358,0.5722677707672119,0.022818582132458687,-0.2368117868900299,0.9997856616973877,0.6056445837020874,0.04396906867623329,-0.09631010890007019,0.9992174506187439,0.5598539113998413,0.034159742295742035,-0.11009334027767181,0.9996592402458191,0.5922715663909912,0.07637391239404678,-0.212381049990654,0.9997989535331726,0.577900767326355,0.07296586781740189,-0.21628084778785706,0.9998520612716675,0.6303169131278992,0.16548553109169006,-0.04342590272426605,0.9989528656005859,0.5250623226165771,0.17723333835601807,-0.05864669755101204,0.9992265701293945,0.6614483594894409,0.2644832730293274,-0.19270285964012146,0.9720081686973572,0.4701935052871704,0.25949355959892273,-0.20391589403152466,0.9425888657569885,0.6256405115127563,0.1232876405119896,-0.38016241788864136,0.979747474193573,0.49222153425216675,0.13236968219280243,-0.4227875769138336,0.9666528105735779,0.6175152063369751,0.09244751930236816,-0.41758421063423157,0.955837607383728,0.5068952441215515,0.10683194547891617,-0.465411514043808,0.9382272362709045,0.6183556914329529,0.0853441134095192,-0.3947841227054596,0.9510618448257446,0.5112691521644592,0.10013878345489502,-0.4782199263572693,0.9356960654258728,0.6186445951461792,0.09534237533807755,-0.3751252591609955,0.9332838654518127,0.5090968608856201,0.10713554173707962,-0.4270220398902893,0.919681966304779,0.6028193235397339,0.4743129014968872,-0.002062276005744934,0.9997088313102722,0.5441652536392212,0.4613651633262634,0.0019740157295018435,0.9993454217910767,0.591396152973175,0.671996533870697,-0.026368768885731697,0.9754864573478699,0.53790283203125,0.6488112211227417,0.06900947540998459,0.9555933475494385,0.5739328861236572,0.857504665851593,0.17838458716869354,0.9567319750785828,0.5232394933700562,0.7953575253486633,0.4044259190559387,0.8755387663841248,0.5676127672195435,0.873623251914978,0.1926432102918625,0.7725889086723328,0.5221240520477295,0.8061220049858093,0.43263643980026245,0.6394177675247192,0.5746814608573914,0.943311870098114,0.06248628348112106,0.9437130689620972,0.5125063061714172,0.8656460642814636,0.32072702050209045,0.8856979012489319
punch_cz_1,28,934,good,0.5894677042961121,0.04929986223578453,-0.2394634634256363,0.9998364448547363,0.5953522324562073,0.029580309987068176,-0.2134016454219818,0.9997629523277283,0.599132776260376,0.031125281006097794,-0.21340203285217285,0.9996787309646606,0.6031140089035034,0.03284819796681404,-0.21342690289020538,0.9996782541275024,0.5843226313591003,0.02546631544828415,-0.21572425961494446,0.999772846698761,0.5796090960502625,0.024113835766911507,-0.2157488912343979,0.9997276663780212,0.5742253065109253,0.022813940420746803,-0.2158370316028595,0.9997633099555969,0.6067034006118774,0.0449947863817215,-0.08082249760627747,0.9991704821586609,0.5614391565322876,0.03416084498167038,-0.09284887462854385,0.9996423125267029,0.593349277973175,0.07655256241559982,-0.1921854466199875,0.9997754693031311,0.579807698726654,0.07296726852655411,-0.19594736397266388,0.9998332262039185,0.6302753686904907,0.1658926010131836,-0.029572974890470505,0.9989086985588074,0.5250827670097351,0.17264139652252197,-0.05564367026090622,0.9991655945777893,0.6619989275932312,0.26434749364852905,-0.16636277735233307,0.9722786545753479,0.4725370705127716,0.23705033957958221,-0.20129726827144623,0.9476833939552307,0.627764880657196,0.12500664591789246,-0.32839787006378174,0.979454755783081,0.5005322694778442,0.10846271365880966,-0.38715749979019165,0.9683479070663452,0.6197484731674194,0.09401082992553711,-0.36190757155418396,0.9538614749908447,0.5151268839836121,0.08211483806371689,-0.42461928725242615,0.9382072687149048,0.6202038526535034,0.08683052659034729,-0.3384600877761841,0.9485918283462524,0.5207298398017883,0.07544649392366409,-0.40331020951271057,0.9347459673881531,0.6207815408706665,0.0965672954916954,-0.32247456908226013,0.9301028847694397,0.5185452103614807,0.08505768328905106,-0.38211509585380554,0.9184943437576294,0.603193461894989,0.4743494689464569,0.0017838400090113282,0.999680757522583,0.5444899201393127,0.46149942278862,-0.0018900237046182156,0.99931401014328,0.5907484889030457,0.6729304790496826,-0.01142178475856781,0.9730657339096069,0.5383711457252502,0.6495712399482727,0.06710319221019745,0.9490036964416504,0.5737124681472778,0.8574168682098389,0.19076867401599884,0.952160656452179,0.5239670872688293,0.7958781123161316,0.37116530537605286,0.8636218309402466,0.5672998428344727,0.8736246824264526,0.20443712174892426,0.7636352181434631,0.5225035548210144,0.806508481502533,0.3965989649295807,0.6200276613235474,0.5745291113853455,0.9429475665092468,0.07317490875720978,0.9379981756210327,0.5129019021987915,0.866405189037323,0.28634145855903625,0.8751389384269714
punch_cz_1,29,967,good,0.5911572575569153,0.04984517768025398,-0.24087555706501007,0.999814510345459,0.5972119569778442,0.031105931848287582,-0.21574856340885162,0.9997307062149048,0.6008983850479126,0.03267236053943634,-0.21576595306396484,0.999639093875885,0.6048500537872314,0.03418645262718201,-0.21579422056674957,0.9996435642242432,0.5862753391265869,0.026233475655317307,-0.21703073382377625,0.9997299313545227,0.581606924533844,0.024483900517225266,-0.21704204380512238,0.9996759295463562,0.5760971903800964,0.02286439575254917,-0.2171238511800766,0.9997236132621765,0.6085007190704346,0.04573419690132141,-0.08490905165672302,0.9991123080253601,0.5631815195083618,0.033822230994701385,-0.09198689460754395,0.9995982050895691,0.5946061015129089,0.07663613557815552,-0.19401703774929047,0.9997435808181763,0.5821999907493591,0.07296526432037354,-0.1963651329278946,0.9998040795326233,0.63048255443573,0.16437330842018127,-0.036196961998939514,0.9988751411437988,0.5275791883468628,0.16792868077754974,-0.04622459411621094,0.9990586638450623,0.6613155603408813,0.26353079080581665,-0.1795210838317871,0.9723345637321472,0.4740048348903656,0.21925419569015503,-0.19620348513126373,0.951981246471405,0.6293883919715881,0.12569737434387207,-0.3497566878795624,0.9787592887878418,0.5101645588874817,0.08369951695203781,-0.38150495290756226,0.9692668318748474,0.6208541393280029,0.09398625791072845,-0.3856338560581207,0.9510368704795837,0.5227462649345398,0.05790068209171295,-0.4202030897140503,0.9362882375717163,0.6217715740203857,0.08731622248888016,-0.36384886503219604,0.9452493190765381,0.527833104133606,0.053693145513534546,-0.3963788151741028,0.9315621256828308,0.6228860020637512,0.09670975804328918,-0.34468820691108704,0.9256671667098999,0.5260869264602661,0.06448276340961456,-0.3763748109340668,0.9144912958145142,0.6036270260810852,0.4699121117591858,0.0012806763406842947,0.9996511936187744,0.5452719330787659,0.45858335494995117,-0.001379926921799779,0.9992762207984924,0.5903698801994324,0.6714752912521362,-0.011227774433791637,0.9717775583267212,0.5386214852333069,0.6487701535224915,0.06883136183023453,0.9462618827819824,0.5734508633613586,0.8562833666801453,0.1867695152759552,0.9505617618560791,0.5240208506584167,0.7958304286003113,0.3579188287258148,0.8603071570396423,0.5673901438713074,0.8708481788635254,0.20289777219295502,0.7586216926574707,0.52265864610672,0.8069613575935364,0.3811299204826355,0.6103136539459229,0.5729356408119202,0.9418954253196716,0.06435689330101013,0.935504674911499,0.5127095580101013,0.8665468096733093,0.2660195827484131,0.8719021677970886
punch_cz_1,30,1001,good,0.5945044755935669,0.051011618226766586,-0.2441839724779129,0.9997705221176147,0.5998163223266602,0.03263795003294945,-0.21917863190174103,0.999677836894989,0.6032512187957764,0.033995989710092545,-0.21920983493328094,0.9995648264884949,0.60676509141922,0.035346705466508865,-0.21923238039016724,0.999570369720459,0.5892010927200317,0.028252385556697845,-0.22223585844039917,0.999666154384613,0.5845984816551208,0.026324456557631493,-0.22224193811416626,0.9995973110198975,0.5790683627128601,0.024238090962171555,-0.22232063114643097,0.9996526837348938,0.6089769005775452,0.045765917748212814,-0.08365561068058014,0.9989765286445618,0.5657032132148743,0.033849649131298065,-0.09589648991823196,0.9995096921920776,0.5976827144622803,0.07663710415363312,-0.19507072865962982,0.9996973276138306,0.5864989161491394,0.07293881475925446,-0.2001420557498932,0.9997497200965881,0.6304529309272766,0.15762434899806976,-0.02929754927754402,0.9987912178039551,0.5315582156181335,0.16318880021572113,-0.06092499941587448,0.998877227306366,0.660807192325592,0.2636983096599579,-0.17281535267829895,0.969396710395813,0.48351165652275085,0.2001354843378067,-0.24811440706253052,0.9553347826004028,0.6294947266578674,0.1367768943309784,-0.3539346754550934,0.9750334024429321,0.5192927718162537,0.06876160204410553,-0.4388480484485626,0.9693542122840881,0.6213968992233276,0.10446896404027939,-0.3906199336051941,0.9419082403182983,0.5277584791183472,0.04189399629831314,-0.4780661165714264,0.9336470365524292,0.62163907289505,0.09633605182170868,-0.3662569224834442,0.9351935386657715,0.5327829718589783,0.03766367956995964,-0.46040990948677063,0.9277427196502686,0.6226007342338562,0.10893812775611877,-0.3482440114021301,0.913087010383606,0.5322942137718201,0.04872221499681473,-0.43660515546798706,0.9095824956893921,0.6042517423629761,0.463593453168869,0.0036560522858053446,0.9996006488800049,0.5471850633621216,0.454325795173645,-0.0037010812666267157,0.9991782903671265,0.5905076861381531,0.658374547958374,-0.026718294247984886,0.9670499563217163,0.5404385328292847,0.6411206126213074,0.08840283006429672,0.9355589747428894,0.5737009048461914,0.8548044562339783,0.11103601008653641,0.9450589418411255,0.5240023136138916,0.7955794334411621,0.3651960790157318,0.8447179198265076,0.566658079624176,0.8723881840705872,0.11793885380029678,0.7508671283721924,0.5223592519760132,0.8074676394462585,0.3871285319328308,0.5946227312088013,0.5732730031013489,0.938128650188446,-0.02546856366097927,0.9282146096229553,0.5128837823867798,0.8656708002090454,0.26421383023262024,0.8572419881820679
punch_cz_1,31,1034,good,0.5956034064292908,0.05172441899776459,-0.23494482040405273,0.9997047185897827,0.5994994044303894,0.033079322427511215,-0.21012799441814423,0.9996196031570435,0.6027776598930359,0.03420652821660042,-0.2101878970861435,0.9994942545890808,0.60624098777771,0.035395361483097076,-0.21023868024349213,0.9995097517967224,0.5889637470245361,0.029492953792214394,-0.21777893602848053,0.9995659589767456,0.5842472910881042,0.028048308566212654,-0.21779315173625946,0.9994615912437439,0.5787975788116455,0.026616951450705528,-0.21789096295833588,0.9994998574256897,0.6073337197303772,0.045297518372535706,-0.06539412587881088,0.998908281326294,0.5655612945556641,0.034741565585136414,-0.09795032441616058,0.9993812441825867,0.5987939834594727,0.0765686109662056,-0.1807444840669632,0.9996609091758728,0.5876632332801819,0.07293995469808578,-0.1914447844028473,0.9996625781059265,0.6296958327293396,0.15328659117221832,0.00547822704538703,0.9987658262252808,0.5340004563331604,0.15784259140491486,-0.08247645199298859,0.998465895652771,0.6592947840690613,0.26707860827445984,-0.14809554815292358,0.9632429480552673,0.5038164258003235,0.17681629955768585,-0.2786167860031128,0.9542956352233887,0.6255879998207092,0.14592593908309937,-0.3429274559020996,0.9705941081047058,0.5243380069732666,0.052152760326862335,-0.4458593428134918,0.9578118920326233,0.618311882019043,0.11787039786577225,-0.3807554543018341,0.9334808588027954,0.5312358736991882,0.02300066128373146,-0.4830421507358551,0.9118509888648987,0.619508683681488,0.10534375160932541,-0.36148759722709656,0.9266859292984009,0.5366451144218445,0.02145569771528244,-0.4749491810798645,0.9034275412559509,0.6201820969581604,0.11652716994285583,-0.3401517868041992,0.902239978313446,0.5381124019622803,0.03544067218899727,-0.44762447476387024,0.883917510509491,0.6043291687965393,0.46256425976753235,0.026336176320910454,0.9996070265769958,0.5485904812812805,0.4544110596179962,-0.02626584656536579,0.999186098575592,0.5911237001419067,0.6592488884925842,-0.025049148127436638,0.9657673835754395,0.5411122441291809,0.6419509053230286,0.06901128590106964,0.9339551329612732,0.5739337205886841,0.854853630065918,0.10323497653007507,0.9433488845825195,0.5239408612251282,0.7940880656242371,0.3739926218986511,0.8316481709480286,0.563434898853302,0.8769992589950562,0.10902463644742966,0.755293607711792,0.5217277407646179,0.8056983947753906,0.39809998869895935,0.577842116355896,0.5760717988014221,0.93805992603302,-0.031766511499881744,0.9264215230941772,0.5137975811958313,0.8642545938491821,0.2811056673526764,0.8442533016204834
punch_cz_1,32,1067,good,0.5961976647377014,0.054365962743759155,-0.23091928660869598,0.9995681047439575,0.5993862748146057,0.03523360192775726,-0.20734255015850067,0.999477744102478,0.6024944186210632,0.03604327514767647,-0.2074097841978073,0.9993109107017517,0.6058884859085083,0.03687264025211334,-0.207468181848526,0.9993734359741211,0.5891282558441162,0.031810592859983444,-0.21873094141483307,0.9993075728416443,0.5842254161834717,0.030248599126935005,-0.21873947978019714,0.9991047382354736,0.5787979364395142,0.02875782921910286,-0.21883419156074524,0.9991562962532043,0.6059854626655579,0.04532014578580856,-0.06377997994422913,0.9986743330955505,0.5653846263885498,0.035146988928318024,-0.11234704405069351,0.9991300106048584,0.599002480506897,0.07741972804069519,-0.17617057263851166,0.9995743632316589,0.5878742337226868,0.07410477846860886,-0.19171039760112762,0.9995359778404236,0.6273907423019409,0.150658518075943,0.011780932545661926,0.9987377524375916,0.5342361330986023,0.15238545835018158,-0.1070018857717514,0.9979902505874634,0.6569902300834656,0.2675505578517914,-0.1427869200706482,0.951066255569458,0.5143696069717407,0.1403001844882965,-0.24745745956897736,0.9545525908470154,0.6252260804176331,0.15651674568653107,-0.3604508638381958,0.9593099355697632,0.5330670475959778,0.03694172948598862,-0.29635587334632874,0.9391706585884094,0.6204172372817993,0.14712102711200714,-0.40361863374710083,0.9171088337898254,0.539895236492157,0.0056224847212433815,-0.3240780830383301,0.8804005980491638,0.6194118857383728,0.1175517812371254,-0.3869422376155853,0.9105799198150635,0.5460665822029114,0.014502448961138725,-0.3230389952659607,0.870110809803009,0.6193323135375977,0.1270284652709961,-0.360580712556839,0.884050190448761,0.546288251876831,0.0228413175791502,-0.29915180802345276,0.8512422442436218,0.6043013334274292,0.46065324544906616,0.03702373430132866,0.9995887875556946,0.5507691502571106,0.4538162350654602,-0.03688360005617142,0.9991340637207031,0.590933620929718,0.6573129296302795,0.011908316984772682,0.9630218148231506,0.5427401065826416,0.6414887309074402,0.06076192483305931,0.9327930212020874,0.5741774439811707,0.8547856211662292,0.1243131160736084,0.9422370195388794,0.5237656831741333,0.7935006022453308,0.34103962779045105,0.8291196823120117,0.5632120370864868,0.8778044581413269,0.13340941071510315,0.7625293135643005,0.5182534456253052,0.805558443069458,0.3623681664466858,0.5699808597564697,0.5764597058296204,0.9369512796401978,-0.005310166161507368,0.9266584515571594,0.5163133144378662,0.8646392226219177,0.2421473115682602,0.8399220108985901
punch_cz_1,33,1101,good,0.5964304208755493,0.05691725015640259,-0.23399917781352997,0.9994754791259766,0.5998715758323669,0.037307851016521454,-0.2111656814813614,0.9993708729743958,0.6030579209327698,0.03820890933275223,-0.21122761070728302,0.9991512298583984,0.6064768433570862,0.03916540369391441,-0.21128778159618378,0.9992589950561523,0.5893850326538086,0.033642325550317764,-0.22124822437763214,0.9991096258163452,0.584290087223053,0.031792402267456055,-0.2212604433298111,0.9988205432891846,0.5787851810455322,0.029987243935465813,-0.22134879231452942,0.9988934993743896,0.6060406565666199,0.04671700671315193,-0.06754244118928909,0.9984756112098694,0.5651343464851379,0.03515210375189781,-0.12486185133457184,0.9989690780639648,0.5990446209907532,0.07990462332963943,-0.17882667481899261,0.9995129704475403,0.5874814987182617,0.07619018852710724,-0.19478200376033783,0.9994661211967468,0.6259633302688599,0.15112031996250153,0.017648274078965187,0.9986506700515747,0.5336721539497375,0.14360283315181732,-0.11182431876659393,0.997713029384613,0.6549526453018188,0.2719023823738098,-0.11238749325275421,0.9314234852790833,0.5243011116981506,0.09903309494256973,-0.23442882299423218,0.9549164175987244,0.6245499849319458,0.16050273180007935,-0.3313973844051361,0.9423949122428894,0.5376372933387756,0.02025415003299713,-0.2579646706581116,0.9181843996047974,0.6188346147537231,0.14171326160430908,-0.37490156292915344,0.8963937759399414,0.5416536331176758,-0.0008152251830324531,-0.28565654158592224,0.846177339553833,0.6192094683647156,0.12217001616954803,-0.3659515976905823,0.8906305432319641,0.5470297336578369,0.012493210844695568,-0.2847779393196106,0.8348600268363953,0.6192735433578491,0.13507311046123505,-0.33506184816360474,0.8614214062690735,0.5441154837608337,0.01717856340110302,-0.26067015528678894,0.8174752593040466,0.6049479842185974,0.45821550488471985,0.038124874234199524,0.9995882511138916,0.5508525371551514,0.4526551067829132,-0.03795596584677696,0.9991294145584106,0.591499924659729,0.6557497978210449,0.023002658039331436,0.9620111584663391,0.5425028204917908,0.6398230791091919,0.07228493690490723,0.9320360422134399,0.5743935704231262,0.8526865839958191,0.13235995173454285,0.942802369594574,0.5237648487091064,0.7924193739891052,0.35559216141700745,0.8311739563941956,0.5630114674568176,0.878037691116333,0.14014028012752533,0.7715211510658264,0.5175865292549133,0.8053327798843384,0.38031303882598877,0.5707360506057739,0.5764592885971069,0.9362853169441223,-0.0013346795458346605,0.9284048080444336,0.51630038022995,0.8644338250160217,0.26319363713264465,0.8406473994255066
punch_cz_1,34,1134,good,0.5958883762359619,0.05782564356923103,-0.23525334894657135,0.9994531869888306,0.5995913147926331,0.03791418299078941,-0.21195141971111298,0.9993422627449036,0.6028321385383606,0.038851313292980194,-0.2120022177696228,0.9991188645362854,0.6062887907028198,0.039889052510261536,-0.21205373108386993,0.9992309212684631,0.5889971256256104,0.03400447592139244,-0.2225475311279297,0.999038815498352,0.5838841199874878,0.03202257677912712,-0.22255441546440125,0.9987322688102722,0.5784234404563904,0.03006048873066902,-0.22263766825199127,0.99878990650177,0.6060118079185486,0.04727873206138611,-0.06397740542888641,0.9984452128410339,0.5649608969688416,0.03507557138800621,-0.12261315435171127,0.9988645315170288,0.598713755607605,0.08089578151702881,-0.17879332602024078,0.9995006918907166,0.5868530869483948,0.07685115188360214,-0.1950625777244568,0.9994316101074219,0.6249794363975525,0.1512373983860016,0.022396568208932877,0.9986581802368164,0.5335490703582764,0.14194287359714508,-0.10148501396179199,0.9974983334541321,0.6535198092460632,0.2764633893966675,-0.11540564894676208,0.9261301159858704,0.5267074108123779,0.1247795969247818,-0.2656761705875397,0.9540706872940063,0.6240314841270447,0.16033291816711426,-0.33202847838401794,0.9416087865829468,0.5368149876594543,0.02867279388010502,-0.39742568135261536,0.9118174314498901,0.6180787682533264,0.13902801275253296,-0.37428343296051025,0.8943297863006592,0.5428675413131714,0.00673062726855278,-0.4379032254219055,0.8355254530906677,0.6191149353981018,0.12345758825540543,-0.3631119430065155,0.8888922333717346,0.5476704239845276,0.009019536897540092,-0.4335688054561615,0.8230220079421997,0.6192082166671753,0.1361764818429947,-0.33371150493621826,0.8588862419128418,0.5485858917236328,0.024335339665412903,-0.40067142248153687,0.804469883441925,0.605110764503479,0.4563644528388977,0.03474263474345207,0.9995781779289246,0.550622284412384,0.4510168731212616,-0.03461086004972458,0.9991104602813721,0.5924189686775208,0.6538909077644348,0.01666814647614956,0.9610495567321777,0.5423421859741211,0.6373629570007324,0.054343510419130325,0.9324662089347839,0.5753685832023621,0.8507543206214905,0.1362144649028778,0.9425695538520813,0.5236534476280212,0.7895165681838989,0.34443968534469604,0.8306869268417358,0.5676309466362,0.8676856756210327,0.14439861476421356,0.7762849926948547,0.5174294114112854,0.798946738243103,0.3674066662788391,0.5668807029724121,0.5764729380607605,0.9350615739822388,0.00335264322347939,0.9290735125541687,0.5166476368904114,0.8646437525749207,0.24448974430561066,0.838045060634613
punch_cz_1,35,1167,good,0.5957323312759399,0.05771233141422272,-0.23660926520824432,0.9994449019432068,0.5995397567749023,0.03784788399934769,-0.2125798761844635,0.99933260679245,0.6027077436447144,0.03876302018761635,-0.2126302272081375,0.9991132020950317,0.6061412692070007,0.039812374860048294,-0.21267913281917572,0.9992249608039856,0.5886396765708923,0.033996809273958206,-0.22242239117622375,0.9990031719207764,0.5835703015327454,0.03202147036790848,-0.22242556512355804,0.9986819624900818,0.5781247615814209,0.03002767637372017,-0.22250917553901672,0.9987176656723022,0.6062217950820923,0.04729006439447403,-0.06392394751310349,0.9984554648399353,0.5647516250610352,0.03513859584927559,-0.11435599625110626,0.998780369758606,0.5984756946563721,0.08084612339735031,-0.18052883446216583,0.999500572681427,0.5867242217063904,0.07682309299707413,-0.19455836713314056,0.9994036555290222,0.6250031590461731,0.15127789974212646,0.015351366251707077,0.9986952543258667,0.533662736415863,0.14081460237503052,-0.09386444091796875,0.9973155856132507,0.6525937914848328,0.2784899175167084,-0.12557169795036316,0.9250128865242004,0.5254420638084412,0.14680461585521698,-0.26200568675994873,0.9520048499107361,0.6225601434707642,0.15879221260547638,-0.32814186811447144,0.9428289532661438,0.5431714653968811,0.04076090827584267,-0.4065908193588257,0.9050827026367188,0.616568386554718,0.13641344010829926,-0.3683764338493347,0.8952611088752747,0.5507109761238098,0.011421101167798042,-0.4450305104255676,0.8241203427314758,0.6185721755027771,0.1214354932308197,-0.35502827167510986,0.8900476098060608,0.5547853708267212,0.01063776109367609,-0.43901029229164124,0.8101066946983337,0.6187235713005066,0.13357943296432495,-0.3281444311141968,0.8597675561904907,0.554024338722229,0.027320070192217827,-0.4091488718986511,0.790473222732544,0.6052591800689697,0.4564385414123535,0.03514168784022331,0.9995908737182617,0.5505548119544983,0.4498897194862366,-0.03504336625337601,0.9991265535354614,0.5927342772483826,0.6535083055496216,0.008315117098391056,0.9610790014266968,0.543418824672699,0.6369491815567017,0.04970051348209381,0.9329085946083069,0.5754266977310181,0.8508705496788025,0.13142919540405273,0.9422726631164551,0.5237643718719482,0.7890259623527527,0.35092413425445557,0.8235510587692261,0.5675663352012634,0.8656713366508484,0.13941577076911926,0.7805711030960083,0.5175278186798096,0.7996121644973755,0.3712291419506073,0.5536999106407166,0.5764586925506592,0.9343792796134949,-0.0013255408266559243,0.9295747876167297,0.5166845917701721,0.8647720217704773,0.2484726905822754,0.8308524489402771
punch_cz_1,36,1201,good,0.5955159664154053,0.05770043656229973,-0.23473691940307617,0.9994147419929504,0.5993468165397644,0.03808840736746788,-0.20981889963150024,0.9992987513542175,0.602561891078949,0.03901498764753342,-0.2098805159330368,0.9990689754486084,0.6060202717781067,0.04007510840892792,-0.20994159579277039,0.9992051720619202,0.5883788466453552,0.034120313823223114,-0.21839474141597748,0.9989101886749268,0.583299994468689,0.03209374099969864,-0.21839267015457153,0.9985119104385376,0.5778642892837524,0.03000141866505146,-0.21848155558109283,0.9985465407371521,0.6067962646484375,0.04813007265329361,-0.06369528919458389,0.998397171497345,0.5646069049835205,0.035096943378448486,-0.10376570373773575,0.9986554384231567,0.5982814431190491,0.08080748468637466,-0.18005749583244324,0.9994847774505615,0.5864432454109192,0.07679697126150131,-0.19172705709934235,0.999362051486969,0.6249852776527405,0.151327446103096,0.010130573064088821,0.9987462162971497,0.5338237881660461,0.139654740691185,-0.09293646365404129,0.9971356391906738,0.6507005095481873,0.28157249093055725,-0.1310053914785385,0.9258335828781128,0.5241484045982361,0.1372319459915161,-0.16677577793598175,0.9523249268531799,0.6225773096084595,0.15949097275733948,-0.3326110243797302,0.9436165690422058,0.5513821840286255,0.025881534442305565,-0.16647914052009583,0.8910651803016663,0.6167172193527222,0.15066653490066528,-0.37614303827285767,0.8957811594009399,0.5616587400436401,-0.008248674683272839,-0.189278706908226,0.7981100678443909,0.6186193227767944,0.12132003158330917,-0.3640531599521637,0.8909968733787537,0.5650821328163147,-0.00994892232120037,-0.1884285807609558,0.7827385663986206,0.6187063455581665,0.13385678827762604,-0.33373120427131653,0.8604373335838318,0.563813328742981,0.009979360736906528,-0.16859446465969086,0.7649051547050476,0.6054261326789856,0.4545559287071228,0.035005781799554825,0.9995977878570557,0.5513585805892944,0.4494306445121765,-0.034863200038671494,0.999127984046936,0.5922661423683167,0.6521371006965637,0.004212731961160898,0.9587645530700684,0.5441574454307556,0.6371633410453796,0.05371318757534027,0.9301406145095825,0.5750256180763245,0.8472188115119934,0.12619465589523315,0.9400140643119812,0.5237640142440796,0.789216160774231,0.3630814850330353,0.8079138994216919,0.5662109851837158,0.8666992783546448,0.13334012031555176,0.7809903025627136,0.5166812539100647,0.7969979047775269,0.38700324296951294,0.5344737768173218,0.5765049457550049,0.9340947270393372,-0.010456006042659283,0.9278975129127502,0.516674816608429,0.8648610711097717,0.2616342008113861,0.8178538680076599
punch_cz_1,37,1234,good,0.5954234004020691,0.05767636373639107,-0.24251237511634827,0.9993895292282104,0.5992220044136047,0.038049519062042236,-0.21721093356609344,0.9992583990097046,0.6024596691131592,0.038871102035045624,-0.21728216111660004,0.9990338087081909,0.6059337258338928,0.03980280086398125,-0.2173362374305725,0.9991698265075684,0.5882778763771057,0.034076012670993805,-0.2257995307445526,0.9987996220588684,0.5832496881484985,0.03206029534339905,-0.22578106820583344,0.9983662366867065,0.5776689648628235,0.02995523251593113,-0.22586552798748016,0.9983487129211426,0.6070950627326965,0.047577086836099625,-0.0662977397441864,0.9983547329902649,0.5642446279525757,0.03413962200284004,-0.10389052331447601,0.9984361529350281,0.5981547832489014,0.08078891038894653,-0.1839187890291214,0.9994530081748962,0.5862535834312439,0.07685606926679611,-0.19572597742080688,0.9992796778678894,0.6252127885818481,0.15029515326023102,0.006279919762164354,0.9987841248512268,0.5337081551551819,0.13698652386665344,-0.0899529680609703,0.9967025518417358,0.6504485607147217,0.2817700505256653,-0.13488325476646423,0.9263729453086853,0.5231726169586182,0.1455286294221878,-0.1978776901960373,0.9484462738037109,0.6225910186767578,0.1588330864906311,-0.33505916595458984,0.9448423981666565,0.5504708886146545,0.02382100187242031,-0.23743650317192078,0.8778200745582581,0.6166523098945618,0.14762277901172638,-0.3785097301006317,0.8961306810379028,0.5615739822387695,-0.010823936201632023,-0.2673088312149048,0.7789533138275146,0.6186466217041016,0.12051709741353989,-0.3643261790275574,0.8915486335754395,0.5652117133140564,-0.00421869195997715,-0.23466485738754272,0.7620062232017517,0.6186891198158264,0.13271771371364594,-0.33501434326171875,0.8609323501586914,0.5639494061470032,0.007259825710207224,-0.23123249411582947,0.7439860105514526,0.6054247617721558,0.4550633728504181,0.03510786220431328,0.9995865821838379,0.5512391924858093,0.4496551752090454,-0.03498487174510956,0.9990966320037842,0.592340350151062,0.6538288593292236,0.031035123392939568,0.956929087638855,0.5444959402084351,0.6369253993034363,0.05565657094120979,0.9313119053840637,0.5750211477279663,0.8465296626091003,0.19305144250392914,0.940520167350769,0.5237500071525574,0.7891093492507935,0.35074326395988464,0.8138790726661682,0.5661637783050537,0.8641936779022217,0.20291392505168915,0.7873842120170593,0.516842246055603,0.7972573637962341,0.3724888861179352,0.5390033721923828,0.5764725804328918,0.9331198334693909,0.06035446375608444,0.929267168045044,0.516862154006958,0.8649576306343079,0.24199484288692474,0.8219844102859497
punch_cz_1,38,1267,good,0.594992995262146,0.057556409388780594,-0.24678970873355865,0.9994058012962341,0.5991300344467163,0.03748851269483566,-0.22173196077346802,0.9992731809616089,0.6023736596107483,0.03833062946796417,-0.22181367874145508,0.9990617632865906,0.6058622598648071,0.039229124784469604,-0.2218649536371231,0.9991926550865173,0.5881866812705994,0.033468618988990784,-0.22788995504379272,0.9988020062446594,0.5830724835395813,0.03137080371379852,-0.22787050902843475,0.9983628988265991,0.5774094462394714,0.029039422050118446,-0.22794990241527557,0.9983298182487488,0.607828676700592,0.04713786020874977,-0.0723620355129242,0.998408317565918,0.5641753077507019,0.033218879252672195,-0.10335156321525574,0.9983876347541809,0.5980864763259888,0.08075418323278427,-0.19000443816184998,0.9994605779647827,0.5857654213905334,0.07678930461406708,-0.19789813458919525,0.9992685317993164,0.626368522644043,0.1492103785276413,-0.005856503266841173,0.9988480806350708,0.533506453037262,0.13638752698898315,-0.0772797167301178,0.9964810609817505,0.6508734822273254,0.2815130054950714,-0.15372419357299805,0.9300953149795532,0.5219134092330933,0.15179798007011414,-0.18394391238689423,0.9477525949478149,0.6226263046264648,0.15826807916164398,-0.34612998366355896,0.9477977156639099,0.548474133014679,0.02744731307029724,-0.26232215762138367,0.8746615648269653,0.6165778040885925,0.14655065536499023,-0.39231956005096436,0.899983823299408,0.5597411394119263,-0.008548288606107235,-0.2929246127605438,0.7712126970291138,0.6186989545822144,0.1201329156756401,-0.37645336985588074,0.895565927028656,0.5620070099830627,-0.009501038119196892,-0.2866576015949249,0.7529677748680115,0.6186973452568054,0.13213331997394562,-0.3448341488838196,0.865573525428772,0.562466561794281,0.008043073117733002,-0.26398077607154846,0.7346974611282349,0.6054251790046692,0.4568953216075897,0.0330260805785656,0.9995836615562439,0.5512697100639343,0.4511374533176422,-0.03285236656665802,0.9990811347961426,0.5922653675079346,0.6540987491607666,0.02578791417181492,0.9549111723899841,0.5445308089256287,0.6372039914131165,0.06852046400308609,0.9308061003684998,0.5750759243965149,0.846721351146698,0.1868537962436676,0.9395071864128113,0.5238514542579651,0.7897864580154419,0.3639877736568451,0.8116742372512817,0.5660029053688049,0.8668128848075867,0.19630584120750427,0.788880467414856,0.5170177817344666,0.7997466325759888,0.3851993680000305,0.5334570407867432,0.5764678120613098,0.933592677116394,0.051929716020822525,0.9286350607872009,0.5167966485023499,0.8651574850082397,0.24678348004817963,0.8196473121643066
punch_cz_1,39,1301,good,0.5948711633682251,0.057019658386707306,-0.25326722860336304,0.9993155002593994,0.5991102457046509,0.03636913374066353,-0.22875571250915527,0.9991878867149353,0.6023485660552979,0.03714807331562042,-0.22881731390953064,0.998970627784729,0.6058417558670044,0.03793197497725487,-0.2288246750831604,0.9990904927253723,0.5881224870681763,0.03263881057500839,-0.2343415766954422,0.998654305934906,0.5830026865005493,0.030744655057787895,-0.2343299835920334,0.9982059597969055,0.5773801207542419,0.028569327667355537,-0.23440797626972198,0.9981343746185303,0.6078323721885681,0.04623857140541077,-0.08404754847288132,0.998212456703186,0.564090371131897,0.03321601822972298,-0.10949654132127762,0.9981337785720825,0.5979980230331421,0.08032677322626114,-0.19890658557415009,0.9994009137153625,0.5856985449790955,0.07628973573446274,-0.20585766434669495,0.9991769194602966,0.6275631189346313,0.14933545887470245,-0.03688918426632881,0.9987918138504028,0.5324640870094299,0.13764016330242157,-0.10530677437782288,0.9962579011917114,0.6509377360343933,0.274185448884964,-0.27351781725883484,0.9296455383300781,0.517326831817627,0.15761864185333252,-0.34974589943885803,0.9514608383178711,0.6246492266654968,0.15789467096328735,-0.5333552956581116,0.9496922492980957,0.5458981990814209,0.03533278778195381,-0.5404528379440308,0.8843964338302612,0.6183608770370483,0.1374286562204361,-0.5877808332443237,0.903134822845459,0.5556390285491943,4.548620927380398e-05,-0.5844107270240784,0.7870070934295654,0.6203073263168335,0.1172148734331131,-0.5629625916481018,0.8986263871192932,0.5584632754325867,-0.0046571409329771996,-0.5703496932983398,0.7694007754325867,0.6197436451911926,0.1309874951839447,-0.5308406352996826,0.8694780468940735,0.5591152906417847,0.013488817028701305,-0.540381133556366,0.7512412667274475,0.6054250001907349,0.45941898226737976,0.02686365321278572,0.9995719790458679,0.5512067675590515,0.45298126339912415,-0.026736361905932426,0.9990557432174683,0.5922638177871704,0.6543012857437134,0.023395424708724022,0.9539183378219604,0.5445584654808044,0.6366473436355591,0.10545431077480316,0.9308398962020874,0.5750238299369812,0.8469071388244629,0.17609600722789764,0.9402478933334351,0.5239567756652832,0.7888554930686951,0.3863781690597534,0.8133968114852905,0.5659154057502747,0.8722103834152222,0.18520092964172363,0.7918999195098877,0.517320454120636,0.7998595237731934,0.4079339802265167,0.5317100882530212,0.576567530632019,0.9309369921684265,0.0443912036716938,0.9290903210639954,0.5179249048233032,0.8652199506759644,0.2831293046474457,0.8198513984680176
punch_cz_1,40,1334,good,0.5946142077445984,0.056386157870292664,-0.2642456889152527,0.999305009841919,0.5986194014549255,0.03544967621564865,-0.2408747673034668,0.9991796016693115,0.6019560098648071,0.03599328175187111,-0.2409164011478424,0.9989627599716187,0.6054702997207642,0.03638581559062004,-0.2409047782421112,0.9990717768669128,0.5870078802108765,0.032315731048583984,-0.2452670931816101,0.9986423850059509,0.5816989541053772,0.030658330768346786,-0.24525123834609985,0.998195230960846,0.576210081577301,0.028552142903208733,-0.2453117072582245,0.998112142086029,0.6078243255615234,0.043951649218797684,-0.09887007623910904,0.998172402381897,0.5639509558677673,0.033854808658361435,-0.11822542548179626,0.9980878829956055,0.5979483127593994,0.07905851304531097,-0.2110099345445633,0.999395489692688,0.5856186151504517,0.07565128058195114,-0.2164827436208725,0.9991683959960938,0.6285958886146545,0.1497669816017151,-0.040951743721961975,0.9988229274749756,0.5324097871780396,0.14026303589344025,-0.10740997642278671,0.9963083267211914,0.6524093151092529,0.2740282416343689,-0.24528582394123077,0.9317037463188171,0.5077380537986755,0.17439742386341095,-0.3365088105201721,0.9551839828491211,0.6271323561668396,0.15753692388534546,-0.47744348645210266,0.9524651169776917,0.5442419052124023,0.03818118944764137,-0.532492995262146,0.89335036277771,0.620590329170227,0.1342148631811142,-0.5258443355560303,0.9074167013168335,0.5534161925315857,0.0053585912100970745,-0.5767743587493896,0.8010336756706238,0.6221152544021606,0.11591331660747528,-0.5010743737220764,0.9028435349464417,0.556548535823822,0.0013795504346489906,-0.5623047947883606,0.7837907075881958,0.6221877336502075,0.12912453711032867,-0.4736628830432892,0.8745666146278381,0.55693519115448,0.018000638112425804,-0.5321186184883118,0.7655463218688965,0.6047220826148987,0.4640462100505829,0.0263248011469841,0.999588131904602,0.5506154894828796,0.4564818739891052,-0.026205556467175484,0.9990837574005127,0.5923228859901428,0.658119797706604,0.021709995344281197,0.9534280896186829,0.5445026159286499,0.637112557888031,0.11491141468286514,0.9318332076072693,0.5758034586906433,0.851132333278656,0.17146818339824677,0.9418761730194092,0.5239614844322205,0.7867582440376282,0.4278026819229126,0.814416229724884,0.5683456659317017,0.872368335723877,0.18052931129932404,0.7960142493247986,0.516890823841095,0.7984286546707153,0.4538397490978241,0.5329750776290894,0.5776054263114929,0.9327098727226257,0.04051244631409645,0.9307606220245361,0.5179014205932617,0.8650194406509399,0.34140250086784363,0.8210976719856262
punch_cz_1,41,1368,good,0.5938658118247986,0.055539779365062714,-0.24525833129882812,0.9993343353271484,0.5971028208732605,0.035259079188108444,-0.2211146354675293,0.9992102384567261,0.6004734039306641,0.03584671765565872,-0.22112581133842468,0.9990057349205017,0.6040098071098328,0.03628533333539963,-0.22109612822532654,0.9991075992584229,0.5852393507957458,0.03225529566407204,-0.2239328920841217,0.9986984729766846,0.5803837180137634,0.030645186081528664,-0.22392433881759644,0.9982780814170837,0.5754045844078064,0.028817569836974144,-0.22399450838565826,0.9981997013092041,0.6070342659950256,0.04425864294171333,-0.08606002479791641,0.9982295632362366,0.5639072060585022,0.03669385612010956,-0.09848470985889435,0.998130738735199,0.5978712439537048,0.07817964255809784,-0.19601449370384216,0.9994051456451416,0.5854381322860718,0.07484953105449677,-0.19946902990341187,0.9991838335990906,0.6288583874702454,0.15430784225463867,-0.03915456309914589,0.9988681674003601,0.5320444703102112,0.14952167868614197,-0.08767008781433105,0.9963914752006531,0.6545975208282471,0.274310439825058,-0.23132577538490295,0.9353336691856384,0.5002017617225647,0.19136318564414978,-0.2943972647190094,0.9585244059562683,0.6308227777481079,0.15711647272109985,-0.39938390254974365,0.9559469819068909,0.540904700756073,0.038962993770837784,-0.47058093547821045,0.901472806930542,0.6248331665992737,0.1272721141576767,-0.4402059018611908,0.9130312204360962,0.5512820482254028,0.00607201037928462,-0.511455774307251,0.8132138252258301,0.6253401041030884,0.11353016644716263,-0.4149324595928192,0.9085825085639954,0.555942177772522,0.004588691517710686,-0.4969271123409271,0.7961580157279968,0.6253195405006409,0.12731944024562836,-0.3934098482131958,0.8814070224761963,0.5556467175483704,0.020893441513180733,-0.4700227379798889,0.77785325050354,0.6047187447547913,0.4677096903324127,0.02584138512611389,0.9995858669281006,0.5500525832176208,0.45855042338371277,-0.02575649507343769,0.9990904331207275,0.5923395752906799,0.6604642271995544,0.022862067446112633,0.9526879191398621,0.5439735054969788,0.6393750905990601,0.11333520710468292,0.9334030151367188,0.57491534948349,0.8549662828445435,0.17038100957870483,0.942546546459198,0.5234912633895874,0.7882336974143982,0.3873348832130432,0.8179602026939392,0.5633495450019836,0.8804560303688049,0.17908193171024323,0.7988296747207642,0.5169001221656799,0.798663318157196,0.41028183698654175,0.535017728805542,0.5774632096290588,0.9351310729980469,0.03871404007077217,0.9321527481079102,0.5178756713867188,0.8653647303581238,0.3057904839515686,0.8248076438903809
punch_cz_1,42,1401,good,0.5931085348129272,0.05527845770120621,-0.24508318305015564,0.999372124671936,0.596701979637146,0.03524194657802582,-0.221263587474823,0.9992469549179077,0.6001217365264893,0.035833436995744705,-0.22128154337406158,0.9990557432174683,0.6037963032722473,0.036279261112213135,-0.22126224637031555,0.9991480708122253,0.5851680636405945,0.03224065154790878,-0.22277291119098663,0.9987645745277405,0.580361545085907,0.03064722754061222,-0.22277244925498962,0.9983718991279602,0.5753908753395081,0.02883182093501091,-0.2228488326072693,0.9983028769493103,0.6071189641952515,0.04429745674133301,-0.0880148634314537,0.9983102083206177,0.564790666103363,0.03685837984085083,-0.09366754442453384,0.9982016682624817,0.597430944442749,0.07787414640188217,-0.19610071182250977,0.9994230270385742,0.5853495001792908,0.07453067600727081,-0.19862376153469086,0.999210774898529,0.6298299431800842,0.15745815634727478,-0.03787437826395035,0.9988974332809448,0.5337685942649841,0.15402263402938843,-0.04819760471582413,0.9965170621871948,0.6560471057891846,0.27547985315322876,-0.21694302558898926,0.9400433301925659,0.4954230487346649,0.21573404967784882,-0.2255791872739792,0.9612014889717102,0.6310333609580994,0.1532147079706192,-0.3915843963623047,0.9591439366340637,0.5344448089599609,0.056772418320178986,-0.4425225555896759,0.9088127613067627,0.6248919367790222,0.12019211053848267,-0.4315391778945923,0.9179617762565613,0.5429049730300903,0.022358300164341927,-0.4788374602794647,0.8240125179290771,0.6254898309707642,0.10795599967241287,-0.4085257947444916,0.9135462641716003,0.5476133227348328,0.016570165753364563,-0.47511351108551025,0.8071283102035522,0.6255326867103577,0.12005578726530075,-0.3858685791492462,0.8872295022010803,0.5480433106422424,0.02883976511657238,-0.4449666440486908,0.7883099317550659,0.6045383214950562,0.46904456615448,0.009338335134088993,0.9995542764663696,0.5498429536819458,0.4588964581489563,-0.009379955008625984,0.9990559816360474,0.5915282368659973,0.6632252931594849,0.018365133553743362,0.9508562684059143,0.5423506498336792,0.6406610608100891,0.09395109117031097,0.9316431283950806,0.5747660398483276,0.8583753705024719,0.17450658977031708,0.9401545524597168,0.5234684944152832,0.7896968722343445,0.34489282965660095,0.8178495168685913,0.5637787580490112,0.8849791884422302,0.18377043306827545,0.7929086089134216,0.5172564387321472,0.8031796813011169,0.36521482467651367,0.5345091819763184,0.5763911604881287,0.9358744621276855,0.04377363249659538,0.9291844964027405,0.5163223147392273,0.8649536967277527,0.24564030766487122,0.825016975402832
punch_cz_1,43,1434,good,0.5913534760475159,0.055157218128442764,-0.25870057940483093,0.999411404132843,0.5958737134933472,0.035219110548496246,-0.23617324233055115,0.9992896318435669,0.5994670391082764,0.035812463611364365,-0.23621530830860138,0.9991112947463989,0.6028875112533569,0.036261141300201416,-0.23623402416706085,0.9991947412490845,0.583665132522583,0.032224077731370926,-0.23399068415164948,0.9988405704498291,0.5788126587867737,0.030726661905646324,-0.23399899899959564,0.9984744191169739,0.5738847851753235,0.029112646356225014,-0.23406310379505157,0.9984107613563538,0.6069761514663696,0.04435740038752556,-0.10730727761983871,0.9984016418457031,0.5646798014640808,0.03843463957309723,-0.09623132646083832,0.9982780814170837,0.5965332388877869,0.07786965370178223,-0.2120603770017624,0.9994551539421082,0.5832839608192444,0.07453294098377228,-0.21016009151935577,0.9992486238479614,0.6303984522819519,0.16046693921089172,-0.05912235006690025,0.9989339709281921,0.5337051749229431,0.1565880924463272,-0.05332431569695473,0.9966365694999695,0.6570609211921692,0.27764007449150085,-0.23187284171581268,0.9440375566482544,0.4947810769081116,0.23805536329746246,-0.23404982686042786,0.9632725715637207,0.6321359276771545,0.1511886566877365,-0.43419960141181946,0.9616523385047913,0.5258721709251404,0.08024280518293381,-0.47169920802116394,0.9157824516296387,0.6267665028572083,0.1164620965719223,-0.4754149615764618,0.9216578602790833,0.530919075012207,0.042089324444532394,-0.5174868702888489,0.8354153633117676,0.6272040009498596,0.10648232698440552,-0.4515725374221802,0.9171483516693115,0.5353634357452393,0.034179236739873886,-0.5013255476951599,0.8190842270851135,0.6268343329429626,0.11755365878343582,-0.4284029006958008,0.8913106918334961,0.5366562008857727,0.04675896465778351,-0.4718516170978546,0.7999144792556763,0.6041092276573181,0.47014036774635315,-0.0019840800669044256,0.9995518326759338,0.5491372346878052,0.45960384607315063,0.0019362359307706356,0.999042272567749,0.5910198092460632,0.6633928418159485,-0.013182231225073338,0.9500664472579956,0.54071044921875,0.6424899101257324,0.10555565357208252,0.9276556372642517,0.5743761658668518,0.8599750995635986,0.15700791776180267,0.9371408820152283,0.523726761341095,0.7911396026611328,0.41641637682914734,0.8077608942985535,0.5638295412063599,0.8862408399581909,0.16732993721961975,0.7819258570671082,0.5197416543960571,0.8026005029678345,0.4434524476528168,0.5253793597221375,0.5745079517364502,0.9364023208618164,0.027787260711193085,0.9247747659683228,0.5163227319717407,0.8638683557510376,0.333249032497406,0.8180583119392395
punch_cz_1,44,1468,good,0.5899279117584229,0.05451273173093796,-0.26416826248168945,0.9994410872459412,0.5952533483505249,0.03498924896121025,-0.24190352857112885,0.9993215799331665,0.5987319946289062,0.035541705787181854,-0.24195121228694916,0.9991534352302551,0.6024040579795837,0.03599446266889572,-0.24197515845298767,0.9992295503616333,0.5826918482780457,0.0321572870016098,-0.23903481662273407,0.998900830745697,0.5777151584625244,0.030717313289642334,-0.2390476018190384,0.9985561370849609,0.5726459622383118,0.029177719727158546,-0.23911088705062866,0.9984979033470154,0.6069768071174622,0.04437369853258133,-0.11439208686351776,0.9984652400016785,0.563935399055481,0.040002062916755676,-0.09888221323490143,0.9983243346214294,0.5956900119781494,0.07786283642053604,-0.21822836995124817,0.9994788765907288,0.5812584757804871,0.07453784346580505,-0.21537479758262634,0.9992740750312805,0.6309717297554016,0.16366882622241974,-0.06892953813076019,0.9989442825317383,0.5333511233329773,0.1618279665708542,-0.0551193542778492,0.9966942071914673,0.6572306752204895,0.2823657989501953,-0.24838708341121674,0.9472554326057434,0.49409106373786926,0.25566214323043823,-0.23807455599308014,0.9647079110145569,0.6319523453712463,0.15036697685718536,-0.45841869711875916,0.9636465311050415,0.5175039172172546,0.10501904040575027,-0.48209676146507263,0.9214920997619629,0.6263832449913025,0.11532492935657501,-0.4991970658302307,0.9245851635932922,0.5199988484382629,0.06581013649702072,-0.5278390049934387,0.844475507736206,0.626954197883606,0.1062019094824791,-0.47526293992996216,0.9199182391166687,0.5230929255485535,0.057935893535614014,-0.5104121565818787,0.8285236954689026,0.6265594363212585,0.116517074406147,-0.4526470899581909,0.8943753242492676,0.5248404741287231,0.070292629301548,-0.4819783568382263,0.8088921904563904,0.6036854386329651,0.47347530722618103,-0.0050085484981536865,0.9995496273040771,0.5479183793067932,0.46265852451324463,0.004961883649230003,0.9990189671516418,0.5900957584381104,0.670472264289856,-0.026555072516202927,0.9499668478965759,0.5395623445510864,0.6451352834701538,0.110753633081913,0.9241108298301697,0.5742509961128235,0.8631874918937683,0.1489904671907425,0.9358884692192078,0.5239038467407227,0.7903919219970703,0.4425601661205292,0.7988790273666382,0.5638712048530579,0.8909883499145508,0.1596803069114685,0.7716934084892273,0.5210428833961487,0.8021577596664429,0.4713810682296753,0.517482578754425,0.5735757946968079,0.9406871795654297,0.01939183473587036,0.9219186305999756,0.5161766409873962,0.8636118769645691,0.36255648732185364,0.8120052814483643
punch_cz_1,45,1501,good,0.5889548659324646,0.054289400577545166,-0.2622925639152527,0.9994739890098572,0.5949516296386719,0.03435807675123215,-0.23953969776630402,0.9993609189987183,0.598315417766571,0.03493117168545723,-0.23958799242973328,0.9992032051086426,0.6021741032600403,0.035461101680994034,-0.239609956741333,0.9992727637290955,0.5821695923805237,0.03135225921869278,-0.23821359872817993,0.9989693760871887,0.5768991112709045,0.029894528910517693,-0.23822331428527832,0.9986487627029419,0.5718747973442078,0.02846776321530342,-0.23828904330730438,0.9985946416854858,0.6069750189781189,0.04434727132320404,-0.10900075733661652,0.9985446929931641,0.5635021924972534,0.03993767872452736,-0.10012973845005035,0.998390257358551,0.5948709845542908,0.07797987759113312,-0.21522708237171173,0.9995065927505493,0.5798216462135315,0.07467487454414368,-0.214186429977417,0.9993075728416443,0.6309816241264343,0.16947491466999054,-0.06197072193026543,0.9989672303199768,0.5325528979301453,0.1659172773361206,-0.05524664744734764,0.9967367053031921,0.6570751667022705,0.2860604524612427,-0.24289754033088684,0.9499318599700928,0.49513867497444153,0.2748546898365021,-0.24016909301280975,0.965652346611023,0.6317003965377808,0.15046510100364685,-0.46272557973861694,0.9658207297325134,0.5133665800094604,0.12427810579538345,-0.49060365557670593,0.9271236658096313,0.6265779733657837,0.11541908979415894,-0.5043511986732483,0.9282971024513245,0.5137670040130615,0.08517707139253616,-0.5364319086074829,0.854408860206604,0.6275455355644226,0.10683496296405792,-0.4805670976638794,0.9236169457435608,0.5157220959663391,0.07767026871442795,-0.5210412740707397,0.8391604423522949,0.6268718838691711,0.11656403541564941,-0.45724591612815857,0.8988744616508484,0.5175129771232605,0.08904501795768738,-0.4909859597682953,0.8195310235023499,0.6031197905540466,0.47699764370918274,-0.0015132133848965168,0.9995611906051636,0.5469671487808228,0.4670780897140503,0.0014700659085065126,0.9990153312683105,0.5895072221755981,0.6759332418441772,-0.0277449619024992,0.9483930468559265,0.5388593077659607,0.648840606212616,0.1047898679971695,0.9196322560310364,0.5739609599113464,0.8667407631874084,0.15575894713401794,0.9322235584259033,0.5239158868789673,0.7925063967704773,0.4373951554298401,0.786219596862793,0.563496470451355,0.8947567343711853,0.16935977339744568,0.7610081434249878,0.5211634039878845,0.8021617531776428,0.4669782519340515,0.5045751333236694,0.5735619068145752,0.9442500472068787,0.034690048545598984,0.9179496169090271,0.5161375403404236,0.8635699152946472,0.35969844460487366,0.8025720715522766
punch_cz_1,46,1534,good,0.5881230235099792,0.05423513799905777,-0.2641916275024414,0.9994851350784302,0.5944528579711914,0.03414167836308479,-0.24163968861103058,0.9993764758110046,0.5978357791900635,0.034714922308921814,-0.2416941374540329,0.9992244243621826,0.6019731163978577,0.03530050069093704,-0.24172018468379974,0.9992884397506714,0.5817871689796448,0.03107580542564392,-0.24056604504585266,0.9990032911300659,0.5765092372894287,0.02960922196507454,-0.24057944118976593,0.9986990094184875,0.5714067816734314,0.02822853997349739,-0.24064452946186066,0.9986484050750732,0.6069474816322327,0.044352538883686066,-0.1112026497721672,0.9985705018043518,0.5628610253334045,0.039917491376399994,-0.1049354076385498,0.9983949065208435,0.5938834547996521,0.07808279246091843,-0.21698971092700958,0.999515175819397,0.5786615610122681,0.07485375553369522,-0.21628886461257935,0.999312698841095,0.6309319138526917,0.17155925929546356,-0.06305328756570816,0.9989451169967651,0.5318183302879333,0.16830185055732727,-0.05811794847249985,0.9966675043106079,0.6564524173736572,0.2890118360519409,-0.2447013109922409,0.9513646960258484,0.49563220143318176,0.29083919525146484,-0.24559417366981506,0.9653458595275879,0.6315562129020691,0.15050217509269714,-0.4670892357826233,0.9671475291252136,0.5126914381980896,0.1376829445362091,-0.5050958395004272,0.9314725995063782,0.626505970954895,0.11560869216918945,-0.5084125995635986,0.9304844737052917,0.5117679238319397,0.10137215256690979,-0.5512603521347046,0.8623079657554626,0.6276338696479797,0.10691895335912704,-0.48500391840934753,0.925660252571106,0.5131375193595886,0.09308696538209915,-0.5379713177680969,0.8477060198783875,0.6268509030342102,0.11666543036699295,-0.46190232038497925,0.9013268351554871,0.5154106616973877,0.10235972702503204,-0.5065675973892212,0.8279481530189514,0.6026984453201294,0.4776845872402191,-0.000528224220033735,0.9995552897453308,0.5461832284927368,0.46722477674484253,0.0004854763683397323,0.9989787936210632,0.5892073512077332,0.678860604763031,-0.027719469740986824,0.9470561742782593,0.5388906598091125,0.652382493019104,0.10168710350990295,0.9143197536468506,0.5740299820899963,0.8667694926261902,0.16275911033153534,0.9289717674255371,0.5239558815956116,0.7925074100494385,0.43070757389068604,0.7762625217437744,0.5637624859809875,0.8944216370582581,0.17695368826389313,0.749728798866272,0.5212443470954895,0.8023573160171509,0.4597412347793579,0.49376028776168823,0.5735894441604614,0.944327712059021,0.043247565627098083,0.9130021333694458,0.5159054398536682,0.8642460703849792,0.3485705554485321,0.7938600182533264
punch_cz_1,47,1568,good,0.5870181322097778,0.05413783714175224,-0.27629074454307556,0.999505341053009,0.5938063859939575,0.03402339294552803,-0.2546732723712921,0.9994014501571655,0.5971757769584656,0.03460606560111046,-0.25473451614379883,0.9992556571960449,0.6015695333480835,0.035232480615377426,-0.254757821559906,0.9993152022361755,0.5809423327445984,0.03093353472650051,-0.2529684603214264,0.9990500807762146,0.5754480957984924,0.029476840049028397,-0.25298115611076355,0.9987593293190002,0.5703766942024231,0.028142018243670464,-0.2530389428138733,0.9987092018127441,0.6067956686019897,0.044357795268297195,-0.12652403116226196,0.9986124038696289,0.5619460940361023,0.03986011818051338,-0.11955911666154861,0.9984131455421448,0.5929368138313293,0.07821919769048691,-0.22990936040878296,0.9995337128639221,0.5772475004196167,0.07498747110366821,-0.2282526195049286,0.9993296265602112,0.6308402419090271,0.172075554728508,-0.07993524521589279,0.9989523887634277,0.5309634208679199,0.1700534224510193,-0.06278715282678604,0.9966764450073242,0.655448853969574,0.29138898849487305,-0.2664104998111725,0.9534168839454651,0.49612924456596375,0.30053433775901794,-0.25385919213294983,0.9653702974319458,0.6313192248344421,0.1507064402103424,-0.4943174719810486,0.9689180254936218,0.5108034610748291,0.14599788188934326,-0.5185107588768005,0.935763418674469,0.6263622641563416,0.11579275876283646,-0.5364447236061096,0.9339080452919006,0.5097647309303284,0.11181438714265823,-0.5648858547210693,0.8701828122138977,0.6275486350059509,0.1071111187338829,-0.5149465799331665,0.9291512966156006,0.5105019807815552,0.10302962362766266,-0.5517967343330383,0.856347382068634,0.6267634630203247,0.11673612892627716,-0.4897356927394867,0.9055297374725342,0.5131135582923889,0.1130707710981369,-0.520155668258667,0.8367176651954651,0.6023672819137573,0.47830143570899963,-0.0007705010357312858,0.9995670914649963,0.5456231832504272,0.4687883257865906,0.000723974546417594,0.9989704489707947,0.5890285968780518,0.6819387674331665,-0.03969723358750343,0.9474101066589355,0.5384758114814758,0.6533553004264832,0.11639713495969772,0.9098103642463684,0.5740758776664734,0.8708748817443848,0.14007307589054108,0.9286660552024841,0.5237273573875427,0.7916965484619141,0.47376665472984314,0.7650958895683289,0.5663779377937317,0.8976981043815613,0.1519208401441574,0.7450838685035706,0.5214831233024597,0.8018510937690735,0.5055500864982605,0.48543158173561096,0.5737631320953369,0.9464448690414429,0.014943540096282959,0.9114925861358643,0.5156252384185791,0.8642463088035583,0.39910078048706055,0.7857226729393005
punch_cz_1,48,1601,good,0.5861917734146118,0.054039470851421356,-0.2727756202220917,0.9995169043540955,0.5931959748268127,0.03392930328845978,-0.25056248903274536,0.9994159936904907,0.5966540575027466,0.0345427505671978,-0.25062331557273865,0.9992759227752686,0.601237416267395,0.035205092281103134,-0.2506473660469055,0.9993317127227783,0.5801887512207031,0.030729474499821663,-0.24981996417045593,0.9990786910057068,0.5745989084243774,0.02926023118197918,-0.2498311549425125,0.998801589012146,0.5694904327392578,0.027945540845394135,-0.24989193677902222,0.9987539649009705,0.6066524386405945,0.04436402767896652,-0.12008951604366302,0.9986348748207092,0.5610564947128296,0.039806436747312546,-0.11788859218358994,0.9983994364738464,0.5922012329101562,0.0782737135887146,-0.22546423971652985,0.9995405077934265,0.5762274861335754,0.07503645867109299,-0.2250242531299591,0.9993308782577515,0.630730926990509,0.1716248095035553,-0.07164862006902695,0.9989320635795593,0.5301071405410767,0.1707340031862259,-0.06195555999875069,0.9965503215789795,0.6544652581214905,0.2927003800868988,-0.25405383110046387,0.954092800617218,0.49771052598953247,0.30322638154029846,-0.2534988522529602,0.9639102220535278,0.631149411201477,0.15069065988063812,-0.48005494475364685,0.9699102640151978,0.5119091868400574,0.15056319534778595,-0.5155971646308899,0.9388531446456909,0.6262630224227905,0.11601090431213379,-0.5223602652549744,0.9357923865318298,0.5097781419754028,0.11571737378835678,-0.5631952881813049,0.8761723637580872,0.6274616718292236,0.10715598613023758,-0.501366138458252,0.9309934973716736,0.5103954076766968,0.1076330915093422,-0.5511951446533203,0.8629103899002075,0.6266849040985107,0.11672127991914749,-0.4759789705276489,0.9077869653701782,0.5131198167800903,0.11844464391469955,-0.5178353190422058,0.8430304527282715,0.602239727973938,0.4780854284763336,-0.001127536059357226,0.9995572566986084,0.5454224348068237,0.46858125925064087,0.0010860040783882141,0.9989083409309387,0.5889055728912354,0.6818624138832092,-0.037537697702646255,0.9463247656822205,0.53865647315979,0.6554581522941589,0.11031942814588547,0.9048357009887695,0.5740854144096375,0.8681086301803589,0.1458069384098053,0.9255516529083252,0.5243676900863647,0.7917285561561584,0.44875675439834595,0.7550497055053711,0.5674124360084534,0.8890299201011658,0.1604335904121399,0.732238233089447,0.5221582055091858,0.8020352125167847,0.47755250334739685,0.4744957685470581,0.5733882188796997,0.9457695484161377,0.02508268877863884,0.9070446491241455,0.5172259211540222,0.864366352558136,0.36714184284210205,0.7777235507965088
punch_cz_1,49,1634,good,0.5846350789070129,0.05399993807077408,-0.27127641439437866,0.9995349049568176,0.5918689966201782,0.0339440256357193,-0.2490854561328888,0.9994413256645203,0.5953119993209839,0.03455809876322746,-0.24915319681167603,0.9993088841438293,0.600021481513977,0.03524172306060791,-0.24918533861637115,0.9993614554405212,0.5783107280731201,0.030787181109189987,-0.24806632101535797,0.9991218447685242,0.5725929141044617,0.029425278306007385,-0.24807621538639069,0.9988577365875244,0.5675636529922485,0.028317604213953018,-0.24813701212406158,0.9988109469413757,0.6061925888061523,0.044532787054777145,-0.12025580555200577,0.9986974000930786,0.5597583055496216,0.040557969361543655,-0.11696972697973251,0.998440682888031,0.591181218624115,0.07830265909433365,-0.22446061670780182,0.999560534954071,0.5745967626571655,0.07515708357095718,-0.22330905497074127,0.9993487596511841,0.6306359767913818,0.1712857037782669,-0.07668726146221161,0.9989455938339233,0.5291901230812073,0.17198964953422546,-0.054508011788129807,0.9965217113494873,0.6539446115493774,0.2924250066280365,-0.26504290103912354,0.9554526805877686,0.4984927475452423,0.30403947830200195,-0.23144465684890747,0.9619548320770264,0.6306419968605042,0.15066759288311005,-0.49208346009254456,0.9709057211875916,0.5123154520988464,0.15340329706668854,-0.4988671839237213,0.9413731694221497,0.6260148286819458,0.116236113011837,-0.5339552164077759,0.9378119111061096,0.5092569589614868,0.119109146296978,-0.5442532300949097,0.8811248540878296,0.6273731589317322,0.10714369267225266,-0.5131903290748596,0.9329803586006165,0.5103453993797302,0.11095696687698364,-0.5312830209732056,0.8682839274406433,0.6265522837638855,0.11660873144865036,-0.4877206087112427,0.9101256728172302,0.513177216053009,0.12274078279733658,-0.5000315308570862,0.8480888605117798,0.6021038293838501,0.47806447744369507,-0.004624569322913885,0.9995664358139038,0.5451810359954834,0.4697542190551758,0.004601699765771627,0.998889684677124,0.588533341884613,0.6815942525863647,-0.05652383714914322,0.945572018623352,0.5380861163139343,0.655688464641571,0.10716338455677032,0.8992279767990112,0.5740881562232971,0.867754340171814,0.13327232003211975,0.9227285385131836,0.5242103934288025,0.7915566563606262,0.4560474157333374,0.7404010891914368,0.5673922896385193,0.8974305391311646,0.1462293416261673,0.7195003628730774,0.5224549770355225,0.8018933534622192,0.4873156249523163,0.4643820822238922,0.5733563303947449,0.9462980628013611,0.009609510190784931,0.9012278318405151,0.5164722800254822,0.864395797252655,0.3813411593437195,0.7657815217971802
punch_cz_1,50,1668,good,0.5838456749916077,0.05397826433181763,-0.27596515417099,0.9995464086532593,0.5911495685577393,0.03393201529979706,-0.25438737869262695,0.9994588494300842,0.5946176052093506,0.03454838693141937,-0.25445517897605896,0.9993312358856201,0.5994585156440735,0.03523925691843033,-0.25449201464653015,0.9993812441825867,0.5774653553962708,0.030779944732785225,-0.25260594487190247,0.9991554021835327,0.5716460943222046,0.02944306656718254,-0.252619206905365,0.9989018440246582,0.5665958523750305,0.02839948795735836,-0.2526758909225464,0.9988566637039185,0.6059862375259399,0.044627610594034195,-0.1261996477842331,0.998734712600708,0.5588160753250122,0.04083108529448509,-0.11989513784646988,0.9984654188156128,0.5905733704566956,0.07833247631788254,-0.2294129580259323,0.9995728731155396,0.5738095045089722,0.07525157183408737,-0.22751113772392273,0.9993616938591003,0.630450963973999,0.17098894715309143,-0.08098111301660538,0.9989371299743652,0.5286630988121033,0.17263846099376678,-0.057134829461574554,0.9965001344680786,0.6537806391716003,0.2922482490539551,-0.2692127823829651,0.9566981792449951,0.4987713396549225,0.3036470115184784,-0.24473196268081665,0.961259126663208,0.630000650882721,0.14998768270015717,-0.4934315085411072,0.9719159007072449,0.5121142864227295,0.15391883254051208,-0.5198946595191956,0.9438436627388,0.6257113814353943,0.11609305441379547,-0.5357897281646729,0.9397135972976685,0.5089226365089417,0.11975813657045364,-0.5669927000999451,0.8858017325401306,0.6271268129348755,0.10661888867616653,-0.5138455629348755,0.9348624348640442,0.5099660158157349,0.11141987890005112,-0.5544587969779968,0.8733792304992676,0.6261996030807495,0.11581195890903473,-0.4886838495731354,0.9124386310577393,0.5128268599510193,0.12330258637666702,-0.5218989849090576,0.8530216813087463,0.6020063161849976,0.47904708981513977,-0.004023946821689606,0.9995667338371277,0.5449722409248352,0.47044992446899414,0.004004025366157293,0.9988606572151184,0.588485062122345,0.6823605298995972,-0.049065493047237396,0.9445614814758301,0.5381593108177185,0.6563581228256226,0.1069335862994194,0.8950904607772827,0.5741360783576965,0.8683288097381592,0.13730083405971527,0.920413613319397,0.524442195892334,0.7915929555892944,0.45471420884132385,0.730604887008667,0.5673474669456482,0.8994089365005493,0.14953012764453888,0.7102797031402588,0.5225186347961426,0.8023314476013184,0.48569759726524353,0.45614323019981384,0.5738428831100464,0.9483077526092529,0.013307752087712288,0.8970450758934021,0.5164729952812195,0.8653020858764648,0.37941139936447144,0.7574872970581055
punch_cz_1,51,1701,good,0.5833271741867065,0.053924012929201126,-0.27599361538887024,0.9995678067207336,0.5906916260719299,0.03390495479106903,-0.2540704607963562,0.9994858503341675,0.5940982103347778,0.03452956676483154,-0.25413089990615845,0.9993646740913391,0.5989388823509216,0.03523518517613411,-0.254161536693573,0.9994117617607117,0.5770342946052551,0.03074943833053112,-0.2523467242717743,0.9992019534111023,0.5711629390716553,0.02943221852183342,-0.2523599863052368,0.9989636540412903,0.5661250352859497,0.02840057574212551,-0.2524152994155884,0.9989221692085266,0.6057789325714111,0.044763464480638504,-0.12479118257761002,0.9987931251525879,0.5582752227783203,0.040969789028167725,-0.11920177191495895,0.9985242486000061,0.5901678800582886,0.07837856560945511,-0.22920489311218262,0.9995909333229065,0.5733651518821716,0.0753161683678627,-0.22746920585632324,0.9993863701820374,0.6301081776618958,0.1712469458580017,-0.07868719846010208,0.9989371299743652,0.5283933281898499,0.17350994050502777,-0.05806832015514374,0.9964984059333801,0.6537811756134033,0.29202112555503845,-0.2643466889858246,0.958331286907196,0.4988386929035187,0.3014231324195862,-0.24552154541015625,0.9611758589744568,0.6292588710784912,0.14828969538211823,-0.4860736131668091,0.9731311202049255,0.5119776725769043,0.15358728170394897,-0.5103858709335327,0.9463114738464355,0.6255429983139038,0.11555834114551544,-0.5283427834510803,0.9418743848800659,0.5090802311897278,0.11976943165063858,-0.5567014813423157,0.890265703201294,0.626750648021698,0.10615814477205276,-0.5060421228408813,0.9370217323303223,0.5101726055145264,0.11088152229785919,-0.5438337922096252,0.8782079815864563,0.6255652904510498,0.11505793035030365,-0.4811967611312866,0.9151080250740051,0.512877345085144,0.12253059446811676,-0.5120574831962585,0.8577797412872314,0.6019207835197449,0.4794846773147583,-0.004275460261851549,0.9995625019073486,0.5449621677398682,0.47060203552246094,0.004262564703822136,0.9988354444503784,0.5880777835845947,0.683147668838501,-0.043405186384916306,0.9429048299789429,0.5388296246528625,0.6582366824150085,0.10892762988805771,0.8907694816589355,0.573811948299408,0.8659684062004089,0.14416302740573883,0.9174616932868958,0.5248424410820007,0.7924065589904785,0.4486537277698517,0.7255653738975525,0.5655221343040466,0.8988792896270752,0.1574714332818985,0.7032245993614197,0.5226017832756042,0.803891122341156,0.4785554111003876,0.45301827788352966,0.5732501745223999,0.9477896094322205,0.021992960944771767,0.892916202545166,0.5164670944213867,0.866600751876831,0.36945289373397827,0.7527942657470703
punch_cz_1,52,1735,good,0.5831654667854309,0.05389995872974396,-0.2816605269908905,0.9995851516723633,0.5904645323753357,0.03389376401901245,-0.26012301445007324,0.9995090961456299,0.5938671827316284,0.034520652145147324,-0.26018473505973816,0.9993937611579895,0.5987234115600586,0.035231344401836395,-0.2602226138114929,0.9994382858276367,0.5769026279449463,0.030742941424250603,-0.2578187584877014,0.9992420077323914,0.5710545182228088,0.02944130077958107,-0.257833868265152,0.999016523361206,0.5660058856010437,0.028442297130823135,-0.2578849792480469,0.9989777207374573,0.6056515574455261,0.04486154019832611,-0.13191266357898712,0.998845100402832,0.5580228567123413,0.041111379861831665,-0.12380336970090866,0.9985762238502502,0.5899896025657654,0.07846956700086594,-0.23529931902885437,0.999607264995575,0.5732618570327759,0.0754421204328537,-0.23293448984622955,0.9994086027145386,0.6299557089805603,0.17160268127918243,-0.08662538975477219,0.998938798904419,0.5281809568405151,0.17327947914600372,-0.06189073622226715,0.9965173006057739,0.6537804007530212,0.29185518622398376,-0.2781687378883362,0.9599961638450623,0.49843719601631165,0.29956313967704773,-0.24781441688537598,0.9613437056541443,0.6287521719932556,0.14713126420974731,-0.5028759241104126,0.9742581844329834,0.5119926929473877,0.15284425020217896,-0.5089876651763916,0.9486844539642334,0.6253222823143005,0.11503187566995621,-0.5461022257804871,0.9438983201980591,0.5090464353561401,0.11934561282396317,-0.5549206137657166,0.8945724964141846,0.6264075040817261,0.10554076731204987,-0.5226582288742065,0.9390506148338318,0.5101848244667053,0.11045269668102264,-0.5417286157608032,0.8828771114349365,0.6251035332679749,0.11422121524810791,-0.4975568950176239,0.9176098108291626,0.5129591822624207,0.12191739678382874,-0.5104405879974365,0.8624036312103271,0.6018285751342773,0.4794110953807831,-0.004900166764855385,0.9995589852333069,0.5448947548866272,0.4705284535884857,0.004897803068161011,0.9988094568252563,0.5875633358955383,0.6828674674034119,-0.04439670592546463,0.9402918815612793,0.5388749837875366,0.6581034660339355,0.10866595059633255,0.885807454586029,0.5737962126731873,0.8651047945022583,0.14465273916721344,0.9131408333778381,0.5250405073165894,0.7925747632980347,0.4452351927757263,0.7183065414428711,0.5642474293708801,0.8986063003540039,0.15761922299861908,0.694196343421936,0.5226946473121643,0.8040787577629089,0.4747478663921356,0.4476141929626465,0.5730903744697571,0.9468591809272766,0.022179074585437775,0.8868517875671387,0.5161899924278259,0.8672648668289185,0.3652114272117615,0.7456924915313721
punch_cz_1,53,1768,good,0.5830758213996887,0.05374402552843094,-0.2812420725822449,0.9996030330657959,0.5904099941253662,0.03375287353992462,-0.2599746882915497,0.9995293021202087,0.5937953591346741,0.0343756303191185,-0.26002922654151917,0.9994182586669922,0.598639726638794,0.03511007875204086,-0.260058730840683,0.9994603991508484,0.5768591165542603,0.030669057741761208,-0.25771641731262207,0.9992789030075073,0.5709753632545471,0.02940324880182743,-0.25772833824157715,0.9990650415420532,0.5659412741661072,0.02843378856778145,-0.2577778398990631,0.9990294575691223,0.605586588382721,0.044867143034935,-0.13275116682052612,0.9988857507705688,0.5578947067260742,0.041104238480329514,-0.12467598915100098,0.9986192584037781,0.589885413646698,0.07847423106431961,-0.23507528007030487,0.9996217489242554,0.573151171207428,0.07544828206300735,-0.23281361162662506,0.9994301795959473,0.6297963261604309,0.17156414687633514,-0.08637384325265884,0.9989457130432129,0.5279419422149658,0.17300519347190857,-0.062272392213344574,0.9965721964836121,0.6538200378417969,0.2917563021183014,-0.2699049413204193,0.961550772190094,0.49817782640457153,0.29925066232681274,-0.24778561294078827,0.9610533118247986,0.6280370354652405,0.14665280282497406,-0.4968710243701935,0.975305438041687,0.5120092630386353,0.15270012617111206,-0.5082606077194214,0.9506879448890686,0.6246700286865234,0.11485889554023743,-0.5436719655990601,0.9456673860549927,0.5091321468353271,0.11916960030794144,-0.5543807148933411,0.8982028961181641,0.6255540251731873,0.10530745983123779,-0.521856427192688,0.9408031702041626,0.5103846192359924,0.1103467047214508,-0.5412420630455017,0.8867797255516052,0.6241274476051331,0.11394275724887848,-0.4937264025211334,0.9197724461555481,0.5132295489311218,0.12179955095052719,-0.509775698184967,0.8662205338478088,0.6017640233039856,0.4792921245098114,-0.004600053187459707,0.99955815076828,0.5448216795921326,0.47045329213142395,0.004587587434798479,0.9987964630126953,0.5876029133796692,0.6825743317604065,-0.040963660925626755,0.9399946928024292,0.538922131061554,0.6579562425613403,0.11088761687278748,0.8842118382453918,0.5738195776939392,0.8650461435317993,0.15228788554668427,0.9127120971679688,0.5252474546432495,0.7924957871437073,0.4452653229236603,0.7181767225265503,0.5642573833465576,0.8981257677078247,0.165022075176239,0.6903983950614929,0.5228666067123413,0.8041963577270508,0.47455066442489624,0.4472883641719818,0.5731028318405151,0.9469954371452332,0.029663844034075737,0.8859871625900269,0.5162912011146545,0.8670697808265686,0.3645942807197571,0.7458614110946655
punch_cz_1,54,1801,good,0.5831167697906494,0.05343597009778023,-0.2852042317390442,0.9996138215065002,0.5903922915458679,0.033499810844659805,-0.26392629742622375,0.999543309211731,0.593810498714447,0.034118808805942535,-0.263989120721817,0.99943608045578,0.598648726940155,0.03486216813325882,-0.26402509212493896,0.9994758367538452,0.5769078135490417,0.03049982152879238,-0.261476069688797,0.9993051886558533,0.5710323452949524,0.029263224452733994,-0.2614902853965759,0.9991006255149841,0.5660041570663452,0.028330832719802856,-0.2615405023097992,0.9990666508674622,0.6055829524993896,0.04476771131157875,-0.13610275089740753,0.9989199042320251,0.5578680038452148,0.04090304672718048,-0.12712368369102478,0.9986451268196106,0.5898362398147583,0.07829857617616653,-0.23873239755630493,0.9996317028999329,0.5732046961784363,0.07528616487979889,-0.23619525134563446,0.9994418621063232,0.6298204660415649,0.17051471769809723,-0.08992717415094376,0.9989467859268188,0.5278211236000061,0.1726369857788086,-0.06231003999710083,0.9966005682945251,0.6538240313529968,0.29163163900375366,-0.27313753962516785,0.9628957509994507,0.49815645813941956,0.29955464601516724,-0.245501309633255,0.9608210325241089,0.6269301772117615,0.1470520794391632,-0.49490317702293396,0.9760875701904297,0.5120593309402466,0.1526295393705368,-0.5066549777984619,0.9527528285980225,0.6232748031616211,0.1151503324508667,-0.5385014414787292,0.9469678401947021,0.5093125104904175,0.11965654045343399,-0.5527718663215637,0.9020082950592041,0.6245445609092712,0.10557615011930466,-0.5162141919136047,0.9420812726020813,0.5107321739196777,0.11041770875453949,-0.5401160717010498,0.8909192681312561,0.6232923865318298,0.11402188241481781,-0.49024102091789246,0.9212825894355774,0.5135629177093506,0.1217241957783699,-0.508332371711731,0.8702905774116516,0.6017590761184692,0.47856518626213074,-0.005383519921451807,0.9995548129081726,0.5448235273361206,0.46977314352989197,0.005362850148230791,0.9987790584564209,0.5875084400177002,0.6823700666427612,-0.04146915301680565,0.9392184615135193,0.5387973785400391,0.6578872799873352,0.10517671704292297,0.8828007578849792,0.5736121535301208,0.8649036884307861,0.15643064677715302,0.9104554653167725,0.5247684717178345,0.7924471497535706,0.44211599230766296,0.7147554755210876,0.5638271570205688,0.8978907465934753,0.16995568573474884,0.6837396621704102,0.5228825211524963,0.8041931390762329,0.47186538577079773,0.44425514340400696,0.572518527507782,0.9454482197761536,0.03689084202051163,0.882577657699585,0.51612788438797,0.867224931716919,0.3639429807662964,0.7428162693977356
punch_cz_1,55,1835,good,0.5830274224281311,0.05306050553917885,-0.2874554395675659,0.9996247887611389,0.5903385281562805,0.03334210813045502,-0.2667834460735321,0.9995566606521606,0.5937530398368835,0.03396231681108475,-0.2668449580669403,0.9994533061981201,0.5985944867134094,0.03473583981394768,-0.26688089966773987,0.999491274356842,0.5767953395843506,0.030370578169822693,-0.2632587254047394,0.9993306398391724,0.570884108543396,0.029186919331550598,-0.2632688879966736,0.9991338849067688,0.5658508539199829,0.028306003659963608,-0.2633165717124939,0.9991016983985901,0.6055940389633179,0.04478386044502258,-0.1424248069524765,0.9989513158798218,0.5578362345695496,0.04091622307896614,-0.12812818586826324,0.9986692667007446,0.5898247957229614,0.0781065970659256,-0.24226754903793335,0.9996433258056641,0.5730903744697571,0.07517895847558975,-0.2382163554430008,0.9994567036628723,0.6301686763763428,0.17047515511512756,-0.09840127825737,0.9989543557167053,0.5278618335723877,0.17247481644153595,-0.06251860409975052,0.9966754913330078,0.6539071202278137,0.2915254533290863,-0.28237882256507874,0.9641525745391846,0.4982205927371979,0.3012572228908539,-0.24249957501888275,0.960537314414978,0.6265802979469299,0.1476454883813858,-0.4999088943004608,0.9767619371414185,0.5120903253555298,0.15797150135040283,-0.506971001625061,0.9546733498573303,0.6227108836174011,0.11553356796503067,-0.5418859720230103,0.9482396245002747,0.5096672177314758,0.12452062219381332,-0.5536076426506042,0.905595600605011,0.624028742313385,0.10606487095355988,-0.5199527144432068,0.9433203935623169,0.5111625790596008,0.1147376075387001,-0.5406550168991089,0.8948179483413696,0.6229079961776733,0.1143946573138237,-0.49473270773887634,0.9227652549743652,0.5139238834381104,0.12558160722255707,-0.5086727142333984,0.8741185665130615,0.6017568707466125,0.47850924730300903,-0.007038389332592487,0.999561071395874,0.5448179841041565,0.4690222144126892,0.007004274055361748,0.9987775087356567,0.5874479413032532,0.6811122894287109,-0.04776998236775398,0.9397668242454529,0.5379639267921448,0.6577565670013428,0.11004675179719925,0.8828243613243103,0.5735530853271484,0.8648589849472046,0.14267787337303162,0.9106578826904297,0.5248343348503113,0.7924478054046631,0.45135197043418884,0.7136092782020569,0.5644250512123108,0.8879371881484985,0.15494371950626373,0.6779372692108154,0.5231909155845642,0.8042011260986328,0.48153817653656006,0.4437033236026764,0.5724968314170837,0.9457089900970459,0.02001502551138401,0.8816857933998108,0.5153954029083252,0.8672158122062683,0.376140296459198,0.7428014278411865
punch_cz_1,56,1868,good,0.5830212235450745,0.052446454763412476,-0.2731058895587921,0.9996302127838135,0.5903457999229431,0.03241041302680969,-0.25282666087150574,0.9995585083961487,0.5937627553939819,0.033028170466423035,-0.2528948187828064,0.9994563460350037,0.5985870361328125,0.03376955911517143,-0.2529242932796478,0.9994920492172241,0.5767525434494019,0.02961037866771221,-0.24890698492527008,0.999343752861023,0.5708449482917786,0.02850402519106865,-0.24891577661037445,0.9991520047187805,0.5658031702041626,0.02765023149549961,-0.2489684373140335,0.999121904373169,0.6057766079902649,0.044343676418066025,-0.13081197440624237,0.9989465475082397,0.5579150915145874,0.04052593186497688,-0.11418434977531433,0.9986695647239685,0.5898339748382568,0.0779043585062027,-0.22853504121303558,0.9996472597122192,0.5731059312820435,0.07503310590982437,-0.2239179015159607,0.9994635581970215,0.6312839388847351,0.17002801597118378,-0.08344679325819016,0.9989673495292664,0.5287379026412964,0.1721866875886917,-0.049319181591272354,0.9967987537384033,0.6543912887573242,0.2916780412197113,-0.25180646777153015,0.9654040336608887,0.49826860427856445,0.30233070254325867,-0.21301411092281342,0.9607858657836914,0.6257948279380798,0.1543104350566864,-0.47064268589019775,0.977573812007904,0.5119754076004028,0.165919229388237,-0.479618102312088,0.9567214846611023,0.6214401125907898,0.12162591516971588,-0.5124990940093994,0.9497206211090088,0.5099261999130249,0.13088300824165344,-0.5271896719932556,0.9093353152275085,0.6231734156608582,0.11004117131233215,-0.4933188259601593,0.9448543787002563,0.5114663243293762,0.12011044472455978,-0.5153941512107849,0.8989025354385376,0.6220830082893372,0.12014954537153244,-0.4662691056728363,0.9246252775192261,0.514180064201355,0.13207566738128662,-0.48148804903030396,0.8782181739807129,0.6017712354660034,0.47846493124961853,-0.006518206093460321,0.9995649456977844,0.5448236465454102,0.4685817360877991,0.00646580196917057,0.9987872242927551,0.5879736542701721,0.6810113191604614,-0.04323067143559456,0.939674973487854,0.5377340912818909,0.657759428024292,0.0930367037653923,0.8834139704704285,0.5735824704170227,0.8657932281494141,0.15522731840610504,0.9086213707923889,0.5248363018035889,0.7934563159942627,0.43930891156196594,0.7092804312705994,0.5643435716629028,0.8909962773323059,0.16826505959033966,0.6713759303092957,0.523189127445221,0.8040841221809387,0.4702191948890686,0.4387747049331665,0.5733269453048706,0.9464262127876282,0.03627542406320572,0.8794199228286743,0.5153620839118958,0.8668224811553955,0.3706209063529968,0.7402180433273315
punch_cz_1,57,1901,good,0.5830755829811096,0.05181828513741493,-0.2731833755970001,0.9996442198753357,0.5904735326766968,0.031466882675886154,-0.2529180943965912,0.9995730519294739,0.5939533114433289,0.032058633863925934,-0.25298556685447693,0.9994752407073975,0.5985914468765259,0.03273415192961693,-0.2530145049095154,0.9995076060295105,0.5767291188240051,0.0290067121386528,-0.24895478785037994,0.9993700385093689,0.5708687901496887,0.028028830885887146,-0.24896006286144257,0.9991884231567383,0.5658016800880432,0.027309853583574295,-0.2490111142396927,0.9991587996482849,0.6059741377830505,0.04361475259065628,-0.13052934408187866,0.9989798665046692,0.5581952929496765,0.04029989615082741,-0.11467680335044861,0.9987111687660217,0.5900512933731079,0.07743889093399048,-0.228542298078537,0.9996606707572937,0.573123037815094,0.07499553263187408,-0.22407887876033783,0.999482274055481,0.6322299838066101,0.17010080814361572,-0.07863561064004898,0.99899822473526,0.5292574167251587,0.17205984890460968,-0.051931727677583694,0.9969380497932434,0.6550747752189636,0.2938464283943176,-0.2437869906425476,0.9669208526611328,0.4982912242412567,0.305672287940979,-0.22198911011219025,0.9616653323173523,0.6259641051292419,0.15860940515995026,-0.46798136830329895,0.9787752032279968,0.5120655298233032,0.17326804995536804,-0.4885171353816986,0.9590768814086914,0.6216803193092346,0.12438318878412247,-0.5101305246353149,0.9520964026451111,0.5105846524238586,0.13793905079364777,-0.5380581617355347,0.913753092288971,0.6235230565071106,0.11157477647066116,-0.4910571277141571,0.9474073052406311,0.5123724341392517,0.12562069296836853,-0.5262084603309631,0.9037741422653198,0.6222936511039734,0.12232664972543716,-0.46379560232162476,0.9278697371482849,0.5149131417274475,0.13818269968032837,-0.4903571903705597,0.8834028244018555,0.6019599437713623,0.4784219264984131,-0.005762582179158926,0.999566912651062,0.5449860095977783,0.4688362777233124,0.005694086663424969,0.9988031983375549,0.5880581736564636,0.6814220547676086,-0.032452166080474854,0.9391894340515137,0.537723183631897,0.6608653664588928,0.08428127318620682,0.8830271363258362,0.5734070539474487,0.8663883209228516,0.17974978685379028,0.904441773891449,0.5248516201972961,0.7949475049972534,0.43069544434547424,0.7018308639526367,0.564343273639679,0.8910633325576782,0.19435657560825348,0.6636846661567688,0.5231433510780334,0.8040685653686523,0.4617973864078522,0.43203383684158325,0.5733247995376587,0.9457808136940002,0.06607125699520111,0.8744664788246155,0.5153657793998718,0.8668050169944763,0.3606815040111542,0.7337695360183716
punch_cz_1,58,1935,good,0.5830764770507812,0.0509042963385582,-0.30492714047431946,0.9996607899665833,0.5904817581176758,0.029485568404197693,-0.2824826240539551,0.9995926022529602,0.5940080881118774,0.030277369543910027,-0.2825416326522827,0.9994997382164001,0.5985832214355469,0.03101450204849243,-0.28257474303245544,0.9995288848876953,0.5764491558074951,0.027304325252771378,-0.2812425196170807,0.9994025230407715,0.570712685585022,0.026466114446520805,-0.2812745273113251,0.9992324709892273,0.5655814409255981,0.026010269299149513,-0.28133314847946167,0.9992027282714844,0.6061162352561951,0.042892973870038986,-0.14705277979373932,0.9990288019180298,0.5582029819488525,0.03987835347652435,-0.14302022755146027,0.9987726211547852,0.5900574326515198,0.07693491131067276,-0.25529855489730835,0.9996787905693054,0.5730469822883606,0.07494550198316574,-0.2543279826641083,0.9995079040527344,0.6325863599777222,0.17098920047283173,-0.0850927084684372,0.999030351638794,0.5288358330726624,0.17175614833831787,-0.07833181321620941,0.9970771670341492,0.6565225124359131,0.2959205210208893,-0.25174251198768616,0.968413233757019,0.49832451343536377,0.31038275361061096,-0.2547188103199005,0.9625920057296753,0.6269038319587708,0.16148029267787933,-0.4906030297279358,0.9798487424850464,0.5131363272666931,0.18234413862228394,-0.5342413783073425,0.9612097144126892,0.6223526000976562,0.12733668088912964,-0.5347303152084351,0.9541991353034973,0.5122829675674438,0.14801466464996338,-0.584617018699646,0.9178234934806824,0.6246335506439209,0.11347825825214386,-0.515413224697113,0.9496821165084839,0.5137433409690857,0.13485518097877502,-0.5734712481498718,0.9083105325698853,0.6235353946685791,0.12432976067066193,-0.48669320344924927,0.930736243724823,0.5160414576530457,0.14695562422275543,-0.5363389849662781,0.8881824612617493,0.6023920178413391,0.47902747988700867,-0.0044092112220823765,0.9995706677436829,0.5453641414642334,0.4706990718841553,0.004346989560872316,0.9988203644752502,0.5887171626091003,0.6819264888763428,-0.030888769775629044,0.9402197599411011,0.537726640701294,0.670555055141449,0.08216710388660431,0.8846347332000732,0.5728942155838013,0.8656530976295471,0.19098521769046783,0.9021371603012085,0.5247637033462524,0.7945457696914673,0.44348374009132385,0.6950876712799072,0.5641800761222839,0.8857253193855286,0.20660987496376038,0.6585751175880432,0.523165762424469,0.8040755987167358,0.4768974184989929,0.42660823464393616,0.5732842683792114,0.945015013217926,0.07728973776102066,0.8717958927154541,0.5153944492340088,0.8670271039009094,0.3750464618206024,0.7283838987350464
punch_cz_1,59,1968,good,0.5830835103988647,0.05053531751036644,-0.3433995544910431,0.9996866583824158,0.590535044670105,0.028469868004322052,-0.32058075070381165,0.9996240139007568,0.594095766544342,0.029255613684654236,-0.32062089443206787,0.9995376467704773,0.5988219976425171,0.030156845226883888,-0.3206503689289093,0.9995633363723755,0.5764921307563782,0.0261599849909544,-0.32267695665359497,0.9994515776634216,0.57071852684021,0.025257639586925507,-0.32271215319633484,0.9992961287498474,0.5655842423439026,0.02468886785209179,-0.32276344299316406,0.999268651008606,0.6064059138298035,0.04242633655667305,-0.17544923722743988,0.9991005063056946,0.5580722689628601,0.03794537112116814,-0.18824084103107452,0.9988769888877869,0.5900600552558899,0.07673218846321106,-0.28949102759361267,0.9997045993804932,0.5730286240577698,0.07485096901655197,-0.2932131588459015,0.9995496273040771,0.6325523853302002,0.17036354541778564,-0.09345658868551254,0.9990836381912231,0.5266814231872559,0.16984403133392334,-0.11486994475126266,0.9972946047782898,0.6578400731086731,0.2992818057537079,-0.252079039812088,0.9699167013168335,0.49819669127464294,0.3181358873844147,-0.29109495878219604,0.9641638994216919,0.627414882183075,0.16457651555538177,-0.4928467869758606,0.9807762503623962,0.51649010181427,0.20192326605319977,-0.5755962133407593,0.962990939617157,0.6229744553565979,0.12831194698810577,-0.5375756621360779,0.9558744430541992,0.5177789926528931,0.17038185894489288,-0.6260932683944702,0.9210977554321289,0.6249009370803833,0.11493399739265442,-0.5177820920944214,0.9514954686164856,0.5185698866844177,0.1574760228395462,-0.6152067184448242,0.9119490385055542,0.6237589716911316,0.12675456702709198,-0.48878058791160583,0.9329213500022888,0.520746648311615,0.16540658473968506,-0.5767820477485657,0.8917516469955444,0.6027191281318665,0.47892189025878906,0.0016890446422621608,0.9995838403701782,0.5457267165184021,0.47063761949539185,-0.0017261597095057368,0.9988555312156677,0.5901655554771423,0.679422914981842,-0.03234981745481491,0.9422668218612671,0.5377321243286133,0.6714890599250793,0.08306597918272018,0.8884084224700928,0.5728957056999207,0.8653482794761658,0.18181265890598297,0.9039449691772461,0.5247253775596619,0.794061541557312,0.45520707964897156,0.6964383125305176,0.5641605854034424,0.8878490924835205,0.19610919058322906,0.6643028855323792,0.5224349498748779,0.7989661693572998,0.4888231158256531,0.4276290833950043,0.5748454332351685,0.945002019405365,0.0652620866894722,0.874591052532196,0.5149217247962952,0.8672423958778381,0.38487428426742554,0.7296109199523926
punch_cz_1,60,2002,good,0.5830757021903992,0.04984956607222557,-0.3196955919265747,0.9997134804725647,0.590528666973114,0.027856016531586647,-0.2936573028564453,0.9996567368507385,0.5942644476890564,0.028557006269693375,-0.2937074303627014,0.9995777010917664,0.5990631580352783,0.02943616732954979,-0.2937116324901581,0.999600887298584,0.5765025019645691,0.025697024539113045,-0.2988729774951935,0.9995000958442688,0.5707128643989563,0.024880770593881607,-0.2988409698009491,0.9993581771850586,0.5655249357223511,0.024379165843129158,-0.29886147379875183,0.9993331432342529,0.6068026423454285,0.04209990054368973,-0.14366722106933594,0.9991782307624817,0.5577355623245239,0.037737686187028885,-0.16663901507854462,0.9989768266677856,0.5899664759635925,0.07640150189399719,-0.26227375864982605,0.9997307062149048,0.572770893573761,0.07463876157999039,-0.26984578371047974,0.9995899796485901,0.6326475739479065,0.1708756536245346,-0.06878302246332169,0.9991471767425537,0.5258267521858215,0.17178617417812347,-0.07869599014520645,0.9974844455718994,0.6582457423210144,0.3042493164539337,-0.2246902585029602,0.9713945388793945,0.49821606278419495,0.32406964898109436,-0.22862067818641663,0.9627737402915955,0.6268636584281921,0.16977499425411224,-0.4669380486011505,0.9816478490829468,0.519176721572876,0.2209593951702118,-0.5029948949813843,0.9612496495246887,0.6225032806396484,0.12993685901165009,-0.5113436579704285,0.9576245546340942,0.521498441696167,0.20120391249656677,-0.5500563979148865,0.9176054000854492,0.6241921782493591,0.11699015647172928,-0.4930456280708313,0.9534061551094055,0.523017168045044,0.18707555532455444,-0.5435374975204468,0.9081473350524902,0.6230424642562866,0.13103064894676208,-0.4632297456264496,0.9353227615356445,0.5256824493408203,0.19248013198375702,-0.5056889057159424,0.8870205283164978,0.602727472782135,0.478946328163147,0.001658060704357922,0.9996001124382019,0.5457310080528259,0.4706650674343109,-0.0016958974301815033,0.9988894462585449,0.5904896855354309,0.6791710257530212,-0.027899781242012978,0.9450626969337463,0.5376893281936646,0.6771812438964844,0.07931029796600342,0.8925873637199402,0.5730295181274414,0.864865243434906,0.18241524696350098,0.906217098236084,0.5248339772224426,0.7931637167930603,0.454664409160614,0.6942306756973267,0.5661285519599915,0.8802488446235657,0.1962527185678482,0.6638498902320862,0.5224461555480957,0.7953111529350281,0.48811137676239014,0.4246996343135834,0.5747992396354675,0.9450890421867371,0.06294309347867966,0.8772164583206177,0.5144141316413879,0.8672452569007874,0.38741883635520935,0.7291252017021179
punch_cz_1,61,2035,good,0.583299994468689,0.049781233072280884,-0.33281296491622925,0.9997398257255554,0.5906131267547607,0.027336308732628822,-0.3097572922706604,0.9996880292892456,0.5947129130363464,0.02790384739637375,-0.3097846806049347,0.9996162056922913,0.5994710326194763,0.028739208355545998,-0.3097899556159973,0.9996365904808044,0.5766476988792419,0.025479070842266083,-0.3141137361526489,0.9995466470718384,0.5707764029502869,0.024726299569010735,-0.31413140892982483,0.9994183778762817,0.5655303597450256,0.024285579100251198,-0.314166396856308,0.9993953704833984,0.6069980263710022,0.04151817038655281,-0.16633294522762299,0.9992514252662659,0.5575530529022217,0.03765200823545456,-0.1901564598083496,0.9990737438201904,0.5899692177772522,0.07639196515083313,-0.279106080532074,0.9997555017471313,0.5727774500846863,0.07470858097076416,-0.28601235151290894,0.9996289014816284,0.6323873400688171,0.17156073451042175,-0.08366536349058151,0.9992173314094543,0.5249544382095337,0.17232097685337067,-0.1113273948431015,0.9977087378501892,0.6584373712539673,0.307382732629776,-0.23178382217884064,0.9732881188392639,0.4983859360218048,0.3243587911128998,-0.255722314119339,0.9647931456565857,0.6265783309936523,0.17682702839374542,-0.48308005928993225,0.982957124710083,0.5194193720817566,0.25458788871765137,-0.5274679660797119,0.9637084603309631,0.6222108006477356,0.14102983474731445,-0.5322428941726685,0.9604674577713013,0.5213637948036194,0.2329852432012558,-0.5751392841339111,0.9226558208465576,0.6232945322990417,0.1254286766052246,-0.5151210427284241,0.956537663936615,0.5227218866348267,0.212752103805542,-0.5717066526412964,0.9138530492782593,0.6221155524253845,0.1405491828918457,-0.48047706484794617,0.9394158124923706,0.5254004001617432,0.21758249402046204,-0.530604898929596,0.8934527635574341,0.6029192209243774,0.4739011228084564,0.0030976138077676296,0.99961256980896,0.5458128452301025,0.4670974016189575,-0.0031413091346621513,0.9989314079284668,0.5912429690361023,0.6728658080101013,-0.033685605973005295,0.9467790126800537,0.538127064704895,0.6768536567687988,0.07961613684892654,0.8936297297477722,0.5730286836624146,0.861717700958252,0.16139768064022064,0.9082983136177063,0.525353193283081,0.7931533455848694,0.4237157106399536,0.700291097164154,0.5662310123443604,0.8731536865234375,0.1730712354183197,0.6709085702896118,0.5236582159996033,0.7978115677833557,0.4519839882850647,0.42716535925865173,0.5745626091957092,0.9390107989311218,0.03977452218532562,0.8809239268302917,0.5157796144485474,0.8676404356956482,0.34275326132774353,0.7345602512359619
punch_cz_1,62,2068,good,0.5834237337112427,0.04977896437048912,-0.3464719355106354,0.9997621178627014,0.5906881093978882,0.0273459292948246,-0.32374778389930725,0.9997120499610901,0.5950389504432678,0.02791154943406582,-0.32378625869750977,0.9996464848518372,0.5996297597885132,0.028750987723469734,-0.32381200790405273,0.9996619820594788,0.5768302083015442,0.025484327226877213,-0.3264584243297577,0.9995841383934021,0.5710456371307373,0.02476966381072998,-0.3264947831630707,0.9994685649871826,0.5656622648239136,0.024386661127209663,-0.3265496492385864,0.9994457960128784,0.6071757674217224,0.041513800621032715,-0.18119363486766815,0.9993069767951965,0.5575523376464844,0.038136422634124756,-0.1973361074924469,0.999157190322876,0.5899715423583984,0.07642187178134918,-0.29326069355010986,0.9997771382331848,0.5727962851524353,0.07495447248220444,-0.2981448769569397,0.9996634721755981,0.6323720812797546,0.17505468428134918,-0.09917296469211578,0.9992771744728088,0.5246721506118774,0.17351292073726654,-0.10976593941450119,0.9979159832000732,0.659999668598175,0.31752362847328186,-0.24380548298358917,0.9747796058654785,0.5018842816352844,0.3238782286643982,-0.2315746247768402,0.9650916457176208,0.6266161799430847,0.1966429501771927,-0.5282543897628784,0.983721137046814,0.5193089246749878,0.29349279403686523,-0.49919572472572327,0.9647257924079895,0.6222323179244995,0.16631297767162323,-0.5828903913497925,0.9622368812561035,0.5210502743721008,0.28920724987983704,-0.5481574535369873,0.925557017326355,0.6229112148284912,0.1528228372335434,-0.5676407217979431,0.958511233329773,0.5224191546440125,0.2698160409927368,-0.5543757081031799,0.917384922504425,0.6218779683113098,0.16414712369441986,-0.5272526144981384,0.9417272210121155,0.5250592231750488,0.2688271999359131,-0.505435585975647,0.8970036506652832,0.6026142835617065,0.4735059142112732,0.002360049169510603,0.9996151328086853,0.5455430150032043,0.4670792520046234,-0.0024361948017030954,0.9989712238311768,0.5912225842475891,0.672957181930542,-0.0346866101026535,0.9479454159736633,0.5394143462181091,0.6763489246368408,0.07375570386648178,0.8951590657234192,0.5732086896896362,0.8617227673530579,0.20571516454219818,0.9094720482826233,0.5300782918930054,0.8006691932678223,0.4164201021194458,0.7144733667373657,0.5686431527137756,0.8735219836235046,0.22206473350524902,0.6693630814552307,0.5282528400421143,0.8108591437339783,0.44368842244148254,0.43965405225753784,0.573106050491333,0.9388633966445923,0.08035542070865631,0.8819940090179443,0.5171722769737244,0.869709312915802,0.3173888027667999,0.7465278506278992
punch_cz_1,63,2102,good,0.5834725499153137,0.049774374812841415,-0.33225584030151367,0.9997832179069519,0.5906947255134583,0.02742745168507099,-0.31205227971076965,0.9997360706329346,0.5950816869735718,0.02798905037343502,-0.3120850622653961,0.9996760487556458,0.599644124507904,0.02880798652768135,-0.31210222840309143,0.9996886253356934,0.5768392086029053,0.0256485678255558,-0.31070080399513245,0.9996207356452942,0.5710522532463074,0.025074604898691177,-0.31071510910987854,0.9995164275169373,0.5656678080558777,0.024820584803819656,-0.3107662796974182,0.9994950294494629,0.6071432828903198,0.04156005382537842,-0.1691359430551529,0.9993640184402466,0.557546079158783,0.03903165087103844,-0.17888234555721283,0.9992363452911377,0.5899768471717834,0.076422318816185,-0.2838512659072876,0.9997977018356323,0.572841227054596,0.07523953914642334,-0.28298601508140564,0.9996955394744873,0.6326388716697693,0.17751888930797577,-0.07800181955099106,0.9993389844894409,0.5241771340370178,0.17722637951374054,-0.10509262979030609,0.99811190366745,0.6617379784584045,0.320641428232193,-0.2011813223361969,0.9760151505470276,0.5027416348457336,0.32189810276031494,-0.17132799327373505,0.9644546508789062,0.6272569298744202,0.24239863455295563,-0.4950307011604309,0.9839586615562439,0.5141580700874329,0.32421228289604187,-0.4144125282764435,0.9622935652732849,0.6222463846206665,0.22115087509155273,-0.5770127177238464,0.9630252122879028,0.5172882676124573,0.34734493494033813,-0.4626690745353699,0.9237709045410156,0.6221085786819458,0.20028552412986755,-0.5434779524803162,0.9596087336540222,0.5223031044006348,0.33415186405181885,-0.4807429611682892,0.9164299368858337,0.6212338209152222,0.20894987881183624,-0.504180371761322,0.9429802298545837,0.5244080424308777,0.327192485332489,-0.4254920780658722,0.8955305814743042,0.6026690006256104,0.4745938777923584,0.004732308443635702,0.9996123313903809,0.5459274649620056,0.469498872756958,-0.0048015182837843895,0.9990001916885376,0.5915091633796692,0.6731178760528564,-0.05097568780183792,0.9474460482597351,0.5399109125137329,0.6777572631835938,0.03802325949072838,0.8953701853752136,0.5730594992637634,0.8617298007011414,0.1935248225927353,0.9058079123497009,0.5309404730796814,0.8101650476455688,0.3503535985946655,0.7207208871841431,0.5680075883865356,0.8728073239326477,0.20830728113651276,0.6653084754943848,0.5290606021881104,0.8223077654838562,0.3737451732158661,0.4419659972190857,0.5729588866233826,0.9397259950637817,0.0719713643193245,0.8788701891899109,0.5174098610877991,0.8761159181594849,0.24114614725112915,0.75068598985672
punch_cz_1,64,2135,good,0.583231508731842,0.04995880648493767,-0.2522226870059967,0.99980229139328,0.5904096961021423,0.027650674805045128,-0.23010970652103424,0.9997571110725403,0.5948041081428528,0.02819242887198925,-0.2301778346300125,0.9997019171714783,0.5994029641151428,0.029001453891396523,-0.2301797717809677,0.9997130632400513,0.5765721797943115,0.02598876692354679,-0.23076874017715454,0.9996523261070251,0.5707767605781555,0.025524910539388657,-0.23077945411205292,0.9995571970939636,0.5655034184455872,0.025310510769486427,-0.2308158278465271,0.9995377063751221,0.6065695285797119,0.04159706085920334,-0.09946829825639725,0.9994136095046997,0.5575021505355835,0.03928053006529808,-0.10674348473548889,0.9993021488189697,0.5898149013519287,0.07644177228212357,-0.20484726130962372,0.9998157024383545,0.5727584362030029,0.07542534917593002,-0.20640380680561066,0.9997235536575317,0.6330707669258118,0.1776149719953537,-0.041205745190382004,0.9994003176689148,0.5240791440010071,0.1777295470237732,-0.029469657689332962,0.9982906579971313,0.6595185399055481,0.3188827335834503,-0.14938826858997345,0.9773280620574951,0.5026510953903198,0.3127710521221161,-0.05884312093257904,0.964094340801239,0.627254068851471,0.27772876620292664,-0.43429967761039734,0.9848705530166626,0.5070311427116394,0.34868595004081726,-0.26264631748199463,0.9614062905311584,0.621722400188446,0.26110297441482544,-0.5010560750961304,0.9653867483139038,0.5098133683204651,0.38540977239608765,-0.30643749237060547,0.9240061640739441,0.6208915114402771,0.2443300038576126,-0.5048734545707703,0.9623453617095947,0.5185429453849792,0.3778756558895111,-0.331720769405365,0.9176231622695923,0.6202396154403687,0.24762152135372162,-0.44352051615715027,0.9466961026191711,0.5203433632850647,0.36656659841537476,-0.2765882611274719,0.8974475860595703,0.6025745868682861,0.474819540977478,0.004357585683465004,0.9996107816696167,0.5459242463111877,0.469838410615921,-0.004430301953107119,0.9990304112434387,0.5914930701255798,0.6731510758399963,-0.03956706449389458,0.947014331817627,0.5419512987136841,0.6772711873054504,0.020640183240175247,0.8972070217132568,0.5726627111434937,0.8614628911018372,0.18884749710559845,0.9026277661323547,0.5330494046211243,0.8194068670272827,0.27402541041374207,0.7313458323478699,0.5652354955673218,0.8760569095611572,0.20306168496608734,0.6611329317092896,0.531157374382019,0.834142804145813,0.29171067476272583,0.45062655210494995,0.5726726651191711,0.9397156834602356,0.06810338795185089,0.8750271797180176,0.5184178948402405,0.8863674998283386,0.16198556125164032,0.7579823732376099
punch_cz_1,65,2168,good,0.5822203159332275,0.05006761848926544,-0.23993374407291412,0.9998205900192261,0.5897814035415649,0.027734670788049698,-0.2167080193758011,0.9997780323028564,0.5938854813575745,0.02838360145688057,-0.21678991615772247,0.999727725982666,0.5983484387397766,0.029250649735331535,-0.21680359542369843,0.9997379183769226,0.5754321813583374,0.026027843356132507,-0.21725985407829285,0.9996826648712158,0.5698803663253784,0.025592533871531487,-0.2172439694404602,0.9995959997177124,0.5647716522216797,0.025398271158337593,-0.2172367125749588,0.9995779395103455,0.6059183478355408,0.04193076118826866,-0.08627479523420334,0.9994631409645081,0.5575010776519775,0.0394405759871006,-0.09072129428386688,0.9993612170219421,0.5891822576522827,0.07660143077373505,-0.19252710044384003,0.9998327493667603,0.5721389651298523,0.07583445310592651,-0.1935732662677765,0.9997494220733643,0.6330786347389221,0.17748716473579407,-0.03650859743356705,0.9994587302207947,0.5240048766136169,0.17811492085456848,-0.013656647875905037,0.9984512329101562,0.6594992876052856,0.3181985020637512,-0.13546325266361237,0.9786394238471985,0.5025750994682312,0.3116895854473114,-0.02514358051121235,0.9642069935798645,0.6274695992469788,0.30683308839797974,-0.4151375889778137,0.9859519600868225,0.5051934719085693,0.3786168694496155,-0.20548418164253235,0.9607893228530884,0.6217250227928162,0.31588250398635864,-0.4816197454929352,0.9680220484733582,0.5054671764373779,0.4181857109069824,-0.25006166100502014,0.9244952201843262,0.6180127859115601,0.29909878969192505,-0.4948360025882721,0.9653227925300598,0.514633297920227,0.4104355275630951,-0.2793944478034973,0.9189640283584595,0.6174522638320923,0.29493939876556396,-0.4259844720363617,0.9507632255554199,0.5171859860420227,0.3977063298225403,-0.22069956362247467,0.8994240164756775,0.6026352643966675,0.4761931300163269,0.004153170622885227,0.9996355772018433,0.5459258556365967,0.47246259450912476,-0.0042229159735143185,0.9990943074226379,0.5916837453842163,0.6761536002159119,-0.027970099821686745,0.9489403963088989,0.5424934029579163,0.677952229976654,0.027598757296800613,0.902644157409668,0.5718291997909546,0.8624610900878906,0.21281790733337402,0.9052749276161194,0.5326948761940002,0.827872633934021,0.2964116632938385,0.7495033740997314,0.5601986050605774,0.879700779914856,0.22930724918842316,0.6702874302864075,0.5308329463005066,0.8399502635002136,0.3158097565174103,0.4696618616580963,0.5731061697006226,0.9408116340637207,0.09970137476921082,0.8789845108985901,0.5201501846313477,0.8964124917984009,0.1899671107530594,0.7728599905967712
