video_no,frame,timestamp_ms,good,x0,y0,z0,visibility0,x1,y1,z1,visibility1,x2,y2,z2,visibility2,x3,y3,z3,visibility3,x4,y4,z4,visibility4,x5,y5,z5,visibility5,x6,y6,z6,visibility6,x7,y7,z7,visibility7,x8,y8,z8,visibility8,x9,y9,z9,visibility9,x10,y10,z10,visibility10,x11,y11,z11,visibility11,x12,y12,z12,visibility12,x13,y13,z13,visibility13,x14,y14,z14,visibility14,x15,y15,z15,visibility15,x16,y16,z16,visibility16,x17,y17,z17,visibility17,x18,y18,z18,visibility18,x19,y19,z19,visibility19,x20,y20,z20,visibility20,x21,y21,z21,visibility21,x22,y22,z22,visibility22,x23,y23,z23,visibility23,x24,y24,z24,visibility24,x25,y25,z25,visibility25,x26,y26,z26,visibility26,x27,y27,z27,visibility27,x28,y28,z28,visibility28,x29,y29,z29,visibility29,x30,y30,z30,visibility30,x31,y31,z31,visibility31,x32,y32,z32,visibility32
IMG_9691 3,1,32,bad,0.4005904495716095,0.37392088770866394,0.13286645710468292,0.999987006187439,0.40615588426589966,0.3643916845321655,0.09214431047439575,0.9999886751174927,0.4082932472229004,0.3634364604949951,0.09210451692342758,0.99998939037323,0.4102846384048462,0.36250704526901245,0.0920349657535553,0.9999898672103882,0.40521612763404846,0.36479756236076355,0.15181125700473785,0.999985933303833,0.4068334400653839,0.36410319805145264,0.15188215672969818,0.9999819993972778,0.4083220064640045,0.3634774088859558,0.1518806666135788,0.999984860420227,0.430876225233078,0.362397164106369,-0.010720896534621716,0.9999909400939941,0.4260815680027008,0.3635063171386719,0.25088006258010864,0.9999754428863525,0.4111466109752655,0.37967976927757263,0.10309672355651855,0.9999512434005737,0.41038644313812256,0.38022786378860474,0.17832957208156586,0.9999469518661499,0.4648004174232483,0.3982618451118469,-0.1864974945783615,0.9999725818634033,0.47430092096328735,0.41066890954971313,0.4021521210670471,0.9997037053108215,0.3942745327949524,0.463367760181427,-0.1266753077507019,0.991548478603363,0.4687144160270691,0.4814416766166687,0.4232875108718872,0.09217963367700577,0.36719822883605957,0.4107999801635742,0.23129545152187347,0.9179744124412537,0.4604160189628601,0.4999779462814331,0.2986631393432617,0.05469773709774017,0.36423876881599426,0.39917558431625366,0.24070852994918823,0.8560174703598022,0.4610573351383209,0.5074295997619629,0.3025828003883362,0.06620033085346222,0.3754102885723114,0.3962435722351074,0.2475036382675171,0.8520253300666809,0.4606124758720398,0.49962306022644043,0.28095462918281555,0.06850072741508484,0.37862852215766907,0.40000319480895996,0.2466852217912674,0.837680995464325,0.4586649537086487,0.49657464027404785,0.2831611931324005,0.07609453797340393,0.46884962916374207,0.5390940308570862,-0.18619489669799805,0.9996649026870728,0.4676908552646637,0.5441213250160217,0.18601225316524506,0.9994556307792664,0.4432086944580078,0.6585263609886169,-0.19797763228416443,0.9009988903999329,0.47593215107917786,0.6559008955955505,0.1812366098165512,0.40190771222114563,0.4502114951610565,0.7749401330947876,-0.17946486175060272,0.9494946002960205,0.562638521194458,0.7508683204650879,0.20095688104629517,0.7318440675735474,0.4714851975440979,0.7936851382255554,-0.1790425181388855,0.9256267547607422,0.593174397945404,0.7665021419525146,0.19994023442268372,0.7656105756759644,0.3636266887187958,0.8000426888465881,-0.27158746123313904,0.9536427855491638,0.49687647819519043,0.7904586791992188,0.14101755619049072,0.7897993326187134
IMG_9691 3,2,65,bad,0.4004267454147339,0.3737337589263916,0.09568457305431366,0.9999839663505554,0.4061454236507416,0.3643704354763031,0.05389662832021713,0.9999861717224121,0.4083028733730316,0.36343541741371155,0.05379026383161545,0.9999870657920837,0.4103796184062958,0.3625143766403198,0.05367772653698921,0.9999878406524658,0.4052012860774994,0.36473971605300903,0.11251015216112137,0.9999827146530151,0.4068271517753601,0.3640766143798828,0.1125674620270729,0.9999774694442749,0.408337265253067,0.36346322298049927,0.11251199245452881,0.9999812841415405,0.43175849318504333,0.3624306619167328,-0.04843606427311897,0.9999893307685852,0.42710575461387634,0.3635075092315674,0.21071501076221466,0.9999706745147705,0.41122156381607056,0.3796962797641754,0.0672563910484314,0.9999440908432007,0.41043734550476074,0.38022786378860474,0.14178016781806946,0.9999379515647888,0.46754899621009827,0.40240898728370667,-0.21042847633361816,0.9999716281890869,0.47396114468574524,0.4109969139099121,0.3626999855041504,0.999706506729126,0.39642196893692017,0.46596837043762207,-0.18767136335372925,0.9904528260231018,0.47143232822418213,0.47927647829055786,0.44280603528022766,0.10219482332468033,0.36759594082832336,0.41186168789863586,0.10265159606933594,0.9144690632820129,0.48535287380218506,0.49068590998649597,0.417717307806015,0.0607786700129509,0.36529621481895447,0.3995240330696106,0.1057887077331543,0.85511714220047,0.49886780977249146,0.4928266704082489,0.42436522245407104,0.07213327288627625,0.37637683749198914,0.3970503807067871,0.10692737251520157,0.8511233329772949,0.4987872540950775,0.4871291220188141,0.40359848737716675,0.07497473061084747,0.3794035315513611,0.4006642997264862,0.11407895386219025,0.8353238701820374,0.48898518085479736,0.48536092042922974,0.4036402404308319,0.08192925155162811,0.4707397222518921,0.5432990789413452,-0.1873689442873001,0.9996543526649475,0.4603343904018402,0.546820342540741,0.18728859722614288,0.9994249939918518,0.4599865972995758,0.6565085053443909,-0.23219579458236694,0.9035240411758423,0.4578511714935303,0.6558374762535095,0.160983145236969,0.41603049635887146,0.4392629861831665,0.774500846862793,-0.22141143679618835,0.9516432881355286,0.5615053176879883,0.7508077621459961,0.17275412380695343,0.7423176765441895,0.4689679741859436,0.7936872839927673,-0.22237937152385712,0.927670955657959,0.5910624861717224,0.7666577100753784,0.16939198970794678,0.7758769392967224,0.356899231672287,0.8008435964584351,-0.32878461480140686,0.9560485482215881,0.4812193810939789,0.7922041416168213,0.10913980007171631,0.7991660833358765
IMG_9691 3,3,98,bad,0.4004235565662384,0.3738080859184265,0.08434148877859116,0.9999808073043823,0.40625476837158203,0.3645155429840088,0.04130008816719055,0.9999836683273315,0.4085324704647064,0.363681823015213,0.04120129719376564,0.9999844431877136,0.41080841422080994,0.36285400390625,0.04110033065080643,0.9999858140945435,0.4052668511867523,0.3648250997066498,0.09862876683473587,0.9999796152114868,0.40691494941711426,0.3642220199108124,0.09869953989982605,0.9999728798866272,0.4084872305393219,0.36366015672683716,0.09861815720796585,0.9999778270721436,0.43242791295051575,0.36263197660446167,-0.06291709840297699,0.9999865889549255,0.4275462329387665,0.36367183923721313,0.18912601470947266,0.9999653100967407,0.41169071197509766,0.38022199273109436,0.05605079233646393,0.9999353289604187,0.41086867451667786,0.3805359899997711,0.12871535122394562,0.9999263286590576,0.4675339460372925,0.4037243723869324,-0.21473924815654755,0.999970018863678,0.4762172996997833,0.4114796817302704,0.33598172664642334,0.9996943473815918,0.3972897231578827,0.4693608283996582,-0.2017114907503128,0.9902302026748657,0.48618361353874207,0.4793339967727661,0.4428921639919281,0.10871494561433792,0.36768481135368347,0.41396626830101013,0.04903775453567505,0.9153072834014893,0.49003639817237854,0.4894779324531555,0.4355466365814209,0.06641074270009995,0.3653316795825958,0.40093040466308594,0.05010548233985901,0.8583577275276184,0.49646538496017456,0.4945240914821625,0.44958657026290894,0.07794006913900375,0.3764079511165619,0.39840343594551086,0.05679221451282501,0.854377269744873,0.49564242362976074,0.48774200677871704,0.4261353015899658,0.08120739459991455,0.3795517086982727,0.4019351303577423,0.06175239011645317,0.8380778431892395,0.4914339482784271,0.48647651076316833,0.42205610871315,0.08769296109676361,0.4707508087158203,0.5467668771743774,-0.1869131624698639,0.9996241331100464,0.4609443247318268,0.5489314198493958,0.18685905635356903,0.9993160963058472,0.4614955484867096,0.6565231680870056,-0.22659729421138763,0.8957495093345642,0.4596133828163147,0.656389057636261,0.17047089338302612,0.4011649787425995,0.4339369237422943,0.779583215713501,-0.22935454547405243,0.9472976922988892,0.5473001003265381,0.7639092206954956,0.1785171926021576,0.7162147760391235,0.4613018035888672,0.7974563837051392,-0.231039896607399,0.924298882484436,0.5817834734916687,0.7683150768280029,0.1764119416475296,0.7629215717315674,0.35408884286880493,0.802845299243927,-0.3258616030216217,0.9533485770225525,0.4802333116531372,0.7929492592811584,0.13868674635887146,0.7806134819984436
IMG_9691 3,4,131,bad,0.4004354476928711,0.3738281726837158,0.09867605566978455,0.9999791383743286,0.406534880399704,0.3645501732826233,0.05882604047656059,0.9999822378158569,0.40894562005996704,0.363776296377182,0.05867427587509155,0.9999826550483704,0.411429226398468,0.36302822828292847,0.058518312871456146,0.9999844431877136,0.4054701626300812,0.3648393452167511,0.10796065628528595,0.9999780654907227,0.4071212708950043,0.36425891518592834,0.10801824182271957,0.9999704360961914,0.4087391793727875,0.3637326955795288,0.10787852853536606,0.9999762177467346,0.43296223878860474,0.3629963994026184,-0.035431310534477234,0.9999851584434509,0.4278266429901123,0.36388862133026123,0.20161683857440948,0.9999626874923706,0.4119114577770233,0.38067877292633057,0.07365746051073074,0.9999305009841919,0.41095268726348877,0.3808702826499939,0.13598237931728363,0.999920666217804,0.4676392376422882,0.40496626496315,-0.17375223338603973,0.9999663233757019,0.47611480951309204,0.4119240939617157,0.3464577794075012,0.9996917247772217,0.39969155192375183,0.4711816906929016,-0.14492009580135345,0.9894111156463623,0.49215710163116455,0.4791428744792938,0.4524043798446655,0.11837819963693619,0.36785632371902466,0.4193110764026642,0.09847402572631836,0.9126536846160889,0.4995773732662201,0.4892374873161316,0.4600788354873657,0.07404397428035736,0.36520951986312866,0.40483027696609497,0.0976417064666748,0.8573970794677734,0.5071277618408203,0.49560779333114624,0.47025761008262634,0.08601855486631393,0.3761013150215149,0.4029060900211334,0.10948894172906876,0.8536425232887268,0.5057901740074158,0.4887474775314331,0.4482944905757904,0.08998671174049377,0.37923407554626465,0.4066935181617737,0.1162845715880394,0.8372170925140381,0.5032259821891785,0.4854370057582855,0.4472729563713074,0.09583065658807755,0.47129586338996887,0.5461905598640442,-0.1817028671503067,0.9996187686920166,0.461029976606369,0.5487157702445984,0.1817024201154709,0.9993065595626831,0.46572980284690857,0.6558368802070618,-0.23169435560703278,0.8992868661880493,0.44921138882637024,0.6563128232955933,0.1507798582315445,0.4066677689552307,0.43297696113586426,0.7794013619422913,-0.23665733635425568,0.9480793476104736,0.5180704593658447,0.7705779671669006,0.14156733453273773,0.7161198854446411,0.47595012187957764,0.7973986268043518,-0.2363625466823578,0.924951434135437,0.5460166931152344,0.7860168814659119,0.13680365681648254,0.7614960670471191,0.37414196133613586,0.8027783036231995,-0.32581570744514465,0.9547061920166016,0.44711974263191223,0.7960193157196045,0.08418792486190796,0.7814534306526184
IMG_9691 3,5,163,bad,0.4002240300178528,0.37382516264915466,0.09271394461393356,0.9999778270721436,0.40653911232948303,0.36441707611083984,0.05042806640267372,0.9999813437461853,0.40895816683769226,0.36371028423309326,0.050316210836172104,0.9999816417694092,0.4114537239074707,0.3630073368549347,0.05019258335232735,0.9999836683273315,0.4054880142211914,0.3646546006202698,0.10601455718278885,0.9999771118164062,0.4071662724018097,0.3641340434551239,0.10607866197824478,0.9999691247940063,0.4088572859764099,0.3636547923088074,0.10600399971008301,0.999975323677063,0.43295466899871826,0.3630116283893585,-0.053830333054065704,0.9999837279319763,0.4279387891292572,0.36388641595840454,0.19760611653327942,0.999960720539093,0.4115910530090332,0.38078364729881287,0.0644729733467102,0.9999279379844666,0.41068652272224426,0.3809267282485962,0.13472773134708405,0.9999167919158936,0.46675997972488403,0.4050840437412262,-0.1990143060684204,0.9999651312828064,0.4764339327812195,0.41198664903640747,0.34114134311676025,0.9996964931488037,0.40219995379447937,0.4741954803466797,-0.1631760150194168,0.9875698685646057,0.5006590485572815,0.4792856276035309,0.4521796703338623,0.12475692480802536,0.3679075539112091,0.4214731752872467,0.11439245939254761,0.9029542803764343,0.5009112358093262,0.48999619483947754,0.42721521854400635,0.0783330500125885,0.3649575412273407,0.40721532702445984,0.11887585371732712,0.8493505716323853,0.5079472064971924,0.49579933285713196,0.4393734931945801,0.09074697643518448,0.3761215806007385,0.40441033244132996,0.1265241503715515,0.8454411625862122,0.5058509111404419,0.48942020535469055,0.4160640239715576,0.09504599124193192,0.379242479801178,0.4092487692832947,0.1289086490869522,0.8283041715621948,0.5031225085258484,0.4861563444137573,0.41349488496780396,0.10036218166351318,0.47128403186798096,0.5460506677627563,-0.18540292978286743,0.9996196031570435,0.46781134605407715,0.5485358834266663,0.1854260116815567,0.9992674589157104,0.4652952253818512,0.6558390855789185,-0.2480560839176178,0.9005327820777893,0.4623146653175354,0.6562592387199402,0.21938587725162506,0.40362033247947693,0.431081086397171,0.7794395685195923,-0.2765139639377594,0.9491936564445496,0.5617334842681885,0.761805534362793,0.2753482162952423,0.7113214135169983,0.4557487666606903,0.7974703907966614,-0.27995455265045166,0.9273731112480164,0.5767971277236938,0.7783310413360596,0.28003400564193726,0.7654771208763123,0.3445703387260437,0.804266095161438,-0.3738328516483307,0.9543103575706482,0.5111281275749207,0.7928221225738525,0.2521194517612457,0.7747406363487244
IMG_9691 3,6,196,bad,0.40020912885665894,0.3737788200378418,0.11061688512563705,0.9999775290489197,0.40676167607307434,0.36432379484176636,0.07154622673988342,0.9999815225601196,0.40952298045158386,0.36365386843681335,0.07140366733074188,0.999981701374054,0.412384569644928,0.36297354102134705,0.07121086865663528,0.9999839067459106,0.4054150879383087,0.3645888864994049,0.12796053290367126,0.9999770522117615,0.4069625437259674,0.3641161024570465,0.12799593806266785,0.9999688267707825,0.40848508477211,0.36365458369255066,0.1280113160610199,0.9999752044677734,0.4334637224674225,0.3630119562149048,-0.017634941264986992,0.999984085559845,0.42710405588150024,0.36392179131507874,0.23277124762535095,0.9999603629112244,0.41207805275917053,0.38078248500823975,0.0877448171377182,0.9999281167984009,0.41065505146980286,0.3809289038181305,0.15860623121261597,0.9999157786369324,0.4673078656196594,0.40517762303352356,-0.1622217297554016,0.9999644756317139,0.47201284766197205,0.4119863510131836,0.3861826956272125,0.999689519405365,0.4039025604724884,0.4740990400314331,-0.08886627107858658,0.9852889776229858,0.4909968078136444,0.47828036546707153,0.45203641057014465,0.12479453533887863,0.3684754967689514,0.4238729178905487,0.2634414732456207,0.8931718468666077,0.49798765778541565,0.48543211817741394,0.4155327379703522,0.07766574621200562,0.36478689312934875,0.41064026951789856,0.27164241671562195,0.8404202461242676,0.5026271343231201,0.4904731512069702,0.42401450872421265,0.09059055149555206,0.37608417868614197,0.40710699558258057,0.27577343583106995,0.8364557027816772,0.5043728351593018,0.4809618294239044,0.4070036709308624,0.09488926082849503,0.37932974100112915,0.4124179780483246,0.27791306376457214,0.8192893266677856,0.5004234313964844,0.47861984372138977,0.40244215726852417,0.10008412599563599,0.4719661772251129,0.5458083748817444,-0.1865779161453247,0.9996302127838135,0.46783480048179626,0.5470638275146484,0.18667472898960114,0.9992638230323792,0.4569150507450104,0.6555215716362,-0.2578122913837433,0.901199996471405,0.47807595133781433,0.6557561159133911,0.20781517028808594,0.4066564738750458,0.4278313219547272,0.779552698135376,-0.26990970969200134,0.9492580890655518,0.5759087800979614,0.7592349648475647,0.24485117197036743,0.7099904417991638,0.44548118114471436,0.7982847094535828,-0.27230456471443176,0.9283990859985352,0.5995034575462341,0.7774844169616699,0.24648694694042206,0.7688978910446167,0.3357130289077759,0.8057001233100891,-0.3727388083934784,0.9528010487556458,0.5309625864028931,0.7926872372627258,0.2035442739725113,0.7678605914115906
IMG_9691 3,7,229,bad,0.4000886380672455,0.37311458587646484,0.1027301475405693,0.9999772906303406,0.4067787528038025,0.36382415890693665,0.06479550153017044,0.9999815225601196,0.4096275866031647,0.3632492423057556,0.06466633081436157,0.9999818205833435,0.4126068949699402,0.3626425266265869,0.06450404226779938,0.999984085559845,0.4053014814853668,0.3641107678413391,0.12074970453977585,0.9999769330024719,0.4067499339580536,0.36376339197158813,0.12078368663787842,0.9999687075614929,0.40814208984375,0.3634047210216522,0.12078412622213364,0.9999749660491943,0.43354445695877075,0.3629574775695801,-0.0189230814576149,0.9999841451644897,0.4262075424194336,0.3639203906059265,0.22636288404464722,0.9999600648880005,0.41225317120552063,0.3806682229042053,0.08129806816577911,0.9999275803565979,0.41062039136886597,0.38081908226013184,0.1514963060617447,0.9999139904975891,0.46797338128089905,0.40548837184906006,-0.16547267138957977,0.9999638199806213,0.4701753556728363,0.41222289204597473,0.38570624589920044,0.9996840357780457,0.40480977296829224,0.4743449091911316,-0.1318204700946808,0.9841788411140442,0.4812931716442108,0.47866305708885193,0.44984859228134155,0.12641005218029022,0.36836326122283936,0.42323610186576843,0.14697696268558502,0.8887447714805603,0.49532121419906616,0.4873195290565491,0.4014133810997009,0.07870352268218994,0.36481180787086487,0.409944623708725,0.14479315280914307,0.8375541567802429,0.49992427229881287,0.49243438243865967,0.4089203178882599,0.09238141030073166,0.37620294094085693,0.40672582387924194,0.15005642175674438,0.8334799408912659,0.5009506344795227,0.48170173168182373,0.3916914761066437,0.09684817492961884,0.3793807327747345,0.4115089178085327,0.159617617726326,0.8157691955566406,0.4973834455013275,0.47961321473121643,0.38798195123672485,0.1017710343003273,0.47378355264663696,0.5457976460456848,-0.18843252956867218,0.9996320605278015,0.46866390109062195,0.5470109581947327,0.18855684995651245,0.9992355108261108,0.45335906744003296,0.6570886373519897,-0.2575920522212982,0.9051907062530518,0.49144890904426575,0.6568683981895447,0.2145744115114212,0.42132633924484253,0.42652779817581177,0.7802789807319641,-0.27173128724098206,0.9511404633522034,0.5827602744102478,0.7583975791931152,0.24801446497440338,0.7166731357574463,0.43945878744125366,0.7982875108718872,-0.2750720977783203,0.9315237402915955,0.604250967502594,0.7767283916473389,0.24941785633563995,0.7773717641830444,0.3313808739185333,0.8057418465614319,-0.37608757615089417,0.9525749087333679,0.5320367813110352,0.7917154431343079,0.20662958920001984,0.7661846876144409
IMG_9691 3,8,262,bad,0.40011096000671387,0.372795045375824,0.07775669544935226,0.9999788403511047,0.4067816138267517,0.36336007714271545,0.038647618144750595,0.9999828934669495,0.4096256494522095,0.3627602159976959,0.03853722661733627,0.9999832510948181,0.41257694363594055,0.3621429204940796,0.03836476430296898,0.9999852776527405,0.405319482088089,0.36355698108673096,0.09905364364385605,0.9999786019325256,0.40678998827934265,0.3631223738193512,0.09908504039049149,0.9999710321426392,0.40820711851119995,0.36266475915908813,0.09911978244781494,0.9999767541885376,0.4334096312522888,0.36243054270744324,-0.050920065492391586,0.9999854564666748,0.4263063073158264,0.362994521856308,0.21169164776802063,0.9999629855155945,0.41230466961860657,0.38016512989997864,0.05229644477367401,0.999932587146759,0.41072437167167664,0.38038715720176697,0.12762592732906342,0.999919593334198,0.4684859812259674,0.40594086050987244,-0.20931991934776306,0.9999641180038452,0.46533605456352234,0.4125209152698517,0.37801897525787354,0.9996910691261292,0.4046611785888672,0.47579169273376465,-0.1433483511209488,0.9827293753623962,0.44076210260391235,0.4824100136756897,0.22838158905506134,0.11936765164136887,0.36971315741539,0.4235449433326721,0.23366914689540863,0.8839807510375977,0.4142228662967682,0.4874817728996277,-0.09728386998176575,0.07644570618867874,0.3655935525894165,0.4094596207141876,0.24724099040031433,0.8319272994995117,0.41122007369995117,0.49087026715278625,-0.11319146305322647,0.09073854982852936,0.37743470072746277,0.40625694394111633,0.2527705132961273,0.8277915716171265,0.4160727560520172,0.4744264781475067,-0.11913881450891495,0.0948035717010498,0.3809468448162079,0.4109061360359192,0.25031164288520813,0.8091445565223694,0.4167390465736389,0.4784994423389435,-0.11201591044664383,0.09986326098442078,0.4729335308074951,0.5457395315170288,-0.18821369111537933,0.9996399283409119,0.46909794211387634,0.5467188954353333,0.1883252114057541,0.999261200428009,0.4475819766521454,0.6589800119400024,-0.24245664477348328,0.9084535837173462,0.49790695309638977,0.6575222015380859,0.22215819358825684,0.4272826015949249,0.42489778995513916,0.782249927520752,-0.26698994636535645,0.9514696598052979,0.5815513134002686,0.7575826048851013,0.2545083165168762,0.7171682715415955,0.4380795657634735,0.8000057339668274,-0.2655942440032959,0.9326804280281067,0.6087243556976318,0.7760028839111328,0.2557527422904968,0.7799630761146545,0.3315076529979706,0.8056319355964661,-0.3730824291706085,0.9493046402931213,0.526128351688385,0.7868818640708923,0.2149682641029358,0.7572068572044373
IMG_9691 3,9,295,bad,0.40022796392440796,0.37279847264289856,0.08479582518339157,0.9999798536300659,0.4067939817905426,0.3633052706718445,0.04545919597148895,0.9999837279319763,0.4096287488937378,0.3627098500728607,0.04535573348402977,0.9999841451644897,0.41257327795028687,0.36209195852279663,0.04520747438073158,0.9999859929084778,0.4053194522857666,0.36347976326942444,0.10523447394371033,0.999979555606842,0.4067707359790802,0.36304301023483276,0.10527491569519043,0.9999725222587585,0.4081519544124603,0.3625677824020386,0.10529139637947083,0.9999778270721436,0.4333566129207611,0.36236581206321716,-0.04700867831707001,0.9999862909317017,0.42619237303733826,0.36275556683540344,0.21295908093452454,0.9999650716781616,0.4123069643974304,0.38016477227211,0.05856155976653099,0.9999357461929321,0.41067785024642944,0.3803790807723999,0.1335303634405136,0.9999232292175293,0.47166571021080017,0.40663689374923706,-0.20924012362957,0.999965250492096,0.4556168019771576,0.4125978648662567,0.3803950250148773,0.9997069239616394,0.40738481283187866,0.4754396378993988,-0.14344441890716553,0.9815930128097534,0.434435099363327,0.4825555086135864,0.30424588918685913,0.11464103311300278,0.37036627531051636,0.42338377237319946,0.2358347624540329,0.8849176168441772,0.40534156560897827,0.5040513277053833,0.06619918346405029,0.07917624711990356,0.36678802967071533,0.40919652581214905,0.24491381645202637,0.8340926766395569,0.3963644206523895,0.5073216557502747,0.05964238941669464,0.09571856260299683,0.3785076141357422,0.40593069791793823,0.24940821528434753,0.8299691677093506,0.39505764842033386,0.4988202452659607,0.03654605895280838,0.09999939054250717,0.3818395435810089,0.41052764654159546,0.2509194314479828,0.8110596537590027,0.4025477468967438,0.5009725689888,0.04700993746519089,0.10559824854135513,0.4749830961227417,0.5455793738365173,-0.18932268023490906,0.9996535181999207,0.46804073452949524,0.5466925501823425,0.18939058482646942,0.9992913603782654,0.44413289427757263,0.658988356590271,-0.24832221865653992,0.9123231172561646,0.4948270916938782,0.6575873494148254,0.2224307358264923,0.43826746940612793,0.42517608404159546,0.7834473848342896,-0.2649741768836975,0.9524515271186829,0.5811115503311157,0.7570956349372864,0.2533905804157257,0.7216878533363342,0.43914395570755005,0.8004394173622131,-0.26697051525115967,0.9349729418754578,0.6070930361747742,0.775525689125061,0.25466156005859375,0.7866267561912537,0.33338701725006104,0.8055952787399292,-0.3642476797103882,0.9470416903495789,0.5271770358085632,0.787080705165863,0.2153954803943634,0.7506802082061768
IMG_9691 3,10,327,bad,0.4002048373222351,0.37200894951820374,0.07369142770767212,0.9999814033508301,0.4067968726158142,0.3623230755329132,0.03798284754157066,0.9999850988388062,0.4096302390098572,0.36173215508461,0.03788144886493683,0.9999854564666748,0.4125717282295227,0.36115214228630066,0.03772130236029625,0.9999871253967285,0.4053117632865906,0.36238905787467957,0.09801402688026428,0.9999812245368958,0.4067552089691162,0.36189040541648865,0.0980200245976448,0.9999747276306152,0.40812528133392334,0.36138972640037537,0.09805773198604584,0.9999796152114868,0.43349236249923706,0.3617885708808899,-0.04537251219153404,0.9999874830245972,0.42619588971138,0.36188560724258423,0.2142646163702011,0.9999679327011108,0.4122195839881897,0.379515141248703,0.05082673579454422,0.9999408721923828,0.4105651080608368,0.37972986698150635,0.12549003958702087,0.9999291300773621,0.4750930666923523,0.4072134494781494,-0.20846757292747498,0.9999659657478333,0.44923168420791626,0.4129088521003723,0.38366690278053284,0.9997201561927795,0.40920668840408325,0.4757324755191803,-0.12657397985458374,0.9794764518737793,0.4244387447834015,0.48243221640586853,0.2710910737514496,0.1099223718047142,0.37229156494140625,0.4230578541755676,0.278396338224411,0.8845559358596802,0.39247316122055054,0.5027983784675598,-0.04993255436420441,0.08356228470802307,0.3682454526424408,0.40861842036247253,0.2907264232635498,0.8349791169166565,0.3809378147125244,0.5053884983062744,-0.06948685646057129,0.10331316292285919,0.3802746534347534,0.40465641021728516,0.29117122292518616,0.8310055136680603,0.38420575857162476,0.4976838529109955,-0.08569856733083725,0.10782480239868164,0.38396862149238586,0.40868452191352844,0.2927141785621643,0.8115983605384827,0.38780707120895386,0.49935999512672424,-0.06920013576745987,0.1138702780008316,0.47608044743537903,0.5434921383857727,-0.18939658999443054,0.9996706247329712,0.4677547812461853,0.5450610518455505,0.1894592046737671,0.9993318319320679,0.4420605003833771,0.655709981918335,-0.2589479386806488,0.9161739945411682,0.4926437437534332,0.6567052602767944,0.22517839074134827,0.44365522265434265,0.42508062720298767,0.7834241390228271,-0.2851160168647766,0.9540637731552124,0.5813381671905518,0.7565006017684937,0.2600392699241638,0.7250783443450928,0.4381464421749115,0.8004659414291382,-0.29004207253456116,0.9370295405387878,0.6077003479003906,0.7753451466560364,0.2612639367580414,0.7897043228149414,0.3340872526168823,0.8054619431495667,-0.3972548246383667,0.9474331140518188,0.5322964787483215,0.7871385216712952,0.2138528823852539,0.7484514117240906
IMG_9691 3,11,360,bad,0.4017006456851959,0.37046656012535095,0.07800540328025818,0.9999830722808838,0.4093533456325531,0.36069732904434204,0.04952491074800491,0.999986469745636,0.41255852580070496,0.3602622151374817,0.04943527653813362,0.9999867677688599,0.4159304201602936,0.35981419682502747,0.04929593577980995,0.999988317489624,0.40629416704177856,0.36080271005630493,0.10062941163778305,0.9999829530715942,0.40715253353118896,0.36049458384513855,0.10070620477199554,0.9999769926071167,0.40816590189933777,0.36015987396240234,0.10070275515317917,0.9999814629554749,0.4361211657524109,0.3613079786300659,0.05985144153237343,0.9999886751174927,0.42434483766555786,0.36156442761421204,0.26468467712402344,0.9999707937240601,0.41346192359924316,0.3786424696445465,0.0742826983332634,0.9999462962150574,0.4105999171733856,0.37886160612106323,0.13055787980556488,0.999935507774353,0.4848077893257141,0.40785205364227295,-0.07924065738916397,0.999968409538269,0.4308914244174957,0.41463807225227356,0.4680194556713104,0.9997381567955017,0.41296905279159546,0.47238674759864807,-0.11989957839250565,0.9798485636711121,0.407718688249588,0.48141050338745117,0.4037127196788788,0.11050712317228317,0.37916359305381775,0.41696983575820923,0.08712159842252731,0.8930286765098572,0.37214401364326477,0.5022433996200562,0.10833638161420822,0.10358782857656479,0.37474310398101807,0.4036676585674286,0.06601937115192413,0.8470991849899292,0.35579943656921387,0.5071123838424683,0.09577648341655731,0.12911897897720337,0.3834987282752991,0.39962583780288696,0.0657917708158493,0.8433268070220947,0.3617892563343048,0.4970533847808838,0.07090876996517181,0.13439975678920746,0.3897538483142853,0.40455031394958496,0.09488313645124435,0.8242771625518799,0.36636680364608765,0.4978064000606537,0.08962545543909073,0.14171220362186432,0.4792114794254303,0.5433036088943481,-0.18956567347049713,0.9996984004974365,0.46428537368774414,0.5451369881629944,0.18965287506580353,0.9993864297866821,0.44123050570487976,0.6552138924598694,-0.30849745869636536,0.9185476899147034,0.49237799644470215,0.6571300029754639,0.1663549244403839,0.45426803827285767,0.423971027135849,0.7834326028823853,-0.3345235586166382,0.9554813504219055,0.5815480947494507,0.7565422654151917,0.20210181176662445,0.7317365407943726,0.4351854920387268,0.8007579445838928,-0.3417525887489319,0.9387007355690002,0.608479917049408,0.7751978039741516,0.2022532820701599,0.795351505279541,0.33049696683883667,0.8055341243743896,-0.4810555875301361,0.9485543966293335,0.5295548439025879,0.7885162830352783,0.11783947050571442,0.7523401975631714
IMG_9691 3,12,393,bad,0.40305936336517334,0.36960211396217346,0.07118773460388184,0.999984622001648,0.41083046793937683,0.35972532629966736,0.050517547875642776,0.9999877214431763,0.41420412063598633,0.35932013392448425,0.050434403121471405,0.9999879598617554,0.41785556077957153,0.35891473293304443,0.05030824616551399,0.99998939037323,0.4069066047668457,0.35981711745262146,0.10020890831947327,0.9999845027923584,0.4074060618877411,0.359509140253067,0.1002030223608017,0.9999790787696838,0.4081835448741913,0.3592066168785095,0.10020363330841064,0.9999831318855286,0.4402388632297516,0.3608074486255646,0.0536879263818264,0.9999896883964539,0.42393505573272705,0.36100831627845764,0.25773757696151733,0.9999734163284302,0.414511501789093,0.37787488102912903,0.0741954818367958,0.9999511241912842,0.4106437861919403,0.37833818793296814,0.1306476891040802,0.9999411702156067,0.4943126440048218,0.40928441286087036,-0.07524323463439941,0.9999694228172302,0.4214220643043518,0.41460007429122925,0.4382284879684448,0.9997519254684448,0.4290156364440918,0.4697849452495575,-0.176227405667305,0.980661153793335,0.39104706048965454,0.4792167544364929,0.28419822454452515,0.12826183438301086,0.3923971354961395,0.4076402485370636,-0.06860096007585526,0.9019935727119446,0.35111746191978455,0.47745755314826965,-0.11711740493774414,0.1474379450082779,0.3870573341846466,0.39449143409729004,-0.09251166880130768,0.8595218062400818,0.33444494009017944,0.48254314064979553,-0.15788815915584564,0.17173777520656586,0.3974129557609558,0.38833895325660706,-0.0856596827507019,0.8559600710868835,0.3479733169078827,0.4715048372745514,-0.16848038136959076,0.1766563355922699,0.40170595049858093,0.39384326338768005,-0.05948515236377716,0.8376298546791077,0.35206907987594604,0.469687283039093,-0.1363731026649475,0.18383462727069855,0.48391667008399963,0.5430787205696106,-0.18197865784168243,0.9997206926345825,0.4580146372318268,0.5451518893241882,0.18209901452064514,0.999431848526001,0.4405089020729065,0.6531789302825928,-0.30384454131126404,0.9161802530288696,0.4920949339866638,0.6571584343910217,0.15152549743652344,0.4451408386230469,0.42298224568367004,0.7824215888977051,-0.3464197814464569,0.9555220007896423,0.5849487781524658,0.7568808197975159,0.18071748316287994,0.726350724697113,0.4336342215538025,0.8000985980033875,-0.3554096221923828,0.9393431544303894,0.6121940612792969,0.7750041484832764,0.1795961558818817,0.7922426462173462,0.32950085401535034,0.8056601285934448,-0.4946900010108948,0.9501492977142334,0.5282372832298279,0.7899885177612305,0.09228286147117615,0.7535120248794556
IMG_9691 3,13,426,bad,0.4040603041648865,0.368907630443573,0.02012256532907486,0.9999859929084778,0.4124356508255005,0.35920530557632446,0.004860139451920986,0.9999887943267822,0.4161447286605835,0.3588683009147644,0.004803553223609924,0.9999890327453613,0.42035481333732605,0.35853204131126404,0.004681664984673262,0.9999903440475464,0.4076026380062103,0.3591603636741638,0.054508719593286514,0.9999858736991882,0.4077080190181732,0.35885748267173767,0.054430894553661346,0.9999808669090271,0.4082033932209015,0.3585526943206787,0.05447778105735779,0.9999845623970032,0.44485265016555786,0.3607152998447418,0.035008400678634644,0.9999905824661255,0.4237951636314392,0.36076653003692627,0.23407231271266937,0.9999755024909973,0.4151500463485718,0.37757745385169983,0.030740413814783096,0.9999554753303528,0.4106476306915283,0.37798789143562317,0.09009399265050888,0.9999460577964783,0.5011928081512451,0.41118335723876953,-0.10671372711658478,0.9999702572822571,0.41728848218917847,0.4143202304840088,0.4262631833553314,0.9997576475143433,0.4337156116962433,0.4689871668815613,-0.21316681802272797,0.9816441535949707,0.36671751737594604,0.4707641899585724,0.21934042870998383,0.1532946079969406,0.39864060282707214,0.4065316319465637,-0.0813208669424057,0.9101011753082275,0.35427194833755493,0.43593019247055054,-0.22604332864284515,0.19156363606452942,0.3932868540287018,0.39261680841445923,-0.10181297361850739,0.870690107345581,0.34891027212142944,0.42843398451805115,-0.27436116337776184,0.21113404631614685,0.40320855379104614,0.38789212703704834,-0.09581123292446136,0.8673216700553894,0.3612213432788849,0.4207351803779602,-0.2680061459541321,0.21497277915477753,0.40635788440704346,0.3929974138736725,-0.07011333107948303,0.8493813276290894,0.364216148853302,0.4228955805301666,-0.23957449197769165,0.22051161527633667,0.48796284198760986,0.5430800914764404,-0.18195033073425293,0.9997428059577942,0.4552920162677765,0.5460776686668396,0.1821051687002182,0.9994739294052124,0.440561443567276,0.6526123881340027,-0.3676163852214813,0.9195199012756348,0.49227169156074524,0.657158613204956,0.1688464879989624,0.4429517388343811,0.42215773463249207,0.7819985747337341,-0.4540771543979645,0.9578548669815063,0.5837240219116211,0.7558332681655884,0.259983628988266,0.725929319858551,0.4335460662841797,0.8000648617744446,-0.46739575266838074,0.9427717924118042,0.6110680103302002,0.7739030122756958,0.26311618089675903,0.7950654625892639,0.3288092315196991,0.8065946102142334,-0.628839910030365,0.9529025554656982,0.5278409123420715,0.7889397144317627,0.16434939205646515,0.7555023431777954
IMG_9691 3,14,459,bad,0.4057082235813141,0.36861759424209595,-0.12089084833860397,0.9999868273735046,0.41477808356285095,0.3589129149913788,-0.13876503705978394,0.9999894499778748,0.41866183280944824,0.3586602509021759,-0.13885818421840668,0.9999897480010986,0.423053503036499,0.35839933156967163,-0.1389843374490738,0.9999909400939941,0.40940871834754944,0.35860419273376465,-0.09022926539182663,0.9999865293502808,0.4091847240924835,0.3581925928592682,-0.09027908742427826,0.9999815225601196,0.4092453420162201,0.3577769696712494,-0.09025158733129501,0.999984860420227,0.4477437138557434,0.3607199788093567,-0.11545734107494354,0.9999911785125732,0.42464086413383484,0.36007362604141235,0.09073873609304428,0.9999763369560242,0.41657277941703796,0.3775786757469177,-0.1055200845003128,0.9999589323997498,0.41104263067245483,0.37786126136779785,-0.0460825189948082,0.9999498128890991,0.5059661269187927,0.4141544699668884,-0.19026894867420197,0.9999709725379944,0.4109707474708557,0.4096387028694153,0.3191277086734772,0.9997625946998596,0.43433812260627747,0.47027233242988586,-0.29129981994628906,0.9827233552932739,0.33885014057159424,0.4463885426521301,0.27445781230926514,0.18566939234733582,0.40252503752708435,0.4071887135505676,-0.2104925811290741,0.9177971482276917,0.347019225358963,0.42194685339927673,0.02781779319047928,0.2324925661087036,0.39916813373565674,0.3938271999359131,-0.24148686230182648,0.8814169764518738,0.342269629240036,0.41507652401924133,-0.0036192128900438547,0.2455178201198578,0.40905508399009705,0.38938039541244507,-0.24804838001728058,0.8783199191093445,0.3659605383872986,0.4055866301059723,0.019871393218636513,0.24959364533424377,0.41107749938964844,0.39427486062049866,-0.2060709148645401,0.8608047962188721,0.3648805022239685,0.4126869738101959,0.029381878674030304,0.25423330068588257,0.4892306923866272,0.5433875322341919,-0.17902587354183197,0.9997566938400269,0.4511154592037201,0.5461580157279968,0.1793653815984726,0.9995074272155762,0.4428536593914032,0.6511270403862,-0.37132880091667175,0.9208858609199524,0.4947938024997711,0.6570336818695068,0.16240301728248596,0.44924139976501465,0.4215354025363922,0.780105710029602,-0.43891245126724243,0.9600288271903992,0.5837387442588806,0.7550939917564392,0.2621537446975708,0.7338095903396606,0.43285953998565674,0.7990413308143616,-0.4505138397216797,0.9455852508544922,0.6157565712928772,0.773813784122467,0.26567015051841736,0.8043904900550842,0.32921990752220154,0.8065700531005859,-0.6239808201789856,0.9551997184753418,0.5314455628395081,0.7876089215278625,0.16057665646076202,0.7623885869979858
IMG_9691 3,15,491,bad,0.40728089213371277,0.3686259686946869,-0.04629436507821083,0.9999878406524658,0.4167512059211731,0.35892537236213684,-0.06101058050990105,0.9999902844429016,0.42072156071662903,0.35868579149246216,-0.06109205260872841,0.9999905824661255,0.42512598633766174,0.35843080282211304,-0.06116582453250885,0.9999916553497314,0.4109480381011963,0.35856398940086365,-0.012498797848820686,0.9999874234199524,0.4104958176612854,0.3581167757511139,-0.012554648332297802,0.9999827146530151,0.41022902727127075,0.35765570402145386,-0.012552295811474323,0.9999858140945435,0.44910556077957153,0.3608303666114807,-0.05278357118368149,0.9999918341636658,0.42539405822753906,0.35992881655693054,0.14655427634716034,0.9999780654907227,0.418057918548584,0.37761420011520386,-0.034171320497989655,0.9999623894691467,0.4117520749568939,0.3778717815876007,0.025331076234579086,0.9999538660049438,0.5090852975845337,0.41622301936149597,-0.12485329061746597,0.9999724626541138,0.4041638672351837,0.4075031876564026,0.3263392746448517,0.9997783899307251,0.44223737716674805,0.47028490900993347,-0.3769260048866272,0.9836854338645935,0.33921676874160767,0.4367888867855072,0.38055968284606934,0.2234228551387787,0.4098391830921173,0.40826889872550964,-0.5309746861457825,0.9255731105804443,0.2800721824169159,0.4325200319290161,0.18130269646644592,0.2924410402774811,0.4067579209804535,0.3945876359939575,-0.5909713506698608,0.8924835920333862,0.263570636510849,0.4346807599067688,0.16557082533836365,0.3022068738937378,0.4131262004375458,0.39007559418678284,-0.5873997211456299,0.8896716833114624,0.27386754751205444,0.4306466579437256,0.15018559992313385,0.3071902394294739,0.4148881733417511,0.3949390649795532,-0.5312649011611938,0.8732895255088806,0.2826833128929138,0.4322587847709656,0.16615931689739227,0.31200480461120605,0.490376740694046,0.5433986783027649,-0.17465892434120178,0.9997726082801819,0.44625353813171387,0.546220600605011,0.1749291568994522,0.9995435476303101,0.4449746310710907,0.6495552062988281,-0.3617110252380371,0.9166747331619263,0.49545085430145264,0.6554641127586365,0.137958824634552,0.44691067934036255,0.4217607378959656,0.7791904211044312,-0.41996097564697266,0.9605144262313843,0.5842720866203308,0.7547754645347595,0.24803221225738525,0.7377697825431824,0.43310409784317017,0.797856330871582,-0.43177762627601624,0.946269154548645,0.6150453686714172,0.7735786437988281,0.2512156665325165,0.808963418006897,0.33417409658432007,0.8058843016624451,-0.6065744757652283,0.957154393196106,0.5370886325836182,0.7877639532089233,0.1183948740363121,0.7704171538352966
IMG_9691 3,16,524,bad,0.41146114468574524,0.3684956133365631,-0.09110842645168304,0.9999880194664001,0.4219401180744171,0.3588556945323944,-0.09201556444168091,0.9999901056289673,0.4265615940093994,0.3586840331554413,-0.09211403876543045,0.9999905228614807,0.4315566122531891,0.358457088470459,-0.09213939309120178,0.9999913573265076,0.4142598807811737,0.3582460582256317,-0.050930872559547424,0.9999865293502808,0.4131540060043335,0.3577210307121277,-0.051026973873376846,0.9999814629554749,0.4122074842453003,0.35718414187431335,-0.05103744938969612,0.9999845623970032,0.45285049080848694,0.3610486686229706,-0.04682667553424835,0.9999915957450867,0.42576321959495544,0.3597942888736725,0.1452794224023819,0.9999774694442749,0.4219149053096771,0.3777482807636261,-0.06277187913656235,0.9999641180038452,0.4135110676288605,0.3778716027736664,-0.013121056370437145,0.999955415725708,0.5114591717720032,0.41774582862854004,-0.1181778758764267,0.9999718070030212,0.396074116230011,0.40683212876319885,0.3330745995044708,0.9997860789299011,0.4478081166744232,0.4677879810333252,-0.42713993787765503,0.9846970438957214,0.3076460659503937,0.4236939251422882,0.31877005100250244,0.28004592657089233,0.41318798065185547,0.4079228639602661,-0.6661099195480347,0.9326178431510925,0.2298465520143509,0.4258999824523926,0.04258718714118004,0.3559121787548065,0.4086223840713501,0.3950881063938141,-0.7442527413368225,0.9024515748023987,0.20243880152702332,0.4257736802101135,0.004537224303930998,0.36212781071662903,0.4131843149662018,0.39079952239990234,-0.7400146126747131,0.8998855352401733,0.20939728617668152,0.4250071942806244,-0.018723051995038986,0.3677460551261902,0.41530516743659973,0.39552128314971924,-0.6700765490531921,0.8845605850219727,0.2204148769378662,0.4263312518596649,0.019926922395825386,0.372740775346756,0.49173957109451294,0.5439928770065308,-0.15809482336044312,0.9997758269309998,0.4411194920539856,0.5468793511390686,0.1583074927330017,0.999566376209259,0.44985145330429077,0.6496514678001404,-0.3583109378814697,0.9127544164657593,0.4951036870479584,0.6552957892417908,0.08191295713186264,0.4441174864768982,0.42197927832603455,0.777433454990387,-0.40609216690063477,0.9609955549240112,0.5838788151741028,0.7543971538543701,0.19410492479801178,0.7431525588035583,0.43268972635269165,0.7965377569198608,-0.41768983006477356,0.9462795257568359,0.6142693161964417,0.7732850909233093,0.19518984854221344,0.813559889793396,0.34456682205200195,0.8043489456176758,-0.6060976982116699,0.9589035511016846,0.5370672941207886,0.7878218293190002,0.04901248216629028,0.7787474393844604
IMG_9691 3,17,557,bad,0.4114796817302704,0.3679227828979492,-0.013228215277194977,0.999988853931427,0.42165127396583557,0.35840079188346863,-0.021965371444821358,0.9999906420707703,0.42610254883766174,0.35829442739486694,-0.021995756775140762,0.9999909996986389,0.4308411180973053,0.3581269383430481,-0.02186361886560917,0.999991774559021,0.41464242339134216,0.3576134741306305,0.02586636319756508,0.9999871850013733,0.4138411581516266,0.3570302724838257,0.025757446885108948,0.9999822378158569,0.4131523370742798,0.3564525544643402,0.02556108497083187,0.9999853372573853,0.45273587107658386,0.3609848618507385,-0.021862898021936417,0.9999915957450867,0.42770639061927795,0.3594566881656647,0.18938960134983063,0.99997878074646,0.42196181416511536,0.3777577579021454,-0.01009898167103529,0.999966561794281,0.4137793183326721,0.3775857985019684,0.04961701110005379,0.9999586939811707,0.5119302272796631,0.419070839881897,-0.11979501694440842,0.999969482421875,0.39444106817245483,0.40624040365219116,0.342040091753006,0.9998046159744263,0.4490518867969513,0.46782925724983215,-0.4118725061416626,0.9843924045562744,0.2898825407028198,0.41223037242889404,0.3772042393684387,0.34701070189476013,0.41240373253822327,0.4081944227218628,-0.6385027170181274,0.9386217594146729,0.18835347890853882,0.40716809034347534,0.20491231977939606,0.41852444410324097,0.40751343965530396,0.39535486698150635,-0.7155241966247559,0.9111630320549011,0.15429893136024475,0.40499237179756165,0.1830885261297226,0.4227425158023834,0.4149915277957916,0.3907485902309418,-0.7088648080825806,0.9087620377540588,0.1521517038345337,0.40423399209976196,0.1313740611076355,0.42824381589889526,0.4148768186569214,0.39588189125061035,-0.6422743797302246,0.8942470550537109,0.16314904391765594,0.4063684940338135,0.1730475276708603,0.43304017186164856,0.4912640154361725,0.5454221367835999,-0.1582571566104889,0.9997833967208862,0.4362032115459442,0.5475301742553711,0.15829990804195404,0.9995905160903931,0.4497576057910919,0.6497567892074585,-0.35099664330482483,0.9079256057739258,0.4945831894874573,0.6553086042404175,0.11578450351953506,0.44259244203567505,0.4219883680343628,0.7774614095687866,-0.39359408617019653,0.9614917039871216,0.5835725665092468,0.7540959119796753,0.19926439225673676,0.7385661602020264,0.4324038624763489,0.7965930700302124,-0.4055376946926117,0.9471628665924072,0.6137189269065857,0.7732006907463074,0.200445756316185,0.8121477961540222,0.3457922339439392,0.8042961359024048,-0.575162947177887,0.9600949287414551,0.5359675884246826,0.7878495454788208,0.08159810304641724,0.7823053598403931
IMG_9691 3,18,590,bad,0.4113902449607849,0.3662661910057068,-0.025880146771669388,0.9999893307685852,0.421692430973053,0.3570648431777954,-0.033203501254320145,0.999990701675415,0.4260890483856201,0.3571304380893707,-0.033226191997528076,0.9999909996986389,0.43087872862815857,0.35715705156326294,-0.03316482901573181,0.9999915957450867,0.414896160364151,0.35601362586021423,0.011412303894758224,0.9999870657920837,0.41414323449134827,0.35539352893829346,0.011320761404931545,0.9999818205833435,0.41345643997192383,0.35480841994285583,0.011235331185162067,0.9999849796295166,0.4535472095012665,0.36082419753074646,-0.02028755657374859,0.9999909400939941,0.4279860556125641,0.3586101233959198,0.18144936859607697,0.9999788403511047,0.4218095541000366,0.377163827419281,-0.015657084062695503,0.9999685287475586,0.41376519203186035,0.3763545751571655,0.04053688421845436,0.9999613761901855,0.5118440985679626,0.41970404982566833,-0.10957630723714828,0.9999678730964661,0.3877023160457611,0.40416306257247925,0.32182231545448303,0.9998208284378052,0.44657838344573975,0.47025105357170105,-0.3870537281036377,0.9845337867736816,0.2594308853149414,0.3989546000957489,0.3665250837802887,0.4103991687297821,0.4100789427757263,0.40844619274139404,-0.6285776495933533,0.9439255595207214,0.147879958152771,0.38920021057128906,0.19049929082393646,0.47563421726226807,0.4049816131591797,0.39559149742126465,-0.7111569046974182,0.9187838435173035,0.11263907700777054,0.38645413517951965,0.1654941886663437,0.4781440794467926,0.41298365592956543,0.39096397161483765,-0.6978134512901306,0.9165269136428833,0.11048714816570282,0.384857714176178,0.11707769334316254,0.4834151566028595,0.4137757420539856,0.39611807465553284,-0.6310669779777527,0.9026690125465393,0.12180150300264359,0.3872052729129791,0.15959161520004272,0.4880112409591675,0.4909347593784332,0.545645534992218,-0.1550084501504898,0.9997994303703308,0.43031084537506104,0.5474807620048523,0.15508303046226501,0.999618411064148,0.44826698303222656,0.6498746871948242,-0.40298524498939514,0.911812424659729,0.491239070892334,0.6524832248687744,0.16981273889541626,0.43993300199508667,0.421467661857605,0.77828449010849,-0.510902464389801,0.9640659689903259,0.5823185443878174,0.7517505884170532,0.3227403163909912,0.7329401969909668,0.4325881898403168,0.7977630496025085,-0.5266014337539673,0.9502229690551758,0.6132755279541016,0.7726298570632935,0.33115071058273315,0.8094736933708191,0.342680424451828,0.8048511147499084,-0.7208166718482971,0.9627102017402649,0.53564453125,0.7827768325805664,0.20887309312820435,0.7826545834541321
IMG_9691 3,19,622,bad,0.41128429770469666,0.3663495182991028,-0.11938930302858353,0.9999883770942688,0.42194318771362305,0.35714420676231384,-0.12552355229854584,0.9999879598617554,0.4264453947544098,0.35718676447868347,-0.12556438148021698,0.9999882578849792,0.43124186992645264,0.3571857810020447,-0.1255837231874466,0.9999873638153076,0.4149955213069916,0.35611769556999207,-0.08740179240703583,0.9999824166297913,0.41421952843666077,0.3554863929748535,-0.08753500133752823,0.9999752044677734,0.41349831223487854,0.35487470030784607,-0.087542824447155,0.9999783635139465,0.4536263942718506,0.3608575463294983,-0.08296528458595276,0.9999867677688599,0.4280945360660553,0.35848259925842285,0.08103762567043304,0.9999741911888123,0.42168235778808594,0.3773210644721985,-0.09954503923654556,0.999968409538269,0.41355693340301514,0.3763834238052368,-0.05214377120137215,0.9999620914459229,0.5115401148796082,0.4207470715045929,-0.15025940537452698,0.9999569654464722,0.3846997320652008,0.40291059017181396,0.2237875759601593,0.9998321533203125,0.446418821811676,0.47364702820777893,-0.41677767038345337,0.9839329123497009,0.24004606902599335,0.38991984724998474,0.224469393491745,0.46815574169158936,0.40915319323539734,0.409370481967926,-0.6291214227676392,0.9476942420005798,0.11525099724531174,0.3732670247554779,0.06121552735567093,0.5271691083908081,0.4033527970314026,0.39599862694740295,-0.7115535736083984,0.9243284463882446,0.07966255396604538,0.36824291944503784,0.02867499366402626,0.5281935930252075,0.4119190275669098,0.3920747935771942,-0.6936019659042358,0.9221268892288208,0.07973743975162506,0.3662194013595581,-0.022807616740465164,0.5332249999046326,0.4130876064300537,0.39702919125556946,-0.6304860711097717,0.9084348082542419,0.0917910635471344,0.36845964193344116,0.027575135231018066,0.5376436710357666,0.489991694688797,0.545616865158081,-0.14650113880634308,0.9998129606246948,0.42714226245880127,0.5467029809951782,0.14670023322105408,0.9996414184570312,0.4481915235519409,0.649965763092041,-0.43977171182632446,0.9178276062011719,0.48487588763237,0.64926677942276,0.2212248593568802,0.44499823451042175,0.42132827639579773,0.7788525819778442,-0.5498703718185425,0.9668964743614197,0.58171546459198,0.7502437233924866,0.4394022226333618,0.7359985709190369,0.43273887038230896,0.7987004518508911,-0.5648162364959717,0.9539295434951782,0.6130768656730652,0.7716349363327026,0.4536430835723877,0.8143951892852783,0.34475377202033997,0.8048539757728577,-0.7582145929336548,0.9651582837104797,0.5371148586273193,0.7827835083007812,0.3348081409931183,0.780204713344574
IMG_9691 3,20,655,bad,0.4114914834499359,0.36641889810562134,-0.14226803183555603,0.9999856352806091,0.4221627414226532,0.3572072684764862,-0.1476006805896759,0.999983549118042,0.4265958070755005,0.3572252094745636,-0.14764276146888733,0.9999836087226868,0.4312267005443573,0.3572302758693695,-0.14767424762248993,0.9999804496765137,0.4152035415172577,0.3561936914920807,-0.10976194590330124,0.9999755024909973,0.4143758714199066,0.35557010769844055,-0.10985654592514038,0.9999659061431885,0.4135933220386505,0.35496821999549866,-0.10983853787183762,0.999969482421875,0.4532403349876404,0.3609963655471802,-0.09875503927469254,0.9999805092811584,0.427966445684433,0.3584957718849182,0.06634988635778427,0.9999677538871765,0.4215886890888214,0.37740224599838257,-0.11961706727743149,0.999965250492096,0.4134359657764435,0.37644267082214355,-0.07175466418266296,0.9999595880508423,0.5103607773780823,0.42016977071762085,-0.16683627665042877,0.9999385476112366,0.379978209733963,0.4021384119987488,0.21829406917095184,0.9998390674591064,0.45809948444366455,0.4715995788574219,-0.48757606744766235,0.9805772304534912,0.23557253181934357,0.3818124830722809,0.21319487690925598,0.5198653340339661,0.409299373626709,0.41260308027267456,-0.807129979133606,0.9472023844718933,0.10803171992301941,0.3532622456550598,0.03634883090853691,0.5733272433280945,0.4039483666419983,0.3992235064506531,-0.9053029417991638,0.9247754216194153,0.0720670148730278,0.3464045822620392,0.003643007017672062,0.5726872682571411,0.41105759143829346,0.39566323161125183,-0.8852519989013672,0.9224998950958252,0.07014616578817368,0.3448125422000885,-0.04873783141374588,0.5775941610336304,0.4124821126461029,0.39934468269348145,-0.811152458190918,0.9076170921325684,0.08134318888187408,0.34715014696121216,0.0023483969271183014,0.5818911790847778,0.48653700947761536,0.5446433424949646,-0.15038985013961792,0.999823272228241,0.4237780272960663,0.5450039505958557,0.15058180689811707,0.99965900182724,0.4465934634208679,0.6495683789253235,-0.4324015974998474,0.923639714717865,0.47762659192085266,0.6474001407623291,0.2601267099380493,0.4549993872642517,0.42036789655685425,0.7788466811180115,-0.5236855149269104,0.9694821238517761,0.5806180834770203,0.7484827637672424,0.4611402153968811,0.7417082786560059,0.43193235993385315,0.7990202307701111,-0.5363240242004395,0.9576535820960999,0.6128425002098083,0.7709128856658936,0.47403255105018616,0.8211911916732788,0.3384842574596405,0.8050149083137512,-0.7274441719055176,0.9672183394432068,0.5359235405921936,0.7796843647956848,0.3564419746398926,0.7788965702056885
IMG_9691 3,21,688,bad,0.40983614325523376,0.36605724692344666,-0.04800459370017052,0.999984622001648,0.42147380113601685,0.3570447862148285,-0.03986138850450516,0.9999819993972778,0.42613130807876587,0.35713857412338257,-0.0398709736764431,0.9999815821647644,0.43099445104599,0.3572140634059906,-0.03988318517804146,0.9999781250953674,0.413659930229187,0.3559534251689911,-0.0059203035198152065,0.9999730587005615,0.4125252962112427,0.35536128282546997,-0.006054244935512543,0.9999625086784363,0.4114389419555664,0.35479703545570374,-0.006050329189747572,0.9999674558639526,0.4524051249027252,0.3610313832759857,0.01395430974662304,0.9999765753746033,0.42630571126937866,0.35841837525367737,0.17203770577907562,0.9999646544456482,0.42004767060279846,0.3770473003387451,-0.023350458592176437,0.9999629259109497,0.4103965163230896,0.37601348757743835,0.01895076036453247,0.9999580979347229,0.5091333389282227,0.41977253556251526,-0.08562430739402771,0.9999153017997742,0.37529247999191284,0.40194711089134216,0.2631683647632599,0.999843180179596,0.4600481390953064,0.4686998724937439,-0.41111138463020325,0.976568877696991,0.2422688752412796,0.37782931327819824,0.27816885709762573,0.5659428834915161,0.4095444083213806,0.41683799028396606,-0.6808411478996277,0.9446346163749695,0.12637953460216522,0.3424938917160034,0.1468210071325302,0.6146529912948608,0.40383604168891907,0.4030672609806061,-0.769432544708252,0.9227520227432251,0.09332989156246185,0.3346201479434967,0.11539509147405624,0.6123766303062439,0.4105134904384613,0.3993414342403412,-0.750298261642456,0.9201475381851196,0.09364619106054306,0.3313082158565521,0.06659453362226486,0.6171379089355469,0.41201475262641907,0.40294596552848816,-0.683857262134552,0.9037851095199585,0.10444847494363785,0.3343795835971832,0.11466804891824722,0.6214553713798523,0.4852961301803589,0.545154333114624,-0.15267574787139893,0.9998283386230469,0.42293471097946167,0.5459218621253967,0.15285064280033112,0.9996720552444458,0.4446777403354645,0.6507471799850464,-0.4189884066581726,0.9259820580482483,0.4778667986392975,0.6479494571685791,0.23149055242538452,0.4622207283973694,0.42021965980529785,0.778843879699707,-0.46719619631767273,0.9712896347045898,0.5807356238365173,0.7485498189926147,0.38847649097442627,0.7471796870231628,0.43183058500289917,0.7990635633468628,-0.47471386194229126,0.9601796269416809,0.6125322580337524,0.770749568939209,0.3974571228027344,0.8263292908668518,0.33555275201797485,0.8055461049079895,-0.7134661078453064,0.9686564803123474,0.5344957113265991,0.7803855538368225,0.28315526247024536,0.7813600301742554
IMG_9691 3,22,721,bad,0.40665513277053833,0.36632147431373596,-0.01866334304213524,0.9999845027923584,0.41822549700737,0.3572740852832794,-0.016062380746006966,0.9999821186065674,0.42294013500213623,0.3574161231517792,-0.016134221106767654,0.9999815821647644,0.42793840169906616,0.3575587868690491,-0.01618320681154728,0.9999785423278809,0.41031768918037415,0.35606464743614197,0.024147432297468185,0.999972939491272,0.4091816246509552,0.355428546667099,0.024082869291305542,0.9999614953994751,0.40805187821388245,0.35482844710350037,0.024057740345597267,0.9999670386314392,0.4495173692703247,0.3613418936729431,0.020293058827519417,0.9999764561653137,0.4232809841632843,0.35842642188072205,0.20144760608673096,0.9999637007713318,0.4174710214138031,0.3773835301399231,-0.001101688016206026,0.999962568283081,0.4071151912212372,0.37617504596710205,0.04921514540910721,0.999957263469696,0.5067587494850159,0.41951900720596313,-0.07785946875810623,0.9999109506607056,0.37366193532943726,0.40200600028038025,0.31122803688049316,0.9998485445976257,0.45736193656921387,0.469407856464386,-0.4002775549888611,0.9753763675689697,0.2620086073875427,0.38036203384399414,0.3505709171295166,0.6067014932632446,0.41042360663414,0.4160405099391937,-0.6880175471305847,0.9464383721351624,0.1666381061077118,0.3402581214904785,0.2089887112379074,0.6515502333641052,0.4063933491706848,0.4023128151893616,-0.7697587609291077,0.9256141781806946,0.1369299590587616,0.32979699969291687,0.1801527589559555,0.6474780440330505,0.41524818539619446,0.3985452353954315,-0.7565825581550598,0.9229426980018616,0.1377212405204773,0.32760852575302124,0.14248964190483093,0.6520854830741882,0.41293057799339294,0.4026431143283844,-0.6917122006416321,0.9056084156036377,0.1477007269859314,0.3307396173477173,0.1811719834804535,0.6562920212745667,0.48389795422554016,0.5448716878890991,-0.15371161699295044,0.9998407363891602,0.4200699031352997,0.5457608103752136,0.15390118956565857,0.999691367149353,0.44371917843818665,0.6486435532569885,-0.5311130285263062,0.9282212257385254,0.4706987738609314,0.6480297446250916,0.1903618425130844,0.4694119393825531,0.4202285408973694,0.7760394811630249,-0.7115037441253662,0.9728977084159851,0.5776808857917786,0.7478182911872864,0.2737634778022766,0.7452748417854309,0.4317449927330017,0.7989910840988159,-0.7337476015090942,0.9624236822128296,0.6115853190422058,0.7707136869430542,0.2728045582771301,0.8254454731941223,0.3355650305747986,0.8055194020271301,-0.9498415589332581,0.9706619381904602,0.5249649286270142,0.7818240523338318,0.13862089812755585,0.7835540175437927
IMG_9691 3,23,754,bad,0.40625160932540894,0.36637237668037415,-0.10901398956775665,0.9999837875366211,0.41821780800819397,0.35745447874069214,-0.0939207673072815,0.9999815821647644,0.4230380654335022,0.3577392101287842,-0.09402445703744888,0.9999814033508301,0.42824995517730713,0.35806307196617126,-0.09412496536970139,0.999978244304657,0.40939316153526306,0.35609856247901917,-0.06387054175138474,0.999971866607666,0.40753182768821716,0.3554780185222626,-0.06397221982479095,0.9999603629112244,0.40540918707847595,0.35488688945770264,-0.0639410987496376,0.9999657869338989,0.4482450485229492,0.36203837394714355,0.017787892371416092,0.9999772310256958,0.4164043962955475,0.35843682289123535,0.1630784422159195,0.9999614953994751,0.4168280065059662,0.3774142563343048,-0.05837734416127205,0.9999626278877258,0.4044453203678131,0.3761473000049591,-0.02322472259402275,0.9999552369117737,0.49985092878341675,0.4194452166557312,-0.06378229707479477,0.9999094009399414,0.37196147441864014,0.4022010862827301,0.3115846514701843,0.9998318552970886,0.4558500647544861,0.47101685404777527,-0.3886384069919586,0.9764364957809448,0.2630319595336914,0.3870263695716858,0.08129578083753586,0.6294358968734741,0.40863391757011414,0.4169885516166687,-0.5933276414871216,0.9501194953918457,0.22797882556915283,0.3472001850605011,-0.39173418283462524,0.6817533373832703,0.4001753628253937,0.4029260575771332,-0.6611424684524536,0.9299255013465881,0.20682820677757263,0.3318786323070526,-0.4601757228374481,0.6761842370033264,0.4038708508014679,0.39886295795440674,-0.6477853059768677,0.927418053150177,0.21384046971797943,0.33171185851097107,-0.4478180706501007,0.680397093296051,0.4103173613548279,0.40327635407447815,-0.5922667384147644,0.9099681973457336,0.22182101011276245,0.33665499091148376,-0.40542173385620117,0.6839904189109802,0.48289862275123596,0.5446161031723022,-0.14838020503520966,0.9998419284820557,0.4189624786376953,0.545549213886261,0.14846894145011902,0.9997086524963379,0.44339069724082947,0.6486144661903381,-0.43209096789360046,0.9299985766410828,0.47124183177948,0.648973286151886,0.07965613901615143,0.4799294173717499,0.420243501663208,0.7758288979530334,-0.4950293004512787,0.9733555316925049,0.5785306692123413,0.7484796643257141,0.18537619709968567,0.7536951899528503,0.4318041503429413,0.7979137897491455,-0.5095706582069397,0.9618768692016602,0.6114344000816345,0.7705874443054199,0.18567365407943726,0.8294714689254761,0.33494314551353455,0.8057816624641418,-0.7494375705718994,0.9709792137145996,0.5334217548370361,0.7850930690765381,0.03816903382539749,0.7875481247901917
IMG_9691 3,24,786,bad,0.406122088432312,0.3697938323020935,-0.03158867731690407,0.9999848008155823,0.4178309738636017,0.35984182357788086,-0.013841953128576279,0.9999829530715942,0.4227510690689087,0.36005839705467224,-0.013931600376963615,0.9999827146530151,0.4280601143836975,0.36033520102500916,-0.014162111096084118,0.9999800324440002,0.407969206571579,0.3585664629936218,0.0075945667922496796,0.9999737739562988,0.4054480195045471,0.35786598920822144,0.007581513840705156,0.999962329864502,0.4023680090904236,0.3571597635746002,0.007603231351822615,0.9999677538871765,0.44469794631004333,0.3636420965194702,0.11716144531965256,0.9999791383743286,0.410315603017807,0.35931357741355896,0.22403180599212646,0.9999641180038452,0.41650310158729553,0.37975940108299255,0.030275577679276466,0.9999649524688721,0.4032255709171295,0.37868285179138184,0.05642694607377052,0.9999582171440125,0.4933129847049713,0.4193119704723358,0.083775095641613,0.9999159574508667,0.37309733033180237,0.4020542502403259,0.444680392742157,0.9998313188552856,0.4548085033893585,0.4759809970855713,-0.007851065136492252,0.9764734506607056,0.2671767771244049,0.37173229455947876,0.6430752277374268,0.6442760825157166,0.40651825070381165,0.4180941879749298,0.02889089472591877,0.9497904181480408,0.29241588711738586,0.35088324546813965,0.8725296258926392,0.6535122394561768,0.3969760835170746,0.4039350748062134,-0.0013529839925467968,0.9289715886116028,0.29479289054870605,0.3459860682487488,0.892667293548584,0.6327661871910095,0.4036698341369629,0.4004230201244354,0.002051588613539934,0.9264873266220093,0.3010859489440918,0.345196932554245,0.9078578948974609,0.6363458633422852,0.4083773195743561,0.4039055109024048,0.03220300376415253,0.9071663022041321,0.30454781651496887,0.3517013490200043,0.8746243119239807,0.6446558237075806,0.4792232811450958,0.5432747602462769,-0.14788658916950226,0.9998506307601929,0.4185866713523865,0.5443519353866577,0.14827750623226166,0.9997183084487915,0.4409138560295105,0.6479093432426453,-0.4808536171913147,0.931800901889801,0.47233912348747253,0.6485530138015747,0.0943717285990715,0.488789826631546,0.4200132489204407,0.7757427096366882,-0.6035334467887878,0.9744738340377808,0.5784915089607239,0.7481911778450012,0.20787960290908813,0.7598685026168823,0.4312150478363037,0.7979146242141724,-0.6181584000587463,0.9627581834793091,0.6110461354255676,0.7700133919715881,0.21169544756412506,0.8312437534332275,0.3350042998790741,0.8058251738548279,-0.8271756172180176,0.9726541042327881,0.5345179438591003,0.7851955890655518,0.0701054036617279,0.7933441400527954
IMG_9691 3,25,819,bad,0.401997447013855,0.37844645977020264,-0.30138882994651794,0.9999825358390808,0.4129425883293152,0.367489218711853,-0.285281777381897,0.9999806880950928,0.41839903593063354,0.36757346987724304,-0.2853720188140869,0.9999816417694092,0.42408445477485657,0.36763861775398254,-0.2856113016605377,0.99997878074646,0.4008263945579529,0.3653757870197296,-0.26639851927757263,0.9999682903289795,0.39733296632766724,0.36397475004196167,-0.26642945408821106,0.9999545812606812,0.3938939869403839,0.36298030614852905,-0.2663854658603668,0.9999576210975647,0.4363546669483185,0.36851295828819275,-0.10259983688592911,0.9999791979789734,0.3930312693119049,0.36214959621429443,-0.025358157232403755,0.9999578595161438,0.41197386384010315,0.38691702485084534,-0.22429336607456207,0.9999603629112244,0.39688432216644287,0.3848738670349121,-0.20259316265583038,0.9999504089355469,0.48758766055107117,0.41959601640701294,-0.06559327244758606,0.9999201893806458,0.36652156710624695,0.40178537368774414,0.24475815892219543,0.9997972249984741,0.4478454291820526,0.4835875332355499,-0.19124498963356018,0.9766421318054199,0.30880609154701233,0.3778756260871887,0.4331726133823395,0.6354794502258301,0.4062729477882385,0.42548343539237976,-0.21942941844463348,0.9501352310180664,0.353373259305954,0.3526652753353119,0.41956666111946106,0.6326037049293518,0.39690008759498596,0.4109731614589691,-0.25970694422721863,0.928068220615387,0.379008024930954,0.35284149646759033,0.4233587980270386,0.6029715538024902,0.404704213142395,0.40431931614875793,-0.2537249028682709,0.9258027076721191,0.38868680596351624,0.3631560206413269,0.4353218674659729,0.6058066487312317,0.4084649384021759,0.4092426598072052,-0.21604596078395844,0.9047272801399231,0.38467976450920105,0.3682021498680115,0.42032375931739807,0.6150049567222595,0.47644031047821045,0.5421030521392822,-0.1487787514925003,0.9998382925987244,0.4185536503791809,0.5440679788589478,0.1491740196943283,0.9997001886367798,0.4409421682357788,0.647633969783783,-0.45546767115592957,0.9362127184867859,0.476889044046402,0.6483475565910339,0.07791373878717422,0.5118520259857178,0.42034846544265747,0.7739115953445435,-0.5174307227134705,0.976211667060852,0.5780330300331116,0.7478284239768982,0.20781539380550385,0.7757464051246643,0.43119654059410095,0.7957783341407776,-0.5274891257286072,0.9649152755737305,0.6102118492126465,0.7685001492500305,0.2140374332666397,0.8421059250831604,0.33558428287506104,0.8053017854690552,-0.759523868560791,0.9734990000724792,0.5337131023406982,0.778873085975647,0.06283610314130783,0.8023901581764221
IMG_9691 3,26,852,bad,0.399186372756958,0.3809063732624054,0.06450538337230682,0.9999818205833435,0.40737128257751465,0.3686978816986084,0.06974994391202927,0.9999809265136719,0.41093701124191284,0.3683423399925232,0.06969005614519119,0.9999819993972778,0.4144001007080078,0.36805394291877747,0.06951480358839035,0.9999796152114868,0.39936453104019165,0.3680330812931061,0.09888981282711029,0.999967634677887,0.39720678329467773,0.3672025501728058,0.0988977923989296,0.999953031539917,0.39481213688850403,0.3666006624698639,0.09890976548194885,0.9999568462371826,0.4239833652973175,0.3687483072280884,0.15829819440841675,0.9999804496765137,0.3970731496810913,0.3661954998970032,0.28497686982154846,0.9999576210975647,0.40808311104774475,0.38931021094322205,0.10599514842033386,0.9999570250511169,0.39688554406166077,0.38885876536369324,0.1414792835712433,0.9999465346336365,0.4817735552787781,0.41949281096458435,0.09948329627513885,0.999925971031189,0.36844533681869507,0.40261223912239075,0.41615214943885803,0.9997966885566711,0.4285842776298523,0.48076313734054565,0.04033493995666504,0.9746089577674866,0.3240635395050049,0.3979135751724243,0.39851903915405273,0.645290732383728,0.4061473309993744,0.4242066442966461,0.16983924806118011,0.9458984136581421,0.3939337730407715,0.3578372001647949,0.3599294424057007,0.6264066696166992,0.41521763801574707,0.40999507904052734,0.1534499228000641,0.9226931929588318,0.4264320135116577,0.3630393147468567,0.3455098569393158,0.5849485993385315,0.4262622594833374,0.4042336940765381,0.14636655151844025,0.9204080104827881,0.42362651228904724,0.3706338107585907,0.36367109417915344,0.586349606513977,0.41934481263160706,0.4086107611656189,0.17082518339157104,0.8986437916755676,0.4202348589897156,0.3725214898586273,0.3610619306564331,0.5983138680458069,0.47486335039138794,0.5401937365531921,-0.14622636139392853,0.9998469948768616,0.41946691274642944,0.5439939498901367,0.14672842621803284,0.9997193217277527,0.446122944355011,0.6467464566230774,-0.35179370641708374,0.9330277442932129,0.47503605484962463,0.6479063034057617,-0.04760490357875824,0.5150100588798523,0.42146968841552734,0.7712216377258301,-0.3849896192550659,0.9741159677505493,0.5775311589241028,0.7482485175132751,-0.028531264513731003,0.7756000757217407,0.43155965209007263,0.7910594940185547,-0.39199480414390564,0.959175705909729,0.6072683930397034,0.7685973644256592,-0.03175972029566765,0.837802529335022,0.348675400018692,0.8039718270301819,-0.5635965466499329,0.9716776609420776,0.5206802487373352,0.7791339159011841,-0.1719755232334137,0.8055691719055176
IMG_9691 3,27,885,bad,0.3933265507221222,0.37883901596069336,0.0620807446539402,0.9999832510948181,0.4011015295982361,0.36786916851997375,0.05541328713297844,0.9999825358390808,0.4055596590042114,0.36724525690078735,0.05542812496423721,0.999983549118042,0.4101864993572235,0.3666822016239166,0.055372826755046844,0.9999814033508301,0.3925938904285431,0.3677375018596649,0.09744440019130707,0.9999704360961914,0.3906784951686859,0.3666362762451172,0.09741964191198349,0.9999571442604065,0.3886317312717438,0.36590415239334106,0.09746475517749786,0.9999605417251587,0.4258878231048584,0.36702096462249756,0.10730423033237457,0.9999822974205017,0.3977487087249756,0.36608096957206726,0.28985071182250977,0.9999613165855408,0.4057837724685669,0.3871206045150757,0.08892460912466049,0.9999601244926453,0.39417392015457153,0.3882080912590027,0.14142905175685883,0.9999502897262573,0.4827529489994049,0.41274452209472656,0.029242100194096565,0.9999321699142456,0.3688044250011444,0.4037148654460907,0.4164491295814514,0.9998083114624023,0.41209080815315247,0.4641471207141876,-0.04630422964692116,0.9752360582351685,0.32835009694099426,0.41014406085014343,0.2671849727630615,0.6713583469390869,0.398718923330307,0.42360714077949524,0.1286410689353943,0.9442384839057922,0.42978522181510925,0.3832787573337555,0.10515830665826797,0.6464799642562866,0.40373170375823975,0.4127234220504761,0.11959123611450195,0.9193088412284851,0.45793449878692627,0.3837146759033203,0.0753251388669014,0.5971435308456421,0.4241025149822235,0.4060803949832916,0.11148790270090103,0.9168662428855896,0.4649435579776764,0.3840232789516449,0.13007232546806335,0.5969698429107666,0.4189291000366211,0.41414153575897217,0.1337868571281433,0.8945132493972778,0.4580215811729431,0.38618990778923035,0.11920254677534103,0.6065719723701477,0.4730588495731354,0.5407730340957642,-0.1595093160867691,0.9998577237129211,0.4195616543292999,0.5450718402862549,0.1598784327507019,0.9997407793998718,0.4426514506340027,0.6467921137809753,-0.3594886362552643,0.9335681796073914,0.47530296444892883,0.6478278636932373,0.07344987243413925,0.5259901285171509,0.4211820960044861,0.7761508226394653,-0.4190702736377716,0.9748479723930359,0.5768157839775085,0.7480901479721069,0.11608202755451202,0.7822474241256714,0.43142595887184143,0.7967664003372192,-0.42754092812538147,0.9599775075912476,0.6070796251296997,0.767219066619873,0.11830306798219681,0.842671811580658,0.33582648634910583,0.8043261170387268,-0.6123995184898376,0.9726282954216003,0.5210068821907043,0.7797514200210571,0.051139719784259796,0.8114491105079651
IMG_9691 3,28,918,bad,0.39377304911613464,0.3747633099555969,0.0466855950653553,0.999983012676239,0.4023521840572357,0.3648853600025177,0.07269430160522461,0.9999822378158569,0.4065724313259125,0.3644230365753174,0.07263815402984619,0.9999834299087524,0.41029104590415955,0.36406341195106506,0.07262266427278519,0.9999815225601196,0.39294371008872986,0.36524805426597595,0.0908907875418663,0.9999707341194153,0.39042338728904724,0.36471906304359436,0.09083544462919235,0.9999583959579468,0.38795343041419983,0.3644229769706726,0.09083151072263718,0.9999620318412781,0.42682331800460815,0.36525028944015503,0.23685577511787415,0.9999827742576599,0.3956369459629059,0.36536431312561035,0.30796486139297485,0.999961793422699,0.4058937728404999,0.38305461406707764,0.10696370154619217,0.9999591708183289,0.3933044970035553,0.38331976532936096,0.1290159672498703,0.9999474883079529,0.4839823842048645,0.4127051830291748,0.17666617035865784,0.9999350905418396,0.36278069019317627,0.40659284591674805,0.39356425404548645,0.9998156428337097,0.450060099363327,0.4628251791000366,-0.09436949342489243,0.9729213118553162,0.34435099363327026,0.4206266701221466,0.06374833732843399,0.7009063363075256,0.41961321234703064,0.44770413637161255,-0.2574022710323334,0.9430130124092102,0.4599696695804596,0.3987996578216553,-0.22898896038532257,0.6788890361785889,0.41590651869773865,0.44800275564193726,-0.31722450256347656,0.9174025654792786,0.49000582098960876,0.39800363779067993,-0.29322871565818787,0.6312421560287476,0.42500442266464233,0.4401080310344696,-0.3171008825302124,0.91493821144104,0.4945884943008423,0.3959003984928131,-0.24359147250652313,0.6305224299430847,0.42315593361854553,0.4417477250099182,-0.2620762884616852,0.8915409445762634,0.4860747158527374,0.3971675932407379,-0.2192165106534958,0.6374691128730774,0.47434359788894653,0.5407849550247192,-0.11708991229534149,0.9998641014099121,0.4157027304172516,0.5463060736656189,0.11743604391813278,0.9997573494911194,0.44771143794059753,0.645441472530365,-0.35527369379997253,0.9325709342956543,0.46145403385162354,0.6475263237953186,0.003981370013207197,0.5493669509887695,0.4212949872016907,0.7732909321784973,-0.4011436700820923,0.973503053188324,0.572668194770813,0.7478340864181519,0.09119274467229843,0.7914718389511108,0.42880427837371826,0.7953450679779053,-0.4142598807811737,0.9509643316268921,0.6038673520088196,0.7667130827903748,0.09127853810787201,0.8411605358123779,0.35347485542297363,0.7984205484390259,-0.6246362328529358,0.9718835949897766,0.521462082862854,0.7760210633277893,-0.059240374714136124,0.8187142610549927
IMG_9691 3,29,950,bad,0.39211735129356384,0.37211114168167114,0.03938020393252373,0.9999839067459106,0.40190061926841736,0.3624842166900635,0.05675859376788139,0.9999831914901733,0.40698379278182983,0.3621552884578705,0.05672658234834671,0.9999843835830688,0.4114457666873932,0.3619793951511383,0.05669250711798668,0.9999826550483704,0.39035362005233765,0.36316657066345215,0.08132483810186386,0.9999726414680481,0.38774681091308594,0.36298611760139465,0.08126215636730194,0.9999613761901855,0.38550642132759094,0.3630058169364929,0.08127709478139877,0.9999647736549377,0.4280031621456146,0.3639736771583557,0.18550963699817657,0.999984085559845,0.39417052268981934,0.3648645877838135,0.29301315546035767,0.9999642372131348,0.40584370493888855,0.3807995915412903,0.09139638394117355,0.9999607801437378,0.3911309838294983,0.3808410167694092,0.12149615585803986,0.9999485611915588,0.4883354902267456,0.41295304894447327,0.1266174465417862,0.9999373555183411,0.36204999685287476,0.4088950753211975,0.3852249085903168,0.9998200535774231,0.4583072066307068,0.46313712000846863,-0.08526914566755295,0.9728291034698486,0.35616764426231384,0.43277958035469055,0.14568589627742767,0.7208008766174316,0.42409977316856384,0.44019415974617004,-0.1519020050764084,0.9410296082496643,0.4580477178096771,0.40818557143211365,-0.06561535596847534,0.6985509991645813,0.4147026240825653,0.4389556646347046,-0.18380460143089294,0.9143148064613342,0.4833165407180786,0.4063769280910492,-0.11463335901498795,0.6475368738174438,0.4270310401916504,0.4325799345970154,-0.18386393785476685,0.9116056561470032,0.4894443154335022,0.404376745223999,-0.06819358468055725,0.6457774639129639,0.42761868238449097,0.43505623936653137,-0.15092043578624725,0.8878692984580994,0.4774608910083771,0.4057871699333191,-0.05666692927479744,0.649894118309021,0.4740571975708008,0.5417268872261047,-0.12566639482975006,0.9998683929443359,0.4122803509235382,0.5474938154220581,0.1259913295507431,0.999769389629364,0.4450764060020447,0.6458037495613098,-0.34316596388816833,0.9300790429115295,0.46305152773857117,0.6481640934944153,-0.002394924871623516,0.5638052225112915,0.4212716519832611,0.7788364291191101,-0.36852192878723145,0.9721402525901794,0.5723735094070435,0.7481801509857178,0.0439034141600132,0.7994673252105713,0.42886584997177124,0.7978494763374329,-0.3792306184768677,0.9427427649497986,0.6038020253181458,0.7667384147644043,0.040147170424461365,0.8410444259643555,0.3450757563114166,0.7999354004859924,-0.5728615522384644,0.971415638923645,0.5217356085777283,0.7768622636795044,-0.10327373445034027,0.8262726068496704
IMG_9691 3,30,983,bad,0.3913344740867615,0.3703005015850067,-0.10914120823144913,0.9999844431877136,0.4016415774822235,0.3607122004032135,-0.10289610177278519,0.9999834895133972,0.40694862604141235,0.36037787795066833,-0.10296350717544556,0.999984860420227,0.4120115339756012,0.3602246642112732,-0.10308021306991577,0.9999831914901733,0.3897937536239624,0.3617094159126282,-0.06832771003246307,0.9999737739562988,0.387420654296875,0.361737996339798,-0.06842288374900818,0.9999634623527527,0.38525390625,0.3619469702243805,-0.06839641183614731,0.9999662637710571,0.42895886301994324,0.36284172534942627,0.00853169709444046,0.9999850392341614,0.3936106860637665,0.3642684817314148,0.16013170778751373,0.9999644160270691,0.4054630696773529,0.3792550563812256,-0.06162939965724945,0.999962329864502,0.39050206542015076,0.37914595007896423,-0.019152434542775154,0.9999485015869141,0.48990505933761597,0.41356077790260315,-0.02075693942606449,0.999935507774353,0.3631649315357208,0.41078636050224304,0.30714744329452515,0.9998114705085754,0.4642883837223053,0.46960577368736267,-0.05694125220179558,0.9738609194755554,0.3532375991344452,0.44970595836639404,0.0560370609164238,0.7341113686561584,0.41166189312934875,0.4416676163673401,0.14906629920005798,0.9399968981742859,0.43740206956863403,0.41998884081840515,-0.2590735852718353,0.7138147950172424,0.3896870017051697,0.4382203221321106,0.15557146072387695,0.9111254215240479,0.45652908086776733,0.4092509150505066,-0.3114556670188904,0.6608429551124573,0.39738819003105164,0.4326535165309906,0.15383917093276978,0.9081560373306274,0.4610217213630676,0.4086592197418213,-0.2685299515724182,0.6576621532440186,0.4027460813522339,0.4340817630290985,0.16110312938690186,0.8833284378051758,0.4526239335536957,0.4103490710258484,-0.25210997462272644,0.6570594906806946,0.4735926389694214,0.5460122227668762,-0.13457785546779633,0.9998680949211121,0.41120290756225586,0.5509248375892639,0.13495028018951416,0.9997752904891968,0.4421936273574829,0.6496754288673401,-0.35028672218322754,0.9315669536590576,0.46415412425994873,0.6523318290710449,0.05239683762192726,0.5784106850624084,0.4199841320514679,0.7787032127380371,-0.385723352432251,0.9725644588470459,0.5715620517730713,0.7483175992965698,0.13696548342704773,0.8069575428962708,0.4288693368434906,0.7988885045051575,-0.39520543813705444,0.9417386054992676,0.6020503044128418,0.7674371004104614,0.13594584167003632,0.8447880744934082,0.3374514579772949,0.8027234673500061,-0.5916323661804199,0.9712479710578918,0.5210198760032654,0.7784330248832703,-0.019419312477111816,0.830345630645752
IMG_9691 3,31,1016,bad,0.392057329416275,0.36877748370170593,-0.06947508454322815,0.9999852776527405,0.402696818113327,0.3584737479686737,-0.03496462106704712,0.9999841451644897,0.4085937440395355,0.3582647442817688,-0.034981340169906616,0.9999854564666748,0.41417184472084045,0.35820305347442627,-0.035076871514320374,0.999984085559845,0.39054179191589355,0.3595876097679138,-0.01914290525019169,0.9999752044677734,0.38827401399612427,0.35981255769729614,-0.019126219674944878,0.9999655485153198,0.38608404994010925,0.3601621985435486,-0.018954329192638397,0.9999681711196899,0.4302636384963989,0.36193662881851196,0.1180744469165802,0.999985933303833,0.39293140172958374,0.36364760994911194,0.20874588191509247,0.9999644160270691,0.4077623784542084,0.3779832720756531,-4.835523577639833e-05,0.9999640583992004,0.3909803628921509,0.37814944982528687,0.01806558668613434,0.9999497532844543,0.49120575189590454,0.4146862030029297,0.09980688244104385,0.9999385476112366,0.36066335439682007,0.41341784596443176,0.3185998201370239,0.999817430973053,0.47683092951774597,0.47655096650123596,0.05430454760789871,0.9750668406486511,0.3525347411632538,0.4642394781112671,0.07224451750516891,0.7535481452941895,0.4105361998081207,0.4430314600467682,0.21018199622631073,0.9429903030395508,0.44678160548210144,0.4334217607975006,-0.21264271438121796,0.7361180782318115,0.3869211971759796,0.4378277659416199,0.20958732068538666,0.913709282875061,0.46637341380119324,0.42130178213119507,-0.2683759033679962,0.6826305985450745,0.39215102791786194,0.4315420091152191,0.2273699939250946,0.910450279712677,0.465751588344574,0.41741445660591125,-0.23022979497909546,0.6785212755203247,0.3994733691215515,0.43288734555244446,0.227597177028656,0.8858947157859802,0.4590209424495697,0.4194003939628601,-0.2063862532377243,0.6747726202011108,0.47368723154067993,0.5458580851554871,-0.1103532612323761,0.9998754858970642,0.4089777171611786,0.5507461428642273,0.11085735261440277,0.999786376953125,0.44525986909866333,0.6487365365028381,-0.3215554654598236,0.9298019409179688,0.4573560059070587,0.6519820690155029,0.04382537677884102,0.5995344519615173,0.42008399963378906,0.773102343082428,-0.31344905495643616,0.971859335899353,0.5644120573997498,0.7479947209358215,0.1393062174320221,0.8179978132247925,0.4264127314090729,0.7942580580711365,-0.3200092315673828,0.9347355365753174,0.5949706435203552,0.7666051983833313,0.14059846103191376,0.8463014960289001,0.35807281732559204,0.8020906448364258,-0.5188503861427307,0.9709110856056213,0.5187188386917114,0.7786829471588135,-0.004505027551203966,0.8388024568557739
IMG_9691 3,32,1049,bad,0.39243754744529724,0.36863449215888977,-0.06010928004980087,0.9999852776527405,0.40305474400520325,0.3582104742527008,-0.03996286541223526,0.9999836087226868,0.40887460112571716,0.35794222354888916,-0.03998862951993942,0.9999846816062927,0.4143965244293213,0.35782116651535034,-0.040075406432151794,0.999983549118042,0.39096149802207947,0.35933560132980347,-0.017680544406175613,0.9999755024909973,0.38850221037864685,0.35957038402557373,-0.017683299258351326,0.9999662041664124,0.3862222135066986,0.35992372035980225,-0.017604509368538857,0.9999690651893616,0.43075576424598694,0.3615144193172455,0.09071514010429382,0.9999856352806091,0.39319437742233276,0.363619327545166,0.18999677896499634,0.9999638199806213,0.4080554246902466,0.3779943287372589,-0.005854492541402578,0.9999642372131348,0.39138028025627136,0.3781272768974304,0.02154350094497204,0.9999504089355469,0.49403783679008484,0.4149996042251587,0.07902111113071442,0.9999374747276306,0.3591206967830658,0.4174269437789917,0.28194481134414673,0.9998282790184021,0.4838077127933502,0.47838109731674194,0.05091943219304085,0.9730051159858704,0.3500194549560547,0.4788352847099304,0.06978892534971237,0.7730228304862976,0.41637346148490906,0.44316762685775757,0.16065192222595215,0.940843403339386,0.44438889622688293,0.4526810050010681,-0.21353553235530853,0.7581077814102173,0.3916217088699341,0.43430837988853455,0.15086433291435242,0.9095818996429443,0.4682043790817261,0.4468415081501007,-0.27037468552589417,0.7050740718841553,0.39601433277130127,0.4289203882217407,0.16277071833610535,0.9056510925292969,0.4661886394023895,0.4387344717979431,-0.23762014508247375,0.7003508806228638,0.40600085258483887,0.43039602041244507,0.1732967644929886,0.8794836401939392,0.45738592743873596,0.4391648769378662,-0.20780982077121735,0.693730890750885,0.47404444217681885,0.5458070039749146,-0.09314179420471191,0.9998800158500671,0.40838539600372314,0.5507833361625671,0.09366543591022491,0.9997954964637756,0.4553355574607849,0.6481273770332336,-0.3112357556819916,0.9227250218391418,0.45660680532455444,0.6523018479347229,0.07135765999555588,0.6081885695457458,0.42047303915023804,0.7723869681358337,-0.2923835813999176,0.9694728851318359,0.5621172785758972,0.7465944886207581,0.23456212878227234,0.8230302333831787,0.4253934919834137,0.7925873398780823,-0.299020379781723,0.9254257082939148,0.590873658657074,0.7652738094329834,0.24278682470321655,0.8437228202819824,0.3832875192165375,0.8010318279266357,-0.5080531239509583,0.9685969352722168,0.5209314823150635,0.7779882550239563,0.09757053852081299,0.8406709432601929
IMG_9691 3,33,1082,bad,0.39272043108940125,0.36856502294540405,-0.1265234351158142,0.9999861717224121,0.40357670187950134,0.35806459188461304,-0.10878357291221619,0.9999843835830688,0.40973231196403503,0.35776475071907043,-0.10881562530994415,0.9999853372573853,0.4156634509563446,0.3576078712940216,-0.10887917131185532,0.9999842643737793,0.39134305715560913,0.35918083786964417,-0.08464104682207108,0.9999771118164062,0.38883915543556213,0.3594217896461487,-0.08463329821825027,0.9999685287475586,0.3865094780921936,0.3597640097141266,-0.08457011729478836,0.9999712705612183,0.4312439560890198,0.36126378178596497,0.027094462886452675,0.9999862313270569,0.39316314458847046,0.3635620176792145,0.1329594999551773,0.9999659061431885,0.4094262421131134,0.37791377305984497,-0.07247612625360489,0.9999666213989258,0.39150646328926086,0.3781179189682007,-0.04223490506410599,0.999954104423523,0.4980539381504059,0.41516101360321045,0.05280507728457451,0.9999396204948425,0.3590131402015686,0.4203919768333435,0.2547162175178528,0.9998412132263184,0.49053993821144104,0.48311561346054077,-0.016908304765820503,0.973317563533783,0.3474248945713043,0.4892539978027344,0.060438551008701324,0.7909294962882996,0.4286961853504181,0.44125252962112427,-0.12158467620611191,0.9425845146179199,0.438394695520401,0.4687100946903229,-0.26027458906173706,0.7784184217453003,0.4091421365737915,0.428693562746048,-0.1628527194261551,0.9116376042366028,0.4670129716396332,0.4676258862018585,-0.3260522484779358,0.726204514503479,0.41146013140678406,0.42451927065849304,-0.14772407710552216,0.9075104594230652,0.4664269685745239,0.45731794834136963,-0.2956071197986603,0.721017062664032,0.41708943247795105,0.4263310134410858,-0.11291127651929855,0.8807361721992493,0.45563867688179016,0.45479631423950195,-0.2558819651603699,0.7120252251625061,0.47409138083457947,0.5460566282272339,-0.10258340835571289,0.9998849630355835,0.40875449776649475,0.5512285232543945,0.1030169278383255,0.999803900718689,0.45429715514183044,0.648123025894165,-0.31214678287506104,0.9232902526855469,0.46071141958236694,0.6543824076652527,0.0907769650220871,0.6206547021865845,0.42079710960388184,0.7718104720115662,-0.2946981191635132,0.9699538350105286,0.5622616410255432,0.7466208338737488,0.25373339653015137,0.8308826088905334,0.42452070116996765,0.7910169959068298,-0.30174973607063293,0.923485279083252,0.5918331742286682,0.7653428912162781,0.2617950737476349,0.8469391465187073,0.37567129731178284,0.7998591661453247,-0.5168212652206421,0.9686012864112854,0.521989107131958,0.777869462966919,0.11080273985862732,0.8453220129013062
IMG_9691 3,34,1114,bad,0.39294740557670593,0.36792871356010437,-0.13643816113471985,0.9999874234199524,0.4037824869155884,0.3574775755405426,-0.11598680913448334,0.9999858140945435,0.4098300635814667,0.35720476508140564,-0.11601763218641281,0.9999866485595703,0.41569921374320984,0.3570461571216583,-0.11611822992563248,0.9999856948852539,0.39155566692352295,0.35851171612739563,-0.09288113564252853,0.9999792575836182,0.38899341225624084,0.3587534427642822,-0.0928763672709465,0.9999714493751526,0.3864465653896332,0.3590991497039795,-0.09279534220695496,0.9999739527702332,0.4314804673194885,0.3610292077064514,0.026178117841482162,0.9999874830245972,0.3926507830619812,0.36336013674736023,0.12739717960357666,0.9999690055847168,0.4095728099346161,0.37724441289901733,-0.08026201277971268,0.9999697208404541,0.39177194237709045,0.37769246101379395,-0.05182703584432602,0.9999583959579468,0.49952608346939087,0.4150758981704712,0.05137011036276817,0.9999449253082275,0.3592625856399536,0.4236711859703064,0.2609518766403198,0.9998540282249451,0.49754971265792847,0.48583894968032837,0.08031312376260757,0.9745597243309021,0.3460644781589508,0.49586325883865356,0.07290288060903549,0.8065654039382935,0.4350125789642334,0.4409143626689911,0.19782790541648865,0.9456670880317688,0.4309951364994049,0.4740940034389496,-0.24424393475055695,0.7959775328636169,0.41573888063430786,0.42848366498947144,0.19227144122123718,0.915417492389679,0.4568304121494293,0.4690360128879547,-0.3045232892036438,0.7437766790390015,0.4178180396556854,0.42372962832450867,0.2010950744152069,0.9113596081733704,0.45423945784568787,0.4579711854457855,-0.27487075328826904,0.7380898594856262,0.4225124418735504,0.4262004792690277,0.21103742718696594,0.8847154378890991,0.4465197026729584,0.457344114780426,-0.23990851640701294,0.7267202734947205,0.47541543841362,0.5451446175575256,-0.10718107223510742,0.9998950362205505,0.40919411182403564,0.5501837730407715,0.10766027122735977,0.9998186826705933,0.4537135362625122,0.6471459865570068,-0.4191477596759796,0.9266942739486694,0.46120700240135193,0.6542127728462219,0.16595850884914398,0.6184231042861938,0.42083194851875305,0.7711756229400635,-0.4842672348022461,0.9713329076766968,0.5627532005310059,0.7469908595085144,0.3756272792816162,0.8323816061019897,0.4243984520435333,0.791279137134552,-0.4987432360649109,0.9234156608581543,0.5943532586097717,0.7653862833976746,0.3887435793876648,0.8451642990112305,0.37081488966941833,0.7996858358383179,-0.734281599521637,0.9698171019554138,0.520740270614624,0.7780539393424988,0.24222734570503235,0.8452706933021545
IMG_9691 3,35,1147,bad,0.39238280057907104,0.3679709732532501,-0.23514358699321747,0.9999884366989136,0.4035061299800873,0.35752105712890625,-0.2228892296552658,0.9999869465827942,0.40967029333114624,0.3572448790073395,-0.22291609644889832,0.9999876618385315,0.4157136380672455,0.3570706844329834,-0.22300821542739868,0.9999867677688599,0.3908531665802002,0.358514666557312,-0.19694501161575317,0.9999809861183167,0.38821175694465637,0.35875204205513,-0.19696305692195892,0.9999738335609436,0.38537031412124634,0.3590845763683319,-0.1968693733215332,0.9999760389328003,0.4317898750305176,0.360829621553421,-0.09341809898614883,0.9999884963035583,0.3912595808506012,0.3632439076900482,0.019063813611865044,0.999971330165863,0.4086455702781677,0.3772743046283722,-0.18158653378486633,0.9999724626541138,0.3915572166442871,0.377760112285614,-0.1497785896062851,0.9999620318412781,0.5000702738761902,0.41509243845939636,-0.056804995983839035,0.9999494552612305,0.35986456274986267,0.4249735474586487,0.19272001087665558,0.9998636245727539,0.5042062997817993,0.48969578742980957,0.02063973806798458,0.9760534167289734,0.34575480222702026,0.49777844548225403,0.040430523455142975,0.8124821186065674,0.4333555996417999,0.44499537348747253,0.06876502186059952,0.9487788677215576,0.42380279302597046,0.4798491597175598,-0.3049832880496979,0.8037850856781006,0.41496002674102783,0.430585116147995,0.05163601413369179,0.9195238947868347,0.45093783736228943,0.48569628596305847,-0.3624698519706726,0.7490290999412537,0.4185803532600403,0.42479202151298523,0.060506656765937805,0.9156610369682312,0.44533291459083557,0.4741170108318329,-0.3488059639930725,0.7428519129753113,0.42302384972572327,0.42792367935180664,0.07938504964113235,0.8893058896064758,0.438827246427536,0.46650898456573486,-0.3077336847782135,0.7286298274993896,0.47673165798187256,0.545105516910553,-0.10836195200681686,0.9998997449874878,0.40952038764953613,0.550150990486145,0.10889848321676254,0.9998195767402649,0.4531714618206024,0.6470813751220703,-0.4158399701118469,0.9306689500808716,0.4618251323699951,0.6541551351547241,0.17472100257873535,0.629540205001831,0.4206850826740265,0.7727298736572266,-0.41674521565437317,0.9729804396629333,0.5624902844429016,0.7467555403709412,0.38088464736938477,0.839741587638855,0.42447787523269653,0.7916345000267029,-0.4282929301261902,0.9265769124031067,0.5930094122886658,0.7647126317024231,0.39357689023017883,0.8527013659477234,0.3664756417274475,0.7997633218765259,-0.724800705909729,0.9704587459564209,0.5201570391654968,0.7781410217285156,0.2458335906267166,0.8486565947532654
IMG_9691 3,36,1180,bad,0.3919963836669922,0.36798471212387085,-0.2955949306488037,0.9999895095825195,0.40304338932037354,0.35755351185798645,-0.2809429168701172,0.9999881386756897,0.40931007266044617,0.3572806119918823,-0.280998557806015,0.9999887943267822,0.4154994487762451,0.3570840358734131,-0.2810308337211609,0.9999879598617554,0.39012959599494934,0.3585215210914612,-0.25522688031196594,0.9999827742576599,0.3874305188655853,0.358751118183136,-0.25528591871261597,0.9999762773513794,0.38432180881500244,0.35907864570617676,-0.25519683957099915,0.999978244304657,0.4319363534450531,0.3606071472167969,-0.13271163403987885,0.9999895095825195,0.3899952173233032,0.3631352484226227,-0.021568791940808296,0.9999738335609436,0.4080250561237335,0.37728914618492126,-0.23522178828716278,0.9999751448631287,0.3910994529724121,0.3776969015598297,-0.2036154866218567,0.9999656677246094,0.49999937415122986,0.4151238799095154,-0.11306817084550858,0.9999541640281677,0.3602871000766754,0.4255683720111847,0.190534770488739,0.9998748302459717,0.5081484913825989,0.49068284034729004,-0.2757982909679413,0.9782295823097229,0.3441450297832489,0.49711596965789795,0.045966386795043945,0.8246139883995056,0.4323427975177765,0.4480149447917938,-0.5233404040336609,0.9535735845565796,0.3744208812713623,0.4924291968345642,-0.3640063405036926,0.8188950419425964,0.4142567813396454,0.4335462152957916,-0.5973178148269653,0.9268388152122498,0.3878021836280823,0.49565741419792175,-0.43437430262565613,0.7652744650840759,0.4181312620639801,0.4264698326587677,-0.5887251496315002,0.9233397841453552,0.38860780000686646,0.4866885840892792,-0.4333643913269043,0.7594164609909058,0.42247098684310913,0.4299425482749939,-0.5206744074821472,0.8989507555961609,0.3884732127189636,0.4835773706436157,-0.3735935091972351,0.7439846992492676,0.47761625051498413,0.5453259944915771,-0.12997013330459595,0.9999020099639893,0.41327860951423645,0.5499948859214783,0.13028289377689362,0.9998176693916321,0.45030638575553894,0.6470956802368164,-0.3964906334877014,0.9330834746360779,0.4660109579563141,0.6540288925170898,0.17747697234153748,0.635603666305542,0.42068642377853394,0.7727612257003784,-0.41351670026779175,0.9743649959564209,0.5631176233291626,0.7470489144325256,0.3782690167427063,0.8460100889205933,0.42463019490242004,0.7923871874809265,-0.4272324740886688,0.9281871914863586,0.5935643911361694,0.7647767663002014,0.38868358731269836,0.861774206161499,0.3518524765968323,0.7998683452606201,-0.6682802438735962,0.9711591005325317,0.5198994278907776,0.7784457802772522,0.2242119312286377,0.8538802266120911
IMG_9691 3,37,1213,bad,0.3901386260986328,0.36792585253715515,-0.22208915650844574,0.9999904036521912,0.40011489391326904,0.35743582248687744,-0.2082647681236267,0.9999890923500061,0.40618228912353516,0.3570963442325592,-0.2083425372838974,0.9999896883964539,0.4124293327331543,0.35683462023735046,-0.20840460062026978,0.9999889135360718,0.3883279860019684,0.3583901822566986,-0.18138572573661804,0.9999842047691345,0.3856089413166046,0.3585951030254364,-0.18142129480838776,0.9999781847000122,0.38249197602272034,0.3588901162147522,-0.18135374784469604,0.9999799132347107,0.43080464005470276,0.36045917868614197,-0.07208669185638428,0.9999903440475464,0.38895949721336365,0.36291003227233887,0.04364512488245964,0.9999754428863525,0.4050733745098114,0.3770284950733185,-0.167008638381958,0.9999774694442749,0.38929155468940735,0.37742751836776733,-0.13399285078048706,0.9999687075614929,0.4994185268878937,0.414776086807251,-0.07236982882022858,0.9999583959579468,0.3614935278892517,0.4251910150051117,0.20004341006278992,0.9998833537101746,0.5111434459686279,0.49118101596832275,-0.2470504194498062,0.9801682233810425,0.34354743361473083,0.4954017400741577,0.11853243410587311,0.8277944326400757,0.4312993586063385,0.449550598859787,-0.49003028869628906,0.9577968716621399,0.35566094517707825,0.4813174307346344,-0.2674310505390167,0.8284295797348022,0.4134979546070099,0.4362550973892212,-0.5607162714004517,0.933259129524231,0.3587453365325928,0.4872874319553375,-0.33123311400413513,0.7745270729064941,0.41786760091781616,0.42830148339271545,-0.5525485277175903,0.9300918579101562,0.3605373799800873,0.4813407361507416,-0.32967138290405273,0.7690047025680542,0.42207038402557373,0.4316611588001251,-0.48748689889907837,0.9073467254638672,0.3639287054538727,0.47774580121040344,-0.27682560682296753,0.7518334984779358,0.478045254945755,0.5437477827072144,-0.13795782625675201,0.9999067187309265,0.41622990369796753,0.5485873222351074,0.13829708099365234,0.9998183250427246,0.4490971863269806,0.6456025242805481,-0.44753897190093994,0.9329624176025391,0.4672049880027771,0.6532927751541138,0.18820518255233765,0.6190422177314758,0.4209091067314148,0.7723116874694824,-0.5138545632362366,0.9750776290893555,0.5641775727272034,0.7472084760665894,0.38642022013664246,0.842544436454773,0.42637401819229126,0.7921600937843323,-0.5303977131843567,0.9279048442840576,0.596491813659668,0.7648091912269592,0.3955365717411041,0.8635416030883789,0.34949201345443726,0.7997719645500183,-0.777569591999054,0.9722840785980225,0.5162832140922546,0.7800830602645874,0.23512057960033417,0.8543475270271301
IMG_9691 3,38,1245,bad,0.3849620819091797,0.3676571249961853,-0.15769532322883606,0.9999911785125732,0.394790917634964,0.3573683500289917,-0.15365606546401978,0.999989926815033,0.4002675712108612,0.35699033737182617,-0.15377134084701538,0.9999904632568359,0.4062233865261078,0.35668113827705383,-0.15384407341480255,0.9999897480010986,0.38440120220184326,0.35830414295196533,-0.11983037739992142,0.9999854564666748,0.3819619417190552,0.35846686363220215,-0.1198974996805191,0.9999798536300659,0.3793409764766693,0.3586910665035248,-0.11985018849372864,0.9999814629554749,0.42566701769828796,0.36012592911720276,-0.05206507071852684,0.9999910593032837,0.38802582025527954,0.36254510283470154,0.07363098859786987,0.9999770522117615,0.3987734615802765,0.3764989376068115,-0.12327612191438675,0.9999794960021973,0.3857695162296295,0.3766475319862366,-0.0808904841542244,0.9999713897705078,0.4966554343700409,0.4145965278148651,-0.05216639116406441,0.9999622106552124,0.3637910485267639,0.42507803440093994,0.2730076313018799,0.9998914003372192,0.5153136253356934,0.4899453818798065,-0.24405238032341003,0.9819443225860596,0.34296125173568726,0.48941585421562195,0.16485218703746796,0.8233275413513184,0.4315740466117859,0.4513075053691864,-0.476117342710495,0.9615992903709412,0.34123215079307556,0.48407724499702454,-0.24393564462661743,0.835051417350769,0.41317620873451233,0.4391489624977112,-0.5487651228904724,0.9389979243278503,0.33488693833351135,0.4881044030189514,-0.31096455454826355,0.7823185920715332,0.4167843163013458,0.4313916265964508,-0.5342977046966553,0.9360884428024292,0.3392634391784668,0.48110032081604004,-0.3210279643535614,0.7772719264030457,0.4211918115615845,0.4344553053379059,-0.47123363614082336,0.9148526787757874,0.3447643220424652,0.4789104461669922,-0.2592872679233551,0.7596578001976013,0.47818130254745483,0.5416857004165649,-0.1417675018310547,0.9999098777770996,0.4170297086238861,0.5463807582855225,0.1420813500881195,0.9998216032981873,0.44794246554374695,0.6451449990272522,-0.37897223234176636,0.9309200644493103,0.46711835265159607,0.6507971286773682,0.10800570994615555,0.6052879095077515,0.42100995779037476,0.7730409502983093,-0.40960291028022766,0.9743483662605286,0.5644713044166565,0.7470070719718933,0.22918909788131714,0.8400072455406189,0.4275153875350952,0.7928600907325745,-0.4225379228591919,0.9271615743637085,0.5968414545059204,0.7648583650588989,0.23101910948753357,0.8635890483856201,0.34865760803222656,0.8002044558525085,-0.6385646462440491,0.9722093939781189,0.5084213018417358,0.7811344265937805,0.076271653175354,0.8548621535301208
IMG_9691 3,39,1278,bad,0.3786117136478424,0.3674396574497223,-0.16641853749752045,0.9999916553497314,0.38821980357170105,0.3573668301105499,-0.16982968151569366,0.9999904036521912,0.3930342495441437,0.3569813370704651,-0.16991083323955536,0.9999908208847046,0.39806774258613586,0.35666775703430176,-0.16995687782764435,0.9999902248382568,0.37933701276779175,0.35830065608024597,-0.13015837967395782,0.9999860525131226,0.37756210565567017,0.3584604561328888,-0.13018561899662018,0.9999805688858032,0.37566810846328735,0.35868576169013977,-0.1301862746477127,0.9999820590019226,0.4202006757259369,0.3601281940937042,-0.10188525915145874,0.9999914169311523,0.38756293058395386,0.36246439814567566,0.06895811855792999,0.9999772310256958,0.3927464187145233,0.3760729730129242,-0.1374594122171402,0.9999812841415405,0.38220295310020447,0.37641850113868713,-0.08799553662538528,0.9999734163284302,0.492341548204422,0.41403722763061523,-0.15049836039543152,0.999965488910675,0.37205997109413147,0.42463618516921997,0.2691028416156769,0.9998972415924072,0.5155147314071655,0.48934224247932434,-0.3954625129699707,0.9836154580116272,0.3501867353916168,0.48547178506851196,0.21595162153244019,0.794540286064148,0.43099385499954224,0.4515320956707001,-0.6695313453674316,0.9652013182640076,0.3307339549064636,0.48927927017211914,-0.15685632824897766,0.8332447409629822,0.40792760252952576,0.44113343954086304,-0.7521993517875671,0.9445532560348511,0.3150152564048767,0.4951053261756897,-0.208319291472435,0.7832415699958801,0.40954384207725525,0.43317151069641113,-0.7335337400436401,0.9419082403182983,0.31618157029151917,0.4918367564678192,-0.2738674581050873,0.7798364758491516,0.4156924784183502,0.43556949496269226,-0.6643437147140503,0.9223228693008423,0.32489731907844543,0.48998039960861206,-0.19125831127166748,0.7625226974487305,0.4780585467815399,0.5417190790176392,-0.15883217751979828,0.9999071359634399,0.42110109329223633,0.546400785446167,0.15907925367355347,0.9998075366020203,0.44633230566978455,0.6454206109046936,-0.33453086018562317,0.9328725337982178,0.4673595726490021,0.6507512331008911,0.19116829335689545,0.5952504277229309,0.42104706168174744,0.772987425327301,-0.347610741853714,0.9745590090751648,0.564626157283783,0.7459221482276917,0.3438674211502075,0.8401228785514832,0.4300045669078827,0.792898952960968,-0.35822340846061707,0.9304144978523254,0.5969039797782898,0.7636800408363342,0.3489760160446167,0.8694218397140503,0.344281405210495,0.8006265759468079,-0.5637533068656921,0.9719133973121643,0.5094166398048401,0.7788044214248657,0.2155875563621521,0.8563312292098999
IMG_9691 3,40,1311,bad,0.3765283226966858,0.36781811714172363,-0.10785456746816635,0.9999919533729553,0.38579002022743225,0.3578968942165375,-0.11879371106624603,0.999990701675415,0.39030298590660095,0.35748839378356934,-0.11890360713005066,0.9999909400939941,0.3952384293079376,0.3571157455444336,-0.11894847452640533,0.9999905228614807,0.37709280848503113,0.35877352952957153,-0.07264754176139832,0.9999864101409912,0.37546446919441223,0.35887476801872253,-0.07266949117183685,0.9999809861183167,0.37386414408683777,0.3590177595615387,-0.072653628885746,0.9999825954437256,0.417266845703125,0.3602727949619293,-0.06794498860836029,0.9999916553497314,0.38618791103363037,0.36248672008514404,0.11726801842451096,0.9999770522117615,0.3909284472465515,0.3761714994907379,-0.09101533889770508,0.9999826550483704,0.38061949610710144,0.3765387237071991,-0.03147033229470253,0.9999748468399048,0.487533301115036,0.41317713260650635,-0.12010107934474945,0.9999684691429138,0.37548354268074036,0.4246308505535126,0.31699270009994507,0.9999028444290161,0.5136321187019348,0.48901888728141785,-0.3636930584907532,0.9849882125854492,0.3532518148422241,0.48595142364501953,0.2594348192214966,0.7710582613945007,0.42436930537223816,0.4509275555610657,-0.6158651113510132,0.9682364463806152,0.32213160395622253,0.4897473454475403,-0.11584939062595367,0.8365493416786194,0.40071627497673035,0.44085755944252014,-0.6969658732414246,0.949164867401123,0.3014020621776581,0.4938063621520996,-0.16952136158943176,0.7896392941474915,0.4008907079696655,0.43357107043266296,-0.6760876774787903,0.9467282891273499,0.3015563488006592,0.4897206425666809,-0.21960321068763733,0.7874013185501099,0.40577200055122375,0.435841828584671,-0.6097798943519592,0.9283141493797302,0.3116897642612457,0.48818859457969666,-0.14735092222690582,0.7702528238296509,0.47664567828178406,0.5415853261947632,-0.16638334095478058,0.9999029636383057,0.42164677381515503,0.5460898280143738,0.16656406223773956,0.9997965097427368,0.44253677129745483,0.6458405256271362,-0.30626508593559265,0.9271033406257629,0.47232723236083984,0.650750458240509,0.17242847383022308,0.5795759558677673,0.42102891206741333,0.7728897333145142,-0.2999711334705353,0.9737281203269958,0.5656189322471619,0.7460334300994873,0.3252211809158325,0.8364417552947998,0.43017640709877014,0.7928880453109741,-0.308323472738266,0.9295933246612549,0.59694904088974,0.7637454867362976,0.3245743215084076,0.8698022961616516,0.34362438321113586,0.8006578087806702,-0.5108364820480347,0.9716052412986755,0.5097948312759399,0.7803905010223389,0.20252622663974762,0.8571234941482544
IMG_9691 3,41,1344,bad,0.3733963370323181,0.367440402507782,-0.11424972862005234,0.9999919533729553,0.38266709446907043,0.3576287627220154,-0.139312282204628,0.9999906420707703,0.38714399933815,0.3571745455265045,-0.13944397866725922,0.9999907612800598,0.3920902907848358,0.3567744493484497,-0.1394982933998108,0.9999905228614807,0.3742237091064453,0.3585769832134247,-0.08334510773420334,0.9999862909317017,0.3727622926235199,0.3586723208427429,-0.08334226161241531,0.9999808073043823,0.37132906913757324,0.35880884528160095,-0.08337938040494919,0.999982476234436,0.4148576855659485,0.35982054471969604,-0.11523798853158951,0.9999915361404419,0.38457006216049194,0.36211925745010376,0.09836035221815109,0.9999760985374451,0.38809123635292053,0.37559616565704346,-0.11269497871398926,0.9999837279319763,0.3782542049884796,0.37621021270751953,-0.04345637932419777,0.9999756813049316,0.48323363065719604,0.4122467339038849,-0.18388614058494568,0.9999707937240601,0.37812355160713196,0.42453834414482117,0.3070007860660553,0.9999052286148071,0.5110794305801392,0.48871910572052,-0.4154459238052368,0.9862130880355835,0.35727792978286743,0.4883979856967926,0.2823249399662018,0.7427175641059875,0.4145025610923767,0.4502813220024109,-0.6465439796447754,0.970929741859436,0.30908486247062683,0.48856183886528015,-0.04208521544933319,0.8359572291374207,0.39238134026527405,0.44033804535865784,-0.7257501482963562,0.953216016292572,0.2854337692260742,0.49007856845855713,-0.08205033093690872,0.7914871573448181,0.3923172056674957,0.4332236647605896,-0.7040221691131592,0.9509519338607788,0.28600940108299255,0.4854341447353363,-0.13081130385398865,0.7905853390693665,0.39670950174331665,0.4354129731655121,-0.6397596001625061,0.9335165023803711,0.29605573415756226,0.4846026599407196,-0.07312026619911194,0.7736971378326416,0.47110289335250854,0.5419455170631409,-0.17314384877681732,0.9998874664306641,0.4228888154029846,0.5459747910499573,0.17330031096935272,0.9997551441192627,0.43984800577163696,0.6469174027442932,-0.2907756567001343,0.9221464991569519,0.473797470331192,0.6508672833442688,0.1902315616607666,0.5621674060821533,0.41984784603118896,0.7752898335456848,-0.28076791763305664,0.9724864363670349,0.5660780072212219,0.7463566660881042,0.3178572654724121,0.829127848148346,0.4299217164516449,0.7941312789916992,-0.2880719304084778,0.9314492344856262,0.5969900488853455,0.7650278806686401,0.3203136920928955,0.8698810935020447,0.3387165367603302,0.8012920618057251,-0.4786958396434784,0.9702918529510498,0.5103921294212341,0.7802658677101135,0.19522497057914734,0.8529438972473145
IMG_9691 3,42,1377,bad,0.3692115843296051,0.36742454767227173,-0.11468286067247391,0.9999895691871643,0.37715741991996765,0.35762619972229004,-0.13871628046035767,0.9999876618385315,0.3814952075481415,0.3571527898311615,-0.1388396918773651,0.999987781047821,0.3859543800354004,0.3567182719707489,-0.13889633119106293,0.9999880194664001,0.37036818265914917,0.35855937004089355,-0.08397229015827179,0.9999817609786987,0.3694513738155365,0.3586341440677643,-0.0839744582772255,0.9999751448631287,0.3685523569583893,0.35873547196388245,-0.08401300758123398,0.9999773502349854,0.41007256507873535,0.35960710048675537,-0.1428060084581375,0.9999884963035583,0.3835393786430359,0.36177653074264526,0.08982999622821808,0.9999672174453735,0.38355565071105957,0.3752838671207428,-0.11244580149650574,0.9999825954437256,0.37508898973464966,0.3759341537952423,-0.04427292197942734,0.9999706745147705,0.47685444355010986,0.410801500082016,-0.22703741490840912,0.9999723434448242,0.3812369108200073,0.4243572950363159,0.2952292859554291,0.9999004006385803,0.5106828212738037,0.4877161383628845,-0.4587137997150421,0.9870275259017944,0.3694808781147003,0.49234655499458313,0.28764355182647705,0.7034649848937988,0.4043099880218506,0.44981685280799866,-0.6623137593269348,0.9729883074760437,0.3031215965747833,0.48788830637931824,0.017085056751966476,0.8238950371742249,0.3852061331272125,0.43967124819755554,-0.7375795841217041,0.9562727212905884,0.279216468334198,0.487403005361557,-0.012590635567903519,0.7818735241889954,0.3846397399902344,0.4326004385948181,-0.7126507759094238,0.9541170597076416,0.2799045145511627,0.4825410842895508,-0.060054149478673935,0.7825549244880676,0.3893490731716156,0.4349210262298584,-0.6543045043945312,0.9371051788330078,0.2889884114265442,0.48230069875717163,-0.013014269061386585,0.7657657861709595,0.46854934096336365,0.5439925789833069,-0.18113483488559723,0.9998461008071899,0.42506253719329834,0.5466120839118958,0.1812800019979477,0.9996325373649597,0.4387982487678528,0.6488301753997803,-0.27885448932647705,0.9154873490333557,0.475699245929718,0.6509087681770325,0.2379578799009323,0.5362706780433655,0.4190680980682373,0.7767505645751953,-0.2758646607398987,0.9715267419815063,0.5699970126152039,0.7463963627815247,0.3695644736289978,0.8171467781066895,0.42972293496131897,0.7959223389625549,-0.2837701141834259,0.93292236328125,0.5994259715080261,0.7652924060821533,0.37497222423553467,0.8674829006195068,0.3292921185493469,0.8024914264678955,-0.47034937143325806,0.9697009325027466,0.5178022980690002,0.7799344062805176,0.2679397165775299,0.8488277196884155
IMG_9691 3,43,1409,bad,0.3679589629173279,0.3674440085887909,-0.11636549234390259,0.9999877214431763,0.37641406059265137,0.3576294481754303,-0.14596976339817047,0.9999852180480957,0.38074877858161926,0.35714173316955566,-0.14610938727855682,0.9999853372573853,0.3851463496685028,0.3566574156284332,-0.14616741240024567,0.9999860525131226,0.36878734827041626,0.3585868179798126,-0.08980643004179001,0.9999784231185913,0.36777716875076294,0.35865330696105957,-0.08980581164360046,0.999970555305481,0.3668515682220459,0.3587369918823242,-0.08987002074718475,0.9999731183052063,0.4097414016723633,0.359415203332901,-0.14218103885650635,0.9999860525131226,0.3820458948612213,0.36167797446250916,0.08118338882923126,0.9999585151672363,0.3828059136867523,0.375212162733078,-0.11970808357000351,0.9999814033508301,0.3735828399658203,0.3758634328842163,-0.05006571486592293,0.9999663829803467,0.4745642840862274,0.4098620116710663,-0.22503933310508728,0.9999735951423645,0.3822675943374634,0.4243847727775574,0.2918822467327118,0.9998920559883118,0.5017814040184021,0.4869643449783325,-0.46288689970970154,0.9878600835800171,0.36991623044013977,0.4931395649909973,0.27730149030685425,0.6729844808578491,0.395161509513855,0.4495018422603607,-0.6737966537475586,0.9748951196670532,0.2960745096206665,0.4850237965583801,-0.019220983609557152,0.8175535202026367,0.37820693850517273,0.4391991198062897,-0.7502145171165466,0.9591545462608337,0.2750483453273773,0.48479315638542175,-0.05551379919052124,0.7779572606086731,0.37799176573753357,0.4323396682739258,-0.7276126146316528,0.9571117758750916,0.27441659569740295,0.4796992242336273,-0.09814652055501938,0.7799670100212097,0.3819812834262848,0.43464842438697815,-0.6664034128189087,0.9405755996704102,0.2823055386543274,0.47881636023521423,-0.04797875136137009,0.763028085231781,0.468376100063324,0.5461019277572632,-0.18268929421901703,0.9998233318328857,0.42613351345062256,0.5501265525817871,0.18284662067890167,0.9995415210723877,0.4379761517047882,0.6514890789985657,-0.2916339933872223,0.9136484861373901,0.47564539313316345,0.6522931456565857,0.2513943612575531,0.5160802602767944,0.41795703768730164,0.7802245616912842,-0.3008180260658264,0.9716221690177917,0.5701490640640259,0.7469392418861389,0.388476699590683,0.8065598607063293,0.42959707975387573,0.7986164689064026,-0.3099287152290344,0.9350507259368896,0.6012303233146667,0.7666139006614685,0.394451767206192,0.8635700941085815,0.32618314027786255,0.8044717907905579,-0.5018025040626526,0.9700966477394104,0.5160159468650818,0.7812325358390808,0.2838320732116699,0.8448122143745422
IMG_9691 3,44,1442,bad,0.3668997883796692,0.3674603998661041,-0.07886209338903427,0.9999873638153076,0.37508633732795715,0.35762909054756165,-0.10457545518875122,0.9999846816062927,0.3793770670890808,0.3570782542228699,-0.10470110923051834,0.9999847412109375,0.38358455896377563,0.35648199915885925,-0.10476883500814438,0.9999856352806091,0.36768782138824463,0.35859715938568115,-0.05141959711909294,0.9999779462814331,0.3668636977672577,0.3586523234844208,-0.051441870629787445,0.9999698400497437,0.3661307990550995,0.3587300777435303,-0.051493704319000244,0.9999725222587585,0.4087725281715393,0.35918912291526794,-0.11619938164949417,0.9999852776527405,0.38182586431503296,0.36150288581848145,0.10261368006467819,0.9999567270278931,0.38151291012763977,0.37514230608940125,-0.08251131325960159,0.999981164932251,0.37267065048217773,0.3758036494255066,-0.014108850620687008,0.9999648928642273,0.47391846776008606,0.4090180993080139,-0.19446028769016266,0.9999748468399048,0.3830558955669403,0.4243960976600647,0.2913420498371124,0.9998881220817566,0.4932730793952942,0.48571404814720154,-0.41316717863082886,0.9885208010673523,0.3709787130355835,0.4952544867992401,0.2617703676223755,0.6464495658874512,0.39050379395484924,0.4469577968120575,-0.5718832015991211,0.9764167666435242,0.29393231868743896,0.4833550453186035,-0.031193146482110023,0.8111637830734253,0.3732554018497467,0.4365566670894623,-0.6379429697990417,0.961371660232544,0.2737810015678406,0.4845733046531677,-0.0663359984755516,0.7729977369308472,0.37416863441467285,0.42987966537475586,-0.6146510243415833,0.9593842029571533,0.27230095863342285,0.4792865216732025,-0.1030740737915039,0.7759140729904175,0.37790578603744507,0.431865930557251,-0.562559962272644,0.9430227875709534,0.2795245349407196,0.47752729058265686,-0.05740118399262428,0.758650541305542,0.4678322970867157,0.5454936027526855,-0.17885757982730865,0.9998252391815186,0.42643043398857117,0.550000011920929,0.1790541112422943,0.999520480632782,0.43789464235305786,0.6513229608535767,-0.3500303328037262,0.915683388710022,0.4755677878856659,0.6523465514183044,0.29624298214912415,0.493992418050766,0.4179830551147461,0.7798208594322205,-0.4463803172111511,0.972650408744812,0.5710930824279785,0.7472500801086426,0.45664599537849426,0.7955875992774963,0.4296218156814575,0.7987428903579712,-0.46232885122299194,0.9383335113525391,0.6028477549552917,0.7666195034980774,0.4659125804901123,0.8579243421554565,0.3249449133872986,0.8050526976585388,-0.649823009967804,0.9714320302009583,0.5159837603569031,0.7802638411521912,0.3726876378059387,0.8403210043907166
IMG_9691 3,45,1475,bad,0.36714059114456177,0.3674984872341156,-0.08449773490428925,0.9999871850013733,0.3752373456954956,0.3577055037021637,-0.10583287477493286,0.9999845623970032,0.3796088993549347,0.35711032152175903,-0.10596950352191925,0.999984622001648,0.38400450348854065,0.3564956784248352,-0.10604869574308395,0.9999856352806091,0.3676529824733734,0.35876739025115967,-0.05534369871020317,0.9999776482582092,0.36675208806991577,0.35881853103637695,-0.055358029901981354,0.9999692440032959,0.36594364047050476,0.35889771580696106,-0.05538562685251236,0.9999719858169556,0.40888553857803345,0.3590715527534485,-0.10831739753484726,0.9999852180480957,0.3813006281852722,0.3614768087863922,0.10962695628404617,0.9999556541442871,0.3821697235107422,0.3751494884490967,-0.07994072139263153,0.9999811053276062,0.3730230927467346,0.37580639123916626,-0.014559976756572723,0.9999635815620422,0.4728500247001648,0.4071919322013855,-0.190413698554039,0.999975860118866,0.3844929039478302,0.42416712641716003,0.30457115173339844,0.9998834133148193,0.48486852645874023,0.48240596055984497,-0.4211689531803131,0.9889951348304749,0.3716239631175995,0.49568289518356323,0.2983042299747467,0.6205776333808899,0.3877706527709961,0.4426864981651306,-0.5877702832221985,0.9776337146759033,0.29420965909957886,0.4827837347984314,0.01737886853516102,0.803880512714386,0.3719366788864136,0.4309258759021759,-0.6536845564842224,0.9632168412208557,0.2755541205406189,0.47885018587112427,-0.015416844747960567,0.7678359150886536,0.37147876620292664,0.42513424158096313,-0.633796215057373,0.9612795114517212,0.27429860830307007,0.47390589118003845,-0.0568058155477047,0.771936297416687,0.37513455748558044,0.4273196756839752,-0.5804906487464905,0.9451387524604797,0.2812541425228119,0.47473442554473877,-0.011165636591613293,0.7547703981399536,0.4657800495624542,0.5454442501068115,-0.18134024739265442,0.9998220801353455,0.4262673556804657,0.5500748157501221,0.18151794373989105,0.9995018243789673,0.4376695454120636,0.6519180536270142,-0.32973191142082214,0.9131454229354858,0.47514432668685913,0.6537693738937378,0.25289368629455566,0.481753945350647,0.4179706573486328,0.7798978686332703,-0.3955637514591217,0.9725900292396545,0.5721457004547119,0.7486573457717896,0.4121539294719696,0.7915592193603516,0.42969784140586853,0.7990261316299438,-0.4071323871612549,0.9401068687438965,0.6061238050460815,0.7679471373558044,0.40867096185684204,0.8573998808860779,0.32645317912101746,0.8061981797218323,-0.5642886161804199,0.9718233942985535,0.512631356716156,0.7840493321418762,0.30975577235221863,0.8393556475639343
IMG_9691 3,46,1508,bad,0.36797112226486206,0.36750179529190063,-0.09251823276281357,0.9999879002571106,0.376232385635376,0.3577307462692261,-0.10754933953285217,0.9999855160713196,0.3807099759578705,0.3571140170097351,-0.10769616812467575,0.9999855756759644,0.3852498233318329,0.35649803280830383,-0.10779222100973129,0.9999865293502808,0.36830565333366394,0.35884544253349304,-0.06104918569326401,0.9999789595603943,0.36722877621650696,0.35889700055122375,-0.061064720153808594,0.9999708533287048,0.36621174216270447,0.35897308588027954,-0.061071284115314484,0.9999734163284302,0.4095833897590637,0.35881900787353516,-0.08286254107952118,0.9999861121177673,0.3806777596473694,0.361450731754303,0.11988136917352676,0.9999579191207886,0.38291803002357483,0.37503573298454285,-0.07707448303699493,0.9999822378158569,0.3734883964061737,0.3757566809654236,-0.017916128039360046,0.999965488910675,0.471745103597641,0.40573665499687195,-0.1659955233335495,0.9999774694442749,0.38553735613822937,0.42293408513069153,0.32891416549682617,0.9998834729194641,0.4766114354133606,0.47931036353111267,-0.38953208923339844,0.9894863963127136,0.3745565116405487,0.4959012567996979,0.31947875022888184,0.5946503281593323,0.3857313394546509,0.43635648488998413,-0.5659263134002686,0.9788625836372375,0.30198344588279724,0.48184865713119507,0.02228987030684948,0.7983366847038269,0.36935240030288696,0.424733966588974,-0.6334809064865112,0.9651833772659302,0.2828960120677948,0.47647377848625183,-0.014023822732269764,0.7655449509620667,0.36852768063545227,0.41867199540138245,-0.6146895289421082,0.9633557200431824,0.28203392028808594,0.47140684723854065,-0.0562676340341568,0.7707003355026245,0.3729870021343231,0.4220266342163086,-0.5592362284660339,0.9476139545440674,0.2895614504814148,0.4737148880958557,-0.006208409089595079,0.7531339526176453,0.4650239646434784,0.5412953495979309,-0.17996637523174286,0.9998337030410767,0.4261103868484497,0.5480194091796875,0.18019697070121765,0.9995201230049133,0.4371945559978485,0.6501891613006592,-0.37481820583343506,0.9143885374069214,0.4731210768222809,0.6525086164474487,0.2548019587993622,0.4733736217021942,0.41798681020736694,0.7779049873352051,-0.45776399970054626,0.9735936522483826,0.572471559047699,0.7485110759735107,0.3960433304309845,0.7900065779685974,0.42978039383888245,0.798961341381073,-0.471985399723053,0.9434412121772766,0.6056450605392456,0.7678846716880798,0.4008667469024658,0.8576053380966187,0.32330799102783203,0.8072678446769714,-0.6620116233825684,0.9731286764144897,0.5137668251991272,0.7839869260787964,0.2949622571468353,0.8390125036239624
IMG_9691 3,47,1541,bad,0.36845916509628296,0.3674587607383728,-0.09317582100629807,0.9999879598617554,0.3765011429786682,0.35775914788246155,-0.12336606532335281,0.9999856948852539,0.3809642493724823,0.35711926221847534,-0.12350022792816162,0.9999858140945435,0.3855844736099243,0.3564987778663635,-0.1235821470618248,0.9999867081642151,0.3687528371810913,0.3588845729827881,-0.06872940808534622,0.9999791979789734,0.3676486611366272,0.35892510414123535,-0.06875106692314148,0.9999712705612183,0.36656060814857483,0.3589826822280884,-0.06881830841302872,0.9999735951423645,0.40989235043525696,0.35871246457099915,-0.13617241382598877,0.9999862909317017,0.381101131439209,0.36138877272605896,0.09551071375608444,0.9999585151672363,0.3834766745567322,0.3749600052833557,-0.09541498124599457,0.999982476234436,0.3735850751399994,0.3756985068321228,-0.025844747200608253,0.999965488910675,0.471102237701416,0.40555381774902344,-0.2277797907590866,0.9999774694442749,0.38973820209503174,0.4227776527404785,0.2991190552711487,0.9998812675476074,0.46720874309539795,0.47813379764556885,-0.42041999101638794,0.9894899129867554,0.3763631284236908,0.4970340430736542,0.2923320233821869,0.5652050971984863,0.38371869921684265,0.4318672716617584,-0.5384566783905029,0.9794743061065674,0.30580246448516846,0.4800400137901306,-0.00995688047260046,0.7874158620834351,0.36754119396209717,0.42008861899375916,-0.5854960083961487,0.9662219882011414,0.2870073616504669,0.47122427821159363,-0.0440979078412056,0.7582873106002808,0.3673987090587616,0.4139130115509033,-0.5732754468917847,0.9644209742546082,0.28665149211883545,0.4660116732120514,-0.0820242241024971,0.7644174098968506,0.3721787929534912,0.4182041585445404,-0.5311213731765747,0.9488124847412109,0.29313090443611145,0.4683094024658203,-0.03631559759378433,0.7468380331993103,0.46323299407958984,0.5414234399795532,-0.1821262240409851,0.9998275637626648,0.42648521065711975,0.5479934215545654,0.18230493366718292,0.9995023608207703,0.436728298664093,0.651235044002533,-0.3141539394855499,0.9152737855911255,0.47390270233154297,0.6524869799613953,0.2613767981529236,0.4696834981441498,0.41823136806488037,0.7792422771453857,-0.3556041717529297,0.9735219478607178,0.5725504755973816,0.7479032874107361,0.3891763687133789,0.7900168895721436,0.4300614595413208,0.798975944519043,-0.36607104539871216,0.9459094405174255,0.6055564284324646,0.7668180465698242,0.394993394613266,0.8612208962440491,0.3244944214820862,0.8072199821472168,-0.5330764055252075,0.9726875424385071,0.5162888169288635,0.7800247073173523,0.30095174908638,0.8380430340766907
IMG_9691 3,48,1573,bad,0.36910155415534973,0.36800771951675415,-0.13957364857196808,0.9999878406524658,0.37665754556655884,0.3585493564605713,-0.1654720902442932,0.9999856352806091,0.38128742575645447,0.35781189799308777,-0.16560280323028564,0.9999858736991882,0.38602685928344727,0.3570954501628876,-0.165663480758667,0.9999867081642151,0.3692994713783264,0.35951265692710876,-0.11321309208869934,0.9999790787696838,0.3684055209159851,0.3594241738319397,-0.1132272258400917,0.9999712109565735,0.36752137541770935,0.35934606194496155,-0.11329840868711472,0.9999729990959167,0.4102155268192291,0.3588067293167114,-0.16469161212444305,0.9999861717224121,0.3822762966156006,0.36139804124832153,0.06181604415178299,0.9999576807022095,0.384039044380188,0.3754166066646576,-0.1329066902399063,0.9999821186065674,0.375357985496521,0.37612029910087585,-0.06624344736337662,0.9999639391899109,0.4699007570743561,0.40532979369163513,-0.25058263540267944,0.9999772310256958,0.39392775297164917,0.4217927157878876,0.2790451645851135,0.9998731017112732,0.45979154109954834,0.4779513478279114,-0.4502846598625183,0.9895319938659668,0.38142791390419006,0.49890533089637756,0.2874920964241028,0.5339111685752869,0.38233423233032227,0.426898330450058,-0.5528472065925598,0.9803893566131592,0.3063357472419739,0.478776752948761,0.01994325779378414,0.7764033079147339,0.36646386981010437,0.4153182804584503,-0.6040284037590027,0.9678055047988892,0.2903650104999542,0.46908798813819885,-0.005408108700066805,0.7518365979194641,0.36723706126213074,0.40978002548217773,-0.5920725464820862,0.9660739302635193,0.290334016084671,0.46416616439819336,-0.047387272119522095,0.7589265704154968,0.37207865715026855,0.4143109619617462,-0.5459351539611816,0.9508804082870483,0.29595059156417847,0.4664607644081116,-0.007426391821354628,0.7410680651664734,0.4613160789012909,0.5443365573883057,-0.1862024962902069,0.9998237490653992,0.42749127745628357,0.5498644113540649,0.1863095760345459,0.9994801878929138,0.4363166093826294,0.6549361348152161,-0.2969563603401184,0.9184368848800659,0.4738881587982178,0.6546427607536316,0.2817118465900421,0.47752436995506287,0.4179396331310272,0.780177652835846,-0.3355673849582672,0.9741427302360535,0.5736314654350281,0.7480818033218384,0.40632379055023193,0.7941028475761414,0.4299456477165222,0.8001708388328552,-0.34618210792541504,0.9489790201187134,0.6064349412918091,0.7669515609741211,0.41337886452674866,0.8671004772186279,0.32161617279052734,0.8075626492500305,-0.5129789113998413,0.9724428057670593,0.5189453959465027,0.7800977230072021,0.3300142288208008,0.8383398652076721
IMG_9691 3,49,1606,bad,0.3710959851741791,0.36858657002449036,-0.11777593195438385,0.9999875426292419,0.37843936681747437,0.35890844464302063,-0.14310777187347412,0.9999855160713196,0.38287654519081116,0.35815954208374023,-0.1432843655347824,0.9999858736991882,0.3874267637729645,0.35742947459220886,-0.14337293803691864,0.9999867677688599,0.3714120388031006,0.3598344326019287,-0.0914677232503891,0.9999786615371704,0.3706296682357788,0.3597036302089691,-0.0914849042892456,0.9999704957008362,0.3699229061603546,0.35958561301231384,-0.09151951968669891,0.999971866607666,0.41101130843162537,0.3589569628238678,-0.15373770892620087,0.9999861121177673,0.3837915062904358,0.361444354057312,0.07609035819768906,0.9999552369117737,0.3852424919605255,0.37559592723846436,-0.11080536246299744,0.9999812841415405,0.37717294692993164,0.37638553977012634,-0.045515622943639755,0.9999611377716064,0.4704169034957886,0.4054235816001892,-0.21697519719600677,0.999977171421051,0.39616674184799194,0.42155593633651733,0.2963123917579651,0.9998538494110107,0.4554620087146759,0.47770780324935913,-0.4260522425174713,0.9893239736557007,0.38458383083343506,0.49784696102142334,0.30000555515289307,0.5013583302497864,0.3803313672542572,0.42351603507995605,-0.4810781478881836,0.980790913105011,0.3082698583602905,0.4743449091911316,0.02613164857029915,0.7594348788261414,0.3649267554283142,0.4105919897556305,-0.5290146470069885,0.9686779975891113,0.29133176803588867,0.4659731984138489,-0.002433928195387125,0.7405105233192444,0.36705973744392395,0.4071735143661499,-0.5178952813148499,0.9670312404632568,0.29265129566192627,0.4615950584411621,-0.03937815874814987,0.7486060857772827,0.3719034194946289,0.4113333523273468,-0.4742131531238556,0.9519214034080505,0.29823729395866394,0.46310994029045105,-1.4756478776689619e-06,0.7302819490432739,0.4607398509979248,0.5438399314880371,-0.18463729321956635,0.999829888343811,0.42746275663375854,0.5497954487800598,0.18476858735084534,0.9994814395904541,0.4363451302051544,0.6545400023460388,-0.33032578229904175,0.9207395315170288,0.47248366475105286,0.6544567346572876,0.2709170877933502,0.47953489422798157,0.41993051767349243,0.7750308513641357,-0.40227624773979187,0.9751442074775696,0.5736231803894043,0.7480844855308533,0.3936237096786499,0.7953287363052368,0.4313092827796936,0.7950526475906372,-0.41460269689559937,0.9518668055534363,0.604684054851532,0.7667350172996521,0.4003431797027588,0.8688129782676697,0.32584553956985474,0.8073505759239197,-0.5851396322250366,0.9733336567878723,0.5191535949707031,0.7805325984954834,0.3088665008544922,0.8378759622573853
IMG_9691 3,50,1639,bad,0.37193989753723145,0.3684561848640442,-0.10271304100751877,0.9999873638153076,0.3790613114833832,0.3589061200618744,-0.12572701275348663,0.9999855160713196,0.3833315670490265,0.35814523696899414,-0.12589570879936218,0.9999858736991882,0.387738972902298,0.35739365220069885,-0.12599141895771027,0.9999868273735046,0.37269943952560425,0.3598337769508362,-0.07519470900297165,0.9999784231185913,0.3721180558204651,0.3597024977207184,-0.07520848512649536,0.999970018863678,0.37154263257980347,0.3595812916755676,-0.07522633671760559,0.9999712109565735,0.4119666814804077,0.3588685989379883,-0.14783255755901337,0.9999860525131226,0.38537272810935974,0.36134329438209534,0.0888095274567604,0.9999539256095886,0.38601186871528625,0.3753676414489746,-0.09622212499380112,0.9999804496765137,0.37850505113601685,0.37619414925575256,-0.03204159438610077,0.9999589323997498,0.4708280563354492,0.4053272604942322,-0.20555709302425385,0.9999766945838928,0.39565378427505493,0.42124420404434204,0.30010560154914856,0.999840497970581,0.44939112663269043,0.47718346118927,-0.41364675760269165,0.9889737963676453,0.3838193714618683,0.49718764424324036,0.31414854526519775,0.4731806814670563,0.3746345639228821,0.4210030436515808,-0.458926796913147,0.9811095595359802,0.3112342059612274,0.4733690023422241,0.06688137352466583,0.7446092963218689,0.3606530725955963,0.40776899456977844,-0.5081341862678528,0.9694281220436096,0.2949652671813965,0.4660065174102783,0.04129793494939804,0.730194628238678,0.36407002806663513,0.40388450026512146,-0.4973650872707367,0.9678365588188171,0.2969956398010254,0.4613277018070221,0.002344232751056552,0.7393068671226501,0.3690336048603058,0.4081125557422638,-0.4528657793998718,0.9528284668922424,0.30265629291534424,0.4624216556549072,0.0402972549200058,0.7211930751800537,0.46072322130203247,0.5435084700584412,-0.18354783952236176,0.9998308420181274,0.4272790551185608,0.5495308637619019,0.1836913824081421,0.9994789958000183,0.4363642930984497,0.6540979146957397,-0.3202567398548126,0.9198155999183655,0.4703255295753479,0.6544048190116882,0.2638772428035736,0.47842323780059814,0.42078670859336853,0.7745659947395325,-0.3686051368713379,0.9753199219703674,0.5735908150672913,0.748221218585968,0.3635287284851074,0.796096920967102,0.43226662278175354,0.7950662970542908,-0.3779475688934326,0.9533264636993408,0.6046871542930603,0.7675336003303528,0.3688601851463318,0.8696208596229553,0.32618945837020874,0.8066622614860535,-0.5399313569068909,0.9735026955604553,0.5191267728805542,0.782092809677124,0.2907376289367676,0.8375920653343201
IMG_9691 3,51,1672,bad,0.373943030834198,0.36845505237579346,-0.09457878768444061,0.999987781047821,0.38140007853507996,0.3589368164539337,-0.11096831411123276,0.9999861717224121,0.38574549555778503,0.3581587076187134,-0.11114584654569626,0.9999865293502808,0.39038971066474915,0.3573988080024719,-0.11126630753278732,0.9999874830245972,0.37448233366012573,0.3598966598510742,-0.06396456062793732,0.9999791979789734,0.37364843487739563,0.35977405309677124,-0.06397181004285812,0.9999709725379944,0.37282848358154297,0.3596498668193817,-0.06394476443529129,0.9999719858169556,0.4147930443286896,0.35888516902923584,-0.0926835909485817,0.9999868273735046,0.3863138258457184,0.36134424805641174,0.11622818559408188,0.9999549984931946,0.38838496804237366,0.3753693997859955,-0.07897941023111343,0.9999809861183167,0.38018009066581726,0.37623870372772217,-0.019665483385324478,0.9999595284461975,0.47111544013023376,0.40540310740470886,-0.18341335654258728,0.9999775290489197,0.39555519819259644,0.421114057302475,0.33448100090026855,0.9998335838317871,0.4433530569076538,0.4769815504550934,-0.3727262318134308,0.9889791011810303,0.38449859619140625,0.49713703989982605,0.3368297815322876,0.4467897117137909,0.3691169023513794,0.4206353425979614,-0.42356809973716736,0.9817895889282227,0.3166538178920746,0.4731190800666809,0.06598193198442459,0.730455756187439,0.3566775619983673,0.40703123807907104,-0.47368359565734863,0.9706525206565857,0.30448952317237854,0.4663180708885193,0.03532668948173523,0.7206586599349976,0.36064988374710083,0.40367451310157776,-0.463847279548645,0.9691426157951355,0.306853711605072,0.46159347891807556,-0.001482928404584527,0.7305179238319397,0.36579635739326477,0.40708956122398376,-0.4176006615161896,0.9545464515686035,0.3133039176464081,0.46255552768707275,0.039305564016103745,0.7127690315246582,0.4609242081642151,0.5435307025909424,-0.18318596482276917,0.9998372197151184,0.4264465570449829,0.5495743751525879,0.18335281312465668,0.9994916319847107,0.43720242381095886,0.6539948582649231,-0.3187718987464905,0.9178183674812317,0.46338802576065063,0.654342532157898,0.21468713879585266,0.4794612526893616,0.4215879440307617,0.7745282649993896,-0.3533426821231842,0.9748707413673401,0.5735535025596619,0.7489956617355347,0.29506272077560425,0.7960013747215271,0.4325482249259949,0.7951459884643555,-0.36143484711647034,0.95414137840271,0.6044101715087891,0.7675576210021973,0.2987107038497925,0.8703518509864807,0.3263769745826721,0.8067590594291687,-0.5258179306983948,0.9729740023612976,0.5191075801849365,0.7847465872764587,0.20586049556732178,0.8357052206993103
IMG_9691 3,52,1705,bad,0.37810564041137695,0.36845505237579346,-0.04035871475934982,0.9999884963035583,0.38559967279434204,0.3589540123939514,-0.04964678734540939,0.9999871253967285,0.3900701105594635,0.35818248987197876,-0.04979850351810455,0.9999874830245972,0.3947809040546417,0.3574441075325012,-0.04995379224419594,0.9999884366989136,0.3779405355453491,0.3599011301994324,-0.006342059001326561,0.9999805092811584,0.3766349256038666,0.3597778081893921,-0.006361853331327438,0.9999727010726929,0.3753527104854584,0.3596538007259369,-0.006283700466156006,0.9999735951423645,0.417752206325531,0.3589901924133301,-0.012986855581402779,0.9999878406524658,0.3871925473213196,0.36135953664779663,0.17524349689483643,0.9999572038650513,0.3918360769748688,0.37538427114486694,-0.02018646150827408,0.9999818205833435,0.38288742303848267,0.3762691617012024,0.03362925723195076,0.9999608397483826,0.47124287486076355,0.405461847782135,-0.12003876268863678,0.9999785423278809,0.39637118577957153,0.4209361970424652,0.38699132204055786,0.9998142123222351,0.44097253680229187,0.47637349367141724,-0.24857112765312195,0.988896906375885,0.3842684328556061,0.4936788082122803,0.32582154870033264,0.41704052686691284,0.3673709034919739,0.4209640324115753,-0.19850783050060272,0.9819071888923645,0.32416853308677673,0.4700755774974823,0.021713225170969963,0.7020062208175659,0.3560181260108948,0.40674418210983276,-0.23099014163017273,0.9709526896476746,0.31581640243530273,0.4637030363082886,-0.017525244504213333,0.6983094215393066,0.36000534892082214,0.40298759937286377,-0.22199158370494843,0.9694937467575073,0.3194945156574249,0.4606991708278656,-0.031900737434625626,0.7082011699676514,0.36509549617767334,0.40688860416412354,-0.1892620027065277,0.9550320506095886,0.32398349046707153,0.4608915448188782,-0.0010233232751488686,0.6916247606277466,0.46124058961868286,0.5432345867156982,-0.18306420743465424,0.9998471736907959,0.4263049066066742,0.5488781929016113,0.18325956165790558,0.9995127320289612,0.43738502264022827,0.6530966758728027,-0.3379060924053192,0.9179011583328247,0.46109139919281006,0.6536809802055359,0.20324458181858063,0.4730563759803772,0.42166420817375183,0.774563193321228,-0.39019155502319336,0.9749786257743835,0.5734902620315552,0.748698890209198,0.281464546918869,0.7921746969223022,0.4337465763092041,0.795280396938324,-0.3999842703342438,0.954840898513794,0.6043779253959656,0.7674064040184021,0.28510457277297974,0.8668710589408875,0.32618868350982666,0.8069920539855957,-0.5605193972587585,0.9732540249824524,0.5191349983215332,0.7865283489227295,0.19689394533634186,0.8323356509208679
