video_no,frame,timestamp_ms,good,x0,y0,z0,visibility0,x1,y1,z1,visibility1,x2,y2,z2,visibility2,x3,y3,z3,visibility3,x4,y4,z4,visibility4,x5,y5,z5,visibility5,x6,y6,z6,visibility6,x7,y7,z7,visibility7,x8,y8,z8,visibility8,x9,y9,z9,visibility9,x10,y10,z10,visibility10,x11,y11,z11,visibility11,x12,y12,z12,visibility12,x13,y13,z13,visibility13,x14,y14,z14,visibility14,x15,y15,z15,visibility15,x16,y16,z16,visibility16,x17,y17,z17,visibility17,x18,y18,z18,visibility18,x19,y19,z19,visibility19,x20,y20,z20,visibility20,x21,y21,z21,visibility21,x22,y22,z22,visibility22,x23,y23,z23,visibility23,x24,y24,z24,visibility24,x25,y25,z25,visibility25,x26,y26,z26,visibility26,x27,y27,z27,visibility27,x28,y28,z28,visibility28,x29,y29,z29,visibility29,x30,y30,z30,visibility30,x31,y31,z31,visibility31,x32,y32,z32,visibility32
IMG_9689 3,1,33,good,0.3294772505760193,0.3779444992542267,0.061089493334293365,0.9999881982803345,0.33542299270629883,0.36823198199272156,0.018689874559640884,0.999992847442627,0.3380123972892761,0.36764970421791077,0.01864011585712433,0.9999938011169434,0.34106963872909546,0.3671149015426636,0.01849505677819252,0.999994158744812,0.3327014744281769,0.3681313991546631,0.0795607715845108,0.99998939037323,0.33336615562438965,0.36743196845054626,0.07961739599704742,0.9999861717224121,0.33401554822921753,0.36684519052505493,0.07962892949581146,0.9999874830245972,0.3629154860973358,0.36794883012771606,-0.07707706838846207,0.9999960660934448,0.3526967465877533,0.3680264949798584,0.18929395079612732,0.9999798536300659,0.34162506461143494,0.3847271800041199,0.03344832733273506,0.999966025352478,0.3377993404865265,0.3848978281021118,0.11013351380825043,0.9999525547027588,0.4057917296886444,0.4085077941417694,-0.2177647054195404,0.9999688863754272,0.38065508008003235,0.41725417971611023,0.35765233635902405,0.9996211528778076,0.3308548927307129,0.46481290459632874,-0.18639622628688812,0.9670140743255615,0.33000120520591736,0.4688343405723572,0.22638998925685883,0.11736743152141571,0.30454862117767334,0.4149293303489685,0.14247898757457733,0.8996760249137878,0.30655160546302795,0.42130422592163086,-0.08446759730577469,0.14703458547592163,0.30305778980255127,0.4018985629081726,0.15179090201854706,0.8565264940261841,0.30569055676460266,0.4111686050891876,-0.10895991325378418,0.16088064014911652,0.31910279393196106,0.3978004455566406,0.1448492705821991,0.8541778922080994,0.31703972816467285,0.4045337736606598,-0.10040990263223648,0.1550501137971878,0.32132741808891296,0.4032435715198517,0.15313346683979034,0.8223935961723328,0.32046258449554443,0.4118257164955139,-0.09364167600870132,0.1583942323923111,0.40200117230415344,0.5465719699859619,-0.1782822459936142,0.9997368454933167,0.3887839913368225,0.5494756698608398,0.17841556668281555,0.9995816349983215,0.37814897298812866,0.6583784222602844,-0.18744173645973206,0.8731020092964172,0.4040752649307251,0.6575788259506226,0.2070600539445877,0.2909269630908966,0.3708938956260681,0.7744684219360352,-0.19244398176670074,0.9168151021003723,0.467216432094574,0.7480053901672363,0.2567104995250702,0.5351929664611816,0.39792558550834656,0.7946972846984863,-0.19736847281455994,0.8886002898216248,0.4868590831756592,0.7631665468215942,0.2576183080673218,0.6095439195632935,0.2896679639816284,0.8007976412773132,-0.3050121068954468,0.9237505197525024,0.3956703245639801,0.7793089151382446,0.19505488872528076,0.6614888906478882
IMG_9689 3,2,66,good,0.3309917449951172,0.378170371055603,0.047129079699516296,0.9999869465827942,0.3373197317123413,0.3687625527381897,0.0077267056331038475,0.9999918937683105,0.3400751054286957,0.36807024478912354,0.007654467131942511,0.9999929666519165,0.3430541157722473,0.3674149513244629,0.007533515803515911,0.9999935030937195,0.33465567231178284,0.36891674995422363,0.06590322405099869,0.9999876022338867,0.3355197310447693,0.3683401346206665,0.06595299392938614,0.9999833703041077,0.3364548683166504,0.36780497431755066,0.06596585363149643,0.9999850988388062,0.36481261253356934,0.36800265312194824,-0.08249442279338837,0.9999952912330627,0.35485395789146423,0.3684542179107666,0.1747712939977646,0.9999749064445496,0.34430593252182007,0.3850124478340149,0.022388983517885208,0.9999626278877258,0.34076547622680664,0.3853798806667328,0.09615027904510498,0.9999454021453857,0.4061211049556732,0.4085451066493988,-0.22289162874221802,0.9999687075614929,0.3837442994117737,0.4171524941921234,0.3476540744304657,0.9995858669281006,0.3322911262512207,0.4651726186275482,-0.20684652030467987,0.968977689743042,0.3326261341571808,0.46897053718566895,0.368869811296463,0.11622116714715958,0.3042982220649719,0.41479435563087463,0.08963501453399658,0.9066866040229797,0.3092675805091858,0.42196008563041687,0.2630683481693268,0.15069548785686493,0.3026326596736908,0.4019070863723755,0.09725359082221985,0.8659560084342957,0.3076300323009491,0.4112200140953064,0.2613065838813782,0.16437549889087677,0.3172144591808319,0.39802420139312744,0.09075851738452911,0.8636388182640076,0.3194010555744171,0.4048882722854614,0.25539305806159973,0.15925249457359314,0.3203100562095642,0.4033318758010864,0.09993348270654678,0.8332398533821106,0.3225443959236145,0.4119074046611786,0.25265634059906006,0.16253729164600372,0.4026775658130646,0.5461781024932861,-0.17906203866004944,0.9997117519378662,0.39028307795524597,0.5493631958961487,0.17920053005218506,0.9995312094688416,0.3840312063694,0.656779944896698,-0.19109025597572327,0.8783341646194458,0.40320223569869995,0.6559489369392395,0.18133333325386047,0.3176734149456024,0.3887842297554016,0.7742093205451965,-0.1879233866930008,0.9214643836021423,0.48270031809806824,0.7512593865394592,0.19417405128479004,0.5596690773963928,0.41081786155700684,0.7942212224006653,-0.19059811532497406,0.8936161994934082,0.5101456642150879,0.7676787376403809,0.1913885623216629,0.6301214098930359,0.31490087509155273,0.7995597124099731,-0.2994917333126068,0.927501916885376,0.4004021883010864,0.7816982269287109,0.1279074251651764,0.6760290265083313
IMG_9689 3,3,99,good,0.3328171968460083,0.37803566455841064,0.04020761698484421,0.9999862313270569,0.33984723687171936,0.3687639534473419,0.0009615166345611215,0.999991238117218,0.3427998423576355,0.3680722415447235,0.0008911870536394417,0.9999923706054688,0.3459368646144867,0.3674180805683136,0.0007891952991485596,0.9999930262565613,0.33699896931648254,0.36891552805900574,0.05759513005614281,0.9999862313270569,0.3379599452018738,0.3683356046676636,0.05762863531708717,0.9999815225601196,0.3390245735645294,0.36779722571372986,0.057651106268167496,0.9999834895133972,0.3691360056400299,0.36797624826431274,-0.09174513816833496,0.9999947547912598,0.3593699634075165,0.3683741092681885,0.158531054854393,0.9999712109565735,0.3463747799396515,0.3848916292190552,0.014246219769120216,0.9999611973762512,0.34304681420326233,0.385128378868103,0.08619340509176254,0.9999415278434753,0.40633276104927063,0.4095947742462158,-0.2289428412914276,0.9999684691429138,0.3914044201374054,0.41680940985679626,0.3285142183303833,0.9995679259300232,0.33274558186531067,0.46675026416778564,-0.19566406309604645,0.9704752564430237,0.33439934253692627,0.46879690885543823,0.37230703234672546,0.11703300476074219,0.3044467866420746,0.41528698801994324,0.1289050132036209,0.91231369972229,0.31277477741241455,0.42045891284942627,0.28684747219085693,0.1591036319732666,0.3027878403663635,0.40350091457366943,0.14674973487854004,0.8736512064933777,0.31084007024765015,0.4088795781135559,0.2848287522792816,0.17278236150741577,0.3169025778770447,0.3996993601322174,0.13028523325920105,0.8714733719825745,0.32078588008880615,0.40395572781562805,0.28195416927337646,0.16835907101631165,0.3201274871826172,0.40507781505584717,0.13684217631816864,0.8423954844474792,0.3238721489906311,0.4106085002422333,0.27832701802253723,0.17080529034137726,0.403908908367157,0.5457146763801575,-0.17874623835086823,0.9996948838233948,0.3924594223499298,0.5487649440765381,0.17886845767498016,0.999510645866394,0.38801366090774536,0.6549041867256165,-0.19020383059978485,0.8831449151039124,0.40311574935913086,0.6543035507202148,0.1701597422361374,0.3456104099750519,0.39322468638420105,0.7712811827659607,-0.17907243967056274,0.9264217615127563,0.4877670407295227,0.7514551877975464,0.18255683779716492,0.5860807299613953,0.4145432710647583,0.7898795008659363,-0.1806327998638153,0.8983659744262695,0.5136911869049072,0.767857015132904,0.1796625852584839,0.6514068841934204,0.31550654768943787,0.7992126941680908,-0.2880815863609314,0.9319401979446411,0.40267136693000793,0.783576250076294,0.12127838283777237,0.6942760348320007
IMG_9689 3,4,132,good,0.33577340841293335,0.3783579468727112,0.04778158292174339,0.9999863505363464,0.34245577454566956,0.36950209736824036,0.009243912063539028,0.9999911785125732,0.34542474150657654,0.3688400983810425,0.009183310903608799,0.999992311000824,0.3485656678676605,0.36814871430397034,0.009086980484426022,0.9999930262565613,0.34020477533340454,0.36966410279273987,0.06676484644412994,0.9999860525131226,0.34155574440956116,0.3691466748714447,0.06682350486516953,0.999981164932251,0.34311628341674805,0.3686048984527588,0.06686931103467941,0.9999833703041077,0.3720269501209259,0.36831170320510864,-0.08894186466932297,0.999994695186615,0.3649946451187134,0.3687331974506378,0.16517949104309082,0.9999697804450989,0.3499596416950226,0.3855113983154297,0.018790671601891518,0.999961256980896,0.3473784327507019,0.38566023111343384,0.09180421382188797,0.9999407529830933,0.40682828426361084,0.41029152274131775,-0.22953999042510986,0.9999678730964661,0.4023723006248474,0.4168393909931183,0.3389508128166199,0.9995501637458801,0.3338865637779236,0.4686639904975891,-0.1894170641899109,0.9717832207679749,0.3396609425544739,0.4699355959892273,0.35951313376426697,0.11639323085546494,0.30446216464042664,0.41606828570365906,0.16121381521224976,0.9158510565757751,0.31768226623535156,0.42105093598365784,0.21310542523860931,0.16095568239688873,0.30283498764038086,0.40414196252822876,0.1800135374069214,0.8780011534690857,0.3152293562889099,0.40892302989959717,0.20657813549041748,0.17422686517238617,0.3166482746601105,0.4012193977832794,0.1687496155500412,0.8758783340454102,0.3236650824546814,0.40405821800231934,0.20654654502868652,0.17026932537555695,0.31982266902923584,0.40581798553466797,0.17169541120529175,0.8472341895103455,0.3260462284088135,0.409992516040802,0.20373879373073578,0.17221713066101074,0.404777467250824,0.545724630355835,-0.18037766218185425,0.9996775984764099,0.4002743065357208,0.5488242506980896,0.18047620356082916,0.9994955658912659,0.39114487171173096,0.6548540592193604,-0.19239898025989532,0.8886601328849792,0.404185026884079,0.6544393301010132,0.1728837639093399,0.3678438365459442,0.3959873616695404,0.7719512581825256,-0.1801459789276123,0.9303726553916931,0.4814232587814331,0.7640371918678284,0.18477550148963928,0.6062625050544739,0.41758012771606445,0.7903994917869568,-0.1820206195116043,0.9017472863197327,0.5138088464736938,0.7700273394584656,0.18095557391643524,0.6664023995399475,0.31195178627967834,0.7997928261756897,-0.2892179489135742,0.9355838298797607,0.39833754301071167,0.7861950397491455,0.11933974176645279,0.7077050805091858
IMG_9689 3,5,165,good,0.33765891194343567,0.3782719373703003,0.054649364203214645,0.9999867677688599,0.34516090154647827,0.36949455738067627,0.015976445749402046,0.9999913573265076,0.34824103116989136,0.36883479356765747,0.015910394489765167,0.9999924898147583,0.3514353334903717,0.36814430356025696,0.015810968354344368,0.9999932050704956,0.34309908747673035,0.3696516454219818,0.07423175126314163,0.9999862909317017,0.3445948362350464,0.36913031339645386,0.07428674399852753,0.9999814629554749,0.34630823135375977,0.3685886561870575,0.07434659451246262,0.9999837279319763,0.37516987323760986,0.36832714080810547,-0.08356854319572449,0.9999948143959045,0.36835816502571106,0.36873865127563477,0.1732139140367508,0.9999696612358093,0.3520359992980957,0.38545963168144226,0.024880193173885345,0.9999622702598572,0.34982389211654663,0.3855988383293152,0.09863384068012238,0.9999415278434753,0.4079716205596924,0.41110584139823914,-0.22900569438934326,0.9999684691429138,0.40431153774261475,0.41686689853668213,0.3483693599700928,0.9995440244674683,0.3374629020690918,0.46970656514167786,-0.1828671246767044,0.9732257127761841,0.34264642000198364,0.4699271321296692,0.3383043110370636,0.11427032202482224,0.3070802390575409,0.41844138503074646,0.17163316905498505,0.9201688170433044,0.3207160532474518,0.4227219521999359,0.14701558649539948,0.1625131517648697,0.30473214387893677,0.40592822432518005,0.18746033310890198,0.8835995197296143,0.31757110357284546,0.40992271900177,0.13497327268123627,0.17608535289764404,0.31725791096687317,0.40377935767173767,0.17807263135910034,0.881496012210846,0.32518309354782104,0.4056815207004547,0.13448543846607208,0.1724807769060135,0.3204766511917114,0.4077128767967224,0.18313126266002655,0.8537400960922241,0.3274843394756317,0.41020140051841736,0.13665825128555298,0.17389999330043793,0.4053588807582855,0.5457231402397156,-0.18075495958328247,0.9996717572212219,0.40683886408805847,0.5488114356994629,0.180838480591774,0.9994884729385376,0.3903776705265045,0.6547003388404846,-0.19370993971824646,0.8925192952156067,0.4106869101524353,0.6545091867446899,0.17533552646636963,0.38272586464881897,0.38696473836898804,0.7726659774780273,-0.18462148308753967,0.9335695505142212,0.5005056858062744,0.7615194916725159,0.18377873301506042,0.6197234392166138,0.41609102487564087,0.7913058400154114,-0.18663057684898376,0.9051561951637268,0.5226273536682129,0.7721232771873474,0.18028441071510315,0.6789059638977051,0.3114676773548126,0.7998174428939819,-0.291026771068573,0.9379774928092957,0.41159531474113464,0.7857946753501892,0.12547264993190765,0.7150880098342896
IMG_9689 3,6,198,good,0.34079888463020325,0.3782479763031006,0.054306138306856155,0.999987006187439,0.34850120544433594,0.3694741427898407,0.015461738221347332,0.9999913573265076,0.35153838992118835,0.36881375312805176,0.015396815724670887,0.9999924302101135,0.3545919954776764,0.3681284487247467,0.015301079489290714,0.9999932050704956,0.3464179039001465,0.3696313798427582,0.07373059540987015,0.9999863505363464,0.3479500710964203,0.369107723236084,0.07378309220075607,0.9999815225601196,0.34963518381118774,0.36856183409690857,0.07383923977613449,0.9999838471412659,0.378084272146225,0.3683153986930847,-0.0835636779665947,0.9999947547912598,0.3716302216053009,0.36870381236076355,0.17411869764328003,0.9999692440032959,0.3547138571739197,0.38541629910469055,0.024861818179488182,0.9999626278877258,0.3523767292499542,0.3855438530445099,0.0988444909453392,0.9999417662620544,0.4090549051761627,0.41116178035736084,-0.23001299798488617,0.9999674558639526,0.40736889839172363,0.4168325364589691,0.3485223352909088,0.9995440244674683,0.3405148684978485,0.4707871973514557,-0.18296945095062256,0.9741347432136536,0.3466501832008362,0.46991798281669617,0.33260828256607056,0.1153869703412056,0.3084361255168915,0.41961103677749634,0.16615815460681915,0.9231517314910889,0.32308486104011536,0.4236549437046051,0.15211881697177887,0.17053024470806122,0.30639511346817017,0.4070587754249573,0.1813320368528366,0.8873611688613892,0.31936386227607727,0.40993624925613403,0.1410391479730606,0.18370777368545532,0.31815770268440247,0.40513676404953003,0.17218536138534546,0.8852381706237793,0.3273877203464508,0.40654054284095764,0.14057320356369019,0.18035519123077393,0.32122722268104553,0.4092210829257965,0.17738646268844604,0.8580768704414368,0.3295994699001312,0.41048839688301086,0.1422136127948761,0.18111763894557953,0.4072365164756775,0.5457638502120972,-0.18074829876422882,0.9996606111526489,0.4114784896373749,0.5487309694290161,0.18083009123802185,0.9994877576828003,0.3910444378852844,0.6539849638938904,-0.19354568421840668,0.8955028653144836,0.41625648736953735,0.6545786261558533,0.17513726651668549,0.39682841300964355,0.3911321461200714,0.7727761268615723,-0.1832747459411621,0.9359736442565918,0.5067585110664368,0.7601879835128784,0.1825743019580841,0.6337747573852539,0.4163028299808502,0.791347086429596,-0.18504555523395538,0.9074086546897888,0.5248293280601501,0.7729954123497009,0.178717702627182,0.6909024715423584,0.3098931908607483,0.79986572265625,-0.2882061004638672,0.939951479434967,0.41909435391426086,0.7870290279388428,0.12138839811086655,0.7231691479682922
IMG_9689 3,7,231,good,0.3443206250667572,0.3783531188964844,0.046497032046318054,0.9999869465827942,0.35189127922058105,0.3696524202823639,0.007491209078580141,0.9999911785125732,0.354923278093338,0.3689810633659363,0.007418014574795961,0.9999921917915344,0.3577887713909149,0.3682979643344879,0.007308974862098694,0.999993085861206,0.35009822249412537,0.36977413296699524,0.06375526636838913,0.9999861121177673,0.3518613278865814,0.3692340850830078,0.06380830705165863,0.999981164932251,0.3536413311958313,0.36868128180503845,0.06386905908584595,0.9999837279319763,0.38005417585372925,0.3685501515865326,-0.08671566098928452,0.9999945163726807,0.37487658858299255,0.3688434064388275,0.1628722995519638,0.9999684691429138,0.35838356614112854,0.3856074810028076,0.019713828340172768,0.9999619722366333,0.35646840929985046,0.3857119679450989,0.09137596935033798,0.9999410510063171,0.4095276892185211,0.4111920893192291,-0.22988322377204895,0.9999653697013855,0.41390421986579895,0.4167056679725647,0.33628231287002563,0.9995464086532593,0.3429078757762909,0.4726121425628662,-0.16691800951957703,0.9741296768188477,0.35180309414863586,0.4699892997741699,0.3362366259098053,0.11690669506788254,0.3096981346607208,0.42233142256736755,0.19503532350063324,0.9220579862594604,0.32540640234947205,0.42450273036956787,0.1982995569705963,0.17487700283527374,0.30779406428337097,0.4108758866786957,0.21368277072906494,0.8858780264854431,0.32127922773361206,0.4098801910877228,0.19360655546188354,0.18771161139011383,0.3188942074775696,0.4072034955024719,0.20464815199375153,0.8836950659751892,0.32936280965805054,0.4068959355354309,0.19092851877212524,0.18479041755199432,0.3219165802001953,0.4125399887561798,0.20609210431575775,0.8567323088645935,0.33140531182289124,0.41052892804145813,0.18913531303405762,0.18496426939964294,0.4083399474620819,0.5457668900489807,-0.18016570806503296,0.9996442198753357,0.4180438816547394,0.5482529401779175,0.18023519217967987,0.9994708895683289,0.3920009136199951,0.6535488963127136,-0.19216395914554596,0.8986090421676636,0.423418253660202,0.654250979423523,0.17543648183345795,0.4137868583202362,0.3909015655517578,0.7728519439697266,-0.18249085545539856,0.9387409090995789,0.5102870464324951,0.7593070268630981,0.18219943344593048,0.6486537456512451,0.399644672870636,0.791509211063385,-0.18414349853992462,0.9110731482505798,0.5330646634101868,0.7747557163238525,0.17890644073486328,0.7043323516845703,0.3017839789390564,0.7998752593994141,-0.28169742226600647,0.941445529460907,0.4335089921951294,0.7867198586463928,0.125496968626976,0.7296388745307922
IMG_9689 3,8,264,good,0.34690192341804504,0.37827345728874207,0.04712722450494766,0.9999867677688599,0.3548198640346527,0.3696054220199585,0.007558696437627077,0.9999908804893494,0.35781997442245483,0.3689519166946411,0.007491511758416891,0.9999918937683105,0.3607981503009796,0.3682853579521179,0.00737932650372386,0.999992847442627,0.35276490449905396,0.36971116065979004,0.06462626159191132,0.9999857544898987,0.35432931780815125,0.3691748380661011,0.06468061357736588,0.9999805688858032,0.35598841309547424,0.36862489581108093,0.06474028527736664,0.9999833703041077,0.38368573784828186,0.3685605227947235,-0.08616810292005539,0.9999942779541016,0.37704625725746155,0.36884379386901855,0.1654929220676422,0.9999672174453735,0.36039504408836365,0.38552960753440857,0.020199410617351532,0.9999610781669617,0.3582616448402405,0.3855774700641632,0.09266728162765503,0.9999396204948425,0.4110683798789978,0.4114174544811249,-0.2293521612882614,0.9999634027481079,0.4152020812034607,0.41673409938812256,0.3381918668746948,0.9995351433753967,0.34545016288757324,0.4726870357990265,-0.1696223020553589,0.9745979905128479,0.3560020923614502,0.4718574583530426,0.34543487429618835,0.11647547036409378,0.3118196725845337,0.42204010486602783,0.18448741734027863,0.9238871932029724,0.3273221254348755,0.4250243306159973,0.20603491365909576,0.1782783567905426,0.3096061646938324,0.4104066491127014,0.19991250336170197,0.8882059454917908,0.3224254250526428,0.4099156856536865,0.19913867115974426,0.19088101387023926,0.3200405538082123,0.40699854493141174,0.19138158857822418,0.8859890699386597,0.33015963435173035,0.40749016404151917,0.19763851165771484,0.1882135421037674,0.3230941593647003,0.4120193123817444,0.1955064833164215,0.8593652844429016,0.3324700891971588,0.41077280044555664,0.1967889368534088,0.18791648745536804,0.4107547402381897,0.5457696914672852,-0.1795806735754013,0.9996218681335449,0.4178154766559601,0.5482029318809509,0.17965376377105713,0.9994516968727112,0.3949757516384125,0.6534006595611572,-0.1903904676437378,0.8994817137718201,0.4254738390445709,0.6542953848838806,0.17154523730278015,0.4229668080806732,0.391857385635376,0.7722353935241699,-0.17766998708248138,0.9404997229576111,0.5130693912506104,0.7588620185852051,0.1772242933511734,0.6594018340110779,0.4051772654056549,0.791178822517395,-0.179179385304451,0.9126132130622864,0.5312389731407166,0.7743357419967651,0.17342673242092133,0.713049590587616,0.3004608154296875,0.7992179989814758,-0.27784281969070435,0.9433693289756775,0.43189117312431335,0.7864999175071716,0.11763661354780197,0.7370818853378296
IMG_9689 3,9,297,good,0.3489828407764435,0.3782638609409332,0.04614787921309471,0.9999861121177673,0.357170432806015,0.3695940375328064,0.00624458584934473,0.9999902248382568,0.3601677417755127,0.3689398467540741,0.006161720957607031,0.999991238117218,0.36314207315444946,0.368275910615921,0.0060441819950938225,0.999992311000824,0.3550369441509247,0.3696998059749603,0.06294602155685425,0.9999850392341614,0.3565842807292938,0.36916759610176086,0.06298535317182541,0.9999797344207764,0.3582257926464081,0.36861687898635864,0.06302089989185333,0.9999827742576599,0.38538554310798645,0.36856597661972046,-0.08777846395969391,0.9999936819076538,0.3789937496185303,0.3688439428806305,0.16144461929798126,0.9999656081199646,0.3620281219482422,0.38553109765052795,0.019281791523098946,0.9999585747718811,0.3599148392677307,0.38557690382003784,0.0911225825548172,0.999936580657959,0.4114892780780792,0.4115244150161743,-0.23003162443637848,0.9999593496322632,0.4157082736492157,0.4168632924556732,0.3361644744873047,0.9995347261428833,0.3477277159690857,0.4727326035499573,-0.16290511190891266,0.9737526178359985,0.3585757613182068,0.4735148549079895,0.33803096413612366,0.11585067212581635,0.3142269551753998,0.42511695623397827,0.20495566725730896,0.9208655953407288,0.3289196193218231,0.42622408270835876,0.18849463760852814,0.1821022778749466,0.31125903129577637,0.4130289852619171,0.22443264722824097,0.8848592042922974,0.32325315475463867,0.41204723715782166,0.1828332543373108,0.1950615793466568,0.32146331667900085,0.41053327918052673,0.21427194774150848,0.882459282875061,0.3303000032901764,0.40814658999443054,0.18018858134746552,0.19279110431671143,0.32427406311035156,0.4144935607910156,0.21588444709777832,0.8560304641723633,0.3327071964740753,0.41109710931777954,0.1788921356201172,0.19183728098869324,0.4121774137020111,0.5460635423660278,-0.17915627360343933,0.9995932579040527,0.42116349935531616,0.548247218132019,0.1792200207710266,0.9994236826896667,0.3946163058280945,0.6534242033958435,-0.18962928652763367,0.9022876024246216,0.4310271441936493,0.6543970108032227,0.1742599457502365,0.43815505504608154,0.38366493582725525,0.7728199362754822,-0.1785762459039688,0.9425079822540283,0.5173192620277405,0.7584689259529114,0.18220801651477814,0.670326828956604,0.3959578573703766,0.792244553565979,-0.18017470836639404,0.9161146879196167,0.5346044898033142,0.774537205696106,0.1785166710615158,0.7243155241012573,0.29615798592567444,0.7980484962463379,-0.27667081356048584,0.9437289237976074,0.44418463110923767,0.78459632396698,0.13719627261161804,0.7401478290557861
IMG_9689 3,10,330,good,0.35129600763320923,0.3780309557914734,0.05288076773285866,0.9999855160713196,0.35878872871398926,0.3693588972091675,0.012999722734093666,0.9999896883964539,0.36148253083229065,0.3687414526939392,0.01291233766824007,0.999990701675415,0.3641352355480194,0.36809995770454407,0.012791632674634457,0.9999919533729553,0.35699597001075745,0.3694228529930115,0.07074902951717377,0.9999845027923584,0.3584684431552887,0.3688802123069763,0.0707923024892807,0.9999788999557495,0.36000898480415344,0.36829400062561035,0.07080616801977158,0.9999821782112122,0.3860212564468384,0.3684152662754059,-0.0824051946401596,0.9999932646751404,0.3810880780220032,0.3686944246292114,0.17133033275604248,0.9999639391899109,0.36323797702789307,0.3850228488445282,0.025539109483361244,0.9999563694000244,0.3614097237586975,0.38505664467811584,0.098667211830616,0.9999335408210754,0.41184547543525696,0.41154810786247253,-0.22978250682353973,0.9999581575393677,0.4181755483150482,0.41686293482780457,0.35600143671035767,0.9995201826095581,0.34855565428733826,0.4726208448410034,-0.17276926338672638,0.9743367433547974,0.3660443425178528,0.4739576280117035,0.3705665171146393,0.11260713636875153,0.3143974542617798,0.42481687664985657,0.17270581424236298,0.9234267473220825,0.3308958411216736,0.42677992582321167,0.2193388044834137,0.18281996250152588,0.3114366829395294,0.41240066289901733,0.18494901061058044,0.8883079290390015,0.3253856599330902,0.41207024455070496,0.2145121693611145,0.19677482545375824,0.32152095437049866,0.4104275703430176,0.17953002452850342,0.885804295539856,0.3323473334312439,0.40878987312316895,0.20817703008651733,0.19465920329093933,0.3244321346282959,0.4138917028903961,0.18523570895195007,0.8596077561378479,0.3345779478549957,0.41178464889526367,0.20816953480243683,0.19335855543613434,0.41311660408973694,0.5462910532951355,-0.18109948933124542,0.9995772242546082,0.4233850836753845,0.5483070611953735,0.18116813898086548,0.9993970394134521,0.3943580389022827,0.6541383862495422,-0.18962422013282776,0.9044806957244873,0.43429046869277954,0.6559268236160278,0.1780397593975067,0.4420963525772095,0.3778960704803467,0.7751157879829407,-0.17851005494594574,0.9439024329185486,0.5141472220420837,0.7582287788391113,0.1828451156616211,0.6742699146270752,0.38888266682624817,0.7967743277549744,-0.18027372658252716,0.9184857606887817,0.531875491142273,0.7752118706703186,0.17878510057926178,0.7289531230926514,0.29193130135536194,0.7986511588096619,-0.27423444390296936,0.9443520307540894,0.4379937946796417,0.7849229574203491,0.13957543671131134,0.74017333984375
IMG_9689 3,11,363,good,0.35230228304862976,0.3779090344905853,0.0516771636903286,0.999984085559845,0.3598557710647583,0.36926448345184326,0.012376095168292522,0.9999886155128479,0.362577885389328,0.3686503469944,0.012287262827157974,0.9999896883964539,0.3652336597442627,0.36802172660827637,0.012170941568911076,0.9999911785125732,0.3579510450363159,0.3693392276763916,0.06893011927604675,0.9999830722808838,0.3594213128089905,0.3688007891178131,0.06896847486495972,0.9999768733978271,0.3609803318977356,0.3682285249233246,0.06898272037506104,0.9999805092811584,0.38683652877807617,0.3683617413043976,-0.08233293145895004,0.9999921321868896,0.38190531730651855,0.3686661720275879,0.16666392982006073,0.9999604225158691,0.3641818165779114,0.3848060965538025,0.02496805600821972,0.9999509453773499,0.36222755908966064,0.3848150074481964,0.09659154713153839,0.9999260306358337,0.41298937797546387,0.4114452004432678,-0.22518561780452728,0.9999558925628662,0.4188306927680969,0.416897714138031,0.3435230255126953,0.9994977712631226,0.348326712846756,0.4714505076408386,-0.1703668236732483,0.9749568700790405,0.3632621169090271,0.4733487665653229,0.39554134011268616,0.11116903275251389,0.3150128722190857,0.4222862124443054,0.16373848915100098,0.9261131882667542,0.3307241201400757,0.42680299282073975,0.31415459513664246,0.18615995347499847,0.31309494376182556,0.41067156195640564,0.17476394772529602,0.8919080495834351,0.3256703019142151,0.4120206832885742,0.3172578811645508,0.20040363073349,0.32281655073165894,0.4074402451515198,0.16829313337802887,0.8893438577651978,0.3329200744628906,0.40879932045936584,0.30732619762420654,0.19854086637496948,0.3256586790084839,0.4122042655944824,0.1752375215291977,0.8638682961463928,0.33515554666519165,0.41181516647338867,0.30427294969558716,0.19652864336967468,0.4135417938232422,0.5460850596427917,-0.17751243710517883,0.999565839767456,0.42533138394355774,0.5479083061218262,0.17762458324432373,0.9993685483932495,0.39417505264282227,0.6541568040847778,-0.18901579082012177,0.9028288722038269,0.43823733925819397,0.6551417708396912,0.1828995943069458,0.4422069191932678,0.3762219250202179,0.7738098502159119,-0.18234799802303314,0.9431332349777222,0.5115213394165039,0.7548472881317139,0.20388272404670715,0.6711412668228149,0.38718870282173157,0.796657919883728,-0.18453337252140045,0.9208986163139343,0.5312018394470215,0.7729716897010803,0.20355930924415588,0.7306313514709473,0.29337388277053833,0.7973971962928772,-0.27486947178840637,0.942237377166748,0.4370696544647217,0.7789150476455688,0.16891688108444214,0.7334203124046326
IMG_9689 3,12,396,good,0.35443544387817383,0.377835750579834,0.045119091868400574,0.9999827742576599,0.36193007230758667,0.36915090680122375,0.005127496551722288,0.9999876618385315,0.36460742354393005,0.3685453236103058,0.005038245115429163,0.999988853931427,0.36723804473876953,0.36792823672294617,0.004920950625091791,0.9999904036521912,0.36004582047462463,0.36921241879463196,0.06310895830392838,0.9999818801879883,0.3614596128463745,0.36866411566734314,0.06313890963792801,0.9999752640724182,0.3629779815673828,0.36808231472969055,0.06315091997385025,0.9999790191650391,0.3891755938529968,0.36828020215034485,-0.090235635638237,0.9999913573265076,0.38334962725639343,0.36857807636260986,0.16455210745334625,0.9999575614929199,0.3662702143192291,0.3847331702709198,0.0180659182369709,0.9999459981918335,0.36408311128616333,0.3847052752971649,0.09142572432756424,0.999919593334198,0.4168761670589447,0.41145655512809753,-0.2370513677597046,0.999953031539917,0.4189739227294922,0.41692858934402466,0.3431001603603363,0.9994891285896301,0.3479650020599365,0.4700513780117035,-0.1919010877609253,0.9746302366256714,0.3618757426738739,0.47260522842407227,0.37394195795059204,0.10991519689559937,0.3151646554470062,0.419498473405838,0.13417766988277435,0.9263845682144165,0.33104178309440613,0.42631468176841736,0.24101503193378448,0.18901436030864716,0.3138701617717743,0.40649890899658203,0.14295755326747894,0.8928070068359375,0.3272678256034851,0.4111960530281067,0.23723743855953217,0.20406033098697662,0.3238939046859741,0.4037717878818512,0.13447342813014984,0.8901711106300354,0.3347529470920563,0.4085012972354889,0.23195745050907135,0.20233650505542755,0.32667481899261475,0.4097319543361664,0.1446090191602707,0.8646551966667175,0.33675524592399597,0.4115059971809387,0.23104622960090637,0.1998988389968872,0.41519951820373535,0.546113133430481,-0.17941802740097046,0.9995589256286621,0.42410165071487427,0.5478373169898987,0.17953641712665558,0.9993623495101929,0.39302748441696167,0.6542045474052429,-0.19557635486125946,0.9021965861320496,0.4410673975944519,0.6551824808120728,0.2011147439479828,0.44237691164016724,0.3756519854068756,0.7731509804725647,-0.18818128108978271,0.942844569683075,0.5140022039413452,0.7544943690299988,0.23560944199562073,0.6732041239738464,0.3863348364830017,0.7960007190704346,-0.1903350055217743,0.9233057498931885,0.5317159295082092,0.7720122933387756,0.23633581399917603,0.7372778058052063,0.29056450724601746,0.7978033423423767,-0.2767840325832367,0.940342366695404,0.4363611340522766,0.7787674069404602,0.1956092268228531,0.7300115823745728
IMG_9689 3,13,429,good,0.35650140047073364,0.3778161108493805,0.04203037917613983,0.9999779462814331,0.36364883184432983,0.3691326677799225,0.002354746451601386,0.999984085559845,0.36629125475883484,0.3685317039489746,0.0022540544159710407,0.9999856352806091,0.36885127425193787,0.36791861057281494,0.0021358730737119913,0.9999876022338867,0.3617347776889801,0.36917224526405334,0.058831166476011276,0.9999766945838928,0.3631630837917328,0.36860430240631104,0.05886102467775345,0.9999682903289795,0.36467665433883667,0.3679942786693573,0.058851368725299835,0.9999731183052063,0.3902023732662201,0.3682485520839691,-0.09215634316205978,0.9999882578849792,0.38474732637405396,0.36850088834762573,0.1558416336774826,0.999947726726532,0.36850595474243164,0.38466718792915344,0.015521453693509102,0.9999303817749023,0.36634573340415955,0.38461539149284363,0.08701176941394806,0.999900221824646,0.4190395772457123,0.41153430938720703,-0.2363208532333374,0.9999462962150574,0.42003723978996277,0.4166345000267029,0.329145222902298,0.9994574785232544,0.3487115204334259,0.47005409002304077,-0.18925702571868896,0.9731883406639099,0.36167091131210327,0.47182467579841614,0.4024832546710968,0.10817956179380417,0.31599894165992737,0.41838011145591736,0.13795162737369537,0.9238250851631165,0.3312353193759918,0.4229324758052826,0.3546205759048462,0.1889481544494629,0.31460636854171753,0.4061034619808197,0.14900898933410645,0.8905134201049805,0.32791030406951904,0.4091237783432007,0.3609905242919922,0.20460107922554016,0.3244403600692749,0.4030289351940155,0.1399279534816742,0.8878285884857178,0.33546388149261475,0.40527406334877014,0.35170772671699524,0.20332682132720947,0.32739874720573425,0.4089645743370056,0.14797841012477875,0.8622926473617554,0.33785682916641235,0.41047728061676025,0.3456468880176544,0.2006753385066986,0.4161483347415924,0.5461670160293579,-0.1784818321466446,0.9995425939559937,0.42338281869888306,0.5477569699287415,0.17861025035381317,0.9993326663970947,0.39391306042671204,0.6548339128494263,-0.1963709145784378,0.8946308493614197,0.44397518038749695,0.6555600166320801,0.20072397589683533,0.4374600350856781,0.3750900626182556,0.7731717824935913,-0.19053219258785248,0.940094530582428,0.5131758451461792,0.7518824934959412,0.22890013456344604,0.6695221066474915,0.386281281709671,0.7951400876045227,-0.19263842701911926,0.9227322936058044,0.5338374972343445,0.7701875567436218,0.22853007912635803,0.7397775053977966,0.2908211052417755,0.797853410243988,-0.2773985266685486,0.9370871782302856,0.44499480724334717,0.7773408889770508,0.18500293791294098,0.7246833443641663
IMG_9689 3,14,462,good,0.35756632685661316,0.3778119385242462,0.03632565960288048,0.9999766945838928,0.36526933312416077,0.3691266179084778,-0.001677661552093923,0.999983012676239,0.36829301714897156,0.3685196340084076,-0.0017744398210197687,0.9999846816062927,0.3711824417114258,0.36790257692337036,-0.001880505122244358,0.9999867677688599,0.36256518959999084,0.36916640400886536,0.05218731611967087,0.9999749660491943,0.3637945055961609,0.36859628558158875,0.052207037806510925,0.9999659061431885,0.3651279807090759,0.3679856061935425,0.05219198390841484,0.9999710917472839,0.3923929035663605,0.36824795603752136,-0.09159762412309647,0.9999870657920837,0.38470324873924255,0.36849769949913025,0.14739443361759186,0.9999443888664246,0.37052014470100403,0.38466590642929077,0.01246298011392355,0.999925434589386,0.36742374300956726,0.38463127613067627,0.08061354607343674,0.9998934268951416,0.4240100383758545,0.4116196036338806,-0.2279030829668045,0.9999425411224365,0.4173702299594879,0.41675958037376404,0.3165022134780884,0.9994378685951233,0.3497312664985657,0.46996191143989563,-0.1761278510093689,0.9730584621429443,0.35477855801582336,0.4695643186569214,0.39585956931114197,0.11402301490306854,0.3200007677078247,0.41771963238716125,0.13532689213752747,0.9253944158554077,0.3277784585952759,0.4184398353099823,0.35030487179756165,0.20440778136253357,0.31864121556282043,0.405895859003067,0.14708514511585236,0.8930506706237793,0.32669422030448914,0.40526095032691956,0.3548315167427063,0.21846669912338257,0.32953178882598877,0.402374267578125,0.13385850191116333,0.8903923034667969,0.3342711329460144,0.401381254196167,0.3479951024055481,0.21789124608039856,0.3319939076900482,0.40810510516166687,0.14337962865829468,0.8656591773033142,0.3363983929157257,0.40551552176475525,0.3422989845275879,0.21459318697452545,0.41699084639549255,0.5462075471878052,-0.1756381243467331,0.9995373487472534,0.41966745257377625,0.5478359460830688,0.17576856911182404,0.999329149723053,0.39419880509376526,0.6547484397888184,-0.20739716291427612,0.8929539918899536,0.44193655252456665,0.6554238796234131,0.19232571125030518,0.4429571032524109,0.3750723600387573,0.7727348208427429,-0.22113066911697388,0.9404605031013489,0.5142980217933655,0.7519547939300537,0.20630617439746857,0.6744315028190613,0.38514819741249084,0.7937604784965515,-0.22479921579360962,0.9242440462112427,0.5391849279403687,0.7705291509628296,0.20542995631694794,0.7473112344741821,0.2907334566116333,0.7977347373962402,-0.3124920725822449,0.9368313550949097,0.45317453145980835,0.7776599526405334,0.17265354096889496,0.7260650992393494
IMG_9689 3,15,495,good,0.35816431045532227,0.3777730464935303,0.02617773972451687,0.9999768137931824,0.36586257815361023,0.36908039450645447,-0.01271104533225298,0.9999829530715942,0.36879393458366394,0.3684707581996918,-0.01279356237500906,0.9999846816062927,0.3716696500778198,0.36784863471984863,-0.012884260155260563,0.9999866485595703,0.36323434114456177,0.3691204786300659,0.042595960199832916,0.99997478723526,0.3643912971019745,0.3685494661331177,0.04259640723466873,0.9999659657478333,0.3656468689441681,0.3679400086402893,0.04259530082345009,0.9999709725379944,0.3934631049633026,0.3682149350643158,-0.10137641429901123,0.999987006187439,0.38494929671287537,0.3684948682785034,0.14193615317344666,0.9999440908432007,0.3708157241344452,0.38461950421333313,0.0018721077358350158,0.9999257922172546,0.36779507994651794,0.384585440158844,0.07148289680480957,0.999893307685852,0.42832526564598083,0.4116531014442444,-0.23412418365478516,0.9999399781227112,0.41365835070610046,0.41693177819252014,0.30989566445350647,0.9994415640830994,0.35221269726753235,0.46995797753334045,-0.17616142332553864,0.9725871086120605,0.35008251667022705,0.4672415554523468,0.28663334250450134,0.12213478982448578,0.32127314805984497,0.4218027591705322,0.13951779901981354,0.9255936145782471,0.3253512680530548,0.418123334646225,0.09937083721160889,0.22293289005756378,0.3201383054256439,0.406617134809494,0.1521703451871872,0.8937341570854187,0.32586097717285156,0.4047461152076721,0.08417541533708572,0.23559503257274628,0.33052802085876465,0.40370842814445496,0.1373126059770584,0.8911927938461304,0.33416879177093506,0.40020203590393066,0.08683355897665024,0.2353513091802597,0.33279895782470703,0.4084503650665283,0.1447383612394333,0.8669763803482056,0.33630290627479553,0.40398919582366943,0.09116683155298233,0.23087835311889648,0.4186757504940033,0.5463684797286987,-0.17521069943904877,0.999531626701355,0.41515418887138367,0.5482611060142517,0.17531773447990417,0.999345064163208,0.39462634921073914,0.6548857092857361,-0.20856283605098724,0.892475962638855,0.4406581223011017,0.6553404331207275,0.19221246242523193,0.45057451725006104,0.37512657046318054,0.7693807482719421,-0.2182340919971466,0.940640926361084,0.514321506023407,0.7516137957572937,0.20580239593982697,0.6828252673149109,0.3935103714466095,0.7912975549697876,-0.2218790054321289,0.9248510599136353,0.5399217009544373,0.7705249190330505,0.20484377443790436,0.7567936778068542,0.290890097618103,0.7977789044380188,-0.31569164991378784,0.9362661838531494,0.45669081807136536,0.7778542637825012,0.1712903380393982,0.7307736873626709
IMG_9689 3,16,528,good,0.3586016297340393,0.3772405683994293,0.014841999858617783,0.9999774694442749,0.3669606149196625,0.3684130311012268,-0.022378038614988327,0.9999833703041077,0.36999866366386414,0.3678019940853119,-0.022453438490629196,0.9999850392341614,0.37304821610450745,0.36717382073402405,-0.02253538742661476,0.9999869465827942,0.3639865517616272,0.3684486150741577,0.033084284514188766,0.9999754428863525,0.36500805616378784,0.3678683340549469,0.033073220402002335,0.9999669194221497,0.36612316966056824,0.3672429919242859,0.033072732388973236,0.9999716877937317,0.3952457308769226,0.367820680141449,-0.10527791827917099,0.9999872446060181,0.3848326504230499,0.36818963289260864,0.13800698518753052,0.999945342540741,0.37103432416915894,0.3841327428817749,-0.007868140004575253,0.9999278783798218,0.367660254240036,0.38403597474098206,0.061843667179346085,0.9998956918716431,0.43258702754974365,0.41185855865478516,-0.2372957020998001,0.9999393224716187,0.40569549798965454,0.4172343909740448,0.30804532766342163,0.9994476437568665,0.35393041372299194,0.47063127160072327,-0.19029144942760468,0.9722375273704529,0.34518828988075256,0.4673736095428467,0.2555696666240692,0.1321251094341278,0.32173511385917664,0.42248138785362244,0.10103622078895569,0.9270143508911133,0.32300865650177,0.4184071719646454,0.0363810770213604,0.2460465431213379,0.32074227929115295,0.407764732837677,0.10860923677682877,0.8962052464485168,0.32468104362487793,0.4050089418888092,0.017273833975195885,0.2565823793411255,0.33165282011032104,0.4037131369113922,0.09265228360891342,0.8937204480171204,0.3333909511566162,0.400316059589386,0.022301560267806053,0.2564101815223694,0.3332698941230774,0.4091564118862152,0.10720346868038177,0.8697585463523865,0.33618223667144775,0.40401312708854675,0.028305765241384506,0.2504597008228302,0.4203718304634094,0.5465707182884216,-0.17533797025680542,0.9995452761650085,0.4107612371444702,0.548897922039032,0.17543601989746094,0.9993688464164734,0.39498770236968994,0.6549012660980225,-0.23524032533168793,0.8930184841156006,0.4403507709503174,0.6550506353378296,0.20598024129867554,0.45255905389785767,0.3762681186199188,0.7692483067512512,-0.2678546905517578,0.9422104358673096,0.5172015428543091,0.7513320446014404,0.23297344148159027,0.6894333958625793,0.3953230679035187,0.790779709815979,-0.27464649081230164,0.926429271697998,0.5403004288673401,0.7703433036804199,0.23310157656669617,0.7654566168785095,0.2894286811351776,0.7979385852813721,-0.38153788447380066,0.9377356767654419,0.4586385488510132,0.7774709463119507,0.19721630215644836,0.7362141609191895
IMG_9689 3,17,561,good,0.35870710015296936,0.3768421709537506,0.019041717052459717,0.9999779462814331,0.36699190735816956,0.367863267660141,-0.011018983088433743,0.9999837279319763,0.3699806332588196,0.3672444224357605,-0.011071824468672276,0.9999852776527405,0.3730124235153198,0.36660945415496826,-0.01113335881382227,0.9999870657920837,0.3641590476036072,0.367885947227478,0.04209725931286812,0.9999760985374451,0.3651752471923828,0.3672866225242615,0.042037103325128555,0.9999678730964661,0.3662448525428772,0.3666636049747467,0.04203002527356148,0.9999726414680481,0.39556318521499634,0.3675735294818878,-0.08004691451787949,0.9999873042106628,0.38476312160491943,0.3678939640522003,0.15491384267807007,0.9999469518661499,0.3709618151187897,0.38371339440345764,0.0015820227563381195,0.9999292492866516,0.3676455318927765,0.38372674584388733,0.06793298572301865,0.9998986124992371,0.43606123328208923,0.4125747084617615,-0.2051740139722824,0.999937891960144,0.400450199842453,0.41740038990974426,0.31116628646850586,0.9994685053825378,0.3537091314792633,0.4715840816497803,-0.17089705169200897,0.9721028208732605,0.33653876185417175,0.4684373736381531,0.23947985470294952,0.1529126614332199,0.32167306542396545,0.42341965436935425,0.11135780811309814,0.927422285079956,0.32009679079055786,0.4208589792251587,-0.024132639169692993,0.2794293761253357,0.31950095295906067,0.4104200005531311,0.11876103281974792,0.8966999053955078,0.32282859086990356,0.4078681170940399,-0.05370502546429634,0.2845793068408966,0.3308746814727783,0.40452253818511963,0.10502434521913528,0.8940888047218323,0.33192506432533264,0.4023347795009613,-0.040209051221609116,0.28368258476257324,0.33261242508888245,0.4102608859539032,0.11845989525318146,0.870140552520752,0.3331589996814728,0.4081422686576843,-0.029729554429650307,0.27578791975975037,0.4219743013381958,0.5463809967041016,-0.17228150367736816,0.9995650053024292,0.4072279632091522,0.5489557385444641,0.17236749827861786,0.99940025806427,0.3951913118362427,0.6536489725112915,-0.2747533619403839,0.8825103640556335,0.43947890400886536,0.6543763279914856,0.16412873566150665,0.42928415536880493,0.37591859698295593,0.7707803845405579,-0.3337542414665222,0.9379565715789795,0.5165746808052063,0.7492423057556152,0.19427964091300964,0.6690253019332886,0.3959050178527832,0.7908462882041931,-0.34306707978248596,0.9216656684875488,0.5405091643333435,0.7697569727897644,0.19444741308689117,0.7543626427650452,0.28935378789901733,0.7980101108551025,-0.45998162031173706,0.936854362487793,0.45676949620246887,0.7767247557640076,0.14218078553676605,0.7283092737197876
IMG_9689 3,18,594,good,0.3585018813610077,0.37659451365470886,-0.0010373599361628294,0.9999797344207764,0.3669925332069397,0.367500364780426,-0.028517980128526688,0.9999850392341614,0.37015286087989807,0.3668995499610901,-0.028550276532769203,0.9999864101409912,0.3735099136829376,0.3662990927696228,-0.02857131138443947,0.9999880790710449,0.3638545870780945,0.36754563450813293,0.025747619569301605,0.9999780654907227,0.3648523688316345,0.36697304248809814,0.025676144286990166,0.9999704957008362,0.366004079580307,0.3663896322250366,0.025669030845165253,0.9999749064445496,0.3969854414463043,0.3673446476459503,-0.08120522648096085,0.9999881982803345,0.38393309712409973,0.367681086063385,0.15472768247127533,0.9999511241912842,0.3707082271575928,0.3836277723312378,-0.013400521129369736,0.999934732913971,0.3674924671649933,0.38365647196769714,0.05449924245476723,0.9999065399169922,0.43896743655204773,0.4129464030265808,-0.20912280678749084,0.9999407529830933,0.3860747516155243,0.41933953762054443,0.31201907992362976,0.9995024800300598,0.352094441652298,0.4709929823875427,-0.26187291741371155,0.9736402034759521,0.3180157542228699,0.47135379910469055,0.1587904691696167,0.1917632520198822,0.3219775855541229,0.4176751375198364,-0.09817066043615341,0.9331090450286865,0.3018576502799988,0.4248516857624054,-0.2237284928560257,0.3328678011894226,0.31987595558166504,0.40411245822906494,-0.11396165192127228,0.9044628739356995,0.3002767562866211,0.4138464629650116,-0.2669181525707245,0.33230283856391907,0.33150777220726013,0.39672791957855225,-0.1194443330168724,0.9019463062286377,0.3105596601963043,0.4088064730167389,-0.251779168844223,0.3306240737438202,0.3329361379146576,0.4030628502368927,-0.09105243533849716,0.8790473937988281,0.3122428059577942,0.4142219126224518,-0.23126980662345886,0.3209138810634613,0.42260804772377014,0.5466118454933167,-0.173847034573555,0.9995918273925781,0.40390440821647644,0.549696683883667,0.1738811433315277,0.9994326829910278,0.3944956660270691,0.6542866826057434,-0.28615427017211914,0.8828426003456116,0.43907788395881653,0.6549479961395264,0.21116383373737335,0.42008697986602783,0.37434303760528564,0.7723096013069153,-0.34703826904296875,0.9400742053985596,0.5193225145339966,0.7493979334831238,0.2791003882884979,0.6672566533088684,0.389177143573761,0.7914010286331177,-0.35869041085243225,0.9239369630813599,0.5428397059440613,0.7692274451255798,0.2829665243625641,0.7586166262626648,0.2881719470024109,0.7990449666976929,-0.49678775668144226,0.9396748542785645,0.45708245038986206,0.7755325436592102,0.22756223380565643,0.7326530814170837
IMG_9689 3,19,627,good,0.3586730659008026,0.3758060038089752,0.04486595466732979,0.9999814033508301,0.36759620904922485,0.3667452037334442,0.03401981666684151,0.9999862313270569,0.3712015151977539,0.3661860227584839,0.033995065838098526,0.9999874234199524,0.3750692307949066,0.36561524868011475,0.0339893214404583,0.9999889731407166,0.3637445569038391,0.3667104244232178,0.08060375601053238,0.9999799132347107,0.3646151125431061,0.36613771319389343,0.08050257712602615,0.999972939491272,0.3658577501773834,0.3655604124069214,0.08049121499061584,0.9999769926071167,0.3989208936691284,0.3669874370098114,0.030720731243491173,0.9999887943267822,0.38279324769973755,0.3673263192176819,0.23511157929897308,0.9999549388885498,0.3707590401172638,0.3829769194126129,0.04959641396999359,0.9999393820762634,0.367391973733902,0.38316336274147034,0.10785470902919769,0.9999135136604309,0.4443311095237732,0.41301754117012024,-0.08118566870689392,0.9999420642852783,0.3676033616065979,0.41980549693107605,0.37053924798965454,0.999538242816925,0.37276148796081543,0.4646848738193512,-0.23873943090438843,0.9743248224258423,0.3030315637588501,0.47093188762664795,0.18012261390686035,0.24696044623851776,0.3321857750415802,0.4129646420478821,-0.22993364930152893,0.9374955892562866,0.2723361849784851,0.4256186783313751,-0.2545107305049896,0.39242127537727356,0.32837092876434326,0.39897942543029785,-0.27161267399787903,0.9103466272354126,0.2660934627056122,0.4151113033294678,-0.3109825551509857,0.3887837529182434,0.33748310804367065,0.39187395572662354,-0.26216912269592285,0.9077707529067993,0.26946383714675903,0.4106021225452423,-0.30162838101387024,0.38684454560279846,0.33963915705680847,0.39742565155029297,-0.22281524538993835,0.88518887758255,0.2781731188297272,0.4142685532569885,-0.26522767543792725,0.3765816390514374,0.42590978741645813,0.5430832505226135,-0.16748939454555511,0.9996269345283508,0.3970404267311096,0.5481815338134766,0.16755589842796326,0.9994760155677795,0.3939804434776306,0.6478402614593506,-0.38804060220718384,0.8843507170677185,0.43952444195747375,0.6524731516838074,0.22242851555347443,0.3988490104675293,0.3742271959781647,0.7691391110420227,-0.5270793437957764,0.9421805739402771,0.5187618732452393,0.7467164397239685,0.3255288004875183,0.6462541222572327,0.38946062326431274,0.7905041575431824,-0.5459417104721069,0.9260546565055847,0.5440835952758789,0.7667906284332275,0.33255526423454285,0.7441657185554504,0.2910197079181671,0.7990393042564392,-0.7210097312927246,0.9429555535316467,0.4741097390651703,0.7743802666664124,0.25014087557792664,0.723666250705719
IMG_9689 3,20,660,good,0.35864153504371643,0.3754939138889313,0.008096635341644287,0.9999825358390808,0.36754563450813293,0.3663577139377594,-0.0031033630948513746,0.9999869465827942,0.37102755904197693,0.3658653199672699,-0.0031505273655056953,0.9999879598617554,0.3747657537460327,0.3653564453125,-0.003130974480882287,0.9999894499778748,0.3632237911224365,0.36628562211990356,0.042981989681720734,0.999981164932251,0.3636814057826996,0.3657929599285126,0.0428592823445797,0.9999744892120361,0.3642834722995758,0.36529380083084106,0.04278777167201042,0.9999784231185913,0.39841267466545105,0.3669160008430481,-0.017048615962266922,0.9999887347221375,0.3796329200267792,0.36723360419273376,0.2208232432603836,0.9999573230743408,0.37005314230918884,0.3829200267791748,0.014704997651278973,0.9999424815177917,0.36617377400398254,0.38312041759490967,0.07263587415218353,0.9999179840087891,0.44719451665878296,0.41324928402900696,-0.13696439564228058,0.999941885471344,0.3613862097263336,0.4204280376434326,0.3469756245613098,0.9995689988136292,0.3807697296142578,0.4644920229911804,-0.33807241916656494,0.9752530455589294,0.2781257629394531,0.4648398160934448,0.17674922943115234,0.3003294765949249,0.34020039439201355,0.4109911322593689,-0.4183931350708008,0.9418176412582397,0.24020549654960632,0.4225870966911316,-0.23058052361011505,0.4466007351875305,0.3356364071369171,0.3962685763835907,-0.4725443124771118,0.9164286851882935,0.22436533868312836,0.41048458218574524,-0.2824663519859314,0.44063663482666016,0.3433428406715393,0.39023467898368835,-0.4678088128566742,0.9139266014099121,0.2283942550420761,0.4062509536743164,-0.2889319062232971,0.43893250823020935,0.34463417530059814,0.39581578969955444,-0.415752112865448,0.8918073177337646,0.2357499897480011,0.4099918603897095,-0.24812568724155426,0.42881736159324646,0.42554131150245667,0.5431337356567383,-0.16802732646465302,0.9996497631072998,0.39384394884109497,0.5488132834434509,0.1681055724620819,0.999497652053833,0.39273393154144287,0.6485475301742554,-0.35836395621299744,0.8848293423652649,0.43907439708709717,0.6525239944458008,0.2545882761478424,0.38273563981056213,0.3736824691295624,0.7702797055244446,-0.4713207185268402,0.9443701505661011,0.5188354849815369,0.7470424175262451,0.3541266620159149,0.629644513130188,0.3871805667877197,0.7908685207366943,-0.4884921610355377,0.9289723634719849,0.5473518967628479,0.7665384411811829,0.35991740226745605,0.7362778782844543,0.28167566657066345,0.8013496398925781,-0.6574551463127136,0.9458932876586914,0.4687258005142212,0.7744099497795105,0.27894479036331177,0.7168530225753784
IMG_9689 3,21,693,good,0.3583764135837555,0.37527722120285034,-0.0230768620967865,0.9999834895133972,0.3674674928188324,0.3659968674182892,-0.04044907167553902,0.9999876618385315,0.370832234621048,0.365496963262558,-0.04052196070551872,0.9999885559082031,0.3744845986366272,0.3650397062301636,-0.040523216128349304,0.999989926815033,0.36285167932510376,0.36600619554519653,0.008727089501917362,0.9999821782112122,0.3631463050842285,0.36550581455230713,0.008636854588985443,0.9999756813049316,0.3635038733482361,0.3650359511375427,0.008573910221457481,0.9999794960021973,0.398042768239975,0.36678647994995117,-0.042640846222639084,0.9999889135360718,0.37850522994995117,0.36707961559295654,0.1729465126991272,0.9999595284461975,0.36975720524787903,0.3828185796737671,-0.022550497204065323,0.9999458193778992,0.36528658866882324,0.3831140398979187,0.039419595152139664,0.9999225735664368,0.4480590522289276,0.41395652294158936,-0.13923563063144684,0.9999428391456604,0.3597066104412079,0.42007890343666077,0.3182370066642761,0.9995946288108826,0.3765404522418976,0.4646022319793701,-0.37370365858078003,0.97634357213974,0.26275917887687683,0.4502958357334137,0.17693455517292023,0.3507440686225891,0.3392513394355774,0.410413533449173,-0.44811296463012695,0.9465183615684509,0.21220529079437256,0.40692052245140076,-0.20929020643234253,0.495740681886673,0.33562764525413513,0.39598408341407776,-0.503969669342041,0.9230044484138489,0.18846727907657623,0.3954280912876129,-0.2574421465396881,0.48757094144821167,0.34443679451942444,0.390234112739563,-0.5025854706764221,0.9206519722938538,0.19342437386512756,0.39186573028564453,-0.2697056531906128,0.4862319529056549,0.34639617800712585,0.3949163258075714,-0.4470842480659485,0.8995974659919739,0.20202410221099854,0.39514508843421936,-0.22948190569877625,0.47669464349746704,0.4253513813018799,0.5455458760261536,-0.16850507259368896,0.9996543526649475,0.39220306277275085,0.5502745509147644,0.16857461631298065,0.9995036721229553,0.3920459449291229,0.653791606426239,-0.33519208431243896,0.8772148489952087,0.4388960897922516,0.655681312084198,0.20551034808158875,0.372078537940979,0.3727693259716034,0.7715602517127991,-0.4202726185321808,0.9440389275550842,0.5209143757820129,0.7476683259010315,0.29459428787231445,0.6186622381210327,0.3838227391242981,0.7908908128738403,-0.42291536927223206,0.92948979139328,0.5485377311706543,0.766625165939331,0.2993910312652588,0.7340417504310608,0.2824711501598358,0.8015442490577698,-0.5425572991371155,0.9462882876396179,0.46879157423973083,0.7786123752593994,0.18568842113018036,0.7147281169891357
IMG_9689 3,22,726,good,0.35823947191238403,0.37517350912094116,-0.05620507150888443,0.9999837279319763,0.3672557473182678,0.36588358879089355,-0.07490167766809464,0.9999876618385315,0.37064623832702637,0.36540675163269043,-0.07501130551099777,0.9999883770942688,0.3743571937084198,0.36497679352760315,-0.07502705603837967,0.9999898076057434,0.3626773953437805,0.36588728427886963,-0.026492441073060036,0.999981701374054,0.36258724331855774,0.36539220809936523,-0.02652212604880333,0.9999743700027466,0.362358421087265,0.36492612957954407,-0.026579057797789574,0.9999785423278809,0.39778366684913635,0.3667858839035034,-0.08473828434944153,0.9999881982803345,0.37627342343330383,0.36698979139328003,0.12478451430797577,0.9999597668647766,0.36964961886405945,0.38280370831489563,-0.05687650665640831,0.9999483227729797,0.3645946979522705,0.38311803340911865,0.004519273992627859,0.9999262094497681,0.4481906592845917,0.4142996072769165,-0.18592575192451477,0.9999446272850037,0.35847342014312744,0.4175419211387634,0.28067395091056824,0.9996216893196106,0.37876105308532715,0.4647366404533386,-0.45518213510513306,0.9774795770645142,0.24833719432353973,0.43181508779525757,0.2840093970298767,0.40553316473960876,0.33993151783943176,0.41033515334129333,-0.6380533576011658,0.9512922763824463,0.17741376161575317,0.3933131992816925,0.06796814501285553,0.5428671836853027,0.33501461148262024,0.3964899480342865,-0.7113388776779175,0.9298490285873413,0.14532634615898132,0.38415318727493286,0.042147066444158554,0.5336505770683289,0.3439220190048218,0.3907475769519806,-0.7030072808265686,0.9276766777038574,0.1458960324525833,0.3813425898551941,-0.009575380943715572,0.5330252051353455,0.34635815024375916,0.3955165147781372,-0.6385322213172913,0.9080953001976013,0.15912654995918274,0.38465285301208496,0.03549415245652199,0.5245774388313293,0.42553219199180603,0.546936571598053,-0.16755451261997223,0.9996672868728638,0.3902072012424469,0.5511976480484009,0.1675805300474167,0.9995044469833374,0.391950786113739,0.6538190841674805,-0.313308447599411,0.8666707277297974,0.43871787190437317,0.6554833650588989,0.1909438520669937,0.35914117097854614,0.37121742963790894,0.7714554667472839,-0.3843698799610138,0.9436488747596741,0.5204700827598572,0.7471481561660767,0.27982696890830994,0.6025593280792236,0.38150593638420105,0.7902448177337646,-0.3950073719024658,0.9298096299171448,0.5460273623466492,0.764527440071106,0.283870130777359,0.726287305355072,0.2831268012523651,0.8016443848609924,-0.5506674647331238,0.9466167092323303,0.4672120213508606,0.7785041928291321,0.16607347130775452,0.7085803747177124
IMG_9689 3,23,759,good,0.3587573766708374,0.3751743733882904,0.0033182252664119005,0.9999849796295166,0.36772555112838745,0.3658909201622009,-0.0006888069910928607,0.9999885559082031,0.37131181359291077,0.3654482662677765,-0.0007967683486640453,0.9999891519546509,0.37522363662719727,0.36507877707481384,-0.0007693805964663625,0.9999905228614807,0.36257198452949524,0.36588120460510254,0.04075538367033005,0.9999828934669495,0.36255091428756714,0.36536744236946106,0.04074552655220032,0.9999756813049316,0.36197414994239807,0.36487483978271484,0.040701914578676224,0.9999796748161316,0.3975796699523926,0.3671155571937561,0.014463637955486774,0.9999889135360718,0.3726801574230194,0.3669860363006592,0.2020905464887619,0.999962568283081,0.3701190948486328,0.3828483521938324,0.016398167237639427,0.9999525547027588,0.3643836975097656,0.3831694722175598,0.06850608438253403,0.9999322891235352,0.44885650277137756,0.4147506654262543,-0.10797559469938278,0.9999485015869141,0.3501419126987457,0.41235101222991943,0.34213852882385254,0.9996544122695923,0.38176390528678894,0.4646771550178528,-0.4170333445072174,0.9786869287490845,0.2351984679698944,0.41173234581947327,0.42301255464553833,0.46038293838500977,0.3402308225631714,0.4092615246772766,-0.656614363193512,0.9557970762252808,0.14566688239574432,0.382551372051239,0.29244253039360046,0.5867903828620911,0.33550015091896057,0.395816445350647,-0.7340702414512634,0.9362972378730774,0.11011745780706406,0.37745946645736694,0.2762868106365204,0.5769671201705933,0.34340858459472656,0.39061686396598816,-0.7224280834197998,0.934289276599884,0.11041110754013062,0.37572047114372253,0.22821374237537384,0.576805830001831,0.3457494378089905,0.3950991630554199,-0.6574917435646057,0.9161695241928101,0.120025634765625,0.37766122817993164,0.26260045170783997,0.5694013833999634,0.43007853627204895,0.5464620590209961,-0.15974347293376923,0.9996972680091858,0.3850012421607971,0.5503507852554321,0.1598326712846756,0.9995433688163757,0.3947056531906128,0.6488277316093445,-0.4582074284553528,0.8694940805435181,0.4326215982437134,0.653008759021759,0.15241527557373047,0.35980841517448425,0.37056174874305725,0.7678493857383728,-0.625791072845459,0.9459460973739624,0.518554151058197,0.7464165687561035,0.2124304324388504,0.5972951650619507,0.3820805251598358,0.7879409790039062,-0.6463935971260071,0.9329649209976196,0.5450443625450134,0.7646710872650146,0.2113955020904541,0.7234567999839783,0.2973729074001312,0.801177442073822,-0.8334625959396362,0.9498293399810791,0.4661736488342285,0.7787021994590759,0.09306927770376205,0.709246039390564
IMG_9689 3,24,792,good,0.35862186551094055,0.3751794397830963,0.002531310310587287,0.9999856352806091,0.36768126487731934,0.3659416139125824,-0.0013956553302705288,0.9999889135360718,0.3712335228919983,0.36556506156921387,-0.001488273381255567,0.9999893307685852,0.3750808537006378,0.3652806580066681,-0.0014973314246162772,0.999990701675415,0.36201757192611694,0.36589720845222473,0.039013005793094635,0.9999831914901733,0.3616449236869812,0.36539340019226074,0.03899378329515457,0.9999755620956421,0.36073198914527893,0.3649076521396637,0.03893354535102844,0.9999797344207764,0.3971802890300751,0.36744368076324463,-0.009182734414935112,0.9999887347221375,0.3711041212081909,0.3670399487018585,0.19264285266399384,0.9999640583992004,0.36981722712516785,0.3830992877483368,0.014032834209501743,0.9999551773071289,0.3631218373775482,0.3832731246948242,0.06753677874803543,0.9999366998672485,0.44889378547668457,0.4157148599624634,-0.1308007687330246,0.9999482035636902,0.3489977717399597,0.40795236825942993,0.3397161364555359,0.999678909778595,0.3811173141002655,0.46456554532051086,-0.4316273629665375,0.9789800047874451,0.22831176221370697,0.3986697793006897,0.3891553282737732,0.5065755248069763,0.3394966423511505,0.4080424904823303,-0.6463141441345215,0.959395706653595,0.13245908915996552,0.38080352544784546,0.2366066575050354,0.6246179342269897,0.3349270820617676,0.3957158327102661,-0.7219993472099304,0.9414650797843933,0.09490404278039932,0.37751632928848267,0.22031518816947937,0.613293468952179,0.343136191368103,0.39062967896461487,-0.7093397974967957,0.9395527243614197,0.0930357575416565,0.3763006925582886,0.17059434950351715,0.6138615608215332,0.3453618288040161,0.39535078406333923,-0.6469720602035522,0.9223983287811279,0.103025883436203,0.3780860900878906,0.2055693119764328,0.6079325675964355,0.42977631092071533,0.546610951423645,-0.16009549796581268,0.9997148513793945,0.3835045099258423,0.5502052307128906,0.1601526141166687,0.99955815076828,0.39463165402412415,0.649175763130188,-0.38376882672309875,0.8662726283073425,0.43019479513168335,0.6498593091964722,0.1596791297197342,0.3579453229904175,0.3704858720302582,0.7678799629211426,-0.4855177700519562,0.9471485614776611,0.5180862545967102,0.7439483404159546,0.22059300541877747,0.5946384072303772,0.3818117380142212,0.7879818677902222,-0.49883055686950684,0.9349571466445923,0.5450556874275208,0.7639898657798767,0.21910525858402252,0.7241814732551575,0.29668188095092773,0.8012923002243042,-0.6468657851219177,0.9511842727661133,0.4678075909614563,0.7784419655799866,0.12641461193561554,0.7099258303642273
IMG_9689 3,25,825,good,0.3572738468647003,0.37477612495422363,-0.022765623405575752,0.9999860525131226,0.3665114641189575,0.3656899333000183,-0.03710031509399414,0.9999890923500061,0.3701411187648773,0.36539506912231445,-0.03718845546245575,0.9999893307685852,0.37397295236587524,0.36517226696014404,-0.03717042878270149,0.9999906420707703,0.3606933057308197,0.3654521107673645,0.009513042867183685,0.9999831318855286,0.3602575361728668,0.36491331458091736,0.009485832415521145,0.9999749064445496,0.3593457341194153,0.3644108772277832,0.009420002810657024,0.9999793171882629,0.3953319489955902,0.36743518710136414,-0.04427693411707878,0.9999884963035583,0.3699657618999481,0.3665285110473633,0.1630694717168808,0.9999651312828064,0.3683987259864807,0.38288602232933044,-0.019499700516462326,0.999957799911499,0.3612024486064911,0.382886677980423,0.03994135931134224,0.9999407529830933,0.44817879796028137,0.41583460569381714,-0.16032075881958008,0.9999493956565857,0.3496136963367462,0.40645959973335266,0.3152170777320862,0.9997024536132812,0.38112303614616394,0.46492260694503784,-0.47474709153175354,0.9793688654899597,0.22703056037425995,0.39444515109062195,0.36968472599983215,0.5483543276786804,0.33925795555114746,0.4085279703140259,-0.6978926062583923,0.9627018570899963,0.12545081973075867,0.3807017207145691,0.22483590245246887,0.6588301062583923,0.3308642506599426,0.3963099718093872,-0.7756167054176331,0.946230947971344,0.08886576443910599,0.37837114930152893,0.21125367283821106,0.6462565064430237,0.3416643738746643,0.3909209966659546,-0.7619615793228149,0.9444208145141602,0.08873560279607773,0.3773633539676666,0.160319983959198,0.6474570035934448,0.344188928604126,0.39564135670661926,-0.6979939341545105,0.9281476140022278,0.0968235582113266,0.3789181113243103,0.19391335546970367,0.642737865447998,0.42855051159858704,0.5466025471687317,-0.16091635823249817,0.9997323155403137,0.3829302489757538,0.5497952699661255,0.16094481945037842,0.9995731711387634,0.3935541808605194,0.649384081363678,-0.36581239104270935,0.86203533411026,0.42982012033462524,0.6491068005561829,0.20671924948692322,0.3504320979118347,0.3705332279205322,0.7679744362831116,-0.46702197194099426,0.948478102684021,0.518473744392395,0.7442474365234375,0.3071656823158264,0.5849313735961914,0.3821578323841095,0.7881468534469604,-0.4824697971343994,0.9366008639335632,0.5448089838027954,0.764133632183075,0.3111858367919922,0.7201804518699646,0.29513782262802124,0.8014664053916931,-0.6578215956687927,0.9528133273124695,0.47130849957466125,0.7773335576057434,0.2103506624698639,0.7060766220092773
IMG_9689 3,26,858,good,0.35725128650665283,0.3747788071632385,-0.07645757496356964,0.9999856352806091,0.3664894998073578,0.3656955361366272,-0.0872683972120285,0.9999882578849792,0.3700776994228363,0.36543217301368713,-0.0873829573392868,0.9999882578849792,0.373900443315506,0.365262895822525,-0.08740375190973282,0.9999894499778748,0.36011040210723877,0.3654549717903137,-0.04366021975874901,0.999981164932251,0.3592510223388672,0.36491653323173523,-0.043690405786037445,0.9999706745147705,0.35784655809402466,0.3644143342971802,-0.0437367781996727,0.9999756217002869,0.39492514729499817,0.3675611615180969,-0.06430133432149887,0.9999869465827942,0.3672788739204407,0.366522878408432,0.12538214027881622,0.9999629855155945,0.3680453598499298,0.3829675614833832,-0.06308341771364212,0.9999579191207886,0.36014699935913086,0.38293391466140747,-0.007992392405867577,0.9999421834945679,0.4477379024028778,0.4159178137779236,-0.1625414937734604,0.999947726726532,0.34823277592658997,0.40455612540245056,0.29076042771339417,0.9997206330299377,0.380320280790329,0.4660731852054596,-0.4635404944419861,0.9796703457832336,0.2318473756313324,0.39617326855659485,0.361680805683136,0.5859984755516052,0.3387129008769989,0.4080003499984741,-0.6893361806869507,0.9656540155410767,0.133019357919693,0.38127169013023376,0.22218787670135498,0.6898377537727356,0.3311840295791626,0.3961292803287506,-0.7663805484771729,0.9504426717758179,0.09181228280067444,0.3793986141681671,0.20662081241607666,0.6762012839317322,0.3418213129043579,0.3907194435596466,-0.7541571855545044,0.9487278461456299,0.08938371390104294,0.37844550609588623,0.15284699201583862,0.6780023574829102,0.34395191073417664,0.39562809467315674,-0.6907561421394348,0.9332850575447083,0.10018718242645264,0.3800044357776642,0.19002914428710938,0.6744183301925659,0.4285881519317627,0.5450437068939209,-0.15755528211593628,0.9997440576553345,0.3801817297935486,0.5476363301277161,0.157649964094162,0.9995841979980469,0.3966379165649414,0.6471025943756104,-0.35812416672706604,0.8600358963012695,0.42285895347595215,0.6475276947021484,0.13818064332008362,0.3483036756515503,0.3708941638469696,0.763992190361023,-0.4431396722793579,0.9490699768066406,0.5166928172111511,0.7439790964126587,0.22813764214515686,0.585442304611206,0.3843180537223816,0.7831382155418396,-0.457074373960495,0.9375488758087158,0.5440786480903625,0.7640965580940247,0.22985613346099854,0.7221267819404602,0.3188786506652832,0.7994781136512756,-0.6267126202583313,0.953883707523346,0.46760237216949463,0.777114987373352,0.10533247143030167,0.7088215947151184
IMG_9689 3,27,891,good,0.3569599688053131,0.37461718916893005,-0.05057940259575844,0.9999861121177673,0.36613762378692627,0.3655861020088196,-0.06656540185213089,0.9999884963035583,0.36986997723579407,0.365356981754303,-0.06666488200426102,0.9999883770942688,0.3738038241863251,0.36521607637405396,-0.06668876111507416,0.9999895691871643,0.35910651087760925,0.36535581946372986,-0.020084017887711525,0.9999814033508301,0.35787010192871094,0.3648621737957001,-0.02011372335255146,0.9999706149101257,0.3560800850391388,0.3643883764743805,-0.020156079903244972,0.9999757409095764,0.39429834485054016,0.3675054609775543,-0.06333624571561813,0.9999869465827942,0.36549368500709534,0.36648041009902954,0.1356460452079773,0.9999641180038452,0.36745575070381165,0.3829292356967926,-0.04590188339352608,0.9999600648880005,0.3588847219944,0.3828834593296051,0.01271682046353817,0.9999456405639648,0.4475129246711731,0.4157007932662964,-0.16368331015110016,0.9999487400054932,0.34840309619903564,0.40436071157455444,0.29757922887802124,0.999740481376648,0.37990593910217285,0.4665193259716034,-0.4470383822917938,0.9801766276359558,0.23355333507061005,0.40031978487968445,0.3709248900413513,0.6192827820777893,0.33850497007369995,0.4081961512565613,-0.6394456624984741,0.968370795249939,0.13452163338661194,0.38197463750839233,0.22932375967502594,0.717735767364502,0.3311367928981781,0.396233469247818,-0.711931049823761,0.9543301463127136,0.09495797753334045,0.3800188899040222,0.2142968773841858,0.7032281756401062,0.33999061584472656,0.3909659683704376,-0.7024654150009155,0.9527008533477783,0.09354512393474579,0.3788602948188782,0.16252557933330536,0.7055330872535706,0.34231069684028625,0.39583489298820496,-0.6404376029968262,0.9380512833595276,0.10421736538410187,0.38031005859375,0.19770096242427826,0.702916145324707,0.42840057611465454,0.5450541973114014,-0.15846292674541473,0.9997532367706299,0.3800390660762787,0.547633945941925,0.15854619443416595,0.9995939135551453,0.3977043628692627,0.6473426222801208,-0.3347783088684082,0.8603771924972534,0.42283397912979126,0.6474778652191162,0.14800354838371277,0.3533918559551239,0.3712799549102783,0.7641457915306091,-0.39898648858070374,0.9506672620773315,0.517433226108551,0.7443223595619202,0.22497934103012085,0.5939843058586121,0.38443464040756226,0.7837937474250793,-0.4119570255279541,0.9392351508140564,0.544167697429657,0.7641658782958984,0.22627773880958557,0.7291358113288879,0.3145618736743927,0.7990944981575012,-0.5816115736961365,0.9554157257080078,0.4643513560295105,0.7768727540969849,0.11718252301216125,0.7167301177978516
IMG_9689 3,28,924,good,0.3560843765735626,0.3741866946220398,-0.04172201827168465,0.9999868273735046,0.36540746688842773,0.3651343882083893,-0.05844730883836746,0.9999890327453613,0.3692704141139984,0.364915668964386,-0.058543696999549866,0.999988853931427,0.3733459413051605,0.3647845685482025,-0.058563150465488434,0.9999900460243225,0.3582190275192261,0.364883691072464,-0.011656651273369789,0.9999821186065674,0.35702142119407654,0.3643845021724701,-0.011685110628604889,0.9999715685844421,0.355357825756073,0.36392930150032043,-0.011730801314115524,0.999976634979248,0.39353176951408386,0.3672827184200287,-0.06236248090863228,0.9999872446060181,0.36529532074928284,0.36605679988861084,0.13834506273269653,0.9999657869338989,0.3669131100177765,0.3825293183326721,-0.039507701992988586,0.999962568283081,0.35795217752456665,0.38264623284339905,0.01925269141793251,0.9999490976333618,0.4473411440849304,0.41526785492897034,-0.16681136190891266,0.9999507069587708,0.3476109206676483,0.4047064483165741,0.2935960590839386,0.9997571110725403,0.3809516429901123,0.4658120274543762,-0.44441792368888855,0.9812260270118713,0.2333088368177414,0.407185435295105,0.3632829487323761,0.651007890701294,0.3382005989551544,0.40775930881500244,-0.645988404750824,0.9711357951164246,0.1432497203350067,0.38418450951576233,0.21254491806030273,0.7436591386795044,0.32952141761779785,0.3959239721298218,-0.7194046974182129,0.9582532644271851,0.1074359342455864,0.3794214129447937,0.19547151029109955,0.7288497090339661,0.33731672167778015,0.39023345708847046,-0.7077531218528748,0.9567251801490784,0.10727915167808533,0.37756943702697754,0.14667442440986633,0.7313976883888245,0.34018680453300476,0.3948724567890167,-0.6456996202468872,0.9430293440818787,0.1189415231347084,0.3795888423919678,0.18229466676712036,0.729336678981781,0.42742088437080383,0.5449057221412659,-0.15907032787799835,0.9997641444206238,0.38052797317504883,0.5473406910896301,0.15915004909038544,0.9996010065078735,0.3944419324398041,0.6473998427391052,-0.32460758090019226,0.8573858737945557,0.4232827126979828,0.6472013592720032,0.15534961223602295,0.35000815987586975,0.3713338375091553,0.7643012404441833,-0.3981475532054901,0.9512177109718323,0.5173763036727905,0.7433067560195923,0.22916527092456818,0.5893686413764954,0.3840528726577759,0.7839452028274536,-0.41168057918548584,0.9401254057884216,0.5433575510978699,0.7629506587982178,0.23060187697410583,0.7277734279632568,0.30434343218803406,0.7992774844169617,-0.5812192559242249,0.9561665654182434,0.46561476588249207,0.7751849889755249,0.12883861362934113,0.7164390087127686
IMG_9689 3,29,957,good,0.35553309321403503,0.37418538331985474,-0.07011765986680984,0.9999870657920837,0.3649826943874359,0.3650941252708435,-0.081783726811409,0.9999890923500061,0.3690357506275177,0.3648611903190613,-0.08189378678798676,0.999988853931427,0.3732978105545044,0.3647216260433197,-0.08193079382181168,0.9999901056289673,0.35708558559417725,0.36487334966659546,-0.03856329992413521,0.9999821782112122,0.355658620595932,0.364378422498703,-0.038589317351579666,0.9999713897705078,0.35385382175445557,0.36393067240715027,-0.038635898381471634,0.9999765157699585,0.3932358920574188,0.36718225479125977,-0.06607123464345932,0.999987006187439,0.36321401596069336,0.3660474419593811,0.12378691136837006,0.9999651312828064,0.36671775579452515,0.3825260102748871,-0.05857709050178528,0.9999638795852661,0.35693660378456116,0.3827202618122101,-0.004021103028208017,0.9999505281448364,0.4457150101661682,0.41429606080055237,-0.16937771439552307,0.9999525547027588,0.3470272421836853,0.4073597490787506,0.2952413260936737,0.999767541885376,0.38080838322639465,0.46585723757743835,-0.42757365107536316,0.9822705984115601,0.2354758381843567,0.4219581186771393,0.32534295320510864,0.6766864657402039,0.3378116190433502,0.40743881464004517,-0.590961754322052,0.9734944105148315,0.15348415076732635,0.3851705491542816,0.09459429234266281,0.7662306427955627,0.3294816017150879,0.39456284046173096,-0.6562433242797852,0.9615565538406372,0.12078157812356949,0.38007253408432007,0.06488976627588272,0.7509625554084778,0.33714306354522705,0.3889468312263489,-0.6482450366020203,0.9601162075996399,0.12056692689657211,0.3775789737701416,0.029669875279068947,0.7537095546722412,0.3400997519493103,0.39337223768234253,-0.5899975895881653,0.9471264481544495,0.13074806332588196,0.3800452649593353,0.06783881038427353,0.7518393397331238,0.42668965458869934,0.544788122177124,-0.16006824374198914,0.9997721910476685,0.3808938264846802,0.5473553538322449,0.1601146012544632,0.9996064305305481,0.3909837007522583,0.6478318572044373,-0.3214013874530792,0.8583400845527649,0.42498061060905457,0.6473699808120728,0.15781792998313904,0.35417410731315613,0.37161746621131897,0.7647139430046082,-0.3940029442310333,0.9531688690185547,0.5179107785224915,0.743428647518158,0.2430148720741272,0.5972937941551208,0.3840685784816742,0.784233570098877,-0.4077802896499634,0.9419850707054138,0.5433329939842224,0.7624114751815796,0.2454793006181717,0.7345446944236755,0.30246108770370483,0.799258828163147,-0.579485297203064,0.958074688911438,0.46905332803726196,0.7722793221473694,0.14266027510166168,0.7238274216651917
IMG_9689 3,30,990,good,0.3551941215991974,0.37437182664871216,-0.06172077730298042,0.9999869465827942,0.36487552523612976,0.3650987148284912,-0.07278177887201309,0.9999887943267822,0.36898964643478394,0.364863783121109,-0.07288296520709991,0.9999884366989136,0.373293936252594,0.364719420671463,-0.0729210302233696,0.9999897480010986,0.3565879762172699,0.3648959696292877,-0.031067725270986557,0.9999819397926331,0.3550803065299988,0.36439478397369385,-0.031113550066947937,0.9999709725379944,0.35332486033439636,0.3639441728591919,-0.031147487461566925,0.999976396560669,0.3932119607925415,0.3671165406703949,-0.051749538630247116,0.9999862313270569,0.36333441734313965,0.36603033542633057,0.1274348348379135,0.9999642372131348,0.36670535802841187,0.3826368451118469,-0.05028574541211128,0.9999640583992004,0.35654112696647644,0.3829619586467743,0.002837067237123847,0.9999510049819946,0.44505131244659424,0.4139654040336609,-0.14507409930229187,0.9999535083770752,0.34455662965774536,0.4114272892475128,0.29269129037857056,0.9997771382331848,0.38147202134132385,0.4654925763607025,-0.36721229553222656,0.9831372499465942,0.2384950965642929,0.4437028467655182,0.21393972635269165,0.6990166902542114,0.3375830054283142,0.4075246751308441,-0.496683806180954,0.9754201173782349,0.17149624228477478,0.39650624990463257,-0.11339861154556274,0.7865343689918518,0.3296920359134674,0.39388397336006165,-0.5567609667778015,0.9641512632369995,0.14604859054088593,0.3860529363155365,-0.16085095703601837,0.7707614302635193,0.3365575075149536,0.3881584405899048,-0.544600248336792,0.9627516269683838,0.15244777500629425,0.38152578473091125,-0.1782705932855606,0.7734608054161072,0.33979174494743347,0.39242124557495117,-0.4932815134525299,0.9502277970314026,0.16275380551815033,0.38500288128852844,-0.13474078476428986,0.7715306878089905,0.4263428747653961,0.5433010458946228,-0.15795107185840607,0.9997774958610535,0.37867867946624756,0.5468494296073914,0.15801504254341125,0.9996092915534973,0.3909721076488495,0.64798504114151,-0.30715373158454895,0.863633930683136,0.4250991940498352,0.647482693195343,0.15542444586753845,0.36178043484687805,0.3723079562187195,0.7650178670883179,-0.3705301284790039,0.9556775093078613,0.5179223418235779,0.7435505390167236,0.24302902817726135,0.610931932926178,0.38428691029548645,0.7843670845031738,-0.3834553062915802,0.943946361541748,0.5432776212692261,0.7615942358970642,0.24553446471691132,0.7435883283615112,0.30269983410835266,0.7990320324897766,-0.5557778477668762,0.9603404402732849,0.4686158001422882,0.7724846005439758,0.143349289894104,0.7346340417861938
IMG_9689 3,31,1023,good,0.35191768407821655,0.3732254207134247,-0.07637466490268707,0.9999861717224121,0.3617846965789795,0.36366838216781616,-0.09418249875307083,0.999987781047821,0.3656293749809265,0.36333927512168884,-0.09425561130046844,0.9999872446060181,0.3696308434009552,0.36313608288764954,-0.09427744150161743,0.9999886751174927,0.35505789518356323,0.36352601647377014,-0.04847189411520958,0.9999809265136719,0.35408976674079895,0.36301085352897644,-0.04854487627744675,0.9999697208404541,0.35282063484191895,0.36260074377059937,-0.04861360415816307,0.9999756217002869,0.3911648094654083,0.36566591262817383,-0.10107366740703583,0.9999838471412659,0.36357641220092773,0.36502978205680847,0.09878819435834885,0.9999620318412781,0.3621710538864136,0.38154858350753784,-0.07296312600374222,0.9999622702598572,0.35444921255111694,0.3820660412311554,-0.015117830596864223,0.9999486804008484,0.44334402680397034,0.41271719336509705,-0.1913234442472458,0.9999521374702454,0.34473082423210144,0.4128367304801941,0.25994253158569336,0.9997839331626892,0.3825110197067261,0.4655114412307739,-0.37171798944473267,0.9837646484375,0.2428307682275772,0.4586661458015442,0.16461673378944397,0.7160798907279968,0.3374324142932892,0.4068681597709656,-0.4700435698032379,0.9769173264503479,0.19799558818340302,0.412474125623703,-0.17425721883773804,0.803610622882843,0.33019131422042847,0.3921937644481659,-0.5234405398368835,0.9660743474960327,0.17747093737125397,0.3984569311141968,-0.2177448570728302,0.7867488861083984,0.33623600006103516,0.38641831278800964,-0.5123876929283142,0.9646772146224976,0.18619872629642487,0.3937563896179199,-0.23272238671779633,0.7893847227096558,0.339290589094162,0.3907070457935333,-0.46527671813964844,0.9522927403450012,0.1938238888978958,0.3985012173652649,-0.1940413862466812,0.7871849536895752,0.42613357305526733,0.542560338973999,-0.15856635570526123,0.9997566938400269,0.3788776993751526,0.5464580059051514,0.1586134433746338,0.9995794892311096,0.39100825786590576,0.6491625905036926,-0.2790897786617279,0.862784206867218,0.4285205602645874,0.6484904885292053,0.17583772540092468,0.3543469309806824,0.37255409359931946,0.767330527305603,-0.3287889361381531,0.9566224217414856,0.5179903507232666,0.7436310648918152,0.26386094093322754,0.611750602722168,0.3843628168106079,0.7844045162200928,-0.34078720211982727,0.9450429677963257,0.5432356595993042,0.7613430619239807,0.26729831099510193,0.7472429871559143,0.29968172311782837,0.7991155982017517,-0.5053619742393494,0.9613710641860962,0.4697073698043823,0.7717018127441406,0.1742856800556183,0.7385087609291077
IMG_9689 3,32,1056,good,0.3518960177898407,0.37035560607910156,-0.16723373532295227,0.9999848008155823,0.36179423332214355,0.3605227768421173,-0.18313869833946228,0.9999859929084778,0.36566242575645447,0.36038148403167725,-0.1832481026649475,0.99998539686203,0.3697812259197235,0.3604260981082916,-0.18327896296977997,0.9999865889549255,0.3550712466239929,0.3602609634399414,-0.13803493976593018,0.9999792575836182,0.35410207509994507,0.3597906231880188,-0.13811615109443665,0.9999678134918213,0.35282087326049805,0.35944727063179016,-0.13815444707870483,0.9999737739562988,0.39133593440055847,0.3644323945045471,-0.17557136714458466,0.9999813437461853,0.3634468615055084,0.3629046082496643,0.02336319535970688,0.9999580979347229,0.36201560497283936,0.378947377204895,-0.1592002660036087,0.9999609589576721,0.35425060987472534,0.37920448184013367,-0.10165359824895859,0.9999464750289917,0.44184353947639465,0.4122718274593353,-0.25709041953086853,0.9999505877494812,0.3447584807872772,0.416669636964798,0.19785170257091522,0.9997891187667847,0.3822641670703888,0.4656262993812561,-0.4582466781139374,0.9844974875450134,0.26333099603652954,0.47310176491737366,0.023552367463707924,0.7272648215293884,0.33777934312820435,0.4069747030735016,-0.5590912103652954,0.978183388710022,0.22258687019348145,0.42663830518722534,-0.42427316308021545,0.818470299243927,0.33026134967803955,0.39194440841674805,-0.6175588965415955,0.9678226709365845,0.20765307545661926,0.4121295213699341,-0.4860769808292389,0.8010658621788025,0.3365534245967865,0.38607364892959595,-0.607508659362793,0.9664433002471924,0.2132101058959961,0.40768247842788696,-0.4914001524448395,0.8035354614257812,0.3397389054298401,0.39054015278816223,-0.5553004145622253,0.9541293382644653,0.21992237865924835,0.4115888774394989,-0.4426737427711487,0.8006999492645264,0.425029993057251,0.5435240268707275,-0.1593775600194931,0.999756395816803,0.3789328932762146,0.547581136226654,0.15944989025592804,0.9995726943016052,0.38967376947402954,0.6500576138496399,-0.29126593470573425,0.8689684867858887,0.42869842052459717,0.6486859917640686,0.20190614461898804,0.35346049070358276,0.3726104497909546,0.7667491436004639,-0.34622788429260254,0.9592567682266235,0.517706036567688,0.7436991930007935,0.32536670565605164,0.6205158233642578,0.3844109773635864,0.7846316695213318,-0.3569680154323578,0.9468362331390381,0.5425037145614624,0.7608830332756042,0.33113718032836914,0.7548697590827942,0.29964202642440796,0.7992174029350281,-0.5327284932136536,0.9636846780776978,0.46598875522613525,0.7715817093849182,0.23241345584392548,0.7478481531143188
IMG_9689 3,33,1089,good,0.35262563824653625,0.37018340826034546,-0.12264999002218246,0.9999854564666748,0.36275193095207214,0.36044469475746155,-0.13538171350955963,0.999986469745636,0.36682289838790894,0.36031022667884827,-0.13548532128334045,0.9999858736991882,0.37129783630371094,0.3603401184082031,-0.13552451133728027,0.999987006187439,0.3556705415248871,0.3601938486099243,-0.09262977540493011,0.9999802112579346,0.35456764698028564,0.35973793268203735,-0.09269192814826965,0.9999694228172302,0.3531881272792816,0.3593956530094147,-0.09272263944149017,0.9999749660491943,0.39135560393333435,0.3643063008785248,-0.14208024740219116,0.9999818801879883,0.36348956823349,0.36278513073921204,0.06758002936840057,0.9999597072601318,0.3627808690071106,0.37877368927001953,-0.11156143248081207,0.9999626278877258,0.3543006181716919,0.37898871302604675,-0.05708395317196846,0.999949038028717,0.43988728523254395,0.4110497832298279,-0.23021230101585388,0.9999521970748901,0.3453429937362671,0.4184149503707886,0.22981183230876923,0.9997960329055786,0.3821198642253876,0.46608200669288635,-0.42525508999824524,0.985243022441864,0.28308412432670593,0.48326611518859863,0.11084242910146713,0.732293426990509,0.33772268891334534,0.40653127431869507,-0.5268840789794922,0.9795073866844177,0.24350416660308838,0.44001466035842896,-0.2974182963371277,0.8300737142562866,0.33026716113090515,0.3912566304206848,-0.5825245976448059,0.9696563482284546,0.2334805279970169,0.42716169357299805,-0.3510773777961731,0.8116873502731323,0.3365060091018677,0.3856712579727173,-0.5729342699050903,0.9683181047439575,0.2377268224954605,0.4219183325767517,-0.35675933957099915,0.8138421177864075,0.33970457315444946,0.39004743099212646,-0.5221444964408875,0.9562554955482483,0.2432885617017746,0.4254913926124573,-0.313791960477829,0.8097372651100159,0.42337894439697266,0.5436363220214844,-0.1594412624835968,0.9997711181640625,0.37905260920524597,0.5489738583564758,0.15955185890197754,0.999588668346405,0.3897256851196289,0.6504353880882263,-0.31133919954299927,0.8745121359825134,0.4287835359573364,0.6510626673698425,0.23522725701332092,0.3530769646167755,0.37304750084877014,0.7694163918495178,-0.3830980062484741,0.9612932801246643,0.5182642936706543,0.744019091129303,0.3661506175994873,0.6256003975868225,0.3845389187335968,0.7870794534683228,-0.39735618233680725,0.9485139846801758,0.5430804491043091,0.7609491944313049,0.3728801906108856,0.7590439319610596,0.29936477541923523,0.7993324995040894,-0.5792855024337769,0.9656513929367065,0.46522149443626404,0.7728134393692017,0.2803969383239746,0.7529101371765137
IMG_9689 3,34,1122,good,0.35178300738334656,0.3699989318847656,-0.1043655127286911,0.9999853372573853,0.3622261881828308,0.360410213470459,-0.13411551713943481,0.9999861121177673,0.36626189947128296,0.3602767288684845,-0.13414527475833893,0.9999855756759644,0.3706173896789551,0.36029675602912903,-0.13418984413146973,0.9999868273735046,0.35532158613204956,0.36002442240715027,-0.07731731981039047,0.9999800324440002,0.3543263375759125,0.3594706058502197,-0.07735664397478104,0.9999694228172302,0.35306259989738464,0.3590274155139923,-0.07742788642644882,0.9999747276306152,0.3909775912761688,0.36410918831825256,-0.11936142295598984,0.9999809861183167,0.3635847866535187,0.3624151349067688,0.07548093795776367,0.999958336353302,0.3614324927330017,0.37844520807266235,-0.10366746038198471,0.9999619722366333,0.3533521592617035,0.3785339891910553,-0.04650692641735077,0.9999475479125977,0.437837690114975,0.41080784797668457,-0.2188013643026352,0.999953031539917,0.3483070433139801,0.4201093316078186,0.23450623452663422,0.9997908473014832,0.3819580376148224,0.4679272472858429,-0.4212195873260498,0.9856740236282349,0.31035423278808594,0.48815786838531494,0.1632547676563263,0.713495135307312,0.3376469314098358,0.4069646894931793,-0.465631902217865,0.9805527925491333,0.25718942284584045,0.44861313700675964,-0.1731821894645691,0.8312459588050842,0.330271452665329,0.3913029134273529,-0.5132026672363281,0.9710575342178345,0.24968761205673218,0.43990111351013184,-0.21216964721679688,0.8114182949066162,0.33650094270706177,0.3858153522014618,-0.5004144906997681,0.9697427153587341,0.2544078230857849,0.436051607131958,-0.2270611822605133,0.8135079741477966,0.3397379219532013,0.39026227593421936,-0.4586688280105591,0.9577057361602783,0.2602918744087219,0.4380967617034912,-0.19158020615577698,0.807634711265564,0.4225810170173645,0.5432960391044617,-0.16624251008033752,0.9997813105583191,0.38068345189094543,0.5489654541015625,0.16633810102939606,0.9995874762535095,0.3889060318470001,0.6505687832832336,-0.3364466726779938,0.8792544603347778,0.42876479029655457,0.6510429382324219,0.2837074398994446,0.34281474351882935,0.37405574321746826,0.7704458832740784,-0.4456963539123535,0.9630295634269714,0.5183383226394653,0.7440392374992371,0.41006723046302795,0.6224815845489502,0.3914203345775604,0.7886666059494019,-0.46185874938964844,0.9501684308052063,0.544442355632782,0.7611144185066223,0.41784346103668213,0.7570711970329285,0.29882675409317017,0.7998977899551392,-0.628282368183136,0.9672815799713135,0.4639579951763153,0.7730966806411743,0.3421248197555542,0.7538878321647644
IMG_9689 3,35,1155,good,0.35159850120544434,0.3683662414550781,-0.10554978996515274,0.9999854564666748,0.36222559213638306,0.3586932122707367,-0.12336759269237518,0.9999862909317017,0.3662703037261963,0.358575701713562,-0.12346770614385605,0.9999858736991882,0.3706303834915161,0.3586612641811371,-0.12352629750967026,0.9999870657920837,0.35530391335487366,0.35821056365966797,-0.0755198746919632,0.9999804496765137,0.35431361198425293,0.35762283205986023,-0.07555011659860611,0.9999701976776123,0.35306474566459656,0.3571556806564331,-0.07558421790599823,0.9999749660491943,0.3909801244735718,0.36306437849998474,-0.10970069468021393,0.9999815225601196,0.36363357305526733,0.36098772287368774,0.0860927551984787,0.9999587535858154,0.36141473054885864,0.37679949402809143,-0.09638945013284683,0.999963104724884,0.35310816764831543,0.376653790473938,-0.04005688428878784,0.9999483823776245,0.4360286593437195,0.4098989963531494,-0.212522953748703,0.9999549984931946,0.35191088914871216,0.42015108466148376,0.2756335437297821,0.9997866749763489,0.38183778524398804,0.4681106209754944,-0.4312610924243927,0.9860448837280273,0.32882174849510193,0.48724794387817383,0.21162472665309906,0.6766930222511292,0.33758679032325745,0.40695086121559143,-0.5328249931335449,0.9811561107635498,0.2736509442329407,0.45883357524871826,-0.1674984246492386,0.8155664801597595,0.32879284024238586,0.39099982380867004,-0.5907877683639526,0.9720242619514465,0.2644842267036438,0.45445361733436584,-0.19114746153354645,0.797664999961853,0.3357265591621399,0.38574668765068054,-0.5786447525024414,0.9707509875297546,0.26769062876701355,0.44951215386390686,-0.22177621722221375,0.8001863956451416,0.3395434319972992,0.3903505504131317,-0.5278666615486145,0.9585008025169373,0.2721644937992096,0.4499410390853882,-0.18714050948619843,0.7917910814285278,0.4209572672843933,0.543603777885437,-0.17770181596279144,0.9997963309288025,0.3808912932872772,0.549416184425354,0.1778476983308792,0.9995945692062378,0.38653692603111267,0.65283203125,-0.3634431064128876,0.8866856694221497,0.4295918643474579,0.6519452333450317,0.29516202211380005,0.3525305390357971,0.3740572929382324,0.7756354808807373,-0.4613489806652069,0.9653975963592529,0.5189248323440552,0.7460448145866394,0.43194058537483215,0.6324641704559326,0.39134860038757324,0.7924442291259766,-0.47751206159591675,0.9528294205665588,0.5448178052902222,0.7621816992759705,0.44023391604423523,0.7652249932289124,0.296647310256958,0.8004791736602783,-0.6553666591644287,0.9689576029777527,0.4673058092594147,0.7752429842948914,0.355267196893692,0.7570821046829224
IMG_9689 3,36,1188,good,0.35108378529548645,0.3671126365661621,-0.0976312905550003,0.999984860420227,0.36185356974601746,0.3576655387878418,-0.11447473615407944,0.9999855756759644,0.36572128534317017,0.35748234391212463,-0.11456946283578873,0.9999853372573853,0.36991286277770996,0.35746893286705017,-0.11461148411035538,0.9999866485595703,0.3552491366863251,0.35722407698631287,-0.0677100270986557,0.9999796748161316,0.3543102443218231,0.3566339910030365,-0.06774549186229706,0.9999693632125854,0.35307788848876953,0.35615718364715576,-0.06778266280889511,0.999973714351654,0.38980579376220703,0.3621171712875366,-0.09527468681335449,0.9999805688858032,0.363662451505661,0.36021527647972107,0.09018941968679428,0.9999567270278931,0.3607581853866577,0.3755090534687042,-0.09114737063646317,0.9999621510505676,0.3526608347892761,0.37524858117103577,-0.03287816792726517,0.9999461770057678,0.43301862478256226,0.40877974033355713,-0.19982634484767914,0.9999549388885498,0.3539375960826874,0.41988638043403625,0.2967624068260193,0.9997750520706177,0.3822105824947357,0.46795886754989624,-0.42773982882499695,0.9856656789779663,0.3398844599723816,0.4845505356788635,0.2789592444896698,0.6307868361473083,0.3371374011039734,0.4068758487701416,-0.5284036993980408,0.9810349941253662,0.2816903293132782,0.4665836989879608,0.008669882081449032,0.7881368398666382,0.3278758227825165,0.3903712034225464,-0.5862577557563782,0.9720935821533203,0.2690063416957855,0.4630516767501831,-0.0124355498701334,0.7757512927055359,0.33421796560287476,0.38541728258132935,-0.5747997164726257,0.9708331227302551,0.272388219833374,0.45762336254119873,-0.049925900995731354,0.7793965935707092,0.33871304988861084,0.39034703373908997,-0.5239441990852356,0.9581661820411682,0.27717113494873047,0.45767784118652344,-0.015661610290408134,0.7695218920707703,0.42027631402015686,0.5425113439559937,-0.1788323074579239,0.9998075366020203,0.3820919096469879,0.5488291382789612,0.17895901203155518,0.9995920658111572,0.38500720262527466,0.652569055557251,-0.3535572290420532,0.8909289836883545,0.4299675524234772,0.6515232920646667,0.2825115919113159,0.35341617465019226,0.37399423122406006,0.7753398418426514,-0.4428131878376007,0.9667102098464966,0.5189186334609985,0.7459851503372192,0.41789981722831726,0.6373719573020935,0.39012277126312256,0.7924084663391113,-0.45782971382141113,0.9550105333328247,0.5447202920913696,0.7619307041168213,0.4265024960041046,0.7702881097793579,0.295212060213089,0.800493061542511,-0.6301326155662537,0.9695656895637512,0.47062593698501587,0.7752525210380554,0.34234511852264404,0.7558829188346863
IMG_9689 3,37,1221,good,0.35002490878105164,0.3665156960487366,-0.07401341199874878,0.9999836087226868,0.36112064123153687,0.3575277030467987,-0.08822610229253769,0.9999846816062927,0.36501452326774597,0.3573325574398041,-0.08834777772426605,0.9999844431877136,0.36928611993789673,0.3572765290737152,-0.08843034505844116,0.9999860525131226,0.3543594479560852,0.357189804315567,-0.04463735967874527,0.9999785423278809,0.35336586833000183,0.3566463589668274,-0.04465203732252121,0.9999678730964661,0.352121502161026,0.3561761677265167,-0.0446859672665596,0.9999722838401794,0.3892422914505005,0.3616078495979309,-0.06988473236560822,0.9999794363975525,0.3624463975429535,0.35999220609664917,0.11416680365800858,0.9999545216560364,0.3599570393562317,0.37496134638786316,-0.06282563507556915,0.9999592304229736,0.3511841297149658,0.3746597170829773,-0.008358587510883808,0.9999416470527649,0.4284500777721405,0.4070427715778351,-0.1821966916322708,0.9999538660049438,0.3602181673049927,0.41958504915237427,0.3204929828643799,0.9997611045837402,0.3805643320083618,0.46728697419166565,-0.41741764545440674,0.9850884675979614,0.3476048707962036,0.4816622734069824,0.3129814565181732,0.5875043869018555,0.33499741554260254,0.4061857759952545,-0.5214499235153198,0.9805060625076294,0.28792604804039,0.46667230129241943,0.06859305500984192,0.7614496350288391,0.3254128098487854,0.3896092176437378,-0.5791407227516174,0.9715572595596313,0.2750404179096222,0.46212080121040344,0.04896195977926254,0.7535669207572937,0.3323577046394348,0.3844456076622009,-0.562250018119812,0.9702451825141907,0.2773795425891876,0.45762646198272705,0.014707195572555065,0.7581010460853577,0.33710670471191406,0.3899323046207428,-0.5158604979515076,0.9569277167320251,0.28388968110084534,0.45789939165115356,0.04522671923041344,0.7474348545074463,0.4173565208911896,0.541932225227356,-0.18055839836597443,0.9998111724853516,0.3851192593574524,0.5479910969734192,0.18066099286079407,0.9995707273483276,0.3822287917137146,0.652204692363739,-0.3239407539367676,0.8910635709762573,0.4310685098171234,0.6515058279037476,0.2679407298564911,0.35226380825042725,0.37399822473526,0.7749136686325073,-0.3742864727973938,0.966881513595581,0.5189858675003052,0.7461465001106262,0.3753426969051361,0.638191819190979,0.3895387351512909,0.7921987175941467,-0.3850235044956207,0.9555371999740601,0.5446340441703796,0.7618945837020874,0.38011327385902405,0.772079586982727,0.2951492965221405,0.8004998564720154,-0.5422860980033875,0.9693925380706787,0.47188034653663635,0.7752161622047424,0.31216397881507874,0.7537117600440979
IMG_9689 3,38,1254,good,0.34891021251678467,0.3662574887275696,-0.02974790334701538,0.999982476234436,0.3599144518375397,0.3575859069824219,-0.04441352188587189,0.9999842047691345,0.36382418870925903,0.35738441348075867,-0.044534388929605484,0.9999839067459106,0.3681345582008362,0.357315331697464,-0.0446227602660656,0.9999858140945435,0.3530016839504242,0.3572961390018463,-0.00022317269758787006,0.999977707862854,0.3520030975341797,0.3567788302898407,-0.00023009111464489251,0.999966561794281,0.35072532296180725,0.3563193082809448,-0.0002333230513613671,0.9999712109565735,0.38868775963783264,0.3614523410797119,-0.03923463821411133,0.9999791383743286,0.36099570989608765,0.3600088953971863,0.15280358493328094,0.9999523758888245,0.3589324951171875,0.3747333288192749,-0.02217581495642662,0.999956488609314,0.3501113951206207,0.37439337372779846,0.03340502083301544,0.9999364018440247,0.42564213275909424,0.40645885467529297,-0.16087853908538818,0.9999544024467468,0.36142614483833313,0.4194686710834503,0.3450224697589874,0.9997401237487793,0.3778838813304901,0.466331422328949,-0.38672494888305664,0.9849967360496521,0.3455284535884857,0.4795580506324768,0.3131585717201233,0.547358512878418,0.3307653069496155,0.4061076045036316,-0.46693745255470276,0.9807529449462891,0.2912931740283966,0.4628809690475464,0.04730281978845596,0.7360185980796814,0.3222627639770508,0.3890119791030884,-0.5210034251213074,0.9719036817550659,0.27902746200561523,0.4593375325202942,0.02196294628083706,0.7313439249992371,0.3292502164840698,0.3843670189380646,-0.5023545622825623,0.9705624580383301,0.28173309564590454,0.4550294280052185,-0.004312268923968077,0.7360820174217224,0.334195077419281,0.38957613706588745,-0.4598821997642517,0.9570331573486328,0.2886463701725006,0.4546739161014557,0.025870593264698982,0.7247506976127625,0.41412216424942017,0.5419241786003113,-0.1813683807849884,0.9998136162757874,0.38642364740371704,0.5477221012115479,0.18148234486579895,0.9995503425598145,0.3816142678260803,0.6522002816200256,-0.3115593194961548,0.8855494260787964,0.43124663829803467,0.651497483253479,0.22078967094421387,0.34370002150535583,0.3739619851112366,0.774752140045166,-0.35580891370773315,0.9646533131599426,0.5188858509063721,0.7462963461875916,0.28483688831329346,0.6289259791374207,0.39800572395324707,0.7920333743095398,-0.3659376800060272,0.9527179002761841,0.544340968132019,0.7619798183441162,0.28719696402549744,0.7659935355186462,0.2950949966907501,0.8004394769668579,-0.519578218460083,0.9677808880805969,0.4729013741016388,0.7752135396003723,0.2091885209083557,0.7472596764564514
IMG_9689 3,39,1287,good,0.3474510610103607,0.36626431345939636,0.00017647947242949158,0.9999837279319763,0.3580836057662964,0.3576693534851074,-0.015333057381212711,0.99998539686203,0.3618452847003937,0.3574572801589966,-0.015421761199831963,0.9999850988388062,0.3658420443534851,0.35737159848213196,-0.015498202294111252,0.9999868869781494,0.3516015410423279,0.35737213492393494,0.02913971059024334,0.9999793171882629,0.35076379776000977,0.35685718059539795,0.029121648520231247,0.999968945980072,0.3496185839176178,0.3563995659351349,0.029162980616092682,0.9999731779098511,0.38684558868408203,0.3614406883716583,-0.015738720074295998,0.9999808669090271,0.3601726293563843,0.3600597083568573,0.17698080837726593,0.9999555945396423,0.35711944103240967,0.37470972537994385,0.005503186024725437,0.9999595880508423,0.3490636646747589,0.3744061589241028,0.06084591895341873,0.9999404549598694,0.42533454298973083,0.40663838386535645,-0.1386146992444992,0.9999573826789856,0.36111119389533997,0.41942059993743896,0.35774585604667664,0.9997373819351196,0.37186065316200256,0.46552422642707825,-0.2974000573158264,0.9853657484054565,0.3402729034423828,0.47720712423324585,0.3367817997932434,0.5102813243865967,0.32625940442085266,0.40621188282966614,-0.26572713255882263,0.9814512133598328,0.2928241789340973,0.4569965898990631,0.11441971361637115,0.7133002877235413,0.31937775015830994,0.3891420066356659,-0.30048486590385437,0.9728905558586121,0.2812242805957794,0.4546404480934143,0.09505430608987808,0.7126750349998474,0.32683065533638,0.38445672392845154,-0.2910521924495697,0.9715967178344727,0.2880157232284546,0.45036906003952026,0.07611717283725739,0.7179165482521057,0.331773042678833,0.3896096348762512,-0.2579362988471985,0.9583349823951721,0.29218974709510803,0.4494483768939972,0.09688960015773773,0.7065528035163879,0.41436493396759033,0.5418024063110352,-0.18113476037979126,0.9998282790184021,0.38623708486557007,0.5476921200752258,0.18133054673671722,0.9995775818824768,0.3826054036617279,0.6507843732833862,-0.34411731362342834,0.8911718726158142,0.42835548520088196,0.6511459946632385,0.22562408447265625,0.3501353859901428,0.37551039457321167,0.7725250720977783,-0.43236440420150757,0.9662383794784546,0.5174130201339722,0.7457588911056519,0.29383984208106995,0.6383815407752991,0.3981824219226837,0.7912732362747192,-0.44472798705101013,0.954343855381012,0.5422043800354004,0.7617732286453247,0.29718711972236633,0.7706161141395569,0.29394468665122986,0.8004076480865479,-0.5948253273963928,0.9691110849380493,0.46497511863708496,0.7737642526626587,0.23484623432159424,0.7517226338386536
IMG_9689 3,40,1320,good,0.3466530442237854,0.3663773536682129,0.005695073399692774,0.9999847412109375,0.35674935579299927,0.35768845677375793,-0.010350389406085014,0.9999864101409912,0.3605400323867798,0.35748276114463806,-0.01042912621051073,0.9999861717224121,0.364579439163208,0.3574088215827942,-0.010523373261094093,0.9999878406524658,0.350301057100296,0.35746288299560547,0.03476598486304283,0.9999807476997375,0.3494471609592438,0.3570018708705902,0.03472406417131424,0.9999710917472839,0.3483053147792816,0.35658812522888184,0.03478005528450012,0.9999749660491943,0.38559019565582275,0.3614807724952698,-0.011314451694488525,0.9999824166297913,0.3590529263019562,0.3601958751678467,0.18319793045520782,0.9999583959579468,0.3567076325416565,0.3748013973236084,0.01110826525837183,0.9999620914459229,0.3483595550060272,0.3745179772377014,0.06679122895002365,0.9999436140060425,0.42456862330436707,0.4067659378051758,-0.137094646692276,0.9999594688415527,0.3608207404613495,0.4193800687789917,0.37052324414253235,0.999725341796875,0.3640417456626892,0.465312123298645,-0.24664676189422607,0.9857892394065857,0.3353138267993927,0.4760337471961975,0.3177308738231659,0.4780946373939514,0.3199339807033539,0.407768189907074,-0.13434118032455444,0.9817431569099426,0.2956787943840027,0.45629632472991943,0.011754782870411873,0.6872065663337708,0.31433331966400146,0.3892455995082855,-0.15746812522411346,0.973138689994812,0.2887457013130188,0.4500054717063904,-0.01810319349169731,0.6896116137504578,0.32203957438468933,0.3844822645187378,-0.15110036730766296,0.9718374609947205,0.29554980993270874,0.4457242488861084,-0.0021535116247832775,0.6944102048873901,0.32686612010002136,0.39013245701789856,-0.12479099631309509,0.9587031602859497,0.29858070611953735,0.4463312029838562,0.0023921665269881487,0.6833153963088989,0.41411417722702026,0.5418501496315002,-0.1804894208908081,0.9998361468315125,0.38627859950065613,0.5476917028427124,0.1806747168302536,0.9995924234390259,0.3827824294567108,0.6510908007621765,-0.3112896680831909,0.8944247364997864,0.4284569025039673,0.6511809229850769,0.20157930254936218,0.35685059428215027,0.3756062686443329,0.7730703353881836,-0.3537561297416687,0.9662718772888184,0.5171647667884827,0.7458969354629517,0.25438839197158813,0.64407879114151,0.3947032392024994,0.7914261817932129,-0.36140695214271545,0.9539610147476196,0.5425561666488647,0.7617984414100647,0.25637346506118774,0.772761881351471,0.2939809560775757,0.8004379272460938,-0.49413159489631653,0.9686121344566345,0.46530696749687195,0.7765940427780151,0.1898142695426941,0.7519245147705078
IMG_9689 3,41,1353,good,0.34671342372894287,0.36630651354789734,-0.02938251383602619,0.99998539686203,0.3567343056201935,0.35769152641296387,-0.024365799501538277,0.9999871253967285,0.3605390191078186,0.3574863076210022,-0.024508194997906685,0.9999869465827942,0.3646150231361389,0.3574126362800598,-0.024800613522529602,0.9999885559082031,0.350230872631073,0.35750773549079895,0.006413101218640804,0.9999816417694092,0.3492991626262665,0.35706961154937744,0.006377737037837505,0.9999723434448242,0.3481048345565796,0.3566725552082062,0.006595798768103123,0.9999759197235107,0.3853367567062378,0.36151012778282166,-0.013036319054663181,0.9999837279319763,0.3587467074394226,0.3602292835712433,0.16985195875167847,0.9999595880508423,0.35675564408302307,0.37484011054039,0.008269156329333782,0.9999641180038452,0.3483937382698059,0.37458109855651855,0.04339885711669922,0.9999461770057678,0.42433425784111023,0.406815767288208,-0.12723173201084137,0.9999615550041199,0.36061689257621765,0.4192846119403839,0.37329673767089844,0.9996916055679321,0.36310768127441406,0.4658321738243103,-0.23311381042003632,0.9863318800926208,0.33241569995880127,0.4763413369655609,0.33238843083381653,0.44412723183631897,0.31512394547462463,0.41022640466690063,-0.13676194846630096,0.9819439053535461,0.29655808210372925,0.4559762477874756,0.08308235555887222,0.6523648500442505,0.3108713924884796,0.39101335406303406,-0.1606055200099945,0.973212718963623,0.2930963635444641,0.44754067063331604,0.0586262084543705,0.6577799916267395,0.3186647295951843,0.3863985240459442,-0.15709321200847626,0.971936047077179,0.2983252704143524,0.4434964954853058,0.058653634041547775,0.6618950963020325,0.3234560787677765,0.3922264277935028,-0.12893609702587128,0.9587496519088745,0.30253270268440247,0.4453223645687103,0.07218901067972183,0.6517279148101807,0.41426077485084534,0.5418742895126343,-0.17996178567409515,0.9998437166213989,0.386275053024292,0.5476922392845154,0.1802615076303482,0.999602735042572,0.3838065564632416,0.6509782671928406,-0.3089386224746704,0.8958735466003418,0.42805570363998413,0.6512190699577332,0.13715514540672302,0.36261042952537537,0.37891221046447754,0.7727932333946228,-0.33146899938583374,0.9664037823677063,0.5170494318008423,0.7460653781890869,0.20075862109661102,0.6534950137138367,0.39995312690734863,0.7913630604743958,-0.33825480937957764,0.952207624912262,0.5426379442214966,0.7622132897377014,0.20177219808101654,0.7750890851020813,0.2948935627937317,0.8001923561096191,-0.48720669746398926,0.9688798785209656,0.46525755524635315,0.7783737182617188,0.10931023955345154,0.7577718496322632
IMG_9689 3,42,1386,good,0.3465014398097992,0.36633187532424927,-0.003294723341241479,0.9999861717224121,0.3563764691352844,0.3577249050140381,-0.008046264760196209,0.9999879002571106,0.3602495789527893,0.35751697421073914,-0.008160319179296494,0.999987781047821,0.36435675621032715,0.3574305772781372,-0.008333777077496052,0.9999893307685852,0.34976500272750854,0.3576008677482605,0.03037109784781933,0.9999827146530151,0.3487918972969055,0.35720735788345337,0.030328739434480667,0.9999738931655884,0.34760281443595886,0.3568452000617981,0.030438857153058052,0.9999772310256958,0.384730726480484,0.3615242838859558,0.0221866425126791,0.9999849796295166,0.35854485630989075,0.3604135811328888,0.19649328291416168,0.999961256980896,0.3567344546318054,0.37490880489349365,0.018583109602332115,0.9999659657478333,0.34811079502105713,0.374683141708374,0.06520149111747742,0.9999486207962036,0.4239411950111389,0.40685755014419556,-0.09986709803342819,0.9999637007713318,0.360581636428833,0.4192621409893036,0.4068543612957001,0.9996745586395264,0.35939693450927734,0.4658653736114502,-0.19574613869190216,0.9866327047348022,0.33141711354255676,0.47928041219711304,0.31578633189201355,0.4147930145263672,0.3106428384780884,0.4116053283214569,-0.07551173120737076,0.9817691445350647,0.29738518595695496,0.45374804735183716,0.002549327677115798,0.6247953176498413,0.3078533411026001,0.39157021045684814,-0.0978667214512825,0.9728465676307678,0.2911699116230011,0.44659435749053955,-0.03494830057024956,0.6333985328674316,0.3157119154930115,0.38688939809799194,-0.09320171177387238,0.9715600609779358,0.2979094982147217,0.4421766996383667,-0.028186805546283722,0.6368412971496582,0.32018744945526123,0.39331188797950745,-0.06641752272844315,0.9581395983695984,0.30083417892456055,0.443469375371933,-0.008626480586826801,0.6266340017318726,0.41438645124435425,0.5421302318572998,-0.17950400710105896,0.999854326248169,0.38609060645103455,0.5479202270507812,0.17978708446025848,0.9996216297149658,0.38441699743270874,0.651562511920929,-0.32616180181503296,0.8996372222900391,0.42792022228240967,0.6515448093414307,0.1671542376279831,0.36507442593574524,0.37891966104507446,0.773201584815979,-0.3619250953197479,0.9673439264297485,0.5164005756378174,0.7460693120956421,0.24613980948925018,0.6590440273284912,0.39970046281814575,0.7913865447044373,-0.3687812387943268,0.9520924091339111,0.542884886264801,0.7623987197875977,0.2491007149219513,0.7755479216575623,0.2967227101325989,0.8002205491065979,-0.520051896572113,0.9699507355690002,0.46541860699653625,0.7788763642311096,0.16277681291103363,0.7620828747749329
IMG_9689 3,43,1419,good,0.3462730646133423,0.36640307307243347,-0.011584552936255932,0.999987006187439,0.35619673132896423,0.3577881157398224,-0.019386084750294685,0.9999887347221375,0.36018338799476624,0.3575788140296936,-0.01949521340429783,0.9999886751174927,0.3643677532672882,0.3574907183647156,-0.019642459228634834,0.9999901056289673,0.3493090569972992,0.3576495945453644,0.02115953341126442,0.9999839067459106,0.34827783703804016,0.35724425315856934,0.021122073754668236,0.9999756217002869,0.3470672070980072,0.35687553882598877,0.02120673656463623,0.9999787211418152,0.38477274775505066,0.3615378141403198,0.011446518823504448,0.9999862313270569,0.35827207565307617,0.36044445633888245,0.18771840631961823,0.9999633431434631,0.35674649477005005,0.37496012449264526,0.00691557489335537,0.9999679923057556,0.3478054702281952,0.3747510015964508,0.056344617158174515,0.9999513626098633,0.42327162623405457,0.40690791606903076,-0.11014346033334732,0.9999656081199646,0.36045756936073303,0.41936635971069336,0.4098598062992096,0.9996622800827026,0.35818034410476685,0.46609482169151306,-0.17902915179729462,0.9870855808258057,0.33042359352111816,0.4820272922515869,0.3140799105167389,0.3909393548965454,0.30842554569244385,0.4127282202243805,-0.023528825491666794,0.9820355772972107,0.296393483877182,0.45308932662010193,-0.013645291328430176,0.6070769429206848,0.30556365847587585,0.3926428258419037,-0.039497412741184235,0.9730009436607361,0.2914631962776184,0.44625124335289,-0.04809889197349548,0.6178138852119446,0.312934011220932,0.38866302371025085,-0.03762517869472504,0.9717075824737549,0.2959047555923462,0.4413524568080902,-0.04319309443235397,0.6204836368560791,0.3175308406352997,0.39458101987838745,-0.013583202846348286,0.9583950638771057,0.29859086871147156,0.4424765110015869,-0.025436367839574814,0.6100926399230957,0.41415226459503174,0.5421217679977417,-0.1797114610671997,0.9998611807823181,0.3860979676246643,0.5479069948196411,0.17998601496219635,0.9996348023414612,0.38446223735809326,0.651563823223114,-0.3150709569454193,0.901387095451355,0.4262354075908661,0.651918888092041,0.15670813620090485,0.3703221380710602,0.3787669539451599,0.7731425762176514,-0.341415673494339,0.9670934677124023,0.5158355832099915,0.7460806369781494,0.2131400853395462,0.6646310091018677,0.39791232347488403,0.7924018502235413,-0.3485998511314392,0.9516412615776062,0.5437123775482178,0.7626909613609314,0.2145998775959015,0.7774266004562378,0.2880750596523285,0.8007838726043701,-0.49011167883872986,0.969478189945221,0.4637647867202759,0.7803529500961304,0.133505716919899,0.7633539438247681
IMG_9689 3,44,1452,good,0.34537965059280396,0.36646223068237305,-0.049937017261981964,0.9999879002571106,0.35533952713012695,0.35784193873405457,-0.06526698917150497,0.9999895691871643,0.3594924807548523,0.35763049125671387,-0.06535119563341141,0.9999895095825195,0.3638128340244293,0.35753849148750305,-0.06546756625175476,0.9999908208847046,0.34842246770858765,0.35770168900489807,-0.0200191680341959,0.9999850392341614,0.347451388835907,0.3572864830493927,-0.020064853131771088,0.9999773502349854,0.346292644739151,0.35690000653266907,-0.019995946437120438,0.9999801516532898,0.38471168279647827,0.3615507185459137,-0.049169767647981644,0.9999873638153076,0.35796335339546204,0.36046868562698364,0.1459542065858841,0.9999655485153198,0.35611748695373535,0.37499678134918213,-0.03665675222873688,0.9999701976776123,0.34718528389930725,0.3748058080673218,0.01866994984447956,0.9999544024467468,0.42328596115112305,0.40697258710861206,-0.1610817313194275,0.9999668002128601,0.3603517413139343,0.41961562633514404,0.39036816358566284,0.9996625781059265,0.359130859375,0.4684602916240692,-0.22692999243736267,0.9875394105911255,0.33009690046310425,0.4831470549106598,0.25127938389778137,0.38031259179115295,0.3091854453086853,0.414975643157959,-0.09271043539047241,0.9825961589813232,0.29311466217041016,0.45175954699516296,-0.11297609657049179,0.609382152557373,0.30474746227264404,0.3960181772708893,-0.10844412446022034,0.9736139178276062,0.2864305377006531,0.44393208622932434,-0.14826050400733948,0.618365466594696,0.3128014802932739,0.390118807554245,-0.10812249034643173,0.9723386764526367,0.29100340604782104,0.43826404213905334,-0.14778824150562286,0.6204448342323303,0.31699758768081665,0.39734724164009094,-0.08311513811349869,0.9593141674995422,0.29520878195762634,0.44174808263778687,-0.12618014216423035,0.6090191006660461,0.4140170216560364,0.5425704717636108,-0.17995892465114594,0.9998630881309509,0.38617974519729614,0.5481051802635193,0.18019172549247742,0.9996404647827148,0.3844846487045288,0.6521185636520386,-0.29705920815467834,0.9044870734214783,0.4262245297431946,0.6532102823257446,0.17866748571395874,0.3792667090892792,0.37817445397377014,0.7741928100585938,-0.32287055253982544,0.967518150806427,0.515466570854187,0.7463377118110657,0.21477727591991425,0.6729151010513306,0.3951367139816284,0.7927844524383545,-0.3303661644458771,0.9526373147964478,0.5434699654579163,0.763542115688324,0.21824480593204498,0.7837567925453186,0.28640955686569214,0.8012445569038391,-0.46923673152923584,0.9692807793617249,0.4615829885005951,0.781891942024231,0.1639333963394165,0.7654629945755005
IMG_9689 3,45,1485,good,0.3454083502292633,0.36637672781944275,-0.03595834970474243,0.9999886751174927,0.3553678095340729,0.35778653621673584,-0.04522635415196419,0.9999902844429016,0.35952118039131165,0.35757720470428467,-0.04530952125787735,0.9999901652336121,0.36384493112564087,0.35749274492263794,-0.04544496908783913,0.9999914169311523,0.34844762086868286,0.3576836585998535,-0.004047771915793419,0.9999860525131226,0.347471684217453,0.357290118932724,-0.004081971477717161,0.9999788403511047,0.34631168842315674,0.35692712664604187,-0.0039886957965791225,0.9999814629554749,0.38468050956726074,0.3615639805793762,-0.012873361818492413,0.9999882578849792,0.3578832149505615,0.3605008125305176,0.16264937818050385,0.9999674558639526,0.3561326265335083,0.37503567337989807,-0.018428845331072807,0.9999719262123108,0.3472113609313965,0.37484508752822876,0.031989775598049164,0.9999572038650513,0.4229314625263214,0.40702033042907715,-0.12227930128574371,0.9999683499336243,0.35923001170158386,0.42021486163139343,0.38676702976226807,0.9996607899665833,0.3573578894138336,0.4696691930294037,-0.19321364164352417,0.9879516959190369,0.32614368200302124,0.4855571687221527,0.25952276587486267,0.3740982711315155,0.30904796719551086,0.4164302349090576,-0.06372789293527603,0.9829052686691284,0.2913753092288971,0.451130747795105,-0.0698014348745346,0.6087178587913513,0.3046700656414032,0.396855890750885,-0.08115674555301666,0.9738145470619202,0.2849578261375427,0.44311127066612244,-0.10220272839069366,0.6140432357788086,0.31301891803741455,0.39169690012931824,-0.07622572034597397,0.9725155234336853,0.2913867235183716,0.43725258111953735,-0.12844283878803253,0.6147708296775818,0.3172842860221863,0.39804965257644653,-0.053368452936410904,0.9594436287879944,0.2948596179485321,0.43974569439888,-0.08904016017913818,0.6019814610481262,0.41401681303977966,0.5424861311912537,-0.17644861340522766,0.9998717308044434,0.3861035406589508,0.5481230020523071,0.17672717571258545,0.9996574521064758,0.38452544808387756,0.6512283682823181,-0.3297862708568573,0.9075831174850464,0.42620477080345154,0.6531772613525391,0.1793365776538849,0.37581369280815125,0.378167062997818,0.7734756469726562,-0.40067920088768005,0.9685843586921692,0.5154045224189758,0.7463222146034241,0.2377942055463791,0.6736084818840027,0.39428144693374634,0.7919102907180786,-0.41170331835746765,0.9531595706939697,0.5436737537384033,0.7634176015853882,0.2409149706363678,0.7811827659606934,0.2895888686180115,0.8008018732070923,-0.5648091435432434,0.9706465005874634,0.46162593364715576,0.7817010283470154,0.17437726259231567,0.7684676647186279
IMG_9689 3,46,1518,good,0.3448311388492584,0.36639511585235596,-0.029999209567904472,0.9999894499778748,0.35478201508522034,0.357807457447052,-0.04428595304489136,0.9999909996986389,0.3588577210903168,0.35759493708610535,-0.04435648396611214,0.9999908804893494,0.36311256885528564,0.35750633478164673,-0.044472236186265945,0.9999920725822449,0.34820830821990967,0.35771143436431885,0.0004106417181901634,0.9999871253967285,0.3473612666130066,0.3573217988014221,0.0003594266891013831,0.9999804496765137,0.34629788994789124,0.35696518421173096,0.0004273702506907284,0.9999828338623047,0.38418394327163696,0.3615720868110657,-0.030859142541885376,0.9999892115592957,0.35790109634399414,0.360567182302475,0.16234056651592255,0.9999697208404541,0.35566383600234985,0.375076562166214,-0.018420271575450897,0.9999737739562988,0.347060889005661,0.3748883306980133,0.0360199473798275,0.9999599456787109,0.42304727435112,0.40712255239486694,-0.15357142686843872,0.9999693036079407,0.35833561420440674,0.4209827482700348,0.380239337682724,0.999670684337616,0.35805580019950867,0.47029170393943787,-0.2238597571849823,0.9883612394332886,0.32589468359947205,0.4861081838607788,0.22230033576488495,0.3765546977519989,0.3097681403160095,0.41637828946113586,-0.09974492341279984,0.983477771282196,0.2910446226596832,0.45067504048347473,-0.1690049022436142,0.6211723685264587,0.30494827032089233,0.3968561291694641,-0.11580964177846909,0.9744968414306641,0.2829875946044922,0.44144925475120544,-0.2089609056711197,0.6233842372894287,0.3133683502674103,0.391704797744751,-0.11236207187175751,0.9731833934783936,0.289180189371109,0.43639758229255676,-0.20521856844425201,0.6233686804771423,0.31773024797439575,0.39781856536865234,-0.089096799492836,0.9603737592697144,0.29283636808395386,0.4384605884552002,-0.1813901960849762,0.6094383001327515,0.4140039384365082,0.5434975624084473,-0.1787031590938568,0.9998722672462463,0.38603997230529785,0.5487169623374939,0.17887304723262787,0.9996641874313354,0.3845582604408264,0.6528223752975464,-0.29115623235702515,0.9115058183670044,0.42580297589302063,0.6555479168891907,0.19829334318637848,0.3863838016986847,0.37818291783332825,0.7755025625228882,-0.3278597891330719,0.9693726897239685,0.5154616236686707,0.7465088963508606,0.24638782441616058,0.6823087334632874,0.39379483461380005,0.7929190397262573,-0.33618006110191345,0.9542375206947327,0.5447196960449219,0.7636367678642273,0.2487042397260666,0.7873497009277344,0.28817498683929443,0.8012706637382507,-0.4728676676750183,0.9709035158157349,0.462078720331192,0.7827374339103699,0.19553613662719727,0.7724409699440002
