video_no,frame,timestamp_ms,good,x0,y0,z0,visibility0,x1,y1,z1,visibility1,x2,y2,z2,visibility2,x3,y3,z3,visibility3,x4,y4,z4,visibility4,x5,y5,z5,visibility5,x6,y6,z6,visibility6,x7,y7,z7,visibility7,x8,y8,z8,visibility8,x9,y9,z9,visibility9,x10,y10,z10,visibility10,x11,y11,z11,visibility11,x12,y12,z12,visibility12,x13,y13,z13,visibility13,x14,y14,z14,visibility14,x15,y15,z15,visibility15,x16,y16,z16,visibility16,x17,y17,z17,visibility17,x18,y18,z18,visibility18,x19,y19,z19,visibility19,x20,y20,z20,visibility20,x21,y21,z21,visibility21,x22,y22,z22,visibility22,x23,y23,z23,visibility23,x24,y24,z24,visibility24,x25,y25,z25,visibility25,x26,y26,z26,visibility26,x27,y27,z27,visibility27,x28,y28,z28,visibility28,x29,y29,z29,visibility29,x30,y30,z30,visibility30,x31,y31,z31,visibility31,x32,y32,z32,visibility32
IMG_9587 3,1,33,good,0.4006558060646057,0.43143385648727417,-0.5614923238754272,0.9999732971191406,0.40706029534339905,0.42018407583236694,-0.5482076406478882,0.9998900890350342,0.4108271896839142,0.4195815920829773,-0.5482146739959717,0.9998823404312134,0.41454553604125977,0.4189695119857788,-0.5482423901557922,0.9998799562454224,0.395093709230423,0.4204954504966736,-0.5451684594154358,0.9998987913131714,0.39105647802352905,0.4201911985874176,-0.5452021956443787,0.9998700618743896,0.3863236904144287,0.4199827015399933,-0.5452148914337158,0.9998378753662109,0.41675010323524475,0.4187939167022705,-0.3724731504917145,0.9997829794883728,0.3794040083885193,0.42059487104415894,-0.3595958948135376,0.9996334314346313,0.40733155608177185,0.43731755018234253,-0.487295925617218,0.9999430179595947,0.3919484317302704,0.437530517578125,-0.4839145839214325,0.9999171495437622,0.4808078408241272,0.46438372135162354,-0.21463952958583832,0.999976396560669,0.3287760615348816,0.46298497915267944,-0.1919885128736496,0.9999794960021973,0.5056775808334351,0.530648946762085,-0.11062850058078766,0.9904547333717346,0.31056684255599976,0.5299407839775085,-0.08661495894193649,0.9667226076126099,0.5051294565200806,0.5906424522399902,-0.24376638233661652,0.9775456786155701,0.27248451113700867,0.5868683457374573,-0.22041857242584229,0.9556600451469421,0.502991259098053,0.6104578375816345,-0.2850954234600067,0.9472239017486572,0.25735926628112793,0.6056387424468994,-0.26133814454078674,0.9248865246772766,0.49589329957962036,0.6073092818260193,-0.3467758595943451,0.9512569308280945,0.25965195894241333,0.6057903170585632,-0.33127591013908386,0.9312484860420227,0.49420681595802307,0.6008870005607605,-0.26888298988342285,0.9370598196983337,0.26699748635292053,0.6015116572380066,-0.25178906321525574,0.9172766804695129,0.4504226744174957,0.5899466276168823,0.00015256369078997523,0.99983811378479,0.36425745487213135,0.592060387134552,-0.00018990835815202445,0.9998452663421631,0.4789746403694153,0.6841021776199341,-0.15915410220623016,0.9905492663383484,0.3770323395729065,0.6894344091415405,0.024462854489684105,0.9908087253570557,0.47872501611709595,0.7904618382453918,-0.08579841256141663,0.991591215133667,0.3945671021938324,0.7779231667518616,0.22643643617630005,0.9928380846977234,0.46404027938842773,0.8083454370498657,-0.09162216633558273,0.961432158946991,0.4125601649284363,0.7939059138298035,0.23186644911766052,0.9368736147880554,0.5421155691146851,0.8179948925971985,-0.31392306089401245,0.9907339811325073,0.3579806089401245,0.8080654144287109,0.03664608299732208,0.9891323447227478
IMG_9587 3,2,66,good,0.40178224444389343,0.4281347095966339,-0.4788161814212799,0.9999740719795227,0.4086250364780426,0.41704678535461426,-0.46195682883262634,0.9998933672904968,0.4121420979499817,0.4166700839996338,-0.4620016813278198,0.9998862743377686,0.4156688153743744,0.41628921031951904,-0.4620470702648163,0.9998841881752014,0.39686328172683716,0.41722261905670166,-0.4592552185058594,0.9999017715454102,0.39295390248298645,0.4169674515724182,-0.45929086208343506,0.9998740553855896,0.38761192560195923,0.416850745677948,-0.4593433141708374,0.999843180179596,0.41710811853408813,0.41775038838386536,-0.2938765287399292,0.9997892379760742,0.3809448480606079,0.41904816031455994,-0.28225603699684143,0.9996432065963745,0.40842026472091675,0.4353044927120209,-0.4095700681209564,0.9999438524246216,0.39287304878234863,0.4356212019920349,-0.40661323070526123,0.9999181628227234,0.48086243867874146,0.4644153118133545,-0.1551579236984253,0.9999762773513794,0.32898619771003723,0.46281036734580994,-0.14482063055038452,0.9999794363975525,0.505871593952179,0.5306308269500732,-0.07081852108240128,0.989944338798523,0.31026431918144226,0.5300009846687317,-0.05711112171411514,0.9669917225837708,0.5060411095619202,0.5901092290878296,-0.2152213454246521,0.9767097234725952,0.2725742757320404,0.5868342518806458,-0.1792447566986084,0.9560022950172424,0.5036972165107727,0.609701931476593,-0.25528332591056824,0.9459354877471924,0.2580879330635071,0.6049436926841736,-0.21679814159870148,0.9255405068397522,0.4966849982738495,0.6064846515655518,-0.3142544627189636,0.9501054286956787,0.2607150971889496,0.6050242781639099,-0.2818679213523865,0.9318456649780273,0.49505841732025146,0.6002646088600159,-0.23948386311531067,0.9354750514030457,0.2676415741443634,0.6009724736213684,-0.20807968080043793,0.9176068902015686,0.4503542184829712,0.5895713567733765,0.0010091200238093734,0.9998452663421631,0.36422836780548096,0.5917815566062927,-0.001049643149599433,0.9998502731323242,0.48080533742904663,0.6816396713256836,-0.2353113442659378,0.9905595183372498,0.37736037373542786,0.6896932721138,0.018868979066610336,0.9905011653900146,0.4861782491207123,0.7903441786766052,-0.22548964619636536,0.9916883707046509,0.39459529519081116,0.7788465023040771,0.19169440865516663,0.9924907088279724,0.4718582332134247,0.8082596659660339,-0.23654355108737946,0.9617761373519897,0.41245487332344055,0.7941900491714478,0.19417303800582886,0.9336983561515808,0.5480279326438904,0.817330539226532,-0.46422484517097473,0.9909008145332336,0.35956135392189026,0.8083482980728149,0.0008049673051573336,0.9886163473129272
IMG_9587 3,3,99,good,0.418565034866333,0.42629846930503845,-0.5015394687652588,0.9999751448631287,0.42007312178611755,0.41578570008277893,-0.46976396441459656,0.9998979568481445,0.42193475365638733,0.4155089855194092,-0.46992284059524536,0.999891459941864,0.4237569272518158,0.41519030928611755,-0.4700564742088318,0.9998891353607178,0.4106280505657196,0.4158509373664856,-0.48726898431777954,0.9999058246612549,0.4046252369880676,0.41573452949523926,-0.4873596131801605,0.9998795390129089,0.3997405469417572,0.41566652059555054,-0.4874100983142853,0.9998496770858765,0.41977325081825256,0.4171227812767029,-0.3136304020881653,0.9997988343238831,0.3853665888309479,0.41862866282463074,-0.3328220248222351,0.9996609687805176,0.41941526532173157,0.434008926153183,-0.42483586072921753,0.999946117401123,0.40648117661476135,0.4345913529396057,-0.44169941544532776,0.9999217987060547,0.481302946805954,0.4647737443447113,-0.1657523810863495,0.9999771118164062,0.33000418543815613,0.46269965171813965,-0.1763731986284256,0.9999797344207764,0.5066536068916321,0.5306703448295593,-0.08997484296560287,0.9899917840957642,0.3102814853191376,0.5300124287605286,-0.08315030485391617,0.9680002331733704,0.5072899460792542,0.5897266864776611,-0.2508831024169922,0.977241575717926,0.27280524373054504,0.5868770480155945,-0.195755735039711,0.9572224020957947,0.5054842829704285,0.6091144680976868,-0.2939232289791107,0.9470348954200745,0.2585068643093109,0.6045444011688232,-0.22419053316116333,0.9273174405097961,0.49843257665634155,0.6063070297241211,-0.3516409695148468,0.9512222409248352,0.2613788843154907,0.6045401692390442,-0.28866925835609436,0.9335677623748779,0.4965333640575409,0.600180447101593,-0.27517303824424744,0.9368079304695129,0.26825234293937683,0.6006548404693604,-0.22317080199718475,0.9195254445075989,0.45140355825424194,0.58920818567276,0.0006172407884150743,0.9998449087142944,0.3646015226840973,0.5917223691940308,-0.0006584879592992365,0.9998496174812317,0.4819921553134918,0.6811099648475647,-0.2280617356300354,0.9902389049530029,0.3777942657470703,0.6896772384643555,0.00408720038831234,0.9897303581237793,0.5001031756401062,0.7901269197463989,-0.17658385634422302,0.9915480017662048,0.3934533894062042,0.7790950536727905,0.18471412360668182,0.9920591711997986,0.4841223359107971,0.8082606196403503,-0.1816657930612564,0.9609977602958679,0.4109788239002228,0.7942133545875549,0.1881798654794693,0.9304459691047668,0.5536373853683472,0.8166851997375488,-0.3806973695755005,0.9907715916633606,0.36076220870018005,0.8083553314208984,-0.008427152410149574,0.987964391708374
IMG_9587 3,4,132,good,0.42149817943573,0.4227714538574219,-0.453048974275589,0.9999750256538391,0.42135685682296753,0.4135127365589142,-0.4334152936935425,0.9998959302902222,0.42301028966903687,0.41332143545150757,-0.43346527218818665,0.9998909831047058,0.4244808852672577,0.41308921575546265,-0.4335222542285919,0.9998885989189148,0.4133145213127136,0.41385534405708313,-0.4346359074115753,0.9999034404754639,0.40760502219200134,0.41412353515625,-0.43468743562698364,0.9998785257339478,0.4036552906036377,0.4142846465110779,-0.4347676634788513,0.9998489022254944,0.4198873043060303,0.41640812158584595,-0.26980993151664734,0.9997942447662354,0.38924965262413025,0.41847482323646545,-0.2689271569252014,0.9996585249900818,0.42215242981910706,0.4317566752433777,-0.3848930895328522,0.9999454021453857,0.4089285135269165,0.4331620931625366,-0.3864462375640869,0.9999207854270935,0.4823233187198639,0.4652671217918396,-0.14018124341964722,0.9999768137931824,0.3322198688983917,0.46273863315582275,-0.13213391602039337,0.99997878074646,0.5067367553710938,0.5309429168701172,-0.044330939650535583,0.9892144203186035,0.31033965945243835,0.5298289656639099,-0.03593211621046066,0.9683566689491272,0.5094305276870728,0.5893546342849731,-0.1702832281589508,0.9763720631599426,0.2735195457935333,0.5867029428482056,-0.14033043384552002,0.9578681588172913,0.5090742707252502,0.6087465882301331,-0.20512838661670685,0.9459566473960876,0.2596496641635895,0.6038897037506104,-0.17355738580226898,0.9282181859016418,0.5025335550308228,0.6063112020492554,-0.26308298110961914,0.9502873420715332,0.2629048526287079,0.6037498116493225,-0.2412266731262207,0.9343462586402893,0.49988827109336853,0.6004370450973511,-0.19432982802391052,0.9355605840682983,0.26948997378349304,0.5999888181686401,-0.17001360654830933,0.9205403327941895,0.4517754018306732,0.5892234444618225,-0.0016132004093378782,0.999849796295166,0.365009069442749,0.591768741607666,0.0015878096455708146,0.9998524188995361,0.4844540059566498,0.6844764947891235,-0.1694522649049759,0.9906686544418335,0.3781265616416931,0.6910249590873718,0.029379060491919518,0.9899548888206482,0.5063707232475281,0.7908720970153809,-0.11729113757610321,0.9919968247413635,0.39336442947387695,0.7791464328765869,0.2607925832271576,0.9922320246696472,0.4916723668575287,0.8085823655128479,-0.12537848949432373,0.9609565138816833,0.4105421304702759,0.7936029434204102,0.2703351676464081,0.9295241832733154,0.5603620409965515,0.818625271320343,-0.3466103971004486,0.9911701083183289,0.3627777695655823,0.8088070154190063,0.07643353939056396,0.9882798194885254
IMG_9587 3,5,165,good,0.424331933259964,0.42261406779289246,-0.5074974298477173,0.9999764561653137,0.42545875906944275,0.4135172367095947,-0.4826439619064331,0.9999011158943176,0.42730578780174255,0.4133567810058594,-0.4826292395591736,0.9998965263366699,0.4289511442184448,0.4131554067134857,-0.48264080286026,0.9998940229415894,0.41626694798469543,0.41376593708992004,-0.4906059503555298,0.9999083876609802,0.4106711745262146,0.4139731824398041,-0.49069756269454956,0.9998853206634521,0.4063757658004761,0.41411539912223816,-0.4907402992248535,0.9998576641082764,0.4237620234489441,0.4164356291294098,-0.29842790961265564,0.9998040199279785,0.391564279794693,0.41839754581451416,-0.32845452427864075,0.9996792078018188,0.4251897931098938,0.4315067231655121,-0.43478453159332275,0.9999485611915588,0.41067206859588623,0.43281328678131104,-0.4435999393463135,0.9999257326126099,0.48319774866104126,0.46606406569480896,-0.15729959309101105,0.9999772906303406,0.33400461077690125,0.46289682388305664,-0.17749331891536713,0.9999793171882629,0.5077133178710938,0.5310237407684326,-0.0623851977288723,0.9893882870674133,0.3104493319988251,0.5300062298774719,-0.0685388371348381,0.9697961807250977,0.5128757357597351,0.5891805291175842,-0.18615037202835083,0.9767772555351257,0.27368563413619995,0.5869066119194031,-0.15681742131710052,0.9597846865653992,0.5139108896255493,0.6083357334136963,-0.2212010771036148,0.9467993378639221,0.2598428428173065,0.6038402915000916,-0.18543566763401031,0.9309942722320557,0.5074236392974854,0.6062945127487183,-0.28174683451652527,0.9510849714279175,0.26316210627555847,0.6037039756774902,-0.2601926028728485,0.9368672966957092,0.5040488839149475,0.6004481315612793,-0.21114438772201538,0.9366664886474609,0.2697015702724457,0.5999808311462402,-0.18825630843639374,0.923668384552002,0.45269012451171875,0.5893816947937012,-0.002618450904265046,0.9998495578765869,0.36590713262557983,0.5920584797859192,0.0025792440865188837,0.999854564666748,0.48512619733810425,0.6875102519989014,-0.10433343052864075,0.9911197423934937,0.378633052110672,0.6914350390434265,0.0269576795399189,0.9903610348701477,0.5123080611228943,0.7914898991584778,0.0034002854954451323,0.9923733472824097,0.3931771218776703,0.7799848318099976,0.2527998983860016,0.9925788044929504,0.49538883566856384,0.8086404204368591,5.6809971283655614e-05,0.9603967666625977,0.41055038571357727,0.794070303440094,0.2612156569957733,0.9306594729423523,0.5637151002883911,0.8201733231544495,-0.22284547984600067,0.9914834499359131,0.3631930351257324,0.8090766072273254,0.061954397708177567,0.9887738227844238
IMG_9587 3,6,198,good,0.4358913004398346,0.42292532324790955,-0.48220667243003845,0.9999756217002869,0.43425557017326355,0.4137870669364929,-0.46186012029647827,0.9998971223831177,0.435575395822525,0.4135896563529968,-0.46188947558403015,0.9998928308486938,0.43683719635009766,0.41334274411201477,-0.46192649006843567,0.9998899102210999,0.4259505867958069,0.4140203595161438,-0.46797826886177063,0.9999048113822937,0.42110297083854675,0.41417622566223145,-0.4680412709712982,0.9998819828033447,0.4163065552711487,0.4142950773239136,-0.46808335185050964,0.9998549818992615,0.42876777052879333,0.41661638021469116,-0.28723737597465515,0.9997969269752502,0.398334264755249,0.4184485077857971,-0.31438466906547546,0.999677300453186,0.43403998017311096,0.43164828419685364,-0.4113194942474365,0.9999473690986633,0.42127370834350586,0.43292009830474854,-0.4197542369365692,0.9999256134033203,0.48467808961868286,0.46703386306762695,-0.16131547093391418,0.999977171421051,0.336171418428421,0.46299660205841064,-0.16911908984184265,0.999978244304657,0.5089448094367981,0.5315582156181335,-0.06999193876981735,0.9889296889305115,0.3116273880004883,0.5303416848182678,-0.06921261548995972,0.9704372882843018,0.5144253373146057,0.5894436836242676,-0.19005565345287323,0.9763653874397278,0.2739112973213196,0.5871058702468872,-0.17246975004673004,0.9608259797096252,0.5153639912605286,0.6083478927612305,-0.23227199912071228,0.946379542350769,0.2602258026599884,0.6038546562194824,-0.20616386830806732,0.9326830506324768,0.5091429948806763,0.6063252091407776,-0.28315499424934387,0.9506898522377014,0.2636614739894867,0.6037158370018005,-0.278018981218338,0.9384000897407532,0.5058021545410156,0.6005594730377197,-0.21449215710163116,0.9362176656723022,0.27003589272499084,0.5999889373779297,-0.20350834727287292,0.9255607724189758,0.4538058042526245,0.5909790992736816,-0.005050193518400192,0.9998461008071899,0.3670310378074646,0.5934563279151917,0.005051526241004467,0.999851405620575,0.4852474629878998,0.6894152164459229,-0.09653321653604507,0.9915856122970581,0.378845751285553,0.6925209164619446,0.026740798726677895,0.9906708598136902,0.5116651058197021,0.7914543747901917,0.008890023455023766,0.9927396774291992,0.3927377760410309,0.780591607093811,0.25546014308929443,0.992838442325592,0.496432900428772,0.8081029057502747,0.005699615925550461,0.9601008892059326,0.40929725766181946,0.7941404581069946,0.2641797661781311,0.9310059547424316,0.5634459853172302,0.8206742405891418,-0.21122626960277557,0.9917892217636108,0.3636373281478882,0.8093364238739014,0.06692089140415192,0.9891229867935181
IMG_9587 3,7,231,good,0.4330649971961975,0.4232275187969208,-0.5095455050468445,0.9999753832817078,0.43514931201934814,0.4139183461666107,-0.4928516447544098,0.999893844127655,0.43683236837387085,0.4136471450328827,-0.4928598403930664,0.9998894333839417,0.4383943974971771,0.41345247626304626,-0.4928717017173767,0.9998859167098999,0.4259018301963806,0.41416558623313904,-0.49758878350257874,0.9999027848243713,0.42121273279190063,0.41429731249809265,-0.49766862392425537,0.9998806118965149,0.41587841510772705,0.41438907384872437,-0.49775832891464233,0.9998545050621033,0.43207570910453796,0.4171580970287323,-0.3226484954357147,0.9997854232788086,0.40168482065200806,0.4184735119342804,-0.34045544266700745,0.9996766448020935,0.4329424202442169,0.43171966075897217,-0.43893182277679443,0.9999468326568604,0.41933366656303406,0.4329698979854584,-0.4456481635570526,0.9999263882637024,0.4868101477622986,0.4679897427558899,-0.18806882202625275,0.9999765157699585,0.33938708901405334,0.4630413353443146,-0.18426136672496796,0.9999785423278809,0.5088892579078674,0.5331659317016602,-0.08083245158195496,0.988522469997406,0.3144340515136719,0.5305292010307312,-0.08042388409376144,0.9710880517959595,0.5159111022949219,0.5909537076950073,-0.19857780635356903,0.975853443145752,0.2751157581806183,0.5878605842590332,-0.17444978654384613,0.9621872901916504,0.5174000263214111,0.6091918349266052,-0.24083104729652405,0.9458387494087219,0.2607860863208771,0.6043205261230469,-0.2124970257282257,0.9348880648612976,0.5116453170776367,0.6078354120254517,-0.2960143983364105,0.950199544429779,0.2641318738460541,0.6041494011878967,-0.28092852234840393,0.9404096007347107,0.5083123445510864,0.6024593114852905,-0.22330865263938904,0.9356902837753296,0.27054333686828613,0.6005134582519531,-0.20592732727527618,0.9279993772506714,0.4554612636566162,0.5917209982872009,-0.00658313138410449,0.9998436570167542,0.3690686821937561,0.5939146280288696,0.006553526036441326,0.9998510479927063,0.48529595136642456,0.6905779242515564,-0.09441985189914703,0.992038905620575,0.3790316581726074,0.6928378343582153,0.03672764077782631,0.9910767674446106,0.5122789740562439,0.7914791703224182,0.005911972839385271,0.9931499361991882,0.3922877311706543,0.780747652053833,0.27681073546409607,0.9931854605674744,0.4966651201248169,0.8080227971076965,0.0020050115417689085,0.9607232809066772,0.40873613953590393,0.794140100479126,0.28670957684516907,0.9328281879425049,0.5637471675872803,0.821145236492157,-0.21475084125995636,0.9921859502792358,0.36358320713043213,0.8096509575843811,0.09259440004825592,0.9896469116210938
IMG_9587 3,8,265,good,0.4418715536594391,0.4208730161190033,-0.4912180006504059,0.9999757409095764,0.44126802682876587,0.4128773808479309,-0.4708441495895386,0.9998948574066162,0.4426940679550171,0.4128662049770355,-0.4708729684352875,0.999890923500061,0.4440975487232208,0.41287726163864136,-0.47090503573417664,0.9998870491981506,0.4319203495979309,0.41283297538757324,-0.476784884929657,0.9999042749404907,0.42658016085624695,0.4129428565502167,-0.4768464267253876,0.9998833537101746,0.41968971490859985,0.413129985332489,-0.4769063889980316,0.9998583793640137,0.4360690116882324,0.41696128249168396,-0.29509463906288147,0.9997848868370056,0.40346720814704895,0.417812705039978,-0.32267993688583374,0.9996870160102844,0.44046124815940857,0.43025779724121094,-0.4199081063270569,0.9999469518661499,0.4274252951145172,0.4311266839504242,-0.4283740222454071,0.9999279975891113,0.4890564978122711,0.4682687520980835,-0.16533397138118744,0.9999755620956421,0.3407134711742401,0.46303898096084595,-0.17809319496154785,0.9999780058860779,0.5088790655136108,0.5342880487442017,-0.06633301824331284,0.987094521522522,0.3170612156391144,0.5307862162590027,-0.08061634749174118,0.9716053009033203,0.516445517539978,0.5911749601364136,-0.19399119913578033,0.9736243486404419,0.27916890382766724,0.588481605052948,-0.18061582744121552,0.9629476070404053,0.5175506472587585,0.6095185279846191,-0.23229512572288513,0.9424054622650146,0.26402711868286133,0.6045287847518921,-0.2185797393321991,0.9361415505409241,0.512365460395813,0.6083917617797852,-0.28986960649490356,0.9470372796058655,0.2671254873275757,0.604341447353363,-0.2874782681465149,0.9415051341056824,0.5090606212615967,0.60311359167099,-0.21918480098247528,0.9318943619728088,0.27364256978034973,0.6007899045944214,-0.21198438107967377,0.9292178750038147,0.4569641649723053,0.5918835401535034,-0.006455604452639818,0.9998462200164795,0.36970582604408264,0.5941622853279114,0.006429461762309074,0.9998525977134705,0.4862625002861023,0.6914787292480469,-0.10576487332582474,0.9924573302268982,0.3794746994972229,0.6932238340377808,0.046681925654411316,0.9913375973701477,0.5107302069664001,0.7917680740356445,-0.01812274195253849,0.9935157895088196,0.39229002594947815,0.7807024717330933,0.29820331931114197,0.9934182167053223,0.4957095682621002,0.8083634376525879,-0.023295896127820015,0.9612100720405579,0.4086245596408844,0.7939131259918213,0.30889758467674255,0.9333834648132324,0.5636894702911377,0.8215948939323425,-0.24359089136123657,0.9925369620323181,0.3638853430747986,0.8096773028373718,0.11436271667480469,0.9900195598602295
IMG_9587 3,9,298,good,0.43851062655448914,0.4210459887981415,-0.49215030670166016,0.9999755620956421,0.4402381479740143,0.4128219187259674,-0.471869558095932,0.9998918175697327,0.4419713616371155,0.4128262400627136,-0.47186633944511414,0.9998881816864014,0.44363683462142944,0.4128587543964386,-0.47183939814567566,0.9998836517333984,0.43047192692756653,0.4127936065196991,-0.4773097336292267,0.9999021291732788,0.4247131645679474,0.4128919541835785,-0.47735488414764404,0.9998818039894104,0.41922321915626526,0.4130224287509918,-0.47733616828918457,0.9998570680618286,0.43767234683036804,0.41689789295196533,-0.30602124333381653,0.9997749924659729,0.4060839116573334,0.41744521260261536,-0.32491955161094666,0.9996840953826904,0.4385383129119873,0.430142343044281,-0.423839271068573,0.9999467134475708,0.4250066876411438,0.43091797828674316,-0.43048208951950073,0.9999286532402039,0.49170368909835815,0.4684179425239563,-0.17435550689697266,0.9999753832817078,0.3431713879108429,0.4626259505748749,-0.18108110129833221,0.9999784231185913,0.5089860558509827,0.5346159338951111,-0.06850134581327438,0.98680579662323,0.31963109970092773,0.5308127999305725,-0.08144718408584595,0.9720929861068726,0.5176234841346741,0.5913298726081848,-0.1994037926197052,0.9733728170394897,0.2831595242023468,0.5887038111686707,-0.1839981973171234,0.9639050364494324,0.5181424021720886,0.6096819639205933,-0.2370871901512146,0.9422592520713806,0.2673044800758362,0.6047244071960449,-0.2216559648513794,0.9376795291900635,0.512792706489563,0.6083999276161194,-0.29574838280677795,0.9468936920166016,0.27044618129730225,0.6045754551887512,-0.2907795011997223,0.9428669214248657,0.5097772479057312,0.6030980944633484,-0.2244562953710556,0.9316664934158325,0.277434378862381,0.6010622978210449,-0.21513056755065918,0.9308321475982666,0.45751485228538513,0.5920050740242004,-0.006365934386849403,0.999847412109375,0.3703954815864563,0.5941632986068726,0.006343453656882048,0.9998547434806824,0.4871644079685211,0.691225528717041,-0.09740816801786423,0.9928082823753357,0.3796553611755371,0.6932122111320496,0.0492267943918705,0.9916777014732361,0.5101953744888306,0.7918455600738525,-0.006043178960680962,0.993838369846344,0.39220815896987915,0.7805848717689514,0.3049662709236145,0.9936690330505371,0.4948810040950775,0.8084007501602173,-0.010939951054751873,0.9616702198982239,0.4082784056663513,0.7938268184661865,0.3164290487766266,0.9343388080596924,0.5644400715827942,0.8218762278556824,-0.23311781883239746,0.9928492903709412,0.3639993369579315,0.8096746206283569,0.12205284833908081,0.9904218316078186
IMG_9587 3,10,331,good,0.44202378392219543,0.4196256101131439,-0.4993612766265869,0.999973475933075,0.442276269197464,0.41194966435432434,-0.4802347719669342,0.9998820424079895,0.443918913602829,0.41201260685920715,-0.48024889826774597,0.9998782873153687,0.445491760969162,0.4120974838733673,-0.4802553951740265,0.9998728036880493,0.43238723278045654,0.41182756423950195,-0.4837670922279358,0.9998940229415894,0.42620202898979187,0.4118848145008087,-0.4838174879550934,0.999873161315918,0.4208480715751648,0.41199564933776855,-0.4838356375694275,0.9998477697372437,0.4391936659812927,0.4163816273212433,-0.3091122806072235,0.9997519254684448,0.4066338837146759,0.4167923331260681,-0.3240502178668976,0.9996623992919922,0.44192805886268616,0.42888814210891724,-0.4293971359729767,0.9999412298202515,0.4282572865486145,0.4296157658100128,-0.43429115414619446,0.9999232292175293,0.4942060112953186,0.4683851897716522,-0.17634420096874237,0.9999731779098511,0.3452126681804657,0.4625263810157776,-0.17966647446155548,0.9999769330024719,0.5090697407722473,0.53455650806427,-0.0812031701207161,0.9859472513198853,0.3229026794433594,0.5309629440307617,-0.08361867815256119,0.9715363383293152,0.51808762550354,0.5911988615989685,-0.21637272834777832,0.9716728925704956,0.28640320897102356,0.5887011289596558,-0.18917028605937958,0.9633584022521973,0.5187941789627075,0.6094935536384583,-0.25442740321159363,0.9393467307090759,0.2696288228034973,0.6047333478927612,-0.22589483857154846,0.9369633793830872,0.5137048363685608,0.6083860993385315,-0.3111087679862976,0.9442049264907837,0.27262142300605774,0.6045808792114258,-0.2948444187641144,0.9422149658203125,0.5107153058052063,0.6030717492103577,-0.24129609763622284,0.9286186099052429,0.2797921895980835,0.6010634899139404,-0.22014270722866058,0.9302321672439575,0.4583810865879059,0.5919854044914246,-0.006780625786632299,0.9998396039009094,0.37168246507644653,0.5940138697624207,0.006752420216798782,0.9998506903648376,0.48769333958625793,0.6911638379096985,-0.09813940525054932,0.9927718639373779,0.3799605369567871,0.6924083232879639,0.03268125653266907,0.9915731549263,0.5103966593742371,0.7917529940605164,0.008104541338980198,0.9938592314720154,0.392061322927475,0.7805700898170471,0.2746771574020386,0.993712306022644,0.4945341944694519,0.8084348440170288,0.005111388396471739,0.9605231285095215,0.4082883596420288,0.7939769625663757,0.2844879627227783,0.9341147541999817,0.5644546747207642,0.8219469785690308,-0.2118738740682602,0.9928039908409119,0.36384618282318115,0.8097776174545288,0.08450261503458023,0.9904555678367615
IMG_9587 3,11,364,good,0.44504401087760925,0.41939792037010193,-0.48405683040618896,0.9999708533287048,0.44451865553855896,0.41158348321914673,-0.46455299854278564,0.9998694062232971,0.445919930934906,0.41162610054016113,-0.464589923620224,0.9998651146888733,0.44726964831352234,0.41168683767318726,-0.46462735533714294,0.9998573660850525,0.43519917130470276,0.41150617599487305,-0.4693422019481659,0.9998844265937805,0.42882710695266724,0.41156890988349915,-0.4693955183029175,0.9998634457588196,0.4236164391040802,0.41169053316116333,-0.46942898631095886,0.999836802482605,0.4401364028453827,0.4158742427825928,-0.29007208347320557,0.9997241497039795,0.40764516592025757,0.41649091243743896,-0.3110842704772949,0.9996419548988342,0.44440314173698425,0.428620845079422,-0.4127013385295868,0.999934196472168,0.43164145946502686,0.4292721152305603,-0.41925469040870667,0.9999164938926697,0.4958164393901825,0.46833154559135437,-0.15905983746051788,0.9999703764915466,0.3462664783000946,0.46250173449516296,-0.17355699837207794,0.9999753832817078,0.5100239515304565,0.5343903303146362,-0.06747891008853912,0.984764039516449,0.3257056176662445,0.5313609838485718,-0.08539648354053497,0.9708941578865051,0.5187875032424927,0.5905234813690186,-0.19265247881412506,0.9691328406333923,0.28978344798088074,0.5887196063995361,-0.19353972375392914,0.9628519415855408,0.5196653604507446,0.6089323163032532,-0.22774668037891388,0.9349812269210815,0.2717275321483612,0.6047367453575134,-0.2305774986743927,0.9364094138145447,0.5147458910942078,0.6082367897033691,-0.2836519479751587,0.9401812553405762,0.27433422207832336,0.60454261302948,-0.29793885350227356,0.9416986107826233,0.5117975473403931,0.6028886437416077,-0.21724842488765717,0.9242231845855713,0.2818067967891693,0.6009923815727234,-0.2238336056470871,0.9296578168869019,0.4597911238670349,0.5920608043670654,-0.006735147908329964,0.9998305439949036,0.3731033205986023,0.5940112471580505,0.00670993234962225,0.9998456835746765,0.4880697727203369,0.6909430027008057,-0.09129451215267181,0.9929322600364685,0.3800463080406189,0.6923562288284302,0.020007621496915817,0.9917214512825012,0.5108993053436279,0.7917624115943909,0.024636054411530495,0.9939886331558228,0.3918999135494232,0.7806066274642944,0.24758148193359375,0.9939271807670593,0.4946059584617615,0.8084679841995239,0.022751010954380035,0.9602635502815247,0.4084681570529938,0.7943297624588013,0.2557597756385803,0.9353142976760864,0.5643600821495056,0.8219102621078491,-0.18644924461841583,0.9928840398788452,0.36222702264785767,0.8098310828208923,0.05876560136675835,0.9907152652740479
IMG_9587 3,12,397,good,0.4430469572544098,0.41886937618255615,-0.48916926980018616,0.9999707341194153,0.4434657692909241,0.4111312925815582,-0.47019368410110474,0.9998672008514404,0.4451676905155182,0.411195307970047,-0.4702322781085968,0.9998633861541748,0.4467073380947113,0.41128572821617126,-0.4702785015106201,0.999855101108551,0.43369701504707336,0.4110526144504547,-0.4744683802127838,0.9998825788497925,0.4280046224594116,0.41111496090888977,-0.47451549768447876,0.999862790107727,0.42295798659324646,0.41123607754707336,-0.4745355546474457,0.9998365640640259,0.44088366627693176,0.41549885272979736,-0.29050490260124207,0.9997196793556213,0.40816640853881836,0.4159024953842163,-0.31330248713493347,0.9996412396430969,0.44279682636260986,0.42816993594169617,-0.41558849811553955,0.9999345541000366,0.4294836223125458,0.42872485518455505,-0.4223234951496124,0.9999169707298279,0.4970851242542267,0.46805649995803833,-0.16413402557373047,0.9999690651893616,0.34781140089035034,0.46245595812797546,-0.1758502572774887,0.9999753832817078,0.5126504302024841,0.5343033075332642,-0.05628892034292221,0.9842966198921204,0.328156054019928,0.5313605666160583,-0.08402713388204575,0.9713108539581299,0.5192312598228455,0.5901102423667908,-0.17017123103141785,0.9677642583847046,0.2916543781757355,0.5887280702590942,-0.193064346909523,0.9636399745941162,0.5199297666549683,0.608718991279602,-0.20101477205753326,0.9325273633003235,0.27309590578079224,0.604739785194397,-0.23003022372722626,0.9376625418663025,0.5149785876274109,0.608152449131012,-0.26120832562446594,0.9379279613494873,0.27544617652893066,0.6045363545417786,-0.2980513572692871,0.9428072571754456,0.5120787620544434,0.6027998328208923,-0.19537077844142914,0.9217081069946289,0.2829747200012207,0.6009843945503235,-0.2234479784965515,0.9309474229812622,0.4603433907032013,0.592085063457489,-0.006172827444970608,0.9998290538787842,0.3733620345592499,0.5939331650733948,0.006128774490207434,0.9998462796211243,0.4880703389644623,0.6909831762313843,-0.08415109664201736,0.9932070374488831,0.38025614619255066,0.6924059987068176,0.019604258239269257,0.9920967221260071,0.5109760165214539,0.7917654514312744,0.029816683381795883,0.9942470192909241,0.3913939297199249,0.7806956768035889,0.24838361144065857,0.9941872358322144,0.4949040710926056,0.8084736466407776,0.026964260265231133,0.9602507948875427,0.40719789266586304,0.7943262457847595,0.25644344091415405,0.9363877177238464,0.5648747682571411,0.8220603466033936,-0.19417467713356018,0.9931154847145081,0.3623034656047821,0.8101855516433716,0.05848701298236847,0.9910995960235596
IMG_9587 3,13,430,good,0.4415971636772156,0.4189718961715698,-0.5306603908538818,0.9999704957008362,0.4425466060638428,0.4112468361854553,-0.5150733590126038,0.9998639822006226,0.4444664716720581,0.41130340099334717,-0.5150859355926514,0.9998602271080017,0.4463824927806854,0.4113740921020508,-0.5150924921035767,0.9998508095741272,0.432539701461792,0.41113969683647156,-0.5140815377235413,0.9998802542686462,0.4270564615726471,0.4112032353878021,-0.5141372084617615,0.9998608231544495,0.42215296626091003,0.4113270044326782,-0.5141984224319458,0.9998342990875244,0.4422706961631775,0.4154707193374634,-0.3407733738422394,0.9997119307518005,0.40877124667167664,0.4159356653690338,-0.3360845744609833,0.999635636806488,0.44166702032089233,0.428195595741272,-0.4584287106990814,0.99993497133255,0.4282388389110565,0.42877015471458435,-0.4574544131755829,0.9999175667762756,0.5005006790161133,0.4677848815917969,-0.19080422818660736,0.9999686479568481,0.3506529927253723,0.4624541699886322,-0.18665964901447296,0.9999757409095764,0.5149677991867065,0.5342614650726318,-0.06472610682249069,0.9843549132347107,0.3303681015968323,0.5313922762870789,-0.08529500663280487,0.9711114168167114,0.5213994979858398,0.5906246304512024,-0.18043474853038788,0.9672444462776184,0.2922147512435913,0.588797390460968,-0.1984398365020752,0.9638177752494812,0.5217232704162598,0.6093754172325134,-0.21439647674560547,0.9315289855003357,0.27317655086517334,0.6047334671020508,-0.23479697108268738,0.9380167722702026,0.5162308812141418,0.608519434928894,-0.2739744782447815,0.9369811415672302,0.2754599153995514,0.6045190691947937,-0.3053329885005951,0.9430987238883972,0.5133696794509888,0.6033088564872742,-0.2056000977754593,0.9207300543785095,0.2830708920955658,0.6009688377380371,-0.2295478880405426,0.9313152432441711,0.46064868569374084,0.5927544832229614,-0.006247431039810181,0.9998272657394409,0.3737967908382416,0.5940413475036621,0.006193827837705612,0.9998456239700317,0.48813602328300476,0.691327691078186,-0.08367231488227844,0.9934329986572266,0.38041236996650696,0.6925879120826721,0.03383737429976463,0.9924182295799255,0.5110392570495605,0.7917138934135437,0.030404776334762573,0.9944772720336914,0.39106637239456177,0.7806757688522339,0.2862628996372223,0.9944080710411072,0.49481716752052307,0.8084335327148438,0.02763158641755581,0.960801899433136,0.40661385655403137,0.7939234972000122,0.2974700927734375,0.9378515481948853,0.5646469593048096,0.8220551609992981,-0.19442984461784363,0.993349015712738,0.36198940873146057,0.8104090094566345,0.09928343445062637,0.9914472699165344
IMG_9587 3,14,463,good,0.44831663370132446,0.419223427772522,-0.5280091166496277,0.9999706745147705,0.44821345806121826,0.4113459587097168,-0.5089952945709229,0.9998636841773987,0.4498601257801056,0.4113844633102417,-0.5090193152427673,0.9998600482940674,0.45141124725341797,0.41143670678138733,-0.5090314149856567,0.9998501539230347,0.4384639859199524,0.41124600172042847,-0.5122497081756592,0.9998800754547119,0.4325587749481201,0.4112890362739563,-0.5122995972633362,0.9998612403869629,0.4269762337207794,0.41139325499534607,-0.5123410224914551,0.9998345375061035,0.44501444697380066,0.41547858715057373,-0.32728034257888794,0.9997069835662842,0.4101656675338745,0.41591712832450867,-0.33551299571990967,0.9996361136436462,0.44830137491226196,0.42834195494651794,-0.4534294307231903,0.9999342560768127,0.43481090664863586,0.4289059340953827,-0.4572782814502716,0.9999173879623413,0.5021078586578369,0.4677678942680359,-0.17876829206943512,0.9999678134918213,0.3525460362434387,0.4624405801296234,-0.1865318864583969,0.9999753832817078,0.5173400044441223,0.534237802028656,-0.05888122692704201,0.9841054677963257,0.3313683569431305,0.5313273668289185,-0.08658139407634735,0.9716856479644775,0.523044764995575,0.5907585024833679,-0.17735783755779266,0.9670726656913757,0.2915093004703522,0.5880756378173828,-0.19947083294391632,0.964417040348053,0.5227263569831848,0.6097500920295715,-0.21153530478477478,0.9310225248336792,0.2726867198944092,0.6035702228546143,-0.23613454401493073,0.9388937950134277,0.5171967148780823,0.6087427735328674,-0.2712230682373047,0.9365489482879639,0.27416571974754333,0.6030985116958618,-0.30616429448127747,0.9438783526420593,0.5143635272979736,0.603542685508728,-0.20270220935344696,0.9203093647956848,0.2818729281425476,0.5997207164764404,-0.23033346235752106,0.932263195514679,0.46267589926719666,0.5928031206130981,-0.005129469092935324,0.99982088804245,0.3755171298980713,0.5940348505973816,0.0050937822088599205,0.999843418598175,0.48822104930877686,0.6912274360656738,-0.06291937828063965,0.9935846924781799,0.3812083303928375,0.6924741268157959,0.023737987503409386,0.9926055669784546,0.5110487341880798,0.7913604974746704,0.07019620388746262,0.9945505261421204,0.39107924699783325,0.7803347706794739,0.27525848150253296,0.9945506453514099,0.49515500664711,0.8083542585372925,0.06982859969139099,0.9605720043182373,0.406230092048645,0.7930001616477966,0.28638944029808044,0.9380012154579163,0.5645009875297546,0.8218847513198853,-0.14338436722755432,0.9934033155441284,0.3617982864379883,0.8103899955749512,0.07750041037797928,0.9916301369667053
IMG_9587 3,15,497,good,0.4541388154029846,0.4192110300064087,-0.5028730034828186,0.999971866607666,0.4532906711101532,0.41133981943130493,-0.48199841380119324,0.9998696446418762,0.4549131691455841,0.4113965928554535,-0.48203960061073303,0.9998661279678345,0.4564552307128906,0.4114600121974945,-0.4820728898048401,0.9998565912246704,0.4437410235404968,0.4111488163471222,-0.48836567997932434,0.999885082244873,0.43792495131492615,0.4111327528953552,-0.4884120225906372,0.9998673796653748,0.4314071536064148,0.41120409965515137,-0.48844820261001587,0.9998421669006348,0.44875219464302063,0.4154335856437683,-0.30027347803115845,0.9997189044952393,0.41260087490081787,0.4157021641731262,-0.32533106207847595,0.9996541142463684,0.4534395933151245,0.42831096053123474,-0.4287399649620056,0.9999366998672485,0.44025033712387085,0.4287959933280945,-0.4371754229068756,0.9999207258224487,0.5034979581832886,0.46755456924438477,-0.15123993158340454,0.9999674558639526,0.3546946942806244,0.4622664451599121,-0.18264156579971313,0.999975323677063,0.5189879536628723,0.534213125705719,-0.0251490268856287,0.9832166433334351,0.33136051893234253,0.530977189540863,-0.08577655255794525,0.9727625846862793,0.5244227647781372,0.5909358859062195,-0.13931620121002197,0.9658521413803101,0.28891265392303467,0.5848153233528137,-0.19962960481643677,0.9658079147338867,0.5230504870414734,0.6102626919746399,-0.17011573910713196,0.9289655685424805,0.26699942350387573,0.5998710989952087,-0.23665623366832733,0.9410440921783447,0.5171775817871094,0.6089677214622498,-0.23075145483016968,0.9347173571586609,0.2676616609096527,0.5990961790084839,-0.30645596981048584,0.9458510875701904,0.5146711468696594,0.6037704944610596,-0.16500432789325714,0.9182548522949219,0.27448150515556335,0.59552401304245,-0.23046937584877014,0.9344909191131592,0.4634803831577301,0.5929077863693237,-0.003608142724260688,0.9998249411582947,0.376110315322876,0.5940284729003906,0.003592423163354397,0.9998458027839661,0.4886201024055481,0.6912392377853394,-0.07415521144866943,0.9938592314720154,0.3819707930088043,0.6925951242446899,0.02397764101624489,0.9928584694862366,0.511125922203064,0.7917786240577698,0.04566917568445206,0.9947918653488159,0.39106306433677673,0.780319333076477,0.27246716618537903,0.9947550892829895,0.4958358108997345,0.8084090352058411,0.044169336557388306,0.9612484574317932,0.40566709637641907,0.792448103427887,0.28285640478134155,0.9385406970977783,0.5652855634689331,0.8219509124755859,-0.16999220848083496,0.9936574697494507,0.3617841899394989,0.8109706044197083,0.07735557109117508,0.9919341206550598
IMG_9587 3,16,530,good,0.45755326747894287,0.4185141623020172,-0.4760216474533081,0.9999722838401794,0.4567170739173889,0.41114503145217896,-0.45435136556625366,0.9998718500137329,0.45816609263420105,0.41127464175224304,-0.4543973505496979,0.9998682141304016,0.4595015347003937,0.41139310598373413,-0.4544273018836975,0.9998588562011719,0.4475347697734833,0.41076064109802246,-0.45819681882858276,0.9998865127563477,0.44195109605789185,0.4106965661048889,-0.4582395553588867,0.9998694062232971,0.43531104922294617,0.4107555150985718,-0.45829054713249207,0.9998452663421631,0.4515940248966217,0.4153854250907898,-0.27833372354507446,0.9997204542160034,0.4161134660243988,0.415416419506073,-0.295244961977005,0.9996597170829773,0.45693424344062805,0.42777276039123535,-0.4056059420108795,0.9999374151229858,0.4441632628440857,0.42795684933662415,-0.4112371504306793,0.9999219179153442,0.505713164806366,0.46742281317710876,-0.13960625231266022,0.9999653697013855,0.35830602049827576,0.46167123317718506,-0.16451437771320343,0.9999748468399048,0.5225631594657898,0.5339797735214233,-0.022622378543019295,0.9824706315994263,0.33106517791748047,0.5279098153114319,-0.07197082787752151,0.9737139940261841,0.52725750207901,0.5915528535842896,-0.13661980628967285,0.9646413326263428,0.2831707000732422,0.578630268573761,-0.1875901073217392,0.9670867919921875,0.5252864956855774,0.6106638312339783,-0.16722574830055237,0.9267557859420776,0.2599959373474121,0.5917433500289917,-0.22500112652778625,0.9429810643196106,0.5186623334884644,0.6093024611473083,-0.22688983380794525,0.9326863288879395,0.2600957751274109,0.5910172462463379,-0.29424771666526794,0.9476515054702759,0.5162237882614136,0.6042492985725403,-0.1619778424501419,0.9160621166229248,0.26696789264678955,0.5877875685691833,-0.2187994420528412,0.9366579055786133,0.46401524543762207,0.5929828882217407,-0.0019731190986931324,0.9998253583908081,0.3765370547771454,0.5939909219741821,0.001944040646776557,0.9998471736907959,0.48930585384368896,0.6912195086479187,-0.0715680792927742,0.9939570426940918,0.38213375210762024,0.692448616027832,0.017329661175608635,0.9930238127708435,0.511134684085846,0.7920149564743042,0.04749149829149246,0.9948906302452087,0.3910697102546692,0.779975175857544,0.2607702910900116,0.9948681592941284,0.4957100749015808,0.8083962202072144,0.045935723930597305,0.9613727927207947,0.4044696092605591,0.7912479043006897,0.27107810974121094,0.9382973313331604,0.5652005672454834,0.8219839930534363,-0.16857673227787018,0.9937463998794556,0.36184537410736084,0.8109096884727478,0.0650479719042778,0.9920912384986877
IMG_9587 3,17,563,good,0.4585276246070862,0.42027702927589417,-0.45899030566215515,0.9999727606773376,0.45983657240867615,0.4121852517127991,-0.4386139512062073,0.9998750686645508,0.46198078989982605,0.4122829735279083,-0.4386814832687378,0.9998709559440613,0.4640224277973175,0.4123902916908264,-0.4387443959712982,0.9998617768287659,0.4492121636867523,0.41180598735809326,-0.4415994882583618,0.9998881220817566,0.44315776228904724,0.4117230772972107,-0.4416375160217285,0.9998708367347717,0.43698039650917053,0.4117763042449951,-0.4416401982307434,0.999847412109375,0.45862895250320435,0.41610032320022583,-0.2581506073474884,0.9997287392616272,0.41879090666770935,0.4161602556705475,-0.2721281349658966,0.9996674656867981,0.45903101563453674,0.429288387298584,-0.3854142725467682,0.9999376535415649,0.4449548125267029,0.4293263852596283,-0.38996392488479614,0.9999222755432129,0.5092363953590393,0.4678422510623932,-0.11857593804597855,0.9999653697013855,0.36385053396224976,0.4614705741405487,-0.1310068517923355,0.9999743103981018,0.5265536308288574,0.5340460538864136,-0.009578718803822994,0.9824021458625793,0.3304898738861084,0.5252397656440735,-0.04335644468665123,0.974322497844696,0.5302097797393799,0.5920616388320923,-0.1230856329202652,0.9650146961212158,0.27008041739463806,0.5698506832122803,-0.1737426072359085,0.9683020114898682,0.5284383296966553,0.6110987067222595,-0.15662382543087006,0.9271745085716248,0.24682526290416718,0.5792937278747559,-0.21247248351573944,0.944920539855957,0.5221181511878967,0.6099735498428345,-0.21411269903182983,0.9331296682357788,0.2451511025428772,0.5783398747444153,-0.28516048192977905,0.9495713710784912,0.5193843245506287,0.6051605343818665,-0.14814244210720062,0.9169684648513794,0.25316864252090454,0.5763334631919861,-0.20741277933120728,0.9391227960586548,0.46513086557388306,0.593153715133667,-0.0018474834505468607,0.9998246431350708,0.3781563937664032,0.5939846634864807,0.0018354341154918075,0.9998464584350586,0.4901795983314514,0.6912655830383301,-0.07198984920978546,0.9938765168190002,0.3825547695159912,0.6924493312835693,-0.0015319796511903405,0.9930091500282288,0.5114023089408875,0.7922899723052979,0.06223725154995918,0.994765043258667,0.3912109434604645,0.7799789309501648,0.22381532192230225,0.9949066638946533,0.49565526843070984,0.8086795210838318,0.06304650008678436,0.9612642526626587,0.40475699305534363,0.7912955284118652,0.23238632082939148,0.9383546710014343,0.5651231408119202,0.8219138979911804,-0.13902583718299866,0.9935404658317566,0.36178094148635864,0.8107710480690002,0.028850309550762177,0.992019772529602
IMG_9587 3,18,596,good,0.46400976181030273,0.42021864652633667,-0.42019912600517273,0.9999720454216003,0.4655137360095978,0.4121939539909363,-0.3982385993003845,0.9998734593391418,0.4674738943576813,0.4122883081436157,-0.39831069111824036,0.9998695850372314,0.46934813261032104,0.41240188479423523,-0.39837732911109924,0.9998602271080017,0.45517927408218384,0.41180551052093506,-0.4016799032688141,0.999882161617279,0.44831186532974243,0.4117256700992584,-0.40171733498573303,0.9998645782470703,0.44271063804626465,0.41177883744239807,-0.40170353651046753,0.9998407959938049,0.4635998010635376,0.41613343358039856,-0.21951135993003845,0.9997298717498779,0.42485347390174866,0.4161631762981415,-0.23626430332660675,0.9996572732925415,0.4635825455188751,0.4292994737625122,-0.34808704257011414,0.9999354481697083,0.4488498270511627,0.4293517470359802,-0.35338294506073,0.9999181628227234,0.5135875344276428,0.4682147800922394,-0.08744880557060242,0.9999653100967407,0.36784231662750244,0.46075817942619324,-0.10285896062850952,0.9999716877937317,0.5301746726036072,0.5343049168586731,0.022443171590566635,0.9825257658958435,0.32677286863327026,0.5182705521583557,-0.017261425033211708,0.9751572012901306,0.5328800678253174,0.5934386849403381,-0.07609748840332031,0.9660428166389465,0.2580523192882538,0.5557134747505188,-0.14224083721637726,0.969774067401886,0.5311328768730164,0.6119946837425232,-0.10641909390687943,0.9287216663360596,0.2319536954164505,0.5633864998817444,-0.18007756769657135,0.9472411274909973,0.5245698094367981,0.6109446287155151,-0.16251546144485474,0.9346063733100891,0.23040033876895905,0.5611691474914551,-0.25077277421951294,0.9518131613731384,0.5216217637062073,0.6062860488891602,-0.10052692145109177,0.9191432595252991,0.23993805050849915,0.5599603652954102,-0.17557139694690704,0.9419589042663574,0.46635016798973083,0.5931051969528198,-0.0006899500149302185,0.9998238682746887,0.3793553411960602,0.5933006405830383,0.0006894551916047931,0.9998437166213989,0.49145862460136414,0.6912588477134705,-0.055143799632787704,0.9938340783119202,0.3827923834323883,0.6919956803321838,-0.022468334063887596,0.9930115342140198,0.5113254189491272,0.7924203276634216,0.10392489284276962,0.9946911931037903,0.3912466764450073,0.7799711227416992,0.19389331340789795,0.9949406981468201,0.49554798007011414,0.8086780905723572,0.10751915723085403,0.9603113532066345,0.40425196290016174,0.7911721467971802,0.20205526053905487,0.9372820258140564,0.5645933747291565,0.8219131827354431,-0.091245636343956,0.9933339357376099,0.3617568612098694,0.8107791543006897,-0.0034798330161720514,0.9919369220733643
IMG_9587 3,19,629,good,0.4699908494949341,0.42105695605278015,-0.3487986922264099,0.999973475933075,0.4709682762622833,0.4127788841724396,-0.32429635524749756,0.9998815059661865,0.4727610945701599,0.4128285348415375,-0.3243671655654907,0.9998775124549866,0.4745512902736664,0.4128972589969635,-0.32443755865097046,0.9998687505722046,0.461247056722641,0.4123494327068329,-0.3279810845851898,0.9998886585235596,0.4556289613246918,0.41217294335365295,-0.32803159952163696,0.9998717308044434,0.44934383034706116,0.4121083915233612,-0.32797446846961975,0.9998494982719421,0.46859243512153625,0.41634392738342285,-0.1448424607515335,0.9997502565383911,0.4321441948413849,0.41619837284088135,-0.16495585441589355,0.9996784925460815,0.468161016702652,0.4300582706928253,-0.27753716707229614,0.9999383687973022,0.4548439383506775,0.4299279749393463,-0.2838115692138672,0.9999216794967651,0.5174156427383423,0.46887829899787903,-0.04322424158453941,0.9999669194221497,0.37131229043006897,0.4606209695339203,-0.03988239914178848,0.9999710917472839,0.5350160598754883,0.5344057679176331,0.017979148775339127,0.983140230178833,0.31827566027641296,0.5111997723579407,-0.032794978469610214,0.9754816293716431,0.537734866142273,0.5936773419380188,-0.10210045427083969,0.9679503440856934,0.24323837459087372,0.5387043356895447,-0.2593289315700531,0.9714401960372925,0.536040723323822,0.6121556162834167,-0.13832324743270874,0.9323469996452332,0.21584904193878174,0.5413978695869446,-0.3124823570251465,0.9502437114715576,0.5292094945907593,0.6111583113670349,-0.19177155196666718,0.9379275441169739,0.21558451652526855,0.5373937487602234,-0.3767891824245453,0.9546632766723633,0.5259718298912048,0.6066508293151855,-0.12578298151493073,0.9233027100563049,0.2260495275259018,0.5375012755393982,-0.293994277715683,0.9454858899116516,0.4687596261501312,0.5930741429328918,-0.002408252563327551,0.9998284578323364,0.3827401101589203,0.5930097699165344,0.00246094586327672,0.9998490810394287,0.49245527386665344,0.6912382245063782,-0.05621292069554329,0.9937646389007568,0.3832729160785675,0.6914529204368591,-0.03119763545691967,0.992842972278595,0.5113465189933777,0.7923873066902161,0.10484606772661209,0.9944225549697876,0.39124795794487,0.7799669504165649,0.1724032461643219,0.994981586933136,0.4951114356517792,0.8085898160934448,0.10869583487510681,0.9589924812316895,0.40499597787857056,0.7917619943618774,0.17880165576934814,0.9376440644264221,0.5648816823959351,0.8219161033630371,-0.08121183514595032,0.9929468631744385,0.36091017723083496,0.8106827735900879,-0.021611426025629044,0.9917846918106079
IMG_9587 3,20,662,good,0.48093652725219727,0.4214153587818146,-0.28029757738113403,0.9999746680259705,0.48041635751724243,0.4130840301513672,-0.2528473138809204,0.9998891353607178,0.4817267060279846,0.4131036698818207,-0.25291907787323,0.9998853206634521,0.4827948212623596,0.4131318926811218,-0.252983957529068,0.999877393245697,0.47134608030319214,0.4126719832420349,-0.26131731271743774,0.9998946189880371,0.46678075194358826,0.4124545454978943,-0.26136234402656555,0.9998785853385925,0.4612480401992798,0.41234585642814636,-0.2613040804862976,0.999857485294342,0.4735647737979889,0.4164605736732483,-0.07537829130887985,0.9997689127922058,0.4412910044193268,0.4163025915622711,-0.11859293282032013,0.999697744846344,0.47726768255233765,0.4302850663661957,-0.21137972176074982,0.999940812587738,0.46606430411338806,0.4300975799560547,-0.22427861392498016,0.9999242424964905,0.5220650434494019,0.4698256850242615,0.010878194123506546,0.9999687671661377,0.37551578879356384,0.4604191184043884,-0.021602965891361237,0.9999681711196899,0.5388482213020325,0.5345512628555298,0.03742425888776779,0.9837523102760315,0.3055329918861389,0.5036430358886719,-0.09372858703136444,0.9761976599693298,0.542526125907898,0.5937029719352722,-0.10341757535934448,0.9702003002166748,0.22451724112033844,0.5173913836479187,-0.39753568172454834,0.9732652902603149,0.5416113138198853,0.6121387481689453,-0.1422843039035797,0.9366675019264221,0.19486913084983826,0.5160343050956726,-0.458934485912323,0.9534937143325806,0.5345034599304199,0.611133337020874,-0.1893608272075653,0.9419417381286621,0.1977243274450302,0.5111152529716492,-0.5120851397514343,0.9577188491821289,0.5310525894165039,0.6066579222679138,-0.12553369998931885,0.9282475709915161,0.21006734669208527,0.5129345655441284,-0.4296637773513794,0.9491574168205261,0.4724936783313751,0.593007504940033,0.00426620664075017,0.9998357892036438,0.3867189288139343,0.5925208926200867,-0.004260724410414696,0.9998533129692078,0.4937853217124939,0.6903210282325745,-0.04941735416650772,0.9939221143722534,0.3845473527908325,0.6908298134803772,-0.038059670478105545,0.9927279949188232,0.5113267302513123,0.7913457155227661,0.09088411182165146,0.9945214986801147,0.39125579595565796,0.7799111604690552,0.15061096847057343,0.9949874877929688,0.4951200783252716,0.8076454401016235,0.0929722785949707,0.9592801332473755,0.4048129618167877,0.7916174530982971,0.15661416947841644,0.9351707100868225,0.5634385943412781,0.8216099143028259,-0.09955042600631714,0.9930330514907837,0.3614025413990021,0.8106176853179932,-0.03977122902870178,0.9917115569114685
IMG_9587 3,21,695,good,0.49754756689071655,0.4211326539516449,-0.21918874979019165,0.9999735951423645,0.4947372376918793,0.4130247235298157,-0.19171768426895142,0.9998904466629028,0.4952283501625061,0.41306430101394653,-0.191794753074646,0.9998869895935059,0.4954623281955719,0.41310006380081177,-0.19185443222522736,0.9998802542686462,0.4878089129924774,0.41257965564727783,-0.20140814781188965,0.9998903870582581,0.48337799310684204,0.4123630225658417,-0.2014455795288086,0.9998725056648254,0.47743597626686096,0.4122370183467865,-0.201422318816185,0.9998488426208496,0.481932133436203,0.416454017162323,-0.027723845094442368,0.9997804164886475,0.4535630941390991,0.4162446856498718,-0.07754341512918472,0.9996860027313232,0.49193447828292847,0.4300697147846222,-0.15637171268463135,0.9999390244483948,0.4819156229496002,0.4298546612262726,-0.17123763263225555,0.9999175071716309,0.528213381767273,0.4711269736289978,0.03551500663161278,0.9999696612358093,0.38202378153800964,0.45921313762664795,0.010029429569840431,0.9999563694000244,0.5410820841789246,0.5352047681808472,0.05059223994612694,0.9840234518051147,0.3062934875488281,0.4862472712993622,-0.07511617988348007,0.9770035743713379,0.545979380607605,0.5950755476951599,-0.09848640114068985,0.9721376299858093,0.21746160089969635,0.4919498860836029,-0.3101430833339691,0.9746597409248352,0.5458517074584961,0.6126946806907654,-0.13536293804645538,0.9403790235519409,0.18689514696598053,0.48567843437194824,-0.36152613162994385,0.9556869864463806,0.538481593132019,0.6120039820671082,-0.1798080950975418,0.9454107284545898,0.1894826591014862,0.48225489258766174,-0.4162563383579254,0.959830641746521,0.5348117351531982,0.607679009437561,-0.12001732736825943,0.932538628578186,0.20160934329032898,0.48588454723358154,-0.34145960211753845,0.9518857002258301,0.47507444024086,0.5929903388023376,0.005344857927411795,0.9998430609703064,0.38962289690971375,0.5922257304191589,-0.005343594588339329,0.9998570084571838,0.4956190884113312,0.6902189254760742,-0.03690216317772865,0.9941433668136597,0.3858831822872162,0.6903204321861267,-0.03127073869109154,0.9927359819412231,0.5113165974617004,0.7912290096282959,0.11169067025184631,0.9946919679641724,0.39134275913238525,0.7795566916465759,0.17445112764835358,0.9950661063194275,0.4953664243221283,0.8073946833610535,0.115629181265831,0.9600302577018738,0.40462109446525574,0.7911387085914612,0.18228569626808167,0.9339531660079956,0.56309974193573,0.8214691877365112,-0.0759224221110344,0.9932292103767395,0.3619619905948639,0.810549259185791,-0.01570192351937294,0.991825520992279
IMG_9587 3,22,729,good,0.5038577318191528,0.42150992155075073,-0.29343482851982117,0.99996417760849,0.5019581317901611,0.4134385585784912,-0.26941606402397156,0.9998676776885986,0.5024102330207825,0.41344019770622253,-0.26947566866874695,0.99986732006073,0.5022234320640564,0.4134144186973572,-0.2695436477661133,0.9998611211776733,0.49594417214393616,0.4129456877708435,-0.27479255199432373,0.9998441934585571,0.4902726411819458,0.4126255512237549,-0.27485308051109314,0.9998191595077515,0.4860289990901947,0.4124171733856201,-0.2748267650604248,0.9997827410697937,0.4883846044540405,0.416544109582901,-0.10632592439651489,0.9997715950012207,0.46351563930511475,0.4162486791610718,-0.13644789159297943,0.9995772242546082,0.49705252051353455,0.43033310770988464,-0.23002760112285614,0.9999194145202637,0.488046258687973,0.4300128221511841,-0.23900124430656433,0.9998725056648254,0.5342003107070923,0.47204574942588806,-0.023952528834342957,0.9999690651893616,0.3892125189304352,0.45793867111206055,-0.01973988302052021,0.9999319911003113,0.5452542304992676,0.5355200171470642,0.005756164435297251,0.9848536849021912,0.30495792627334595,0.475166380405426,-0.035114042460918427,0.9785860776901245,0.5493279695510864,0.5960368514060974,-0.1583988219499588,0.9741284847259521,0.20240144431591034,0.4683055877685547,-0.21588949859142303,0.9764569401741028,0.5489774942398071,0.6129908561706543,-0.1950683295726776,0.9437833428382874,0.1773151308298111,0.45802268385887146,-0.2555832862854004,0.9581681489944458,0.5414584279060364,0.612372875213623,-0.2399304360151291,0.9486144185066223,0.1792198270559311,0.4535585045814514,-0.30577707290649414,0.9622018933296204,0.5380083918571472,0.6080569624900818,-0.1805661916732788,0.9365460276603699,0.18758396804332733,0.4582596719264984,-0.2466304898262024,0.9549437165260315,0.4780119061470032,0.5929107666015625,0.004991429392248392,0.9998370409011841,0.39281657338142395,0.5916244983673096,-0.005003807134926319,0.9998527765274048,0.49740347266197205,0.6901609301567078,-0.0448448583483696,0.9942699074745178,0.3873561918735504,0.6903282403945923,-0.0377010703086853,0.9927743077278137,0.5130752325057983,0.7912271618843079,0.11086142808198929,0.9947060346603394,0.39133164286613464,0.7795436978340149,0.16705302894115448,0.9951033592224121,0.4960893392562866,0.8074010610580444,0.11541935801506042,0.9599235653877258,0.40506720542907715,0.7913138270378113,0.17494584619998932,0.9331696033477783,0.5641435384750366,0.8218393921852112,-0.07865224778652191,0.993198573589325,0.36194947361946106,0.8105064630508423,-0.025317009538412094,0.9918767213821411
IMG_9587 3,23,762,good,0.5167690515518188,0.4215046167373657,-0.3152754008769989,0.9999434947967529,0.5137258768081665,0.4134649336338043,-0.2951839864253998,0.9998109936714172,0.5137828588485718,0.4134647846221924,-0.29524531960487366,0.9998118877410889,0.513463020324707,0.41343122720718384,-0.29532256722450256,0.9998109936714172,0.5076220035552979,0.4129578173160553,-0.29716262221336365,0.9997386336326599,0.5030413269996643,0.4126308262348175,-0.2972250282764435,0.9996844530105591,0.49807316064834595,0.4124206602573395,-0.29723432660102844,0.9996188282966614,0.49848729372024536,0.4165457487106323,-0.1380903720855713,0.9997214674949646,0.47425538301467896,0.4161529839038849,-0.16405612230300903,0.999299943447113,0.509415864944458,0.43032172322273254,-0.25883617997169495,0.9998790621757507,0.49998676776885986,0.4299964904785156,-0.26342058181762695,0.999789834022522,0.5415798425674438,0.4730735719203949,-0.07811585813760757,0.9999619126319885,0.3978091776371002,0.45519569516181946,-0.04533582180738449,0.9998918771743774,0.5498766899108887,0.5369056463241577,-0.07824309170246124,0.985329806804657,0.30425676703453064,0.4598064422607422,-0.02737836353480816,0.9804331064224243,0.5525732636451721,0.5984872579574585,-0.2521699368953705,0.9753933548927307,0.20155948400497437,0.43441131711006165,-0.11755113303661346,0.9781944155693054,0.5514214038848877,0.6145505309104919,-0.2910645008087158,0.9457250237464905,0.17608152329921722,0.4247647821903229,-0.14847177267074585,0.9602823257446289,0.5440794825553894,0.6140298843383789,-0.33893653750419617,0.9504815340042114,0.17846281826496124,0.41910111904144287,-0.20367702841758728,0.9642380475997925,0.5410903096199036,0.6095709204673767,-0.27545762062072754,0.938959002494812,0.18668170273303986,0.42295312881469727,-0.14878977835178375,0.9576504230499268,0.4805799126625061,0.5931196212768555,0.0025742193683981895,0.9998215436935425,0.39494219422340393,0.5914801359176636,-0.0025888304226100445,0.9998435378074646,0.4988028109073639,0.6902368068695068,-0.048926323652267456,0.9942868947982788,0.38802626729011536,0.6903029084205627,-0.03127265349030495,0.9928617477416992,0.5131968855857849,0.7910796403884888,0.10549010336399078,0.9946594834327698,0.39132630825042725,0.7791867852210999,0.1743808090686798,0.9950231313705444,0.4960615932941437,0.806900143623352,0.10987043380737305,0.9598933458328247,0.4053795337677002,0.7912437915802002,0.18231143057346344,0.9320180416107178,0.5642154216766357,0.8219744563102722,-0.08853296935558319,0.993076741695404,0.3618660271167755,0.8102830052375793,-0.018024710938334465,0.991767168045044
IMG_9587 3,24,795,good,0.5233421921730042,0.421563982963562,-0.3250705301761627,0.9999319911003113,0.5223498344421387,0.4135780930519104,-0.31134232878685,0.9997842907905579,0.5222961902618408,0.41355735063552856,-0.31141549348831177,0.9997822046279907,0.5219715237617493,0.41349515318870544,-0.31156066060066223,0.9997849464416504,0.5162947773933411,0.41305652260780334,-0.3117852210998535,0.9996886253356934,0.5118676424026489,0.4127051532268524,-0.3118923604488373,0.9996168613433838,0.5060026049613953,0.41244834661483765,-0.311958372592926,0.9995371699333191,0.5073744654655457,0.4165712296962738,-0.19001136720180511,0.9996972680091858,0.48367032408714294,0.4161350429058075,-0.20966146886348724,0.9992048144340515,0.5165958404541016,0.43037188053131104,-0.2891755700111389,0.9998641014099121,0.508141040802002,0.4300336539745331,-0.293247789144516,0.999763548374176,0.547799825668335,0.4738875925540924,-0.1249830424785614,0.999955952167511,0.4031809866428375,0.4516070783138275,-0.11166034638881683,0.9998757243156433,0.5539530515670776,0.5378937125205994,-0.14672306180000305,0.9857390522956848,0.3015942871570587,0.4445440471172333,-0.09971217066049576,0.982277512550354,0.5556228160858154,0.5990925431251526,-0.3608657419681549,0.9762672781944275,0.2075314074754715,0.40863150358200073,-0.16566365957260132,0.9799985885620117,0.5531272888183594,0.6152600646018982,-0.4066638946533203,0.9468616843223572,0.18474653363227844,0.3962537348270416,-0.2041415274143219,0.9627070426940918,0.5464755296707153,0.6147403717041016,-0.45745712518692017,0.9516270756721497,0.18779850006103516,0.391053706407547,-0.26082751154899597,0.966456413269043,0.5442413091659546,0.61029052734375,-0.3872910737991333,0.9404820203781128,0.19462408125400543,0.3957834243774414,-0.19734050333499908,0.9604257941246033,0.4829269349575043,0.5931338667869568,0.003437353065237403,0.999815046787262,0.396959513425827,0.5909745693206787,-0.0034531184937804937,0.9998440146446228,0.5004650354385376,0.6903164982795715,-0.04995870962738991,0.9944541454315186,0.38828983902931213,0.6902021169662476,-0.03072831965982914,0.9931541681289673,0.5130182504653931,0.791022777557373,0.11467475444078445,0.9947552680969238,0.3910088539123535,0.7790412306785583,0.17413364350795746,0.9950847029685974,0.49430790543556213,0.8069045543670654,0.11987709999084473,0.9611350893974304,0.4051367938518524,0.791230320930481,0.18168163299560547,0.9323982000350952,0.5644312500953674,0.8220264911651611,-0.0862235352396965,0.9931210875511169,0.3612891137599945,0.8102439641952515,-0.02591303363442421,0.9918621182441711
IMG_9587 3,25,828,good,0.5319764018058777,0.422075092792511,-0.3352542519569397,0.9999046325683594,0.530351459980011,0.4141624867916107,-0.3171485662460327,0.9997289180755615,0.530348539352417,0.4141138792037964,-0.31721338629722595,0.9997230172157288,0.5300878882408142,0.41400131583213806,-0.3173060119152069,0.9997303485870361,0.5231472253799438,0.4135739505290985,-0.31354352831840515,0.9995830059051514,0.5185803174972534,0.41314926743507385,-0.3137132525444031,0.9994804859161377,0.5132648944854736,0.4127844572067261,-0.3138549327850342,0.9993696808815002,0.5153313279151917,0.41714343428611755,-0.1992901712656021,0.999625563621521,0.49221959710121155,0.4163281321525574,-0.2335629165172577,0.9990426301956177,0.5225039720535278,0.4309321641921997,-0.2957670986652374,0.999832808971405,0.5127525329589844,0.4306441843509674,-0.30535098910331726,0.9997149109840393,0.5534089803695679,0.47614166140556335,-0.1258181482553482,0.9999468326568604,0.4082186818122864,0.44874513149261475,-0.1543075293302536,0.9998533129692078,0.5554587841033936,0.5404613614082336,-0.1662905365228653,0.9855273365974426,0.3028022050857544,0.43039965629577637,-0.16409312188625336,0.9839529395103455,0.5569663047790527,0.5996615886688232,-0.40103432536125183,0.9758656024932861,0.2121669054031372,0.386208713054657,-0.21037423610687256,0.9815788865089417,0.5550708770751953,0.6156067252159119,-0.4493125379085541,0.9453456401824951,0.18547379970550537,0.37255391478538513,-0.24870441854000092,0.9646722078323364,0.5496448278427124,0.6150880455970764,-0.49783042073249817,0.950413167476654,0.19361092150211334,0.3676809072494507,-0.278401643037796,0.9682153463363647,0.5473147034645081,0.6107656359672546,-0.42786097526550293,0.9394518733024597,0.19995065033435822,0.3722861707210541,-0.2353580743074417,0.9625982642173767,0.4846828281879425,0.5931373834609985,0.018606016412377357,0.9998137950897217,0.39811697602272034,0.5903780460357666,-0.01862191967666149,0.9998454451560974,0.5017310976982117,0.6910178661346436,-0.027595026418566704,0.9946367740631104,0.3894372284412384,0.6899816989898682,-0.03829246759414673,0.9935348629951477,0.5121347904205322,0.7908931374549866,0.16321231424808502,0.99495530128479,0.38896167278289795,0.77765291929245,0.17515277862548828,0.9952328205108643,0.49315139651298523,0.8063888549804688,0.17075364291667938,0.9630232453346252,0.39961981773376465,0.7886579036712646,0.18675735592842102,0.9326412081718445,0.5644222497940063,0.8220800161361694,-0.03981984779238701,0.9932612776756287,0.3626291751861572,0.8094847202301025,-0.018736446276307106,0.9920732378959656
IMG_9587 3,26,861,good,0.5464690327644348,0.42408302426338196,-0.3846551775932312,0.9998974204063416,0.5454968214035034,0.4162397086620331,-0.3510134518146515,0.9997230768203735,0.5458222031593323,0.4162403345108032,-0.35110074281692505,0.9997115731239319,0.5459104180335999,0.41618525981903076,-0.35120463371276855,0.999721348285675,0.537796676158905,0.4153238534927368,-0.3750452399253845,0.9995726346969604,0.5331264138221741,0.4147137403488159,-0.3751574456691742,0.9994653463363647,0.5275557637214661,0.4140899181365967,-0.3752061426639557,0.9993475079536438,0.5275282263755798,0.4188251197338104,-0.1975107043981552,0.9995852112770081,0.5015696287155151,0.4169791042804718,-0.29591599106788635,0.9990501403808594,0.5371440649032593,0.43292248249053955,-0.32292285561561584,0.9998232126235962,0.5268652439117432,0.43261733651161194,-0.35635238885879517,0.9997088313102722,0.5555123686790466,0.47954291105270386,-0.10754886269569397,0.9999358057975769,0.4152882397174835,0.4475497603416443,-0.2334856241941452,0.999832272529602,0.5576740503311157,0.5439520478248596,-0.12005186825990677,0.9840651750564575,0.3117893934249878,0.42012864351272583,-0.2710644602775574,0.9855038523674011,0.5578485131263733,0.6024829745292664,-0.3936399817466736,0.973386824131012,0.238655686378479,0.3664371371269226,-0.3155432939529419,0.9831424355506897,0.554969847202301,0.6180012226104736,-0.36709240078926086,0.9389391541481018,0.22025413811206818,0.35024911165237427,-0.3597189486026764,0.9669705033302307,0.5502201318740845,0.6174149513244629,-0.444038063287735,0.9448105096817017,0.22758649289608002,0.3458351790904999,-0.3874921202659607,0.9701991677284241,0.5482374429702759,0.612984836101532,-0.3894052803516388,0.9341370463371277,0.2334584891796112,0.3525140583515167,-0.3358200788497925,0.9649438858032227,0.48923978209495544,0.5936018824577332,0.05020087584853172,0.9998176693916321,0.40429043769836426,0.590384840965271,-0.0502341203391552,0.9998457431793213,0.5043540596961975,0.6915017366409302,0.01172926090657711,0.9945336580276489,0.3913023769855499,0.6895771622657776,-0.035152558237314224,0.9937585592269897,0.5112224817276001,0.7909040451049805,0.18674510717391968,0.9948868751525879,0.38658344745635986,0.7722364068031311,0.21290750801563263,0.9951454401016235,0.4915585517883301,0.8063684105873108,0.1933232545852661,0.963997483253479,0.3915635943412781,0.7802339196205139,0.22723647952079773,0.9294189810752869,0.5644145607948303,0.8220776319503784,-0.014798043295741081,0.99310702085495,0.36792734265327454,0.8054132461547852,0.013077777810394764,0.9919447898864746
IMG_9587 3,27,894,good,0.5555448532104492,0.4254379868507385,-0.4601530432701111,0.9999017715454102,0.5548745393753052,0.41796913743019104,-0.42499008774757385,0.9997409582138062,0.555433452129364,0.4180339276790619,-0.4250296354293823,0.9997279644012451,0.5557577013969421,0.41802978515625,-0.4251176118850708,0.9997377991676331,0.5473365187644958,0.41675686836242676,-0.45204874873161316,0.9995986819267273,0.542341411113739,0.4159903824329376,-0.4521586298942566,0.9994959235191345,0.5370210409164429,0.41521352529525757,-0.4521547853946686,0.9993847608566284,0.5378034710884094,0.4204712510108948,-0.240887850522995,0.9996011853218079,0.510890781879425,0.4177374243736267,-0.36480513215065,0.9991198182106018,0.547531008720398,0.43424761295318604,-0.3902873992919922,0.9998328685760498,0.5373072624206543,0.43397095799446106,-0.42712366580963135,0.9997274279594421,0.558431088924408,0.4825233221054077,-0.13154754042625427,0.999933660030365,0.42238157987594604,0.44622838497161865,-0.3101438283920288,0.9998340606689453,0.5602302551269531,0.5464329123497009,-0.14352618157863617,0.9834458231925964,0.32353365421295166,0.4079200029373169,-0.3768872916698456,0.9869269728660583,0.5595943927764893,0.6029717922210693,-0.35113009810447693,0.9709306955337524,0.2645699381828308,0.34644708037376404,-0.39615628123283386,0.9846717715263367,0.5569425821304321,0.6184952259063721,-0.3800927698612213,0.9326355457305908,0.25557756423950195,0.3267921805381775,-0.4418272376060486,0.9694780707359314,0.5529056787490845,0.6178790330886841,-0.43437913060188293,0.9390937089920044,0.26328951120376587,0.3239395022392273,-0.4630376994609833,0.9723610281944275,0.5506621599197388,0.613533079624176,-0.3761962652206421,0.928607702255249,0.26616933941841125,0.3305716812610626,-0.4130280613899231,0.9674631953239441,0.491875022649765,0.5944876670837402,0.06265915185213089,0.9998321533203125,0.4074133634567261,0.5903986692428589,-0.06272677332162857,0.9998570084571838,0.5107001066207886,0.6927686929702759,0.0074026333168148994,0.9945132732391357,0.39285707473754883,0.689466655254364,-0.021486498415470123,0.9941142201423645,0.5121024250984192,0.791843593120575,0.1773579865694046,0.9950584769248962,0.3797486424446106,0.7654446363449097,0.280988484621048,0.9953014254570007,0.4921169579029083,0.8068015575408936,0.18295229971408844,0.9659334421157837,0.37890711426734924,0.7705875039100647,0.29847976565361023,0.9294552206993103,0.5656587481498718,0.8220766186714172,-0.034989822655916214,0.9932847619056702,0.36757925152778625,0.8032271265983582,0.08354406803846359,0.9921960830688477
IMG_9587 3,28,927,good,0.5612552762031555,0.42745599150657654,-0.5029386281967163,0.9999042749404907,0.5604978799819946,0.42068326473236084,-0.465150386095047,0.9997548460960388,0.5612151026725769,0.42087242007255554,-0.46519309282302856,0.9997391104698181,0.5617761611938477,0.4209751486778259,-0.4653069078922272,0.9997498989105225,0.5524367094039917,0.41918137669563293,-0.49729403853416443,0.9996196627616882,0.547599732875824,0.4184347987174988,-0.4974140226840973,0.9995205998420715,0.5420085787773132,0.4176589846611023,-0.4973903000354767,0.9994142651557922,0.5439109802246094,0.4231793284416199,-0.2645004391670227,0.9996026158332825,0.5159465670585632,0.419597864151001,-0.4140614867210388,0.9991775155067444,0.5527881979942322,0.43593862652778625,-0.42651456594467163,0.9998388886451721,0.5418561100959778,0.43582379817962646,-0.4702577590942383,0.9997408986091614,0.559890866279602,0.48507368564605713,-0.1283601075410843,0.9999282956123352,0.42923593521118164,0.4463515281677246,-0.36893534660339355,0.9998301863670349,0.559810996055603,0.5488950610160828,-0.12209411710500717,0.9811684489250183,0.3426058888435364,0.4039360284805298,-0.45768943428993225,0.9882081747055054,0.5605250000953674,0.6044265031814575,-0.3041618764400482,0.9660836458206177,0.3011261224746704,0.3311117887496948,-0.4839024245738983,0.9860789179801941,0.5585735440254211,0.6205542087554932,-0.3091787099838257,0.9218226075172424,0.2923959791660309,0.31196367740631104,-0.536639928817749,0.971911609172821,0.5552248358726501,0.6199860572814941,-0.37380537390708923,0.9294776320457458,0.29967889189720154,0.3096086382865906,-0.5513901114463806,0.9744583368301392,0.5527029633522034,0.6155241131782532,-0.34818235039711,0.9199072122573853,0.3037210702896118,0.31584233045578003,-0.49800240993499756,0.9698596596717834,0.4948437213897705,0.5949805974960327,0.07748953253030777,0.9998455047607422,0.4112178683280945,0.5902991890907288,-0.07751040160655975,0.9998652935028076,0.5156785249710083,0.6927651762962341,-0.008203171193599701,0.9944408535957336,0.39665377140045166,0.6882462501525879,-0.022101426497101784,0.9942629933357239,0.512083888053894,0.7919644117355347,0.15957140922546387,0.9950258135795593,0.3740646243095398,0.7577417492866516,0.33353886008262634,0.9949696063995361,0.49214211106300354,0.806804895401001,0.16579824686050415,0.9669660925865173,0.36798587441444397,0.7606620192527771,0.35793840885162354,0.925473153591156,0.5656444430351257,0.8222615122795105,-0.0502297505736351,0.9932328462600708,0.3674664795398712,0.7986198663711548,0.1581064909696579,0.9917287826538086
IMG_9587 3,29,960,good,0.5628629922866821,0.43205246329307556,-0.550590455532074,0.9999019503593445,0.5615339875221252,0.4246094524860382,-0.5114129185676575,0.9997617602348328,0.5620364546775818,0.42481011152267456,-0.5114337205886841,0.9997420907020569,0.562391459941864,0.42491063475608826,-0.5115438103675842,0.9997538328170776,0.5533379316329956,0.4233025014400482,-0.54647296667099,0.9996334910392761,0.5482224225997925,0.422731876373291,-0.5466631650924683,0.9995374083518982,0.5422420501708984,0.42209017276763916,-0.5466793775558472,0.9994334578514099,0.542958676815033,0.42726460099220276,-0.30148449540138245,0.9995917081832886,0.5181587934494019,0.4233796000480652,-0.46477270126342773,0.9992228746414185,0.5540949702262878,0.4413932263851166,-0.47011372447013855,0.9998359680175781,0.5437936186790466,0.4403349757194519,-0.5178191065788269,0.9997405409812927,0.560384213924408,0.4887210428714752,-0.13647040724754333,0.9998930096626282,0.43724262714385986,0.44692033529281616,-0.4370955526828766,0.9998063445091248,0.5602332353591919,0.5532094836235046,-0.08343955129384995,0.9759224057197571,0.36280396580696106,0.39970701932907104,-0.5763470530509949,0.9893648624420166,0.5609627962112427,0.6103418469429016,-0.16653169691562653,0.9566938281059265,0.3314271867275238,0.3264169991016388,-0.6484130620956421,0.9873760938644409,0.5590040683746338,0.6271669864654541,-0.17289312183856964,0.9033133387565613,0.3289913833141327,0.3059094548225403,-0.7065744400024414,0.9742998480796814,0.5561881065368652,0.6269481182098389,-0.2300892025232315,0.9129490852355957,0.33673009276390076,0.30231183767318726,-0.7089424133300781,0.9765399694442749,0.5540139675140381,0.6209406852722168,-0.19616954028606415,0.9056210517883301,0.33875957131385803,0.30957144498825073,-0.6574286818504333,0.9722403883934021,0.4964744746685028,0.5960795879364014,0.08335292339324951,0.9998570084571838,0.41374677419662476,0.5911198258399963,-0.08335155993700027,0.9998705387115479,0.5211343169212341,0.6900327205657959,-0.1468631476163864,0.993864893913269,0.4011071026325226,0.689015805721283,-0.05838749557733536,0.9936181306838989,0.5123295187950134,0.7919634580612183,-0.025163577869534492,0.9936164617538452,0.3675067126750946,0.7540386915206909,0.3751465678215027,0.9891827702522278,0.4921639859676361,0.8066655397415161,-0.02071295492351055,0.9656509757041931,0.3576509654521942,0.752472460269928,0.41002094745635986,0.901904821395874,0.5676777958869934,0.8222649097442627,-0.2320358157157898,0.9916797280311584,0.36613643169403076,0.7942023277282715,0.24282842874526978,0.9847971796989441
IMG_9587 3,30,994,good,0.5670316219329834,0.43498265743255615,-0.44605302810668945,0.9999067187309265,0.564816951751709,0.42742109298706055,-0.39455556869506836,0.9997791647911072,0.5652608871459961,0.4276556670665741,-0.3945426940917969,0.9997591972351074,0.5656046867370605,0.42780402302742004,-0.39465710520744324,0.9997710585594177,0.5569868087768555,0.42618680000305176,-0.4442659318447113,0.9996602535247803,0.5520302057266235,0.425621896982193,-0.4445509612560272,0.9995700120925903,0.5469239950180054,0.42499589920043945,-0.44449371099472046,0.9994724988937378,0.5466268658638,0.43112102150917053,-0.1769595891237259,0.9996190667152405,0.5228991508483887,0.42609405517578125,-0.4163099527359009,0.9992823004722595,0.5593914985656738,0.4443955421447754,-0.3608088791370392,0.9998443126678467,0.5495652556419373,0.4431147277355194,-0.4370000958442688,0.9997525811195374,0.5603792071342468,0.49339553713798523,-0.025446075946092606,0.9998883008956909,0.443153440952301,0.4504755437374115,-0.33615225553512573,0.9998020529747009,0.5590384006500244,0.5569738745689392,0.04302528128027916,0.9714107513427734,0.38523533940315247,0.4004724323749542,-0.5675475001335144,0.99040687084198,0.5600525140762329,0.612385094165802,-0.036539074033498764,0.9512997269630432,0.372629851102829,0.3303625285625458,-0.7255908846855164,0.988562822341919,0.5581958889961243,0.6292290687561035,-0.04492492228746414,0.8910915851593018,0.3699522316455841,0.3097667098045349,-0.7907525300979614,0.976514995098114,0.555517315864563,0.6288508772850037,-0.09532345086336136,0.9018436074256897,0.3754386007785797,0.30624279379844666,-0.7728239893913269,0.9784790277481079,0.5531802177429199,0.623161792755127,-0.06101719290018082,0.8948014378547668,0.37732598185539246,0.3128300607204437,-0.7291243076324463,0.9744569659233093,0.4978466331958771,0.5996782183647156,0.08850854635238647,0.9998693466186523,0.415897935628891,0.5950313806533813,-0.08843421936035156,0.9998779892921448,0.5286213159561157,0.6871787905693054,-0.2866620123386383,0.9922572374343872,0.4036964774131775,0.6939700245857239,-0.06414134055376053,0.9917870163917542,0.5123443603515625,0.7920591831207275,-0.23935472965240479,0.9903731942176819,0.3592280149459839,0.7521065473556519,0.3409791588783264,0.9787183403968811,0.4922045171260834,0.8070725202560425,-0.24092955887317657,0.9627960920333862,0.3465396463871002,0.7481845021247864,0.37212106585502625,0.8710408210754395,0.5687003135681152,0.8222521543502808,-0.45024535059928894,0.9893636703491211,0.36542099714279175,0.7929391264915466,0.21688714623451233,0.9740892052650452
IMG_9587 3,31,1027,good,0.5695828795433044,0.43919429183006287,-0.44148164987564087,0.9999104738235474,0.5670689940452576,0.43154096603393555,-0.3932397663593292,0.9997943639755249,0.5675439238548279,0.43172597885131836,-0.3932478725910187,0.9997736215591431,0.567945122718811,0.43182283639907837,-0.3933424949645996,0.9997860193252563,0.5592432022094727,0.4305208623409271,-0.43512165546417236,0.9996823668479919,0.5543444752693176,0.43005481362342834,-0.4353266954421997,0.9995973110198975,0.5493535399436951,0.4295123815536499,-0.435294508934021,0.9995042085647583,0.5500736832618713,0.4355928897857666,-0.18401861190795898,0.9996419548988342,0.5261907577514648,0.43055295944213867,-0.36419427394866943,0.9993299245834351,0.5620981454849243,0.44856172800064087,-0.3599051833152771,0.9998509883880615,0.5522456169128418,0.4472388029098511,-0.4156239330768585,0.9997590780258179,0.5614981055259705,0.49718019366264343,-0.03640946000814438,0.9998853206634521,0.44841545820236206,0.4555279314517975,-0.37456509470939636,0.9997938275337219,0.5583503246307373,0.5593475699424744,0.028405889868736267,0.964320719242096,0.4080643653869629,0.4023192524909973,-0.6443771719932556,0.9913407564163208,0.5594143271446228,0.6143655180931091,-0.0590641051530838,0.9467662572860718,0.4046732783317566,0.33138710260391235,-0.7924436330795288,0.9896514415740967,0.5579915642738342,0.6311250329017639,-0.06731440126895905,0.8837061524391174,0.4057275354862213,0.3091508746147156,-0.8588860630989075,0.9786498546600342,0.5558880567550659,0.6302670240402222,-0.11609982699155807,0.8955987691879272,0.40944769978523254,0.30592378973960876,-0.8386726379394531,0.9803824424743652,0.5533708930015564,0.6247642636299133,-0.0829046443104744,0.8893567323684692,0.4100283682346344,0.3139478862285614,-0.7945954203605652,0.9766746759414673,0.49831023812294006,0.603813648223877,0.09519274532794952,0.9998814463615417,0.41637641191482544,0.5992372632026672,-0.09520624577999115,0.9998869299888611,0.5361701846122742,0.6869199872016907,-0.28585851192474365,0.9916682243347168,0.40551766753196716,0.6963112354278564,-0.08406239748001099,0.991477370262146,0.5134763121604919,0.7919567227363586,-0.2093074768781662,0.9891641736030579,0.3563964366912842,0.7410427331924438,0.3472505807876587,0.9746201038360596,0.49228858947753906,0.8070819973945618,-0.20669016242027283,0.9632521867752075,0.3423829674720764,0.7362765073776245,0.38343772292137146,0.8597631454467773,0.5704634785652161,0.8210252523422241,-0.4023565649986267,0.9887034893035889,0.35834479331970215,0.7882258296012878,0.24585136771202087,0.9700356721878052
IMG_9587 3,32,1060,good,0.5719565749168396,0.44371286034584045,-0.4390925168991089,0.9999127984046936,0.5697299242019653,0.43665021657943726,-0.3903222382068634,0.9998069405555725,0.5703317523002625,0.4369771182537079,-0.39033207297325134,0.9997845888137817,0.5708296895027161,0.43720099329948425,-0.3903927505016327,0.9997975826263428,0.5614386796951294,0.435177743434906,-0.4315071105957031,0.999700665473938,0.5564988255500793,0.43458011746406555,-0.4316783845424652,0.9996201395988464,0.551224410533905,0.43386784195899963,-0.4316641688346863,0.9995315074920654,0.5542128682136536,0.44069597125053406,-0.1759670376777649,0.9996552467346191,0.5301802754402161,0.4349587559700012,-0.34463268518447876,0.9993724226951599,0.5652035474777222,0.45305123925209045,-0.3559008836746216,0.9998536109924316,0.5551664233207703,0.4514850676059723,-0.40690675377845764,0.9997607469558716,0.5616338849067688,0.5022448301315308,-0.013548432849347591,0.9998790621757507,0.4554305374622345,0.4598689675331116,-0.3840620517730713,0.9997940063476562,0.5578165650367737,0.5640963912010193,0.04501704126596451,0.9546504020690918,0.4340841770172119,0.4036373794078827,-0.6828445196151733,0.9921815991401672,0.5589386224746704,0.6183762550354004,-0.04079796001315117,0.9405964612960815,0.4429878294467926,0.33459609746932983,-0.8279047608375549,0.990639328956604,0.5575785040855408,0.6361920833587646,-0.04330582916736603,0.87427818775177,0.44813379645347595,0.3132206201553345,-0.8960586190223694,0.9805974960327148,0.5558545589447021,0.6358343362808228,-0.09094516187906265,0.887013852596283,0.4517301917076111,0.3110622763633728,-0.863067090511322,0.9821208119392395,0.553433895111084,0.6292210221290588,-0.06410372257232666,0.881569504737854,0.4503619372844696,0.31936323642730713,-0.8245317339897156,0.9787001013755798,0.49978992342948914,0.6078653335571289,0.11144557595252991,0.9998916983604431,0.41900596022605896,0.6022732257843018,-0.11159086227416992,0.9998942613601685,0.5444587469100952,0.6869926452636719,-0.19778993725776672,0.9906890988349915,0.40779733657836914,0.6991826891899109,-0.12306993454694748,0.9915086627006531,0.5164955854415894,0.791989266872406,-0.10301283746957779,0.9874706268310547,0.34912246465682983,0.7426022887229919,0.3250676095485687,0.9720847606658936,0.4924473464488983,0.8072146773338318,-0.0996447205543518,0.9622125625610352,0.3357597589492798,0.7385503053665161,0.347659707069397,0.8497810363769531,0.5762847065925598,0.8217023611068726,-0.28541138768196106,0.9875612258911133,0.34843623638153076,0.7877011299133301,0.21040008962154388,0.9676929116249084
IMG_9587 3,33,1093,good,0.5750296115875244,0.4536297023296356,-0.40548181533813477,0.9999163150787354,0.5737596750259399,0.44500645995140076,-0.355813205242157,0.9998209476470947,0.5745424032211304,0.4451676905155182,-0.3558330535888672,0.9997984170913696,0.5751399397850037,0.4452241361141205,-0.35589465498924255,0.999811053276062,0.5650912523269653,0.44343113899230957,-0.391260027885437,0.9997211694717407,0.560210108757019,0.44249188899993896,-0.39138299226760864,0.999645471572876,0.5548930764198303,0.44139936566352844,-0.39133933186531067,0.9995615482330322,0.5586993098258972,0.4488343298435211,-0.13442562520503998,0.9996740818023682,0.5350999236106873,0.44319555163383484,-0.29006505012512207,0.9994151592254639,0.568358302116394,0.4624651372432709,-0.32119572162628174,0.9998574256896973,0.5588201284408569,0.46107643842697144,-0.36856791377067566,0.9997631311416626,0.5615782141685486,0.509245753288269,0.023331210017204285,0.999872624874115,0.4652584493160248,0.46889644861221313,-0.3565216660499573,0.9997814893722534,0.5556439757347107,0.5689368844032288,0.05846301466226578,0.9433857798576355,0.4671740233898163,0.4112112522125244,-0.6783360242843628,0.9929230213165283,0.5586363077163696,0.6211057901382446,-0.03922504931688309,0.9345325231552124,0.4822726249694824,0.34927427768707275,-0.8349488377571106,0.9915116429328918,0.5577231049537659,0.6381412148475647,-0.044650156050920486,0.8644695281982422,0.48764094710350037,0.331013560295105,-0.9017205834388733,0.9822797179222107,0.5564984679222107,0.637686014175415,-0.08956492692232132,0.8776565790176392,0.49140286445617676,0.3291628062725067,-0.8675649166107178,0.9836035966873169,0.5539163947105408,0.6315219402313232,-0.06159280985593796,0.8723321557044983,0.4901309609413147,0.33595702052116394,-0.8305690884590149,0.9804167151451111,0.5009794235229492,0.6157110929489136,0.11512446403503418,0.9999005794525146,0.42143985629081726,0.6095797419548035,-0.11520728468894958,0.999900221824646,0.5511959791183472,0.6890782117843628,-0.1830967515707016,0.9896349906921387,0.4068967401981354,0.7065308690071106,-0.11914992332458496,0.9914534091949463,0.5176613926887512,0.7925390005111694,-0.061820607632398605,0.9858407974243164,0.34080055356025696,0.7456592321395874,0.3177937865257263,0.9696611762046814,0.4924665689468384,0.8075994253158569,-0.058992110192775726,0.9602181315422058,0.3252345621585846,0.7414335608482361,0.3521355092525482,0.8369119167327881,0.5765371322631836,0.8236414790153503,-0.22125574946403503,0.986319899559021,0.34302860498428345,0.7892730832099915,0.23554199934005737,0.9652831554412842
IMG_9587 3,34,1126,good,0.577973484992981,0.4606172442436218,-0.38731077313423157,0.9999176263809204,0.5779362916946411,0.45196542143821716,-0.3401130735874176,0.9998317360877991,0.5788134336471558,0.45212888717651367,-0.34011349081993103,0.9998076558113098,0.5794897079467773,0.45219147205352783,-0.3401813209056854,0.9998205900192261,0.5689052939414978,0.4504060745239258,-0.37174996733665466,0.9997367858886719,0.5638648271560669,0.44948750734329224,-0.3718591630458832,0.9996635913848877,0.5583819150924683,0.4484131932258606,-0.37183907628059387,0.99958336353302,0.5625202655792236,0.4551873505115509,-0.12233877182006836,0.9996857643127441,0.5389940142631531,0.44996902346611023,-0.2645935118198395,0.9994443655014038,0.5707812309265137,0.4696219265460968,-0.3048475384712219,0.9998576641082764,0.5613408088684082,0.4677753448486328,-0.34763550758361816,0.9997597932815552,0.5608624219894409,0.5148543119430542,0.023216746747493744,0.999857485294342,0.4739079475402832,0.4785507619380951,-0.3415621519088745,0.9997713565826416,0.5541477799415588,0.5747144222259521,0.03219519928097725,0.9283093214035034,0.4988148510456085,0.41471201181411743,-0.6682886481285095,0.9935911297798157,0.558499813079834,0.6248458623886108,-0.08184512704610825,0.9241558313369751,0.5188944339752197,0.35760262608528137,-0.7966693639755249,0.9922778606414795,0.5575188994407654,0.6418830752372742,-0.09549486637115479,0.8488983511924744,0.5294911861419678,0.3399004638195038,-0.8603742122650146,0.983683705329895,0.5563600659370422,0.6404306888580322,-0.13992762565612793,0.8626104593276978,0.5325425863265991,0.33820584416389465,-0.8245413899421692,0.9848015904426575,0.5539065599441528,0.633483350276947,-0.10499529540538788,0.8566190004348755,0.5297617316246033,0.34412530064582825,-0.7903974652290344,0.9817570447921753,0.5009551644325256,0.6221823692321777,0.10513842105865479,0.999909520149231,0.42353859543800354,0.6170660257339478,-0.10518279671669006,0.9999075531959534,0.5584921836853027,0.6902554631233215,-0.23778767883777618,0.9884970784187317,0.40639522671699524,0.7126950025558472,-0.08106403797864914,0.9907825589179993,0.5192582607269287,0.7928987145423889,-0.16062918305397034,0.9840657711029053,0.33318114280700684,0.7479342818260193,0.4087375998497009,0.9641255736351013,0.49259936809539795,0.8077280521392822,-0.15711592137813568,0.958729088306427,0.3168801963329315,0.7452310919761658,0.4516383707523346,0.8175756335258484,0.57769775390625,0.8260484933853149,-0.32817280292510986,0.9852034449577332,0.33542945981025696,0.7898909449577332,0.34000852704048157,0.9600697159767151
IMG_9587 3,35,1159,good,0.5754910111427307,0.4610482156276703,-0.3884936273097992,0.9999155402183533,0.5775549411773682,0.4556259512901306,-0.34044772386550903,0.9998365640640259,0.579261302947998,0.4562748968601227,-0.3404364585876465,0.9998080730438232,0.5809046626091003,0.45671358704566956,-0.3405246436595917,0.9998216032981873,0.5673578977584839,0.4528290331363678,-0.37063196301460266,0.9997466802597046,0.5625811815261841,0.4517565965652466,-0.370734840631485,0.9996748566627502,0.5577712059020996,0.4505802392959595,-0.37074992060661316,0.9995973706245422,0.5669757127761841,0.4609437882900238,-0.11309889703989029,0.9996784925460815,0.5410457253456116,0.45289286971092224,-0.24904146790504456,0.9994553327560425,0.5715286731719971,0.4700009524822235,-0.3036806881427765,0.9998413324356079,0.5609179735183716,0.4666880667209625,-0.34411582350730896,0.9997270703315735,0.5603894591331482,0.516872763633728,0.05381854623556137,0.9998072981834412,0.4810118079185486,0.4819801151752472,-0.3395463526248932,0.9997485876083374,0.5521500706672668,0.5753663778305054,0.11061213165521622,0.9091102480888367,0.5186989307403564,0.43054118752479553,-0.6913276314735413,0.9941553473472595,0.5582353472709656,0.6286568641662598,0.04621933773159981,0.9055635929107666,0.5559125542640686,0.3744339346885681,-0.8749035596847534,0.9929459691047668,0.5580942630767822,0.644825279712677,0.038721997290849686,0.8221226930618286,0.5662194490432739,0.3576931059360504,-0.9511899352073669,0.9848819971084595,0.557929515838623,0.6438132524490356,-0.004402209538966417,0.8364940285682678,0.5689328908920288,0.3571678698062897,-0.9182204604148865,0.9858134984970093,0.5549620389938354,0.6379736065864563,0.025520188733935356,0.829586923122406,0.5645150542259216,0.3650233745574951,-0.870974600315094,0.9828194379806519,0.5027808547019958,0.626241147518158,0.10958671569824219,0.9999172687530518,0.42533156275749207,0.6212306022644043,-0.10966277867555618,0.9999140501022339,0.5636705756187439,0.6927047371864319,-0.19927063584327698,0.9874534606933594,0.403156578540802,0.7215293645858765,-0.06581480801105499,0.9896108508110046,0.5211960077285767,0.793962836265564,-0.12692652642726898,0.9816635251045227,0.32611727714538574,0.7506999373435974,0.48349258303642273,0.9556041955947876,0.4941120147705078,0.8080724477767944,-0.14720267057418823,0.9557867646217346,0.31110918521881104,0.7475680708885193,0.5343074798583984,0.7912243008613586,0.5793110728263855,0.8290933966636658,-0.2529943287372589,0.9835459589958191,0.32182785868644714,0.7946796417236328,0.4256133437156677,0.9530268907546997
IMG_9587 3,36,1192,good,0.5745081305503845,0.4730300307273865,-0.4248226284980774,0.9998573660850525,0.5759798288345337,0.4671497344970703,-0.37960031628608704,0.9997798800468445,0.5777934789657593,0.4677858054637909,-0.37958818674087524,0.9997119903564453,0.5794568061828613,0.4682900905609131,-0.37969881296157837,0.9997421503067017,0.5656664371490479,0.4644351303577423,-0.4235658347606659,0.9996906518936157,0.5604736804962158,0.4632335305213928,-0.4236927032470703,0.9995987415313721,0.5557641983032227,0.4621737599372864,-0.42386162281036377,0.9995078444480896,0.5656495094299316,0.4722307026386261,-0.1370222270488739,0.9995563626289368,0.5385876893997192,0.4646894633769989,-0.3461902141571045,0.9992963075637817,0.5708593726158142,0.48224836587905884,-0.3330483138561249,0.9997059106826782,0.5596970915794373,0.4797707796096802,-0.3922303020954132,0.9994603395462036,0.5579187870025635,0.5216085910797119,0.031249988824129105,0.9997357726097107,0.47917667031288147,0.49852997064590454,-0.45286762714385986,0.9996544122695923,0.5471079349517822,0.5761004090309143,0.1806679517030716,0.8596384525299072,0.5125913619995117,0.4809665083885193,-0.8969626426696777,0.9946076273918152,0.5569095611572266,0.6314347386360168,0.23371388018131256,0.8821790814399719,0.5665371417999268,0.43636080622673035,-1.1458152532577515,0.993476152420044,0.5580334067344666,0.6467352509498596,0.2568354308605194,0.7960411310195923,0.5857025980949402,0.4143120050430298,-1.228703498840332,0.9856942892074585,0.5579448342323303,0.6462931036949158,0.2184547334909439,0.8113608360290527,0.5852875709533691,0.41259637475013733,-1.1920099258422852,0.9864153861999512,0.5547505021095276,0.6404701471328735,0.21992476284503937,0.8022345900535583,0.5758550763130188,0.4235118329524994,-1.1397662162780762,0.9830775856971741,0.5025209784507751,0.633521318435669,0.11143969744443893,0.9999250769615173,0.42527833580970764,0.6305567622184753,-0.11151231080293655,0.9999204874038696,0.5693771243095398,0.6962390542030334,-0.2965012490749359,0.9872032403945923,0.39859288930892944,0.7285474538803101,0.03391163796186447,0.9860178232192993,0.5230878591537476,0.7942956686019897,-0.1714002788066864,0.9797576069831848,0.3199136257171631,0.7536546587944031,0.725793719291687,0.9351183772087097,0.49631625413894653,0.8078498244285583,-0.16367295384407043,0.9538218975067139,0.3045951724052429,0.7488014101982117,0.7924456000328064,0.7574382424354553,0.5791005492210388,0.8289936184883118,-0.33983221650123596,0.9825839400291443,0.3096180260181427,0.7963908910751343,0.6851380467414856,0.9374651312828064
IMG_9587 3,37,1226,good,0.5738198161125183,0.4824599623680115,-0.42759883403778076,0.9997935891151428,0.5746762752532959,0.4757787585258484,-0.3866221308708191,0.999724268913269,0.5763694643974304,0.4764348864555359,-0.3866315186023712,0.9996201992034912,0.5779414772987366,0.47699040174484253,-0.38671591877937317,0.9996786713600159,0.5644145011901855,0.47323957085609436,-0.429084450006485,0.9996320009231567,0.5591527223587036,0.4722423553466797,-0.42920517921447754,0.9995083212852478,0.5539037585258484,0.47114333510398865,-0.4293859302997589,0.9993973970413208,0.564183235168457,0.4802074432373047,-0.15561553835868835,0.9994158148765564,0.5362845659255981,0.47305235266685486,-0.35764679312705994,0.9990196824073792,0.5701268315315247,0.49214857816696167,-0.3388825058937073,0.9996261596679688,0.5587348937988281,0.4899807870388031,-0.39712652564048767,0.9992862343788147,0.5566662549972534,0.5335752367973328,0.018675651401281357,0.9996598362922668,0.47892624139785767,0.5072837471961975,-0.4452533721923828,0.9995036721229553,0.5389028787612915,0.5871924161911011,0.11818888783454895,0.8189135193824768,0.5051656365394592,0.5080010294914246,-0.877967894077301,0.994853675365448,0.5557108521461487,0.6434402465820312,0.08064053952693939,0.8598437309265137,0.5582640171051025,0.47449931502342224,-1.1666207313537598,0.9934933185577393,0.5589432120323181,0.6613667011260986,0.08202261477708817,0.7729545831680298,0.5747249722480774,0.46514827013015747,-1.2564424276351929,0.9850708246231079,0.5605242252349854,0.6615443229675293,0.03949766978621483,0.7891705632209778,0.5740282535552979,0.4663837254047394,-1.2250580787658691,0.9854104518890381,0.5552016496658325,0.6546957492828369,0.0622636154294014,0.7772080898284912,0.5695205926895142,0.47240254282951355,-1.1633323431015015,0.9803817868232727,0.5023028254508972,0.6423539519309998,0.10833878070116043,0.9999321699142456,0.4245477616786957,0.6405467987060547,-0.10839139670133591,0.9999261498451233,0.5740441083908081,0.6986563205718994,-0.3195824921131134,0.9878048896789551,0.3963037133216858,0.7376863360404968,0.06434546411037445,0.9846470355987549,0.5231550931930542,0.7948872447013855,-0.17319664359092712,0.9796069264411926,0.31332606077194214,0.7570381760597229,0.8028156757354736,0.9185553193092346,0.49665915966033936,0.808159589767456,-0.1620153784751892,0.9531275629997253,0.2995555102825165,0.7496824264526367,0.8736447095870972,0.7283804416656494,0.5788866281509399,0.8289152979850769,-0.34950077533721924,0.9825319051742554,0.30544570088386536,0.797126829624176,0.7592994570732117,0.9255573153495789
IMG_9587 3,38,1259,good,0.5837374329566956,0.4941698908805847,-0.23766040802001953,0.9997876286506653,0.5835346579551697,0.4862668812274933,-0.2039191573858261,0.9997304081916809,0.5845077633857727,0.48642149567604065,-0.20398201048374176,0.9996272921562195,0.5854005217552185,0.4863549768924713,-0.20408543944358826,0.9996904134750366,0.5759792923927307,0.48466694355010986,-0.254715234041214,0.9996411800384521,0.5711920261383057,0.48384472727775574,-0.25477156043052673,0.999518096446991,0.566656768321991,0.48294925689697266,-0.25491151213645935,0.9994070529937744,0.5686838030815125,0.48969757556915283,-0.025212371721863747,0.9994292855262756,0.5456379055976868,0.48573940992355347,-0.2644556760787964,0.9989922046661377,0.5792769193649292,0.5034348368644714,-0.16741661727428436,0.9996153116226196,0.5697045922279358,0.5018191933631897,-0.2367219179868698,0.9992352724075317,0.5558699369430542,0.5409219861030579,0.13931505382061005,0.9996324777603149,0.49141737818717957,0.5171963572502136,-0.3957284092903137,0.9992374181747437,0.5294462442398071,0.5967884659767151,0.2969612181186676,0.7815885543823242,0.506169319152832,0.5294095873832703,-0.758553147315979,0.9940178990364075,0.5556120872497559,0.6507493853569031,0.3435971140861511,0.8445757627487183,0.5486054420471191,0.4987456202507019,-1.0024523735046387,0.991860568523407,0.55958491563797,0.66782546043396,0.3648509085178375,0.75751793384552,0.5550099015235901,0.4893384277820587,-1.0806602239608765,0.981961190700531,0.5613870620727539,0.6670800447463989,0.3212767541408539,0.7748523950576782,0.558495283126831,0.4893564283847809,-1.0590171813964844,0.9817397594451904,0.5566516518592834,0.6602924466133118,0.3284335136413574,0.7595221400260925,0.5559087991714478,0.4943111836910248,-1.001389741897583,0.9729844331741333,0.4967249631881714,0.6453094482421875,0.12012378871440887,0.9999386668205261,0.424198180437088,0.6432366371154785,-0.1201782375574112,0.9999310970306396,0.5740308165550232,0.699367344379425,-0.27525630593299866,0.9881360530853271,0.3931180536746979,0.7451888918876648,0.003136814571917057,0.9835972785949707,0.5242529511451721,0.7950001955032349,-0.19546952843666077,0.979382336139679,0.3083847165107727,0.7585204839706421,0.6135559678077698,0.9069042801856995,0.5007005929946899,0.8088208436965942,-0.1908208280801773,0.9529667496681213,0.2907705307006836,0.7501832246780396,0.6665520071983337,0.7067903280258179,0.580898642539978,0.8288244605064392,-0.3441784083843231,0.9822588562965393,0.3054439425468445,0.7972357869148254,0.5670061707496643,0.9159383773803711
IMG_9587 3,39,1292,good,0.5821767449378967,0.4985378384590149,-0.1153712347149849,0.9997577667236328,0.5816421508789062,0.49222415685653687,-0.08222398906946182,0.9997111558914185,0.5825461149215698,0.4925905466079712,-0.08235090970993042,0.9996204972267151,0.5834061503410339,0.49280545115470886,-0.08245266228914261,0.9996899366378784,0.573930561542511,0.4904506504535675,-0.12520883977413177,0.9995995163917542,0.5694517493247986,0.4898933470249176,-0.12526467442512512,0.999463677406311,0.56517094373703,0.4893282651901245,-0.1254117339849472,0.9993143081665039,0.5670520067214966,0.49685606360435486,0.06395410746335983,0.9994058012962341,0.5439271926879883,0.4939461648464203,-0.13016220927238464,0.9988695383071899,0.5768628120422363,0.5086846351623535,-0.05896145850419998,0.9995614290237427,0.5668907165527344,0.5072687268257141,-0.11574097722768784,0.9990513920783997,0.5553537011146545,0.5509623289108276,0.18376123905181885,0.9996012449264526,0.48903366923332214,0.5303069949150085,-0.2701956331729889,0.9990220665931702,0.5271182060241699,0.6104178428649902,0.2151910811662674,0.7534977197647095,0.5277198553085327,0.5520154237747192,-0.45252764225006104,0.9941189289093018,0.5555093884468079,0.6654302477836609,0.181829035282135,0.8255786895751953,0.6282482147216797,0.5333436727523804,-0.4310256540775299,0.9904220104217529,0.5607512593269348,0.6813710331916809,0.32836341857910156,0.7401663064956665,0.6524693965911865,0.5269699096679688,-0.4786366820335388,0.9776597023010254,0.5633381009101868,0.6804895401000977,0.22882236540317535,0.7587414383888245,0.6551085710525513,0.5249467492103577,-0.46577751636505127,0.9767082333564758,0.5582353472709656,0.6740671396255493,0.16726121306419373,0.7426741123199463,0.6403608322143555,0.5241641402244568,-0.425653874874115,0.9647149443626404,0.4909922182559967,0.6531472206115723,0.11890237778425217,0.9999443888664246,0.41973626613616943,0.6518571376800537,-0.1188170537352562,0.9999356269836426,0.5747597813606262,0.6995067596435547,-0.2623001039028168,0.9883776903152466,0.39218905568122864,0.7569484114646912,-0.04643957316875458,0.9841027855873108,0.5244911909103394,0.795585572719574,-0.19154508411884308,0.9799227118492126,0.30489757657051086,0.7586431503295898,0.5986233353614807,0.9028838872909546,0.5017789006233215,0.8094128370285034,-0.18722669780254364,0.953899621963501,0.2895755469799042,0.7496878504753113,0.6377770900726318,0.6930493116378784,0.5796406865119934,0.8289034962654114,-0.33153170347213745,0.9825854897499084,0.29796692728996277,0.795979917049408,0.5336429476737976,0.9107424020767212
IMG_9587 3,40,1325,good,0.5809930562973022,0.5148394703865051,-0.1274869441986084,0.9997366666793823,0.5805566906929016,0.5065551400184631,-0.09448511153459549,0.9996969699859619,0.5813317894935608,0.5065625309944153,-0.09462420642375946,0.9996130466461182,0.5820752382278442,0.5064089298248291,-0.09475613385438919,0.9996854662895203,0.5725131630897522,0.5058289170265198,-0.14061686396598816,0.9995836615562439,0.5682927966117859,0.5054326057434082,-0.14066140353679657,0.9994422197341919,0.5642615556716919,0.5050085186958313,-0.14079278707504272,0.99927818775177,0.5659037232398987,0.5098154544830322,0.05599982663989067,0.9993763566017151,0.544451892375946,0.5076311826705933,-0.1508236676454544,0.9988235831260681,0.575309693813324,0.523536205291748,-0.06880342960357666,0.9995075464248657,0.5653323531150818,0.5233796238899231,-0.12948916852474213,0.9988998174667358,0.5529508590698242,0.5572693943977356,0.1926903873682022,0.9995588660240173,0.4911777675151825,0.5444307923316956,-0.28126123547554016,0.9989429712295532,0.5229091644287109,0.6187838315963745,0.22791512310504913,0.7097489833831787,0.53510981798172,0.5746517777442932,-0.46124735474586487,0.9944789409637451,0.5507796406745911,0.6641408205032349,0.13347183167934418,0.8011425137519836,0.642119824886322,0.572838306427002,-0.46209269762039185,0.9904134273529053,0.5566797256469727,0.677795946598053,0.1590198427438736,0.7198877334594727,0.6770915985107422,0.5684248208999634,-0.5123859643936157,0.9772237539291382,0.5604040622711182,0.676668107509613,0.10294724255800247,0.7391768097877502,0.6764894723892212,0.5617382526397705,-0.4960399568080902,0.9760808944702148,0.5537736415863037,0.6691675186157227,0.11566542088985443,0.7218443751335144,0.6703481078147888,0.565310001373291,-0.45469313859939575,0.962813138961792,0.4846838414669037,0.6608384847640991,0.12030480057001114,0.9999495148658752,0.4141010046005249,0.6608355641365051,-0.12020976841449738,0.9999387860298157,0.5758886337280273,0.6993648409843445,-0.3080134093761444,0.9885721206665039,0.39185959100723267,0.7680042386054993,-0.09102988243103027,0.9843310713768005,0.5241677761077881,0.7955754995346069,-0.2244151383638382,0.9803362488746643,0.30649134516716003,0.7586709856987,0.5538167953491211,0.8946647047996521,0.5003093481063843,0.8093888163566589,-0.21719621121883392,0.9549579620361328,0.2931840717792511,0.7482087016105652,0.6301889419555664,0.6840300559997559,0.5801144242286682,0.8307948112487793,-0.3449459969997406,0.9827835559844971,0.29578760266304016,0.7954640984535217,0.5417008996009827,0.9023218750953674
IMG_9587 3,41,1358,good,0.5809677839279175,0.5285895466804504,-0.21916532516479492,0.9997394680976868,0.580871045589447,0.5188884139060974,-0.18670563399791718,0.9997027516365051,0.5815825462341309,0.5185379385948181,-0.18675392866134644,0.9996240139007568,0.5823532938957214,0.5181206464767456,-0.18682017922401428,0.9996864795684814,0.573298990726471,0.5179517269134521,-0.22552205622196198,0.9995988607406616,0.5687045454978943,0.5170271396636963,-0.22560276091098785,0.999463677406311,0.5644583106040955,0.516139805316925,-0.22575530409812927,0.9993025660514832,0.5653617978096008,0.5190330147743225,-0.0145596694201231,0.999346911907196,0.5430773496627808,0.5174555778503418,-0.20081861317157745,0.9988839626312256,0.5750750303268433,0.5369035601615906,-0.15453390777111053,0.9994425177574158,0.565480649471283,0.5355690121650696,-0.20896373689174652,0.9987882971763611,0.5503425598144531,0.5641548037528992,0.15126143395900726,0.9995300769805908,0.4898412525653839,0.5568311214447021,-0.3022022545337677,0.998981773853302,0.5191758275032043,0.6225210428237915,0.21197831630706787,0.657913863658905,0.5473870038986206,0.60066819190979,-0.405098021030426,0.9949572086334229,0.5489571690559387,0.6648621559143066,-0.019593019038438797,0.771748423576355,0.6596092581748962,0.6107816100120544,-0.2803051471710205,0.9908201098442078,0.5567524433135986,0.6768172979354858,-0.04521593078970909,0.6994919180870056,0.6874520778656006,0.6137206554412842,-0.3156164586544037,0.9777437448501587,0.5581417679786682,0.6737408638000488,-0.07822152227163315,0.7189218401908875,0.6914977431297302,0.6100887656211853,-0.3039538562297821,0.9766271114349365,0.5502792596817017,0.6678740978240967,-0.03937670215964317,0.6995549201965332,0.6813338398933411,0.6093097925186157,-0.27027615904808044,0.9629994034767151,0.47860637307167053,0.667272686958313,0.11873473972082138,0.9999539256095886,0.40838727355003357,0.666951596736908,-0.11865847557783127,0.9999399185180664,0.5769091844558716,0.6991702318191528,-0.3543703854084015,0.9890228509902954,0.3889240622520447,0.7778885364532471,-0.11811035126447678,0.984599232673645,0.523515522480011,0.7946435213088989,-0.21512500941753387,0.9810282588005066,0.3070910573005676,0.7582804560661316,0.5348346829414368,0.8863986134529114,0.49924716353416443,0.8070798516273499,-0.2017461061477661,0.9554771184921265,0.29446038603782654,0.7463670969009399,0.619807779788971,0.6751284003257751,0.5689531564712524,0.8306736350059509,-0.3328883647918701,0.9831185340881348,0.29239898920059204,0.7936927080154419,0.5663928389549255,0.89454185962677
IMG_9587 3,42,1391,good,0.5835152864456177,0.5363267660140991,-0.357204794883728,0.999757707118988,0.5832810401916504,0.5259665250778198,-0.3169790208339691,0.9997216463088989,0.5838806629180908,0.5254943370819092,-0.3171013593673706,0.9996504783630371,0.584528923034668,0.5249666571617126,-0.3172764182090759,0.9997040629386902,0.5759157538414001,0.5258687734603882,-0.35852620005607605,0.9996307492256165,0.5710118412971497,0.5254420042037964,-0.35867467522621155,0.9995079636573792,0.5664023160934448,0.5249884724617004,-0.35869088768959045,0.9993599057197571,0.5662296414375305,0.5258939862251282,-0.1336599588394165,0.9993717074394226,0.5432332158088684,0.526809573173523,-0.31958404183387756,0.9989743232727051,0.5775406956672668,0.5451492071151733,-0.28773102164268494,0.9994353652000427,0.5683115720748901,0.5441797971725464,-0.3421182930469513,0.9988151788711548,0.5503220558166504,0.5681115388870239,0.0736362412571907,0.9994468688964844,0.491624116897583,0.5747478008270264,-0.3930973708629608,0.9990035891532898,0.5211362242698669,0.6287717223167419,0.16543251276016235,0.6039496660232544,0.5585464835166931,0.6287392973899841,-0.42436158657073975,0.9953405261039734,0.5477851033210754,0.6712580323219299,0.042450785636901855,0.7199460864067078,0.6716642379760742,0.6518980860710144,-0.32813364267349243,0.991143524646759,0.555769145488739,0.6805678606033325,0.03362508490681648,0.6563595533370972,0.6980829238891602,0.6588966846466064,-0.369400292634964,0.9784777164459229,0.5575488805770874,0.678364634513855,0.001376804313622415,0.6744849681854248,0.7033162713050842,0.6539594531059265,-0.3543996512889862,0.9773954749107361,0.5488017201423645,0.674110472202301,0.02577059529721737,0.6556594371795654,0.6939648389816284,0.6516804099082947,-0.3189390301704407,0.96346515417099,0.47574740648269653,0.6702636480331421,0.11460460722446442,0.9999569654464722,0.40585723519325256,0.6725330948829651,-0.11445970088243484,0.9999337196350098,0.5774384140968323,0.6994242668151855,-0.38442307710647583,0.989378809928894,0.38907042145729065,0.7891692519187927,-0.13803331553936005,0.9848222732543945,0.5234519839286804,0.7946438789367676,-0.25422635674476624,0.9818505048751831,0.3081928789615631,0.7581733465194702,0.4766453504562378,0.8851674795150757,0.49895358085632324,0.806969940662384,-0.2399381548166275,0.9564827084541321,0.29612401127815247,0.7454624772071838,0.545691728591919,0.6755108833312988,0.5650827884674072,0.8308436870574951,-0.34201619029045105,0.983855128288269,0.29242169857025146,0.7920891046524048,0.5407190918922424,0.8895056247711182
IMG_9587 3,43,1424,good,0.5843874216079712,0.5451520085334778,-0.4243752062320709,0.9997795224189758,0.5838033556938171,0.533852219581604,-0.38713937997817993,0.9997466802597046,0.5844684839248657,0.5333589315414429,-0.3872188925743103,0.9996820688247681,0.5850958228111267,0.5328108072280884,-0.38740214705467224,0.9997296333312988,0.5757709741592407,0.5338400602340698,-0.43046388030052185,0.9996660351753235,0.5707166790962219,0.5335603952407837,-0.43064191937446594,0.9995553493499756,0.5655711889266968,0.5330976843833923,-0.4306938648223877,0.9994219541549683,0.5662036538124084,0.5332683324813843,-0.20606988668441772,0.9994266033172607,0.5425767302513123,0.5346696376800537,-0.40014031529426575,0.9990736246109009,0.5788787007331848,0.5542036294937134,-0.3540239632129669,0.9994765520095825,0.5692947506904602,0.5533358454704285,-0.41097089648246765,0.9989151358604431,0.5463407635688782,0.5732433795928955,0.015248939394950867,0.99937903881073,0.48985347151756287,0.5842248797416687,-0.4591982364654541,0.9990825057029724,0.5054206848144531,0.630005955696106,0.16668780148029327,0.548331618309021,0.558704674243927,0.6500288248062134,-0.48047441244125366,0.995764434337616,0.5152766108512878,0.6684414148330688,0.24495349824428558,0.6576710939407349,0.659964382648468,0.6894896626472473,-0.40547090768814087,0.9918368458747864,0.5149568915367126,0.677740216255188,0.26845434308052063,0.6010739207267761,0.6830068230628967,0.6986764073371887,-0.4495930075645447,0.980065107345581,0.5203913450241089,0.6764554977416992,0.23312003910541534,0.6171667575836182,0.690125584602356,0.6927613615989685,-0.4310982823371887,0.9790467619895935,0.5199097394943237,0.6730090975761414,0.23274260759353638,0.6003939509391785,0.6808262467384338,0.6898272037506104,-0.3958214819431305,0.9656698107719421,0.47170546650886536,0.6736514568328857,0.10539624840021133,0.9999605417251587,0.40261515974998474,0.6761709451675415,-0.10523230582475662,0.9999354481697083,0.5764522552490234,0.70098876953125,-0.4174514710903168,0.9899285435676575,0.3809141516685486,0.7981385588645935,-0.1560182422399521,0.9850800037384033,0.5233938694000244,0.7948034405708313,-0.2488379329442978,0.9826557040214539,0.3072353005409241,0.7578074336051941,0.4526832103729248,0.885114312171936,0.4994438886642456,0.8070074915885925,-0.2305024117231369,0.9580444097518921,0.29723015427589417,0.7451078295707703,0.5185336470603943,0.6771396398544312,0.5583916306495667,0.8296715617179871,-0.3333600163459778,0.9846798777580261,0.28504446148872375,0.7876712083816528,0.5371304750442505,0.8870035409927368
IMG_9587 3,44,1458,good,0.5840708613395691,0.5506982207298279,-0.6769610643386841,0.9998011589050293,0.5833589434623718,0.5400542616844177,-0.6371726393699646,0.9997715353965759,0.5840815305709839,0.5396913886070251,-0.637133002281189,0.999713122844696,0.5847683548927307,0.5392881631851196,-0.6372944712638855,0.9997559189796448,0.575264573097229,0.5401273369789124,-0.6851025223731995,0.9996992349624634,0.5701649785041809,0.5400621294975281,-0.6853904128074646,0.9995995759963989,0.5648677945137024,0.5399182438850403,-0.685514509677887,0.9994795918464661,0.5666283369064331,0.5406297445297241,-0.43003028631210327,0.9994824528694153,0.5418804287910461,0.542604386806488,-0.645933985710144,0.9991658926010132,0.5791053771972656,0.5598808526992798,-0.5961062908172607,0.9995269179344177,0.5694094300270081,0.5593507289886475,-0.6596056818962097,0.9990218877792358,0.5451830625534058,0.5832788944244385,-0.16514235734939575,0.9993106126785278,0.4887128472328186,0.5934775471687317,-0.664885938167572,0.9991685152053833,0.48643454909324646,0.6375590562820435,0.06666283309459686,0.49692052602767944,0.5504287481307983,0.6690377593040466,-0.6759282350540161,0.9961592555046082,0.45198094844818115,0.676345705986023,0.2219817340373993,0.5947566032409668,0.6489446759223938,0.7184763550758362,-0.5923329591751099,0.9924728870391846,0.4391258656978607,0.6852461099624634,0.25689437985420227,0.5438171625137329,0.6665546298027039,0.7292226552963257,-0.6423454284667969,0.9815163612365723,0.44109371304512024,0.6854754090309143,0.2191971242427826,0.5580188632011414,0.6763918399810791,0.7271998524665833,-0.6330787539482117,0.980556070804596,0.447382390499115,0.682628333568573,0.21197564899921417,0.5432438850402832,0.6678937077522278,0.7225531339645386,-0.5847918391227722,0.9676218032836914,0.45727965235710144,0.6779425740242004,0.1054338738322258,0.9999635219573975,0.39706045389175415,0.6814048290252686,-0.10528977960348129,0.99993896484375,0.576545774936676,0.7014181613922119,-0.40650686621665955,0.989871084690094,0.3729740083217621,0.8030242323875427,-0.1661446988582611,0.9854229688644409,0.5233508348464966,0.7948076725006104,-0.06491700559854507,0.981967568397522,0.3030029535293579,0.7585694193840027,0.46975138783454895,0.8791120648384094,0.49923422932624817,0.8065211176872253,-0.03564852476119995,0.9562034010887146,0.2962939739227295,0.7450939416885376,0.536217451095581,0.6716650128364563,0.5603193640708923,0.8284199833869934,-0.11211783438920975,0.9841837882995605,0.27840614318847656,0.7804989218711853,0.5418659448623657,0.8788296580314636
IMG_9587 3,45,1491,good,0.5846244692802429,0.5619690418243408,-0.6801480054855347,0.9998207688331604,0.5832448601722717,0.5508595705032349,-0.6434720158576965,0.999794065952301,0.5839822888374329,0.5501920580863953,-0.6434265971183777,0.9997413158416748,0.5846524834632874,0.5494884252548218,-0.6436480283737183,0.9997799396514893,0.57480788230896,0.5519489645957947,-0.690748929977417,0.9997292160987854,0.5697412490844727,0.55205899477005,-0.6910054087638855,0.9996394515037537,0.564668595790863,0.5521200895309448,-0.6911270618438721,0.9995315074920654,0.5663784146308899,0.5500351190567017,-0.4373861253261566,0.9995334148406982,0.5383975505828857,0.5541219115257263,-0.6491461396217346,0.9992489814758301,0.5803295969963074,0.5699052214622498,-0.5983679294586182,0.9995731711387634,0.5690483450889587,0.5704236030578613,-0.6608384847640991,0.9991185665130615,0.544876754283905,0.5861979722976685,-0.1655636727809906,0.9993164539337158,0.48812565207481384,0.6050408482551575,-0.6387603878974915,0.9992451071739197,0.4922661781311035,0.6354817748069763,0.13611412048339844,0.45210132002830505,0.5452501177787781,0.6770638227462769,-0.6581785082817078,0.9965159296989441,0.48304110765457153,0.6755170226097107,0.40054798126220703,0.5420686602592468,0.6370124816894531,0.7412099242210388,-0.6150763034820557,0.9930895566940308,0.4807562828063965,0.6837205290794373,0.45178329944610596,0.49601230025291443,0.6575270891189575,0.7530252933502197,-0.6637498736381531,0.9829155206680298,0.48186883330345154,0.686088502407074,0.4054296314716339,0.508533775806427,0.6652935743331909,0.7492959499359131,-0.6632019877433777,0.9820237159729004,0.48250043392181396,0.6842566728591919,0.3909303843975067,0.49610570073127747,0.6547471284866333,0.7456762790679932,-0.6118597388267517,0.969623863697052,0.45975276827812195,0.6808049082756042,0.10025560855865479,0.999966025352478,0.3947526216506958,0.6875698566436768,-0.10028509795665741,0.9999412298202515,0.5760050415992737,0.7025830149650574,-0.3626379668712616,0.9889594316482544,0.3704424500465393,0.8092858791351318,-0.18385526537895203,0.9837740063667297,0.5218537449836731,0.7951834201812744,-0.10458142310380936,0.9783629179000854,0.3014410734176636,0.760402262210846,0.4232025146484375,0.8555046916007996,0.4991755187511444,0.8063656687736511,-0.0783490240573883,0.9507700800895691,0.29269903898239136,0.7453799843788147,0.49082866311073303,0.6538345813751221,0.5572293400764465,0.8255847692489624,-0.15509282052516937,0.9822307825088501,0.26410940289497375,0.7760817408561707,0.5021929740905762,0.8560301065444946
IMG_9587 3,46,1524,good,0.58436119556427,0.5684605240821838,-0.6485287547111511,0.9998378157615662,0.5829182267189026,0.5577433109283447,-0.6207869648933411,0.9998137354850769,0.5836721658706665,0.5569310188293457,-0.6207670569419861,0.9997656345367432,0.5843561291694641,0.5560512542724609,-0.6210148334503174,0.9998008012771606,0.5744631886482239,0.5588892698287964,-0.6677916646003723,0.9997559785842896,0.5694465637207031,0.558861255645752,-0.668004035949707,0.9996750950813293,0.5644991397857666,0.5588098764419556,-0.6681046485900879,0.999578058719635,0.566177487373352,0.5553057193756104,-0.4426984488964081,0.9995775818824768,0.5367398858070374,0.5598030090332031,-0.653366208076477,0.9993232488632202,0.5801090598106384,0.5755903124809265,-0.574425220489502,0.9996130466461182,0.5687196254730225,0.5761769413948059,-0.6364549398422241,0.9992044568061829,0.5432103872299194,0.5875908136367798,-0.1830209493637085,0.9993249177932739,0.4848320782184601,0.6083049178123474,-0.6472650170326233,0.9993112087249756,0.4972630739212036,0.639435350894928,0.1251828819513321,0.4107237160205841,0.5408480167388916,0.6928381323814392,-0.6564308404922485,0.9967299103736877,0.4893054664134979,0.6782844066619873,0.3157184422016144,0.4958030581474304,0.6289684176445007,0.7537047266960144,-0.609758198261261,0.9932629466056824,0.498125821352005,0.6853098273277283,0.35565921664237976,0.45579230785369873,0.6485030055046082,0.7677881717681885,-0.6593165397644043,0.9833389520645142,0.500656008720398,0.686854362487793,0.3057974576950073,0.46705636382102966,0.6573629379272461,0.7675565481185913,-0.6562941074371338,0.9824550151824951,0.4988139867782593,0.6857386231422424,0.3030131161212921,0.4567914307117462,0.6461203098297119,0.763001024723053,-0.6061499118804932,0.969673216342926,0.46114104986190796,0.6835629940032959,0.10219185799360275,0.999967634677887,0.3955865502357483,0.6907699704170227,-0.10232473909854889,0.99994295835495,0.5759146809577942,0.7060628533363342,-0.23995700478553772,0.9841496348381042,0.3728335201740265,0.8121124505996704,-0.18109866976737976,0.9806725978851318,0.521009087562561,0.7954586148262024,0.026596443727612495,0.9706150889396667,0.3013477325439453,0.7610605955123901,0.4159856140613556,0.8367721438407898,0.49830955266952515,0.8061705231666565,0.0578274205327034,0.9439576268196106,0.29350799322128296,0.7455559968948364,0.4834907352924347,0.6402227878570557,0.5584385991096497,0.8257051706314087,0.014849276281893253,0.9783753156661987,0.2632875144481659,0.7748008966445923,0.5031470656394958,0.8357251882553101
IMG_9587 3,47,1557,good,0.5833345055580139,0.5712531805038452,-0.7436827421188354,0.9998525381088257,0.5808973908424377,0.5605284571647644,-0.7139983773231506,0.9998307228088379,0.581656813621521,0.5597085952758789,-0.713965654373169,0.999785840511322,0.5824392437934875,0.5588290691375732,-0.7142201662063599,0.9998185038566589,0.5726206302642822,0.5619637966156006,-0.7623965740203857,0.9997798800468445,0.567007839679718,0.5621830224990845,-0.7626119256019592,0.9997068643569946,0.5610761046409607,0.5623027086257935,-0.762752890586853,0.9996197819709778,0.5647955536842346,0.5590121746063232,-0.5260419845581055,0.9996137619018555,0.5328091382980347,0.56385737657547,-0.7433857321739197,0.9993891716003418,0.5798613429069519,0.5784990787506104,-0.6664599180221558,0.9996461868286133,0.5684720277786255,0.5790076851844788,-0.7306233048439026,0.9992798566818237,0.5407248139381409,0.5887247323989868,-0.2529733180999756,0.9992757439613342,0.47691044211387634,0.6104397177696228,-0.7263674736022949,0.9993674755096436,0.49988600611686707,0.6369152665138245,0.102144256234169,0.3730281889438629,0.5303782224655151,0.69435054063797,-0.758624792098999,0.9969426989555359,0.49039939045906067,0.6807876229286194,0.34872525930404663,0.4526843726634979,0.6254360675811768,0.7618391513824463,-0.7279996871948242,0.9935088157653809,0.5120396018028259,0.6854149103164673,0.40313291549682617,0.4180031716823578,0.6444969773292542,0.7708013653755188,-0.7806415557861328,0.9838626980781555,0.5161375999450684,0.6852062940597534,0.3505821228027344,0.4279909133911133,0.6547929644584656,0.7698754668235779,-0.7759907245635986,0.9829670786857605,0.5173065066337585,0.6839368939399719,0.33803966641426086,0.41968923807144165,0.6423572301864624,0.7660509347915649,-0.7239328622817993,0.9697109460830688,0.46011000871658325,0.6820340752601624,0.1037512794137001,0.9999673366546631,0.39432889223098755,0.6918544769287109,-0.10397548973560333,0.9999408721923828,0.5755108594894409,0.7058578133583069,-0.22504982352256775,0.9745917916297913,0.3737928867340088,0.8147016167640686,-0.1789831817150116,0.9756951332092285,0.5211464762687683,0.7947972416877747,0.040894750505685806,0.9579341411590576,0.3023822009563446,0.7610227465629578,0.4119166135787964,0.8108128905296326,0.49869683384895325,0.8053598403930664,0.07245710492134094,0.9314945340156555,0.29420027136802673,0.7453320026397705,0.4794510304927826,0.6231470108032227,0.5651960968971252,0.8264177441596985,0.03189312294125557,0.9703831672668457,0.2699889838695526,0.7752819657325745,0.5035048723220825,0.807449996471405
IMG_9587 3,48,1590,good,0.582607090473175,0.5695682764053345,-0.6947804689407349,0.9998652935028076,0.579006016254425,0.559364914894104,-0.6643311381340027,0.9998449087142944,0.5796359181404114,0.5586382150650024,-0.6643384695053101,0.9998030662536621,0.580350935459137,0.5576812624931335,-0.664581835269928,0.999833881855011,0.5711092352867126,0.5606803894042969,-0.7135059237480164,0.9998007416725159,0.5653614401817322,0.5608924627304077,-0.7137090563774109,0.9997346997261047,0.5588193535804749,0.5609976053237915,-0.7138268947601318,0.9996566772460938,0.5626852512359619,0.5583913326263428,-0.4799816608428955,0.9996439218521118,0.5301597118377686,0.5628189444541931,-0.7018221020698547,0.99944669008255,0.5795195698738098,0.5781136155128479,-0.6196876764297485,0.9996755719184875,0.5683307647705078,0.5782076120376587,-0.6849474310874939,0.9993470907211304,0.541042149066925,0.5914252400398254,-0.23216409981250763,0.9992849230766296,0.4738823175430298,0.6071441769599915,-0.6990993618965149,0.9994171261787415,0.5055579543113708,0.6488813161849976,-0.0005214288248680532,0.34535956382751465,0.5276015400886536,0.6812832355499268,-0.7286019325256348,0.9971272349357605,0.5153716802597046,0.695498526096344,0.10585770756006241,0.4219740927219391,0.62430739402771,0.7597513198852539,-0.707905650138855,0.9936651587486267,0.5292807817459106,0.7016679644584656,0.13173606991767883,0.39174318313598633,0.6424329280853271,0.7691712379455566,-0.7675890326499939,0.9841772317886353,0.5314385294914246,0.7038838267326355,0.07653753459453583,0.40110698342323303,0.6519778370857239,0.7679689526557922,-0.7592916488647461,0.9832771420478821,0.5288034677505493,0.703028678894043,0.08850177377462387,0.39461642503738403,0.6401000022888184,0.7638124227523804,-0.7040563225746155,0.9696600437164307,0.46002063155174255,0.6820147633552551,0.10654621571302414,0.9999677538871765,0.3940870463848114,0.6911581158638,-0.1067451760172844,0.99993896484375,0.5752162933349609,0.7053787708282471,-0.20356810092926025,0.9687244892120361,0.3766605854034424,0.8128487467765808,-0.20606599748134613,0.9746254682540894,0.5204634070396423,0.7948929071426392,0.06826804578304291,0.9501438140869141,0.3029290437698364,0.7612077593803406,0.38299116492271423,0.7981557250022888,0.4980013370513916,0.8048847913742065,0.10041103512048721,0.9243796467781067,0.2944071292877197,0.7449705004692078,0.4502991735935211,0.6155781149864197,0.5630924701690674,0.8264381289482117,0.06071417033672333,0.9657639265060425,0.27312958240509033,0.7772051692008972,0.47993066906929016,0.7908744812011719
IMG_9587 3,49,1623,good,0.5810436606407166,0.5686540007591248,-0.7394682765007019,0.9998778700828552,0.5773041844367981,0.5584530830383301,-0.7102001905441284,0.9998593330383301,0.5779752135276794,0.5577214956283569,-0.7101649045944214,0.9998207688331604,0.578750491142273,0.5568433403968811,-0.7104225158691406,0.9998491406440735,0.5690644979476929,0.5597526431083679,-0.7528085112571716,0.9998202919960022,0.5631290674209595,0.5599351525306702,-0.7530191540718079,0.9997606873512268,0.556152880191803,0.5600989460945129,-0.753126323223114,0.9996906518936157,0.5604670643806458,0.5576997399330139,-0.5240780115127563,0.9996760487556458,0.527066171169281,0.5622673034667969,-0.7151656150817871,0.9995005130767822,0.5779876112937927,0.5764907002449036,-0.6634254455566406,0.999704897403717,0.5669143795967102,0.5771759152412415,-0.7199057340621948,0.9994096755981445,0.5317170023918152,0.5896925330162048,-0.2711854875087738,0.9992788434028625,0.47424525022506714,0.6082145571708679,-0.6819954514503479,0.9994634985923767,0.5053275227546692,0.6428988575935364,0.010792793706059456,0.31576499342918396,0.527595579624176,0.6852772831916809,-0.7063975930213928,0.9973304271697998,0.5152680277824402,0.6873034834861755,0.16641110181808472,0.387568861246109,0.6238654851913452,0.7558797597885132,-0.6863576769828796,0.9938563108444214,0.5241957902908325,0.6971333622932434,0.22065992653369904,0.36085063219070435,0.6414098739624023,0.7703083157539368,-0.7373555302619934,0.9845075011253357,0.5261097550392151,0.6966949105262756,0.17414972186088562,0.36926281452178955,0.6503461003303528,0.7717582583427429,-0.7332181334495544,0.9836314916610718,0.5237998962402344,0.6937459111213684,0.16236141324043274,0.36406201124191284,0.6388111710548401,0.7631360292434692,-0.6832075119018555,0.9697173237800598,0.4612148404121399,0.6802096366882324,0.09300966560840607,0.9999675154685974,0.3946685492992401,0.6873515844345093,-0.09324155002832413,0.9999364018440247,0.5726660490036011,0.7037527561187744,-0.2635437846183777,0.9657762050628662,0.3790079355239868,0.8090574145317078,-0.18029102683067322,0.9725594520568848,0.519589900970459,0.7947890758514404,0.06224655732512474,0.9459619522094727,0.30346953868865967,0.7613416910171509,0.394353449344635,0.7845425605773926,0.49743127822875977,0.804452657699585,0.06394531577825546,0.9160140752792358,0.29487475752830505,0.7452102303504944,0.4587819278240204,0.6040414571762085,0.5628746151924133,0.8264850974082947,-0.057407595217227936,0.9633767008781433,0.2753309905529022,0.7773680090904236,0.47821706533432007,0.77659010887146
IMG_9587 3,50,1656,good,0.5782636404037476,0.5649106502532959,-0.7578462362289429,0.9998897314071655,0.574851393699646,0.5544275641441345,-0.7338639497756958,0.9998730421066284,0.5758113265037537,0.5536361336708069,-0.733795702457428,0.9998378753662109,0.5768150687217712,0.5527825355529785,-0.734057605266571,0.9998637437820435,0.5652023553848267,0.5561758279800415,-0.7754182815551758,0.9998381733894348,0.5583521127700806,0.5567395687103271,-0.775623083114624,0.9997844696044922,0.5509194731712341,0.5571041703224182,-0.7757437229156494,0.9997215270996094,0.5592867136001587,0.5541249513626099,-0.5567865967750549,0.999707043170929,0.5238032341003418,0.5594645142555237,-0.7418723106384277,0.9995500445365906,0.5757604241371155,0.5723837614059448,-0.6831706762313843,0.9997331500053406,0.5637020468711853,0.5736097693443298,-0.7379284501075745,0.9994677305221558,0.5272996425628662,0.5855458974838257,-0.29574868083000183,0.9992563128471375,0.47464457154273987,0.6078704595565796,-0.697951078414917,0.9995052814483643,0.505328893661499,0.6104239225387573,0.02803831920027733,0.28904882073402405,0.531056821346283,0.6841990351676941,-0.7205409407615662,0.9975272417068481,0.5241702198982239,0.6206602454185486,0.4023521840572357,0.3566775918006897,0.6241303086280823,0.7497655153274536,-0.6936869621276855,0.9941264390945435,0.532425045967102,0.6202980875968933,0.4596349596977234,0.3338555097579956,0.6421146988868713,0.76522296667099,-0.7394440174102783,0.985060453414917,0.5342992544174194,0.620820939540863,0.41967037320137024,0.341411828994751,0.6531304121017456,0.7670117020606995,-0.7398453950881958,0.9842439889907837,0.5328403115272522,0.6232483983039856,0.39910396933555603,0.3374866843223572,0.641231119632721,0.7589132189750671,-0.6912227272987366,0.9703583121299744,0.4620598554611206,0.6791519522666931,0.08700752258300781,0.9999686479568481,0.39515843987464905,0.6848041415214539,-0.08734898269176483,0.9999362230300903,0.5674790740013123,0.7036200165748596,-0.3420855700969696,0.9648539423942566,0.38145411014556885,0.8056116700172424,-0.17102254927158356,0.9676241874694824,0.5162930488586426,0.7945817708969116,0.003892672946676612,0.9401030540466309,0.3081786632537842,0.7613243460655212,0.4674988389015198,0.7586835026741028,0.4974387288093567,0.8036360144615173,0.006413895171135664,0.9024302363395691,0.29729825258255005,0.745075523853302,0.541186511516571,0.5823698043823242,0.5419406890869141,0.824046790599823,-0.07525914907455444,0.960809051990509,0.2793646454811096,0.7781562805175781,0.5670506954193115,0.7580973505973816
IMG_9587 3,51,1690,good,0.5768992304801941,0.5610975623130798,-0.6710766553878784,0.9999006390571594,0.5733761191368103,0.5508750081062317,-0.6412370204925537,0.999885618686676,0.5744001865386963,0.5500927567481995,-0.641208291053772,0.9998538494110107,0.5754595994949341,0.549249529838562,-0.6414461135864258,0.9998772144317627,0.5631283521652222,0.5527641177177429,-0.6846837997436523,0.999854326248169,0.5560425519943237,0.5533908009529114,-0.684880256652832,0.9998059868812561,0.5483981370925903,0.553897500038147,-0.6849918365478516,0.9997493624687195,0.5583463907241821,0.5507146120071411,-0.46745923161506653,0.9997360706329346,0.5213521122932434,0.5569510459899902,-0.6609438061714172,0.9995949864387512,0.5744438767433167,0.5686567425727844,-0.5957125425338745,0.9997593760490417,0.5618553161621094,0.570257306098938,-0.6531335115432739,0.9995205998420715,0.5291056632995605,0.5818778872489929,-0.2248167246580124,0.9992486238479614,0.4702688455581665,0.6091799736022949,-0.6473950743675232,0.9995384216308594,0.5095986723899841,0.5884838700294495,0.1704663336277008,0.26530468463897705,0.5300754308700562,0.6878733038902283,-0.6213955879211426,0.997670590877533,0.538277804851532,0.5891634821891785,0.5333755016326904,0.32908788323402405,0.6312618851661682,0.7348554730415344,-0.5424230098724365,0.9939943552017212,0.5463622808456421,0.5856555104255676,0.5924060344696045,0.30870571732521057,0.6503254771232605,0.7468482851982117,-0.5758448243141174,0.9846677780151367,0.5465929508209229,0.5875345468521118,0.5574812293052673,0.3153773248195648,0.6624714136123657,0.7462307214736938,-0.5808464288711548,0.9838943481445312,0.5454104542732239,0.5913323760032654,0.5315577387809753,0.3128633499145508,0.6519750356674194,0.7420946359634399,-0.5403660535812378,0.9692807197570801,0.46264249086380005,0.6739563941955566,0.08889088034629822,0.9999710321426392,0.3954809904098511,0.6836578845977783,-0.08915497362613678,0.9999400973320007,0.5656776428222656,0.7035308480262756,-0.36916834115982056,0.9653297662734985,0.38357454538345337,0.8034767508506775,-0.18658575415611267,0.9639661312103271,0.516376256942749,0.7946140170097351,-0.08919967710971832,0.9339171051979065,0.3112378716468811,0.7610272169113159,0.4484603703022003,0.7324967980384827,0.4978460669517517,0.8035698533058167,-0.06050708144903183,0.8934922218322754,0.30352479219436646,0.745140016078949,0.5270256400108337,0.5569067597389221,0.5271127223968506,0.8244262337684631,-0.10875189304351807,0.9582856297492981,0.289613276720047,0.778547465801239,0.5443460941314697,0.7375145554542542
IMG_9587 3,52,1723,good,0.5717166662216187,0.5592448711395264,-0.7206836342811584,0.9999087452888489,0.5705419778823853,0.5489820241928101,-0.682742178440094,0.9998943209648132,0.5722856521606445,0.548102617263794,-0.6827998757362366,0.9998641610145569,0.5738674998283386,0.5472267270088196,-0.6830627918243408,0.9998859763145447,0.5584138035774231,0.5509006381034851,-0.7155560851097107,0.9998674988746643,0.5505513548851013,0.5514695644378662,-0.7157992720603943,0.9998237490653992,0.5415872931480408,0.5518489480018616,-0.7159188389778137,0.9997730255126953,0.5582383871078491,0.5486407279968262,-0.4695732295513153,0.9997526407241821,0.5159536600112915,0.5541717410087585,-0.6369777321815491,0.9996300339698792,0.5703108310699463,0.566647469997406,-0.6363524794578552,0.9997745156288147,0.5544301271438599,0.568169891834259,-0.6791914701461792,0.9995526671409607,0.5428681969642639,0.5808797478675842,-0.2124958634376526,0.9992780685424805,0.4674108326435089,0.6037538051605225,-0.6024685502052307,0.9995458722114563,0.5219038128852844,0.6133358478546143,0.036379337310791016,0.2530001401901245,0.5390486121177673,0.6760685443878174,-0.6014968752861023,0.9978075623512268,0.5347093343734741,0.6512872576713562,0.14451803267002106,0.31513693928718567,0.651006817817688,0.7277405858039856,-0.584879994392395,0.9941871762275696,0.5450948476791382,0.6557062268257141,0.15856130421161652,0.2947196364402771,0.6703583598136902,0.7328681945800781,-0.6249462366104126,0.985207736492157,0.5446522831916809,0.652733325958252,0.11419012397527695,0.30081188678741455,0.679844081401825,0.743098258972168,-0.5863563418388367,0.9844858050346375,0.5428922772407532,0.6506893634796143,0.13135889172554016,0.29919636249542236,0.6699405312538147,0.7395898103713989,-0.5797303915023804,0.9700605273246765,0.466166228055954,0.6737220287322998,0.08027595281600952,0.9999724626541138,0.39558443427085876,0.683253824710846,-0.08036229759454727,0.9999362826347351,0.5661554336547852,0.7004284262657166,-0.43276917934417725,0.9672942161560059,0.3897797763347626,0.7979251146316528,-0.1798727959394455,0.9646246433258057,0.5167969465255737,0.7945998311042786,-0.16775557398796082,0.9360337853431702,0.3146292567253113,0.7605205774307251,0.4370338022708893,0.7303761839866638,0.497702419757843,0.803621232509613,-0.13954704999923706,0.8930954337120056,0.3042117953300476,0.745186448097229,0.5075947642326355,0.5497230291366577,0.5289177298545837,0.8246238827705383,-0.2399674654006958,0.9591733813285828,0.29256772994995117,0.7869726419448853,0.49159544706344604,0.7357907295227051
IMG_9587 3,53,1756,good,0.5709268450737,0.5555603504180908,-0.48609963059425354,0.9999081492424011,0.5703833699226379,0.5448650121688843,-0.45015379786491394,0.9998917579650879,0.5719817280769348,0.5440428256988525,-0.45028021931648254,0.9998629689216614,0.5734784603118896,0.5431369543075562,-0.4504958689212799,0.9998820424079895,0.5590384602546692,0.5462892651557922,-0.487079918384552,0.9998707175254822,0.5514846444129944,0.5464727282524109,-0.4872663617134094,0.9998297095298767,0.54255211353302,0.5465705990791321,-0.4872915744781494,0.999782919883728,0.5572750568389893,0.543425440788269,-0.26401618123054504,0.9997450709342957,0.5170423984527588,0.548235297203064,-0.42772018909454346,0.999640166759491,0.5686100125312805,0.5629332661628723,-0.41324329376220703,0.999754011631012,0.5544739365577698,0.5641122460365295,-0.46080783009529114,0.9995137453079224,0.5470234155654907,0.5774794816970825,-0.06629034876823425,0.9993247985839844,0.4657588005065918,0.5892624258995056,-0.4607692360877991,0.999528169631958,0.5325062274932861,0.6159988641738892,0.010000161826610565,0.24596230685710907,0.5497370362281799,0.650842547416687,-0.49029314517974854,0.9978266954421997,0.534820020198822,0.6587234735488892,-0.052790019661188126,0.31206750869750977,0.6653255224227905,0.6810293197631836,-0.4328595995903015,0.9941070079803467,0.543021023273468,0.6695709228515625,-0.06795841455459595,0.2937278747558594,0.6900231242179871,0.6917877793312073,-0.48045817017555237,0.9853186011314392,0.5439810156822205,0.6670949459075928,-0.09832432866096497,0.29978668689727783,0.6956164240837097,0.6876261830329895,-0.4722996950149536,0.9846476316452026,0.5411550998687744,0.6616336703300476,-0.06714323908090591,0.29784446954727173,0.6853382587432861,0.683005154132843,-0.42823702096939087,0.9701409935951233,0.4667554497718811,0.672562301158905,0.08321332931518555,0.9999739527702332,0.3957744836807251,0.6793476343154907,-0.08333328366279602,0.9999304413795471,0.5660198926925659,0.6991149187088013,-0.37801995873451233,0.9690396785736084,0.39692503213882446,0.7853021621704102,-0.17775093019008636,0.9647729992866516,0.516836404800415,0.7951699495315552,-0.17852497100830078,0.9394580125808716,0.3142153024673462,0.7578034996986389,0.43254339694976807,0.7329900860786438,0.49783703684806824,0.8052752017974854,-0.1573430895805359,0.8953330516815186,0.30070987343788147,0.7443140149116516,0.499233216047287,0.5418295860290527,0.534842312335968,0.8247825503349304,-0.24890783429145813,0.9612232446670532,0.29497066140174866,0.7907065153121948,0.49552810192108154,0.7358442544937134
IMG_9587 3,54,1789,good,0.5696009397506714,0.5490949749946594,-0.3964807689189911,0.9998340010643005,0.5694481730461121,0.5379404425621033,-0.3649711310863495,0.999807596206665,0.5708221793174744,0.5370985269546509,-0.36512598395347595,0.9997986555099487,0.5720969438552856,0.5362106561660767,-0.3653068244457245,0.9998070001602173,0.5590802431106567,0.5391892790794373,-0.40263792872428894,0.9997392296791077,0.5521187782287598,0.5392143130302429,-0.4027768075466156,0.9996877908706665,0.5435469746589661,0.5392541885375977,-0.402772456407547,0.9995507597923279,0.5555641651153564,0.5357141494750977,-0.19612325727939606,0.9995832443237305,0.5176350474357605,0.5406205058097839,-0.35981377959251404,0.9991001486778259,0.5667213201522827,0.5564948320388794,-0.32940056920051575,0.9994030594825745,0.5541730523109436,0.5572603344917297,-0.3772991895675659,0.9980034828186035,0.5489704012870789,0.5705417394638062,-0.016060173511505127,0.9993255734443665,0.46818292140960693,0.5826168060302734,-0.3850633502006531,0.9974433779716492,0.5484523177146912,0.6166092157363892,0.021499428898096085,0.2471185177564621,0.5464430451393127,0.6270546913146973,-0.37263384461402893,0.9942178726196289,0.535396158695221,0.6619086265563965,-0.09384578466415405,0.3150525987148285,0.623852550983429,0.5953600406646729,-0.22871434688568115,0.9817225337028503,0.5427845120429993,0.6736200451850891,-0.11490095406770706,0.2928270995616913,0.645128071308136,0.5863644480705261,-0.2537743151187897,0.9669016003608704,0.542972981929779,0.6695734858512878,-0.14224067330360413,0.2997947037220001,0.6360557079315186,0.5783641934394836,-0.25560852885246277,0.9648478627204895,0.5399982333183289,0.6650510430335999,-0.1089899018406868,0.29795733094215393,0.6267982721328735,0.5811700820922852,-0.2251298427581787,0.9429072141647339,0.4671672582626343,0.6673263907432556,0.08574868738651276,0.9999751448631287,0.39591461420059204,0.6687177419662476,-0.08567515760660172,0.9999142289161682,0.562669038772583,0.6991494297981262,-0.3397931754589081,0.9701538681983948,0.40004923939704895,0.775937557220459,-0.11744024604558945,0.9657800197601318,0.5153769850730896,0.7953437566757202,-0.18552863597869873,0.9435635209083557,0.31324687600135803,0.7577921748161316,0.4239223897457123,0.7427499294281006,0.49349913001060486,0.8064460158348083,-0.17185303568840027,0.9010969996452332,0.2952094078063965,0.7446852326393127,0.48117804527282715,0.5428021550178528,0.555019199848175,0.8249183297157288,-0.28204524517059326,0.9632632732391357,0.2961592376232147,0.7950441241264343,0.4503169059753418,0.7415401935577393
IMG_9587 3,55,1822,good,0.5692140460014343,0.5318372845649719,-0.23362500965595245,0.9997031688690186,0.5676379203796387,0.5231660008430481,-0.20314443111419678,0.9996921420097351,0.5682420134544373,0.5227965116500854,-0.2033204436302185,0.9997103810310364,0.5689476132392883,0.5219966769218445,-0.20349262654781342,0.9997200965881348,0.559282124042511,0.5231828689575195,-0.24396616220474243,0.9995148777961731,0.5524269938468933,0.522866427898407,-0.24404720962047577,0.9994097948074341,0.5450328588485718,0.5225822329521179,-0.24408787488937378,0.9990988373756409,0.5528963804244995,0.523050844669342,-0.05383125692605972,0.9994195103645325,0.5214349031448364,0.5245101451873779,-0.23047687113285065,0.9984710216522217,0.565368115901947,0.5396787524223328,-0.17440201342105865,0.99915611743927,0.5545083284378052,0.5394645929336548,-0.22594958543777466,0.9968467354774475,0.5543345212936401,0.5663268566131592,0.09805300831794739,0.9993475079536438,0.4685465097427368,0.5643958449363708,-0.3025439977645874,0.9959811568260193,0.5447415113449097,0.6148033738136292,0.11945509910583496,0.2572736442089081,0.5330607295036316,0.6064390540122986,-0.2971026301383972,0.990746796131134,0.5398932099342346,0.6623217463493347,0.005818665027618408,0.32604461908340454,0.5850985050201416,0.5810985565185547,-0.1108269989490509,0.9669753313064575,0.5447436571121216,0.6769831776618958,-0.01303783617913723,0.2999158203601837,0.6276224851608276,0.569553017616272,-0.1292426735162735,0.9436941146850586,0.5425034761428833,0.672184944152832,-0.0429152175784111,0.3085140585899353,0.6203306317329407,0.563129723072052,-0.12872709333896637,0.9399242401123047,0.53909832239151,0.6654885411262512,-0.01048218086361885,0.3053656816482544,0.6103370189666748,0.5662567019462585,-0.10497167706489563,0.9112024903297424,0.46759945154190063,0.6619012355804443,0.09116046875715256,0.999976396560669,0.39740821719169617,0.6602655649185181,-0.09082141518592834,0.9999098181724548,0.5608899593353271,0.6981661319732666,-0.28394192457199097,0.9720492362976074,0.39909827709198,0.7624295949935913,-0.07423047721385956,0.9662936329841614,0.5154768824577332,0.7945718169212341,-0.2047564685344696,0.9477289915084839,0.30962926149368286,0.757908046245575,0.43949517607688904,0.7485310435295105,0.49085065722465515,0.8064236044883728,-0.200092151761055,0.9069688320159912,0.2895679175853729,0.7462159395217896,0.48630115389823914,0.5421876907348633,0.5625775456428528,0.8261202573776245,-0.32665345072746277,0.9651017785072327,0.29599279165267944,0.7943804264068604,0.447324275970459,0.7453105449676514
IMG_9587 3,56,1855,good,0.5693133473396301,0.5156396627426147,-0.013521050103008747,0.9997074604034424,0.567752480506897,0.5085328817367554,0.013724134303629398,0.9996960163116455,0.5682814717292786,0.5085945725440979,0.013588215224444866,0.9997178316116333,0.5688590407371521,0.5085183382034302,0.01345630083233118,0.99973064661026,0.5598980188369751,0.508076548576355,-0.026791350916028023,0.9995158910751343,0.5540676116943359,0.5076084733009338,-0.02687091939151287,0.9994106888771057,0.5495039224624634,0.5072853565216064,-0.026930203661322594,0.9991084933280945,0.5531079769134521,0.5114357471466064,0.13748487830162048,0.9994539022445679,0.5291323661804199,0.510216236114502,-0.042098354548215866,0.9985246062278748,0.5643447041511536,0.524189293384552,0.0357326865196228,0.9992011785507202,0.5547528862953186,0.5228568315505981,-0.01692301593720913,0.997054398059845,0.5533586740493774,0.561456024646759,0.24764031171798706,0.9994028210639954,0.4699699282646179,0.5438944697380066,-0.15843990445137024,0.996259331703186,0.5409060716629028,0.6155340075492859,0.24230241775512695,0.28092458844184875,0.5085164904594421,0.5872800350189209,-0.28298720717430115,0.986914336681366,0.5417802929878235,0.6630542874336243,0.07932843267917633,0.3544435203075409,0.5605797171592712,0.5613551735877991,-0.22881048917770386,0.9601655602455139,0.5452593564987183,0.6780574321746826,0.07007204741239548,0.32471150159835815,0.5840291380882263,0.5581363439559937,-0.2629740536212921,0.9339706301689148,0.5434226989746094,0.6741874814033508,0.004737247712910175,0.33452117443084717,0.5775007605552673,0.5513622760772705,-0.2566334903240204,0.929019033908844,0.5390493869781494,0.6677501797676086,0.0583188533782959,0.33045557141304016,0.5718476176261902,0.5554126501083374,-0.22468924522399902,0.8977605700492859,0.46670961380004883,0.6546226143836975,0.1153486892580986,0.9999780058860779,0.39952749013900757,0.6489775776863098,-0.11507805436849594,0.9999146461486816,0.5608877539634705,0.6965864300727844,-0.06438934057950974,0.9726505279541016,0.398899644613266,0.7539187073707581,-0.0932098776102066,0.9677871465682983,0.5155153870582581,0.7937905192375183,0.028985245153307915,0.9507735967636108,0.3049173355102539,0.7579548954963684,0.36742737889289856,0.7633416652679443,0.48964041471481323,0.8063858151435852,0.03474888578057289,0.9118852019309998,0.2840551435947418,0.747186541557312,0.4128613770008087,0.5529659986495972,0.5715108513832092,0.8261472582817078,-0.0644395723938942,0.9658669829368591,0.29618582129478455,0.7941415905952454,0.3574620485305786,0.7560081481933594
IMG_9587 3,57,1888,good,0.5695260763168335,0.5060756802558899,-0.1974845975637436,0.999722421169281,0.5685454607009888,0.4989171326160431,-0.1621149331331253,0.9997119903564453,0.5691064596176147,0.49899822473526,-0.16225330531597137,0.9997293949127197,0.5697541236877441,0.4990037977695465,-0.1623685657978058,0.9997448921203613,0.5614418387413025,0.49782678484916687,-0.19815753400325775,0.9995399117469788,0.5570096373558044,0.49722522497177124,-0.19823074340820312,0.9994361996650696,0.5523040294647217,0.49620628356933594,-0.19836033880710602,0.9991456866264343,0.555194079875946,0.50160813331604,0.00908719189465046,0.9994925260543823,0.5319043397903442,0.49832165241241455,-0.1512245386838913,0.9985833168029785,0.5643969774246216,0.5142351984977722,-0.13194164633750916,0.9992645382881165,0.5562947392463684,0.5131181478500366,-0.17929749190807343,0.9972870349884033,0.5559771060943604,0.5543748736381531,0.13838790357112885,0.9994515776634216,0.46990686655044556,0.5322503447532654,-0.2525109052658081,0.9963660836219788,0.5398011207580566,0.6122962832450867,0.17877602577209473,0.32969701290130615,0.5042057037353516,0.5536272525787354,-0.5721701383590698,0.9874155521392822,0.5429093837738037,0.6595894694328308,0.09239671379327774,0.40749382972717285,0.5540910959243774,0.5045005679130554,-0.7843274474143982,0.963192880153656,0.5457270741462708,0.6757344603538513,0.08292625099420547,0.3754597306251526,0.5663490295410156,0.4893437325954437,-0.849930465221405,0.938620924949646,0.542954683303833,0.6731056571006775,0.048019375652074814,0.385395348072052,0.5622495412826538,0.48858895897865295,-0.8456631302833557,0.9339223504066467,0.5392195582389832,0.6670847535133362,0.07783924788236618,0.3794374465942383,0.558871865272522,0.4960423707962036,-0.789342999458313,0.9043557047843933,0.4681110382080078,0.6489934921264648,0.11459077894687653,0.9999800324440002,0.3994068205356598,0.642798125743866,-0.11452540755271912,0.9999217391014099,0.5613626837730408,0.6940467953681946,-0.2067607343196869,0.9748403429985046,0.39829912781715393,0.7485414743423462,-0.09506469964981079,0.9691073894500732,0.5162161588668823,0.7925850749015808,-0.16697312891483307,0.9544651508331299,0.3037276268005371,0.7579813003540039,0.3684295117855072,0.7731422185897827,0.4897024631500244,0.8061752319335938,-0.16705955564975739,0.9179278612136841,0.28131821751594543,0.7494837641716003,0.41396063566207886,0.5549420714378357,0.5737412571907043,0.8260886669158936,-0.30888107419013977,0.9678961038589478,0.30328208208084106,0.7953312397003174,0.33159613609313965,0.765367865562439
IMG_9587 3,58,1921,good,0.5685910582542419,0.5002900958061218,-0.24098902940750122,0.9997210502624512,0.5680136680603027,0.49295198917388916,-0.206861674785614,0.9997047781944275,0.5686513781547546,0.4930577576160431,-0.2069798707962036,0.9997149109840393,0.5693399906158447,0.49308332800865173,-0.20707347989082336,0.9997401237487793,0.5611874461174011,0.49128401279449463,-0.24374856054782867,0.9995334148406982,0.5569588541984558,0.4902820885181427,-0.24382658302783966,0.9994236826896667,0.552301824092865,0.4890746474266052,-0.24395401775836945,0.9991294145584106,0.5550850033760071,0.49355608224868774,-0.03405303508043289,0.9994955658912659,0.5319448113441467,0.48936524987220764,-0.19886359572410583,0.9985443949699402,0.5631794929504395,0.5080009698867798,-0.17386390268802643,0.9992991089820862,0.5555939078330994,0.5061905384063721,-0.22246843576431274,0.9974454641342163,0.5575957894325256,0.5442705154418945,0.08978701382875443,0.9994835257530212,0.46591001749038696,0.5201013088226318,-0.2889474332332611,0.9965305924415588,0.5412416458129883,0.6025944352149963,0.12295328825712204,0.37482133507728577,0.5021201968193054,0.5389711260795593,-0.636264979839325,0.9882950782775879,0.5446684956550598,0.6565250158309937,-0.01190184149891138,0.45031917095184326,0.5657971501350403,0.4925588369369507,-0.8367419242858887,0.9662438035011292,0.5475490689277649,0.6744214296340942,-0.03206704184412956,0.4130401015281677,0.5814258456230164,0.47780802845954895,-0.9061028957366943,0.9431741833686829,0.5453997254371643,0.672024130821228,-0.05971162021160126,0.4237632155418396,0.5778371095657349,0.47716277837753296,-0.8947659730911255,0.9386895895004272,0.541025698184967,0.666601836681366,-0.026354975998401642,0.41606104373931885,0.57297283411026,0.4842340052127838,-0.8385571241378784,0.9105837941169739,0.4764252305030823,0.642829954624176,0.111973837018013,0.9999815225601196,0.4016057252883911,0.6357654929161072,-0.11192654818296432,0.9999270439147949,0.561625599861145,0.6945234537124634,-0.2354305386543274,0.9767646789550781,0.39802998304367065,0.7381314039230347,-0.07077111303806305,0.9706853032112122,0.5172997117042542,0.7923885583877563,-0.16192388534545898,0.9578754305839539,0.30237171053886414,0.7580437064170837,0.38375794887542725,0.7871753573417664,0.4906690716743469,0.8063305020332336,-0.15769389271736145,0.923453152179718,0.28058385848999023,0.751915454864502,0.428451806306839,0.5613951683044434,0.5740999579429626,0.8261131048202515,-0.3064921200275421,0.969915509223938,0.3046448826789856,0.7960948944091797,0.3255968689918518,0.7778533697128296
IMG_9587 3,59,1955,good,0.5717096924781799,0.4853229224681854,-0.262823224067688,0.9997393488883972,0.5706380605697632,0.4781605005264282,-0.22654162347316742,0.9997228980064392,0.570817232131958,0.4781751036643982,-0.22660459578037262,0.9997288584709167,0.5709290504455566,0.47810623049736023,-0.2266780436038971,0.9997555017471313,0.5650621056556702,0.4769783914089203,-0.2627292275428772,0.9995645880699158,0.561476469039917,0.47618725895881653,-0.262820303440094,0.9994612336158752,0.5572553277015686,0.4751277267932892,-0.2629270553588867,0.9991887211799622,0.5552181601524353,0.47945913672447205,-0.043984778225421906,0.9995266199111938,0.5357809662818909,0.47592660784721375,-0.20937025547027588,0.9986398220062256,0.5640246272087097,0.49298492074012756,-0.19306550920009613,0.9993544816970825,0.5579965710639954,0.49173611402511597,-0.2418397068977356,0.9976634979248047,0.5571913123130798,0.5344254374504089,0.08416763693094254,0.9994909167289734,0.4654797613620758,0.5078874230384827,-0.2788922190666199,0.996726393699646,0.5418114066123962,0.5955052375793457,0.13908100128173828,0.4055282473564148,0.4921702742576599,0.5131426453590393,-0.6161248087882996,0.9889638423919678,0.5442944765090942,0.6549776792526245,0.04261188954114914,0.47179901599884033,0.5456581115722656,0.4694172143936157,-0.8137432336807251,0.9682254791259766,0.5473707914352417,0.6738300919532776,0.03929152339696884,0.42670902609825134,0.5509037375450134,0.4584238529205322,-0.8765556216239929,0.9452679753303528,0.5465618371963501,0.6722846031188965,0.0075724185444414616,0.43915924429893494,0.5496717095375061,0.46079957485198975,-0.8628737926483154,0.9407150745391846,0.5414456129074097,0.6667488217353821,0.030452389270067215,0.430541455745697,0.5468308329582214,0.4670369327068329,-0.8142741322517395,0.9125524163246155,0.4855712950229645,0.6342443823814392,0.10860072821378708,0.9999828338623047,0.40847256779670715,0.6274108290672302,-0.10864000767469406,0.9999321103096008,0.5613510012626648,0.6935257315635681,-0.26485517621040344,0.9784217476844788,0.39709123969078064,0.7265220284461975,-0.04692519083619118,0.9716696739196777,0.5173870921134949,0.7924462556838989,-0.2261011153459549,0.9610034823417664,0.3005179464817047,0.7584571838378906,0.3919264078140259,0.7992497682571411,0.4924883246421814,0.8065571784973145,-0.22562246024608612,0.9273167848587036,0.2796870768070221,0.7547089457511902,0.4346267282962799,0.5602937340736389,0.5763227939605713,0.8261311054229736,-0.4016534388065338,0.9716446399688721,0.30348068475723267,0.7963922023773193,0.305145263671875,0.7887467741966248
IMG_9587 3,60,1988,good,0.5717153549194336,0.4710904061794281,-0.38626888394355774,0.999758780002594,0.570925235748291,0.4649551510810852,-0.3420848548412323,0.9997429847717285,0.5715388655662537,0.4655265212059021,-0.3420356512069702,0.9997443556785583,0.5722046494483948,0.46598348021507263,-0.342031329870224,0.9997692704200745,0.564945638179779,0.46221497654914856,-0.3743254542350769,0.9996002912521362,0.5612871050834656,0.4611069858074188,-0.37445855140686035,0.9995051026344299,0.5569385886192322,0.45989853143692017,-0.37458255887031555,0.9992557168006897,0.5599890947341919,0.46922191977500916,-0.0612499862909317,0.9995555281639099,0.5360715389251709,0.4634910225868225,-0.2688808739185333,0.9987555146217346,0.5649662613868713,0.4797956347465515,-0.29968246817588806,0.9994043111801147,0.5580341219902039,0.47666141390800476,-0.3429732620716095,0.9978681802749634,0.5631738901138306,0.5270146131515503,0.0709548220038414,0.999412477016449,0.465575635433197,0.49830034375190735,-0.29662567377090454,0.9969667792320251,0.5451704859733582,0.586484432220459,0.11488017439842224,0.41513803601264954,0.4892645478248596,0.4905434250831604,-0.7695013880729675,0.9898751378059387,0.5435654520988464,0.6460273861885071,0.0640721470117569,0.46479323506355286,0.54521244764328,0.44879594445228577,-1.032592535018921,0.9708367586135864,0.5468762516975403,0.667872965335846,0.06418076902627945,0.4135718047618866,0.55365389585495,0.4362214207649231,-1.1092501878738403,0.9489844441413879,0.5455318689346313,0.668578565120697,0.03182663023471832,0.42636576294898987,0.5568588376045227,0.4387689232826233,-1.0802549123764038,0.9445179104804993,0.541226327419281,0.6618099212646484,0.050750795751810074,0.41754546761512756,0.549322783946991,0.44010400772094727,-1.0285977125167847,0.9172765612602234,0.4942611753940582,0.6280361413955688,0.1077728271484375,0.9999839663505554,0.41548648476600647,0.6213318705558777,-0.10781056433916092,0.9999370574951172,0.5603600144386292,0.6932733058929443,-0.28349441289901733,0.9798952341079712,0.3970385789871216,0.7187474370002747,0.016175271943211555,0.9728982448577881,0.5165367722511292,0.7926120758056641,-0.22480127215385437,0.964116632938385,0.30091428756713867,0.7583258748054504,0.5082805752754211,0.8130385279655457,0.4921305775642395,0.8070240616798401,-0.22398829460144043,0.9319796562194824,0.2807316482067108,0.7551578879356384,0.5500161647796631,0.570530116558075,0.5752871632575989,0.8261359333992004,-0.41832786798477173,0.973493218421936,0.3040580749511719,0.7959703207015991,0.33549782633781433,0.8023421764373779
IMG_9587 3,61,2021,good,0.5715143084526062,0.46067842841148376,-0.47130489349365234,0.9997761845588684,0.5708076357841492,0.4537354111671448,-0.42514580488204956,0.9997606873512268,0.5715170502662659,0.45417264103889465,-0.4250830411911011,0.9997568726539612,0.5722177028656006,0.45453277230262756,-0.4251103401184082,0.9997811317443848,0.5642253756523132,0.45210301876068115,-0.4530860483646393,0.9996308088302612,0.5603619813919067,0.45151153206825256,-0.45326441526412964,0.9995419979095459,0.5551695823669434,0.45061391592025757,-0.45340222120285034,0.9993146657943726,0.560361385345459,0.4588916301727295,-0.1782650649547577,0.999580442905426,0.5352979898452759,0.4541890323162079,-0.29584211111068726,0.9988614916801453,0.5650926828384399,0.4710124433040619,-0.38474375009536743,0.9994529485702515,0.5574529767036438,0.46951451897621155,-0.4223345220088959,0.9980616569519043,0.5696257948875427,0.5189868211746216,-0.0133139006793499,0.999410092830658,0.46588605642318726,0.48898589611053467,-0.3505569100379944,0.9972322583198547,0.5487518310546875,0.5798537135124207,0.035317517817020416,0.44800418615341187,0.47411465644836426,0.45138534903526306,-0.8036614060401917,0.9908194541931152,0.5432189702987671,0.6411899924278259,0.0001348235091427341,0.4712721109390259,0.5387282371520996,0.40559831261634827,-1.0396361351013184,0.9734084606170654,0.5466774702072144,0.6629276275634766,-0.0013726308243349195,0.4089556336402893,0.5473915934562683,0.3836183249950409,-1.1204991340637207,0.9526280760765076,0.5453510880470276,0.6643944978713989,-0.03488866984844208,0.42143651843070984,0.5509494543075562,0.38468465209007263,-1.0812678337097168,0.9482023119926453,0.5400651097297668,0.6571452021598816,-0.015155402012169361,0.4121567904949188,0.5439528226852417,0.3904387056827545,-1.0343122482299805,0.9224298596382141,0.4987761378288269,0.6222036480903625,0.10364250093698502,0.9999851584434509,0.4186984896659851,0.6146172881126404,-0.1037561297416687,0.9999421834945679,0.5561037063598633,0.6934239268302917,-0.2841842472553253,0.981418251991272,0.3969665765762329,0.7138473987579346,0.03530435264110565,0.9746450185775757,0.5164693593978882,0.7927320599555969,-0.19442300498485565,0.967201292514801,0.30213963985443115,0.7569593787193298,0.5598776936531067,0.8283839821815491,0.4921945631504059,0.8074771761894226,-0.1856980323791504,0.9368370771408081,0.2816809117794037,0.7544885277748108,0.604310929775238,0.5869545936584473,0.5743468999862671,0.8260657787322998,-0.38632386922836304,0.9754778146743774,0.303644597530365,0.7956495881080627,0.4108111560344696,0.8178032040596008
IMG_9587 3,62,2054,good,0.5710443258285522,0.4521236717700958,-0.4757745862007141,0.9997809529304504,0.570522665977478,0.4447212815284729,-0.4328683018684387,0.9997639060020447,0.5713660717010498,0.4450274407863617,-0.43282532691955566,0.9997488260269165,0.5721607804298401,0.4452475309371948,-0.43286484479904175,0.9997788667678833,0.5635392069816589,0.44375255703926086,-0.4600553512573242,0.999637246131897,0.5590940117835999,0.4432399272918701,-0.4602394998073578,0.9995470643043518,0.5541130900382996,0.44279956817626953,-0.46038171648979187,0.9993417859077454,0.5607239007949829,0.4507202208042145,-0.20950420200824738,0.9995729923248291,0.5341992378234863,0.44659513235092163,-0.3193443715572357,0.9989416599273682,0.5650365352630615,0.4628530442714691,-0.39398229122161865,0.9994857907295227,0.5567489266395569,0.462588369846344,-0.43088993430137634,0.9982287287712097,0.5750236511230469,0.5107616782188416,-0.03949325531721115,0.9994177222251892,0.46462109684944153,0.4758524000644684,-0.3566952049732208,0.9974951148033142,0.5548144578933716,0.571047306060791,0.02064569666981697,0.48311030864715576,0.46186038851737976,0.4164179265499115,-0.7083003520965576,0.9917141199111938,0.5428692102432251,0.6342942118644714,-0.05188706889748573,0.48053693771362305,0.5295034646987915,0.3601604998111725,-0.8373505473136902,0.9758626222610474,0.5446651577949524,0.655256450176239,-0.06939654052257538,0.4113200604915619,0.5473604798316956,0.3496052920818329,-0.9130498170852661,0.9562997817993164,0.5436909198760986,0.6570292711257935,-0.11396180838346481,0.42478206753730774,0.552807629108429,0.35082465410232544,-0.8792461156845093,0.9520497918128967,0.5375471711158752,0.649605393409729,-0.07475382089614868,0.416859894990921,0.5470795631408691,0.35352039337158203,-0.8336114287376404,0.9283943772315979,0.5017889738082886,0.6138764023780823,0.10356508940458298,0.9999852776527405,0.4192928671836853,0.606005072593689,-0.1036725714802742,0.9999461770057678,0.5508686900138855,0.6924124956130981,-0.21137270331382751,0.9822713732719421,0.3969337046146393,0.7066911458969116,-0.021059496328234673,0.9764781594276428,0.51649010181427,0.792555570602417,-0.042185209691524506,0.9695528149604797,0.3028671443462372,0.7560352683067322,0.39461973309516907,0.843152642250061,0.4923817813396454,0.8074455857276917,-0.03294787183403969,0.9405655264854431,0.2828453779220581,0.7540917992591858,0.4279667139053345,0.6064370274543762,0.5736866593360901,0.8254152536392212,-0.2697472870349884,0.9767807722091675,0.30341559648513794,0.7957215309143066,0.2311839759349823,0.8324956297874451
IMG_9587 3,63,2087,good,0.5711445212364197,0.44605085253715515,-0.5526992082595825,0.9997926950454712,0.5713072419166565,0.4394613802433014,-0.5048648118972778,0.9997712969779968,0.5724090933799744,0.43988481163978577,-0.5047569274902344,0.9997497797012329,0.5734814405441284,0.44019201397895813,-0.5047966241836548,0.999779224395752,0.5636582374572754,0.43851643800735474,-0.5339478850364685,0.9996516704559326,0.5591338276863098,0.4383319616317749,-0.5341452956199646,0.9995657801628113,0.5541101694107056,0.4380524158477783,-0.5341746807098389,0.9993777871131897,0.5614715814590454,0.44456690549850464,-0.26417121291160583,0.9995502233505249,0.534014880657196,0.43980535864830017,-0.3958710730075836,0.9990211725234985,0.5651270747184753,0.4553007185459137,-0.4639729857444763,0.9995120167732239,0.5565959811210632,0.4549762010574341,-0.504097580909729,0.9983823299407959,0.5759462118148804,0.5038512349128723,-0.07236779481172562,0.999447226524353,0.4622924327850342,0.46507006883621216,-0.4132424294948578,0.9977360367774963,0.5573301315307617,0.5687463879585266,-0.001154712401330471,0.5252614617347717,0.43454697728157043,0.4055372178554535,-0.7009802460670471,0.9925227761268616,0.5438910722732544,0.6296782493591309,-0.07322883605957031,0.519391655921936,0.5057141184806824,0.34522655606269836,-0.8088615536689758,0.9781756401062012,0.5448459386825562,0.6496235132217407,-0.0866689383983612,0.4444672167301178,0.5247434973716736,0.3310352861881256,-0.8850929141044617,0.9601171612739563,0.543757438659668,0.6505587100982666,-0.1395266056060791,0.45796579122543335,0.5340260863304138,0.33050933480262756,-0.8436561822891235,0.9561567306518555,0.538133442401886,0.6428006887435913,-0.09936825186014175,0.4507409632205963,0.5287399888038635,0.33638182282447815,-0.8022597432136536,0.9345644116401672,0.5033273100852966,0.6096507906913757,0.11269815266132355,0.9999790191650391,0.4208436608314514,0.5999378561973572,-0.11294090747833252,0.9999441504478455,0.5456330180168152,0.6925798654556274,-0.024481549859046936,0.9822399020195007,0.3981727361679077,0.6975380182266235,-0.1547183245420456,0.9784249067306519,0.5164451003074646,0.7925474047660828,0.18003784120082855,0.9714624285697937,0.3086397647857666,0.7546760439872742,0.17828437685966492,0.8580392003059387,0.4926358163356781,0.8077774047851562,0.19091641902923584,0.9426816701889038,0.2907038927078247,0.753790557384491,0.20314013957977295,0.6328191161155701,0.5750669836997986,0.8252471089363098,-0.0024800195824354887,0.9775967001914978,0.30593523383140564,0.7967493534088135,0.012040828354656696,0.8478184938430786
IMG_9587 3,64,2120,good,0.5734854936599731,0.43910396099090576,-0.5114961862564087,0.999790370464325,0.5728350281715393,0.4318763017654419,-0.4634924530982971,0.9997599720954895,0.5737440586090088,0.4321843087673187,-0.46343380212783813,0.9997259974479675,0.5746419429779053,0.4324045479297638,-0.4634798765182495,0.9997518658638,0.5652405619621277,0.43110713362693787,-0.4965207278728485,0.9996449947357178,0.5606564283370972,0.4308742582798004,-0.4967038631439209,0.9995614290237427,0.5556069612503052,0.43052539229393005,-0.4967268109321594,0.9993870258331299,0.5615290999412537,0.4364549517631531,-0.22997254133224487,0.9994490742683411,0.5343399047851562,0.4319889545440674,-0.3785322308540344,0.9990756511688232,0.5667555332183838,0.44847553968429565,-0.4227764308452606,0.9994944334030151,0.5579442977905273,0.447907030582428,-0.46785983443260193,0.9984970688819885,0.5761669874191284,0.49648675322532654,-0.05206022411584854,0.9994359016418457,0.45845675468444824,0.4569801986217499,-0.41162386536598206,0.9979473948478699,0.5597147941589355,0.5559949278831482,0.03257374465465546,0.5531685948371887,0.4101455509662628,0.39933717250823975,-0.6805931329727173,0.9932564496994019,0.5440842509269714,0.6129282712936401,-0.04786494001746178,0.5404590964317322,0.48126497864723206,0.3393692076206207,-0.80860835313797,0.9802926778793335,0.5447185635566711,0.6294200420379639,-0.060135819017887115,0.456093430519104,0.5011009573936462,0.3254772126674652,-0.8854354619979858,0.9637065529823303,0.5436387062072754,0.6290906667709351,-0.1123918816447258,0.4696914255619049,0.5108801126480103,0.3263649642467499,-0.8332071304321289,0.9600411057472229,0.5386121273040771,0.6247957348823547,-0.07417342066764832,0.4639860987663269,0.5053835511207581,0.33104124665260315,-0.7975707054138184,0.9403700232505798,0.5038977265357971,0.6059387922286987,0.12016091495752335,0.9999695420265198,0.42148905992507935,0.5963504910469055,-0.12035256624221802,0.9999387264251709,0.5399755239486694,0.6927701830863953,0.04059464484453201,0.9823623299598694,0.3997657597064972,0.6921048164367676,-0.13766808807849884,0.9802305102348328,0.5164639353752136,0.7929897904396057,0.24818570911884308,0.97309410572052,0.3175881505012512,0.7521710991859436,0.19863925874233246,0.8716190457344055,0.49286961555480957,0.808165967464447,0.2596142590045929,0.9445199966430664,0.30129608511924744,0.7537431120872498,0.2229090929031372,0.658597469329834,0.5764694213867188,0.8250941634178162,0.07274457812309265,0.9783784747123718,0.31533974409103394,0.7970926761627197,0.0273031834512949,0.8619289994239807
IMG_9587 3,65,2153,good,0.5732856392860413,0.431181937456131,-0.48414260149002075,0.9997990727424622,0.572572648525238,0.4242548942565918,-0.43780016899108887,0.9997678995132446,0.5734748840332031,0.4245964288711548,-0.43777501583099365,0.9997325539588928,0.5743415951728821,0.42485108971595764,-0.43782925605773926,0.9997553825378418,0.5649230480194092,0.42329177260398865,-0.47034934163093567,0.9996578693389893,0.5602512359619141,0.4229726195335388,-0.47051340341567993,0.999579131603241,0.5551697611808777,0.4226253628730774,-0.47052526473999023,0.9994167685508728,0.5607675909996033,0.4282602071762085,-0.2232947200536728,0.9994445443153381,0.5335245728492737,0.4243042469024658,-0.3519001603126526,0.9991422295570374,0.5666404366493225,0.4399765133857727,-0.397628515958786,0.9995192289352417,0.5575080513954163,0.43941229581832886,-0.44202929735183716,0.9986246228218079,0.5770583152770996,0.48910582065582275,-0.0440262146294117,0.9994670748710632,0.4542705714702606,0.45162826776504517,-0.34781989455223083,0.998137891292572,0.5649559497833252,0.5499177575111389,-0.0200850497931242,0.5888652205467224,0.38949015736579895,0.3965579867362976,-0.611932635307312,0.9939174652099609,0.5472009778022766,0.6032138466835022,-0.21125872433185577,0.5759158134460449,0.4508180320262909,0.3358418047428131,-0.7904108762741089,0.9822033643722534,0.5464121699333191,0.6188878417015076,-0.24338361620903015,0.48900625109672546,0.46838897466659546,0.32226625084877014,-0.8415115475654602,0.9669649600982666,0.5444181561470032,0.6176670789718628,-0.291913241147995,0.5025018453598022,0.47930845618247986,0.32298529148101807,-0.8168184757232666,0.9635835886001587,0.541178286075592,0.613235592842102,-0.23816533386707306,0.49683743715286255,0.4761558175086975,0.32755932211875916,-0.7954637408256531,0.9456590414047241,0.5041636824607849,0.60215163230896,0.1187293753027916,0.9999638795852661,0.4216378927230835,0.5931928753852844,-0.11890818178653717,0.999934732913971,0.533054530620575,0.692872941493988,0.04688397794961929,0.9825721383094788,0.40111514925956726,0.686732828617096,-0.13218633830547333,0.9818152785301208,0.5165919065475464,0.793256402015686,0.2508362829685211,0.9745898246765137,0.32897302508354187,0.7495814561843872,0.21832214295864105,0.883674681186676,0.4939350187778473,0.8083666563034058,0.2616520822048187,0.9461035132408142,0.31452396512031555,0.7533291578292847,0.24159593880176544,0.679286539554596,0.5760879516601562,0.8248095512390137,0.06944409757852554,0.9790711402893066,0.32706043124198914,0.7969210147857666,0.044952861964702606,0.8743899464607239
IMG_9587 3,66,2187,good,0.5712810158729553,0.42571115493774414,-0.5196332931518555,0.9998036026954651,0.5711857676506042,0.41907066106796265,-0.47659099102020264,0.9997633695602417,0.5723187923431396,0.41936632990837097,-0.4765546917915344,0.9997255802154541,0.5733296275138855,0.4195987284183502,-0.4765912592411041,0.999744176864624,0.5624399185180664,0.4181164503097534,-0.5049598813056946,0.9996569752693176,0.5571936964988708,0.4178221821784973,-0.5051222443580627,0.9995824694633484,0.5516281723976135,0.4175759255886078,-0.5050923228263855,0.9994266033172607,0.5593181848526001,0.4229891896247864,-0.2453477382659912,0.999396562576294,0.5304145812988281,0.4196211099624634,-0.3749648630619049,0.9991847276687622,0.5646781325340271,0.4342101812362671,-0.43121206760406494,0.9995284676551819,0.5539739727973938,0.43403875827789307,-0.47064846754074097,0.9987302422523499,0.5775868892669678,0.4839865267276764,-0.06667651981115341,0.9994961619377136,0.45134714245796204,0.44643694162368774,-0.34943193197250366,0.9983088374137878,0.5711836218833923,0.5455814599990845,-0.035907626152038574,0.6240436434745789,0.368236243724823,0.3984595537185669,-0.5875102281570435,0.9945071935653687,0.5479098558425903,0.6041381359100342,-0.18236008286476135,0.6101095676422119,0.42169347405433655,0.338861346244812,-0.7613059282302856,0.983885645866394,0.5469990372657776,0.6210922598838806,-0.20867477357387543,0.5216097235679626,0.4389484226703644,0.32298779487609863,-0.8244479298591614,0.9697428345680237,0.544488787651062,0.6192278265953064,-0.2599163055419922,0.5350463390350342,0.4494425356388092,0.32452353835105896,-0.7947882413864136,0.9665932655334473,0.5419188737869263,0.6145140528678894,-0.20827774703502655,0.5292518138885498,0.44671371579170227,0.33065691590309143,-0.7600178122520447,0.9501553177833557,0.506777822971344,0.5991776585578918,0.11259802430868149,0.9999526739120483,0.4228418469429016,0.5893720388412476,-0.11276838928461075,0.999925971031189,0.5275123715400696,0.6923412680625916,0.05825364589691162,0.9825488328933716,0.4023542106151581,0.6806762218475342,-0.10351517796516418,0.9830816388130188,0.5166853070259094,0.7932668328285217,0.22986388206481934,0.9758032560348511,0.33571478724479675,0.7496376037597656,0.19327490031719208,0.8944926261901855,0.49455341696739197,0.8085559010505676,0.23702137172222137,0.9471384882926941,0.32325974106788635,0.7534837126731873,0.2101862132549286,0.698207437992096,0.5757742524147034,0.8236911296844482,0.03686780110001564,0.9795007109642029,0.3355048894882202,0.7968328595161438,0.0006423678714782,0.8855001330375671
IMG_9587 3,67,2220,good,0.5706238746643066,0.4193844199180603,-0.46992477774620056,0.9998130798339844,0.5702802538871765,0.4126116931438446,-0.42434805631637573,0.9997730851173401,0.5714890956878662,0.4128970205783844,-0.4243399202823639,0.9997369050979614,0.5725092887878418,0.4131307005882263,-0.424306720495224,0.9997532367706299,0.5613178014755249,0.4114728271961212,-0.4478670060634613,0.9996699094772339,0.5561246871948242,0.41102877259254456,-0.4479512572288513,0.9996009469032288,0.5505373477935791,0.41068723797798157,-0.4478491544723511,0.9994531273841858,0.5575643181800842,0.4165538549423218,-0.18668854236602783,0.9994142055511475,0.5270677804946899,0.41364991664886475,-0.30884552001953125,0.9992380738258362,0.5638782382011414,0.42784202098846436,-0.3796853721141815,0.9995593428611755,0.5524809956550598,0.4285076856613159,-0.4137568175792694,0.9988395571708679,0.5778646469116211,0.48025649785995483,-0.04646068066358566,0.9995369911193848,0.446902334690094,0.44317173957824707,-0.27935343980789185,0.9984589219093323,0.5711727142333984,0.542384684085846,-0.022768650203943253,0.6572529077529907,0.3495177626609802,0.40602511167526245,-0.5319835543632507,0.9950312972068787,0.5488818883895874,0.5994368195533752,-0.20839962363243103,0.6449973583221436,0.39534369111061096,0.3464992940425873,-0.7549476623535156,0.9853715300559998,0.5477200150489807,0.6181294322013855,-0.24327239394187927,0.5597088932991028,0.4085939824581146,0.3312718868255615,-0.8155863285064697,0.9721210598945618,0.5451871156692505,0.616470456123352,-0.2932112514972687,0.5726383924484253,0.41858622431755066,0.3326626718044281,-0.7861310243606567,0.969170331954956,0.543121337890625,0.6110935807228088,-0.23398512601852417,0.5662533044815063,0.41673657298088074,0.3383629322052002,-0.7489608526229858,0.9540401101112366,0.5098101496696472,0.5976710915565491,0.10312957316637039,0.9999480843544006,0.424763560295105,0.5885272026062012,-0.1033085435628891,0.9999223351478577,0.5227839946746826,0.6922307014465332,0.08711567521095276,0.983123779296875,0.4026021957397461,0.6787687540054321,-0.07344317436218262,0.9843135476112366,0.5167058706283569,0.7932725548744202,0.2739000618457794,0.9774321913719177,0.3404074013233185,0.750952422618866,0.193216934800148,0.9044198989868164,0.49492940306663513,0.808461606502533,0.28201523423194885,0.948685884475708,0.327654629945755,0.7591179609298706,0.20758377015590668,0.7169507741928101,0.574370801448822,0.8237161040306091,0.07527929544448853,0.9805028438568115,0.3462766110897064,0.7978614568710327,-0.010607624426484108,0.8958964943885803
IMG_9587 3,68,2253,good,0.5686618089675903,0.41658398509025574,-0.45558518171310425,0.9998111128807068,0.5670946836471558,0.40943261981010437,-0.414518266916275,0.9997607469558716,0.5681160688400269,0.40955910086631775,-0.41450533270835876,0.9997241497039795,0.5688929557800293,0.40958452224731445,-0.4144541323184967,0.999736487865448,0.5584832429885864,0.40860462188720703,-0.4413951337337494,0.9996569752693176,0.5535845160484314,0.4082604646682739,-0.4414920508861542,0.9995934963226318,0.5481572151184082,0.4079936742782593,-0.441427618265152,0.9994423985481262,0.5526424646377563,0.4131624698638916,-0.18558546900749207,0.9993677735328674,0.520857036113739,0.41243165731430054,-0.318680077791214,0.9992517232894897,0.5618484616279602,0.42540740966796875,-0.3677685856819153,0.9995664358139038,0.5500572919845581,0.4267114996910095,-0.4067686200141907,0.9989155530929565,0.5781909227371216,0.4762715995311737,-0.044002845883369446,0.9995708465576172,0.4396131634712219,0.44071492552757263,-0.3013603091239929,0.9985921382904053,0.5705017447471619,0.5408074259757996,-0.010106105357408524,0.6865129470825195,0.33822551369667053,0.41400372982025146,-0.5398057103157043,0.9954937696456909,0.5514478087425232,0.6015903353691101,-0.14165173470973969,0.6755731105804443,0.3714844286441803,0.35474780201911926,-0.7485188245773315,0.9866983294487,0.5507979393005371,0.6204835772514343,-0.1640509068965912,0.5920972228050232,0.38234058022499084,0.33940228819847107,-0.817053496837616,0.9742637276649475,0.5469684600830078,0.6190881729125977,-0.20982559025287628,0.6049485802650452,0.3916856348514557,0.3390706777572632,-0.7948505282402039,0.9715090990066528,0.5452075004577637,0.6135567426681519,-0.1638702154159546,0.5981917977333069,0.39075765013694763,0.34421560168266296,-0.7460640668869019,0.9575164914131165,0.5100141167640686,0.595534086227417,0.10198841243982315,0.99994295835495,0.42461204528808594,0.5860245823860168,-0.1021585687994957,0.9999180436134338,0.5167415738105774,0.6907185912132263,0.08157806843519211,0.9834438562393188,0.4034275710582733,0.6765033602714539,-0.06976701319217682,0.985406756401062,0.5141962170600891,0.792332112789154,0.25409960746765137,0.9789242148399353,0.3458123803138733,0.7536393404006958,0.1875869184732437,0.9134113788604736,0.49412021040916443,0.8075963854789734,0.2607968747615814,0.9503496289253235,0.3346416652202606,0.7620714902877808,0.2014845609664917,0.7351453304290771,0.5716029405593872,0.8236731290817261,0.05951092392206192,0.9815232753753662,0.3531101942062378,0.7979081273078918,-0.012471669353544712,0.9054039716720581
IMG_9587 3,69,2286,good,0.5654705762863159,0.4123835563659668,-0.3667958080768585,0.9997973442077637,0.5628612637519836,0.40490567684173584,-0.3319443464279175,0.9997246861457825,0.5637147426605225,0.4050068259239197,-0.33192625641822815,0.9996885061264038,0.5643141269683838,0.4049956798553467,-0.331898957490921,0.9996940493583679,0.554519772529602,0.40413033962249756,-0.35918253660202026,0.9996240735054016,0.5498029589653015,0.4037892520427704,-0.3592928349971771,0.9995690584182739,0.5443703532218933,0.40346577763557434,-0.3593043386936188,0.9994122385978699,0.5477442741394043,0.4089205861091614,-0.13785287737846375,0.9992634057998657,0.5164738893508911,0.4084061086177826,-0.2674584686756134,0.9992352724075317,0.559524655342102,0.421263188123703,-0.2922751009464264,0.9995445013046265,0.5475004315376282,0.4223424196243286,-0.33007484674453735,0.9989582300186157,0.5778951644897461,0.47290992736816406,-0.009014394134283066,0.9995854496955872,0.4366254210472107,0.44106557965278625,-0.24361300468444824,0.9987046718597412,0.5696949362754822,0.5379005670547485,0.042008720338344574,0.7102077603340149,0.32940369844436646,0.42430955171585083,-0.4549922049045563,0.9958930611610413,0.5537511706352234,0.5959680080413818,-0.0842575877904892,0.699853777885437,0.34991544485092163,0.36627158522605896,-0.6550295948982239,0.987815260887146,0.5521557331085205,0.6153631806373596,-0.10358363389968872,0.6154617667198181,0.35896262526512146,0.35181668400764465,-0.7206737995147705,0.9758629202842712,0.5484514832496643,0.6147600412368774,-0.15349186956882477,0.6288795471191406,0.3684188425540924,0.3506036698818207,-0.7055603861808777,0.9732617139816284,0.5468637347221375,0.608907163143158,-0.10764111578464508,0.6215951442718506,0.36797645688056946,0.35567688941955566,-0.6571285724639893,0.9601781368255615,0.5107208490371704,0.5938783884048462,0.09192230552434921,0.9999336004257202,0.4243588447570801,0.5850295424461365,-0.0920884907245636,0.9999129772186279,0.5145012736320496,0.6901314854621887,0.06932691484689713,0.9840269088745117,0.40338173508644104,0.677862823009491,-0.06556540727615356,0.9864885807037354,0.5139383673667908,0.7923319935798645,0.22538623213768005,0.9804964065551758,0.3512799143791199,0.7578943967819214,0.17507317662239075,0.9216235876083374,0.4941379725933075,0.807537317276001,0.23060160875320435,0.9525771737098694,0.3432847559452057,0.7660880088806152,0.18754678964614868,0.7528717517852783,0.57124263048172,0.8235977292060852,0.03619612753391266,0.9826778173446655,0.357347309589386,0.7998294830322266,-0.021328361704945564,0.9141384363174438
IMG_9587 3,70,2319,good,0.558098554611206,0.41120418906211853,-0.3546820878982544,0.9998014569282532,0.5549945831298828,0.4038667678833008,-0.322574257850647,0.9997192025184631,0.5557311773300171,0.40391260385513306,-0.3225730061531067,0.9996846318244934,0.5561960935592651,0.4038415849208832,-0.3225536048412323,0.999686062335968,0.5474691390991211,0.4035232961177826,-0.3452795743942261,0.9996234178543091,0.5428353548049927,0.4033937454223633,-0.34539395570755005,0.9995752573013306,0.5376737117767334,0.4032610356807709,-0.3454260230064392,0.9994232058525085,0.5408174395561218,0.4081267714500427,-0.13032639026641846,0.9992464184761047,0.5101274251937866,0.40827810764312744,-0.23889055848121643,0.9992532134056091,0.5527505278587341,0.42073947191238403,-0.27993664145469666,0.9995542168617249,0.5412518382072449,0.42187097668647766,-0.3117617070674896,0.999023973941803,0.5775878429412842,0.47129055857658386,0.0010753925889730453,0.9996107220649719,0.43253302574157715,0.44146794080734253,-0.19693519175052643,0.9988155961036682,0.568856418132782,0.537051260471344,0.04675895720720291,0.7334027886390686,0.3274149000644684,0.4299212098121643,-0.4092549979686737,0.9962170124053955,0.5549808740615845,0.5961415767669678,-0.08421044796705246,0.7247851490974426,0.3260781466960907,0.3763802647590637,-0.6622277498245239,0.9888172745704651,0.5536096096038818,0.6154807209968567,-0.10452686250209808,0.6423406600952148,0.3280244767665863,0.36298632621765137,-0.732241153717041,0.9774270057678223,0.5495906472206116,0.6150817275047302,-0.154432475566864,0.655729353427887,0.33877602219581604,0.3619842231273651,-0.7223497629165649,0.9750271439552307,0.547793984413147,0.6093672513961792,-0.10755044966936111,0.6479545831680298,0.3406471610069275,0.3667100965976715,-0.6679536700248718,0.9628240466117859,0.5106691718101501,0.5932801365852356,0.07602615654468536,0.999926745891571,0.4240848422050476,0.5858717560768127,-0.07626018673181534,0.9999105930328369,0.5121767520904541,0.6898439526557922,0.0820048376917839,0.984751284122467,0.4029681384563446,0.6804558634757996,-0.06576767563819885,0.9874252676963806,0.51399165391922,0.7923412322998047,0.25442126393318176,0.981920599937439,0.35491257905960083,0.76423579454422,0.15549299120903015,0.9290475249290466,0.49508264660835266,0.8075613975524902,0.26114633679389954,0.9542679786682129,0.3483813405036926,0.7737387418746948,0.16613507270812988,0.768155038356781,0.5711135268211365,0.8235719799995422,0.06811590492725372,0.9837418794631958,0.36278441548347473,0.8032886981964111,-0.048062995076179504,0.9221015572547913
IMG_9587 3,71,2352,good,0.5506080389022827,0.41136154532432556,-0.32209286093711853,0.9998040199279785,0.5479450821876526,0.40369683504104614,-0.29404065012931824,0.9997098445892334,0.548682451248169,0.40368396043777466,-0.2940583825111389,0.9996798634529114,0.5492247939109802,0.40359076857566833,-0.29404503107070923,0.999677836894989,0.5400991439819336,0.4036303460597992,-0.31244584918022156,0.9996150732040405,0.5354520678520203,0.4035828113555908,-0.31257420778274536,0.9995737671852112,0.5298845767974854,0.4035532772541046,-0.31263208389282227,0.9994238018989563,0.5353942513465881,0.40810421109199524,-0.11349888145923615,0.9992380142211914,0.5034765005111694,0.40871262550354004,-0.2027014046907425,0.9992442727088928,0.5453497171401978,0.4212144911289215,-0.25116124749183655,0.9995577931404114,0.5341224670410156,0.422377347946167,-0.27740442752838135,0.9990707635879517,0.5773081183433533,0.470140665769577,0.012567895464599133,0.9996345043182373,0.4305781424045563,0.44350138306617737,-0.14361068606376648,0.9989128708839417,0.568501353263855,0.5362398028373718,0.060306400060653687,0.755125880241394,0.3279933035373688,0.4465421140193939,-0.3301549553871155,0.9963802695274353,0.5564517378807068,0.5962830781936646,-0.06603734940290451,0.7475085258483887,0.3066920042037964,0.3992425501346588,-0.6197357177734375,0.9896048307418823,0.5550488233566284,0.6154331564903259,-0.08625956624746323,0.6671358346939087,0.30373167991638184,0.38270044326782227,-0.6862537860870361,0.9786546230316162,0.5502191185951233,0.6151624321937561,-0.13415411114692688,0.6804227232933044,0.3134550154209137,0.3765594959259033,-0.6936643719673157,0.9764742255210876,0.5484685301780701,0.6095192432403564,-0.0875251516699791,0.6722986102104187,0.3164360225200653,0.38297465443611145,-0.6326413750648499,0.9650524258613586,0.5101619958877563,0.5927790999412537,0.06740819662809372,0.9999141693115234,0.4239862561225891,0.5858477354049683,-0.06766173988580704,0.9999024271965027,0.5109881162643433,0.6896937489509583,0.059525199234485626,0.9852029085159302,0.40276089310646057,0.682172417640686,-0.07186862826347351,0.9881911873817444,0.5135329961776733,0.7923587560653687,0.2204371988773346,0.9831427335739136,0.3590382933616638,0.768706738948822,0.1137586459517479,0.9357207417488098,0.49509796500205994,0.8078935146331787,0.2261529266834259,0.9555427432060242,0.35392171144485474,0.7788068652153015,0.12111028283834457,0.782080888748169,0.5710890889167786,0.823436439037323,0.03499014675617218,0.9846304059028625,0.3671841621398926,0.8053789138793945,-0.09514597803354263,0.9292420148849487
IMG_9587 3,72,2385,good,0.5414193868637085,0.41223302483558655,-0.32234424352645874,0.999817430973053,0.5391271114349365,0.4047236740589142,-0.2942333221435547,0.9997244477272034,0.5399431586265564,0.4047561585903168,-0.29425251483917236,0.9996976852416992,0.5405848622322083,0.4046965539455414,-0.29423171281814575,0.9996947646141052,0.5312582850456238,0.4043799340724945,-0.3132709860801697,0.9996364712715149,0.5262216329574585,0.4041559100151062,-0.31338170170783997,0.9996004700660706,0.5199786424636841,0.403956800699234,-0.31343555450439453,0.9994602203369141,0.5285348892211914,0.40874308347702026,-0.11283854395151138,0.9992845058441162,0.49555256962776184,0.4086019992828369,-0.2051333785057068,0.9992847442626953,0.5376664400100708,0.42165395617485046,-0.25131914019584656,0.9995863437652588,0.527073085308075,0.42234599590301514,-0.27858108282089233,0.9991425275802612,0.5743149518966675,0.46990305185317993,0.019652174785733223,0.9996623396873474,0.42830467224121094,0.4459425210952759,-0.13945703208446503,0.9990047812461853,0.5682669878005981,0.5358834266662598,0.10289547592401505,0.77640300989151,0.33455127477645874,0.46568262577056885,-0.32537567615509033,0.9964854717254639,0.5570526123046875,0.5948399305343628,0.0014088808093219995,0.7705667018890381,0.29559049010276794,0.42918798327445984,-0.6493998765945435,0.9904249906539917,0.5556130409240723,0.6139065027236938,-0.013741052709519863,0.694856584072113,0.2859240472316742,0.4136510491371155,-0.718090832233429,0.9801827073097229,0.5506433844566345,0.6134461760520935,-0.06416090577840805,0.7074679136276245,0.29371562600135803,0.4070909917354584,-0.7229567170143127,0.9782301187515259,0.5486811399459839,0.6080604791641235,-0.01968308351933956,0.6992684006690979,0.29944518208503723,0.4113228917121887,-0.6534363627433777,0.9676598906517029,0.5098462104797363,0.5933563113212585,0.06026360020041466,0.9999091029167175,0.4239320456981659,0.5871057510375977,-0.06054551154375076,0.9998975992202759,0.5103500485420227,0.6897621750831604,0.046970807015895844,0.9860239028930664,0.4025227427482605,0.6822203993797302,-0.06710280478000641,0.9888720512390137,0.513523519039154,0.7923718690872192,0.2056376188993454,0.9843271970748901,0.36253252625465393,0.7702405452728271,0.13501176238059998,0.9417545795440674,0.4950827658176422,0.808201253414154,0.2116025686264038,0.956684947013855,0.36015674471855164,0.780163049697876,0.14323917031288147,0.7946008443832397,0.5704268217086792,0.8234490752220154,0.029795322567224503,0.9855626821517944,0.36764052510261536,0.8053166270256042,-0.0740201324224472,0.9357476234436035
IMG_9587 3,73,2419,good,0.5323215126991272,0.4098352789878845,-0.26111331582069397,0.9998284578323364,0.5290376543998718,0.40354523062705994,-0.23447562754154205,0.9997326135635376,0.5294262766838074,0.4036702513694763,-0.23451879620552063,0.9997105598449707,0.5300766825675964,0.4037545621395111,-0.2344946563243866,0.9997075796127319,0.5206755995750427,0.4032253921031952,-0.24261771142482758,0.9996455907821655,0.5166913866996765,0.4032413959503174,-0.2427152842283249,0.999614953994751,0.5114283561706543,0.403263121843338,-0.24278482794761658,0.9994795918464661,0.5189424753189087,0.4082619845867157,-0.06913895159959793,0.9993175268173218,0.48866409063339233,0.4082225263118744,-0.1121758371591568,0.9992756843566895,0.5288054347038269,0.4193926453590393,-0.19803795218467712,0.9996076822280884,0.5178833603858948,0.4200505018234253,-0.21115608513355255,0.9991923570632935,0.5702641606330872,0.4697665572166443,0.03348808363080025,0.9996886849403381,0.42096149921417236,0.44824743270874023,-0.054440055042505264,0.9990840554237366,0.5659916400909424,0.5365448594093323,0.08361632376909256,0.79594486951828,0.3424237370491028,0.48034632205963135,-0.24171297252178192,0.9959424138069153,0.5571228861808777,0.5957860946655273,-0.023309893906116486,0.7916002869606018,0.2865926921367645,0.4559364318847656,-0.6086301207542419,0.9908351898193359,0.5564880967140198,0.6146504878997803,-0.0373217947781086,0.7209120392799377,0.2680913209915161,0.44357046484947205,-0.6761054992675781,0.9810038208961487,0.5508347749710083,0.6142358183860779,-0.09087776392698288,0.7327597141265869,0.27239111065864563,0.43691307306289673,-0.7008864283561707,0.9793136715888977,0.5487286448478699,0.6090173125267029,-0.04728662595152855,0.7243927121162415,0.279832661151886,0.44050368666648865,-0.6292028427124023,0.9694165587425232,0.5093251466751099,0.5928324460983276,0.04797747731208801,0.9999088644981384,0.420933336019516,0.5875322818756104,-0.04832327738404274,0.9998959302902222,0.5099779963493347,0.6896335482597351,0.014207144267857075,0.9866215586662292,0.4024961590766907,0.68111252784729,-0.06354675441980362,0.9892558455467224,0.5124563574790955,0.7923809885978699,0.12427610903978348,0.9853971004486084,0.36484116315841675,0.7703125476837158,0.13501103222370148,0.9470314979553223,0.4942980706691742,0.8083412051200867,0.12299132347106934,0.9569290280342102,0.36178791522979736,0.7795026302337646,0.1426265388727188,0.8027079701423645,0.5699467062950134,0.8235986232757568,-0.08296019583940506,0.9863566756248474,0.36870917677879333,0.8053895235061646,-0.06727738678455353,0.9414321780204773
IMG_9587 3,74,2452,good,0.5240564942359924,0.409358948469162,-0.2924256920814514,0.9998413920402527,0.5208807587623596,0.4032945930957794,-0.2862372398376465,0.9997473359107971,0.5216221213340759,0.4034768342971802,-0.28637585043907166,0.9997292757034302,0.5226036906242371,0.40362441539764404,-0.2862871289253235,0.999724805355072,0.5116400122642517,0.403033047914505,-0.24450553953647614,0.9996640086174011,0.5070609450340271,0.4031789302825928,-0.24446377158164978,0.9996383786201477,0.501336395740509,0.4033418595790863,-0.2446034997701645,0.9995101094245911,0.5107242465019226,0.40828290581703186,-0.13121359050273895,0.9993643164634705,0.48059940338134766,0.4085069000720978,-0.18418368697166443,0.9993108510971069,0.5211243033409119,0.41912180185317993,-0.2442646473646164,0.9996359944343567,0.5082331895828247,0.4197002649307251,-0.23770681023597717,0.9992554187774658,0.5636659264564514,0.47016751766204834,-0.02136904187500477,0.9997121691703796,0.41073569655418396,0.4496290981769562,-0.11540383100509644,0.9991568326950073,0.5588093996047974,0.5359513163566589,0.07647141814231873,0.8138489723205566,0.34616535902023315,0.4918173849582672,-0.19239000976085663,0.9947984218597412,0.5565183758735657,0.5952287912368774,-0.031191783025860786,0.8099393844604492,0.28197866678237915,0.48394909501075745,-0.46990880370140076,0.9905697703361511,0.5562994480133057,0.6141603589057922,-0.04806678742170334,0.7429872751235962,0.25735995173454285,0.4767490327358246,-0.5221020579338074,0.9808796644210815,0.550770103931427,0.6140382885932922,-0.09940285980701447,0.7542950510978699,0.25642868876457214,0.4705217182636261,-0.5682778358459473,0.9795545935630798,0.548494279384613,0.6088296175003052,-0.053274501115083694,0.7458979487419128,0.2646034359931946,0.4730246961116791,-0.49700549244880676,0.9701701402664185,0.5076087117195129,0.5928956866264343,0.0395033061504364,0.9998968839645386,0.41709381341934204,0.5881798267364502,-0.039744164794683456,0.9998834133148193,0.5096315145492554,0.6892775893211365,0.00975245051085949,0.9872673749923706,0.4014251232147217,0.6812766790390015,-0.06551431119441986,0.9897174835205078,0.5124355554580688,0.7922908663749695,0.14009778201580048,0.9863395690917969,0.3648398220539093,0.7721401453018188,0.12327314168214798,0.9518994092941284,0.4942803382873535,0.8085675239562988,0.1417044699192047,0.9575881361961365,0.3625366985797882,0.7829059958457947,0.12932485342025757,0.8128206729888916,0.5696071982383728,0.8236797451972961,-0.06039203330874443,0.9870215654373169,0.36748167872428894,0.8052669167518616,-0.09056815505027771,0.9465683698654175
IMG_9587 3,75,2485,good,0.5195378065109253,0.41147541999816895,-0.3876692056655884,0.9998528361320496,0.5167146325111389,0.4047572910785675,-0.3658490478992462,0.9997576475143433,0.5174537301063538,0.40491002798080444,-0.36592426896095276,0.999744176864624,0.5181639790534973,0.4050067663192749,-0.3658834993839264,0.9997360110282898,0.5084378123283386,0.4045010507106781,-0.37077444791793823,0.9996759295463562,0.5032801032066345,0.404563844203949,-0.37082064151763916,0.9996567964553833,0.496404230594635,0.40466535091400146,-0.37087059020996094,0.9995347857475281,0.5047397613525391,0.4093044698238373,-0.18140903115272522,0.9993950724601746,0.4729331135749817,0.40957650542259216,-0.2568422555923462,0.9993468523025513,0.5157984495162964,0.4212026298046112,-0.3182394802570343,0.9996615052223206,0.504023551940918,0.4217778146266937,-0.3350329101085663,0.9993137717247009,0.5569109916687012,0.4705292582511902,-0.029929976910352707,0.9997326135635376,0.40502867102622986,0.4502158761024475,-0.15289601683616638,0.9992261528968811,0.5523517727851868,0.5364811420440674,0.12077981233596802,0.8283088207244873,0.3463182747364044,0.5016046166419983,-0.10750281810760498,0.99402916431427,0.553705096244812,0.5949820280075073,0.037678312510252,0.8240461945533752,0.28132200241088867,0.5093286037445068,-0.23853799700737,0.9904127717018127,0.5547009110450745,0.6132640242576599,0.023727528750896454,0.7575878500938416,0.25103744864463806,0.5089850425720215,-0.27404266595840454,0.9808693528175354,0.549105703830719,0.6131125092506409,-0.03820749372243881,0.7689313888549805,0.24960894882678986,0.5035783052444458,-0.3320619761943817,0.9798654317855835,0.5465968251228333,0.6080166101455688,0.0111028291285038,0.7606451511383057,0.25851160287857056,0.5042685866355896,-0.26574110984802246,0.9709522724151611,0.5031560063362122,0.5933035612106323,0.04424576833844185,0.9998889565467834,0.41170111298561096,0.5887184143066406,-0.044461119920015335,0.9998764991760254,0.5088529586791992,0.6893054842948914,0.01741923578083515,0.9879860281944275,0.39993205666542053,0.6821063160896301,-0.06308961659669876,0.9903383851051331,0.5124074816703796,0.7925301194190979,0.18622572720050812,0.9872822761535645,0.365862101316452,0.7722823619842529,0.1323101967573166,0.9564428329467773,0.49427562952041626,0.8086176514625549,0.1896052062511444,0.9587308168411255,0.3633616864681244,0.7826427221298218,0.13966624438762665,0.8246294260025024,0.5696002244949341,0.8237630128860474,-0.022413605824112892,0.9877358675003052,0.36786597967147827,0.8056496381759644,-0.05801772326231003,0.9514229893684387
IMG_9587 3,76,2518,good,0.49525654315948486,0.41298815608024597,-0.40878283977508545,0.9998563528060913,0.4972313344478607,0.40580952167510986,-0.39047157764434814,0.9997373223304749,0.4986242353916168,0.40590596199035645,-0.39054355025291443,0.9997352361679077,0.499983549118042,0.4059799909591675,-0.3905409574508667,0.9997166395187378,0.4883122742176056,0.4057570695877075,-0.39059582352638245,0.9996390342712402,0.4838806688785553,0.40586090087890625,-0.3906623423099518,0.9996349811553955,0.47671622037887573,0.40598946809768677,-0.3907334804534912,0.9995072484016418,0.49393343925476074,0.4103333652019501,-0.22569097578525543,0.9993565678596497,0.46423283219337463,0.41057464480400085,-0.2523963451385498,0.9992945790290833,0.4955745041370392,0.42268821597099304,-0.34344688057899475,0.9996652007102966,0.48173093795776367,0.42325589060783386,-0.34695345163345337,0.9993298649787903,0.5512314438819885,0.47115209698677063,-0.07185261696577072,0.9997460842132568,0.3990378677845001,0.45053428411483765,-0.13010430335998535,0.9992857575416565,0.5463749170303345,0.5371275544166565,0.0853118970990181,0.8417312502861023,0.3499976098537445,0.5086997747421265,-0.02203487604856491,0.9922176599502563,0.5508870482444763,0.5959588289260864,0.002356950892135501,0.8358414173126221,0.2875906527042389,0.5338564515113831,-0.1207408607006073,0.9892516732215881,0.5524352192878723,0.6141917109489441,-0.013782721012830734,0.7688455581665039,0.258926659822464,0.5400432348251343,-0.14948798716068268,0.9791687726974487,0.5464372634887695,0.6139840483665466,-0.06855081021785736,0.7802017331123352,0.2565724551677704,0.5369799137115479,-0.21385477483272552,0.9786323308944702,0.5433608293533325,0.6088536381721497,-0.021618401631712914,0.7716448903083801,0.26702040433883667,0.5359867215156555,-0.14984345436096191,0.9700062274932861,0.49760210514068604,0.5935508608818054,0.032030243426561356,0.9998745322227478,0.4053667485713959,0.5888923406600952,-0.03224937990307808,0.9998660683631897,0.506841242313385,0.689972460269928,-0.0039595323614776134,0.9883753657341003,0.39832571148872375,0.6826643347740173,-0.0647432953119278,0.9908803105354309,0.5135030150413513,0.7945131659507751,0.15328580141067505,0.9880486130714417,0.3658815920352936,0.7737013101577759,0.13575862348079681,0.9605062007904053,0.49502992630004883,0.8105874061584473,0.15436477959156036,0.9590568542480469,0.36546218395233154,0.7846034169197083,0.14247779548168182,0.8349545001983643,0.5695955157279968,0.8245625495910645,-0.05437019094824791,0.988198459148407,0.36619049310684204,0.8057351112365723,-0.06988301128149033,0.9557393789291382
IMG_9587 3,77,2551,good,0.4949093759059906,0.4131200909614563,-0.4631485342979431,0.9998661279678345,0.49452996253967285,0.40673860907554626,-0.4430411458015442,0.9997439980506897,0.4959414005279541,0.4068712890148163,-0.44310370087623596,0.9997453689575195,0.4973083436489105,0.40696510672569275,-0.44311994314193726,0.9997265338897705,0.4850981533527374,0.4065845012664795,-0.44808822870254517,0.9996480345726013,0.4796483814716339,0.40667209029197693,-0.44815319776535034,0.9996461272239685,0.4717400372028351,0.40676894783973694,-0.4482153356075287,0.9995225667953491,0.48959881067276,0.4113727807998657,-0.26355695724487305,0.9993782639503479,0.4561639130115509,0.4114128351211548,-0.2889699935913086,0.9992955923080444,0.4935148358345032,0.42292165756225586,-0.3900587856769562,0.999686598777771,0.47976672649383545,0.42361584305763245,-0.39732375741004944,0.9993782639503479,0.545465886592865,0.4713974893093109,-0.10397028923034668,0.9997667670249939,0.3948628902435303,0.4512920379638672,-0.14976747334003448,0.9993493556976318,0.542053759098053,0.5366665124893188,0.032122813165187836,0.8552106022834778,0.3508152663707733,0.5173523426055908,-0.04923410713672638,0.99144047498703,0.5478194355964661,0.5965546369552612,-0.07900238782167435,0.8493342399597168,0.2925232946872711,0.5547706484794617,-0.1539406031370163,0.9886675477027893,0.5492005944252014,0.6145626306533813,-0.10632453858852386,0.785417377948761,0.2677834630012512,0.5676092505455017,-0.18984387814998627,0.9782328605651855,0.5436850786209106,0.6142253279685974,-0.16736997663974762,0.7963446378707886,0.26677367091178894,0.5670077204704285,-0.2600404918193817,0.9780988097190857,0.540417492389679,0.6092135310173035,-0.10495137423276901,0.7875601649284363,0.27514106035232544,0.563488245010376,-0.18514101207256317,0.9697072505950928,0.4928221106529236,0.593043327331543,0.024069303646683693,0.9998589158058167,0.402420312166214,0.5889047384262085,-0.024216430261731148,0.9998501539230347,0.5035619735717773,0.6895585656166077,-0.02641584910452366,0.9885287880897522,0.39651909470558167,0.6827075481414795,-0.07067305594682693,0.9911139607429504,0.5136699080467224,0.7940676212310791,0.11776728928089142,0.9886083602905273,0.36676934361457825,0.7739129066467285,0.11717108637094498,0.9639042615890503,0.49554091691970825,0.8101862668991089,0.11846785247325897,0.9577614665031433,0.36607128381729126,0.783810019493103,0.12282474339008331,0.8404696583747864,0.5680990815162659,0.8245120048522949,-0.09820946305990219,0.9884305596351624,0.36561858654022217,0.8060561418533325,-0.10016977787017822,0.9592341780662537
IMG_9587 3,78,2584,good,0.48981237411499023,0.41371142864227295,-0.5106659531593323,0.9998767375946045,0.48821157217025757,0.4075329601764679,-0.49142563343048096,0.9997575283050537,0.4895879030227661,0.4076533019542694,-0.49145546555519104,0.9997598528862,0.4908473789691925,0.4077317416667938,-0.4914705157279968,0.9997414350509644,0.47855597734451294,0.40735265612602234,-0.4960564970970154,0.9996687769889832,0.47278502583503723,0.4074082374572754,-0.4961235225200653,0.9996674656867981,0.46557527780532837,0.4074767529964447,-0.4961816370487213,0.9995524287223816,0.48299533128738403,0.4120020568370819,-0.31352171301841736,0.9994140863418579,0.44994720816612244,0.41202905774116516,-0.3344692885875702,0.999332845211029,0.4882502853870392,0.42346251010894775,-0.4380430579185486,0.9997118711471558,0.4737617075443268,0.4242825210094452,-0.44463858008384705,0.9994321465492249,0.539691150188446,0.4716918170452118,-0.1510455161333084,0.9997859597206116,0.3875231146812439,0.4538381099700928,-0.1869281679391861,0.9994111657142639,0.5375621318817139,0.5371795296669006,-0.01683187484741211,0.8671211004257202,0.35186052322387695,0.5222777724266052,-0.09278412163257599,0.9910154938697815,0.5422834753990173,0.5969273447990417,-0.13515545427799225,0.8600290417671204,0.30075639486312866,0.5728732943534851,-0.1950596123933792,0.9878983497619629,0.5441898107528687,0.6148968935012817,-0.16352050006389618,0.7976462244987488,0.2800348699092865,0.5871872305870056,-0.23087628185749054,0.9767133593559265,0.5389971137046814,0.6145769953727722,-0.22497886419296265,0.8084350228309631,0.2802633047103882,0.5867186188697815,-0.2969661355018616,0.976942777633667,0.5355063676834106,0.6095541715621948,-0.1611422449350357,0.799105703830719,0.28754714131355286,0.5831947326660156,-0.22384493052959442,0.9685753583908081,0.4866524636745453,0.5932514071464539,0.01877114176750183,0.9998525381088257,0.3974989652633667,0.5890917778015137,-0.018942268565297127,0.9998466372489929,0.49995794892311096,0.6894763708114624,-0.04381759092211723,0.988480806350708,0.39493486285209656,0.682855486869812,-0.0683109238743782,0.9911869168281555,0.513779878616333,0.7941153645515442,0.10240107774734497,0.9890390634536743,0.36630409955978394,0.7748193144798279,0.12854096293449402,0.9668246507644653,0.49570006132125854,0.8101926445960999,0.10354625433683395,0.9560675024986267,0.3654167056083679,0.7865416407585144,0.13524281978607178,0.8445013165473938,0.5678079724311829,0.8249232172966003,-0.11666931211948395,0.9885407090187073,0.3649410605430603,0.8064712882041931,-0.08543550223112106,0.962157666683197
IMG_9587 3,79,2617,good,0.48537641763687134,0.41456523537635803,-0.4813566505908966,0.9998846650123596,0.4827609062194824,0.4080126881599426,-0.459304541349411,0.9997619390487671,0.4839475154876709,0.40812867879867554,-0.4593331217765808,0.9997653961181641,0.4850688874721527,0.4082046449184418,-0.4593542814254761,0.9997469782829285,0.4737292230129242,0.4078029990196228,-0.46810612082481384,0.9996814727783203,0.4679945409297943,0.40783342719078064,-0.4681711792945862,0.9996811747550964,0.4608190655708313,0.40788668394088745,-0.4682285189628601,0.9995721578598022,0.47656646370887756,0.4123237431049347,-0.2791481912136078,0.999420166015625,0.44393566250801086,0.4124177396297455,-0.31941744685173035,0.9993526935577393,0.48391175270080566,0.4242517352104187,-0.40865424275398254,0.999729573726654,0.4702964127063751,0.4249487519264221,-0.4208780825138092,0.999475359916687,0.5330174565315247,0.4714091122150421,-0.11961355060338974,0.9998010993003845,0.3808940052986145,0.45606544613838196,-0.19346699118614197,0.999466061592102,0.5343051552772522,0.53707355260849,0.007965696975588799,0.87676602602005,0.352475106716156,0.524633526802063,-0.10525143891572952,0.990151584148407,0.5385748147964478,0.5969334244728088,-0.10372616350650787,0.8678094148635864,0.3052007555961609,0.5855535864830017,-0.19721971452236176,0.9859192967414856,0.5414376854896545,0.6147770881652832,-0.1291216015815735,0.8054457306861877,0.2837497293949127,0.6001096367835999,-0.2328384518623352,0.9731959104537964,0.5366658568382263,0.6143346428871155,-0.18784105777740479,0.8163999319076538,0.28270241618156433,0.5998679399490356,-0.29215770959854126,0.973738431930542,0.5328519940376282,0.6094087362289429,-0.12872765958309174,0.8061783313751221,0.29350051283836365,0.596158504486084,-0.2221660166978836,0.9648098945617676,0.48504501581192017,0.5928065776824951,0.022518616169691086,0.9998413324356079,0.39514124393463135,0.5892185568809509,-0.02265641652047634,0.999838650226593,0.49761340022087097,0.6888353228569031,-0.051148250699043274,0.987921953201294,0.3925406336784363,0.6829336881637573,-0.068617083132267,0.990692675113678,0.5153599381446838,0.7944062352180481,0.0855349600315094,0.9888843894004822,0.3674716055393219,0.7742456793785095,0.13175702095031738,0.9689334034919739,0.4966481626033783,0.8104245662689209,0.08606752753257751,0.9525423645973206,0.367347776889801,0.7856830358505249,0.13862140476703644,0.8435866832733154,0.5678087472915649,0.8249480724334717,-0.129272922873497,0.9878895878791809,0.36443302035331726,0.8062278628349304,-0.079241082072258,0.9640258550643921
IMG_9587 3,80,2650,good,0.477016419172287,0.41430848836898804,-0.5066670179367065,0.9998936653137207,0.4744071066379547,0.4077020585536957,-0.4849519431591034,0.9997748732566833,0.4759833514690399,0.4078882932662964,-0.48497065901756287,0.9997788071632385,0.4775191843509674,0.40804997086524963,-0.4849855899810791,0.999761164188385,0.4644719362258911,0.40743568539619446,-0.4909299612045288,0.9997009634971619,0.45859068632125854,0.4075171947479248,-0.49098312854766846,0.9997012615203857,0.4516257047653198,0.4076654016971588,-0.4910309910774231,0.9996001124382019,0.46962490677833557,0.4122879207134247,-0.3023372292518616,0.9994519352912903,0.4356743395328522,0.4124976694583893,-0.3300110101699829,0.9993895292282104,0.4772406220436096,0.4240178167819977,-0.43317708373069763,0.999751091003418,0.46261218190193176,0.42436283826828003,-0.44160664081573486,0.9995205402374268,0.5274260640144348,0.4712058901786804,-0.13331866264343262,0.9998149871826172,0.37492451071739197,0.4576152563095093,-0.19942593574523926,0.9995153546333313,0.5321245789527893,0.5371237397193909,0.006225666031241417,0.8858100175857544,0.3537209630012512,0.5268582105636597,-0.0989738181233406,0.988646388053894,0.5339705944061279,0.598454475402832,-0.10643003135919571,0.8737016916275024,0.3219893276691437,0.5907238125801086,-0.1998453438282013,0.9827674627304077,0.5367835760116577,0.6160569787025452,-0.13353048264980316,0.8107251524925232,0.3068605661392212,0.6058664917945862,-0.23784571886062622,0.9680852890014648,0.5311614871025085,0.6157321929931641,-0.19359548389911652,0.8218591809272766,0.3075605034828186,0.6056322455406189,-0.29997095465660095,0.9690836668014526,0.5274820327758789,0.6105667352676392,-0.13182096183300018,0.8108972311019897,0.31540635228157043,0.6014290452003479,-0.2262669950723648,0.959491491317749,0.4805050790309906,0.592881977558136,0.02153323031961918,0.9998342394828796,0.3913049101829529,0.5893163681030273,-0.02168833091855049,0.9998331069946289,0.4965084493160248,0.6888532638549805,-0.038724273443222046,0.9878829717636108,0.3900248110294342,0.6836425065994263,-0.06315682828426361,0.990756630897522,0.5154808759689331,0.79440838098526,0.09873609989881516,0.989185631275177,0.3668944835662842,0.7754042744636536,0.13216105103492737,0.9712069630622864,0.496694952249527,0.8103318810462952,0.10125888884067535,0.9496265053749084,0.3671303689479828,0.7885409593582153,0.1419602483510971,0.8439506888389587,0.5649987459182739,0.8249483108520508,-0.10373054444789886,0.9877938032150269,0.3640756905078888,0.8063273429870605,-0.07267594337463379,0.966227650642395
IMG_9587 3,81,2684,good,0.4705612063407898,0.4146921932697296,-0.5390438437461853,0.9999021291732788,0.4678913652896881,0.40785154700279236,-0.5168355107307434,0.999788224697113,0.46971067786216736,0.40805861353874207,-0.5168402791023254,0.9997923374176025,0.4715290069580078,0.40823665261268616,-0.5168541073799133,0.9997756481170654,0.45735353231430054,0.4074857532978058,-0.5243508219718933,0.9997210502624512,0.45128414034843445,0.40754491090774536,-0.5244026780128479,0.9997214078903198,0.4445037543773651,0.4076966941356659,-0.5244255065917969,0.9996271729469299,0.4639824330806732,0.4124008119106293,-0.33055803179740906,0.9994837045669556,0.4281538426876068,0.41262978315353394,-0.36518070101737976,0.9994255900382996,0.47167298197746277,0.42433691024780273,-0.4641842246055603,0.9997711181640625,0.45655032992362976,0.42449790239334106,-0.47466057538986206,0.9995620250701904,0.5219236612319946,0.4709432125091553,-0.1586039513349533,0.9998283386230469,0.36724236607551575,0.4600799083709717,-0.23020170629024506,0.9995592832565308,0.5289697051048279,0.5373926758766174,-0.014800086617469788,0.8943603038787842,0.3561909794807434,0.5297078490257263,-0.12682345509529114,0.9864664077758789,0.5324640870094299,0.5988309979438782,-0.12242776155471802,0.8788883090019226,0.33774474263191223,0.5938614010810852,-0.22261132299900055,0.9773843288421631,0.535021185874939,0.6167564988136292,-0.15004794299602509,0.8144827485084534,0.3266861140727997,0.6088681817054749,-0.2590077817440033,0.9597230553627014,0.5292621850967407,0.6166669726371765,-0.20945821702480316,0.8259270787239075,0.3284217417240143,0.608842670917511,-0.32023540139198303,0.9612722396850586,0.52549809217453,0.6114028096199036,-0.14743036031723022,0.8142477869987488,0.33325353264808655,0.6045069098472595,-0.24818643927574158,0.950381875038147,0.4774628281593323,0.5925227999687195,0.023076672106981277,0.9998306632041931,0.38756635785102844,0.5893798470497131,-0.023238876834511757,0.999828040599823,0.49506238102912903,0.6887508034706116,-0.04011131078004837,0.987694263458252,0.38734540343284607,0.6838179230690002,-0.04479105398058891,0.9905083179473877,0.5160073637962341,0.7943968772888184,0.10404642671346664,0.989345908164978,0.36671966314315796,0.7755118608474731,0.18074995279312134,0.9730371832847595,0.49750253558158875,0.8102721571922302,0.10540013760328293,0.9475398659706116,0.3680662512779236,0.7879831790924072,0.18960320949554443,0.843095600605011,0.5650376677513123,0.8250529170036316,-0.11525245755910873,0.9876103401184082,0.36397475004196167,0.8063494563102722,-0.032682016491889954,0.9678980708122253
IMG_9587 3,82,2717,good,0.4643688499927521,0.4148745536804199,-0.5296599864959717,0.9999099969863892,0.4612492620944977,0.40785977244377136,-0.5089565515518188,0.9998013377189636,0.4630073308944702,0.4080561697483063,-0.5089730620384216,0.9998055100440979,0.4647849202156067,0.40824174880981445,-0.5089928507804871,0.999789834022522,0.45075592398643494,0.4075632095336914,-0.5164753198623657,0.9997397661209106,0.44490760564804077,0.40764573216438293,-0.516525387763977,0.9997402429580688,0.43742796778678894,0.4078235626220703,-0.5165655612945557,0.9996527433395386,0.4574829339981079,0.41243091225624084,-0.3220422565937042,0.9995170831680298,0.42237189412117004,0.4127607047557831,-0.357157438993454,0.9994638562202454,0.4656142294406891,0.4245700240135193,-0.4535360336303711,0.9997905492782593,0.45089614391326904,0.4246857464313507,-0.4641759991645813,0.9996010065078735,0.5180215835571289,0.46905574202537537,-0.1424863636493683,0.9998425245285034,0.3634273111820221,0.4608621895313263,-0.22111718356609344,0.9996002316474915,0.526927649974823,0.5370870232582092,-0.0008926982409320772,0.9026407599449158,0.35701984167099,0.5304874777793884,-0.10699240863323212,0.9848326444625854,0.5311088562011719,0.5987315773963928,-0.11005322635173798,0.8858124613761902,0.34422457218170166,0.5946254134178162,-0.20179897546768188,0.9738337993621826,0.5330951809883118,0.6166945695877075,-0.1374325305223465,0.8220856785774231,0.3340362310409546,0.6099353432655334,-0.237905353307724,0.9542660713195801,0.5276995897293091,0.6165863275527954,-0.19757254421710968,0.8334717750549316,0.33570757508277893,0.6099227666854858,-0.3029513955116272,0.9562240242958069,0.5240234136581421,0.6114141941070557,-0.1351960450410843,0.8213633894920349,0.34029290080070496,0.6053194999694824,-0.228523388504982,0.9444056749343872,0.4757022559642792,0.592316746711731,0.02433273196220398,0.9998295307159424,0.3859843611717224,0.5894457101821899,-0.02448621392250061,0.9998248815536499,0.4940981864929199,0.6887962222099304,-0.0357343964278698,0.9877018332481384,0.3861144483089447,0.684389591217041,-0.04939776659011841,0.9905493259429932,0.5160094499588013,0.7945709228515625,0.11129170656204224,0.9895862936973572,0.3665170967578888,0.7759907841682434,0.17713767290115356,0.9748305082321167,0.497501403093338,0.8103509545326233,0.11273548007011414,0.9462974071502686,0.367316335439682,0.789078414440155,0.18865850567817688,0.8430314660072327,0.565094530582428,0.8250551819801331,-0.10824611783027649,0.9875307083129883,0.3637472093105316,0.8065860271453857,-0.043349310755729675,0.9696168899536133
IMG_9587 3,83,2750,good,0.4532533288002014,0.4150657653808594,-0.5201513767242432,0.9999148845672607,0.45298588275909424,0.40788671374320984,-0.4964728355407715,0.9998015761375427,0.4550338089466095,0.4080536961555481,-0.4965681731700897,0.9998068809509277,0.45708394050598145,0.4082138240337372,-0.4966312646865845,0.9997915029525757,0.4421533942222595,0.40767747163772583,-0.5047889351844788,0.9997448921203613,0.43660420179367065,0.4077661633491516,-0.5047712326049805,0.9997465014457703,0.4298003017902374,0.40793681144714355,-0.5049119591712952,0.9996625185012817,0.4520755708217621,0.41249772906303406,-0.2974182963371277,0.9995085000991821,0.4173174202442169,0.41285964846611023,-0.32331210374832153,0.9994663000106812,0.45711350440979004,0.42471417784690857,-0.45153942704200745,0.9998022317886353,0.44093334674835205,0.42485910654067993,-0.4400755763053894,0.9996280074119568,0.5148044228553772,0.4674135148525238,-0.13068300485610962,0.9998528957366943,0.3609597682952881,0.4614885449409485,-0.19981417059898376,0.9996362924575806,0.526147723197937,0.535563051700592,0.0014705281937494874,0.9093021750450134,0.35731151700019836,0.5293852686882019,-0.09349025785923004,0.9837016463279724,0.5306604504585266,0.597248375415802,-0.10356532782316208,0.891861617565155,0.3445604741573334,0.5940721035003662,-0.1894565373659134,0.9720233082771301,0.5320216417312622,0.6160726547241211,-0.13008785247802734,0.8292818665504456,0.3337492346763611,0.608895480632782,-0.22861875593662262,0.951474130153656,0.5267021059989929,0.6158807277679443,-0.18966272473335266,0.8405359387397766,0.33546900749206543,0.6085661053657532,-0.2899967133998871,0.9535897970199585,0.5232465863227844,0.6107801198959351,-0.12845976650714874,0.8279315233230591,0.3405475318431854,0.6044143438339233,-0.21528306603431702,0.9412152767181396,0.4759415090084076,0.5923876166343689,0.025005925446748734,0.9998283386230469,0.38717976212501526,0.5895329117774963,-0.02515190653502941,0.9998226165771484,0.49349117279052734,0.6899261474609375,-0.034911103546619415,0.9878497123718262,0.38548514246940613,0.6848576068878174,-0.035623759031295776,0.9907166361808777,0.5154696702957153,0.7949790954589844,0.09843213111162186,0.9898924827575684,0.3663010001182556,0.7760038375854492,0.19240514934062958,0.9765024185180664,0.49731558561325073,0.8106962442398071,0.09794105589389801,0.9457901120185852,0.3676149249076843,0.7884382605552673,0.20229215919971466,0.8434095978736877,0.5651468634605408,0.8250618577003479,-0.12452118843793869,0.987662136554718,0.36369264125823975,0.8065563440322876,-0.013995634391903877,0.9713358283042908
IMG_9587 3,84,2783,good,0.44819968938827515,0.414490282535553,-0.5770662426948547,0.9999210834503174,0.44703829288482666,0.40735751390457153,-0.558099091053009,0.9998103380203247,0.4492993950843811,0.40748560428619385,-0.5581048727035522,0.9998168349266052,0.45149439573287964,0.4076285660266876,-0.5581038594245911,0.9998006820678711,0.435634970664978,0.4074294865131378,-0.5619599223136902,0.9997570514678955,0.42919108271598816,0.4076645076274872,-0.5620195865631104,0.9997605681419373,0.42373260855674744,0.40793678164482117,-0.5620766282081604,0.999681830406189,0.44731926918029785,0.4120579957962036,-0.36809271574020386,0.9995317459106445,0.4121570289134979,0.41294488310813904,-0.38499611616134644,0.9994956851005554,0.4531818628311157,0.42417269945144653,-0.5007181167602539,0.9998174905776978,0.4366174340248108,0.4246317446231842,-0.5041027665138245,0.999658465385437,0.5137113332748413,0.4664449393749237,-0.17449259757995605,0.9998643398284912,0.3586375117301941,0.4618384540081024,-0.23312997817993164,0.9996691346168518,0.5253192186355591,0.5346798896789551,-0.012028897181153297,0.9163057208061218,0.35750243067741394,0.5301229357719421,-0.1098821759223938,0.9827256202697754,0.5303794741630554,0.5963912010192871,-0.1176091730594635,0.8974425196647644,0.342797189950943,0.5940361022949219,-0.21041356027126312,0.9702852368354797,0.5322436690330505,0.6151716113090515,-0.1425749957561493,0.8343608975410461,0.33154332637786865,0.6088348031044006,-0.24709062278270721,0.9482994675636292,0.5267378091812134,0.6152475476264954,-0.2069035768508911,0.8457015752792358,0.3330467939376831,0.6082755327224731,-0.3110165596008301,0.9506489634513855,0.5231961011886597,0.6098970174789429,-0.14414472877979279,0.8327981233596802,0.33834871649742126,0.604065477848053,-0.2370036542415619,0.9377753138542175,0.4751952588558197,0.5918824672698975,0.02335941232740879,0.9998303651809692,0.38608577847480774,0.5895703434944153,-0.02353695221245289,0.9998230934143066,0.49293479323387146,0.6902285814285278,-0.03108380362391472,0.9884118437767029,0.3851466178894043,0.684994101524353,-0.023726176470518112,0.9911835193634033,0.5150794982910156,0.7943621277809143,0.1094655841588974,0.9905331134796143,0.3662123680114746,0.7759479880332947,0.2237520068883896,0.978399932384491,0.4974217712879181,0.8099492788314819,0.10718332976102829,0.9471083283424377,0.36821767687797546,0.7875617146492004,0.2340078502893448,0.84877610206604,0.5646490454673767,0.8249942660331726,-0.11395960301160812,0.9883264899253845,0.36514812707901,0.8065289855003357,0.012731832452118397,0.9735154509544373
IMG_9587 3,85,2816,good,0.4413151741027832,0.4145503044128418,-0.5736920833587646,0.9999251365661621,0.4410419464111328,0.4074394106864929,-0.5330955982208252,0.9998083710670471,0.4434836804866791,0.4075537621974945,-0.533172070980072,0.9998160600662231,0.4457632005214691,0.4076783359050751,-0.533236563205719,0.9997997879981995,0.4299538731575012,0.40748873353004456,-0.5503619313240051,0.9997602105140686,0.42438656091690063,0.40770938992500305,-0.5503708124160767,0.999764621257782,0.4198242425918579,0.4079694449901581,-0.5506017208099365,0.9996888637542725,0.44323667883872986,0.4121175706386566,-0.32885828614234924,0.9995198249816895,0.41038647294044495,0.41304194927215576,-0.34085389971733093,0.9994889497756958,0.4462067484855652,0.4242858588695526,-0.47997385263442993,0.9998265504837036,0.4288595914840698,0.4247036278247833,-0.47856348752975464,0.9996795058250427,0.5117460489273071,0.466005802154541,-0.15008167922496796,0.9998725652694702,0.3578593134880066,0.46273624897003174,-0.2029799073934555,0.9996980428695679,0.5255376696586609,0.5332973003387451,-0.006015215069055557,0.9218851923942566,0.357134073972702,0.5300175547599792,-0.08723874390125275,0.9814944267272949,0.5298076868057251,0.5950726270675659,-0.11410980671644211,0.9016203880310059,0.33972540497779846,0.59255051612854,-0.18526507914066315,0.9686147570610046,0.5320800542831421,0.6141849160194397,-0.14017388224601746,0.8390352129936218,0.326230525970459,0.6073827147483826,-0.22320464253425598,0.9455670714378357,0.5265522599220276,0.614377498626709,-0.20190942287445068,0.8503896594047546,0.3266751170158386,0.6068583726882935,-0.2874959111213684,0.9481463432312012,0.522910475730896,0.6091005802154541,-0.13982880115509033,0.836902379989624,0.33371514081954956,0.6026298403739929,-0.2127218246459961,0.9348937273025513,0.4750058352947235,0.5919131636619568,0.019408052787184715,0.9998331665992737,0.3865361511707306,0.5900148749351501,-0.01955258660018444,0.9998237490653992,0.4930608570575714,0.6908535361289978,-0.04758046194911003,0.9889298677444458,0.38439127802848816,0.6854143142700195,0.0049314312636852264,0.9914973974227905,0.5148487687110901,0.7943621873855591,0.06450431793928146,0.9910714030265808,0.3661480247974396,0.7758837938308716,0.264614462852478,0.9799876809120178,0.4974988102912903,0.8099021911621094,0.06116051226854324,0.9479193687438965,0.3702208399772644,0.7866485118865967,0.2767391502857208,0.8525815606117249,0.5646690726280212,0.8249926567077637,-0.1725454181432724,0.9888814091682434,0.36505040526390076,0.8065067529678345,0.06684838980436325,0.9753232598304749
