video_no,frame,timestamp_ms,good,x0,y0,z0,visibility0,x1,y1,z1,visibility1,x2,y2,z2,visibility2,x3,y3,z3,visibility3,x4,y4,z4,visibility4,x5,y5,z5,visibility5,x6,y6,z6,visibility6,x7,y7,z7,visibility7,x8,y8,z8,visibility8,x9,y9,z9,visibility9,x10,y10,z10,visibility10,x11,y11,z11,visibility11,x12,y12,z12,visibility12,x13,y13,z13,visibility13,x14,y14,z14,visibility14,x15,y15,z15,visibility15,x16,y16,z16,visibility16,x17,y17,z17,visibility17,x18,y18,z18,visibility18,x19,y19,z19,visibility19,x20,y20,z20,visibility20,x21,y21,z21,visibility21,x22,y22,z22,visibility22,x23,y23,z23,visibility23,x24,y24,z24,visibility24,x25,y25,z25,visibility25,x26,y26,z26,visibility26,x27,y27,z27,visibility27,x28,y28,z28,visibility28,x29,y29,z29,visibility29,x30,y30,z30,visibility30,x31,y31,z31,visibility31,x32,y32,z32,visibility32
IMG_9581 2,1,33,bad,0.4463830292224884,0.43024665117263794,-0.2649416923522949,0.9998204112052917,0.45476263761520386,0.42175835371017456,-0.24688127636909485,0.999637246131897,0.4610833525657654,0.42148518562316895,-0.24696731567382812,0.9996620416641235,0.4675186276435852,0.42122259736061096,-0.24700698256492615,0.9996121525764465,0.4384279251098633,0.4234788119792938,-0.2260981649160385,0.9995959401130676,0.43316900730133057,0.42425215244293213,-0.22608582675457,0.9995181560516357,0.42883533239364624,0.4250432252883911,-0.22610047459602356,0.9994624257087708,0.47885414958000183,0.42583632469177246,-0.10387547314167023,0.9996922016143799,0.4277036488056183,0.4307926297187805,-0.0059493426233530045,0.9988652467727661,0.4619736075401306,0.439139187335968,-0.2090635597705841,0.9997016787528992,0.4399334192276001,0.4403555989265442,-0.18159723281860352,0.9995415210723877,0.5302047729492188,0.4766189455986023,-0.07097789645195007,0.9994186162948608,0.40275996923446655,0.48620063066482544,0.13349983096122742,0.9991826415061951,0.5417690277099609,0.5369284152984619,-0.2998528778553009,0.9892177581787109,0.3662077784538269,0.545246422290802,-0.05869555100798607,0.8699330687522888,0.47197631001472473,0.48638609051704407,-0.5299489498138428,0.9870516061782837,0.3870312571525574,0.496459424495697,-0.45790308713912964,0.9450139403343201,0.453560471534729,0.47253692150115967,-0.5931817889213562,0.9674368500709534,0.3941083252429962,0.4853002727031708,-0.5323143005371094,0.8963819146156311,0.4563586115837097,0.4675467014312744,-0.5758260488510132,0.9639164209365845,0.3970203995704651,0.4810941815376282,-0.5243292450904846,0.8856769800186157,0.4612286686897278,0.4728527069091797,-0.5259139537811279,0.9414804577827454,0.39758798480033875,0.48421502113342285,-0.4673660695552826,0.8557905554771423,0.49702662229537964,0.6130583882331848,-0.06114036589860916,0.9985979199409485,0.4149162769317627,0.6119645237922668,0.06131415069103241,0.9991248250007629,0.5110060572624207,0.7104403376579285,-0.023060420528054237,0.9951319694519043,0.4025885760784149,0.7092313170433044,0.07481101155281067,0.9943239688873291,0.5285804867744446,0.8001418709754944,0.22211749851703644,0.9909193515777588,0.4062362015247345,0.8034834861755371,0.30401620268821716,0.9935970306396484,0.5282688140869141,0.8084007501602173,0.23310938477516174,0.8356549143791199,0.42008817195892334,0.8157762885093689,0.3137757182121277,0.9294943809509277,0.5268720388412476,0.8308241963386536,0.007706893142312765,0.9840182662010193,0.3598625361919403,0.8351650238037109,0.10582953691482544,0.9863898158073425
IMG_9581 2,2,66,bad,0.4481447637081146,0.4310777187347412,-0.2555179297924042,0.9998263120651245,0.45617303252220154,0.4227105677127838,-0.23871751129627228,0.9996482133865356,0.46233418583869934,0.42241159081459045,-0.23879066109657288,0.9996721744537354,0.4684056043624878,0.4221699833869934,-0.23882344365119934,0.9996234178543091,0.43964192271232605,0.42417556047439575,-0.2181444764137268,0.9996097087860107,0.4348781406879425,0.42479002475738525,-0.21813686192035675,0.9995354413986206,0.43030911684036255,0.42544659972190857,-0.21814663708209991,0.9994828701019287,0.4799167811870575,0.4262353777885437,-0.09697189927101135,0.9997050762176514,0.42835530638694763,0.4308973252773285,4.163598714512773e-05,0.9989098310470581,0.46275490522384644,0.4400111734867096,-0.19942130148410797,0.9997131824493408,0.441542387008667,0.4408982992172241,-0.17234107851982117,0.9995596408843994,0.5300793051719666,0.47649288177490234,-0.06726713478565216,0.9994414448738098,0.40240609645843506,0.4861995577812195,0.1535177081823349,0.9992084503173828,0.5417605638504028,0.5368841290473938,-0.29466262459754944,0.9893861413002014,0.3662056028842926,0.5454833507537842,-0.03982393443584442,0.8700568675994873,0.4744041860103607,0.487682968378067,-0.530612587928772,0.9872267842292786,0.3868824541568756,0.496638685464859,-0.45349735021591187,0.9461848139762878,0.4560627341270447,0.47438105940818787,-0.5955320596694946,0.96796715259552,0.3939460515975952,0.4852982461452484,-0.5289803147315979,0.8986228108406067,0.4587542414665222,0.4691207706928253,-0.5787574648857117,0.9644882082939148,0.3968205749988556,0.48109593987464905,-0.5228602886199951,0.8881792426109314,0.4627806544303894,0.4735470414161682,-0.526870846748352,0.9423245191574097,0.3972926735877991,0.484190434217453,-0.46411556005477905,0.8586673736572266,0.49794802069664,0.6130661964416504,-0.06899186223745346,0.9985869526863098,0.41528013348579407,0.6123194694519043,0.06921400874853134,0.9991278648376465,0.5112224221229553,0.7104232907295227,-0.035053547471761703,0.9952976107597351,0.4027896225452423,0.7103596329689026,0.08427789062261581,0.9943990111351013,0.5285884737968445,0.8002772927284241,0.20141653716564178,0.9911219477653503,0.40624094009399414,0.8046042919158936,0.30435648560523987,0.9937406182289124,0.5286145806312561,0.8089946508407593,0.2105509489774704,0.8354551792144775,0.4200274646282196,0.8168326616287231,0.31377753615379333,0.9317978024482727,0.5252938270568848,0.8306289911270142,-0.01825547404587269,0.9843421578407288,0.35899996757507324,0.8352092504501343,0.10718424618244171,0.9866832494735718
IMG_9581 2,3,99,bad,0.45171672105789185,0.43163248896598816,-0.28405678272247314,0.9998348951339722,0.45945513248443604,0.4231993556022644,-0.26153889298439026,0.9996642470359802,0.46555280685424805,0.4229021966457367,-0.261594295501709,0.9996856451034546,0.4712687134742737,0.4227446913719177,-0.2615935802459717,0.9996376633644104,0.4417422115802765,0.4244999289512634,-0.24747911095619202,0.9996299743652344,0.43642956018447876,0.42503607273101807,-0.2474958896636963,0.9995597004890442,0.4321683645248413,0.4256250560283661,-0.24751240015029907,0.9995113015174866,0.48136112093925476,0.4267624020576477,-0.09739048779010773,0.9997134208679199,0.42869481444358826,0.4309222400188446,-0.027910050004720688,0.99896639585495,0.46469831466674805,0.4408455789089203,-0.2187541127204895,0.9997236132621765,0.44340309500694275,0.44149941205978394,-0.20059114694595337,0.9995823502540588,0.5300484299659729,0.47654443979263306,-0.05564422160387039,0.9994338154792786,0.40003523230552673,0.4860272705554962,0.11366406828165054,0.9992402195930481,0.541320264339447,0.5369495749473572,-0.29325494170188904,0.9893446564674377,0.3653974235057831,0.5455217361450195,-0.09435013681650162,0.8768907189369202,0.4764977991580963,0.4878237545490265,-0.5857122540473938,0.9874398708343506,0.38762637972831726,0.4967016577720642,-0.5217612385749817,0.9491047263145447,0.45808133482933044,0.4746389389038086,-0.6586638689041138,0.9685276746749878,0.394998699426651,0.4852515161037445,-0.6019278168678284,0.9036558866500854,0.4627574682235718,0.4693182706832886,-0.644461452960968,0.9651511907577515,0.39766091108322144,0.4810139834880829,-0.5953234434127808,0.8937458992004395,0.46593984961509705,0.47368696331977844,-0.5851449966430664,0.9433245658874512,0.398153692483902,0.4840884506702423,-0.5310385823249817,0.8651295900344849,0.4989914000034332,0.6131595373153687,-0.06108134239912033,0.9985674619674683,0.41567012667655945,0.6126148104667664,0.06128375604748726,0.9991418123245239,0.5112653374671936,0.7102922201156616,-0.02143673598766327,0.9952746629714966,0.40395745635032654,0.7107301950454712,0.06464768201112747,0.9944939613342285,0.5282971858978271,0.7999609708786011,0.21705187857151031,0.991133451461792,0.4060252606868744,0.8056614398956299,0.2820994555950165,0.9938898086547852,0.5258246660232544,0.8089498281478882,0.22659355401992798,0.840145468711853,0.4188429117202759,0.81773841381073,0.29012808203697205,0.9332664012908936,0.5253540873527527,0.8304028511047363,0.0038434872403740883,0.9845773577690125,0.3582780361175537,0.8355433940887451,0.07448539137840271,0.9869399666786194
IMG_9581 2,4,132,bad,0.45345669984817505,0.4328904449939728,-0.27719956636428833,0.9998406171798706,0.4609726071357727,0.42438459396362305,-0.25127166509628296,0.9996737241744995,0.46725648641586304,0.42414945363998413,-0.2513117790222168,0.9996929168701172,0.4729136824607849,0.42407742142677307,-0.2512985169887543,0.9996452927589417,0.44281458854675293,0.4253876507282257,-0.24176158010959625,0.9996422529220581,0.43725448846817017,0.4258202612400055,-0.24177463352680206,0.9995753169059753,0.4328429102897644,0.4263748526573181,-0.24178487062454224,0.9995304942131042,0.48215845227241516,0.42779603600502014,-0.08331038057804108,0.9997128248214722,0.4289163053035736,0.43136265873908997,-0.024612875655293465,0.9990062713623047,0.46611014008522034,0.4425809979438782,-0.20975519716739655,0.9997282028198242,0.444521427154541,0.44296836853027344,-0.19740983843803406,0.9995980262756348,0.5301035642623901,0.4768650531768799,-0.0317121222615242,0.9994312524795532,0.39929503202438354,0.485998272895813,0.11297087371349335,0.9992611408233643,0.5414248704910278,0.5377066731452942,-0.2562737464904785,0.9893770217895508,0.3642141819000244,0.5455220341682434,-0.08939290791749954,0.8841809630393982,0.4782470762729645,0.48846012353897095,-0.5300776958465576,0.9877822399139404,0.3896142244338989,0.4954308867454529,-0.5122398734092712,0.9518755078315735,0.4603807330131531,0.4747893512248993,-0.5973300933837891,0.9692238569259644,0.3975091576576233,0.4832775592803955,-0.5869119763374329,0.9079344868659973,0.4646018147468567,0.46947047114372253,-0.5805699825286865,0.9659117460250854,0.39996853470802307,0.4791395962238312,-0.5651244521141052,0.8983004689216614,0.4675125181674957,0.4739958345890045,-0.5281846523284912,0.9445217847824097,0.4008154273033142,0.48258835077285767,-0.5096256136894226,0.8703933358192444,0.5008768439292908,0.6136280298233032,-0.05181362107396126,0.998577356338501,0.4166638255119324,0.6131234169006348,0.05199605971574783,0.9991492629051208,0.511728823184967,0.7118287682533264,-0.010262531228363514,0.9952911138534546,0.4049597382545471,0.7124842405319214,0.05797513946890831,0.9946126341819763,0.5283154845237732,0.8016000390052795,0.22304202616214752,0.9911739230155945,0.40569445490837097,0.8063381910324097,0.2787426710128784,0.9939990639686584,0.5257291793823242,0.8121386170387268,0.23251092433929443,0.8430901765823364,0.4180767238140106,0.818077564239502,0.2876538038253784,0.9336041212081909,0.5253655910491943,0.8307605981826782,0.013616866432130337,0.9846416711807251,0.35787075757980347,0.8361819386482239,0.07612784951925278,0.9871078729629517
IMG_9581 2,5,165,bad,0.45487529039382935,0.4336552917957306,-0.27577847242355347,0.9998495578765869,0.46253809332847595,0.4249664545059204,-0.25066980719566345,0.9996920228004456,0.4686746895313263,0.4247380197048187,-0.25069329142570496,0.9997087717056274,0.47433772683143616,0.42470264434814453,-0.25067245960235596,0.9996633529663086,0.44415292143821716,0.42595547437667847,-0.23937149345874786,0.9996631741523743,0.4383911192417145,0.42632174491882324,-0.2393803894519806,0.9996000528335571,0.4337488114833832,0.4268277883529663,-0.2393929362297058,0.9995595812797546,0.48281386494636536,0.4282725155353546,-0.0803053230047226,0.9997252225875854,0.4293455183506012,0.4315861463546753,-0.02224572002887726,0.999070405960083,0.4670895040035248,0.4435047209262848,-0.20824705064296722,0.9997431635856628,0.4455336332321167,0.4438759684562683,-0.19499383866786957,0.9996252059936523,0.5301515460014343,0.4769149720668793,-0.019475745037198067,0.9994493722915649,0.39892250299453735,0.4857654571533203,0.11016562581062317,0.9993005990982056,0.5437153577804565,0.5384017825126648,-0.2533072233200073,0.9896644353866577,0.3625847101211548,0.5452516674995422,-0.10012254118919373,0.8918347954750061,0.4835144579410553,0.489120751619339,-0.5375797748565674,0.988379180431366,0.3911885619163513,0.4948388338088989,-0.5025710463523865,0.9547821879386902,0.4665132761001587,0.4752611815929413,-0.6075230240821838,0.9704908132553101,0.39960524439811707,0.4825570285320282,-0.5777906179428101,0.9125227332115173,0.47005972266197205,0.4698552191257477,-0.588630735874176,0.9673092365264893,0.4022969901561737,0.47831588983535767,-0.5613378882408142,0.9032524228096008,0.47259649634361267,0.4745159447193146,-0.5353037714958191,0.9466022849082947,0.40341395139694214,0.4819556176662445,-0.5052691698074341,0.8760631084442139,0.5016850829124451,0.6135905385017395,-0.04626844450831413,0.9985950589179993,0.4170690178871155,0.613107442855835,0.046465810388326645,0.9991766214370728,0.512172520160675,0.7118136286735535,0.006043316796422005,0.9954671263694763,0.4061392545700073,0.7125717997550964,0.04836801066994667,0.9948986172676086,0.5279529094696045,0.8000388741493225,0.25349652767181396,0.9914953112602234,0.40567970275878906,0.8064432144165039,0.26436060667037964,0.9942861199378967,0.5242315530776978,0.8113991022109985,0.2649354040622711,0.8499823212623596,0.41805851459503174,0.8180938959121704,0.27251997590065,0.9355754852294922,0.5253489017486572,0.8304038643836975,0.04731571674346924,0.9851794242858887,0.35834911465644836,0.8361756801605225,0.0573464035987854,0.9876297116279602
IMG_9581 2,6,198,bad,0.4571104645729065,0.43368133902549744,-0.25161415338516235,0.9998528957366943,0.46493175625801086,0.42506420612335205,-0.22396773099899292,0.9997003078460693,0.4708290696144104,0.4248938262462616,-0.22398746013641357,0.999713659286499,0.4763329327106476,0.4249158203601837,-0.2239859700202942,0.9996699690818787,0.44655314087867737,0.4260089695453644,-0.21643254160881042,0.9996733069419861,0.4405181109905243,0.42636391520500183,-0.21642209589481354,0.9996126294136047,0.43532198667526245,0.42685753107070923,-0.21641205251216888,0.9995774626731873,0.4836864769458771,0.4285999536514282,-0.05112319067120552,0.9997265934944153,0.43000248074531555,0.43158814311027527,-0.012793516740202904,0.9991179704666138,0.46896690130233765,0.44356364011764526,-0.1845463514328003,0.9997507333755493,0.4470818340778351,0.44393911957740784,-0.1754312664270401,0.9996446371078491,0.5302804708480835,0.47736525535583496,0.012034309096634388,0.9994603395462036,0.3973475396633148,0.485485315322876,0.10859576612710953,0.999328076839447,0.5460426807403564,0.5385473966598511,-0.21169939637184143,0.9895732998847961,0.36140042543411255,0.5448042154312134,-0.09668916463851929,0.8994045257568359,0.48689672350883484,0.4894491732120514,-0.49138009548187256,0.9886289834976196,0.3920033872127533,0.4941152036190033,-0.4648979604244232,0.9575334191322327,0.4704884886741638,0.4760565459728241,-0.5570698976516724,0.9709417819976807,0.4009520411491394,0.48198655247688293,-0.5367348790168762,0.9168054461479187,0.47330304980278015,0.4708893597126007,-0.538385808467865,0.9677766561508179,0.4037826359272003,0.477778822183609,-0.5174296498298645,0.9078370332717896,0.4758399724960327,0.47556689381599426,-0.48903006315231323,0.947380781173706,0.4047204852104187,0.4813121259212494,-0.4655355215072632,0.8813717365264893,0.5026957988739014,0.6136001944541931,-0.032804083079099655,0.9986340403556824,0.4172928035259247,0.6132206320762634,0.0330362394452095,0.999198317527771,0.5124813914299011,0.7126102447509766,0.0043302271515131,0.9956216812133789,0.40665873885154724,0.7132927775382996,0.03072311170399189,0.9951540231704712,0.5273158550262451,0.8000851273536682,0.2605363428592682,0.9916732311248779,0.4052201211452484,0.8064223527908325,0.2615489959716797,0.9944766163825989,0.5216346383094788,0.8112903237342834,0.27352213859558105,0.8547682166099548,0.41769421100616455,0.8180781006813049,0.27160534262657166,0.9355904459953308,0.5253279805183411,0.8303417563438416,0.058607008308172226,0.9853723645210266,0.3591279685497284,0.8362919092178345,0.058408863842487335,0.9879128932952881
IMG_9581 2,7,231,bad,0.4574878215789795,0.4336664378643036,-0.2693779170513153,0.9998620748519897,0.4658592939376831,0.42507225275039673,-0.24028301239013672,0.9997189044952393,0.4718172252178192,0.42493265867233276,-0.24027079343795776,0.9997298121452332,0.47711604833602905,0.4249822199344635,-0.24023646116256714,0.9996889233589172,0.4471732974052429,0.42599382996559143,-0.2341938465833664,0.9996945261955261,0.44103923439979553,0.4263577163219452,-0.23416532576084137,0.9996379613876343,0.4355837404727936,0.42685216665267944,-0.23416942358016968,0.9996070861816406,0.48417362570762634,0.4288536608219147,-0.05541493743658066,0.9997384548187256,0.4301340878009796,0.43157270550727844,-0.02996590919792652,0.9991820454597473,0.46936261653900146,0.4435286819934845,-0.20152223110198975,0.9997660517692566,0.4472755491733551,0.4438974857330322,-0.19357122480869293,0.9996708631515503,0.5305101871490479,0.47805532813072205,-0.00757683627307415,0.9994726181030273,0.39583247900009155,0.4854544997215271,0.0802714005112648,0.9993603229522705,0.5490846633911133,0.5379471182823181,-0.23329034447669983,0.9897470474243164,0.3580743670463562,0.5441012382507324,-0.13421893119812012,0.9070472121238708,0.49213749170303345,0.48765820264816284,-0.5486121773719788,0.9890456199645996,0.39202889800071716,0.4932079017162323,-0.5020705461502075,0.9602648615837097,0.47683578729629517,0.4732910692691803,-0.617094874382019,0.971787691116333,0.40082305669784546,0.48106110095977783,-0.5762584805488586,0.9209766387939453,0.47806301712989807,0.4690408408641815,-0.5972548127174377,0.9686876535415649,0.40365245938301086,0.476749449968338,-0.5544926524162292,0.9123139381408691,0.4804980754852295,0.4743698537349701,-0.5466791391372681,0.948773980140686,0.4046138525009155,0.480422705411911,-0.5027307868003845,0.8865638375282288,0.5031512379646301,0.6136692762374878,-0.03113591857254505,0.9986749887466431,0.41748538613319397,0.6133586764335632,0.03125406801700592,0.9992207884788513,0.5130985379219055,0.7128129601478577,0.005195612087845802,0.9957774877548218,0.40802907943725586,0.7134580612182617,0.0355520136654377,0.9953569769859314,0.5271656513214111,0.7997840046882629,0.26729536056518555,0.9919893741607666,0.404701292514801,0.8064078688621521,0.2673957645893097,0.994695246219635,0.5215409994125366,0.8107884526252747,0.2806435227394104,0.8599914908409119,0.41769784688949585,0.8180628418922424,0.2768200933933258,0.9364721179008484,0.5253326892852783,0.8303309082984924,0.06206350773572922,0.9859313368797302,0.35931968688964844,0.8364615440368652,0.06515871733427048,0.9883931875228882
IMG_9581 2,8,264,bad,0.458148717880249,0.4336368441581726,-0.2688486874103546,0.9998692870140076,0.46685415506362915,0.42505404353141785,-0.23907433450222015,0.9997343420982361,0.47286614775657654,0.4249269366264343,-0.23906902968883514,0.9997432827949524,0.4779038727283478,0.4249953031539917,-0.2390434890985489,0.9997053146362305,0.44798538088798523,0.4259849488735199,-0.23344722390174866,0.9997109770774841,0.4418569505214691,0.4263506233692169,-0.23341602087020874,0.9996576905250549,0.4361477792263031,0.42684265971183777,-0.23341402411460876,0.9996309876441956,0.48472148180007935,0.428966224193573,-0.06100109964609146,0.9997496604919434,0.430320680141449,0.43155041337013245,-0.02716919220983982,0.999233603477478,0.4700636565685272,0.44347289204597473,-0.20078690350055695,0.9997788071632385,0.44779232144355774,0.443860799074173,-0.19258908927440643,0.9996923208236694,0.5306534171104431,0.4783576726913452,-0.003886851016432047,0.9994935393333435,0.39553260803222656,0.4853901267051697,0.09024233371019363,0.9993780851364136,0.5526303052902222,0.5377993583679199,-0.23422430455684662,0.989998996257782,0.35653072595596313,0.5436741709709167,-0.12194857001304626,0.9133714437484741,0.4955245554447174,0.48736539483070374,-0.5377473831176758,0.9894229769706726,0.392106294631958,0.4894348978996277,-0.49507102370262146,0.9623838663101196,0.47955819964408875,0.47286978363990784,-0.6058247685432434,0.9724823832511902,0.40076735615730286,0.4779626131057739,-0.5696033835411072,0.9239321351051331,0.48057153820991516,0.46885836124420166,-0.5843416452407837,0.969426155090332,0.40359216928482056,0.4737904369831085,-0.5525041818618774,0.9154229164123535,0.4829833507537842,0.47428083419799805,-0.535300612449646,0.9499229192733765,0.40459904074668884,0.47789159417152405,-0.4981750547885895,0.890058696269989,0.5032599568367004,0.6135823726654053,-0.03259558975696564,0.998714804649353,0.4175104796886444,0.6129481792449951,0.03271292895078659,0.9992360472679138,0.5131518840789795,0.7126542925834656,0.0028601589147001505,0.995914876461029,0.40909188985824585,0.7134395837783813,0.03357740119099617,0.9955151677131653,0.5268970727920532,0.7997795343399048,0.267597496509552,0.9922608137130737,0.4040263295173645,0.806389331817627,0.2677080035209656,0.9948630332946777,0.5213003754615784,0.8107242584228516,0.28126010298728943,0.8633654713630676,0.4174455404281616,0.8179904818534851,0.2778812646865845,0.9365664720535278,0.52530837059021,0.830317497253418,0.05952019244432449,0.9863495230674744,0.35956791043281555,0.836527943611145,0.06380203366279602,0.9887471199035645
IMG_9581 2,9,298,bad,0.4590590298175812,0.433322936296463,-0.267352432012558,0.9998744130134583,0.4675610363483429,0.42489999532699585,-0.23742949962615967,0.9997460246086121,0.4734695851802826,0.42482975125312805,-0.2374330312013626,0.9997535943984985,0.47858428955078125,0.4249487519264221,-0.2374146580696106,0.9997180700302124,0.44901761412620544,0.42574048042297363,-0.23215052485466003,0.9997226595878601,0.4429243206977844,0.4261172413825989,-0.23212575912475586,0.9996721744537354,0.4370308518409729,0.42658162117004395,-0.23212258517742157,0.9996485710144043,0.4851568043231964,0.4289535582065582,-0.06202128529548645,0.9997590780258179,0.4305601418018341,0.4314347207546234,-0.025088034570217133,0.9992745518684387,0.47101861238479614,0.44326525926589966,-0.19932569563388824,0.9997890591621399,0.4485158920288086,0.4437268376350403,-0.19239185750484467,0.9997090101242065,0.5308145880699158,0.4783562123775482,-0.005105977412313223,0.9995130896568298,0.3952144980430603,0.4852558672428131,0.09013111889362335,0.9993845224380493,0.5559391379356384,0.5372322201728821,-0.23922085762023926,0.9902315735816956,0.35523486137390137,0.540521502494812,-0.12748900055885315,0.9186722636222839,0.49579480290412903,0.4867003262042999,-0.5338301658630371,0.9897459149360657,0.39208611845970154,0.48735982179641724,-0.49481144547462463,0.9639787673950195,0.48180678486824036,0.471816748380661,-0.6005839705467224,0.973080575466156,0.4003564715385437,0.4745694398880005,-0.5687751770019531,0.9259915947914124,0.4819607138633728,0.46796855330467224,-0.5783023834228516,0.9700602293014526,0.4032539129257202,0.47048822045326233,-0.5514918565750122,0.9175747036933899,0.4835616946220398,0.47376978397369385,-0.530760645866394,0.950950026512146,0.40450340509414673,0.474987268447876,-0.49808502197265625,0.892562985420227,0.5033139586448669,0.6135522127151489,-0.03336445614695549,0.9987512826919556,0.4175667464733124,0.6125566959381104,0.03347846120595932,0.9992451071739197,0.5133039355278015,0.7126288414001465,0.001443388406187296,0.996061384677887,0.40954214334487915,0.7133886218070984,0.037216465920209885,0.9956544637680054,0.526789128780365,0.7997795343399048,0.2626456618309021,0.9925163984298706,0.4040275514125824,0.8062190413475037,0.2687471807003021,0.994993269443512,0.5213990211486816,0.8105326890945435,0.275664359331131,0.8659281730651855,0.4173874258995056,0.8176425695419312,0.2783229351043701,0.9363425970077515,0.5246422290802002,0.8303102254867554,0.05344199016690254,0.9867253303527832,0.36002862453460693,0.836524486541748,0.06531054526567459,0.9890341758728027
IMG_9581 2,10,331,bad,0.4598167836666107,0.43327951431274414,-0.26527321338653564,0.9998834729194641,0.4682105481624603,0.42488303780555725,-0.23299197852611542,0.9997650384902954,0.47386306524276733,0.42481234669685364,-0.23298446834087372,0.9997716546058655,0.4788466989994049,0.424928218126297,-0.23297609388828278,0.9997392296791077,0.44989514350891113,0.42573484778404236,-0.22904950380325317,0.999742329120636,0.4437287449836731,0.4260988235473633,-0.22903047502040863,0.999695360660553,0.4377480745315552,0.4265497028827667,-0.2290201485157013,0.9996745586395264,0.48524338006973267,0.42895790934562683,-0.051157452166080475,0.9997767806053162,0.4305867850780487,0.4314383566379547,-0.02448832429945469,0.9993330240249634,0.47176066040992737,0.4432387351989746,-0.19625215232372284,0.9998050332069397,0.4491645395755768,0.44371578097343445,-0.192054882645607,0.9997325539588928,0.5307705402374268,0.4783591032028198,0.0029178655240684748,0.9995503425598145,0.39239421486854553,0.4851153790950775,0.0924299955368042,0.9994128942489624,0.5577247142791748,0.5371065735816956,-0.2351013422012329,0.9908114671707153,0.3330176770687103,0.5275431871414185,-0.13629697263240814,0.9256135821342468,0.49720561504364014,0.4865104854106903,-0.5279787182807922,0.9904605746269226,0.3834313154220581,0.47769320011138916,-0.49463844299316406,0.9660558104515076,0.4844243824481964,0.4718564748764038,-0.5974770784378052,0.9746958613395691,0.3933749198913574,0.46469780802726746,-0.567861795425415,0.9283410906791687,0.48373401165008545,0.4679771661758423,-0.5751925706863403,0.9718424081802368,0.3990655839443207,0.46225759387016296,-0.5418368577957153,0.9199498891830444,0.48492375016212463,0.4736733138561249,-0.5250776410102844,0.9537063241004944,0.3997240662574768,0.4662330746650696,-0.4940303564071655,0.8955882787704468,0.5037404298782349,0.613559901714325,-0.03423615172505379,0.9988009929656982,0.41785696148872375,0.612525999546051,0.03437105566263199,0.9992749094963074,0.5135159492492676,0.7126091718673706,0.012502254918217659,0.9962563514709473,0.40978536009788513,0.713356077671051,0.0384676530957222,0.99582439661026,0.5265422463417053,0.7997839450836182,0.28417158126831055,0.9928655624389648,0.40400567650794983,0.8061925768852234,0.2689873278141022,0.9951725602149963,0.5213959217071533,0.8103599548339844,0.29811638593673706,0.8700957894325256,0.4173735976219177,0.8175938129425049,0.2786550521850586,0.9369127750396729,0.5242118239402771,0.8302764892578125,0.07495447248220444,0.987278938293457,0.36020636558532715,0.8365480899810791,0.06434054672718048,0.9894079566001892
IMG_9581 2,11,364,bad,0.46175193786621094,0.43311384320259094,-0.28419235348701477,0.9998921155929565,0.46908488869667053,0.4248756766319275,-0.24899247288703918,0.9997832179069519,0.47435179352760315,0.42480194568634033,-0.24897372722625732,0.999788761138916,0.478962242603302,0.4249100685119629,-0.24898506700992584,0.9997592568397522,0.45115765929222107,0.42566823959350586,-0.24510633945465088,0.9997610449790955,0.4450194835662842,0.4260011911392212,-0.24509508907794952,0.9997169971466064,0.4387891888618469,0.42645660042762756,-0.2450958490371704,0.9996991157531738,0.48522987961769104,0.4290027916431427,-0.05157941207289696,0.999793529510498,0.4306251108646393,0.43141186237335205,-0.038431547582149506,0.9993873834609985,0.4727587401866913,0.4430404603481293,-0.2150268256664276,0.9998202919960022,0.45043572783470154,0.4434753954410553,-0.21035008132457733,0.999754786491394,0.5307018160820007,0.47836968302726746,-0.0006575424340553582,0.9995832443237305,0.3912408947944641,0.485630601644516,0.07849372923374176,0.9994317293167114,0.5608065128326416,0.5362713932991028,-0.2610153257846832,0.9913572669029236,0.31636926531791687,0.5165457725524902,-0.17683887481689453,0.9320286512374878,0.499960333108902,0.48598623275756836,-0.5662086606025696,0.9911003708839417,0.37071099877357483,0.46531563997268677,-0.5321276187896729,0.9675811529159546,0.4879152774810791,0.4718680679798126,-0.6400507092475891,0.9760696887969971,0.37966665625572205,0.4507908225059509,-0.6099424362182617,0.9288842678070068,0.48665523529052734,0.46776968240737915,-0.6150689721107483,0.9733504056930542,0.3878365457057953,0.4500216543674469,-0.5782163143157959,0.9201613068580627,0.4874759316444397,0.4732552170753479,-0.5626650452613831,0.9559664130210876,0.3881712257862091,0.45447978377342224,-0.5318349599838257,0.8960659503936768,0.5040920972824097,0.6136350035667419,-0.03519556671380997,0.9988471865653992,0.4178857207298279,0.6127942204475403,0.035339292138814926,0.9993059039115906,0.513515830039978,0.7126618027687073,0.020492341369390488,0.9963937401771545,0.4105243980884552,0.7133404612541199,0.03985082358121872,0.9959156513214111,0.5267458558082581,0.799563467502594,0.31818467378616333,0.9931975603103638,0.4040067791938782,0.8063175678253174,0.27345308661460876,0.9953484535217285,0.5220040678977966,0.8098692297935486,0.33500707149505615,0.8745632171630859,0.4174802303314209,0.8178794980049133,0.2839065194129944,0.937956690788269,0.5242413282394409,0.8304011821746826,0.11177860200405121,0.987864077091217,0.36015355587005615,0.8367620706558228,0.06581004709005356,0.9898064136505127
IMG_9581 2,12,397,bad,0.46184420585632324,0.43299198150634766,-0.325399786233902,0.9999009966850281,0.4693848192691803,0.42486315965652466,-0.2904323637485504,0.9998013377189636,0.47459670901298523,0.42479339241981506,-0.290403813123703,0.9998060464859009,0.4790380895137787,0.42489466071128845,-0.29042306542396545,0.9997792840003967,0.4513530135154724,0.42553332448005676,-0.28646335005760193,0.9997802972793579,0.4450552463531494,0.42583349347114563,-0.28646063804626465,0.9997396469116211,0.43877410888671875,0.4263264834880829,-0.28646278381347656,0.9997239708900452,0.4852282404899597,0.42909154295921326,-0.09159690886735916,0.9998103976249695,0.4304981529712677,0.43136119842529297,-0.07591599225997925,0.9994415044784546,0.47295263409614563,0.443028062582016,-0.2540633976459503,0.9998360276222229,0.45056071877479553,0.4433051645755768,-0.2494734525680542,0.9997768402099609,0.5305063724517822,0.47837236523628235,-0.027231592684984207,0.9996158480644226,0.3893370032310486,0.4853971600532532,0.04516896232962608,0.99946129322052,0.5626697540283203,0.535584568977356,-0.2882584035396576,0.9919253587722778,0.310180127620697,0.49979862570762634,-0.21929968893527985,0.9381606578826904,0.5032951831817627,0.4875977337360382,-0.6107205748558044,0.9917058944702148,0.359201580286026,0.45263662934303284,-0.5849154591560364,0.9692826867103577,0.489082396030426,0.4744426906108856,-0.6881011128425598,0.9773666262626648,0.3717975616455078,0.437964528799057,-0.6665981411933899,0.9302400350570679,0.4881611466407776,0.4695412218570709,-0.66486656665802,0.9747968912124634,0.3795885443687439,0.437345951795578,-0.6361744403839111,0.9213287234306335,0.4892522692680359,0.47461166977882385,-0.6081536412239075,0.9581092000007629,0.37932804226875305,0.44314056634902954,-0.5856851935386658,0.8977211713790894,0.5048487186431885,0.6136298775672913,-0.03424989432096481,0.998892068862915,0.4189673662185669,0.612799346446991,0.034337904304265976,0.9993358254432678,0.5135565996170044,0.7117193341255188,0.020462090149521828,0.9966130256652832,0.41100969910621643,0.7130446434020996,0.03995860740542412,0.9961132407188416,0.5267390608787537,0.7992781400680542,0.31797805428504944,0.9936391711235046,0.40377071499824524,0.8063398599624634,0.29360640048980713,0.9955949187278748,0.5220423340797424,0.8093756437301636,0.33411505818367004,0.880490243434906,0.4174715280532837,0.8178707957267761,0.3053085505962372,0.9395822286605835,0.5242653489112854,0.8304128050804138,0.10430550575256348,0.988610029220581,0.3601703941822052,0.8369527459144592,0.08163396269083023,0.9903326034545898
IMG_9581 2,13,430,bad,0.4622490108013153,0.43297162652015686,-0.3574768006801605,0.9999082684516907,0.46960213780403137,0.424851655960083,-0.32220590114593506,0.9998162388801575,0.47465047240257263,0.42478030920028687,-0.32217350602149963,0.9998201131820679,0.4790418744087219,0.424889475107193,-0.3221944570541382,0.9997955560684204,0.45163416862487793,0.4254240393638611,-0.3205738067626953,0.9997955560684204,0.44540107250213623,0.42564964294433594,-0.3205905258655548,0.9997575879096985,0.4389074742794037,0.4260915517807007,-0.32060837745666504,0.9997437000274658,0.48522061109542847,0.42911040782928467,-0.11751914769411087,0.9998246431350708,0.43036124110221863,0.4308256208896637,-0.11094705760478973,0.9994884133338928,0.4729495644569397,0.4429975748062134,-0.28204619884490967,0.999849796295166,0.4506954550743103,0.44312918186187744,-0.28083816170692444,0.9997960925102234,0.5300774574279785,0.47835829854011536,-0.047258686274290085,0.9996457695960999,0.3852529227733612,0.4812248647212982,0.009240112267434597,0.9994922280311584,0.5638299584388733,0.5355421304702759,-0.3196077346801758,0.9924907088279724,0.30753108859062195,0.48179009556770325,-0.27264317870140076,0.94391930103302,0.5083792209625244,0.49105632305145264,-0.6681081652641296,0.992301344871521,0.3550242483615875,0.4357171058654785,-0.6364105343818665,0.9712821245193481,0.49279090762138367,0.48065438866615295,-0.7501001954078674,0.9787165522575378,0.3678610920906067,0.4253571331501007,-0.7175263166427612,0.9330693483352661,0.4913243055343628,0.473832368850708,-0.7285215854644775,0.9763154983520508,0.3765331506729126,0.42596331238746643,-0.6902310252189636,0.9242643713951111,0.4926241338253021,0.47744816541671753,-0.6669360399246216,0.9604328870773315,0.3751099705696106,0.43000707030296326,-0.6380320191383362,0.9016144275665283,0.5052134990692139,0.6133226156234741,-0.03330784663558006,0.9989166855812073,0.41926103830337524,0.6127194166183472,0.033391572535037994,0.9993646740913391,0.5135162472724915,0.7111749053001404,0.020793216302990913,0.9967989325523376,0.4119754731655121,0.7128186821937561,0.04078632593154907,0.9962830543518066,0.5267384052276611,0.7986761331558228,0.30537906289100647,0.9939935803413391,0.40399593114852905,0.8063598871231079,0.29228872060775757,0.995783805847168,0.5220558047294617,0.8085702657699585,0.31978312134742737,0.8857792615890503,0.41908085346221924,0.818077802658081,0.30446112155914307,0.941278338432312,0.5242500305175781,0.8302672505378723,0.09139332175254822,0.9891685843467712,0.3602398931980133,0.8368827700614929,0.0776606872677803,0.9907096028327942
IMG_9581 2,14,463,bad,0.46396833658218384,0.43293169140815735,-0.33746612071990967,0.999913215637207,0.4702223241329193,0.4247826337814331,-0.30189380049705505,0.9998272657394409,0.4748881459236145,0.42473912239074707,-0.30187827348709106,0.9998300075531006,0.4792194962501526,0.4248582124710083,-0.3019050359725952,0.9998076558113098,0.4534369111061096,0.42508694529533386,-0.30068695545196533,0.9998054504394531,0.44654422998428345,0.42515167593955994,-0.3006982207298279,0.9997691512107849,0.43983134627342224,0.42536064982414246,-0.30071958899497986,0.9997570514678955,0.4852134883403778,0.429108589887619,-0.11459606885910034,0.999835729598999,0.4301357567310333,0.4297940135002136,-0.09336250275373459,0.9995275735855103,0.47308722138404846,0.4429780840873718,-0.2624417543411255,0.9998613595962524,0.45181143283843994,0.44301140308380127,-0.26178115606307983,0.9998119473457336,0.5287710428237915,0.4782780110836029,-0.034380778670310974,0.999667763710022,0.38353100419044495,0.47715210914611816,0.015497313812375069,0.9995062351226807,0.5640988349914551,0.534144401550293,-0.30562493205070496,0.9928328394889832,0.30889078974723816,0.465549498796463,-0.27283692359924316,0.9490116238594055,0.5069475173950195,0.49151158332824707,-0.6213106513023376,0.9925713539123535,0.3572108745574951,0.42091381549835205,-0.6162394881248474,0.9724774956703186,0.4912891387939453,0.4812980592250824,-0.6977827548980713,0.9790452122688293,0.36977267265319824,0.4125623106956482,-0.695689857006073,0.9336381554603577,0.4902506470680237,0.47465604543685913,-0.676980197429657,0.9767162203788757,0.3780739903450012,0.41354426741600037,-0.66801917552948,0.9245391488075256,0.4916236698627472,0.4782368540763855,-0.6196784973144531,0.9609981775283813,0.3761546313762665,0.41668516397476196,-0.6179450750350952,0.9024893045425415,0.5054799318313599,0.6133122444152832,-0.030017662793397903,0.998943030834198,0.4196334183216095,0.6126708388328552,0.03009742870926857,0.9993881583213806,0.5134222507476807,0.7112545967102051,0.01862630620598793,0.9969736933708191,0.41217321157455444,0.7126341462135315,0.04116544872522354,0.9964462518692017,0.5267705321311951,0.7986199259757996,0.2979922294616699,0.9943066835403442,0.4040331542491913,0.8063681721687317,0.29158326983451843,0.9959368705749512,0.5221377611160278,0.8084756135940552,0.3122556805610657,0.8905933499336243,0.4193167984485626,0.8181292414665222,0.30288898944854736,0.9422489404678345,0.5241987109184265,0.8302680253982544,0.08627282083034515,0.9896028637886047,0.36038699746131897,0.8368645906448364,0.07622349262237549,0.9910076856613159
IMG_9581 2,15,496,bad,0.46525248885154724,0.43288418650627136,-0.32423919439315796,0.999914288520813,0.47054925560951233,0.4246736466884613,-0.2781696021556854,0.9998345375061035,0.47496145963668823,0.4246525764465332,-0.2781537175178528,0.9998345375061035,0.4792591333389282,0.42478182911872864,-0.27824220061302185,0.9998161792755127,0.4553196132183075,0.42475536465644836,-0.29186496138572693,0.9998090863227844,0.44823405146598816,0.42473071813583374,-0.29185131192207336,0.9997715353965759,0.44120725989341736,0.42475298047065735,-0.2919343411922455,0.9997639656066895,0.4849868714809418,0.4290606677532196,-0.06217746064066887,0.9998438358306885,0.4301084876060486,0.42905712127685547,-0.08350208401679993,0.9995611906051636,0.47308170795440674,0.44296038150787354,-0.2376912385225296,0.9998708367347717,0.452928751707077,0.4429500699043274,-0.257612943649292,0.9998252391815186,0.5263894200325012,0.47813019156455994,0.008244679309427738,0.9996850490570068,0.3841075897216797,0.47426095604896545,0.029391903430223465,0.9995166063308716,0.5642528533935547,0.5322723388671875,-0.2768905460834503,0.9923827648162842,0.3139265477657318,0.4533635377883911,-0.22834089398384094,0.953341543674469,0.5070295929908752,0.4912204444408417,-0.6070776581764221,0.9912778735160828,0.3601895570755005,0.4107685685157776,-0.48952117562294006,0.9716638922691345,0.49058401584625244,0.4812394082546234,-0.6851667761802673,0.9758872985839844,0.3719022572040558,0.40395864844322205,-0.564060628414154,0.9285807609558105,0.4895800054073334,0.47486400604248047,-0.6673116683959961,0.973455548286438,0.3793356120586395,0.4045526385307312,-0.5393587946891785,0.9187281727790833,0.49104201793670654,0.478173166513443,-0.607559323310852,0.9562476277351379,0.37822404503822327,0.4076204001903534,-0.49251967668533325,0.896866500377655,0.5054675936698914,0.6132532358169556,-0.0282304584980011,0.9989960193634033,0.4199542999267578,0.6120344996452332,0.02834780514240265,0.9994127750396729,0.5134173631668091,0.7114570736885071,0.011299640871584415,0.9970860481262207,0.41254356503486633,0.7124925255775452,0.0415097139775753,0.9964966177940369,0.5267859101295471,0.7995367050170898,0.266634076833725,0.9945603013038635,0.40395545959472656,0.8063647150993347,0.2947884500026703,0.9959781765937805,0.5221543908119202,0.8097363710403442,0.27730947732925415,0.8937130570411682,0.4192304015159607,0.8179817199707031,0.3054523468017578,0.9420372843742371,0.5237796306610107,0.830876350402832,0.03130212426185608,0.9899284243583679,0.36148035526275635,0.8367884159088135,0.07675517350435257,0.9911978840827942
IMG_9581 2,16,529,bad,0.4654601216316223,0.43314874172210693,-0.31891608238220215,0.9999147057533264,0.4705227315425873,0.4247003197669983,-0.277999609708786,0.9998392462730408,0.4749317169189453,0.42471346259117126,-0.2780132293701172,0.9998356103897095,0.4792056679725647,0.4248722493648529,-0.2780696749687195,0.9998236298561096,0.45563554763793945,0.42475083470344543,-0.2849969267845154,0.9998058080673218,0.4485795497894287,0.4247193932533264,-0.2850205898284912,0.9997593760490417,0.44167178869247437,0.4247097969055176,-0.28508055210113525,0.9997608661651611,0.484139621257782,0.42913052439689636,-0.06517598032951355,0.9998493194580078,0.4299060106277466,0.42897385358810425,-0.07455246895551682,0.9995850324630737,0.47291329503059387,0.4431836009025574,-0.2373114377260208,0.9998777508735657,0.4529489576816559,0.44304171204566956,-0.2477697879076004,0.9998353719711304,0.5229377150535583,0.47811317443847656,0.002394904615357518,0.9997069239616394,0.3844567537307739,0.4718926250934601,0.05368296056985855,0.9995219707489014,0.5638012290000916,0.5323972105979919,-0.22345922887325287,0.9926429986953735,0.3163094222545624,0.44404810667037964,0.06311490386724472,0.9573398232460022,0.5064594149589539,0.49304449558258057,-0.5315591096878052,0.9909824728965759,0.36359766125679016,0.40269747376441956,0.10316725075244904,0.9682377576828003,0.4898155629634857,0.4839201271533966,-0.6103551387786865,0.9750707745552063,0.38151615858078003,0.39678317308425903,0.06647702306509018,0.9131326079368591,0.489035427570343,0.4765699803829193,-0.6006425619125366,0.9727115631103516,0.3864392042160034,0.39765486121177673,0.07247056066989899,0.902194619178772,0.49053874611854553,0.4791761338710785,-0.536145806312561,0.9550201892852783,0.3823160231113434,0.40106865763664246,0.09899471700191498,0.882480800151825,0.5050937533378601,0.6128249764442444,-0.03581690415740013,0.9990246295928955,0.4200049638748169,0.6113693118095398,0.03618071600794792,0.9994149208068848,0.5128539204597473,0.7112289071083069,0.006847843993455172,0.9970930814743042,0.41252413392066956,0.7118175625801086,0.047916825860738754,0.9964560270309448,0.5278213620185852,0.7994666695594788,0.24609488248825073,0.9947064518928528,0.40397849678993225,0.8062936067581177,0.29405292868614197,0.9959304928779602,0.5251988768577576,0.8097174763679504,0.25641727447509766,0.8955749869346619,0.41940271854400635,0.8179209232330322,0.30527088046073914,0.9423329830169678,0.5226933360099792,0.8308735489845276,0.01311776414513588,0.9901149272918701,0.3614561855792999,0.8364991545677185,0.07415876537561417,0.9912465810775757
IMG_9581 2,17,562,bad,0.465777724981308,0.4331246316432953,-0.3182624280452728,0.9999122619628906,0.47047752141952515,0.4246807396411896,-0.2737748920917511,0.9998406767845154,0.47491374611854553,0.42470577359199524,-0.2738230228424072,0.9998326301574707,0.47916436195373535,0.424869567155838,-0.2739414572715759,0.9998278021812439,0.45587384700775146,0.42462530732154846,-0.2841436266899109,0.9997957348823547,0.44890710711479187,0.4245609641075134,-0.28420448303222656,0.9997364282608032,0.44206100702285767,0.42455077171325684,-0.284269779920578,0.9997457265853882,0.4832695722579956,0.4291832745075226,-0.06289153546094894,0.9998530745506287,0.429564893245697,0.4289311170578003,-0.0699111670255661,0.9995978474617004,0.47284582257270813,0.44317296147346497,-0.23483766615390778,0.9998825788497925,0.45311057567596436,0.44294703006744385,-0.24299593269824982,0.9998412728309631,0.5211776494979858,0.47824689745903015,0.0019511760910972953,0.9997243881225586,0.38473790884017944,0.47113239765167236,0.0534760057926178,0.9995144009590149,0.5636096000671387,0.5324998497962952,-0.2230348289012909,0.992830216884613,0.3220282196998596,0.433703750371933,-0.0038202612195163965,0.960794985294342,0.5068800449371338,0.49335977435112,-0.5342576503753662,0.9905725717544556,0.3704591393470764,0.3982570469379425,-0.017269549891352654,0.9635874629020691,0.4905414581298828,0.48394834995269775,-0.6127061247825623,0.9740981459617615,0.38995006680488586,0.3939184248447418,-0.06286967545747757,0.8960848450660706,0.489547997713089,0.47647497057914734,-0.6031658053398132,0.9718769788742065,0.39282119274139404,0.39425280690193176,-0.053575851023197174,0.8841342926025391,0.49091124534606934,0.479540079832077,-0.538855254650116,0.9537895321846008,0.3866277039051056,0.3981495201587677,-0.02216164395213127,0.8670045733451843,0.5043547749519348,0.6123165488243103,-0.035958029329776764,0.9990547895431519,0.4197314381599426,0.6103634834289551,0.03634784370660782,0.999424397945404,0.5125300884246826,0.7111027240753174,0.006431530695408583,0.9969969391822815,0.41250744462013245,0.7109671235084534,0.04703287407755852,0.9963253736495972,0.5288257598876953,0.7994464039802551,0.23533400893211365,0.9947017431259155,0.4039864242076874,0.8062341213226318,0.27917155623435974,0.9958338737487793,0.5274377465248108,0.809697151184082,0.2449699342250824,0.8959300518035889,0.41946646571159363,0.8178775310516357,0.2871837615966797,0.9419511556625366,0.5223937630653381,0.8308327198028564,0.005734562873840332,0.9900819063186646,0.3613811731338501,0.8362147212028503,0.05715598538517952,0.9912129640579224
IMG_9581 2,18,596,bad,0.46565553545951843,0.4329511821269989,-0.30944395065307617,0.9999058246612549,0.4704369902610779,0.42448872327804565,-0.2663712501525879,0.999835729598999,0.4748908579349518,0.4246157705783844,-0.2664433419704437,0.999820351600647,0.4791416823863983,0.42483747005462646,-0.2665915787220001,0.9998258352279663,0.4558332562446594,0.4241839349269867,-0.27403029799461365,0.9997720718383789,0.4489116668701172,0.42406758666038513,-0.27404648065567017,0.999689519405365,0.44219568371772766,0.42407190799713135,-0.27409830689430237,0.9997110962867737,0.48329079151153564,0.4291738271713257,-0.059791140258312225,0.9998486042022705,0.42949628829956055,0.4285472631454468,-0.06599123775959015,0.9995966553688049,0.4725705087184906,0.4430162012577057,-0.2283620834350586,0.9998830556869507,0.45308589935302734,0.44260552525520325,-0.2361268699169159,0.9998422861099243,0.5211091637611389,0.478331983089447,0.009259163402020931,0.9997338652610779,0.38486015796661377,0.4685451090335846,0.054225943982601166,0.9995050430297852,0.5613117814064026,0.5359958410263062,-0.20967328548431396,0.9928112030029297,0.32938534021377563,0.4263380169868469,0.04282674565911293,0.9638683199882507,0.5070355534553528,0.49394655227661133,-0.5301432609558105,0.9897125959396362,0.3720324635505676,0.394538938999176,0.09852539002895355,0.956193745136261,0.49044302105903625,0.4837106764316559,-0.6086596846580505,0.972237765789032,0.39146173000335693,0.38964733481407166,0.05994591861963272,0.8721629977226257,0.48957163095474243,0.47657081484794617,-0.6009232997894287,0.9702533483505249,0.3939981162548065,0.3895794749259949,0.0662369653582573,0.8596245646476746,0.4908062517642975,0.47993990778923035,-0.5359372496604919,0.9512436389923096,0.3879527747631073,0.39243271946907043,0.09326288849115372,0.8461461663246155,0.5038497447967529,0.6113085746765137,-0.032903481274843216,0.9990761280059814,0.4188823699951172,0.6081080436706543,0.033340517431497574,0.9994286298751831,0.5111504197120667,0.7087926268577576,0.0030372552573680878,0.9968332648277283,0.4123598039150238,0.7079426050186157,0.029188357293605804,0.9961715936660767,0.5283017158508301,0.7992702126502991,0.22435933351516724,0.9947337508201599,0.4031694531440735,0.8061913847923279,0.26208361983299255,0.9957485795021057,0.5266657471656799,0.809650719165802,0.23403775691986084,0.8981920480728149,0.41858863830566406,0.8178400993347168,0.26954588294029236,0.9414531588554382,0.5223815441131592,0.8306087851524353,-0.007269398774951696,0.9901845455169678,0.3613429665565491,0.8361647725105286,0.034552525728940964,0.9912272691726685
IMG_9581 2,19,629,bad,0.4656037390232086,0.43203410506248474,-0.3060142397880554,0.9998997449874878,0.4704149663448334,0.4239102005958557,-0.26147201657295227,0.9998331665992737,0.4747711718082428,0.42411932349205017,-0.2615359425544739,0.9998137950897217,0.4790167808532715,0.4244008958339691,-0.261650413274765,0.9998236298561096,0.45577892661094666,0.4235818088054657,-0.27111291885375977,0.9997581839561462,0.4489346146583557,0.4235675632953644,-0.2711336314678192,0.9996709227561951,0.44230329990386963,0.4236835241317749,-0.271151602268219,0.9996894001960754,0.48330721259117126,0.42900076508522034,-0.041318900883197784,0.9998456239700317,0.4295901656150818,0.4283619821071625,-0.06232859939336777,0.9995884299278259,0.47237837314605713,0.4419073462486267,-0.22043903172016144,0.999884307384491,0.4528871178627014,0.44170451164245605,-0.2318202704191208,0.9998401999473572,0.5213103890419006,0.4788733720779419,0.03299301117658615,0.9997308850288391,0.38657084107398987,0.46753594279289246,0.023700907826423645,0.9994698762893677,0.5560242533683777,0.537522554397583,-0.22046029567718506,0.9919692277908325,0.34089726209640503,0.4309910237789154,-0.2509808838367462,0.9661513566970825,0.5067086815834045,0.4970681369304657,-0.5641339421272278,0.9884644150733948,0.36734890937805176,0.39792773127555847,-0.5435208082199097,0.9554275870323181,0.488442987203598,0.48592114448547363,-0.6464428901672363,0.9695422649383545,0.3801174461841583,0.3919453024864197,-0.6278055906295776,0.8708244562149048,0.48713937401771545,0.4792736768722534,-0.6410192847251892,0.9678382277488708,0.3848877251148224,0.39108917117118835,-0.6123170256614685,0.8583863973617554,0.48897263407707214,0.4834413528442383,-0.5721561908721924,0.9476715922355652,0.38240015506744385,0.39351892471313477,-0.5520676374435425,0.8448928594589233,0.5028710961341858,0.6108449101448059,-0.015023051761090755,0.9991009831428528,0.41772395372390747,0.6064493656158447,0.01526380144059658,0.9994421601295471,0.509518563747406,0.7085484862327576,0.004792273044586182,0.9967573881149292,0.41255778074264526,0.7050008177757263,0.0031037949956953526,0.996087908744812,0.5268373489379883,0.7995036244392395,0.22198979556560516,0.9948118925094604,0.4030291736125946,0.8058440685272217,0.23188947141170502,0.9957082867622375,0.5237023234367371,0.8104979991912842,0.22917082905769348,0.9005409479141235,0.417658269405365,0.8174847960472107,0.23782891035079956,0.9398186206817627,0.5229262709617615,0.8308898210525513,-0.01835976541042328,0.9902843832969666,0.36180394887924194,0.8360276222229004,-0.0034654417540878057,0.9913007020950317
IMG_9581 2,20,662,bad,0.46555888652801514,0.43160828948020935,-0.3161914050579071,0.9999018311500549,0.47038179636001587,0.42335671186447144,-0.276193231344223,0.9998390078544617,0.47474807500839233,0.4235263764858246,-0.2762354910373688,0.9998193979263306,0.4789746403694153,0.4237847626209259,-0.2763112783432007,0.9998293519020081,0.4557235836982727,0.42307186126708984,-0.28122496604919434,0.9997602701187134,0.4488959312438965,0.42309942841529846,-0.2812308967113495,0.9996757507324219,0.4422866702079773,0.4232509136199951,-0.2812231481075287,0.9996876120567322,0.4833574593067169,0.4285030663013458,-0.050421543419361115,0.9998522400856018,0.4297187030315399,0.4278564751148224,-0.07219962030649185,0.9995953440666199,0.4723644256591797,0.44137486815452576,-0.23292668163776398,0.9998916983604431,0.4528077244758606,0.4411231279373169,-0.24020761251449585,0.9998467564582825,0.5218703150749207,0.47978487610816956,0.025998273864388466,0.9997389912605286,0.38779217004776,0.46691617369651794,-0.00933102611452341,0.9994566440582275,0.5519698262214661,0.54059237241745,-0.26364970207214355,0.9916942715644836,0.34943652153015137,0.43341144919395447,-0.353270947933197,0.9680944681167603,0.5066085457801819,0.5048307776451111,-0.630736231803894,0.9884063005447388,0.36595311760902405,0.39663243293762207,-0.7322446703910828,0.9570963382720947,0.48834431171417236,0.4940430223941803,-0.7103291153907776,0.9694478511810303,0.3730717897415161,0.38636088371276855,-0.8237583637237549,0.8765537142753601,0.486996054649353,0.48605164885520935,-0.7015734910964966,0.9679343104362488,0.37888649106025696,0.38543325662612915,-0.8042522668838501,0.8645913600921631,0.4889446794986725,0.48924174904823303,-0.636027991771698,0.9477508068084717,0.37741926312446594,0.39098894596099854,-0.7404764890670776,0.8512527346611023,0.49995240569114685,0.6106904149055481,-0.011506352573633194,0.9991381764411926,0.4141594171524048,0.6057204604148865,0.011596925556659698,0.9994676113128662,0.5079557299613953,0.708597719669342,0.003381125396117568,0.9968782663345337,0.411690354347229,0.7053824067115784,0.003689140547066927,0.9961956143379211,0.525209903717041,0.799018144607544,0.24094198644161224,0.9950248599052429,0.40279990434646606,0.8057696223258972,0.24409055709838867,0.9958459734916687,0.5219713449478149,0.8093209266662598,0.2512771487236023,0.9025201797485352,0.4163771867752075,0.8173280954360962,0.2508305013179779,0.9395569562911987,0.5215948224067688,0.8308532238006592,-0.014339541085064411,0.9905941486358643,0.36172622442245483,0.8363975286483765,0.016582375392317772,0.9916039705276489
IMG_9581 2,21,695,bad,0.46577200293540955,0.43127867579460144,-0.323559433221817,0.9999008178710938,0.4706861674785614,0.42306727170944214,-0.2859708070755005,0.9998412728309631,0.4749564230442047,0.42319363355636597,-0.2860299050807953,0.9998201131820679,0.4790637493133545,0.42341992259025574,-0.28611764311790466,0.9998319149017334,0.4558284282684326,0.42292675375938416,-0.28629109263420105,0.9997534155845642,0.4490751028060913,0.4230060577392578,-0.2862915098667145,0.9996647238731384,0.4423825442790985,0.423197478055954,-0.28626152873039246,0.9996715784072876,0.4834223985671997,0.4281884729862213,-0.07326151430606842,0.999858558177948,0.42977577447891235,0.4277467429637909,-0.07333756238222122,0.9995899796485901,0.4727505147457123,0.440995454788208,-0.2454916536808014,0.999897837638855,0.45292308926582336,0.4408392906188965,-0.24615709483623505,0.9998503923416138,0.5226195454597473,0.480682909488678,-0.018377164378762245,0.9997476935386658,0.38827934861183167,0.4677559733390808,0.0012056271079927683,0.9994463920593262,0.5502232313156128,0.5420087575912476,-0.3232153654098511,0.9917910695075989,0.35207420587539673,0.42991143465042114,-0.29798465967178345,0.9705926179885864,0.5064297318458557,0.511310338973999,-0.7019687294960022,0.9883472323417664,0.36633872985839844,0.38195106387138367,-0.6072185039520264,0.9593757390975952,0.48714956641197205,0.4993061125278473,-0.7853193879127502,0.9694607257843018,0.3729320466518402,0.3701007068157196,-0.6939441561698914,0.8826009631156921,0.48604533076286316,0.49159589409828186,-0.7772451043128967,0.9680432081222534,0.3780864477157593,0.37144365906715393,-0.6717712879180908,0.8710801601409912,0.4883752763271332,0.49369460344314575,-0.7075920104980469,0.9479443430900574,0.3771171569824219,0.37524691224098206,-0.6150195598602295,0.8584582209587097,0.4982612431049347,0.6116816997528076,-0.014609291218221188,0.9991558194160461,0.41272643208503723,0.6063620448112488,0.014577735215425491,0.999485969543457,0.5043057799339294,0.7114298939704895,0.00026581704150885344,0.9970205426216125,0.40990474820137024,0.7081568241119385,0.016263384371995926,0.9963716864585876,0.5239810347557068,0.7990487217903137,0.2852477729320526,0.9952170252799988,0.4035637676715851,0.8057739734649658,0.28450751304626465,0.9960464239120483,0.5213341116905212,0.8089877963066101,0.301911324262619,0.9038227796554565,0.41614824533462524,0.8175462484359741,0.29457801580429077,0.9411219954490662,0.5216290354728699,0.8308901786804199,0.05279035121202469,0.9908643960952759,0.3616751730442047,0.8367251753807068,0.053006067872047424,0.9919685125350952
IMG_9581 2,22,728,bad,0.46587949991226196,0.4332506060600281,-0.3674987554550171,0.9998710751533508,0.47126439213752747,0.4251071810722351,-0.332888662815094,0.9998048543930054,0.4754493534564972,0.42515942454338074,-0.3329423666000366,0.9997749328613281,0.47942250967025757,0.425314724445343,-0.3330121338367462,0.9997899532318115,0.4561581313610077,0.4248700439929962,-0.3330245018005371,0.999679446220398,0.44954150915145874,0.42494258284568787,-0.33301419019699097,0.9995750188827515,0.44283974170684814,0.4251771867275238,-0.33300575613975525,0.9995657801628113,0.48367467522621155,0.4296238124370575,-0.13539618253707886,0.9998202919960022,0.4299505650997162,0.4290296137332916,-0.13260962069034576,0.9994545578956604,0.47296077013015747,0.4432898163795471,-0.2941526770591736,0.9998880624771118,0.4529588520526886,0.4431850016117096,-0.2943081855773926,0.9998211860656738,0.5229960680007935,0.4835076630115509,-0.0897190049290657,0.9996406435966492,0.3887355923652649,0.4692913591861725,-0.08435313403606415,0.9993309378623962,0.5492459535598755,0.5421536564826965,-0.41119104623794556,0.9903978109359741,0.35538139939308167,0.43213602900505066,-0.4189053475856781,0.9722453951835632,0.5019145607948303,0.5118420124053955,-0.7780967950820923,0.9857633709907532,0.3653663992881775,0.37880778312683105,-0.7514121532440186,0.9613202214241028,0.4798145294189453,0.5003163814544678,-0.8564060926437378,0.9646092653274536,0.36897093057632446,0.3650483191013336,-0.8381232023239136,0.8892031908035278,0.4792836606502533,0.49273473024368286,-0.8458132743835449,0.9630717635154724,0.37381112575531006,0.3642224371433258,-0.8170807957649231,0.8782035708427429,0.48088786005973816,0.49466320872306824,-0.7823883891105652,0.9417582154273987,0.37357664108276367,0.3678024113178253,-0.7589187026023865,0.866070568561554,0.4970136284828186,0.616788923740387,-0.01558700855821371,0.9991515874862671,0.4115639328956604,0.6114256978034973,0.015522237867116928,0.9995012879371643,0.5015535950660706,0.7130624651908875,0.029902596026659012,0.9971489906311035,0.40932321548461914,0.7107278108596802,0.02899646759033203,0.9965725541114807,0.5235788822174072,0.7983890175819397,0.36204618215560913,0.9954357743263245,0.4039889872074127,0.8052886128425598,0.31427478790283203,0.9962277412414551,0.5207983255386353,0.807262659072876,0.38285788893699646,0.9078767895698547,0.4159415662288666,0.8168195486068726,0.3272397816181183,0.9427204132080078,0.5220524668693542,0.8297195434570312,0.15419887006282806,0.9911410212516785,0.3619215786457062,0.8365713953971863,0.09461082518100739,0.9922541975975037
IMG_9581 2,23,761,bad,0.46586745977401733,0.4363856613636017,-0.3948945999145508,0.9998548626899719,0.4713148772716522,0.4280819594860077,-0.3635723888874054,0.9997904896736145,0.47550177574157715,0.42797112464904785,-0.3636389374732971,0.9997591972351074,0.4794318377971649,0.4279055595397949,-0.36372074484825134,0.9997753500938416,0.45623382925987244,0.4280674457550049,-0.3578929007053375,0.9996386766433716,0.44984129071235657,0.42814016342163086,-0.35788536071777344,0.9995212554931641,0.44326263666152954,0.4283863604068756,-0.3578818738460541,0.9994968175888062,0.48363810777664185,0.4317680299282074,-0.17419745028018951,0.9998090863227844,0.43021276593208313,0.43182307481765747,-0.14244341850280762,0.999347448348999,0.4729479253292084,0.4465789496898651,-0.32345297932624817,0.9998883605003357,0.4529651999473572,0.44657477736473083,-0.31535592675209045,0.9998067021369934,0.5242775082588196,0.4854843318462372,-0.14835357666015625,0.9996141195297241,0.39008575677871704,0.4718337059020996,-0.080891452729702,0.9992163777351379,0.5490390658378601,0.54195636510849,-0.5173453688621521,0.9892246127128601,0.36011308431625366,0.4365217685699463,-0.4097636044025421,0.9724165201187134,0.5025095343589783,0.5160266757011414,-0.9134573340415955,0.9836296439170837,0.36301499605178833,0.38277262449264526,-0.7799775004386902,0.9625721573829651,0.4826433062553406,0.5140179395675659,-1.0011476278305054,0.9615113735198975,0.3648933172225952,0.3661089837551117,-0.8697079420089722,0.8950446844100952,0.48007845878601074,0.4954858720302582,-0.9908328652381897,0.959880530834198,0.3685426712036133,0.36403241753578186,-0.8589259386062622,0.8846055269241333,0.4813680648803711,0.49771979451179504,-0.9186549782752991,0.9379738569259644,0.3697222173213959,0.37209880352020264,-0.7926946878433228,0.872992992401123,0.49656981229782104,0.6212868690490723,-0.025021616369485855,0.9991913437843323,0.4103277027606964,0.6164258718490601,0.02478533424437046,0.9995210766792297,0.5002835988998413,0.7142238020896912,0.013432268984615803,0.9973220229148865,0.4075951874256134,0.7127254605293274,0.11017950624227524,0.9967806339263916,0.524434506893158,0.7953407168388367,0.3471689522266388,0.9957110285758972,0.40393927693367004,0.804845929145813,0.4615309238433838,0.9964160919189453,0.5221900939941406,0.80141681432724,0.3686639666557312,0.9123444557189941,0.415370911359787,0.8161476254463196,0.48262256383895874,0.9450824856758118,0.522141695022583,0.8293216228485107,0.13626088201999664,0.9915945529937744,0.36187443137168884,0.8365710377693176,0.2670084536075592,0.9926097393035889
IMG_9581 2,24,794,bad,0.4626091718673706,0.44042259454727173,-0.3731801211833954,0.9998283982276917,0.46896594762802124,0.4322409927845001,-0.34118375182151794,0.9997615218162537,0.4737884998321533,0.43203213810920715,-0.3412587344646454,0.9997333288192749,0.4783266484737396,0.43183037638664246,-0.3413410186767578,0.9997515082359314,0.45406219363212585,0.4322317838668823,-0.3360734283924103,0.9995652437210083,0.44820475578308105,0.43218526244163513,-0.33607056736946106,0.9994322061538696,0.4422561824321747,0.43227794766426086,-0.33607247471809387,0.9993737936019897,0.48274892568588257,0.43500977754592896,-0.15438665449619293,0.9997791647911072,0.4301392734050751,0.4354577958583832,-0.12458331882953644,0.999070405960083,0.4703330993652344,0.44952115416526794,-0.3029311001300812,0.9998778104782104,0.4509679973125458,0.4499674141407013,-0.2955959737300873,0.9997513294219971,0.5248094797134399,0.48838239908218384,-0.12684881687164307,0.9996042847633362,0.3902657628059387,0.47731536626815796,-0.056343551725149155,0.9989122748374939,0.5472967028617859,0.5429520606994629,-0.4535941183567047,0.988801896572113,0.3743124306201935,0.45574283599853516,-0.36694765090942383,0.9705171585083008,0.5028544068336487,0.5159266591072083,-0.8087832927703857,0.982750654220581,0.3633050322532654,0.38925451040267944,-0.7471007704734802,0.9628139138221741,0.48354819416999817,0.5096818208694458,-0.889329731464386,0.9600880742073059,0.3631998598575592,0.3741183578968048,-0.8355075120925903,0.8992843627929688,0.48094499111175537,0.49762555956840515,-0.8798661231994629,0.9584470391273499,0.36729493737220764,0.3714181184768677,-0.8316453695297241,0.8893895745277405,0.4823656976222992,0.4998089373111725,-0.8125189542770386,0.9365537762641907,0.36818504333496094,0.37639448046684265,-0.7624512314796448,0.8781399130821228,0.49599218368530273,0.6242213845252991,-0.026697345077991486,0.9992220401763916,0.4085023105144501,0.6200281977653503,0.02641959860920906,0.9995194673538208,0.5001182556152344,0.7165114283561707,-0.013414595276117325,0.9974696040153503,0.4051961898803711,0.7144323587417603,0.11401768773794174,0.9969075918197632,0.524115800857544,0.7955572009086609,0.2751276195049286,0.9959566593170166,0.40264272689819336,0.8047251105308533,0.43538764119148254,0.9964752793312073,0.5212776064872742,0.8016019463539124,0.2909766137599945,0.9161617159843445,0.41367849707603455,0.8155637383460999,0.4534468352794647,0.9452520608901978,0.5221426486968994,0.8292816281318665,0.0562218502163887,0.9919734001159668,0.36181119084358215,0.8366950750350952,0.24560736119747162,0.9927031993865967
IMG_9581 2,25,827,bad,0.4598473906517029,0.44946151971817017,-0.39040932059288025,0.999779999256134,0.46665382385253906,0.44079574942588806,-0.36117035150527954,0.9996839165687561,0.47175320982933044,0.44042831659317017,-0.3612651824951172,0.9996674656867981,0.4765929579734802,0.4399830996990204,-0.3613615334033966,0.9996825456619263,0.45226261019706726,0.44102397561073303,-0.3545054793357849,0.9993972182273865,0.44697463512420654,0.44097205996513367,-0.35451921820640564,0.9992445111274719,0.4415373206138611,0.44091275334358215,-0.3545592427253723,0.9991171360015869,0.48176977038383484,0.4423155188560486,-0.17166678607463837,0.9997057318687439,0.4302057921886444,0.4427824914455414,-0.13663148880004883,0.9984636902809143,0.468869686126709,0.4563836455345154,-0.317941278219223,0.9998551607131958,0.4496305286884308,0.4568151831626892,-0.3090513348579407,0.9996567368507385,0.5252150893211365,0.49159228801727295,-0.1226143166422844,0.9995914697647095,0.3906046450138092,0.48152658343315125,-0.051019951701164246,0.9986132979393005,0.5435444116592407,0.5498045086860657,-0.4231853485107422,0.9878167510032654,0.3788797855377197,0.46968376636505127,-0.37106266617774963,0.9648882746696472,0.5029550194740295,0.5233824253082275,-0.7771213054656982,0.9814726710319519,0.3634846806526184,0.41529956459999084,-0.8291637897491455,0.9615378975868225,0.48263227939605713,0.5116555094718933,-0.8570428490638733,0.9577848315238953,0.3609178364276886,0.3964604139328003,-0.9246090054512024,0.9016507863998413,0.48107045888900757,0.5019553899765015,-0.8495588302612305,0.956183135509491,0.36249595880508423,0.39311331510543823,-0.9215840101242065,0.8922188878059387,0.4826817810535431,0.5050437450408936,-0.7811678051948547,0.9335355758666992,0.3660569489002228,0.4010319113731384,-0.8454976081848145,0.8804633617401123,0.49574121832847595,0.6255133748054504,-0.027707824483513832,0.9992281198501587,0.4080806076526642,0.6214556694030762,0.027439722791314125,0.9994961023330688,0.4986395239830017,0.7166361212730408,-0.03489503264427185,0.997595489025116,0.4046631157398224,0.7143770456314087,0.1126149445772171,0.9969494938850403,0.524068295955658,0.7956046462059021,0.2724079191684723,0.9961223006248474,0.40217313170433044,0.8036504983901978,0.472699910402298,0.9964352250099182,0.5212843418121338,0.802013099193573,0.28977885842323303,0.9183053970336914,0.4127974808216095,0.8134931325912476,0.49551573395729065,0.9444402456283569,0.5212361216545105,0.8288800716400146,0.05121671408414841,0.99226975440979,0.36228135228157043,0.8366860747337341,0.2811329662799835,0.9926706552505493
IMG_9581 2,26,860,bad,0.4536326229572296,0.45318377017974854,-0.38425561785697937,0.9995895624160767,0.46143198013305664,0.445060670375824,-0.3450271487236023,0.9993501305580139,0.4663039743900299,0.4447736442089081,-0.3451007306575775,0.9993947148323059,0.4712468683719635,0.44439882040023804,-0.34518784284591675,0.9994038343429565,0.4489545226097107,0.44514018297195435,-0.3460412621498108,0.9987555742263794,0.4449743330478668,0.4450092911720276,-0.3460012674331665,0.9985824823379517,0.4400956928730011,0.4448256492614746,-0.3459133803844452,0.9982179999351501,0.4786461293697357,0.447085440158844,-0.1716865450143814,0.9994540810585022,0.43088701367378235,0.4473886787891388,-0.12680774927139282,0.9965968132019043,0.4641561508178711,0.4618237614631653,-0.3046954572200775,0.9997535943984985,0.44732892513275146,0.46189478039741516,-0.29887744784355164,0.9993371367454529,0.5253411531448364,0.49497371912002563,-0.12342147529125214,0.9995537996292114,0.3909652531147003,0.4845583140850067,-0.04327091947197914,0.9982938170433044,0.5418816804885864,0.5524128079414368,-0.4157913625240326,0.9856996536254883,0.390306293964386,0.49948808550834656,-0.3382571041584015,0.9416863322257996,0.5053257942199707,0.5312587022781372,-0.7659314870834351,0.9795684814453125,0.3807416558265686,0.48329076170921326,-0.7952747344970703,0.9504742622375488,0.48826971650123596,0.5271705985069275,-0.8463490009307861,0.955841600894928,0.3675040304660797,0.47396326065063477,-0.8878629803657532,0.8956571817398071,0.48525017499923706,0.5177431106567383,-0.8453070521354675,0.9544000029563904,0.3690502345561981,0.4712251126766205,-0.8957964777946472,0.8874187469482422,0.48567211627960205,0.5187167525291443,-0.7721506953239441,0.9309643507003784,0.3789386749267578,0.4730595052242279,-0.8156336545944214,0.8739665746688843,0.4956724941730499,0.62699955701828,-0.02850521169602871,0.999150276184082,0.4079236686229706,0.623903214931488,0.028254184871912003,0.9994014501571655,0.4981571435928345,0.7176066637039185,-0.03418250381946564,0.9976507425308228,0.40472641587257385,0.7145779132843018,0.04573352634906769,0.9969740509986877,0.5236024856567383,0.7956709861755371,0.259662002325058,0.9961683750152588,0.40175002813339233,0.8033586740493774,0.32462558150291443,0.9963930249214172,0.5205714106559753,0.8020986914634705,0.27560824155807495,0.9182795286178589,0.4121154248714447,0.8135077953338623,0.33967021107673645,0.9424973726272583,0.5212699770927429,0.8291702270507812,0.043579649180173874,0.9923504590988159,0.36354485154151917,0.8366839289665222,0.12985444068908691,0.9926211833953857
IMG_9581 2,27,894,bad,0.4529029428958893,0.45759281516075134,-0.38604944944381714,0.9989999532699585,0.46128782629966736,0.4489784836769104,-0.35407692193984985,0.9983204007148743,0.46641144156455994,0.4486459195613861,-0.3541754186153412,0.9985011219978333,0.4714421033859253,0.4483019709587097,-0.3542731702327728,0.9984822273254395,0.4477974772453308,0.4495619237422943,-0.35645103454589844,0.9971240758895874,0.44375598430633545,0.44959378242492676,-0.35645636916160583,0.9969506859779358,0.43900611996650696,0.4496467411518097,-0.3565364480018616,0.9961768984794617,0.47846537828445435,0.4514564275741577,-0.15897318720817566,0.998648464679718,0.43088585138320923,0.4532257914543152,-0.1514880359172821,0.9944064617156982,0.4639733135700226,0.4664531946182251,-0.305157870054245,0.9993807673454285,0.4451916217803955,0.46701061725616455,-0.3058578073978424,0.9985824227333069,0.5254216194152832,0.4980114996433258,-0.09504708647727966,0.9994454979896545,0.3889865279197693,0.48967471718788147,-0.10219354927539825,0.9978482127189636,0.5404254198074341,0.5546623468399048,-0.36842384934425354,0.9735671877861023,0.3920367956161499,0.5116540193557739,-0.44172483682632446,0.9267238974571228,0.5053586959838867,0.5382607579231262,-0.7258620858192444,0.9563257694244385,0.44972169399261475,0.4916849434375763,-0.8406466841697693,0.921383261680603,0.4916061460971832,0.5350228548049927,-0.8087263703346252,0.9286878108978271,0.46224501729011536,0.48878535628318787,-0.9333123564720154,0.8663222193717957,0.4897787570953369,0.5256611704826355,-0.8133663535118103,0.9279780387878418,0.4627595543861389,0.48560282588005066,-0.9240427613258362,0.8575799465179443,0.48995882272720337,0.5261278748512268,-0.7377142310142517,0.9000244736671448,0.45995086431503296,0.4875258207321167,-0.8502769470214844,0.8387691378593445,0.4953959286212921,0.6273254752159119,-0.013717107474803925,0.9991136789321899,0.4077634811401367,0.6246866583824158,0.013734924606978893,0.9993235468864441,0.4972514510154724,0.7188281416893005,-0.03875571861863136,0.997635006904602,0.4049842655658722,0.7145372033119202,0.024404501542448997,0.9968903660774231,0.5235557556152344,0.7972684502601624,0.2604951560497284,0.996188223361969,0.4001561999320984,0.8024953007698059,0.3336445987224579,0.9962788820266724,0.5205264091491699,0.804577112197876,0.27664515376091003,0.9173800945281982,0.40977638959884644,0.8128551840782166,0.3585009276866913,0.9386153221130371,0.5214585065841675,0.8297510743141174,0.03370688110589981,0.9922952055931091,0.3643696904182434,0.8366021513938904,0.13259775936603546,0.9923846125602722
IMG_9581 2,28,927,bad,0.45262473821640015,0.47317174077033997,-0.3771362900733948,0.9987915754318237,0.4607015550136566,0.46402865648269653,-0.34914645552635193,0.9979375004768372,0.465823233127594,0.46378278732299805,-0.3492606580257416,0.9981726408004761,0.47087857127189636,0.46326562762260437,-0.34937551617622375,0.9981739521026611,0.44742628931999207,0.46380606293678284,-0.3472488224506378,0.9965090155601501,0.443571537733078,0.46353447437286377,-0.34723731875419617,0.9961615204811096,0.4390042722225189,0.4630790948867798,-0.3473265767097473,0.9952374696731567,0.4777697026729584,0.46294084191322327,-0.15596704185009003,0.9983303546905518,0.43160581588745117,0.4627280831336975,-0.13874474167823792,0.9934724569320679,0.4634362757205963,0.48016294836997986,-0.3015463650226593,0.9992369413375854,0.4451943635940552,0.47981444001197815,-0.3024595379829407,0.9983334541320801,0.525644063949585,0.5014278292655945,-0.056931182742118835,0.9994562864303589,0.3887120187282562,0.494737446308136,-0.04011648893356323,0.9979181885719299,0.5402889847755432,0.5568676590919495,-0.2771463990211487,0.9676973819732666,0.3896685540676117,0.5448094010353088,-0.19234389066696167,0.9020131826400757,0.5065345168113708,0.539746105670929,-0.6537182927131653,0.944899320602417,0.43955904245376587,0.5439649820327759,-0.5242920517921448,0.8786184191703796,0.4914923906326294,0.5310297012329102,-0.7366349101066589,0.9141093492507935,0.4509417414665222,0.5482054352760315,-0.5983821153640747,0.8233669996261597,0.4975737929344177,0.5226500630378723,-0.7444680333137512,0.9138387441635132,0.4528709352016449,0.5425671339035034,-0.6112377047538757,0.8152322769165039,0.4935305416584015,0.5249078869819641,-0.6659440398216248,0.8817419409751892,0.4514099359512329,0.540984570980072,-0.5387200117111206,0.7929811477661133,0.4951872229576111,0.6275919675827026,-0.013282151892781258,0.9990466237068176,0.40777313709259033,0.6250946521759033,0.01346817146986723,0.9992255568504333,0.49741771817207336,0.7188881039619446,-0.033508267253637314,0.9974485635757446,0.40500423312187195,0.714444100856781,0.005947228986769915,0.9968541860580444,0.5233416557312012,0.7981400489807129,0.2532722055912018,0.9959600567817688,0.3989696502685547,0.8021425008773804,0.28167280554771423,0.9961401224136353,0.5197256803512573,0.805948793888092,0.2682143747806549,0.917384922504425,0.4084766209125519,0.8124555945396423,0.29693713784217834,0.9363178014755249,0.5240926146507263,0.8298357129096985,0.02648569643497467,0.991802990436554,0.364875853061676,0.8365607857704163,0.06500428169965744,0.9920064210891724
IMG_9581 2,29,960,bad,0.4529508352279663,0.47958651185035706,-0.3732829689979553,0.9988722801208496,0.46090683341026306,0.4711500406265259,-0.3471742868423462,0.9980548024177551,0.4660065472126007,0.4710453152656555,-0.34729987382888794,0.9982776045799255,0.4710301458835602,0.4707140624523163,-0.34742456674575806,0.9982836246490479,0.44743043184280396,0.47085678577423096,-0.34286054968833923,0.9967130422592163,0.44344377517700195,0.47066938877105713,-0.34283748269081116,0.996350884437561,0.4388590455055237,0.4703514873981476,-0.34290245175361633,0.9954895377159119,0.47782444953918457,0.4697081446647644,-0.16451643407344818,0.9984277486801147,0.43157103657722473,0.4696446657180786,-0.135659858584404,0.9939321279525757,0.46358683705329895,0.48637959361076355,-0.29819732904434204,0.9992884993553162,0.44527679681777954,0.486020565032959,-0.302074134349823,0.9984597563743591,0.5258917212486267,0.504730224609375,-0.06071816757321358,0.9995061159133911,0.3884977698326111,0.5017949342727661,0.020547889173030853,0.9981036186218262,0.5404802560806274,0.5585259795188904,-0.256197988986969,0.9690701961517334,0.388805627822876,0.5600955486297607,0.06960722804069519,0.8779600858688354,0.5062336325645447,0.5397342443466187,-0.615108072757721,0.9463815093040466,0.432778000831604,0.5856798887252808,-0.10853534191846848,0.844389796257019,0.49053797125816345,0.5310186743736267,-0.6978141069412231,0.9153035283088684,0.4268740713596344,0.6009419560432434,-0.15440218150615692,0.7898208498954773,0.496650367975235,0.5221984386444092,-0.7074267864227295,0.9151338338851929,0.44296926259994507,0.5932486653327942,-0.19709311425685883,0.7838913798332214,0.4935331642627716,0.5256338119506836,-0.6270334720611572,0.8822287321090698,0.4393639862537384,0.5917604565620422,-0.13049596548080444,0.7601995468139648,0.49514833092689514,0.6288547515869141,-0.013797828927636147,0.999070405960083,0.4078065752983093,0.626797616481781,0.013762983493506908,0.9992135167121887,0.49721193313598633,0.719663143157959,-0.033798836171627045,0.9972363710403442,0.40505221486091614,0.7143142819404602,-0.007501694839447737,0.9968685507774353,0.523052453994751,0.7984691262245178,0.22920677065849304,0.9957595467567444,0.3994768559932709,0.8018539547920227,0.24887119233608246,0.9960744380950928,0.5193051099777222,0.8066003322601318,0.24269810318946838,0.9179685711860657,0.40918806195259094,0.8122033476829529,0.26109248399734497,0.9358113408088684,0.5242047905921936,0.8298367261886597,0.006162757053971291,0.9914326667785645,0.3711446523666382,0.8368753790855408,0.03518932685256004,0.9918097257614136
IMG_9581 2,30,993,bad,0.4533141255378723,0.4860113561153412,-0.6132930517196655,0.9989665746688843,0.46098047494888306,0.47754767537117004,-0.6004415154457092,0.998187243938446,0.46603986620903015,0.4771955609321594,-0.6005398631095886,0.9983988404273987,0.4710628390312195,0.4766402542591095,-0.6006613373756409,0.9983998537063599,0.4474981427192688,0.47760093212127686,-0.5947125554084778,0.9969513416290283,0.4434160888195038,0.47746872901916504,-0.594721794128418,0.9966056942939758,0.43877220153808594,0.47721272706985474,-0.5947696566581726,0.9958049058914185,0.4778550863265991,0.47464632987976074,-0.4075028598308563,0.9985197186470032,0.43115487694740295,0.47604382038116455,-0.37545421719551086,0.9944179654121399,0.46400168538093567,0.49232253432273865,-0.5305692553520203,0.9993463754653931,0.4459821283817291,0.49206480383872986,-0.5225697755813599,0.9985936880111694,0.5266234278678894,0.5074021220207214,-0.24467623233795166,0.9995533227920532,0.3882814645767212,0.5080407857894897,-0.15005771815776825,0.9982874989509583,0.5436203479766846,0.5618324875831604,-0.3959568440914154,0.9715232849121094,0.387983500957489,0.5610670447349548,-0.006823353469371796,0.8851158022880554,0.5070802569389343,0.5455577969551086,-0.8282636404037476,0.9504685401916504,0.4151417911052704,0.6016566157341003,-0.13975082337856293,0.8495086431503296,0.49039989709854126,0.5373256802558899,-0.9238062500953674,0.9207558631896973,0.400929719209671,0.6167026162147522,-0.1830909550189972,0.794097900390625,0.49599310755729675,0.5288450717926025,-0.9461236000061035,0.9206629991531372,0.4128032326698303,0.6124559640884399,-0.24208851158618927,0.7897803783416748,0.4937590956687927,0.5319870114326477,-0.8460608720779419,0.8887719511985779,0.41390636563301086,0.6089105010032654,-0.16492988169193268,0.7646042108535767,0.49530211091041565,0.6293976306915283,-0.015159541741013527,0.999088704586029,0.4089828133583069,0.6270971894264221,0.015144714154303074,0.9992265105247498,0.49730122089385986,0.7194966077804565,-0.027645017951726913,0.996953010559082,0.4051174223423004,0.7136452198028564,-0.010698402300477028,0.9969292879104614,0.5225391387939453,0.7984482049942017,0.23814408481121063,0.9955663084983826,0.3996332883834839,0.8006754517555237,0.24945466220378876,0.9960501194000244,0.5177833437919617,0.8065932989120483,0.25180917978286743,0.9184795618057251,0.4092111885547638,0.8107675909996033,0.2612372040748596,0.9359228610992432,0.5255012512207031,0.8298490047454834,0.011161211878061295,0.9913627505302429,0.3722023069858551,0.8365585803985596,0.027605371549725533,0.9918836951255798
IMG_9581 2,31,1026,bad,0.4534633755683899,0.49448931217193604,-0.6757764220237732,0.9990654587745667,0.46110349893569946,0.4860084652900696,-0.6673279404640198,0.9983552694320679,0.4661172926425934,0.4855971932411194,-0.6673496961593628,0.9985467195510864,0.4711160659790039,0.48498162627220154,-0.6674590706825256,0.998546838760376,0.44741159677505493,0.48611393570899963,-0.6591235399246216,0.9972403049468994,0.44319388270378113,0.48586779832839966,-0.6591631174087524,0.9969250559806824,0.43858572840690613,0.4855157136917114,-0.6591953039169312,0.9962025880813599,0.4780978858470917,0.4813811480998993,-0.47878265380859375,0.9986506104469299,0.43099838495254517,0.48328521847724915,-0.4364181458950043,0.9949578046798706,0.464468389749527,0.5003746747970581,-0.5930429100990295,0.9994075298309326,0.44670650362968445,0.500167191028595,-0.581610918045044,0.9987293481826782,0.5277295112609863,0.5118167400360107,-0.29478397965431213,0.9995962977409363,0.3885447382926941,0.5133805871009827,-0.19348867237567902,0.9984570741653442,0.5479673743247986,0.5641595721244812,-0.4494320750236511,0.9739587306976318,0.38754138350486755,0.5679675340652466,-0.002077146666124463,0.893477201461792,0.5060326457023621,0.5473325848579407,-0.8614896535873413,0.9544849395751953,0.40550756454467773,0.6112397909164429,-0.0728011280298233,0.8593778610229492,0.48830318450927734,0.5418543815612793,-0.9479687213897705,0.9262120723724365,0.39227625727653503,0.6287036538124084,-0.09903199225664139,0.8044442534446716,0.4896985590457916,0.533264696598053,-0.9626525640487671,0.926139235496521,0.4035426080226898,0.627210259437561,-0.15438812971115112,0.8011680245399475,0.4926859438419342,0.5356781482696533,-0.8749114871025085,0.8953031897544861,0.40586578845977783,0.6202487349510193,-0.0930902436375618,0.7756578922271729,0.4960879981517792,0.6296922564506531,-0.01639579050242901,0.9991299510002136,0.41272711753845215,0.6275677680969238,0.016417380422353745,0.9992701411247253,0.4980798661708832,0.7194175720214844,-0.03059939667582512,0.9967191815376282,0.4053807258605957,0.7129223346710205,-0.003878385992720723,0.9969730377197266,0.5225273370742798,0.7983583807945251,0.18547964096069336,0.9955585598945618,0.3978969156742096,0.8003958463668823,0.2184552550315857,0.9961269497871399,0.5178090333938599,0.8064876794815063,0.19463837146759033,0.9210147857666016,0.40906864404678345,0.8108052611351013,0.2265685796737671,0.9376050233840942,0.525669276714325,0.8298753499984741,-0.03507046028971672,0.9915518760681152,0.3720434606075287,0.8356963992118835,0.006854174192994833,0.9921063184738159
IMG_9581 2,32,1059,bad,0.453824520111084,0.49782970547676086,-0.5883812308311462,0.9991552233695984,0.46133193373680115,0.48899537324905396,-0.577212929725647,0.9985079765319824,0.46651318669319153,0.4885428249835968,-0.5772430300712585,0.9986808896064758,0.47151684761047363,0.48799586296081543,-0.5773311853408813,0.9986801743507385,0.4474458396434784,0.4893159568309784,-0.5690686106681824,0.9975029826164246,0.44317105412483215,0.4890967607498169,-0.5690698027610779,0.9972158670425415,0.438562273979187,0.48879358172416687,-0.5690873861312866,0.9965641498565674,0.4789378345012665,0.4847307503223419,-0.39225462079048157,0.9987711906433105,0.4309450089931488,0.4865415394306183,-0.3508141338825226,0.995444655418396,0.46484774351119995,0.5038679838180542,-0.5083613991737366,0.999462902545929,0.4473213255405426,0.5040143728256226,-0.49714750051498413,0.9988521337509155,0.5283078551292419,0.5150396227836609,-0.23458610475063324,0.9996351003646851,0.3888012766838074,0.5176477432250977,-0.1303185224533081,0.9986096620559692,0.5496331453323364,0.567011296749115,-0.40891197323799133,0.9761737585067749,0.3874780833721161,0.5711414813995361,0.02040182426571846,0.90080726146698,0.5062402486801147,0.550690770149231,-0.8015767335891724,0.9581468105316162,0.40097740292549133,0.6150140166282654,-0.12122636288404465,0.8686431646347046,0.4882781505584717,0.546066403388977,-0.8867109417915344,0.9312384128570557,0.3897062838077545,0.6331868171691895,-0.15720809996128082,0.8142367005348206,0.48955726623535156,0.5378273129463196,-0.8954750895500183,0.9311617612838745,0.40058183670043945,0.6313624978065491,-0.21080027520656586,0.8118187189102173,0.49262678623199463,0.5395917892456055,-0.8126512765884399,0.9013998508453369,0.40325745940208435,0.6242731809616089,-0.14314672350883484,0.7859212160110474,0.4969947040081024,0.6323912739753723,-0.02451419271528721,0.9991547465324402,0.41615915298461914,0.6306076645851135,0.02458159253001213,0.999295711517334,0.4986470639705658,0.7195962071418762,-0.052727144211530685,0.9963039755821228,0.40606120228767395,0.7127047777175903,-0.012220599688589573,0.9968838691711426,0.5219556093215942,0.7985756397247314,0.13102969527244568,0.9953939914703369,0.3978276252746582,0.8003896474838257,0.1844705492258072,0.9961032271385193,0.5173323154449463,0.8068541288375854,0.1366225928068161,0.9212804436683655,0.41063833236694336,0.8108718395233154,0.19052134454250336,0.9394432306289673,0.5228646397590637,0.8304516077041626,-0.08971816301345825,0.9914138317108154,0.3702492117881775,0.8355996012687683,-0.018887097015976906,0.9921669363975525
IMG_9581 2,33,1092,bad,0.45429062843322754,0.5028523802757263,-0.6028828024864197,0.999233067035675,0.46170470118522644,0.49393460154533386,-0.595334529876709,0.9986355900764465,0.4669869840145111,0.4933948814868927,-0.5953515768051147,0.998791515827179,0.4720071852207184,0.4927639961242676,-0.5954334735870361,0.9987894296646118,0.4474637806415558,0.4944160580635071,-0.5881463289260864,0.9977309703826904,0.4431762993335724,0.49422839283943176,-0.5881481170654297,0.9974668622016907,0.43856099247932434,0.4939189851284027,-0.5881758332252502,0.9968792796134949,0.47990682721138,0.48891350626945496,-0.41608089208602905,0.9988630414009094,0.4309050142765045,0.4911666810512543,-0.3788107931613922,0.9958720803260803,0.46536827087402344,0.5085973143577576,-0.5234960317611694,0.9995090365409851,0.44798874855041504,0.5088725090026855,-0.5133417248725891,0.9989594221115112,0.5289736986160278,0.5170125365257263,-0.23988953232765198,0.9996688961982727,0.3888182044029236,0.520745575428009,-0.15175677835941315,0.998746931552887,0.5512362718582153,0.5675761699676514,-0.3969210088253021,0.9778960347175598,0.386879563331604,0.5806694030761719,-0.020232632756233215,0.9074980616569519,0.5074123740196228,0.557838499546051,-0.7849938273429871,0.9607498049736023,0.3986966609954834,0.6243606805801392,-0.15526644885540009,0.8766209483146667,0.48891210556030273,0.5554671883583069,-0.8840202689170837,0.9341790676116943,0.3890761435031891,0.6450663805007935,-0.1895199418067932,0.822182297706604,0.48958614468574524,0.546585738658905,-0.8777838349342346,0.9341285824775696,0.39924392104148865,0.6427019238471985,-0.24004404246807098,0.8205497860908508,0.492856502532959,0.5471552610397339,-0.7948083877563477,0.9044727087020874,0.40226173400878906,0.6359128952026367,-0.17521584033966064,0.7940399050712585,0.4978637099266052,0.6341373920440674,-0.024029869586229324,0.999161958694458,0.419202595949173,0.6325309872627258,0.02408982254564762,0.9993133544921875,0.5007787346839905,0.7196807265281677,-0.049092818051576614,0.9959877729415894,0.40619802474975586,0.7127180099487305,-0.006316858809441328,0.9968665838241577,0.5208227634429932,0.7987244725227356,0.13846363127231598,0.9953114986419678,0.39751774072647095,0.800324022769928,0.176208034157753,0.9961645603179932,0.5151094794273376,0.8074882626533508,0.14339326322078705,0.9228951930999756,0.411075234413147,0.8108940124511719,0.1809980720281601,0.9413376450538635,0.5228849053382874,0.8304797410964966,-0.0744679719209671,0.9914184212684631,0.36946505308151245,0.8353337645530701,-0.022799771279096603,0.9923480153083801
IMG_9581 2,34,1125,bad,0.45444366335868835,0.5043898820877075,-0.5856578946113586,0.9993067383766174,0.46179819107055664,0.4956243634223938,-0.5777208805084229,0.9987618923187256,0.4670361876487732,0.4951814115047455,-0.5777313709259033,0.9989026188850403,0.4720518887042999,0.4946358799934387,-0.5778070092201233,0.9989000558853149,0.4473487436771393,0.49606412649154663,-0.5693759918212891,0.9979471564292908,0.4430013597011566,0.49596431851387024,-0.5693739056587219,0.9977067112922668,0.4383634626865387,0.4957372844219208,-0.5693947672843933,0.997177004814148,0.48052871227264404,0.49123501777648926,-0.40124475955963135,0.9989632368087769,0.4309002459049225,0.4933718740940094,-0.35849252343177795,0.996271550655365,0.46544647216796875,0.510556697845459,-0.5077641606330872,0.9995548129081726,0.44808095693588257,0.5107681155204773,-0.4960925579071045,0.9990598559379578,0.5301250219345093,0.5193125605583191,-0.23155534267425537,0.999700665473938,0.38903290033340454,0.5224971771240234,-0.13693493604660034,0.9988710284233093,0.5524618625640869,0.5698292255401611,-0.3904738426208496,0.9796618223190308,0.38693660497665405,0.5824642181396484,-0.005884633865207434,0.9136823415756226,0.5080310106277466,0.561092734336853,-0.7741497159004211,0.9637460112571716,0.3984271287918091,0.6318489909172058,-0.13809597492218018,0.8840716481208801,0.4894731342792511,0.5585232973098755,-0.8712937831878662,0.938305139541626,0.3888199031352997,0.6518204212188721,-0.17131668329238892,0.8296852707862854,0.48977038264274597,0.5499526262283325,-0.8663841485977173,0.9382616281509399,0.3981200158596039,0.6498767137527466,-0.22103574872016907,0.8286645412445068,0.4932742118835449,0.5502520799636841,-0.7842158675193787,0.909537136554718,0.4017603099346161,0.6431388854980469,-0.1577344834804535,0.8017858862876892,0.4986315667629242,0.6365382671356201,-0.024234948679804802,0.9991927742958069,0.420675128698349,0.6342352628707886,0.0242820642888546,0.9993432760238647,0.5021410584449768,0.7214623689651489,-0.044327061623334885,0.9957823157310486,0.40588727593421936,0.7130408883094788,-0.005781577900052071,0.9969090819358826,0.5207560658454895,0.7995786070823669,0.14311230182647705,0.9952906370162964,0.3968447148799896,0.800329327583313,0.18272210657596588,0.9962247610092163,0.5150402784347534,0.8084034323692322,0.1489536613225937,0.9235610961914062,0.41101399064064026,0.8109309673309326,0.1887655258178711,0.9428619742393494,0.522900402545929,0.8307862877845764,-0.06915123760700226,0.9914403557777405,0.368032842874527,0.8353345394134521,-0.011705237440764904,0.9925053715705872
IMG_9581 2,35,1159,bad,0.4545653164386749,0.5069677829742432,-0.5998753309249878,0.999369740486145,0.4618395268917084,0.4977045953273773,-0.5931560397148132,0.998863697052002,0.4671158790588379,0.49694207310676575,-0.5931826829910278,0.9989928007125854,0.47213104367256165,0.49607881903648376,-0.593274712562561,0.9989893436431885,0.4472634196281433,0.4988190531730652,-0.5853367447853088,0.9981273412704468,0.4428480267524719,0.4987424910068512,-0.5853300094604492,0.9979041218757629,0.4381639063358307,0.49846866726875305,-0.5853606462478638,0.997423529624939,0.48059114813804626,0.49189916253089905,-0.417175829410553,0.9990407824516296,0.4308980405330658,0.49555671215057373,-0.3766763210296631,0.9966116547584534,0.4654679000377655,0.512453556060791,-0.5214515924453735,0.9995934963226318,0.4482320547103882,0.5130015015602112,-0.5104212164878845,0.9991468787193298,0.5303835272789001,0.5191973447799683,-0.2453426569700241,0.9997295141220093,0.3890429139137268,0.5233500003814697,-0.14958953857421875,0.9989823698997498,0.5525050759315491,0.5717024207115173,-0.39067327976226807,0.9813666939735413,0.3868597447872162,0.5832559466362,-0.024456210434436798,0.9196942448616028,0.5130561590194702,0.5612061619758606,-0.7694522738456726,0.9667388200759888,0.3969467580318451,0.6358044147491455,-0.15739965438842773,0.8913645148277283,0.49325504899024963,0.5570545196533203,-0.8594056963920593,0.9426235556602478,0.3876476585865021,0.6559629440307617,-0.19178254902362823,0.8374202847480774,0.4938104748725891,0.5492016077041626,-0.8595587611198425,0.9425866007804871,0.3966299891471863,0.6543024778366089,-0.24142442643642426,0.8369554281234741,0.4971581995487213,0.5495832562446594,-0.7793006300926208,0.9151239991188049,0.4006884694099426,0.64760422706604,-0.17747057974338531,0.8100283741950989,0.4991885721683502,0.6373946666717529,-0.02478119730949402,0.9992109537124634,0.4209950566291809,0.6348373889923096,0.024828920140862465,0.9993666410446167,0.5025273561477661,0.7212958931922913,-0.041895076632499695,0.9955049753189087,0.40588292479515076,0.7129066586494446,-0.010027401149272919,0.9968293905258179,0.5206508636474609,0.7998235821723938,0.1440376490354538,0.9951842427253723,0.3968294560909271,0.8002304434776306,0.18398523330688477,0.9961658120155334,0.5149989724159241,0.8089423775672913,0.1496732085943222,0.9242815971374512,0.41122788190841675,0.8109884858131409,0.19093288481235504,0.943692147731781,0.5228286385536194,0.830884575843811,-0.0673212930560112,0.9913716912269592,0.3679888844490051,0.8350424766540527,-0.010614232160151005,0.99250727891922
IMG_9581 2,36,1192,bad,0.4546446204185486,0.506913423538208,-0.6427609324455261,0.9994264841079712,0.4618949592113495,0.4977279007434845,-0.6379290819168091,0.9989559054374695,0.4671787619590759,0.4969516396522522,-0.6379607319831848,0.9990753531455994,0.4721936881542206,0.4960384666919708,-0.6380700469017029,0.9990716576576233,0.44726455211639404,0.49888306856155396,-0.6301615834236145,0.9982895255088806,0.44279587268829346,0.498935729265213,-0.6301742196083069,0.9980823993682861,0.43802666664123535,0.49873676896095276,-0.630221426486969,0.9976459741592407,0.48061951994895935,0.4917466938495636,-0.46388164162635803,0.9991139769554138,0.4308054745197296,0.49597299098968506,-0.4228041172027588,0.9969210624694824,0.46557456254959106,0.5124004483222961,-0.5642209053039551,0.9996291399002075,0.44836336374282837,0.513169527053833,-0.5530704855918884,0.999225914478302,0.5308644771575928,0.5185925364494324,-0.28536325693130493,0.9997557401657104,0.3889628052711487,0.5241011381149292,-0.18587268888950348,0.9990829229354858,0.5526280403137207,0.5725921988487244,-0.43111518025398254,0.9829627275466919,0.38663479685783386,0.5856265425682068,-0.046535901725292206,0.9258179664611816,0.5162947177886963,0.562240481376648,-0.8081950545310974,0.9695459604263306,0.39422163367271423,0.6418559551239014,-0.1823725700378418,0.899012565612793,0.4961233139038086,0.5572664141654968,-0.8879238963127136,0.9467954635620117,0.3857641816139221,0.66172194480896,-0.21434898674488068,0.8462573289871216,0.4965887665748596,0.5492002367973328,-0.8932346701622009,0.946766197681427,0.3940730392932892,0.6611855626106262,-0.26588907837867737,0.8462274074554443,0.5000633001327515,0.5495690703392029,-0.8168690204620361,0.9205913543701172,0.3985039293766022,0.6540073752403259,-0.2029229700565338,0.8197042346000671,0.5001947283744812,0.6376173496246338,-0.026063067838549614,0.9992262125015259,0.42160239815711975,0.6351224780082703,0.02610565908253193,0.9993877410888672,0.5031812191009521,0.7214919328689575,-0.04030891880393028,0.9952205419540405,0.405894935131073,0.7128970623016357,-0.014408840797841549,0.996680736541748,0.5205823183059692,0.8005557060241699,0.13109438121318817,0.9950581789016724,0.39674970507621765,0.8002578616142273,0.17553265392780304,0.9960342049598694,0.5149344801902771,0.809897243976593,0.13556154072284698,0.924121618270874,0.4113285541534424,0.8111496567726135,0.18186472356319427,0.943919837474823,0.5224114656448364,0.8310998678207397,-0.08362922072410583,0.9912476539611816,0.36764368414878845,0.8349095582962036,-0.020816242322325706,0.9924347996711731
IMG_9581 2,37,1225,bad,0.4547341763973236,0.5063913464546204,-0.6444990634918213,0.9994778037071228,0.4619336426258087,0.49703288078308105,-0.6385864019393921,0.9990410804748535,0.4672144949436188,0.4961934983730316,-0.6386157870292664,0.9991514682769775,0.4722329378128052,0.495187908411026,-0.638733446598053,0.9991476535797119,0.44726699590682983,0.4981485903263092,-0.6330764293670654,0.9984380602836609,0.44273075461387634,0.4981749951839447,-0.633087694644928,0.9982463121414185,0.4378224015235901,0.49789196252822876,-0.6331272721290588,0.9978496432304382,0.48062217235565186,0.4908830225467682,-0.4597374200820923,0.9991825819015503,0.43042606115341187,0.4948246479034424,-0.42931902408599854,0.9972031116485596,0.4656386375427246,0.5117464661598206,-0.5645672082901001,0.9996617436408997,0.44838741421699524,0.512657642364502,-0.5563842058181763,0.9992976784706116,0.5310510993003845,0.5182850956916809,-0.2743540406227112,0.9997791647911072,0.38799917697906494,0.5247153043746948,-0.19833238422870636,0.9991734623908997,0.5525845289230347,0.573117196559906,-0.4193243086338043,0.9843102693557739,0.38656339049339294,0.5850316286087036,-0.04699208587408066,0.9312681555747986,0.5184158086776733,0.5624236464500427,-0.8032354116439819,0.9718706011772156,0.3928489089012146,0.6425023674964905,-0.1988622099161148,0.9051665663719177,0.49858981370925903,0.5572010278701782,-0.8826967477798462,0.9500439167022705,0.3851424753665924,0.661348283290863,-0.23239900171756744,0.8527833819389343,0.4984373450279236,0.5492140650749207,-0.8907759785652161,0.9500555396080017,0.39278796315193176,0.6608173251152039,-0.28431233763694763,0.8532548546791077,0.5019356608390808,0.549706220626831,-0.8130242228507996,0.9247573614120483,0.3970939517021179,0.6546226143836975,-0.21950890123844147,0.8267450928688049,0.50063556432724,0.6369633078575134,-0.02370019443333149,0.9992351531982422,0.421844482421875,0.6345103979110718,0.02379937842488289,0.9994018077850342,0.5034719705581665,0.7211623787879944,-0.03700198233127594,0.995043933391571,0.4062593877315521,0.7128880023956299,-0.010814937762916088,0.9966089129447937,0.5205795168876648,0.8005334138870239,0.1332141011953354,0.9950117468833923,0.39679428935050964,0.8002690672874451,0.17212346196174622,0.9959818124771118,0.5149648189544678,0.8099286556243896,0.1372426152229309,0.9253717660903931,0.41134214401245117,0.8114539384841919,0.17647045850753784,0.944173276424408,0.5225040316581726,0.831053614616394,-0.08226364105939865,0.9912169575691223,0.3669171929359436,0.8348804712295532,-0.03019525669515133,0.9923678040504456
IMG_9581 2,38,1258,bad,0.4547625184059143,0.505221426486969,-0.6480966210365295,0.9995242953300476,0.4619530737400055,0.49572476744651794,-0.642341136932373,0.9991167187690735,0.4672587215900421,0.49494749307632446,-0.642373263835907,0.9992196559906006,0.472272664308548,0.49400195479393005,-0.642486035823822,0.9992145299911499,0.4470643699169159,0.49663490056991577,-0.6338855028152466,0.9985713362693787,0.44239863753318787,0.49652355909347534,-0.6338850259780884,0.9983945488929749,0.4373612403869629,0.49607446789741516,-0.6339345574378967,0.9980325102806091,0.4806409478187561,0.48979809880256653,-0.4659537374973297,0.9992431998252869,0.4300501048564911,0.4927782714366913,-0.4222785532474518,0.997455894947052,0.46565765142440796,0.5105831623077393,-0.5693967342376709,0.9996908903121948,0.4483270049095154,0.5113109350204468,-0.5575120449066162,0.9993623495101929,0.5312995314598083,0.5181212425231934,-0.2892073094844818,0.9997999668121338,0.3875444233417511,0.523411214351654,-0.1879071593284607,0.9992548823356628,0.5525864362716675,0.5722834467887878,-0.4426017999649048,0.9855052828788757,0.3864576518535614,0.5818949341773987,-0.04880600795149803,0.9353875517845154,0.5183588862419128,0.5614975690841675,-0.8268600702285767,0.9738155007362366,0.3920394480228424,0.6402190923690796,-0.1807461529970169,0.9099161624908447,0.4981086552143097,0.5562970638275146,-0.907184362411499,0.9526744484901428,0.3852192759513855,0.6591302156448364,-0.2121673971414566,0.8574895858764648,0.4981258809566498,0.5485249161720276,-0.9149240851402283,0.9527116417884827,0.39258620142936707,0.6584472060203552,-0.26657962799072266,0.8584372401237488,0.5016481876373291,0.5490140914916992,-0.8362635970115662,0.9277939200401306,0.39658427238464355,0.6522332429885864,-0.20208030939102173,0.8315684795379639,0.5012933015823364,0.6365927457809448,-0.02501816302537918,0.9992386698722839,0.4221779406070709,0.6341009736061096,0.0251486636698246,0.9994127154350281,0.5035598874092102,0.7199206948280334,-0.05054811015725136,0.9947206974029541,0.40668562054634094,0.7122253775596619,-0.025696540251374245,0.9964979290962219,0.5207306742668152,0.8002109527587891,0.12064577639102936,0.9948551654815674,0.396380215883255,0.8001910448074341,0.15693476796150208,0.9959264397621155,0.5160952806472778,0.809908926486969,0.12515689432621002,0.9251120090484619,0.41021963953971863,0.8114132881164551,0.16181184351444244,0.94454425573349,0.5224804878234863,0.8310513496398926,-0.09833371639251709,0.9909984469413757,0.36607784032821655,0.8349522352218628,-0.04959392175078392,0.9923150539398193
IMG_9581 2,39,1291,bad,0.4539165198802948,0.5030006766319275,-0.6226550936698914,0.9995658993721008,0.46105489134788513,0.49382922053337097,-0.631283700466156,0.9991849064826965,0.4666074514389038,0.49310052394866943,-0.6313116550445557,0.9992811679840088,0.4717642366886139,0.49219924211502075,-0.6313788890838623,0.9992753267288208,0.44575491547584534,0.4947778582572937,-0.6107488870620728,0.9986893534660339,0.4409419894218445,0.49471673369407654,-0.6106647849082947,0.9985243678092957,0.4359743297100067,0.4942781627178192,-0.6107602715492249,0.9981926083564758,0.4804910719394684,0.4882904887199402,-0.43425092101097107,0.9992977380752563,0.42979538440704346,0.49119383096694946,-0.4060390591621399,0.9976770281791687,0.4651067554950714,0.5085697174072266,-0.5586310625076294,0.9997175931930542,0.44757041335105896,0.5091686844825745,-0.532627522945404,0.9994204640388489,0.5316407084465027,0.5176123976707458,-0.27167969942092896,0.9998189806938171,0.3873896896839142,0.5219428539276123,-0.15335386991500854,0.9993281960487366,0.5525414943695068,0.5715677738189697,-0.42179247736930847,0.9866392016410828,0.38525107502937317,0.5790245532989502,-0.003194538876414299,0.9395626187324524,0.5199006795883179,0.560812771320343,-0.8196896910667419,0.975974977016449,0.3885800838470459,0.6379318237304688,-0.13125579059123993,0.9159091114997864,0.4996095299720764,0.5554319024085999,-0.9001075625419617,0.9561463594436646,0.3837701976299286,0.6557102799415588,-0.16282804310321808,0.8651669025421143,0.4997122883796692,0.5475190877914429,-0.9021435379981995,0.9562022089958191,0.3919847011566162,0.6543494462966919,-0.21531036496162415,0.866341233253479,0.5034776329994202,0.5481818914413452,-0.8277391791343689,0.9325600266456604,0.39571839570999146,0.6485048532485962,-0.1521269977092743,0.8399485349655151,0.5020304918289185,0.6359550952911377,-0.025055017322301865,0.9992507696151733,0.42234891653060913,0.6333640813827515,0.025190478190779686,0.9994287490844727,0.5040673613548279,0.718520998954773,-0.05509500578045845,0.9943435788154602,0.40822792053222656,0.7118945717811584,-0.03306495025753975,0.9964123964309692,0.520751953125,0.8001869320869446,0.11454575508832932,0.9946303963661194,0.39638593792915344,0.7998917698860168,0.14659450948238373,0.9958434104919434,0.5159727931022644,0.8100719451904297,0.11947564035654068,0.925393283367157,0.41020163893699646,0.8113628625869751,0.15147972106933594,0.9444693326950073,0.5227010250091553,0.8310446739196777,-0.09842224419116974,0.990678608417511,0.36597684025764465,0.8347913026809692,-0.05777202919125557,0.9921700954437256
IMG_9581 2,40,1324,bad,0.4525603652000427,0.5012317299842834,-0.6100680828094482,0.9996042251586914,0.45959967374801636,0.4911120533943176,-0.6076019406318665,0.9992489218711853,0.4651695191860199,0.490396648645401,-0.607642412185669,0.9993390440940857,0.4706093370914459,0.48948755860328674,-0.6077452898025513,0.9993323683738708,0.44379910826683044,0.49186089634895325,-0.5950263738632202,0.9987989068031311,0.4388067424297333,0.491642028093338,-0.5949745178222656,0.998647153377533,0.43436866998672485,0.4912763237953186,-0.5950210094451904,0.9983435869216919,0.4796585142612457,0.4861617982387543,-0.41954943537712097,0.9993501305580139,0.42903321981430054,0.48883774876594543,-0.3849315345287323,0.9978839755058289,0.4641575515270233,0.5064013600349426,-0.5363707542419434,0.9997422099113464,0.4464724361896515,0.5075250267982483,-0.5195908546447754,0.9994737505912781,0.5318523645401001,0.5166836380958557,-0.26052382588386536,0.9998360872268677,0.38642147183418274,0.5217714309692383,-0.15212535858154297,0.9993942379951477,0.5523194074630737,0.5712231397628784,-0.41687390208244324,0.987657368183136,0.38315072655677795,0.5773203372955322,-0.014601738192141056,0.9433668851852417,0.5210261940956116,0.5597754120826721,-0.8087643384933472,0.977865993976593,0.3876565992832184,0.6366958022117615,-0.15066790580749512,0.9212594032287598,0.5006664395332336,0.554481565952301,-0.8897855281829834,0.9591573476791382,0.38394486904144287,0.6549475789070129,-0.1844048798084259,0.8720344305038452,0.5003420114517212,0.5464264154434204,-0.8966273069381714,0.9592201709747314,0.39210548996925354,0.6529033184051514,-0.23589687049388885,0.8733516335487366,0.5041280388832092,0.5471482276916504,-0.8181895017623901,0.9366557002067566,0.39575159549713135,0.6467999815940857,-0.17137116193771362,0.8473578691482544,0.5023959875106812,0.6349484920501709,-0.02829553373157978,0.9992681741714478,0.42209094762802124,0.6323890089988708,0.028433293104171753,0.9994463324546814,0.5040243864059448,0.7180731892585754,-0.05763959884643555,0.9941579103469849,0.40806958079338074,0.7113584280014038,-0.028963325545191765,0.9963921308517456,0.5207889676094055,0.7999635338783264,0.11706358939409256,0.9945508241653442,0.3962574899196625,0.7997190356254578,0.15901915729045868,0.9958105087280273,0.5163512825965881,0.809773325920105,0.12219933420419693,0.9251578450202942,0.409866064786911,0.8112981915473938,0.1649377942085266,0.9448750615119934,0.5225111246109009,0.8310477137565613,-0.0994662195444107,0.990568220615387,0.36442986130714417,0.8349791765213013,-0.043094098567962646,0.9921342134475708
IMG_9581 2,41,1357,bad,0.45265260338783264,0.4913827180862427,-0.6079620718955994,0.9996365904808044,0.45967674255371094,0.4812282919883728,-0.5991523265838623,0.9992976188659668,0.465243399143219,0.4805026948451996,-0.5992024540901184,0.9993849992752075,0.4706551432609558,0.47969937324523926,-0.5992899537086487,0.9993751645088196,0.44386759400367737,0.4819177985191345,-0.5911020636558533,0.9988885521888733,0.4388214945793152,0.4817892909049988,-0.5910955667495728,0.9987505674362183,0.4342523217201233,0.4816703498363495,-0.5911684036254883,0.9984691143035889,0.47934862971305847,0.4789729118347168,-0.418772429227829,0.9993887543678284,0.42848506569862366,0.48184534907341003,-0.38637492060661316,0.9980655312538147,0.4642120897769928,0.49833816289901733,-0.5327998399734497,0.9997634887695312,0.446399986743927,0.49980053305625916,-0.5220864415168762,0.9995209574699402,0.5320663452148438,0.5137028694152832,-0.2687190771102905,0.9998512864112854,0.3846305012702942,0.5208991169929504,-0.1665792614221573,0.9994530081748962,0.55278480052948,0.570038914680481,-0.4221763610839844,0.9884241819381714,0.3788646459579468,0.5761501789093018,-0.01502603106200695,0.9467582106590271,0.520946204662323,0.5591429471969604,-0.8266302943229675,0.9793039560317993,0.387204647064209,0.6335719227790833,-0.16771042346954346,0.9256042838096619,0.5008350610733032,0.5537430047988892,-0.9120445847511292,0.9614805579185486,0.3846016526222229,0.6519297361373901,-0.2004239410161972,0.877772331237793,0.5000531673431396,0.5459383130073547,-0.9265218377113342,0.9615486264228821,0.39348357915878296,0.6495935320854187,-0.2393438220024109,0.8792396187782288,0.5038129687309265,0.5467782616615295,-0.8390410542488098,0.9396393895149231,0.3963800072669983,0.6440291404724121,-0.18698115646839142,0.8532599210739136,0.5032650828361511,0.6337605714797974,-0.0292623583227396,0.9992777109146118,0.42182406783103943,0.6314179301261902,0.029407087713479996,0.9994561672210693,0.5041342377662659,0.7179933190345764,-0.06740165501832962,0.9939872026443481,0.4081011414527893,0.7112818360328674,-0.04755929857492447,0.9963589906692505,0.5209545493125916,0.7999241948127747,0.12427274882793427,0.99446702003479,0.39628055691719055,0.79974764585495,0.16710305213928223,0.9957595467567444,0.5167869329452515,0.8097139000892639,0.1282970905303955,0.9237887263298035,0.4098856449127197,0.811312735080719,0.17439237236976624,0.9449205994606018,0.5223520994186401,0.8310576677322388,-0.08987082540988922,0.9904086589813232,0.36451226472854614,0.8351237177848816,-0.036271337419748306,0.9920942783355713
IMG_9581 2,42,1390,bad,0.45287272334098816,0.4855944812297821,-0.6097066402435303,0.9996650218963623,0.45996105670928955,0.4757853150367737,-0.5969457626342773,0.9993433356285095,0.46542492508888245,0.47501981258392334,-0.5969995856285095,0.9994267821311951,0.47069835662841797,0.4742578864097595,-0.5970804691314697,0.9994155764579773,0.4440401792526245,0.4766278862953186,-0.5906261205673218,0.9989714026451111,0.4388587176799774,0.4766043722629547,-0.5906280279159546,0.9988434910774231,0.43428120017051697,0.4765672981739044,-0.5907060503959656,0.9985846281051636,0.4793489873409271,0.47428929805755615,-0.41550591588020325,0.9994227886199951,0.42813190817832947,0.4773358404636383,-0.38444000482559204,0.9982289671897888,0.4642859101295471,0.4922236204147339,-0.5334080457687378,0.9997819662094116,0.4463970959186554,0.49440938234329224,-0.5247600674629211,0.9995629191398621,0.5320333242416382,0.5108079314231873,-0.26878711581230164,0.999864399433136,0.38377004861831665,0.5180007815361023,-0.16962499916553497,0.9995055794715881,0.5527504682540894,0.5678049921989441,-0.4331798553466797,0.9889950156211853,0.3740929067134857,0.575556755065918,-0.027704458683729172,0.9503503441810608,0.5207169055938721,0.5525882244110107,-0.8596197366714478,0.9804763793945312,0.38661080598831177,0.6289544105529785,-0.17571181058883667,0.9296486377716064,0.5005542039871216,0.5449890494346619,-0.9482014775276184,0.9633948802947998,0.38616806268692017,0.6463461518287659,-0.2119334191083908,0.8827246427536011,0.49994149804115295,0.5375453233718872,-0.9657930731773376,0.9634864330291748,0.3962486684322357,0.6443674564361572,-0.2583521604537964,0.8843124508857727,0.5030642747879028,0.5397918820381165,-0.874187171459198,0.9420459866523743,0.3978257179260254,0.6390026211738586,-0.19563201069831848,0.8582993745803833,0.5032691955566406,0.6322592496871948,-0.028992585837841034,0.9992844462394714,0.42097312211990356,0.630089521408081,0.029141755774617195,0.9994632005691528,0.5045852065086365,0.717997670173645,-0.05304524675011635,0.9939372539520264,0.40853992104530334,0.7115459442138672,-0.023060820996761322,0.9963873624801636,0.5211904644966125,0.799917459487915,0.16642938554286957,0.9944705367088318,0.39652219414711,0.8000075817108154,0.20214861631393433,0.995743453502655,0.5168123841285706,0.809698760509491,0.17393943667411804,0.9228269457817078,0.4099442660808563,0.8114367127418518,0.21017716825008392,0.9445611834526062,0.5227136015892029,0.8311730027198792,-0.0583016499876976,0.9903742671012878,0.364887535572052,0.8354924917221069,-0.010280868038535118,0.9920903444290161
IMG_9581 2,43,1423,bad,0.45348337292671204,0.48090752959251404,-0.6518746614456177,0.9996942281723022,0.4606877267360687,0.47121462225914,-0.6331793665885925,0.9993970394134521,0.4659089744091034,0.47049957513809204,-0.6332358717918396,0.9994741082191467,0.470920205116272,0.4697265923023224,-0.6333220601081848,0.9994631409645081,0.44467952847480774,0.47213461995124817,-0.6289858222007751,0.9990608096122742,0.43930137157440186,0.4720543622970581,-0.6290143728256226,0.9989440441131592,0.43454575538635254,0.47211793065071106,-0.6290813684463501,0.9987090826034546,0.4793481230735779,0.46988439559936523,-0.43881717324256897,0.9994660019874573,0.42802467942237854,0.47280722856521606,-0.41558006405830383,0.9983923435211182,0.46443530917167664,0.48744112253189087,-0.5723424553871155,0.9998011589050293,0.4464109241962433,0.48952093720436096,-0.5662313103675842,0.9996038675308228,0.5320331454277039,0.5076010227203369,-0.2919076979160309,0.9998764395713806,0.3826603889465332,0.5146591067314148,-0.2015678435564041,0.9995527267456055,0.5527255535125732,0.5659379363059998,-0.46120670437812805,0.9897286891937256,0.36721235513687134,0.5716331005096436,-0.06145746260881424,0.9541702270507812,0.5206343531608582,0.548560380935669,-0.9053780436515808,0.9818754196166992,0.3866301476955414,0.6243852972984314,-0.19716760516166687,0.9337998032569885,0.5003617405891418,0.5415371060371399,-1.0033494234085083,0.9658175110816956,0.38902848958969116,0.6391139030456543,-0.244649738073349,0.8880947828292847,0.4990796148777008,0.5327355265617371,-1.024777889251709,0.965907871723175,0.39886894822120667,0.6332531571388245,-0.2935762107372284,0.8897058963775635,0.5017915964126587,0.5352073907852173,-0.9225243330001831,0.9453902244567871,0.39956092834472656,0.6283143758773804,-0.216920405626297,0.8637980818748474,0.5032790303230286,0.630713939666748,-0.028664039447903633,0.9992949366569519,0.4208550751209259,0.6283506751060486,0.028851371258497238,0.9994746446609497,0.5046826004981995,0.7181727290153503,-0.02419028803706169,0.9940797090530396,0.40847843885421753,0.7116538286209106,-0.00021074443066027015,0.9965015649795532,0.5216080546379089,0.7996370196342468,0.23428179323673248,0.9945563673973083,0.3965303599834442,0.8018542528152466,0.250128835439682,0.9958096742630005,0.5170718431472778,0.8089967966079712,0.24562132358551025,0.9224828481674194,0.4102000296115875,0.8134294748306274,0.2602905333042145,0.9445624947547913,0.5233042240142822,0.8311337232589722,0.004157130606472492,0.9904906749725342,0.3649076819419861,0.8356980085372925,0.02957182377576828,0.992196798324585
IMG_9581 2,44,1457,bad,0.4535765051841736,0.4713939130306244,-0.6350941061973572,0.9997214078903198,0.46108415722846985,0.4609709680080414,-0.5973188281059265,0.9994487762451172,0.46617892384529114,0.46050652861595154,-0.5974119901657104,0.9995194673538208,0.47103291749954224,0.4601614475250244,-0.5974949598312378,0.9995090365409851,0.4447380304336548,0.46148717403411865,-0.596598744392395,0.9991433620452881,0.4393443465232849,0.4613862633705139,-0.5966571569442749,0.9990371465682983,0.4345366954803467,0.46142202615737915,-0.5967133045196533,0.9988236427307129,0.4793480336666107,0.46273672580718994,-0.38999801874160767,0.9995099306106567,0.42771393060684204,0.46471738815307617,-0.3773234188556671,0.9985401034355164,0.46446746587753296,0.4792727530002594,-0.5517350435256958,0.9998192191123962,0.44587817788124084,0.48043587803840637,-0.557780921459198,0.9996412396430969,0.531991183757782,0.5043313503265381,-0.2657419443130493,0.9998871088027954,0.380458265542984,0.5105000734329224,-0.1872263103723526,0.9995927214622498,0.5532729029655457,0.5637516975402832,-0.45294222235679626,0.9904362559318542,0.36083927750587463,0.5659341812133789,-0.08412809669971466,0.9572743773460388,0.5204083919525146,0.5446618795394897,-0.8778307437896729,0.9832747578620911,0.385576069355011,0.607796311378479,-0.30616453289985657,0.9371783137321472,0.5012258887290955,0.5367494225502014,-0.9754000306129456,0.96829754114151,0.3898639976978302,0.6210415959358215,-0.3653452694416046,0.8927215337753296,0.4992159307003021,0.5281237959861755,-0.9949550032615662,0.9683952927589417,0.3995792269706726,0.6163076758384705,-0.4094066023826599,0.8943913578987122,0.5016768574714661,0.5307320952415466,-0.8939022421836853,0.9490266442298889,0.39997369050979614,0.6118461489677429,-0.32659557461738586,0.8685120344161987,0.503219485282898,0.6297754049301147,-0.027217598631978035,0.9993165731430054,0.41979730129241943,0.6278102397918701,0.02739669755101204,0.999484121799469,0.5047783255577087,0.7185782194137573,-0.02751336619257927,0.9943174719810486,0.40793943405151367,0.7116575837135315,-0.00157343246974051,0.9966053366661072,0.5216249823570251,0.7995889782905579,0.26082855463027954,0.994676947593689,0.39652740955352783,0.8026164770126343,0.27217191457748413,0.995871365070343,0.5170724391937256,0.8086970448493958,0.2763633131980896,0.9216977953910828,0.41007786989212036,0.8138531446456909,0.28513720631599426,0.9437633752822876,0.523619532585144,0.8311257362365723,0.031433477997779846,0.9906061887741089,0.36676791310310364,0.8359293937683105,0.048929255455732346,0.9922519326210022
IMG_9581 2,45,1490,bad,0.4576072692871094,0.4687606990337372,-0.6689544320106506,0.9997471570968628,0.46430569887161255,0.45884284377098083,-0.6409409642219543,0.9994989037513733,0.4688570499420166,0.4583262801170349,-0.6410033702850342,0.9995625615119934,0.4734064042568207,0.45785319805145264,-0.6411078572273254,0.9995514750480652,0.44806545972824097,0.4590931832790375,-0.6437168121337891,0.9992243051528931,0.4417642056941986,0.45878690481185913,-0.6438190937042236,0.9991289377212524,0.43606722354888916,0.45851844549179077,-0.6438901424407959,0.9989362359046936,0.47967642545700073,0.45950034260749817,-0.41506341099739075,0.999552309513092,0.42763233184814453,0.46068909764289856,-0.42789462208747864,0.998682975769043,0.46641525626182556,0.476593941450119,-0.5795047283172607,0.999835729598999,0.4467729330062866,0.47752082347869873,-0.5841864943504333,0.9996760487556458,0.531936526298523,0.5009874105453491,-0.266406774520874,0.9998936653137207,0.3784356117248535,0.5054793953895569,-0.24998807907104492,0.9996297359466553,0.5533073544502258,0.5622172355651855,-0.46527424454689026,0.9906412363052368,0.3545364737510681,0.561917245388031,-0.3708638548851013,0.9603018164634705,0.5199150443077087,0.5398362874984741,-0.9135012030601501,0.9837552309036255,0.3860938251018524,0.5848718881607056,-0.7582927942276001,0.9403514862060547,0.5013237595558167,0.5329757928848267,-1.0165627002716064,0.9692126512527466,0.39729931950569153,0.5948637127876282,-0.8485342860221863,0.8979277610778809,0.49909481406211853,0.5239759087562561,-1.0291277170181274,0.9692897796630859,0.41040655970573425,0.588596522808075,-0.867538571357727,0.8994012475013733,0.5003141760826111,0.5265267491340637,-0.9281487464904785,0.9499729871749878,0.40936651825904846,0.5854909420013428,-0.7729260921478271,0.8731327056884766,0.5031703114509583,0.6283079385757446,-0.01900736428797245,0.9993112683296204,0.41667965054512024,0.6264526844024658,0.019171487540006638,0.9995027780532837,0.5046507120132446,0.7189140319824219,-0.01989101432263851,0.9945914149284363,0.4065699279308319,0.7117526531219482,-0.04812350496649742,0.9967021942138672,0.5216031670570374,0.7985885739326477,0.3304280936717987,0.9946905374526978,0.3957512676715851,0.8042784333229065,0.24848465621471405,0.995974600315094,0.5170778036117554,0.8062989115715027,0.3507525324821472,0.920758068561554,0.40841546654701233,0.815717875957489,0.2608775496482849,0.9433522820472717,0.5238103866577148,0.8310741186141968,0.11193922907114029,0.9906129240989685,0.3682365417480469,0.8364003896713257,0.03809795901179314,0.992339015007019
IMG_9581 2,46,1523,bad,0.4587689936161041,0.46186724305152893,-0.5667791366577148,0.9997707009315491,0.46529313921928406,0.45222076773643494,-0.5393691062927246,0.9995458126068115,0.46966007351875305,0.4519404172897339,-0.5393947958946228,0.9996027946472168,0.4742673635482788,0.4516550302505493,-0.5394129753112793,0.9995923042297363,0.4489094614982605,0.4521971046924591,-0.5424098968505859,0.9992982149124146,0.442242830991745,0.4519473910331726,-0.5424882769584656,0.9992120265960693,0.43627798557281494,0.4517152011394501,-0.5425742268562317,0.9990386962890625,0.47984880208969116,0.45458146929740906,-0.3301485478878021,0.9995913505554199,0.4271433651447296,0.45487937331199646,-0.3459232747554779,0.9988102912902832,0.46713167428970337,0.4704894423484802,-0.48381680250167847,0.9998506307601929,0.4467807710170746,0.47115010023117065,-0.4898245334625244,0.9997072815895081,0.5311989188194275,0.4991162419319153,-0.18932408094406128,0.9998984336853027,0.3762516379356384,0.5023093223571777,-0.2169896513223648,0.9996599555015564,0.5502697825431824,0.5617532730102539,-0.3572164475917816,0.9906555414199829,0.35065871477127075,0.5620306134223938,-0.29235488176345825,0.9627714157104492,0.514194905757904,0.5345165729522705,-0.7749435305595398,0.9845755696296692,0.39377713203430176,0.5682728886604309,-0.6400837898254395,0.9431647062301636,0.49929291009902954,0.5256872773170471,-0.8639588356018066,0.9703938961029053,0.4108754098415375,0.5704934597015381,-0.7164593935012817,0.9012174606323242,0.4971252381801605,0.516080379486084,-0.8713055849075317,0.9704433679580688,0.42161881923675537,0.5634675025939941,-0.724727213382721,0.9022274017333984,0.4965727627277374,0.519368052482605,-0.7856234312057495,0.9516952037811279,0.4167415201663971,0.5615101456642151,-0.648667573928833,0.8755362033843994,0.5021666884422302,0.6258532404899597,-0.009019536897540092,0.9993022084236145,0.4139968454837799,0.6238768100738525,0.009034303948283195,0.9995090961456299,0.5034812688827515,0.7188093066215515,0.017475923523306847,0.9946917295455933,0.40522482991218567,0.7114408016204834,-0.04112609848380089,0.996697723865509,0.5203425288200378,0.7954424023628235,0.38139498233795166,0.9944940209388733,0.39418846368789673,0.8041738867759705,0.2514182925224304,0.9958882331848145,0.5156617164611816,0.8025587797164917,0.4044804573059082,0.9192227721214294,0.4042702317237854,0.8155978322029114,0.26680848002433777,0.9396788477897644,0.524305522441864,0.8302039504051208,0.1737508624792099,0.9903760552406311,0.375832200050354,0.8359820246696472,0.02891809493303299,0.9921519160270691
IMG_9581 2,47,1556,bad,0.4586963951587677,0.4572896361351013,-0.40830278396606445,0.9997923374176025,0.4652794599533081,0.44756144285202026,-0.38232895731925964,0.9995888471603394,0.4696548879146576,0.4474164843559265,-0.3823513090610504,0.9996397495269775,0.4742806851863861,0.4472292959690094,-0.3823513388633728,0.9996299147605896,0.4487830102443695,0.44754618406295776,-0.38383209705352783,0.9993656873703003,0.44185078144073486,0.4473254084587097,-0.38389137387275696,0.9992878437042236,0.4357428252696991,0.4470919668674469,-0.38395678997039795,0.9991321563720703,0.479860782623291,0.450185090303421,-0.18722355365753174,0.9996282458305359,0.42567843198776245,0.45027485489845276,-0.19644467532634735,0.9989262819290161,0.46710512042045593,0.4664434492588043,-0.33066925406455994,0.9998643398284912,0.4459218978881836,0.46666720509529114,-0.3341093063354492,0.9997355937957764,0.5297583937644958,0.49695852398872375,-0.06535355001688004,0.9999033808708191,0.37483713030815125,0.49942702054977417,-0.05450648441910744,0.9996881484985352,0.5479025840759277,0.5613919496536255,-0.22093085944652557,0.990368664264679,0.3470485806465149,0.5615476369857788,-0.222110778093338,0.9641259908676147,0.5008496046066284,0.5268990397453308,-0.5924689769744873,0.9849872589111328,0.39611026644706726,0.5555693507194519,-0.49969181418418884,0.9459268450737,0.4882946312427521,0.515940248966217,-0.6704418659210205,0.9706889986991882,0.41293805837631226,0.550725519657135,-0.5685840249061584,0.9044851064682007,0.4886743724346161,0.5077528357505798,-0.6677034497261047,0.9706519246101379,0.41927048563957214,0.543412983417511,-0.5737022757530212,0.9049574136734009,0.4879375398159027,0.5112962126731873,-0.5980895161628723,0.9520105123519897,0.41683658957481384,0.5428401231765747,-0.5065642595291138,0.8779603838920593,0.5021370649337769,0.6238580346107483,-0.0074054645374417305,0.9993200302124023,0.4134281277656555,0.6228010654449463,0.007373803295195103,0.9995189905166626,0.5018380880355835,0.7188153862953186,0.001438372302800417,0.994829535484314,0.40524640679359436,0.7122482061386108,-0.03698576241731644,0.9966050982475281,0.5209915637969971,0.7955611944198608,0.377003937959671,0.994324266910553,0.3916510045528412,0.8041594624519348,0.29262182116508484,0.9957516193389893,0.5177190899848938,0.8019700646400452,0.4039977490901947,0.9160576462745667,0.4003444314002991,0.8155431151390076,0.3135504126548767,0.9354272484779358,0.5243903398513794,0.8303483128547668,0.17623230814933777,0.9900837540626526,0.379212349653244,0.8359948396682739,0.07562264055013657,0.9917941093444824
IMG_9581 2,48,1589,bad,0.4607775807380676,0.45348334312438965,-0.3350178897380829,0.999801516532898,0.4659130275249481,0.4441835582256317,-0.3082778751850128,0.9996086359024048,0.4701734483242035,0.444178968667984,-0.30830204486846924,0.9996497631072998,0.4745272099971771,0.4441440999507904,-0.30830901861190796,0.9996384978294373,0.4505700170993805,0.4437883496284485,-0.3149903416633606,0.9994087815284729,0.44374656677246094,0.44353187084198,-0.31504735350608826,0.9993380904197693,0.43709197640419006,0.44328925013542175,-0.31513187289237976,0.999202311038971,0.4786700904369354,0.4468594789505005,-0.11469724029302597,0.9996240735054016,0.4250829517841339,0.44631901383399963,-0.14647431671619415,0.9990131258964539,0.4677690267562866,0.46248772740364075,-0.2578780949115753,0.9998647570610046,0.44792482256889343,0.4627656638622284,-0.2677631080150604,0.9997539520263672,0.5248902440071106,0.4950718283653259,0.006038305815309286,0.9998835325241089,0.37238791584968567,0.4965222477912903,-0.02799053303897381,0.9997029900550842,0.5459963083267212,0.5564963817596436,-0.14438952505588531,0.9870701432228088,0.34469690918922424,0.5562776327133179,-0.1905217170715332,0.9654883146286011,0.4880542457103729,0.521856963634491,-0.481009304523468,0.9801241159439087,0.4040316045284271,0.5368226170539856,-0.49020758271217346,0.9476597309112549,0.47525155544281006,0.5094984769821167,-0.550046980381012,0.9607997536659241,0.42372408509254456,0.5321907997131348,-0.5577276945114136,0.9053404331207275,0.4777899980545044,0.5029618740081787,-0.5406644344329834,0.9602560997009277,0.4285461902618408,0.5262503623962402,-0.5501108169555664,0.9049761891365051,0.479414701461792,0.5071207284927368,-0.48417165875434875,0.9382553696632385,0.4235553741455078,0.5269333124160767,-0.4913414716720581,0.8764593601226807,0.5005224347114563,0.6223980188369751,0.0005096374079585075,0.9992756247520447,0.4120762050151825,0.621385931968689,-0.0005362290539778769,0.9994694590568542,0.5013464093208313,0.7182278633117676,-0.005502969026565552,0.9946776032447815,0.40518659353256226,0.7121251821517944,-0.03450845554471016,0.9961822628974915,0.5211967825889587,0.7956879138946533,0.3460151255130768,0.9938218593597412,0.3897157907485962,0.8037492036819458,0.28401103615760803,0.9952455163002014,0.518509030342102,0.8023238778114319,0.37004104256629944,0.9106879234313965,0.3936394453048706,0.8153001666069031,0.3037397861480713,0.9277217388153076,0.5245971083641052,0.830590009689331,0.14488360285758972,0.9892185926437378,0.38224756717681885,0.8342012166976929,0.06976001709699631,0.9908250570297241
IMG_9581 2,49,1622,bad,0.4639950394630432,0.44812193512916565,-0.30533844232559204,0.9997937679290771,0.467139333486557,0.43934962153434753,-0.2759976387023926,0.9996039271354675,0.4708802402019501,0.4395291805267334,-0.27603447437286377,0.9996289610862732,0.47473371028900146,0.43963703513145447,-0.2760300636291504,0.9996150135993958,0.4529544711112976,0.4387502670288086,-0.29164037108421326,0.9994297027587891,0.4462328255176544,0.43855810165405273,-0.291691392660141,0.9993639588356018,0.4390147030353546,0.43850842118263245,-0.2917754054069519,0.9992505311965942,0.47592779994010925,0.4424588680267334,-0.07893075048923492,0.9995710849761963,0.42416319251060486,0.4425233006477356,-0.1507900506258011,0.9990692138671875,0.46914801001548767,0.4575747847557068,-0.22755609452724457,0.9998504519462585,0.4517069458961487,0.4578762352466583,-0.24893996119499207,0.9997620582580566,0.518287181854248,0.4923100173473358,0.04196087270975113,0.9998405575752258,0.36824631690979004,0.4960801601409912,-0.04528258368372917,0.9997016787528992,0.5442892909049988,0.550256073474884,-0.10205694288015366,0.9814723134040833,0.34436851739883423,0.5554309487342834,-0.20347940921783447,0.9664864540100098,0.48202085494995117,0.5171712040901184,-0.43657147884368896,0.970291793346405,0.4065120220184326,0.5288020968437195,-0.49488022923469543,0.9490002393722534,0.4666265547275543,0.5056589841842651,-0.5042262077331543,0.9422106146812439,0.4269092082977295,0.5216867327690125,-0.5615918636322021,0.9059147834777832,0.4694957435131073,0.5002120733261108,-0.49239733815193176,0.9409482479095459,0.4298784136772156,0.5152581334114075,-0.5511438250541687,0.9047195911407471,0.4703487753868103,0.503526508808136,-0.43932557106018066,0.9147390723228455,0.4244997203350067,0.51670241355896,-0.4943164885044098,0.8741528987884521,0.4982776641845703,0.6205556392669678,0.015437756665050983,0.9991859793663025,0.41036728024482727,0.6191374063491821,-0.015403373166918755,0.9993818998336792,0.5011249780654907,0.7167142033576965,0.006461332086473703,0.9939032196998596,0.40533924102783203,0.711362898349762,-0.05532185733318329,0.9952234029769897,0.5214148163795471,0.7955154180526733,0.3693697154521942,0.9925780892372131,0.3883957266807556,0.803819477558136,0.2717876434326172,0.9943425059318542,0.5184175372123718,0.8019822239875793,0.39409512281417847,0.9050213694572449,0.3874468207359314,0.8153867721557617,0.3022267520427704,0.9181402921676636,0.5259360671043396,0.8306328058242798,0.1765172928571701,0.9874923825263977,0.3871895372867584,0.8340392112731934,0.04769222438335419,0.9892465472221375
IMG_9581 2,50,1655,bad,0.464823842048645,0.4443608224391937,-0.3355541229248047,0.9997655153274536,0.4676033556461334,0.43625274300575256,-0.30618301033973694,0.9995622038841248,0.47111594676971436,0.43652576208114624,-0.3062058985233307,0.9995599985122681,0.47478851675987244,0.4367811381816864,-0.30617210268974304,0.9995397925376892,0.4540533721446991,0.4353785812854767,-0.32906466722488403,0.9994255900382996,0.44724351167678833,0.4350937306880951,-0.3291209936141968,0.999366819858551,0.43991169333457947,0.4349108636379242,-0.3292328119277954,0.9992780685424805,0.47304099798202515,0.44009774923324585,-0.1108454167842865,0.9994094967842102,0.4224766492843628,0.4386478066444397,-0.21020513772964478,0.9990956783294678,0.4691717028617859,0.45416778326034546,-0.25830742716789246,0.9998191595077515,0.45236003398895264,0.4543818235397339,-0.28881746530532837,0.9997621774673462,0.509985625743866,0.48960521817207336,0.01702042669057846,0.9997278451919556,0.3640444576740265,0.4952309727668762,-0.08599715679883957,0.9996892213821411,0.5401595234870911,0.5472299456596375,-0.13053594529628754,0.9760578274726868,0.3431517779827118,0.5558309555053711,-0.2856670618057251,0.968505322933197,0.4778735041618347,0.5125138759613037,-0.4735028147697449,0.959839940071106,0.40767765045166016,0.5177799463272095,-0.5612475872039795,0.9520074725151062,0.45931121706962585,0.5012675523757935,-0.5394875407218933,0.9211903810501099,0.4251956641674042,0.509395956993103,-0.6266432404518127,0.9099103212356567,0.460646390914917,0.49526000022888184,-0.5215452909469604,0.9187596440315247,0.4276447296142578,0.5036605596542358,-0.6126114726066589,0.9081278443336487,0.4620632231235504,0.499247670173645,-0.47419992089271545,0.8884685039520264,0.4230740964412689,0.5054980516433716,-0.5580411553382874,0.8767046928405762,0.49530476331710815,0.6200551986694336,0.030331823974847794,0.9989960193634033,0.40998613834381104,0.6189143657684326,-0.030399953946471214,0.9991944432258606,0.5010614395141602,0.7138100862503052,0.035673342645168304,0.9927436113357544,0.4053599238395691,0.7097102403640747,-0.06218503415584564,0.9939239025115967,0.5214236378669739,0.7954983711242676,0.3859417736530304,0.9909408092498779,0.3863981068134308,0.8037626147270203,0.2599780559539795,0.9930745363235474,0.5182891488075256,0.8021779656410217,0.409025639295578,0.8981592059135437,0.38167843222618103,0.8151282668113708,0.29519739747047424,0.9087050557136536,0.5267921686172485,0.8306357860565186,0.19292984902858734,0.9856231212615967,0.3947516977787018,0.8325306177139282,0.03169149532914162,0.9875499606132507
IMG_9581 2,51,1688,bad,0.46390119194984436,0.44295617938041687,-0.3531465530395508,0.9997073411941528,0.4664626717567444,0.43450838327407837,-0.3240853548049927,0.9994663596153259,0.46976661682128906,0.4347468912601471,-0.32411396503448486,0.9994257092475891,0.473111629486084,0.43497687578201294,-0.324095219373703,0.9993976354598999,0.45326295495033264,0.43385085463523865,-0.34882861375808716,0.9993615746498108,0.4462704360485077,0.43354833126068115,-0.34889477491378784,0.9993088841438293,0.43858662247657776,0.43337947130203247,-0.34902632236480713,0.9992507100105286,0.4681435525417328,0.4383389353752136,-0.12703081965446472,0.9990925192832947,0.41787824034690857,0.4372349977493286,-0.23332005739212036,0.9990586638450623,0.4668087661266327,0.45312392711639404,-0.2743949592113495,0.9997630715370178,0.45124733448028564,0.4531436264514923,-0.3071398138999939,0.9997426271438599,0.502673327922821,0.4879217743873596,0.00871258694678545,0.9996356964111328,0.3605170249938965,0.4937458336353302,-0.14662890136241913,0.9996759295463562,0.5347211956977844,0.5462015867233276,-0.14465415477752686,0.9714831113815308,0.34321022033691406,0.5562422275543213,-0.31393271684646606,0.9705296754837036,0.46769413352012634,0.5082250237464905,-0.48436641693115234,0.9530177116394043,0.4086543619632721,0.5074707269668579,-0.5379923582077026,0.955114483833313,0.44719868898391724,0.4934738874435425,-0.5496435761451721,0.9064114093780518,0.4228403568267822,0.4951550364494324,-0.5986074209213257,0.9140759706497192,0.4483245611190796,0.4871518909931183,-0.5284398198127747,0.9030811786651611,0.42627573013305664,0.49004676938056946,-0.5844303965568542,0.9117881059646606,0.4522821009159088,0.4925202429294586,-0.4841699004173279,0.8699799180030823,0.42186060547828674,0.494124174118042,-0.5333235263824463,0.8798655867576599,0.4915825128555298,0.6205286383628845,0.04385105520486832,0.9989463090896606,0.40917813777923584,0.6193509101867676,-0.0439804345369339,0.999118983745575,0.5010725259780884,0.7140737771987915,0.04859437420964241,0.9914621114730835,0.40537029504776,0.7092664837837219,-0.0727103054523468,0.9925640821456909,0.5225509405136108,0.7955476641654968,0.440286248922348,0.9894466996192932,0.382446825504303,0.8028018474578857,0.2598298192024231,0.9918893575668335,0.5196247100830078,0.8022620677947998,0.4687102437019348,0.8916870951652527,0.37407124042510986,0.8134259581565857,0.28651005029678345,0.899562656879425,0.5276184678077698,0.8308894634246826,0.259392648935318,0.9838708639144897,0.39606451988220215,0.832630455493927,0.03963867574930191,0.9861739873886108
IMG_9581 2,52,1721,bad,0.4616594910621643,0.4398922920227051,-0.340231329202652,0.9997057914733887,0.4641212224960327,0.4321952164173126,-0.3099542558193207,0.9994717836380005,0.4674171507358551,0.4324541389942169,-0.3099747896194458,0.999424397945404,0.4705168902873993,0.4327476918697357,-0.30996665358543396,0.99940025806427,0.4515622556209564,0.43141821026802063,-0.33792591094970703,0.9993753433227539,0.4447315037250519,0.43118157982826233,-0.3379817008972168,0.999325692653656,0.43700453639030457,0.4309557378292084,-0.338108092546463,0.9992779493331909,0.46444499492645264,0.4367145597934723,-0.11099963635206223,0.9990822076797485,0.41531118750572205,0.43436360359191895,-0.236423060297966,0.9990873336791992,0.4642142355442047,0.4500332176685333,-0.26139700412750244,0.9997615814208984,0.44948965311050415,0.4494037926197052,-0.29887449741363525,0.9997482895851135,0.49760493636131287,0.48700836300849915,0.024170992895960808,0.9996132850646973,0.35679730772972107,0.49168121814727783,-0.1607200801372528,0.9996513724327087,0.5275192856788635,0.5465947389602661,-0.11209890246391296,0.969234824180603,0.3430781066417694,0.5552666187286377,-0.35875317454338074,0.9721342921257019,0.4739867150783539,0.5059263110160828,-0.43253093957901,0.9525913000106812,0.4096983075141907,0.504030704498291,-0.6192195415496826,0.9583442807197571,0.45523756742477417,0.49248191714286804,-0.4927697777748108,0.9038124084472656,0.4262217581272125,0.4916187822818756,-0.6839885711669922,0.9192007184028625,0.45598578453063965,0.4862617254257202,-0.4762730300426483,0.9003995656967163,0.4258001148700714,0.48577311635017395,-0.6655710935592651,0.9166603684425354,0.45883992314338684,0.4908357262611389,-0.4337177574634552,0.8668683171272278,0.42178064584732056,0.48966947197914124,-0.6144444942474365,0.885204553604126,0.488510400056839,0.6208130121231079,0.04381394758820534,0.9989560842514038,0.4059814214706421,0.6196194291114807,-0.04392875358462334,0.9990506768226624,0.5003394484519958,0.7136327028274536,0.03245113417506218,0.9910897612571716,0.4030855894088745,0.7104836702346802,-0.04484560713171959,0.9910929799079895,0.5229898691177368,0.7950707674026489,0.4273594617843628,0.9884845614433289,0.3809128701686859,0.8019024133682251,0.35674357414245605,0.9903538823127747,0.5202705264091492,0.8022817969322205,0.45745694637298584,0.8875802159309387,0.37361377477645874,0.8126411437988281,0.38618534803390503,0.8876029253005981,0.5288587212562561,0.8308116793632507,0.2470940500497818,0.9826310873031616,0.39563241600990295,0.8326027393341064,0.1529727727174759,0.9841689467430115
IMG_9581 2,53,1755,bad,0.4606732428073883,0.43801313638687134,-0.2506495714187622,0.9997045397758484,0.46253708004951477,0.4307064712047577,-0.2177504152059555,0.9994823336601257,0.46545523405075073,0.4309971034526825,-0.21777522563934326,0.9994301795959473,0.4680465757846832,0.4313638210296631,-0.21777558326721191,0.9994129538536072,0.4508664906024933,0.4298495352268219,-0.25018253922462463,0.9993952512741089,0.4441665709018707,0.42956817150115967,-0.25021037459373474,0.9993467926979065,0.43651336431503296,0.42938485741615295,-0.2503141164779663,0.9993062615394592,0.4602356553077698,0.43578827381134033,-0.023828215897083282,0.9990689754486084,0.41338732838630676,0.43306243419647217,-0.17422518134117126,0.9991255402565002,0.4629165530204773,0.44839733839035034,-0.1754305064678192,0.9997549653053284,0.4489372670650482,0.4474915564060211,-0.21920926868915558,0.9997507333755493,0.49201908707618713,0.4874444007873535,0.10305821150541306,0.9995853304862976,0.3547021150588989,0.4893868565559387,-0.15532821416854858,0.999640166759491,0.5231982469558716,0.5461955070495605,-0.040072888135910034,0.9652942419052124,0.3413034975528717,0.5477018356323242,-0.3549489676952362,0.9734551906585693,0.4778020679950714,0.503722608089447,-0.35038018226623535,0.9523899555206299,0.4092836380004883,0.49991509318351746,-0.5932847857475281,0.9609087705612183,0.4646047353744507,0.4907984137535095,-0.40911397337913513,0.9021285772323608,0.4269423484802246,0.4875752329826355,-0.6551017761230469,0.9231964349746704,0.4632222652435303,0.48414427042007446,-0.3912828266620636,0.8987700939178467,0.42532405257225037,0.48197582364082336,-0.6377161145210266,0.9203107357025146,0.46280375123023987,0.48846596479415894,-0.3518995940685272,0.8651027083396912,0.4214405417442322,0.48621833324432373,-0.5887522101402283,0.8889655470848083,0.48226064443588257,0.6196619272232056,0.06532694399356842,0.9989498257637024,0.40108558535575867,0.619405210018158,-0.06541557610034943,0.9989855289459229,0.49863800406455994,0.7115261554718018,0.06094290316104889,0.9893417358398438,0.4024450182914734,0.7104259133338928,-0.050566233694553375,0.9896315336227417,0.5222110748291016,0.7947021126747131,0.3894523084163666,0.9868950843811035,0.3811076283454895,0.8020962476730347,0.28892871737480164,0.9889876246452332,0.5174741744995117,0.8023694157600403,0.41403311491012573,0.8873314261436462,0.3742389976978302,0.8132503628730774,0.31374263763427734,0.8778148889541626,0.5362498164176941,0.8290727734565735,0.21286389231681824,0.9810029864311218,0.3979485034942627,0.8318701386451721,0.12262309342622757,0.9822507500648499
IMG_9581 2,54,1788,bad,0.4594500660896301,0.4350573420524597,-0.3299401104450226,0.9997081160545349,0.4601609706878662,0.42829036712646484,-0.2986656129360199,0.9994951486587524,0.4626310467720032,0.4286443293094635,-0.2986944913864136,0.999439537525177,0.46469470858573914,0.429080069065094,-0.29868853092193604,0.9994234442710876,0.44944190979003906,0.4276064932346344,-0.32509228587150574,0.9994202256202698,0.44304585456848145,0.42730584740638733,-0.3251340389251709,0.9993748664855957,0.43566298484802246,0.42704856395721436,-0.325237512588501,0.9993368983268738,0.45520487427711487,0.4340357184410095,-0.09438876062631607,0.999043881893158,0.411643922328949,0.431050568819046,-0.24220862984657288,0.999167799949646,0.46140533685684204,0.4454900622367859,-0.2506595849990845,0.9997491240501404,0.4483644664287567,0.4445229172706604,-0.2822848856449127,0.9997561573982239,0.486529141664505,0.48648715019226074,0.05576574057340622,0.9995420575141907,0.35081446170806885,0.4870225191116333,-0.2311350554227829,0.999649703502655,0.5168328285217285,0.5447191596031189,-0.08105414360761642,0.9592555165290833,0.3408359885215759,0.5438514351844788,-0.4591178297996521,0.9746461510658264,0.4796130657196045,0.5040724277496338,-0.43006977438926697,0.9494296908378601,0.40913400053977966,0.49464473128318787,-0.717379093170166,0.9631827473640442,0.4712190330028534,0.490800678730011,-0.49523863196372986,0.8963185548782349,0.4256654381752014,0.48262345790863037,-0.7845014929771423,0.9271052479743958,0.4679923355579376,0.48358988761901855,-0.4834980070590973,0.8931822776794434,0.42369988560676575,0.47656914591789246,-0.7735931277275085,0.92402184009552,0.46509861946105957,0.48802268505096436,-0.4351148009300232,0.8589698076248169,0.4200291037559509,0.48120224475860596,-0.7156478762626648,0.8925215601921082,0.4764322340488434,0.6181510090827942,0.08499179780483246,0.9989169239997864,0.3939097225666046,0.6187090277671814,-0.08514049649238586,0.9989840388298035,0.49647024273872375,0.705095112323761,0.13099950551986694,0.9873102307319641,0.40223804116249084,0.7092180252075195,-0.11652621626853943,0.9892797470092773,0.5171570181846619,0.7928600907325745,0.4781341552734375,0.9859659075737,0.37997710704803467,0.8021641969680786,0.14537660777568817,0.9887654185295105,0.5064117312431335,0.8024404644966125,0.5024991631507874,0.8907609581947327,0.3729257583618164,0.8132805824279785,0.15917564928531647,0.8749345541000366,0.5450646281242371,0.8257757425308228,0.31583526730537415,0.9804287552833557,0.4024367332458496,0.8319182395935059,-0.08210133761167526,0.9819921255111694
IMG_9581 2,55,1821,bad,0.4569486975669861,0.4339059591293335,-0.2953342795372009,0.9997044205665588,0.45750507712364197,0.4272959232330322,-0.2613815665245056,0.9994975328445435,0.4598741829395294,0.4277198910713196,-0.26142898201942444,0.9994351267814636,0.46173804998397827,0.4282301664352417,-0.26143842935562134,0.9994263648986816,0.44676893949508667,0.4264621436595917,-0.2972591519355774,0.9994345307350159,0.44048628211021423,0.42607754468917847,-0.29728618264198303,0.999388575553894,0.43308696150779724,0.425749808549881,-0.29741623997688293,0.9993541240692139,0.4526527523994446,0.4333270490169525,-0.05763957276940346,0.9989983439445496,0.40901362895965576,0.4294891059398651,-0.2261662632226944,0.9991996884346008,0.45884430408477783,0.4446676969528198,-0.21579059958457947,0.9997380375862122,0.44615647196769714,0.4437050521373749,-0.26318901777267456,0.9997556805610657,0.4828068017959595,0.4855419099330902,0.08758482336997986,0.9994892477989197,0.34759971499443054,0.484687864780426,-0.20758473873138428,0.9996597170829773,0.5141307711601257,0.5424491763114929,-0.06199836730957031,0.9523161053657532,0.3411022126674652,0.5402087569236755,-0.4261385202407837,0.9759292006492615,0.47997888922691345,0.5023566484451294,-0.4043491780757904,0.9453970789909363,0.4114241302013397,0.4900714159011841,-0.6529129147529602,0.965432345867157,0.4729422330856323,0.48830994963645935,-0.4688178598880768,0.8884502649307251,0.4282126724720001,0.4781387150287628,-0.7157167196273804,0.9308764934539795,0.4691639244556427,0.4815160632133484,-0.4547181725502014,0.8854082226753235,0.4239029586315155,0.47106269001960754,-0.7042608857154846,0.9275627136230469,0.4665180444717407,0.4853985011577606,-0.40927553176879883,0.8505666255950928,0.420184850692749,0.47635409235954285,-0.6502929925918579,0.8961061835289001,0.473905086517334,0.6146703362464905,0.08834781497716904,0.9989072680473328,0.39155179262161255,0.6167405247688293,-0.08843759447336197,0.9989871978759766,0.4940676689147949,0.70390784740448,0.1199302226305008,0.9852806329727173,0.3975262939929962,0.7086852192878723,-0.10213498026132584,0.9889692664146423,0.5105785727500916,0.7923705577850342,0.42914026975631714,0.9849943518638611,0.38016951084136963,0.8022876381874084,0.15219758450984955,0.9886317849159241,0.4958578646183014,0.8034014105796814,0.4506338834762573,0.8950785398483276,0.3744783401489258,0.8133086562156677,0.1649925410747528,0.874457597732544,0.5618292689323425,0.8219050168991089,0.2625056505203247,0.9799483418464661,0.40153855085372925,0.831963837146759,-0.0668753981590271,0.9818697571754456
IMG_9581 2,56,1854,bad,0.45344078540802,0.43177568912506104,-0.3264428377151489,0.9997110962867737,0.45454543828964233,0.42544734477996826,-0.2908463776111603,0.9995157122612,0.4570915997028351,0.42595046758651733,-0.2909005880355835,0.9994518160820007,0.4593438506126404,0.42664632201194763,-0.290902704000473,0.999446451663971,0.44298529624938965,0.4245999753475189,-0.32299864292144775,0.9994590282440186,0.4368271827697754,0.4243256449699402,-0.32303616404533386,0.9994149804115295,0.42962366342544556,0.424087792634964,-0.3231664299964905,0.9993813633918762,0.4521612823009491,0.4324488341808319,-0.0747564360499382,0.9989972114562988,0.40642955899238586,0.4278581738471985,-0.22936171293258667,0.999241828918457,0.45558086037635803,0.44305577874183655,-0.24402061104774475,0.9997373819351196,0.4421862065792084,0.44202277064323425,-0.28642189502716064,0.999760627746582,0.4832148849964142,0.48520874977111816,0.07611101120710373,0.9994553923606873,0.3466259241104126,0.4840356409549713,-0.21810786426067352,0.9996703863143921,0.5091133713722229,0.5414505004882812,-0.09597311913967133,0.9481608271598816,0.3420725166797638,0.5387121438980103,-0.4584478735923767,0.9767978191375732,0.4789116680622101,0.4985051155090332,-0.4557356536388397,0.9454993009567261,0.41216349601745605,0.49005791544914246,-0.7010398507118225,0.9674525856971741,0.46958139538764954,0.4849211573600769,-0.5238261818885803,0.8886150121688843,0.42856770753860474,0.47720399498939514,-0.7671544551849365,0.9343544244766235,0.4667778015136719,0.47885099053382874,-0.5109161734580994,0.8856906890869141,0.42362692952156067,0.47238457202911377,-0.755359947681427,0.9308469295501709,0.46456146240234375,0.482768177986145,-0.46051645278930664,0.8513547778129578,0.419943243265152,0.4773222506046295,-0.6989119648933411,0.8995581865310669,0.4716944694519043,0.6110329031944275,0.1033116951584816,0.9989004135131836,0.3900318741798401,0.6146537661552429,-0.10346779227256775,0.9989829063415527,0.49012818932533264,0.7019912600517273,0.1283215880393982,0.9799333214759827,0.3958495259284973,0.7084344625473022,-0.13199149072170258,0.9881479740142822,0.502846360206604,0.792137622833252,0.43206343054771423,0.982158362865448,0.37948015332221985,0.802506148815155,0.10937194526195526,0.9877874851226807,0.48885101079940796,0.8037581443786621,0.45253631472587585,0.8966844081878662,0.3723519444465637,0.8136613965034485,0.12120433151721954,0.8692200779914856,0.5656043291091919,0.8188850283622742,0.2771008014678955,0.9781625866889954,0.40534210205078125,0.832219660282135,-0.11426268517971039,0.9809005260467529
IMG_9581 2,57,1887,bad,0.4522475004196167,0.4303778409957886,-0.33709821105003357,0.9997106790542603,0.45287665724754333,0.4245756268501282,-0.30082592368125916,0.9995205998420715,0.4552314579486847,0.4251468777656555,-0.30088257789611816,0.9994543194770813,0.4573730528354645,0.42588746547698975,-0.3008818030357361,0.9994527697563171,0.44159361720085144,0.4234696328639984,-0.3325278162956238,0.9994694590568542,0.43565523624420166,0.4232024848461151,-0.33256521821022034,0.9994259476661682,0.4287818670272827,0.42301228642463684,-0.3326844274997711,0.9993904232978821,0.44935059547424316,0.4316783845424652,-0.08376970887184143,0.998965322971344,0.40524694323539734,0.4273569881916046,-0.23185932636260986,0.9992655515670776,0.45357415080070496,0.4414342939853668,-0.2541294991970062,0.9997307062149048,0.44023239612579346,0.4405667185783386,-0.29567256569862366,0.9997615814208984,0.48022377490997314,0.4835965931415558,0.0662439614534378,0.999423086643219,0.3462560176849365,0.48167967796325684,-0.22296497225761414,0.9996806979179382,0.5081840753555298,0.5401294231414795,-0.10392157733440399,0.9452652931213379,0.3439269959926605,0.5353559255599976,-0.4496501088142395,0.9775741696357727,0.4802139401435852,0.4969426393508911,-0.4603712558746338,0.9454531669616699,0.4121219515800476,0.4877803921699524,-0.6860293745994568,0.9689751863479614,0.4700620174407959,0.48357611894607544,-0.5293039679527283,0.8882836103439331,0.4282855987548828,0.4752301275730133,-0.7507743835449219,0.9369474053382874,0.4675164818763733,0.47752681374549866,-0.5139697790145874,0.8853729963302612,0.421930730342865,0.47083786129951477,-0.7435765862464905,0.9331977963447571,0.46558839082717896,0.48133835196495056,-0.46493804454803467,0.8512821197509766,0.41897377371788025,0.4754454791545868,-0.6858915686607361,0.9018501043319702,0.46911346912384033,0.6098302006721497,0.10787145793437958,0.9988512396812439,0.38865426182746887,0.6116997599601746,-0.10799314081668854,0.9989417791366577,0.48894381523132324,0.6997008323669434,0.12241385877132416,0.9732152819633484,0.39601948857307434,0.7036490440368652,-0.1730949729681015,0.9872950315475464,0.4924822151660919,0.7921032309532166,0.4053177833557129,0.9780513048171997,0.3795577585697174,0.8013872504234314,0.04944716393947601,0.9865612387657166,0.4776401221752167,0.8041475415229797,0.41628697514533997,0.8968179821968079,0.37277406454086304,0.8128252625465393,0.05901435762643814,0.8643437623977661,0.5625739097595215,0.8176692724227905,0.2579917907714844,0.9754906892776489,0.40715163946151733,0.8298957943916321,-0.17748650908470154,0.9798771739006042
IMG_9581 2,58,1920,bad,0.45173218846321106,0.43005403876304626,-0.3330453038215637,0.9997071027755737,0.45197802782058716,0.4241911768913269,-0.29543536901474,0.9995205402374268,0.45419061183929443,0.42477744817733765,-0.2955048084259033,0.9994509220123291,0.4561954736709595,0.4255183935165405,-0.29552268981933594,0.9994563460350037,0.44090938568115234,0.4229872524738312,-0.32881155610084534,0.9994707107543945,0.43503689765930176,0.4226706922054291,-0.3288421928882599,0.9994253516197205,0.42836618423461914,0.4224632978439331,-0.3289554715156555,0.9993879199028015,0.4477018713951111,0.431168794631958,-0.07893621921539307,0.9989364147186279,0.4047721028327942,0.42693132162094116,-0.23145386576652527,0.9992713928222656,0.45254865288734436,0.44080641865730286,-0.2499193549156189,0.9997236132621765,0.43930789828300476,0.43991562724113464,-0.29408058524131775,0.9997574687004089,0.47907036542892456,0.48278239369392395,0.06967214494943619,0.9993879795074463,0.34661710262298584,0.4806972146034241,-0.22397466003894806,0.9996707439422607,0.5071172118186951,0.5398864150047302,-0.09852200001478195,0.9433819651603699,0.3503029942512512,0.5349724292755127,-0.44480568170547485,0.9779537320137024,0.48061296343803406,0.49443209171295166,-0.44268903136253357,0.945730984210968,0.4142608642578125,0.4848758280277252,-0.6674910187721252,0.9700615406036377,0.47040262818336487,0.4816444218158722,-0.5100622177124023,0.8880887627601624,0.4288654923439026,0.47322893142700195,-0.7307491898536682,0.938791811466217,0.4680250883102417,0.47619950771331787,-0.4919494092464447,0.8851473331451416,0.42176780104637146,0.4687570631504059,-0.7244711518287659,0.9347718358039856,0.46614307165145874,0.4798167645931244,-0.4463765323162079,0.8513347506523132,0.41886085271835327,0.4733985364437103,-0.6678480505943298,0.9031068682670593,0.46749749779701233,0.6088123917579651,0.1071339026093483,0.9987898468971252,0.38823291659355164,0.610262393951416,-0.10723331570625305,0.998849630355835,0.48835867643356323,0.6977617740631104,0.10471010208129883,0.9669798612594604,0.3961414098739624,0.7023309469223022,-0.17073401808738708,0.9858208298683167,0.4804285764694214,0.7917817234992981,0.3841507136821747,0.972953200340271,0.3796088993549347,0.8007060885429382,0.06748559325933456,0.9847237467765808,0.46547627449035645,0.8041620254516602,0.39764705300331116,0.8947267532348633,0.37338030338287354,0.8121426701545715,0.07891007512807846,0.8558356165885925,0.5547881126403809,0.817520797252655,0.25642678141593933,0.9720329642295837,0.4076080024242401,0.8293271064758301,-0.15544849634170532,0.9782131314277649
IMG_9581 2,59,1953,bad,0.45166802406311035,0.4309747517108917,-0.22744984924793243,0.9997080564498901,0.45156174898147583,0.42478546500205994,-0.18894799053668976,0.9995298385620117,0.4535224735736847,0.42533767223358154,-0.18902358412742615,0.9994618892669678,0.4552600383758545,0.42602744698524475,-0.18906083703041077,0.9994730949401855,0.4409807026386261,0.42367762327194214,-0.22382724285125732,0.9994803071022034,0.43514612317085266,0.42336171865463257,-0.22384415566921234,0.9994338750839233,0.42852914333343506,0.4231555461883545,-0.22393670678138733,0.999396800994873,0.4454100430011749,0.4311884045600891,0.017918569967150688,0.998955488204956,0.4052599370479584,0.4273033142089844,-0.14069435000419617,0.99928879737854,0.4518393576145172,0.44141218066215515,-0.14856259524822235,0.999721348285675,0.4391690492630005,0.44058892130851746,-0.19482991099357605,0.9997560977935791,0.4763075113296509,0.4830857813358307,0.14760993421077728,0.9993832111358643,0.34744036197662354,0.47881317138671875,-0.16131626069545746,0.999662458896637,0.5073345303535461,0.5400557518005371,-0.02767225168645382,0.9421656131744385,0.35446780920028687,0.5325162410736084,-0.4077008366584778,0.9782335162162781,0.48110097646713257,0.4937058687210083,-0.3478492200374603,0.9463790655136108,0.41919973492622375,0.4841901957988739,-0.5786812901496887,0.970813512802124,0.4705284535884857,0.4816093146800995,-0.4131562113761902,0.888449490070343,0.4350137710571289,0.4731013774871826,-0.6389156579971313,0.9398131370544434,0.4682736098766327,0.47629857063293457,-0.39251598715782166,0.8853857517242432,0.43033090233802795,0.468320369720459,-0.6290650367736816,0.9353601932525635,0.466478556394577,0.47966521978378296,-0.3504025936126709,0.8518998622894287,0.4258408844470978,0.47294557094573975,-0.5771371722221375,0.9031208753585815,0.4649063050746918,0.6076012849807739,0.1068890392780304,0.99869704246521,0.38731446862220764,0.6076255440711975,-0.10686758905649185,0.9987131357192993,0.48589465022087097,0.6973875164985657,0.08147167414426804,0.9592809081077576,0.39841023087501526,0.7003577351570129,-0.19335247576236725,0.9832509160041809,0.47324177622795105,0.7917011380195618,0.2961495816707611,0.9660631418228149,0.37998971343040466,0.8006303906440735,0.006419470999389887,0.9818231463432312,0.4599263370037079,0.8039898872375488,0.3073411285877228,0.8906203508377075,0.3736141324043274,0.8121606707572937,0.013904498890042305,0.8461300730705261,0.541706383228302,0.8172390460968018,0.14258652925491333,0.9672147035598755,0.40766260027885437,0.8294764757156372,-0.2153032124042511,0.9753603935241699
IMG_9581 2,60,1986,bad,0.4517595171928406,0.4310363531112671,-0.1370154768228531,0.9997095465660095,0.4516541361808777,0.4247782528400421,-0.10060635954141617,0.9995428919792175,0.4535084366798401,0.42527714371681213,-0.10066945105791092,0.9994770288467407,0.4551040232181549,0.4259311258792877,-0.10070782899856567,0.9994947910308838,0.44110527634620667,0.42377030849456787,-0.1371839940547943,0.9994940757751465,0.4352124035358429,0.42347419261932373,-0.13721226155757904,0.9994469881057739,0.42866283655166626,0.42329201102256775,-0.13728170096874237,0.9994130730628967,0.4443638026714325,0.4310675263404846,0.08784235268831253,0.998982846736908,0.40561872720718384,0.4275107979774475,-0.07677023857831955,0.9993136525154114,0.45194876194000244,0.44131237268447876,-0.06516289710998535,0.9997175931930542,0.4393264949321747,0.4404374063014984,-0.1130862757563591,0.9997512698173523,0.47626399993896484,0.48285111784935,0.20008783042430878,0.9993821382522583,0.34795135259628296,0.4788774847984314,-0.11631441116333008,0.999655544757843,0.5063019394874573,0.5400302410125732,0.012683119624853134,0.9373971819877625,0.3578117787837982,0.5320913195610046,-0.3109925091266632,0.9783117175102234,0.48140981793403625,0.4935449957847595,-0.294161319732666,0.9445160031318665,0.4237324893474579,0.4829220771789551,-0.4154176414012909,0.9708264470100403,0.47113895416259766,0.48143142461776733,-0.35848280787467957,0.8849450945854187,0.43999719619750977,0.4718560576438904,-0.46180254220962524,0.9394984245300293,0.46887314319610596,0.4761352837085724,-0.33305656909942627,0.8816493153572083,0.43525078892707825,0.46646520495414734,-0.45284906029701233,0.9343688488006592,0.466972291469574,0.47939199209213257,-0.29557761549949646,0.8483175039291382,0.43025773763656616,0.47167766094207764,-0.4118902385234833,0.9012090563774109,0.46542108058929443,0.6055276989936829,0.11118857562541962,0.9986050724983215,0.38786154985427856,0.6050640940666199,-0.11108894646167755,0.9985414147377014,0.4852171838283539,0.6974266171455383,0.07827360928058624,0.9439814686775208,0.4018164277076721,0.696666419506073,-0.1705513596534729,0.9784385561943054,0.4671679139137268,0.7917794585227966,0.24874648451805115,0.9546010494232178,0.37894606590270996,0.799992561340332,0.012433450669050217,0.9763981699943542,0.4550846219062805,0.8044118285179138,0.25617843866348267,0.8811753392219543,0.37093231081962585,0.8119871616363525,0.01898549497127533,0.8320167064666748,0.533511221408844,0.8167638778686523,0.10113374143838882,0.9588420391082764,0.4078613519668579,0.8279115557670593,-0.18822985887527466,0.9696549773216248
IMG_9581 2,61,2020,bad,0.4520842432975769,0.43146684765815735,-0.15257880091667175,0.9997057914733887,0.4518618881702423,0.4252074062824249,-0.1169843003153801,0.9995484352111816,0.4537760019302368,0.42573297023773193,-0.1170545145869255,0.9994826316833496,0.4553878903388977,0.4263824224472046,-0.11708945780992508,0.9995065331459045,0.44148319959640503,0.42421954870224,-0.15420743823051453,0.999499499797821,0.4358856976032257,0.42393410205841064,-0.15424008667469025,0.9994503259658813,0.4295687973499298,0.4237709045410156,-0.15432707965373993,0.9994174838066101,0.44429871439933777,0.43132275342941284,0.07152385264635086,0.9989907145500183,0.40651369094848633,0.4278666079044342,-0.09602825343608856,0.9993325471878052,0.45221853256225586,0.441554993391037,-0.08016574382781982,0.9997111558914185,0.43990346789360046,0.44075456261634827,-0.1289672702550888,0.9997442960739136,0.47648248076438904,0.4831694960594177,0.1876070499420166,0.9993776082992554,0.34826093912124634,0.47956761717796326,-0.12618574500083923,0.9996509552001953,0.5038821697235107,0.5402597188949585,0.0042805979028344154,0.9302218556404114,0.3616998493671417,0.5335891842842102,-0.3197564482688904,0.9783174991607666,0.481680691242218,0.4940544068813324,-0.31443241238594055,0.9424737691879272,0.42410117387771606,0.48372891545295715,-0.4418838918209076,0.9710304141044617,0.4744499921798706,0.4817696511745453,-0.37948814034461975,0.881790280342102,0.4397697448730469,0.47179242968559265,-0.49024996161460876,0.9396489262580872,0.47323107719421387,0.47641581296920776,-0.3566548824310303,0.8784383535385132,0.4338730275630951,0.4665786325931549,-0.4799022674560547,0.9339656233787537,0.47013750672340393,0.48006072640419006,-0.31722167134284973,0.8455309867858887,0.42956843972206116,0.4720425605773926,-0.4380228817462921,0.9001615643501282,0.4665125608444214,0.6065271496772766,0.11265973001718521,0.9985453486442566,0.38859978318214417,0.6059002876281738,-0.11259055882692337,0.9984220862388611,0.4819277226924896,0.6979802846908569,0.09468306601047516,0.9324337244033813,0.40223705768585205,0.697834312915802,-0.15977734327316284,0.975410521030426,0.46622809767723083,0.7918064594268799,0.2982615530490875,0.9467474222183228,0.3790126442909241,0.7995507717132568,0.05510333552956581,0.9725241661071777,0.4544687867164612,0.8044182062149048,0.31108859181404114,0.8752070069313049,0.3711451292037964,0.8118141889572144,0.06429124623537064,0.8216020464897156,0.5303829908370972,0.815956175327301,0.1160764992237091,0.9533648490905762,0.4116174280643463,0.8274823427200317,-0.1489594280719757,0.9654632806777954
