video_no,frame,timestamp_ms,good,x0,y0,z0,visibility0,x1,y1,z1,visibility1,x2,y2,z2,visibility2,x3,y3,z3,visibility3,x4,y4,z4,visibility4,x5,y5,z5,visibility5,x6,y6,z6,visibility6,x7,y7,z7,visibility7,x8,y8,z8,visibility8,x9,y9,z9,visibility9,x10,y10,z10,visibility10,x11,y11,z11,visibility11,x12,y12,z12,visibility12,x13,y13,z13,visibility13,x14,y14,z14,visibility14,x15,y15,z15,visibility15,x16,y16,z16,visibility16,x17,y17,z17,visibility17,x18,y18,z18,visibility18,x19,y19,z19,visibility19,x20,y20,z20,visibility20,x21,y21,z21,visibility21,x22,y22,z22,visibility22,x23,y23,z23,visibility23,x24,y24,z24,visibility24,x25,y25,z25,visibility25,x26,y26,z26,visibility26,x27,y27,z27,visibility27,x28,y28,z28,visibility28,x29,y29,z29,visibility29,x30,y30,z30,visibility30,x31,y31,z31,visibility31,x32,y32,z32,visibility32
IMG_9694 2,1,33,good,0.4904346466064453,0.4441353976726532,-0.46276792883872986,0.9999886751174927,0.49632731080055237,0.43721288442611694,-0.43344515562057495,0.9999814033508301,0.5001356601715088,0.43709269165992737,-0.43347683548927307,0.9999799728393555,0.5042986869812012,0.43707001209259033,-0.4335281252861023,0.9999785423278809,0.48359617590904236,0.4380262494087219,-0.43693435192108154,0.9999771118164062,0.47863832116127014,0.4383194148540497,-0.4369603991508484,0.9999725818634033,0.47426560521125793,0.4385825991630554,-0.43697717785835266,0.9999678134918213,0.5102812051773071,0.44103381037712097,-0.24109116196632385,0.9999599456787109,0.4677680432796478,0.44243988394737244,-0.2560442388057709,0.9999686479568481,0.4987848401069641,0.4509323239326477,-0.3896127939224243,0.9999943971633911,0.4821335971355438,0.4513246715068817,-0.3942320644855499,0.9999914169311523,0.5503935217857361,0.48630085587501526,-0.11385348439216614,0.9999887943267822,0.4347376823425293,0.4893703758716583,-0.12517893314361572,0.9999204874038696,0.5872793793678284,0.5367016196250916,-0.24766089022159576,0.9936459064483643,0.403043657541275,0.5384615659713745,-0.17106087505817413,0.9615090489387512,0.5298858880996704,0.5232333540916443,-0.6243584156036377,0.9908254742622375,0.4346598982810974,0.5556507706642151,-0.44628921151161194,0.9315341114997864,0.5136163234710693,0.5207191705703735,-0.7086394429206848,0.9793954491615295,0.44148290157318115,0.5671765208244324,-0.5101985335350037,0.8856334090232849,0.5067569613456726,0.5118998885154724,-0.7130987048149109,0.9799205660820007,0.44724178314208984,0.5629778504371643,-0.5388907790184021,0.8848190903663635,0.5102738738059998,0.5131809115409851,-0.6330569982528687,0.9629645943641663,0.44698378443717957,0.558753252029419,-0.46160438656806946,0.8412578105926514,0.5235269069671631,0.5880607962608337,-0.0017164354212582111,0.9998639822006226,0.45780816674232483,0.5890226364135742,0.0016748628113418818,0.9996141195297241,0.5271257758140564,0.6711663007736206,-0.08537708967924118,0.9916935563087463,0.4616806209087372,0.6637736558914185,0.04801401495933533,0.9718599319458008,0.534282386302948,0.7640225291252136,0.04997113719582558,0.9923810362815857,0.46808287501335144,0.7316172122955322,0.41531434655189514,0.9172964096069336,0.5332754850387573,0.7761974334716797,0.0502205528318882,0.8446747660636902,0.4725605249404907,0.7368204593658447,0.44185101985931396,0.6526973247528076,0.520954966545105,0.7945505380630493,-0.18088971078395844,0.9837640523910522,0.46260014176368713,0.7613463997840881,0.2764263451099396,0.9288535118103027
IMG_9694 2,2,66,good,0.4895457625389099,0.4442039430141449,-0.3933892846107483,0.999988853931427,0.49595993757247925,0.437231183052063,-0.3653394281864166,0.9999813437461853,0.5000066161155701,0.4370953440666199,-0.3653706908226013,0.9999800324440002,0.5041295886039734,0.437065064907074,-0.36539530754089355,0.99997878074646,0.4825575053691864,0.43806710839271545,-0.3661862909793854,0.9999766945838928,0.4778248965740204,0.4383467733860016,-0.3661747872829437,0.9999719858169556,0.4734569191932678,0.4386003911495209,-0.3661748766899109,0.9999672174453735,0.5099824070930481,0.44094207882881165,-0.18302547931671143,0.99996018409729,0.4673409163951874,0.4424455463886261,-0.18615874648094177,0.999967098236084,0.49854719638824463,0.4509299099445343,-0.3238753080368042,0.9999943971633911,0.48083388805389404,0.4513983130455017,-0.3249567747116089,0.9999912977218628,0.5505063533782959,0.48591870069503784,-0.07745354622602463,0.9999895691871643,0.43470442295074463,0.48950377106666565,-0.04256632551550865,0.9999234676361084,0.5859037041664124,0.5369535088539124,-0.19819751381874084,0.9939380884170532,0.4054005742073059,0.5396950244903564,-0.01345097552984953,0.9602169394493103,0.527033805847168,0.5232231616973877,-0.5618416666984558,0.9914443492889404,0.4288270175457001,0.5675243735313416,-0.22549954056739807,0.9321386218070984,0.5121904015541077,0.5202468037605286,-0.644180178642273,0.9806799292564392,0.43197253346443176,0.582461953163147,-0.276598185300827,0.886432409286499,0.5051729083061218,0.5117978453636169,-0.6484907865524292,0.9811696410179138,0.4379376471042633,0.5790008902549744,-0.31567662954330444,0.8857219815254211,0.508819043636322,0.5131251811981201,-0.5698323249816895,0.9651831388473511,0.43933501839637756,0.573727011680603,-0.2439812570810318,0.8433938026428223,0.5237229466438293,0.5877984166145325,-0.007310332264751196,0.9998660087585449,0.45809194445610046,0.5887712240219116,0.0072651151567697525,0.9996204972267151,0.5270645022392273,0.6714490652084351,-0.07804077863693237,0.9913945198059082,0.4621153175830841,0.6637519001960754,0.016807502135634422,0.9714238047599792,0.5342814922332764,0.7647677659988403,0.07124166190624237,0.9922168850898743,0.4681520462036133,0.732310950756073,0.3512265384197235,0.9178450703620911,0.5331240892410278,0.7772366404533386,0.07397396117448807,0.8439221382141113,0.4727916717529297,0.7379517555236816,0.37438398599624634,0.6524128317832947,0.5197960138320923,0.7954044342041016,-0.14757691323757172,0.9837749600410461,0.46259933710098267,0.761572539806366,0.21263954043388367,0.9293809533119202
IMG_9694 2,3,99,good,0.4864507019519806,0.4452354609966278,-0.4344923794269562,0.9999893307685852,0.4946013391017914,0.4381090998649597,-0.4105895161628723,0.9999815225601196,0.4992971420288086,0.43791794776916504,-0.4106442630290985,0.9999805092811584,0.5037403702735901,0.43780648708343506,-0.41065049171447754,0.9999793767929077,0.4800565838813782,0.43895065784454346,-0.39723673462867737,0.999976396560669,0.4754873812198639,0.43918415904045105,-0.39708903431892395,0.9999715089797974,0.4711393117904663,0.4394058287143707,-0.3970350921154022,0.9999663829803467,0.5099772810935974,0.44116637110710144,-0.2410498708486557,0.9999614357948303,0.466829776763916,0.44261664152145386,-0.2069522589445114,0.9999644756317139,0.497458279132843,0.45195046067237854,-0.3708033263683319,0.9999945163726807,0.47811341285705566,0.4528130888938904,-0.3534073233604431,0.9999911785125732,0.5506814122200012,0.48591944575309753,-0.14682453870773315,0.9999903440475464,0.4346903860569,0.4896171987056732,-0.05452810600399971,0.9999260902404785,0.5844330787658691,0.5372085571289062,-0.26436954736709595,0.9943850040435791,0.4110189974308014,0.541066586971283,0.05363279953598976,0.9566459655761719,0.5235484838485718,0.5236349701881409,-0.6133053302764893,0.9921106100082397,0.4215089678764343,0.5813480615615845,-0.10724671930074692,0.9313744902610779,0.5073618292808533,0.5201947093009949,-0.6913683414459229,0.9820566177368164,0.41929513216018677,0.5966914892196655,-0.14711196720600128,0.8854563236236572,0.5008260607719421,0.511803388595581,-0.6963732242584229,0.9824981689453125,0.4242740869522095,0.5947357416152954,-0.19866377115249634,0.884993851184845,0.5049814581871033,0.5131266117095947,-0.6197847127914429,0.9675343632698059,0.4272508919239044,0.5902109742164612,-0.12997284531593323,0.8437934517860413,0.5240433812141418,0.5877392888069153,-0.023144306614995003,0.9998681545257568,0.45809587836265564,0.588772177696228,0.023061079904437065,0.9996228218078613,0.5270810723304749,0.6714919805526733,-0.07734910398721695,0.9913361072540283,0.4627109169960022,0.6637406945228577,0.012765704654157162,0.9726220965385437,0.5343624949455261,0.764650285243988,0.10022033751010895,0.9923243522644043,0.46827828884124756,0.7333207726478577,0.33372488617897034,0.922528088092804,0.5331245064735413,0.7764354944229126,0.10603171586990356,0.8450074195861816,0.4731445014476776,0.7395393252372742,0.35529825091362,0.665020227432251,0.5192855000495911,0.7948386073112488,-0.11781357228755951,0.9842299222946167,0.462627649307251,0.7620688676834106,0.1860823631286621,0.9331652522087097
IMG_9694 2,4,132,good,0.4854412376880646,0.4449708163738251,-0.4902636408805847,0.999989926815033,0.49408382177352905,0.43790385127067566,-0.4647476375102997,0.9999819993972778,0.49901720881462097,0.4376869797706604,-0.46481794118881226,0.9999812841415405,0.503591775894165,0.4375639855861664,-0.46485140919685364,0.9999802112579346,0.4792622923851013,0.4387231171131134,-0.4563531279563904,0.9999765753746033,0.4748314321041107,0.43893444538116455,-0.4562584459781647,0.9999716281890869,0.47048720717430115,0.43914759159088135,-0.45621538162231445,0.999966025352478,0.5099064707756042,0.4409264028072357,-0.2918396592140198,0.9999632239341736,0.4664584696292877,0.44241002202033997,-0.2556607723236084,0.9999629855155945,0.49678853154182434,0.45160621404647827,-0.42471110820770264,0.9999947547912598,0.4766685664653778,0.4525418281555176,-0.4134148061275482,0.999991238117218,0.5511459708213806,0.48559466004371643,-0.19978012144565582,0.9999911189079285,0.4340929687023163,0.48979708552360535,-0.0724981501698494,0.9999296069145203,0.5841452479362488,0.5372475981712341,-0.3276861310005188,0.9947953224182129,0.4112210273742676,0.543539822101593,0.05634596198797226,0.9542509317398071,0.5226244926452637,0.5243987441062927,-0.6836493611335754,0.992684006690979,0.40922635793685913,0.5892943739891052,-0.08486509323120117,0.9315707087516785,0.5050944685935974,0.520473301410675,-0.759562075138092,0.9832385182380676,0.40253639221191406,0.6048241853713989,-0.11799529194831848,0.8856689929962158,0.49890604615211487,0.5120202898979187,-0.7643128037452698,0.9836339354515076,0.4050361216068268,0.6054193377494812,-0.17207714915275574,0.8854928016662598,0.5035884380340576,0.5133260488510132,-0.6899710893630981,0.969504177570343,0.4089927077293396,0.6003457307815552,-0.1081305742263794,0.845578670501709,0.5240300893783569,0.5877726674079895,-0.02834719605743885,0.9998736381530762,0.45757952332496643,0.5888508558273315,0.02823970839381218,0.9996346831321716,0.5273481011390686,0.6717752814292908,-0.0617256723344326,0.9912892580032349,0.46382758021354675,0.6637172102928162,0.009768227115273476,0.9735244512557983,0.5344274044036865,0.764646053314209,0.11538216471672058,0.9924314618110657,0.4685346186161041,0.7334556579589844,0.3573281466960907,0.9248960614204407,0.533125638961792,0.7762172222137451,0.12113720923662186,0.8451189994812012,0.4734428822994232,0.7397964000701904,0.3816128373146057,0.6711974143981934,0.5189911723136902,0.7951048016548157,-0.09798721224069595,0.9846266508102417,0.4625798463821411,0.7621347904205322,0.21382267773151398,0.9353352189064026
IMG_9694 2,5,165,good,0.4855501055717468,0.44481977820396423,-0.5134732127189636,0.9999906420707703,0.49409496784210205,0.4376925826072693,-0.48740190267562866,0.9999825954437256,0.49903106689453125,0.4374443292617798,-0.4874597191810608,0.9999821782112122,0.5035926103591919,0.437286913394928,-0.4874773919582367,0.9999811053276062,0.47933587431907654,0.438595712184906,-0.4813132882118225,0.999977171421051,0.47488486766815186,0.438831090927124,-0.48125356435775757,0.9999723434448242,0.4705328047275543,0.4390598237514496,-0.4812248945236206,0.9999663233757019,0.5098860859870911,0.44069045782089233,-0.3097880184650421,0.9999646544456482,0.46645158529281616,0.44238004088401794,-0.2806428372859955,0.999963104724884,0.4967976212501526,0.4513407349586487,-0.44582217931747437,0.9999949932098389,0.4768085479736328,0.4523197114467621,-0.4376983344554901,0.9999915361404419,0.5516827702522278,0.4853944182395935,-0.21505498886108398,0.9999918937683105,0.4338952302932739,0.48988571763038635,-0.08229823410511017,0.9999343156814575,0.5839859843254089,0.5375826358795166,-0.3616521656513214,0.9952002167701721,0.41171082854270935,0.5457832217216492,0.03133123368024826,0.9548854231834412,0.5209069848060608,0.5244354605674744,-0.7211723327636719,0.9932926893234253,0.3989162743091583,0.595866322517395,-0.10164881497621536,0.9339633584022522,0.5025163292884827,0.5204691886901855,-0.7959159016609192,0.9845283627510071,0.3890073001384735,0.6109344959259033,-0.13286329805850983,0.8890129327774048,0.49611032009124756,0.5120201110839844,-0.7958789467811584,0.984877347946167,0.3918655216693878,0.6120089292526245,-0.18495669960975647,0.8890174627304077,0.500959038734436,0.513316810131073,-0.7252034544944763,0.971695065498352,0.3973245322704315,0.6071323752403259,-0.12355446815490723,0.8509092926979065,0.5240806341171265,0.5895845890045166,-0.024973826482892036,0.9998799562454224,0.45756852626800537,0.5901961326599121,0.02485470660030842,0.9996537566184998,0.5280112624168396,0.6738489270210266,-0.049926213920116425,0.9914478659629822,0.46444231271743774,0.663715660572052,-0.07602459192276001,0.975156307220459,0.5344933867454529,0.7646828889846802,0.1619642823934555,0.9926255941390991,0.46870410442352295,0.731543242931366,0.3377988040447235,0.9268949627876282,0.5331488847732544,0.7762485146522522,0.1722939908504486,0.8487964868545532,0.4735400974750519,0.7351704835891724,0.3699209988117218,0.6756423711776733,0.5192050933837891,0.7955085039138794,-0.037408847361803055,0.9851887822151184,0.46256664395332336,0.7610856294631958,0.21774590015411377,0.9373270869255066
IMG_9694 2,6,198,good,0.48477739095687866,0.4447277784347534,-0.5334147810935974,0.9999909996986389,0.4930698573589325,0.4376731216907501,-0.5088086724281311,0.9999823570251465,0.4980650842189789,0.43740537762641907,-0.5088835954666138,0.999982476234436,0.5028000473976135,0.4372192919254303,-0.5089278221130371,0.9999813437461853,0.478687584400177,0.4385923147201538,-0.5015163421630859,0.9999762177467346,0.47441813349723816,0.4388274848461151,-0.5014621019363403,0.9999712109565735,0.47029128670692444,0.43905559182167053,-0.5014473795890808,0.9999640583992004,0.5093029141426086,0.44052883982658386,-0.3307485282421112,0.9999653100967407,0.46646028757095337,0.44238215684890747,-0.2956014573574066,0.9999611377716064,0.4963173270225525,0.4510461986064911,-0.46483445167541504,0.9999951124191284,0.4764205515384674,0.4521711468696594,-0.45511674880981445,0.9999915957450867,0.5522047877311707,0.48508086800575256,-0.2340003401041031,0.9999926090240479,0.4337484538555145,0.4899846017360687,-0.08537351340055466,0.9999387860298157,0.5834965705871582,0.5376470685005188,-0.38961830735206604,0.9955846667289734,0.41154882311820984,0.5463561415672302,0.04952065274119377,0.9546594023704529,0.519636869430542,0.524606466293335,-0.7569068074226379,0.9938543438911438,0.389135479927063,0.5940017104148865,-0.08309604227542877,0.9357192516326904,0.5012903213500977,0.5211324095726013,-0.8352018594741821,0.9857303500175476,0.376853883266449,0.6092764139175415,-0.11448796093463898,0.8915979266166687,0.4944797158241272,0.5129905939102173,-0.8360058665275574,0.9860385060310364,0.37911179661750793,0.610256552696228,-0.17134317755699158,0.8918053507804871,0.4992210566997528,0.5136763453483582,-0.7615544199943542,0.9737228751182556,0.38486751914024353,0.6058862805366516,-0.10720580816268921,0.8552190065383911,0.5241836905479431,0.5899103879928589,-0.02612185850739479,0.999886155128479,0.45748457312583923,0.5903503894805908,0.026039723306894302,0.9996722340583801,0.5280996561050415,0.6740527749061584,-0.05093006789684296,0.9914770722389221,0.4656209945678711,0.6636923551559448,-0.10555609315633774,0.9766082167625427,0.5347887277603149,0.7657238245010376,0.14109189808368683,0.9928185343742371,0.46898597478866577,0.731408953666687,0.295553594827652,0.9290148615837097,0.5331762433052063,0.7787167429924011,0.1484387367963791,0.8523174524307251,0.47376877069473267,0.7346773743629456,0.32705578207969666,0.6823017001152039,0.5196200013160706,0.7967913150787354,-0.06972901523113251,0.9856746196746826,0.4622213840484619,0.7610902786254883,0.17039014399051666,0.9395936727523804
IMG_9694 2,7,231,good,0.4848800003528595,0.4441562294960022,-0.5326379537582397,0.9999913573265076,0.4931059181690216,0.43730729818344116,-0.5073779821395874,0.9999822974205017,0.49812498688697815,0.4370347857475281,-0.5074574947357178,0.9999828934669495,0.5028433203697205,0.4368321895599365,-0.5074969530105591,0.999981701374054,0.4787091910839081,0.43813347816467285,-0.5007430911064148,0.9999755620956421,0.4744545817375183,0.4383281469345093,-0.5007002949714661,0.9999704957008362,0.4703335165977478,0.43853867053985596,-0.5006850957870483,0.9999624490737915,0.5093011260032654,0.44014307856559753,-0.32768234610557556,0.9999661445617676,0.46661287546157837,0.44200554490089417,-0.29543331265449524,0.9999599456787109,0.4964428246021271,0.4503697156906128,-0.46368685364723206,0.9999952912330627,0.47650179266929626,0.45137566328048706,-0.4548204839229584,0.9999917149543762,0.5527651906013489,0.4850066602230072,-0.23222889006137848,0.9999932646751404,0.4337589740753174,0.4900236427783966,-0.08627229928970337,0.9999428391456604,0.5830574035644531,0.5381040573120117,-0.38568830490112305,0.9959279298782349,0.41134339570999146,0.5461966395378113,0.057429783046245575,0.9539380073547363,0.5178127288818359,0.5248129367828369,-0.7534914016723633,0.994361400604248,0.38091719150543213,0.5910808444023132,-0.07287736237049103,0.9369454383850098,0.49896687269210815,0.521141767501831,-0.8315643072128296,0.9868234992027283,0.3687736988067627,0.605008602142334,-0.10479453951120377,0.8937885165214539,0.49263232946395874,0.5130142569541931,-0.8334778547286987,0.9870936870574951,0.36963361501693726,0.6054548621177673,-0.1631959229707718,0.8942824602127075,0.49783408641815186,0.5136746168136597,-0.7586677074432373,0.975568950176239,0.37491822242736816,0.6017509698867798,-0.09797157347202301,0.859184741973877,0.5241803526878357,0.5902785658836365,-0.02522461861371994,0.9998921751976013,0.4573240280151367,0.5904432535171509,0.025150060653686523,0.99969083070755,0.5279445648193359,0.674010157585144,-0.05226001515984535,0.9915798902511597,0.4670259952545166,0.6636334657669067,-0.14250560104846954,0.9781681299209595,0.5348407626152039,0.7660131454467773,0.14673328399658203,0.9930267930030823,0.4699236750602722,0.7309880256652832,0.27063432335853577,0.931455671787262,0.533180832862854,0.7797119617462158,0.1549367755651474,0.8553645610809326,0.47484949231147766,0.7336615324020386,0.3032737076282501,0.6887192726135254,0.5197537541389465,0.7974645495414734,-0.06453023105859756,0.9862122535705566,0.4622015655040741,0.7610844969749451,0.1466815322637558,0.942126452922821
IMG_9694 2,8,264,good,0.4840345084667206,0.44355228543281555,-0.5281661152839661,0.9999908804893494,0.49237677454948425,0.43693074584007263,-0.5048604607582092,0.9999797940254211,0.4975309669971466,0.43667325377464294,-0.5049403309822083,0.999981164932251,0.5024480819702148,0.4364925026893616,-0.5049827694892883,0.9999799132347107,0.4783153533935547,0.4376612901687622,-0.49606820940971375,0.9999710917472839,0.4742385745048523,0.4378112256526947,-0.4960326552391052,0.9999645948410034,0.4703075587749481,0.4379511773586273,-0.4960322678089142,0.999954104423523,0.5092881917953491,0.43980568647384644,-0.33293163776397705,0.9999625086784363,0.46704670786857605,0.4414850175380707,-0.2906854748725891,0.9999485015869141,0.49554386734962463,0.44962644577026367,-0.4616755247116089,0.9999951124191284,0.47612395882606506,0.4505520761013031,-0.450029581785202,0.9999909400939941,0.5539742708206177,0.4850080609321594,-0.2411850243806839,0.9999937415122986,0.43399688601493835,0.4900070130825043,-0.08834806829690933,0.999946117401123,0.5829263925552368,0.5389115214347839,-0.3919095993041992,0.9962344765663147,0.4104716181755066,0.5454990863800049,0.06585206836462021,0.9536336064338684,0.5171067714691162,0.5250742435455322,-0.7460528612136841,0.9948043823242188,0.3683069050312042,0.5875696539878845,-0.06924625486135483,0.9388614296913147,0.4978056252002716,0.5212218761444092,-0.8220016956329346,0.9877532124519348,0.35545051097869873,0.6014518737792969,-0.10029809176921844,0.8966875672340393,0.49179381132125854,0.5131794214248657,-0.8226737380027771,0.9879863262176514,0.3559652864933014,0.6010438203811646,-0.15908345580101013,0.8974133133888245,0.4972773790359497,0.513935923576355,-0.7502549290657043,0.977104127407074,0.3605996370315552,0.5971588492393494,-0.09502950310707092,0.8638797402381897,0.5241812467575073,0.590663492679596,-0.027348820120096207,0.9998976588249207,0.4573024809360504,0.5906955003738403,0.02724330872297287,0.9997063279151917,0.5279168486595154,0.6740627288818359,-0.03993474692106247,0.9917796850204468,0.4672200381755829,0.6636112332344055,-0.11092232167720795,0.979243278503418,0.5346054434776306,0.7667750120162964,0.1406385898590088,0.9932532906532288,0.47032618522644043,0.7305309176445007,0.3774423897266388,0.9312789440155029,0.5330641865730286,0.7809221148490906,0.14754363894462585,0.8581780791282654,0.47521454095840454,0.7332289814949036,0.4144565761089325,0.6880804896354675,0.5198601484298706,0.7976539731025696,-0.0706033930182457,0.9867769479751587,0.4616302251815796,0.7609196901321411,0.2696848511695862,0.9430785775184631
IMG_9694 2,9,297,good,0.48384472727775574,0.4431646466255188,-0.5191428661346436,0.9999901652336121,0.4922708570957184,0.43655431270599365,-0.4954405128955841,0.999976634979248,0.49743834137916565,0.43630507588386536,-0.4955146610736847,0.99997878074646,0.5023946762084961,0.43613871932029724,-0.4955555200576782,0.9999775886535645,0.47827330231666565,0.437264621257782,-0.48749831318855286,0.999965250492096,0.47423243522644043,0.43741217255592346,-0.48746028542518616,0.999956488609314,0.47032949328422546,0.4375563859939575,-0.4874606728553772,0.9999421238899231,0.5093178749084473,0.43957018852233887,-0.324270099401474,0.9999570846557617,0.4675271213054657,0.44121432304382324,-0.2853162884712219,0.9999265670776367,0.4951874911785126,0.4492309093475342,-0.45316821336746216,0.9999948143959045,0.47597914934158325,0.4501616656780243,-0.442442923784256,0.9999895691871643,0.5546289682388306,0.48500940203666687,-0.23309846222400665,0.999994158744812,0.4339722692966461,0.490024209022522,-0.08804362267255783,0.9999465346336365,0.5829128623008728,0.540125846862793,-0.37221285700798035,0.9965075254440308,0.4059225916862488,0.543433427810669,0.05879200994968414,0.9534628987312317,0.5166946649551392,0.5254278779029846,-0.72281813621521,0.995200514793396,0.35549214482307434,0.5815917253494263,-0.08616841584444046,0.9407303929328918,0.497696191072464,0.5217786431312561,-0.8001331090927124,0.9885798096656799,0.3422383964061737,0.5907102227210999,-0.11995772272348404,0.8994948863983154,0.4916546940803528,0.5139002799987793,-0.80192631483078,0.9887873530387878,0.34150880575180054,0.591130256652832,-0.17940783500671387,0.9005412459373474,0.4968215823173523,0.5143588185310364,-0.7278794646263123,0.9784932136535645,0.3464772403240204,0.5889453291893005,-0.11295036226511002,0.8685672879219055,0.523880124092102,0.5909233689308167,-0.029495766386389732,0.9999018311500549,0.4569001793861389,0.5913805961608887,0.02940608188509941,0.9997146129608154,0.5270622372627258,0.6738898158073425,-0.04546131193637848,0.9921166896820068,0.46759697794914246,0.6637129783630371,0.019643684849143028,0.9801947474479675,0.5344974398612976,0.7670156955718994,0.13857845962047577,0.9935395121574402,0.4710072875022888,0.7305429577827454,0.49071192741394043,0.931285560131073,0.532956600189209,0.7807218432426453,0.1461484283208847,0.860940158367157,0.4761723279953003,0.7334054112434387,0.528561532497406,0.6886072754859924,0.5206989645957947,0.7975157499313354,-0.0730644017457962,0.9873563647270203,0.4615277051925659,0.7609249353408813,0.3870481550693512,0.9433792233467102
IMG_9694 2,10,330,good,0.48457759618759155,0.4425315856933594,-0.5226807594299316,0.9999904036521912,0.4927108883857727,0.43617501854896545,-0.49892911314964294,0.9999768137931824,0.497898131608963,0.4359830617904663,-0.49899783730506897,0.9999790191650391,0.502834141254425,0.4358668625354767,-0.4990371763706207,0.9999780058860779,0.47887173295021057,0.4367268681526184,-0.490214079618454,0.9999650120735168,0.47491195797920227,0.4368307888507843,-0.4901725947856903,0.9999557137489319,0.47113168239593506,0.436943918466568,-0.4901665449142456,0.9999407529830933,0.5096621513366699,0.4394589364528656,-0.328164666891098,0.9999577403068542,0.4683837890625,0.4408760070800781,-0.28624671697616577,0.9999203085899353,0.49592867493629456,0.4488888084888458,-0.45753344893455505,0.9999949336051941,0.4767599105834961,0.4495592713356018,-0.4457765817642212,0.99998939037323,0.5557499527931213,0.48543182015419006,-0.24103766679763794,0.9999945163726807,0.43398717045783997,0.4900043308734894,-0.08861132711172104,0.9999467730522156,0.5828753709793091,0.5411844849586487,-0.37566620111465454,0.9967511296272278,0.39993518590927124,0.53835129737854,0.05111046880483627,0.9551244974136353,0.5165061950683594,0.5261268019676208,-0.7266660332679749,0.9955596923828125,0.34263327717781067,0.5682792663574219,-0.1018628403544426,0.9443374276161194,0.4975031614303589,0.5224184393882751,-0.8060991168022156,0.9893461465835571,0.3285578787326813,0.5747085213661194,-0.13709822297096252,0.9050512909889221,0.49158066511154175,0.5147091746330261,-0.8093048334121704,0.9895326495170593,0.3268234133720398,0.5753018260002136,-0.19967491924762726,0.9062981009483337,0.4968701899051666,0.5150699019432068,-0.7322367429733276,0.9798074960708618,0.33276864886283875,0.5735169649124146,-0.13052299618721008,0.8764726519584656,0.5237301588058472,0.5911000967025757,-0.038572926074266434,0.9999066591262817,0.45644569396972656,0.5917134284973145,0.03851105272769928,0.9997235536575317,0.5259258151054382,0.6738027334213257,-0.07831308990716934,0.9926669597625732,0.46811380982398987,0.6646434664726257,0.11246804893016815,0.9812710285186768,0.5343033075332642,0.766995906829834,0.08792747557163239,0.9939936995506287,0.471318781375885,0.7317333221435547,0.5703479647636414,0.9342390298843384,0.5323098301887512,0.780640721321106,0.09295393526554108,0.8680635094642639,0.4781306982040405,0.7366281747817993,0.6068441867828369,0.7003340125083923,0.5217829346656799,0.7972801327705383,-0.13368788361549377,0.9882391691207886,0.46140262484550476,0.761040985584259,0.4662461578845978,0.9457854628562927
IMG_9694 2,11,363,good,0.48558416962623596,0.44129443168640137,-0.4788665175437927,0.9999903440475464,0.4932730793952942,0.4354626536369324,-0.4546889662742615,0.9999768137931824,0.49840670824050903,0.4353780448436737,-0.45477014780044556,0.9999789595603943,0.503337562084198,0.4353652894496918,-0.4548026919364929,0.999978244304657,0.4799337387084961,0.43578776717185974,-0.4448305070400238,0.9999644160270691,0.4761602282524109,0.43587538599967957,-0.444801926612854,0.9999541640281677,0.47256049513816833,0.43599218130111694,-0.4447827935218811,0.9999387860298157,0.5100011825561523,0.4391249418258667,-0.2897714376449585,0.9999577403068542,0.46986448764801025,0.4403620958328247,-0.2427474707365036,0.9999106526374817,0.49668410420417786,0.4478326141834259,-0.41650310158729553,0.9999949336051941,0.4779680669307709,0.44814473390579224,-0.40327516198158264,0.9999886751174927,0.5567640662193298,0.48596838116645813,-0.23095577955245972,0.9999947547912598,0.4339876174926758,0.4899508059024811,-0.046144999563694,0.9999440312385559,0.5828404426574707,0.5421057343482971,-0.34363076090812683,0.996924877166748,0.3962459862232208,0.5318487882614136,0.09391474723815918,0.9557089805603027,0.516569972038269,0.5273103713989258,-0.6804736852645874,0.9958610534667969,0.33397606015205383,0.5536620020866394,-0.060955557972192764,0.9473450779914856,0.49783793091773987,0.5235458016395569,-0.7562622427940369,0.9900011420249939,0.31802278757095337,0.5567159652709961,-0.0925566554069519,0.909760594367981,0.49206820130348206,0.5160768032073975,-0.7606248259544373,0.9901712536811829,0.3170797824859619,0.5561737418174744,-0.15464690327644348,0.9112659692764282,0.497146874666214,0.5164750814437866,-0.685974657535553,0.9809423685073853,0.32344263792037964,0.5556864738464355,-0.0899788960814476,0.8834593296051025,0.5238692760467529,0.5911497473716736,-0.042738813906908035,0.9999098777770996,0.45651182532310486,0.5920119285583496,0.04269557446241379,0.9997224807739258,0.5251402854919434,0.6736290454864502,-0.08966295421123505,0.9930721521377563,0.47004494071006775,0.6653112173080444,0.1322823464870453,0.9816218614578247,0.533691942691803,0.7674100399017334,0.03300492465496063,0.9943787455558777,0.47316494584083557,0.7316563129425049,0.5567694306373596,0.9357081651687622,0.5321873426437378,0.7805025577545166,0.03390863165259361,0.8752483129501343,0.4821180999279022,0.7366212010383606,0.5904832482337952,0.7089110016822815,0.5217932462692261,0.7970932126045227,-0.18188916146755219,0.9890257716178894,0.4618820250034332,0.7605589628219604,0.46067044138908386,0.9473084211349487
IMG_9694 2,12,396,good,0.4884382486343384,0.43694451451301575,-0.4235920011997223,0.9999901056289673,0.4955204725265503,0.43223780393600464,-0.3984242379665375,0.999976396560669,0.5004768967628479,0.43242692947387695,-0.39852359890937805,0.9999786019325256,0.5050817728042603,0.43269795179367065,-0.39855819940567017,0.9999783039093018,0.48195794224739075,0.43256521224975586,-0.3901318311691284,0.9999626278877258,0.47802355885505676,0.43290117383003235,-0.3900791108608246,0.9999505877494812,0.47426870465278625,0.43329331278800964,-0.39005476236343384,0.9999344944953918,0.5112067461013794,0.4380517303943634,-0.236259326338768,0.9999575018882751,0.471146821975708,0.43916425108909607,-0.1979665756225586,0.9998979568481445,0.4991576075553894,0.4444158375263214,-0.36299511790275574,0.9999947547912598,0.4801933467388153,0.4447295367717743,-0.35223203897476196,0.9999874234199524,0.5576974153518677,0.48598793148994446,-0.18183766305446625,0.9999949932098389,0.434722363948822,0.4886612296104431,-0.008759905584156513,0.9999347925186157,0.5836242437362671,0.5420467257499695,-0.30261173844337463,0.9970681667327881,0.3912278711795807,0.5243252515792847,0.13254298269748688,0.9544793963432312,0.5192093253135681,0.5272952318191528,-0.63736891746521,0.9961550831794739,0.32121941447257996,0.5391378402709961,-0.013478335924446583,0.9494243860244751,0.5005226135253906,0.5242446660995483,-0.7106317281723022,0.9906632304191589,0.30335497856140137,0.5392444133758545,-0.04203375428915024,0.9133338332176208,0.49343594908714294,0.5176043510437012,-0.7148410081863403,0.9908156991004944,0.30235064029693604,0.5384382009506226,-0.1034546047449112,0.9151734709739685,0.4984411299228668,0.517711341381073,-0.6426902413368225,0.9821286797523499,0.30854353308677673,0.5392419099807739,-0.04263996705412865,0.8893874883651733,0.5240392684936523,0.5911306142807007,-0.043904148042201996,0.9999094009399414,0.4565120339393616,0.5920098423957825,0.043873220682144165,0.9997076988220215,0.5217591524124146,0.6731799244880676,-0.08813460171222687,0.9932658672332764,0.4700092077255249,0.6652811765670776,0.08215348422527313,0.9818096160888672,0.533524751663208,0.7690055966377258,0.04491835832595825,0.9946697354316711,0.47373121976852417,0.7316963076591492,0.4970684349536896,0.9374343156814575,0.5322062373161316,0.7815321087837219,0.045629967004060745,0.8811755180358887,0.48250725865364075,0.7366189360618591,0.5359033346176147,0.7163872718811035,0.5216889381408691,0.7970877289772034,-0.16437453031539917,0.9896788597106934,0.4618746340274811,0.7609233856201172,0.37779000401496887,0.9487831592559814
IMG_9694 2,13,429,good,0.4897981286048889,0.4374580383300781,-0.4075961410999298,0.9999905824661255,0.4975045621395111,0.43225547671318054,-0.380450576543808,0.9999779462814331,0.5024914145469666,0.4324452877044678,-0.3805261254310608,0.9999798536300659,0.506932258605957,0.43270841240882874,-0.38056814670562744,0.9999797344207764,0.48358556628227234,0.43248799443244934,-0.37333381175994873,0.9999647736549377,0.47952407598495483,0.43274858593940735,-0.37329331040382385,0.9999528527259827,0.47554802894592285,0.43309295177459717,-0.37320423126220703,0.9999377727508545,0.5132831931114197,0.4380108118057251,-0.20859955251216888,0.9999606013298035,0.4723299741744995,0.4386826157569885,-0.17664854228496552,0.9999015927314758,0.500400722026825,0.444761723279953,-0.34330111742019653,0.9999949932098389,0.48142102360725403,0.445120632648468,-0.33421286940574646,0.9999876618385315,0.5584909319877625,0.4861598610877991,-0.14824359118938446,0.9999952912330627,0.4346905052661896,0.48849284648895264,0.020655350759625435,0.9999300837516785,0.5840458869934082,0.541953444480896,-0.2729139029979706,0.9972516894340515,0.38264045119285583,0.520391583442688,0.11647139489650726,0.9553026556968689,0.5193881392478943,0.527519702911377,-0.6071270704269409,0.9964723587036133,0.3109204173088074,0.5228965282440186,-0.054906509816646576,0.9532365202903748,0.5005737543106079,0.5247717499732971,-0.6854575872421265,0.9913944005966187,0.29351672530174255,0.5203959345817566,-0.07364319264888763,0.9197168350219727,0.49346494674682617,0.517785370349884,-0.6888325214385986,0.9915274381637573,0.29273882508277893,0.5182974934577942,-0.11426699161529541,0.921600878238678,0.4985154867172241,0.5178943872451782,-0.612450897693634,0.9834741353988647,0.29799342155456543,0.5198913216590881,-0.057957325130701065,0.897969663143158,0.5244500041007996,0.5894312262535095,-0.04951498657464981,0.9999107718467712,0.45660123229026794,0.5908253192901611,0.049587078392505646,0.9996930956840515,0.5204569101333618,0.6722217202186584,-0.12004344910383224,0.9936023950576782,0.47021472454071045,0.6652738451957703,0.14072783291339874,0.9814683794975281,0.5326881408691406,0.7696516513824463,-0.05189990997314453,0.9949842095375061,0.4768681228160858,0.7326914668083191,0.4985237419605255,0.9400483965873718,0.530443549156189,0.7815444469451904,-0.057945698499679565,0.8875644207000732,0.488052636384964,0.7386040091514587,0.5259132385253906,0.7308937907218933,0.5224505662918091,0.7970683574676514,-0.2740418016910553,0.9903131127357483,0.46203723549842834,0.7613055109977722,0.3899560570716858,0.9508814215660095
IMG_9694 2,14,462,good,0.4899519085884094,0.43801718950271606,-0.40170103311538696,0.9999907612800598,0.49786457419395447,0.4323704242706299,-0.37471362948417664,0.9999790191650391,0.502826988697052,0.43255624175071716,-0.3747800290584564,0.999980628490448,0.5072910785675049,0.43281376361846924,-0.374815970659256,0.9999806880950928,0.4842434823513031,0.43254634737968445,-0.36753058433532715,0.9999662041664124,0.48038244247436523,0.4328579604625702,-0.36752888560295105,0.9999542236328125,0.476634681224823,0.43323439359664917,-0.36744868755340576,0.999940037727356,0.5142088532447815,0.43804478645324707,-0.2022862434387207,0.999963104724884,0.47469574213027954,0.4387246370315552,-0.17010627686977386,0.9999026656150818,0.5006319880485535,0.44533947110176086,-0.3372829854488373,0.9999951720237732,0.48242270946502686,0.445704847574234,-0.32821714878082275,0.9999877214431763,0.5601251125335693,0.4870997667312622,-0.13972698152065277,0.9999955296516418,0.43433478474617004,0.48841696977615356,0.02519642747938633,0.9999255537986755,0.5842157602310181,0.5435280203819275,-0.2755610942840576,0.9974026679992676,0.37399616837501526,0.5171540379524231,0.06389864534139633,0.9569962024688721,0.5237771272659302,0.5284669995307922,-0.6213907599449158,0.9967355132102966,0.30975475907325745,0.5076765418052673,-0.2722429633140564,0.9571851491928101,0.5057398080825806,0.5262399911880493,-0.6995254755020142,0.9919997453689575,0.2903188169002533,0.5035718083381653,-0.3228883147239685,0.9263731241226196,0.498576819896698,0.5196264386177063,-0.7023710012435913,0.9921153783798218,0.2911251187324524,0.5002057552337646,-0.36891764402389526,0.928166389465332,0.5038090944290161,0.5196568965911865,-0.6264269948005676,0.9845675230026245,0.29795753955841064,0.5017518997192383,-0.2985934019088745,0.9065083861351013,0.5244571566581726,0.5891487002372742,-0.05339500308036804,0.9999123215675354,0.4563234746456146,0.5907210111618042,0.05347779020667076,0.9996817111968994,0.5190529227256775,0.672049343585968,-0.15807536244392395,0.993898868560791,0.4704205095767975,0.6653478145599365,0.15789498388767242,0.9802591800689697,0.5322556495666504,0.7699891328811646,-0.09927187114953995,0.9952166080474854,0.47939759492874146,0.7325937151908875,0.5447483062744141,0.9391835927963257,0.5305359363555908,0.7821706533432007,-0.10601388663053513,0.8904631733894348,0.49044546484947205,0.738193929195404,0.57441645860672,0.739063560962677,0.5196823477745056,0.7970702648162842,-0.32829558849334717,0.9907636642456055,0.46261537075042725,0.7609555125236511,0.4463960826396942,0.950858473777771
IMG_9694 2,15,495,good,0.49147987365722656,0.4381144344806671,-0.4075968861579895,0.9999908208847046,0.4995177090167999,0.4324219226837158,-0.3811822235584259,0.9999799728393555,0.5043736696243286,0.43262019753456116,-0.3812350332736969,0.9999813437461853,0.5087723135948181,0.4329456686973572,-0.3812768757343292,0.9999814629554749,0.48597678542137146,0.4327213168144226,-0.37561681866645813,0.999967634677887,0.4820113480091095,0.4330289363861084,-0.3756650984287262,0.999955952167511,0.47818389534950256,0.4333879351615906,-0.3755664527416229,0.9999427795410156,0.5157430171966553,0.4382797181606293,-0.2085053026676178,0.999965488910675,0.4756297469139099,0.43876174092292786,-0.1842932403087616,0.999906063079834,0.5018473863601685,0.44565463066101074,-0.34299561381340027,0.9999952912330627,0.48387423157691956,0.4457937777042389,-0.33619120717048645,0.999987781047821,0.5610647201538086,0.4878169000148773,-0.14657507836818695,0.9999957084655762,0.4341002404689789,0.4881930649280548,0.004881934728473425,0.9999255537986755,0.585387110710144,0.5435084104537964,-0.28867679834365845,0.9975430965423584,0.3680574595928192,0.5152093768119812,-0.04492101073265076,0.9603750705718994,0.5263178944587708,0.5289064645767212,-0.6368576288223267,0.9969663619995117,0.3046110272407532,0.49298471212387085,-0.41440266370773315,0.9611761569976807,0.5089541673660278,0.5265204906463623,-0.7145617008209229,0.9925180673599243,0.28313735127449036,0.4867904782295227,-0.47551319003105164,0.933024525642395,0.5021048188209534,0.5198685526847839,-0.7177860140800476,0.9926215410232544,0.28559252619743347,0.4827035665512085,-0.5130664706230164,0.9346839785575867,0.5073872208595276,0.5200634598731995,-0.6421511173248291,0.985516369342804,0.29480215907096863,0.4847932755947113,-0.4397316873073578,0.9149672389030457,0.5254498720169067,0.5888155698776245,-0.05592477321624756,0.9999134540557861,0.456877201795578,0.5905346870422363,0.05601069703698158,0.9996787309646606,0.5189104676246643,0.6720661520957947,-0.17739516496658325,0.9940459728240967,0.47315943241119385,0.6678731441497803,0.1515016108751297,0.9771357178688049,0.5314989686012268,0.7700703740119934,-0.1263027936220169,0.99531489610672,0.4840245544910431,0.7361945509910583,0.5201337337493896,0.9362877011299133,0.5304692983627319,0.7832908034324646,-0.1337592899799347,0.8921818733215332,0.4963568150997162,0.7427694201469421,0.5480661392211914,0.7457131147384644,0.5210283994674683,0.7970635890960693,-0.3551926016807556,0.9909601211547852,0.46475011110305786,0.7621502876281738,0.41316741704940796,0.9496397376060486
IMG_9694 2,16,528,good,0.49218055605888367,0.4406830370426178,-0.3571331202983856,0.9999896883964539,0.500122606754303,0.4345698356628418,-0.33101269602775574,0.9999794363975525,0.5049851536750793,0.4345793128013611,-0.33108508586883545,0.9999802708625793,0.5094078779220581,0.4347129464149475,-0.33114010095596313,0.9999808073043823,0.48669734597206116,0.43491628766059875,-0.3233642876148224,0.9999663233757019,0.4827595353126526,0.4350721836090088,-0.32340559363365173,0.9999529123306274,0.47904008626937866,0.4352732002735138,-0.3232977092266083,0.9999406337738037,0.5165363550186157,0.43908143043518066,-0.16552840173244476,0.999966025352478,0.4767111837863922,0.4394140839576721,-0.13047826290130615,0.9999011158943176,0.502590537071228,0.4476305842399597,-0.29546481370925903,0.9999951720237732,0.48517507314682007,0.4483334720134735,-0.2854540944099426,0.9999868869781494,0.5622628331184387,0.4883410930633545,-0.12015105038881302,0.9999958872795105,0.4342217445373535,0.48779594898223877,0.05759679153561592,0.9999239444732666,0.5867259502410889,0.5440686941146851,-0.2915990352630615,0.9976616501808167,0.3658693730831146,0.5101861357688904,-0.008196597918868065,0.9636140465736389,0.5306111574172974,0.5305535793304443,-0.6395556330680847,0.9971442222595215,0.3025120794773102,0.48157402873039246,-0.2932579815387726,0.964736819267273,0.5134831666946411,0.5281539559364319,-0.7167311906814575,0.9929219484329224,0.2854142487049103,0.473020076751709,-0.3454311192035675,0.9388276934623718,0.5069519877433777,0.5213969349861145,-0.7240059971809387,0.9930120706558228,0.2881195545196533,0.4688555598258972,-0.38479843735694885,0.9403653740882874,0.5118524432182312,0.5216067433357239,-0.6472439169883728,0.9862145185470581,0.2949429154396057,0.47183820605278015,-0.31794360280036926,0.922351598739624,0.525709867477417,0.588912844657898,-0.07065054774284363,0.9999176263809204,0.4570843279361725,0.5908394455909729,0.0708453580737114,0.9996808767318726,0.5186981558799744,0.6733368039131165,-0.24902687966823578,0.9941668510437012,0.4754426181316376,0.6720631122589111,0.1837148666381836,0.972574770450592,0.5311827063560486,0.7704131007194519,-0.22707036137580872,0.9954143166542053,0.4898354411125183,0.7339924573898315,0.6327672004699707,0.9221930503845215,0.5312691330909729,0.7840825915336609,-0.23701664805412292,0.8899138569831848,0.5018834471702576,0.739824116230011,0.6701110601425171,0.7441287040710449,0.5196774005889893,0.7974342107772827,-0.4687826633453369,0.9911174774169922,0.46512892842292786,0.7612004280090332,0.5544905662536621,0.9451594352722168
IMG_9694 2,17,561,good,0.4957652986049652,0.4413197338581085,-0.37603870034217834,0.9999893307685852,0.5033904314041138,0.4349672496318817,-0.34518304467201233,0.9999797940254211,0.5079711079597473,0.43503257632255554,-0.345387727022171,0.9999802708625793,0.512158989906311,0.435219943523407,-0.34523990750312805,0.9999809861183167,0.4899000823497772,0.43514639139175415,-0.3270745873451233,0.9999669790267944,0.48568227887153625,0.43524739146232605,-0.326297402381897,0.9999534487724304,0.4817938208580017,0.43539121747016907,-0.326553612947464,0.9999418258666992,0.5187901854515076,0.4397701025009155,-0.19597099721431732,0.9999673366546631,0.47753673791885376,0.43953219056129456,-0.18729403614997864,0.9999030232429504,0.5051788687705994,0.44837459921836853,-0.3008425533771515,0.9999951124191284,0.4878588020801544,0.4486102759838104,-0.30544525384902954,0.9999865293502808,0.5631121397018433,0.4891711175441742,-0.18042747676372528,0.9999959468841553,0.434061199426651,0.48758664727211,-0.02035270258784294,0.9999207854270935,0.5896984934806824,0.5442315936088562,-0.37418365478515625,0.9977939128875732,0.35634681582450867,0.5052170157432556,-0.1369326114654541,0.9669526219367981,0.5358417630195618,0.5315219163894653,-0.7091867327690125,0.997282862663269,0.3004259467124939,0.46663224697113037,-0.47242501378059387,0.9679861068725586,0.5173622965812683,0.5290551781654358,-0.7864556312561035,0.9932030439376831,0.28566932678222656,0.456368625164032,-0.5283983945846558,0.9439907670021057,0.5117815732955933,0.5220891833305359,-0.7796608209609985,0.9932825565338135,0.28959921002388,0.45064792037010193,-0.5519417524337769,0.945389449596405,0.515322744846344,0.5224417448043823,-0.7112199664115906,0.9866821765899658,0.2964226007461548,0.45424163341522217,-0.4917255640029907,0.9288953542709351,0.5265452861785889,0.5888486504554749,-0.07314649969339371,0.9999226331710815,0.4570857882499695,0.5907403230667114,0.07330344617366791,0.9996922016143799,0.5183272957801819,0.6735855340957642,-0.25706782937049866,0.9943803548812866,0.47516706585884094,0.672145664691925,0.24427089095115662,0.967028021812439,0.5311235189437866,0.7711142897605896,-0.28047868609428406,0.9956355690956116,0.491463840007782,0.7335359454154968,0.671091616153717,0.9137957096099854,0.5310031175613403,0.7854706048965454,-0.29459306597709656,0.8917961120605469,0.5041002035140991,0.7395875453948975,0.7060828804969788,0.7454725503921509,0.5202022194862366,0.7974280118942261,-0.5208001136779785,0.9914990067481995,0.46476730704307556,0.7601714730262756,0.5967496633529663,0.9425493478775024
IMG_9694 2,18,594,good,0.49705901741981506,0.4429921805858612,-0.4727443754673004,0.9999895691871643,0.5049852728843689,0.4365984797477722,-0.44532307982444763,0.9999808669090271,0.5094853639602661,0.4366794228553772,-0.44536253809928894,0.999981164932251,0.5138046145439148,0.4369592070579529,-0.4454110860824585,0.9999819993972778,0.4913709759712219,0.43653178215026855,-0.439919650554657,0.9999686479568481,0.4869462251663208,0.436542809009552,-0.4399111568927765,0.9999556541442871,0.482894629240036,0.4366070032119751,-0.4398508667945862,0.9999450445175171,0.5201752781867981,0.44108477234840393,-0.27512943744659424,0.9999693632125854,0.4778095483779907,0.44048619270324707,-0.2616916298866272,0.9999073147773743,0.5059055089950562,0.45015406608581543,-0.40615496039390564,0.999995231628418,0.48863622546195984,0.45013755559921265,-0.4037935137748718,0.9999867677688599,0.563345193862915,0.49010202288627625,-0.21590545773506165,0.9999960064888,0.4340564012527466,0.48759278655052185,-0.08611798286437988,0.9999145865440369,0.5926911234855652,0.5447569489479065,-0.3847196698188782,0.9978580474853516,0.3519812226295471,0.5015433430671692,-0.2030138075351715,0.9699043035507202,0.5428049564361572,0.5363331437110901,-0.7140421271324158,0.9973153471946716,0.30594179034233093,0.4579498767852783,-0.5513125658035278,0.9707993865013123,0.524873673915863,0.5339681506156921,-0.7888504862785339,0.99313884973526,0.29233109951019287,0.44387108087539673,-0.6128352284431458,0.9482181668281555,0.5187930464744568,0.5263302326202393,-0.7869528532028198,0.9932066202163696,0.2964881956577301,0.44052550196647644,-0.6318173408508301,0.949449896812439,0.5215979218482971,0.5267958641052246,-0.7175720930099487,0.9864914417266846,0.3028123080730438,0.4447419047355652,-0.5689821243286133,0.9341972470283508,0.5267811417579651,0.5890204310417175,-0.06758750975131989,0.9999256134033203,0.4570552110671997,0.5908194184303284,0.06771004945039749,0.9996967911720276,0.5184133052825928,0.6738855838775635,-0.21346750855445862,0.9945836067199707,0.47490012645721436,0.6723623275756836,0.20630769431591034,0.9657562375068665,0.5310677886009216,0.7718445658683777,-0.18145892024040222,0.9957839846611023,0.49288222193717957,0.7335145473480225,0.6278225779533386,0.907355010509491,0.5313202738761902,0.7859964370727539,-0.19054313004016876,0.8901405930519104,0.5059463381767273,0.7390313744544983,0.6622891426086426,0.7438452839851379,0.5198838114738464,0.7982524633407593,-0.42297887802124023,0.9916760921478271,0.46530094742774963,0.7601902484893799,0.5409120321273804,0.9393805265426636
IMG_9694 2,19,627,good,0.5006855726242065,0.4448588490486145,-0.4804602861404419,0.9999895095825195,0.5074754357337952,0.43840786814689636,-0.4536137282848358,0.9999815821647644,0.5116098523139954,0.4383968710899353,-0.453641802072525,0.9999816417694092,0.5158193707466125,0.43861159682273865,-0.45372581481933594,0.9999826550483704,0.4943372905254364,0.43855932354927063,-0.4511038064956665,0.9999696612358093,0.4896661341190338,0.4386676251888275,-0.45118093490600586,0.9999565482139587,0.48529404401779175,0.4388607144355774,-0.4510791599750519,0.9999465346336365,0.5212089419364929,0.4422774314880371,-0.28258973360061646,0.9999706149101257,0.47863245010375977,0.4425989091396332,-0.27289897203445435,0.9999083876609802,0.5086873173713684,0.4519226849079132,-0.4157078266143799,0.999995231628418,0.4919922351837158,0.4521477520465851,-0.41340476274490356,0.9999862909317017,0.5637160539627075,0.49097776412963867,-0.22194170951843262,0.9999960660934448,0.4341009557247162,0.48795169591903687,-0.1054440587759018,0.9999012351036072,0.5955597162246704,0.5453488826751709,-0.397607684135437,0.9979039430618286,0.3480347990989685,0.4968375861644745,-0.21864159405231476,0.9726110696792603,0.5477614402770996,0.5364519953727722,-0.7272322177886963,0.9973114728927612,0.31032609939575195,0.4477626383304596,-0.5303940773010254,0.9732685685157776,0.5302661061286926,0.5344792008399963,-0.8005146384239197,0.9929677844047546,0.29672253131866455,0.43323028087615967,-0.5865583419799805,0.9516857862472534,0.5249195098876953,0.5272660851478577,-0.7947723865509033,0.9930297136306763,0.2990129590034485,0.429310142993927,-0.602845311164856,0.9527556896209717,0.5276017189025879,0.5274563431739807,-0.7295337915420532,0.9861425757408142,0.30589041113853455,0.43456795811653137,-0.5464767813682556,0.9385709166526794,0.5275318026542664,0.5907338857650757,-0.06454732269048691,0.9999293088912964,0.45722752809524536,0.5918440222740173,0.0646466538310051,0.9996992349624634,0.518486738204956,0.674578070640564,-0.22359716892242432,0.9947580695152283,0.4732576012611389,0.6720694303512573,0.25863519310951233,0.9625511765480042,0.5309804081916809,0.7721360921859741,-0.2175689935684204,0.9959405660629272,0.4916532039642334,0.7320402264595032,0.7043108344078064,0.8992487192153931,0.531319797039032,0.7864927053451538,-0.2287883460521698,0.8893033862113953,0.5040039420127869,0.736748218536377,0.7415955662727356,0.7400513887405396,0.5190238952636719,0.7982378602027893,-0.4612674117088318,0.9919082522392273,0.46523675322532654,0.7593429684638977,0.6289536356925964,0.9361585974693298
IMG_9694 2,20,660,good,0.5011734366416931,0.44565197825431824,-0.5041881799697876,0.9999879598617554,0.5078216195106506,0.4392639398574829,-0.47903573513031006,0.999980628490448,0.511925220489502,0.4392869770526886,-0.4790506958961487,0.999980092048645,0.5161290764808655,0.4394833743572235,-0.47915226221084595,0.9999817609786987,0.49509474635124207,0.4393689036369324,-0.47605934739112854,0.9999675750732422,0.4905549883842468,0.4394618570804596,-0.4761739671230316,0.9999528527259827,0.48635196685791016,0.4396379292011261,-0.47610554099082947,0.999943733215332,0.5215840935707092,0.4436618983745575,-0.31441089510917664,0.999968945980072,0.4795769453048706,0.4440631568431854,-0.30089467763900757,0.9998989105224609,0.5090723633766174,0.4526156485080719,-0.44250890612602234,0.9999947547912598,0.49253106117248535,0.45293116569519043,-0.4389529526233673,0.9999840259552002,0.5638741254806519,0.49284347891807556,-0.25247490406036377,0.999995768070221,0.4340366721153259,0.4888489544391632,-0.14291220903396606,0.9998822808265686,0.5976558923721313,0.5463109016418457,-0.4359860420227051,0.9978370070457458,0.3455304503440857,0.4937278926372528,-0.2791924774646759,0.9750014543533325,0.5508935451507568,0.5374387502670288,-0.7596212029457092,0.997042715549469,0.314744770526886,0.4430527985095978,-0.5890213251113892,0.9753044843673706,0.5332248210906982,0.5354389548301697,-0.8304970860481262,0.9921083450317383,0.30798158049583435,0.42811134457588196,-0.647986114025116,0.9541218876838684,0.5275534987449646,0.5283218622207642,-0.824131429195404,0.9921386241912842,0.3154549300670624,0.4244520366191864,-0.6584845185279846,0.9549301266670227,0.5301558375358582,0.5282077193260193,-0.7616676688194275,0.9845104217529297,0.3206496238708496,0.4295056462287903,-0.6031357645988464,0.9415656924247742,0.5294776558876038,0.5912961959838867,-0.06336672604084015,0.9999316334724426,0.4575195610523224,0.5919384956359863,0.06343207508325577,0.9996997117996216,0.5185492634773254,0.6749745607376099,-0.21330928802490234,0.9948033094406128,0.4685758054256439,0.6722826957702637,0.23568245768547058,0.9598649740219116,0.5311013460159302,0.7723211646080017,-0.1814674586057663,0.9960042834281921,0.49008089303970337,0.7319191098213196,0.6742189526557922,0.8904446959495544,0.5325531363487244,0.7866167426109314,-0.1896594762802124,0.8838552832603455,0.5019187927246094,0.7346681952476501,0.7107541561126709,0.7313960194587708,0.517463743686676,0.7987436652183533,-0.4216483533382416,0.9919471144676208,0.4648541510105133,0.7592763900756836,0.5931941270828247,0.9314137101173401
IMG_9694 2,21,693,good,0.5007277727127075,0.44739463925361633,-0.5273706912994385,0.9999865293502808,0.5074471831321716,0.4413188397884369,-0.5005382895469666,0.9999793171882629,0.5116116404533386,0.4412881135940552,-0.5005357265472412,0.9999781250953674,0.5158650875091553,0.441413551568985,-0.5006189346313477,0.9999803900718689,0.4946410655975342,0.4416687786579132,-0.4978227913379669,0.9999650120735168,0.49014315009117126,0.4419073462486267,-0.49794843792915344,0.9999493360519409,0.4859798848628998,0.4421935975551605,-0.4979180097579956,0.9999411106109619,0.5215350389480591,0.4455708861351013,-0.33061569929122925,0.999965250492096,0.4795825481414795,0.44657978415489197,-0.3197668194770813,0.9998888373374939,0.5087969303131104,0.45446375012397766,-0.46449699997901917,0.9999938607215881,0.4921678900718689,0.4550006091594696,-0.46179497241973877,0.9999810457229614,0.5638113617897034,0.49526268243789673,-0.2562200427055359,0.9999943971633911,0.43361008167266846,0.49099212884902954,-0.17824530601501465,0.9998653531074524,0.5977452397346497,0.5495104193687439,-0.42838752269744873,0.9977090358734131,0.3455040454864502,0.4924543797969818,-0.34766140580177307,0.9772879481315613,0.5517725944519043,0.5418973565101624,-0.743172287940979,0.9966421127319336,0.3347117602825165,0.43962088227272034,-0.6655272841453552,0.9771840572357178,0.5344287157058716,0.5407261252403259,-0.8115065693855286,0.9906046986579895,0.3339025676250458,0.4273090660572052,-0.7279717922210693,0.9562952518463135,0.5286410450935364,0.5338144898414612,-0.8067563772201538,0.9906091094017029,0.33951708674430847,0.4240603744983673,-0.7268722653388977,0.956744909286499,0.5323660373687744,0.5337091088294983,-0.7452759146690369,0.981829822063446,0.3429073989391327,0.4282446801662445,-0.6747114658355713,0.9439135193824768,0.531557559967041,0.59181147813797,-0.041905567049980164,0.9999309182167053,0.45821601152420044,0.5923041105270386,0.041779663413763046,0.9997048377990723,0.5191949605941772,0.6752704977989197,-0.16840781271457672,0.9947412014007568,0.46416136622428894,0.6722314953804016,0.16957725584506989,0.9609248042106628,0.5311007499694824,0.772272527217865,-0.05278979241847992,0.995958685874939,0.4857015013694763,0.7319095730781555,0.6088569760322571,0.8883943557739258,0.5325224995613098,0.7864617705345154,-0.051309119910001755,0.8830618858337402,0.49581965804100037,0.7347036004066467,0.6475297212600708,0.7244537472724915,0.5180744528770447,0.7987760901451111,-0.2700464725494385,0.9918040633201599,0.46514955163002014,0.7603561878204346,0.5174925327301025,0.9286037683486938
IMG_9694 2,22,727,good,0.501184344291687,0.44867053627967834,-0.39717602729797363,0.9999797344207764,0.507540225982666,0.44351112842559814,-0.3682275116443634,0.9999716877937317,0.5117104649543762,0.4435461163520813,-0.36823245882987976,0.9999687671661377,0.5159493088722229,0.4436757564544678,-0.36828121542930603,0.9999727606773376,0.4950709044933319,0.44402217864990234,-0.36687710881233215,0.9999522566795349,0.4907039403915405,0.4443735182285309,-0.36697548627853394,0.9999316930770874,0.4866383373737335,0.44476842880249023,-0.36694732308387756,0.9999252557754517,0.5214071273803711,0.4483191967010498,-0.212665393948555,0.9999449253082275,0.4798841178417206,0.44981637597084045,-0.20716677606105804,0.999855101108551,0.5093017816543579,0.4553396999835968,-0.34166473150253296,0.9999911189079285,0.49324995279312134,0.4560970664024353,-0.3401198983192444,0.999973714351654,0.5637126564979553,0.4973452687263489,-0.1667988896369934,0.9999924898147583,0.4337363541126251,0.49371203780174255,-0.13538597524166107,0.999843180179596,0.5975742936134338,0.5501090884208679,-0.36061570048332214,0.9973183870315552,0.3464291989803314,0.4938756227493286,-0.28593239188194275,0.979436457157135,0.5528119802474976,0.5437066555023193,-0.6619754433631897,0.9961931109428406,0.3509072959423065,0.4400540888309479,-0.5610073804855347,0.9790436625480652,0.5383352637290955,0.5441456437110901,-0.7231664657592773,0.9894143342971802,0.35124093294143677,0.4281129240989685,-0.6209625601768494,0.9588231444358826,0.5312680602073669,0.5378528237342834,-0.7186755537986755,0.9893897175788879,0.35804837942123413,0.4249112606048584,-0.6128653883934021,0.9589628577232361,0.5336954593658447,0.5372424721717834,-0.6648619174957275,0.9800704717636108,0.36127030849456787,0.42927947640419006,-0.5664225816726685,0.9468708634376526,0.532843828201294,0.5952028632164001,-0.024391278624534607,0.9999327063560486,0.4591255784034729,0.5951710939407349,0.02429804392158985,0.9997138977050781,0.5199462175369263,0.676454484462738,-0.124779112637043,0.99461829662323,0.4558682143688202,0.6735367178916931,0.12263382971286774,0.9621108770370483,0.5310041308403015,0.772217333316803,-0.006266930606216192,0.9957709908485413,0.4723694324493408,0.7228142619132996,0.5926849246025085,0.8733826875686646,0.5324478149414062,0.7862194180488586,-0.0022132531739771366,0.8788118362426758,0.4775429666042328,0.7212212681770325,0.6404747366905212,0.6934380531311035,0.5186430811882019,0.7989505529403687,-0.19769391417503357,0.9913336634635925,0.4681810140609741,0.7568841576576233,0.5188024640083313,0.914944589138031
IMG_9694 2,23,760,good,0.5008981823921204,0.4556386172771454,-0.41219666600227356,0.9999787211418152,0.5073463320732117,0.4502219557762146,-0.3827778995037079,0.9999710321426392,0.5115480422973633,0.4501247704029083,-0.3827722370624542,0.9999677538871765,0.5158054828643799,0.45010384917259216,-0.3828270137310028,0.9999721050262451,0.4948183298110962,0.45085039734840393,-0.3816296458244324,0.9999508857727051,0.4904645085334778,0.4511686861515045,-0.3817223012447357,0.9999299645423889,0.48641228675842285,0.45153599977493286,-0.3816887438297272,0.9999246001243591,0.5213589668273926,0.45402589440345764,-0.21730758249759674,0.999944269657135,0.4798262417316437,0.45596298575401306,-0.2122683823108673,0.9998546838760376,0.5092114806175232,0.46231552958488464,-0.35220932960510254,0.9999909400939941,0.49325820803642273,0.4631388187408447,-0.35084691643714905,0.9999731779098511,0.5637309551239014,0.5012401938438416,-0.15852047502994537,0.9999922513961792,0.434478759765625,0.4974614977836609,-0.11758371442556381,0.9998360276222229,0.5984340310096741,0.553690493106842,-0.3439081907272339,0.997279942035675,0.34881964325904846,0.49636635184288025,-0.3002098500728607,0.9813767671585083,0.5521215796470642,0.5469531416893005,-0.6487939357757568,0.9960805177688599,0.3659322261810303,0.44374096393585205,-0.5823248624801636,0.9807839393615723,0.5389222502708435,0.5492721199989319,-0.7134382724761963,0.9889273643493652,0.3659515380859375,0.43108224868774414,-0.6479457020759583,0.9613145589828491,0.5319268107414246,0.543290913105011,-0.7100533246994019,0.9888454079627991,0.3726810812950134,0.42810893058776855,-0.634935200214386,0.9611533284187317,0.5336608290672302,0.5422101616859436,-0.6519324779510498,0.9792324900627136,0.3764611780643463,0.43230026960372925,-0.5862624049186707,0.949645459651947,0.5331459045410156,0.5988699793815613,-0.02318463660776615,0.9999327063560486,0.45938652753829956,0.5994387865066528,0.023159388452768326,0.9997196793556213,0.5212946534156799,0.6796148419380188,-0.1366954743862152,0.9946157932281494,0.45068249106407166,0.6818557977676392,0.11106127500534058,0.9634498357772827,0.5305909514427185,0.7734939455986023,-0.021229391917586327,0.9955273866653442,0.4647267460823059,0.7346535921096802,0.5452311635017395,0.8693563342094421,0.5325928330421448,0.7866278886795044,-0.018968595191836357,0.8702619075775146,0.4767480790615082,0.7314618229866028,0.5829656720161438,0.6747164726257324,0.5168738961219788,0.8002870082855225,-0.2317226231098175,0.990761399269104,0.46502888202667236,0.7638956308364868,0.45399168133735657,0.9096457362174988
IMG_9694 2,24,793,good,0.5007883906364441,0.46382132172584534,-0.3906429708003998,0.9999746084213257,0.507249653339386,0.45828238129615784,-0.36244580149650574,0.9999662041664124,0.5114403367042542,0.45821553468704224,-0.36242687702178955,0.9999614953994751,0.5156996846199036,0.4582030773162842,-0.3624679148197174,0.9999675750732422,0.4947679340839386,0.4587896466255188,-0.3597162067890167,0.9999439716339111,0.49045759439468384,0.45907703042030334,-0.3598070442676544,0.999920666217804,0.48633065819740295,0.4593750834465027,-0.3598026931285858,0.9999168515205383,0.5213009715080261,0.4620848000049591,-0.2071000188589096,0.9999306201934814,0.47982025146484375,0.46374186873435974,-0.19425077736377716,0.9998300075531006,0.509248673915863,0.4696008861064911,-0.3349045515060425,0.9999895095825195,0.49333274364471436,0.47000670433044434,-0.3313511908054352,0.9999688863754272,0.5637196898460388,0.5074923634529114,-0.14604246616363525,0.9999909400939941,0.4364098310470581,0.5021008849143982,-0.11176405102014542,0.9998272657394409,0.5982645750045776,0.5582535862922668,-0.32548925280570984,0.9970736503601074,0.3537435233592987,0.5025538206100464,-0.3035786747932434,0.9831174612045288,0.5519450902938843,0.5532914400100708,-0.6156453490257263,0.9956099987030029,0.3760051727294922,0.45255887508392334,-0.5764806270599365,0.9823088049888611,0.5385022759437561,0.5561609864234924,-0.6742451190948486,0.987455427646637,0.3776777982711792,0.43958619236946106,-0.6386735439300537,0.9633718132972717,0.532493531703949,0.549042820930481,-0.6691333651542664,0.9872952699661255,0.3834780156612396,0.43668943643569946,-0.6237713694572449,0.9629096984863281,0.5343582630157471,0.5481624007225037,-0.6172616481781006,0.9766799807548523,0.38695603609085083,0.44157806038856506,-0.5786848068237305,0.9516735672950745,0.5331757664680481,0.60252845287323,-0.01587129756808281,0.9999355673789978,0.4604409337043762,0.6036521792411804,0.015813343226909637,0.9997294545173645,0.5228729248046875,0.6815184354782104,-0.2213764637708664,0.994873046875,0.44899219274520874,0.6879171133041382,0.11407313495874405,0.9655144214630127,0.5305895209312439,0.7734116315841675,-0.1360127478837967,0.995541512966156,0.45519566535949707,0.7352259159088135,0.5536274909973145,0.8630138635635376,0.532478928565979,0.786614179611206,-0.13539353013038635,0.8667859435081482,0.4602105915546417,0.7325938940048218,0.5848856568336487,0.6493975520133972,0.5175533890724182,0.8003846406936646,-0.34925729036331177,0.9907367825508118,0.46228739619255066,0.7642256617546082,0.47473371028900146,0.9041379690170288
IMG_9694 2,25,826,good,0.5009704828262329,0.4736431837081909,-0.4028618335723877,0.9999670386314392,0.5071461796760559,0.4680575132369995,-0.37566453218460083,0.9999566674232483,0.5113645792007446,0.46797066926956177,-0.3756539225578308,0.9999498128890991,0.5156504511833191,0.4678998589515686,-0.3756888806819916,0.9999586343765259,0.49469390511512756,0.46851566433906555,-0.3728789985179901,0.9999305009841919,0.4903896152973175,0.46873903274536133,-0.3729788661003113,0.99990314245224,0.48622825741767883,0.4689157009124756,-0.3729795217514038,0.9999005794525146,0.5210744738578796,0.4714004397392273,-0.21996937692165375,0.9999034404754639,0.47982776165008545,0.4731767773628235,-0.20589275658130646,0.9997701644897461,0.5094906091690063,0.4788628816604614,-0.34667694568634033,0.9999867677688599,0.4938410520553589,0.4792991578578949,-0.3427810072898865,0.9999592304229736,0.5633686184883118,0.5133781433105469,-0.15716369450092316,0.9999894499778748,0.43917378783226013,0.5097070336341858,-0.12057756632566452,0.9998008608818054,0.5981978178024292,0.5636467337608337,-0.33170947432518005,0.9968023896217346,0.36372554302215576,0.5195245742797852,-0.3113920986652374,0.9846872091293335,0.5511798858642578,0.5598466992378235,-0.6251401901245117,0.9949348568916321,0.3842489421367645,0.46314385533332825,-0.5841811299324036,0.9837660193443298,0.5380944013595581,0.5641961097717285,-0.6837654113769531,0.9856353402137756,0.3867277503013611,0.4409574866294861,-0.6441176533699036,0.965670108795166,0.5316270589828491,0.5581523776054382,-0.679539680480957,0.9853658676147461,0.3911769688129425,0.43903613090515137,-0.6296871304512024,0.965027391910553,0.5334130525588989,0.5567070245742798,-0.6266464591026306,0.9733626246452332,0.39403069019317627,0.4459863305091858,-0.5854254364967346,0.954068660736084,0.5331070423126221,0.6086077690124512,-0.018467320129275322,0.9999383687973022,0.46172773838043213,0.6102392077445984,0.018413154408335686,0.9997299909591675,0.523174524307251,0.6844887733459473,-0.314117968082428,0.9951141476631165,0.44967105984687805,0.6917403340339661,0.12253983318805695,0.9666322469711304,0.5302891731262207,0.77381432056427,-0.2563866078853607,0.9956069588661194,0.4496932625770569,0.7342743873596191,0.5991629958152771,0.8516642451286316,0.5324854850769043,0.7869191765785217,-0.25936004519462585,0.8613401651382446,0.45278194546699524,0.7315971255302429,0.6397563219070435,0.6268380284309387,0.5173560976982117,0.8012287616729736,-0.4843783974647522,0.9907286167144775,0.45971307158470154,0.7639807462692261,0.5302891135215759,0.8966161608695984
IMG_9694 2,26,859,good,0.4998406767845154,0.48432090878486633,-0.3986572027206421,0.9999615550041199,0.5059564709663391,0.478474885225296,-0.37471991777420044,0.9999497532844543,0.5103557705879211,0.478302001953125,-0.37472087144851685,0.9999420046806335,0.5146442651748657,0.4781219959259033,-0.3747510313987732,0.9999522566795349,0.4933020770549774,0.47901102900505066,-0.3696140646934509,0.9999186992645264,0.48897501826286316,0.4792056977748871,-0.3697233200073242,0.9998872876167297,0.48494645953178406,0.4793092608451843,-0.3697303235530853,0.9998844265937805,0.5206548571586609,0.4808928370475769,-0.22505143284797668,0.999886691570282,0.47955724596977234,0.48274677991867065,-0.20258092880249023,0.9996923208236694,0.5092934370040894,0.4891361594200134,-0.3444937765598297,0.9999844431877136,0.49322420358657837,0.4898715317249298,-0.3374921381473541,0.9999472498893738,0.5630777478218079,0.5200451612472534,-0.16010338068008423,0.9999889731407166,0.4430452287197113,0.5183025002479553,-0.11945649236440659,0.9997676014900208,0.5980746746063232,0.5696702599525452,-0.32740429043769836,0.9967420697212219,0.3807072937488556,0.5387681722640991,-0.28364014625549316,0.9860324859619141,0.5506888628005981,0.5632427334785461,-0.6184025406837463,0.9948164820671082,0.38942110538482666,0.4858798384666443,-0.5756105780601501,0.9851174354553223,0.5381091237068176,0.5708914399147034,-0.6774132251739502,0.9851633310317993,0.3915604054927826,0.4647532105445862,-0.634884238243103,0.968041181564331,0.5308110117912292,0.5659316778182983,-0.6747591495513916,0.9848394989967346,0.3944624662399292,0.4618397653102875,-0.623313844203949,0.9672948122024536,0.5329083800315857,0.5639641284942627,-0.6197307109832764,0.9721822142601013,0.3971100449562073,0.46855416893959045,-0.5777632594108582,0.9566149711608887,0.5330812335014343,0.6137393116950989,-0.021387288346886635,0.9999417066574097,0.4627184271812439,0.615351140499115,0.021343041211366653,0.9997274279594421,0.524057924747467,0.6840391755104065,-0.40837156772613525,0.9952379465103149,0.4506802260875702,0.6924977898597717,0.13709917664527893,0.9654383659362793,0.5303057432174683,0.7737790942192078,-0.3868066370487213,0.9955276250839233,0.45204299688339233,0.734598696231842,0.596748948097229,0.8372160196304321,0.532430112361908,0.7868988513946533,-0.39318346977233887,0.8588830828666687,0.4565652906894684,0.732738733291626,0.6363768577575684,0.6083167195320129,0.5174975395202637,0.8011727929115295,-0.622232973575592,0.9906781911849976,0.45977795124053955,0.764694094657898,0.5296119451522827,0.8871288299560547
IMG_9694 2,27,892,good,0.500127375125885,0.49464258551597595,-0.4576863646507263,0.9999579787254333,0.5060096979141235,0.48861128091812134,-0.43560662865638733,0.9999465346336365,0.5103297233581543,0.4884936511516571,-0.4355989098548889,0.9999387264251709,0.5145977139472961,0.4884529411792755,-0.43563762307167053,0.9999494552612305,0.49361515045166016,0.48899132013320923,-0.42935922741889954,0.9999117255210876,0.4893117845058441,0.4891657829284668,-0.42949023842811584,0.9998788237571716,0.4851752817630768,0.48937323689460754,-0.4294762909412384,0.9998751282691956,0.5203735828399658,0.49057111144065857,-0.28612133860588074,0.9998825788497925,0.4795883297920227,0.4926305115222931,-0.25738540291786194,0.999639630317688,0.5093912482261658,0.499469131231308,-0.4025754928588867,0.9999831318855286,0.49335113167762756,0.5002224445343018,-0.394211083650589,0.9999382495880127,0.5626522302627563,0.5285215377807617,-0.20843951404094696,0.9999887347221375,0.44486621022224426,0.527947723865509,-0.1486404985189438,0.999736487865448,0.5973610281944275,0.5778201818466187,-0.365513414144516,0.9967820048332214,0.39342036843299866,0.5580793023109436,-0.32260432839393616,0.9872485399246216,0.5506500005722046,0.5753029584884644,-0.6431342363357544,0.9947949051856995,0.3942248821258545,0.5073776245117188,-0.630777895450592,0.9863353967666626,0.5391516089439392,0.5827016234397888,-0.7000812292098999,0.984818696975708,0.3953211307525635,0.48735886812210083,-0.6918666958808899,0.9701893329620361,0.5307188630104065,0.5770736336708069,-0.7040094137191772,0.9844582676887512,0.3973163366317749,0.48457494378089905,-0.6824591159820557,0.9693626165390015,0.5325095653533936,0.5750150680541992,-0.6458901166915894,0.9712659120559692,0.4004262089729309,0.4909456670284271,-0.6343134045600891,0.9588853120803833,0.5332117676734924,0.6179752349853516,-0.022857779636979103,0.9999446272850037,0.4638538062572479,0.6216782331466675,0.02281506359577179,0.9997296333312988,0.5265914797782898,0.6841111779212952,-0.4206318259239197,0.9954240322113037,0.4512971043586731,0.6960449814796448,0.13702641427516937,0.9661490321159363,0.5310750007629395,0.7737363576889038,-0.3553914725780487,0.9955489039421082,0.4546079635620117,0.7409745454788208,0.5456276535987854,0.8412091732025146,0.5324617028236389,0.7868599891662598,-0.357562780380249,0.8621404767036438,0.46021613478660583,0.7463997006416321,0.5791271328926086,0.6107202768325806,0.518520176410675,0.8011295199394226,-0.5837527513504028,0.9908849000930786,0.4581790864467621,0.7677460312843323,0.4480932056903839,0.8892182111740112
IMG_9694 2,28,925,good,0.500005304813385,0.5045458674430847,-0.45075541734695435,0.9999467134475708,0.505768358707428,0.498416930437088,-0.4275541603565216,0.9999344944953918,0.510100781917572,0.4983178377151489,-0.42757028341293335,0.9999268054962158,0.5142669677734375,0.4982531666755676,-0.42761972546577454,0.9999373555183411,0.49344325065612793,0.49874112010002136,-0.4214901328086853,0.9998859167098999,0.4891253411769867,0.4989086985588074,-0.42160505056381226,0.9998506903648376,0.4850625991821289,0.499077707529068,-0.42158812284469604,0.9998467564582825,0.5198302865028381,0.4998357594013214,-0.27376747131347656,0.9998652338981628,0.4795770049095154,0.5012628436088562,-0.24869497120380402,0.9994956851005554,0.5093598961830139,0.5093651413917542,-0.3940812051296234,0.9999791979789734,0.49316322803497314,0.5102609992027283,-0.3863712549209595,0.9999167323112488,0.5618812441825867,0.5373867750167847,-0.20340551435947418,0.9999878406524658,0.4463157057762146,0.538609504699707,-0.13711924850940704,0.9996557235717773,0.5967490077018738,0.5857593417167664,-0.34499508142471313,0.9966933131217957,0.4007568061351776,0.5756484270095825,-0.310546875,0.9881373643875122,0.5525367259979248,0.5839404463768005,-0.6330398917198181,0.9945738911628723,0.39769402146339417,0.5281165242195129,-0.5905946493148804,0.9874489307403564,0.5415365099906921,0.5902566909790039,-0.6939971446990967,0.9838392734527588,0.3973679542541504,0.5111479759216309,-0.6495092511177063,0.9723008871078491,0.5326151847839355,0.5848763585090637,-0.6965886354446411,0.9834561347961426,0.39932966232299805,0.5059677958488464,-0.6440190672874451,0.9714429974555969,0.5346741676330566,0.5831800699234009,-0.6367969512939453,0.969286322593689,0.4024350345134735,0.513064980506897,-0.5953733325004578,0.9611809849739075,0.5331571698188782,0.6247499585151672,-0.023038610816001892,0.9999467134475708,0.4650329351425171,0.6310174465179443,0.022954991087317467,0.999724805355072,0.5280234217643738,0.6854040622711182,-0.45852741599082947,0.9954361319541931,0.4529992640018463,0.7057486772537231,0.11676798015832901,0.9643061757087708,0.5313013792037964,0.7735950946807861,-0.3509955108165741,0.9953070878982544,0.4569167196750641,0.7509220242500305,0.484885036945343,0.8472703099250793,0.5328162908554077,0.7860931158065796,-0.34864145517349243,0.8619887232780457,0.4628411531448364,0.7565468549728394,0.51487797498703,0.6185640096664429,0.5191563367843628,0.8011109828948975,-0.5677206516265869,0.990835428237915,0.4624718427658081,0.7786552906036377,0.3698488473892212,0.8928864002227783
IMG_9694 2,29,958,good,0.49994248151779175,0.515389621257782,-0.5122849345207214,0.9999359846115112,0.5056434273719788,0.5087379217147827,-0.49450764060020447,0.9999213814735413,0.510032057762146,0.5086147785186768,-0.4945443570613861,0.9999145865440369,0.5141931772232056,0.5085030198097229,-0.49463099241256714,0.9999241232872009,0.49295711517333984,0.5090678334236145,-0.4878280758857727,0.9998607039451599,0.48852211236953735,0.5092615485191345,-0.48795074224472046,0.9998245239257812,0.48452121019363403,0.5094733238220215,-0.4879465699195862,0.9998215436935425,0.5197423100471497,0.5095906257629395,-0.33712056279182434,0.9998557567596436,0.47951412200927734,0.5111653208732605,-0.305915892124176,0.9993900656700134,0.5093481540679932,0.5204571485519409,-0.4509032666683197,0.9999749660491943,0.49312466382980347,0.521455705165863,-0.44195523858070374,0.9998972415924072,0.5615488290786743,0.5454994440078735,-0.22803327441215515,0.9999873042106628,0.4475548565387726,0.5475842952728271,-0.1579417884349823,0.9996060729026794,0.5956297516822815,0.5931234359741211,-0.3539027273654938,0.9965299963951111,0.4109276235103607,0.593539834022522,-0.3247058391571045,0.9886483550071716,0.5541462302207947,0.5925120115280151,-0.6374014616012573,0.994126558303833,0.3979173004627228,0.5587042570114136,-0.6747373938560486,0.9883592128753662,0.5457128286361694,0.5983749032020569,-0.6998671889305115,0.9824830889701843,0.39898860454559326,0.5452080368995667,-0.7379029989242554,0.9741014838218689,0.5360832810401917,0.5930108428001404,-0.7041686773300171,0.9820889830589294,0.40241795778274536,0.5386366248130798,-0.7334223985671997,0.9732337594032288,0.5367787480354309,0.5917078852653503,-0.6371784210205078,0.9668300747871399,0.40468913316726685,0.5439437031745911,-0.6799365878105164,0.9630083441734314,0.5331264734268188,0.6287299394607544,-0.02343422919511795,0.999945878982544,0.46602144837379456,0.6348240971565247,0.023367490619421005,0.9996896386146545,0.5279171466827393,0.6854277849197388,-0.48942485451698303,0.995452344417572,0.45388492941856384,0.7063187956809998,0.10321247577667236,0.9590648412704468,0.5316059589385986,0.7736380696296692,-0.39334961771965027,0.9950201511383057,0.4572262465953827,0.7575148344039917,0.40981414914131165,0.8534327149391174,0.5342694520950317,0.7859637141227722,-0.3926759362220764,0.8593786954879761,0.46432894468307495,0.7647385001182556,0.43249794840812683,0.6270334720611572,0.5184064507484436,0.8012751340866089,-0.6176600456237793,0.9907851219177246,0.4638594388961792,0.7864074110984802,0.2729633152484894,0.896102249622345
IMG_9694 2,30,991,good,0.4985090494155884,0.5242984294891357,-0.4855879545211792,0.9999337792396545,0.5048725605010986,0.5172981023788452,-0.46530231833457947,0.999922513961792,0.5096018314361572,0.5170609354972839,-0.46537405252456665,0.9999172687530518,0.513870358467102,0.5169293284416199,-0.46549516916275024,0.9999260306358337,0.4908512830734253,0.5179657340049744,-0.4596600830554962,0.9998559355735779,0.48625272512435913,0.5182105898857117,-0.45974892377853394,0.9998169541358948,0.4824064373970032,0.5184503197669983,-0.45973777770996094,0.9998086094856262,0.5195742845535278,0.5177270770072937,-0.30369555950164795,0.9998664259910583,0.4786110818386078,0.5198771357536316,-0.2775394320487976,0.9993829727172852,0.508834958076477,0.5293862819671631,-0.42332082986831665,0.9999759197235107,0.4910334348678589,0.5303013324737549,-0.4158402383327484,0.9998962879180908,0.5610835552215576,0.5536361932754517,-0.19985443353652954,0.9999879598617554,0.4473123252391815,0.5568823218345642,-0.12719427049160004,0.9995466470718384,0.5948513150215149,0.5996319651603699,-0.3039974570274353,0.9961312413215637,0.42169132828712463,0.6002669930458069,-0.19424983859062195,0.9815362095832825,0.5545485019683838,0.6024543642997742,-0.6049985289573669,0.9918626546859741,0.40727460384368896,0.5997524261474609,-0.5036823153495789,0.9771820306777954,0.546369194984436,0.6112669110298157,-0.6745416522026062,0.9774998426437378,0.4057497978210449,0.6035169363021851,-0.5574515461921692,0.9592289328575134,0.5371547937393188,0.6023428440093994,-0.6868374347686768,0.9774811863899231,0.40928125381469727,0.5981795787811279,-0.580141544342041,0.959073007106781,0.5377099514007568,0.6008044481277466,-0.613033652305603,0.9594446420669556,0.4120962917804718,0.5973087549209595,-0.5182526111602783,0.9432222247123718,0.5330877304077148,0.6377867460250854,-0.023990212008357048,0.999949038028717,0.46596381068229675,0.6442592144012451,0.024176044389605522,0.9996727705001831,0.5279364585876465,0.6836267709732056,-0.5617735385894775,0.9949309229850769,0.45399558544158936,0.7170014977455139,0.0963839665055275,0.9397729635238647,0.5316926836967468,0.7736179232597351,-0.45121315121650696,0.9930258393287659,0.4579189121723175,0.7580883502960205,0.47436076402664185,0.8302397727966309,0.5347291827201843,0.7852117419242859,-0.44746482372283936,0.8440080285072327,0.4652678370475769,0.7634108662605286,0.5052164196968079,0.6074661612510681,0.5184137225151062,0.8013620972633362,-0.67349773645401,0.9887944459915161,0.46448761224746704,0.7863512635231018,0.35779130458831787,0.8754570484161377
IMG_9694 2,31,1024,good,0.49750688672065735,0.5337936282157898,-0.4757562279701233,0.9999319314956665,0.5036332607269287,0.526391327381134,-0.456014484167099,0.9999231100082397,0.5084289312362671,0.5259680151939392,-0.4561094641685486,0.9999193549156189,0.5127112865447998,0.5256068706512451,-0.4562501311302185,0.9999279379844666,0.48973342776298523,0.527437686920166,-0.44899800419807434,0.9998511075973511,0.485281765460968,0.5276920795440674,-0.4490721821784973,0.9998076558113098,0.48146146535873413,0.5278952717781067,-0.4490688145160675,0.99979567527771,0.5191949009895325,0.525894045829773,-0.29744094610214233,0.9998742938041687,0.4784530699253082,0.5284560918807983,-0.268981397151947,0.9993724822998047,0.5083155035972595,0.5387346148490906,-0.4143866300582886,0.9999768137931824,0.49080690741539,0.5402816534042358,-0.4065192937850952,0.9998967051506042,0.5610001683235168,0.5611770749092102,-0.19911594688892365,0.9999886751174927,0.44791465997695923,0.5645333528518677,-0.1076427474617958,0.999557375907898,0.5925024747848511,0.6069779992103577,-0.2937491238117218,0.9957692623138428,0.4302147328853607,0.6066762804985046,-0.046900972723960876,0.9785292148590088,0.5545293092727661,0.6108639240264893,-0.6003014445304871,0.9901352524757385,0.41685885190963745,0.6360986828804016,-0.20240330696105957,0.9647577404975891,0.5471018552780151,0.6175469756126404,-0.6698662042617798,0.9739677906036377,0.4163621664047241,0.6492580771446228,-0.234041228890419,0.9395124912261963,0.5375487804412842,0.6099729537963867,-0.6878155469894409,0.9743872284889221,0.42005258798599243,0.6465378403663635,-0.2710382044315338,0.940468430519104,0.5377269387245178,0.6086527109146118,-0.6116300225257874,0.9537603855133057,0.4235958158969879,0.6447669863700867,-0.21875813603401184,0.9192033410072327,0.532865047454834,0.6434646248817444,-0.023698385804891586,0.9999514818191528,0.4671294093132019,0.6500244736671448,0.023908359929919243,0.9996625781059265,0.5278707146644592,0.6830833554267883,-0.5523417592048645,0.9941604137420654,0.4582158923149109,0.7266799807548523,0.010717229917645454,0.9358652234077454,0.5328622460365295,0.7736033797264099,-0.4428120255470276,0.9907965064048767,0.45946967601776123,0.7646963596343994,0.3585890233516693,0.8076255917549133,0.5347146987915039,0.7852336764335632,-0.4382980465888977,0.8392874002456665,0.46934306621551514,0.7694165706634521,0.38664090633392334,0.5866732597351074,0.5210843086242676,0.8013914823532104,-0.6554939150810242,0.9863674640655518,0.4718482196331024,0.7900556921958923,0.23523086309432983,0.8505774140357971
IMG_9694 2,32,1057,good,0.4974938929080963,0.5399109721183777,-0.3921172022819519,0.9999309182167053,0.5034453868865967,0.5327109098434448,-0.37003183364868164,0.9999234676361084,0.5082685351371765,0.5323517918586731,-0.37016555666923523,0.9999204874038696,0.5125808715820312,0.5320317149162292,-0.37031692266464233,0.999929666519165,0.4893586337566376,0.5335361957550049,-0.36704355478286743,0.999849796295166,0.4848620891571045,0.5337005853652954,-0.3670704960823059,0.9998016357421875,0.48112815618515015,0.5338267087936401,-0.3670756220817566,0.9997882843017578,0.5191038846969604,0.5320768356323242,-0.20950300991535187,0.9998806118965149,0.47822046279907227,0.5345595479011536,-0.19420570135116577,0.9993696212768555,0.5083132982254028,0.5455667972564697,-0.3300573229789734,0.9999770522117615,0.4907393753528595,0.5473651885986328,-0.3257913589477539,0.9998979568481445,0.5600456595420837,0.566892147064209,-0.1081845834851265,0.9999893307685852,0.4484245777130127,0.5715717673301697,-0.06502408534288406,0.9995641112327576,0.5905529856681824,0.6095541715621948,-0.2058798223733902,0.9948896765708923,0.43556636571884155,0.6166794896125793,-0.06422215700149536,0.9750867486000061,0.5548815131187439,0.6144930720329285,-0.5236644148826599,0.9882218241691589,0.42991146445274353,0.6549739837646484,-0.26273781061172485,0.9507006406784058,0.5487996339797974,0.6230159997940063,-0.5987917184829712,0.9711852073669434,0.43007010221481323,0.6656790971755981,-0.30751869082450867,0.9188451170921326,0.5388861894607544,0.6163244843482971,-0.6173548102378845,0.9718912839889526,0.44020193815231323,0.6649461984634399,-0.33782005310058594,0.920423686504364,0.5381928086280823,0.6132537126541138,-0.5362564921379089,0.949478268623352,0.44305282831192017,0.6568450927734375,-0.2772423028945923,0.8929064869880676,0.5328277945518494,0.646592915058136,-0.018364999443292618,0.9999525547027588,0.4683215916156769,0.6515496373176575,0.018693748861551285,0.9996400475502014,0.528180718421936,0.6830882430076599,-0.5099745392799377,0.9929399490356445,0.46263518929481506,0.7240136861801147,-0.007673751097172499,0.9258443117141724,0.5329229235649109,0.774262011051178,-0.4330962896347046,0.9879074096679688,0.46376827359199524,0.7698206901550293,0.24412931501865387,0.7948792576789856,0.5342276096343994,0.7853638529777527,-0.43287307024002075,0.8354848623275757,0.47595158219337463,0.7786238789558411,0.26044780015945435,0.5728111863136292,0.5210664868354797,0.8016838431358337,-0.6513214707374573,0.9838978052139282,0.475539892911911,0.7961084246635437,0.09456054866313934,0.8336194753646851
IMG_9694 2,33,1090,good,0.4975601136684418,0.5466487407684326,-0.4064423143863678,0.9999310970306396,0.5034462213516235,0.539311945438385,-0.38451963663101196,0.9999260902404785,0.5082642436027527,0.538957417011261,-0.38459694385528564,0.9999231696128845,0.5125634670257568,0.5386373400688171,-0.38470104336738586,0.9999316334724426,0.4893752932548523,0.5401499271392822,-0.3817523121833801,0.9998547434806824,0.48487865924835205,0.5403500199317932,-0.38182297348976135,0.9998077154159546,0.48111334443092346,0.5405169725418091,-0.3818392753601074,0.9997956156730652,0.5190797448158264,0.5387789607048035,-0.22186048328876495,0.9998877048492432,0.47816771268844604,0.5413340330123901,-0.2066258192062378,0.9994049072265625,0.508366048336029,0.5520986318588257,-0.3431551456451416,0.999977707862854,0.49092039465904236,0.553554117679596,-0.339000940322876,0.9999018907546997,0.5600655674934387,0.5727516412734985,-0.11287873238325119,0.9999890923500061,0.44915971159935,0.5780715346336365,-0.07849278301000595,0.9995856881141663,0.5904772281646729,0.6160802841186523,-0.21333159506320953,0.9919924736022949,0.4391392767429352,0.6244288086891174,-0.13810265064239502,0.9739179015159607,0.5572713613510132,0.6283026337623596,-0.5072838664054871,0.9724644422531128,0.4855819046497345,0.6519388556480408,-0.34980475902557373,0.9393150806427002,0.5522419810295105,0.6433219313621521,-0.5766079425811768,0.9483231902122498,0.49763551354408264,0.661750853061676,-0.3984390199184418,0.8997085690498352,0.5430427193641663,0.6319436430931091,-0.5896010398864746,0.9501662850379944,0.5024168491363525,0.6563672423362732,-0.41688889265060425,0.9016380906105042,0.5429842472076416,0.6247400641441345,-0.5179013013839722,0.9224269986152649,0.4997381269931793,0.652384340763092,-0.3592357635498047,0.8676866292953491,0.5330039262771606,0.6538474559783936,-0.01839679665863514,0.9999547600746155,0.47001591324806213,0.6581165790557861,0.0186892282217741,0.9996431469917297,0.528935968875885,0.6833314299583435,-0.5055127143859863,0.9922881722450256,0.4656984210014343,0.7360167503356934,-0.006342937704175711,0.9208632111549377,0.5336629748344421,0.7743000984191895,-0.3863968551158905,0.9855976700782776,0.4747861623764038,0.7721454501152039,0.3340449333190918,0.7709778547286987,0.5342511534690857,0.7852868437767029,-0.38831210136413574,0.8259620070457458,0.48178631067276,0.7756422758102417,0.3629492223262787,0.5556379556655884,0.5231128931045532,0.8017440438270569,-0.6051806211471558,0.981133759021759,0.48116031289100647,0.7952081561088562,0.22148819267749786,0.808027446269989
IMG_9694 2,34,1123,good,0.4975689947605133,0.5489429235458374,-0.4081890285015106,0.9999372959136963,0.5035045742988586,0.5412970781326294,-0.3909282982349396,0.999933123588562,0.5084044933319092,0.5407384037971497,-0.3910161554813385,0.9999304413795471,0.5127068758010864,0.5403407216072083,-0.39125287532806396,0.9999380707740784,0.4892614781856537,0.5427569150924683,-0.3829009234905243,0.9998682737350464,0.48467323184013367,0.5430618524551392,-0.3829863965511322,0.9998254179954529,0.4809320569038391,0.5432807207107544,-0.38304275274276733,0.9998145699501038,0.5190929174423218,0.5415462255477905,-0.23548786342144012,0.999898374080658,0.47761088609695435,0.5446769595146179,-0.20719097554683685,0.9994608163833618,0.5085911154747009,0.5542953610420227,-0.34850460290908813,0.9999798536300659,0.49090009927749634,0.5562036037445068,-0.34286823868751526,0.9999111890792847,0.560102105140686,0.5787168741226196,-0.1332537829875946,0.9999900460243225,0.448959618806839,0.5868200063705444,-0.11347712576389313,0.9996199011802673,0.5886938571929932,0.6258930563926697,-0.2544305622577667,0.9899032115936279,0.44113805890083313,0.6404383182525635,-0.12984000146389008,0.9747340083122253,0.5580790638923645,0.6358925104141235,-0.5619035959243774,0.9673551917076111,0.47236204147338867,0.6868531107902527,-0.29987192153930664,0.9357510209083557,0.5516136884689331,0.6448581218719482,-0.6379178166389465,0.9417646527290344,0.45691072940826416,0.7097349166870117,-0.3428230285644531,0.8907787203788757,0.5431337952613831,0.6426382064819336,-0.6548413038253784,0.9441304802894592,0.4831389784812927,0.6976606845855713,-0.37271004915237427,0.893340528011322,0.542941153049469,0.632919430732727,-0.5776139497756958,0.9138064980506897,0.48434486985206604,0.6919772028923035,-0.31243300437927246,0.8569966554641724,0.5323506593704224,0.6586415767669678,-0.01860084757208824,0.9999591708183289,0.46927565336227417,0.6642882227897644,0.0188619252294302,0.9996721148490906,0.5295446515083313,0.6838414669036865,-0.5248964428901672,0.9922699332237244,0.46222901344299316,0.7474846243858337,-0.017216352745890617,0.9219927191734314,0.5337944030761719,0.7751767635345459,-0.38365015387535095,0.9850166440010071,0.4751766622066498,0.7501820921897888,0.4610705077648163,0.7179105877876282,0.5340708494186401,0.7854869365692139,-0.3770866394042969,0.8225340843200684,0.48092198371887207,0.7431170344352722,0.5139452219009399,0.5263796448707581,0.5239364504814148,0.8029363751411438,-0.597176194190979,0.9801750183105469,0.48945188522338867,0.7652223110198975,0.43460389971733093,0.7619346380233765
IMG_9694 2,35,1156,good,0.49798041582107544,0.5497350096702576,-0.3161091208457947,0.9999434351921082,0.5040857791900635,0.5424329042434692,-0.29137271642684937,0.9999397397041321,0.508965253829956,0.5418534874916077,-0.29147011041641235,0.9999372959136963,0.5130672454833984,0.5414062142372131,-0.2915361523628235,0.9999442100524902,0.48953190445899963,0.543522834777832,-0.2876420021057129,0.9998812079429626,0.48481449484825134,0.5436789989471436,-0.2876671254634857,0.9998424649238586,0.4809994697570801,0.5438610315322876,-0.2876550853252411,0.9998326897621155,0.5192152261734009,0.5422821640968323,-0.1310248225927353,0.9999083876609802,0.477607786655426,0.5453628897666931,-0.11150802671909332,0.9995136260986328,0.508884608745575,0.5556953549385071,-0.25616803765296936,0.9999818205833435,0.49103015661239624,0.5571328401565552,-0.2507546544075012,0.9999199509620667,0.5604669451713562,0.5802781581878662,-0.04383324831724167,0.9999909996986389,0.44876548647880554,0.5865384340286255,-0.014903909526765347,0.9996549487113953,0.5884035229682922,0.6259769201278687,-0.20446430146694183,0.9884690642356873,0.43726614117622375,0.6463401317596436,0.02540411613881588,0.9743949770927429,0.5632331967353821,0.63228440284729,-0.5575847029685974,0.9674800038337708,0.4503309726715088,0.7068700790405273,-0.08832314610481262,0.9255812764167786,0.5537585616111755,0.642174243927002,-0.6272781491279602,0.9421411156654358,0.4426998496055603,0.7223867177963257,-0.11257243156433105,0.8713748455047607,0.5483905076980591,0.6337562203407288,-0.6371316909790039,0.9447485208511353,0.4595409631729126,0.7217488884925842,-0.1545979380607605,0.8750620484352112,0.5470166802406311,0.628775954246521,-0.5671637058258057,0.9139280319213867,0.46089649200439453,0.7163991332054138,-0.10400562733411789,0.8383105397224426,0.5321022868156433,0.662530779838562,-0.01257125474512577,0.9999632239341736,0.46866029500961304,0.6685351729393005,0.012833824381232262,0.9997032880783081,0.5295622944831848,0.683832585811615,-0.5620821714401245,0.9922288060188293,0.45751675963401794,0.762535810470581,-0.056512121111154556,0.9248125553131104,0.5337882041931152,0.7751495838165283,-0.4489467740058899,0.9842754602432251,0.47627338767051697,0.7476252317428589,0.45417943596839905,0.6667015552520752,0.5339356064796448,0.7854413986206055,-0.4400346279144287,0.8299053311347961,0.48080116510391235,0.7395257949829102,0.5039123892784119,0.4964146912097931,0.5449774861335754,0.7989621758460999,-0.6272727251052856,0.9798035621643066,0.49487942457199097,0.7642713785171509,0.43008843064308167,0.7164518237113953
IMG_9694 2,36,1189,good,0.49868956208229065,0.5488265752792358,-0.40766891837120056,0.9999482035636902,0.5049419403076172,0.5413965582847595,-0.384347528219223,0.9999451041221619,0.509661853313446,0.5406041741371155,-0.38446998596191406,0.9999428987503052,0.513651967048645,0.5399434566497803,-0.38455578684806824,0.9999492168426514,0.4907146990299225,0.5428370237350464,-0.38235384225845337,0.999891459941864,0.48610320687294006,0.5428953766822815,-0.38238880038261414,0.9998554587364197,0.48214709758758545,0.5428802371025085,-0.38239777088165283,0.9998465776443481,0.5197464823722839,0.5408125519752502,-0.21515540778636932,0.9999163746833801,0.4784259498119354,0.5440222024917603,-0.20292599499225616,0.9995534420013428,0.509375274181366,0.5538600087165833,-0.34337949752807617,0.9999834299087524,0.49184662103652954,0.5549989342689514,-0.33977606892585754,0.9999269247055054,0.5607531070709229,0.5768762230873108,-0.054755400866270065,0.999991774559021,0.44899865984916687,0.5824208855628967,-0.09397521615028381,0.9996795654296875,0.5877615213394165,0.6214584708213806,-0.2301984578371048,0.987891674041748,0.43691352009773254,0.639958918094635,-0.05903949216008186,0.974704384803772,0.5622882843017578,0.634842038154602,-0.5399714112281799,0.9666996598243713,0.4418933391571045,0.6969040632247925,-0.1916109174489975,0.9161587357521057,0.5529111623764038,0.647094190120697,-0.6059494018554688,0.9404684901237488,0.4373263418674469,0.7097035050392151,-0.22577883303165436,0.854873776435852,0.5469642281532288,0.637694776058197,-0.624072253704071,0.9433706998825073,0.4496534764766693,0.7101873755455017,-0.266750305891037,0.8593214154243469,0.5462243556976318,0.6349373459815979,-0.5513453483581543,0.911440372467041,0.45155906677246094,0.7039413452148438,-0.2077013999223709,0.8203328847885132,0.5310401320457458,0.6589218378067017,-0.00868535041809082,0.9999668002128601,0.4670047461986542,0.6655312776565552,0.008947636000812054,0.9997262358665466,0.5292539596557617,0.6839203834533691,-0.5493507981300354,0.9922034740447998,0.453336626291275,0.7620207667350769,-0.04542611539363861,0.9280731081962585,0.5337780117988586,0.7754619717597961,-0.4643172323703766,0.9839048385620117,0.472373366355896,0.7419556975364685,0.45705747604370117,0.6190011501312256,0.5343957543373108,0.7862277030944824,-0.45943665504455566,0.8358856439590454,0.473712682723999,0.7333380579948425,0.5075600743293762,0.46698498725891113,0.5437089204788208,0.7975512742996216,-0.6547979116439819,0.9796328544616699,0.4905599057674408,0.7591965198516846,0.4337117075920105,0.673213541507721
IMG_9694 2,37,1222,good,0.500131368637085,0.544391930103302,-0.5022708177566528,0.9999524354934692,0.5064963102340698,0.5370596051216125,-0.47866883873939514,0.9999497532844543,0.5111147165298462,0.5364514589309692,-0.4787590801715851,0.9999477863311768,0.5149575471878052,0.5359542965888977,-0.4788213074207306,0.9999536275863647,0.4922453761100769,0.5383473634719849,-0.47681671380996704,0.999900221824646,0.48748451471328735,0.5384876132011414,-0.4768868386745453,0.999866783618927,0.48338690400123596,0.5386230945587158,-0.4769222140312195,0.9998586177825928,0.5207247734069824,0.537439227104187,-0.30925253033638,0.9999234080314636,0.47899723052978516,0.540652334690094,-0.2970970571041107,0.9995896816253662,0.5103562474250793,0.5497558116912842,-0.4378347098827362,0.9999849200248718,0.49268555641174316,0.550947368144989,-0.4344712197780609,0.9999333620071411,0.5610554814338684,0.5755686163902283,-0.18250596523284912,0.9999924898147583,0.4489087462425232,0.5798488855361938,-0.15943275392055511,0.9997001886367798,0.5878705382347107,0.6205071806907654,-0.278621643781662,0.9881336688995361,0.43434280157089233,0.6349540948867798,-0.09091214835643768,0.9755204916000366,0.5603684782981873,0.6340692639350891,-0.5869657397270203,0.9670858979225159,0.4384966492652893,0.6922891139984131,-0.2168278843164444,0.9103403091430664,0.5489512085914612,0.6372410655021667,-0.6497350335121155,0.940471351146698,0.4343969225883484,0.7089938521385193,-0.24775630235671997,0.8418943285942078,0.5404449701309204,0.6312167644500732,-0.6700032353401184,0.9434123039245605,0.44705721735954285,0.7095901966094971,-0.28971511125564575,0.8471304178237915,0.5403351783752441,0.6265912055969238,-0.5980820059776306,0.910607635974884,0.4490899443626404,0.7026171684265137,-0.23291663825511932,0.8069477081298828,0.5309246182441711,0.6551222205162048,-0.010433604940772057,0.9999698996543884,0.4668554663658142,0.661307156085968,0.010667371563613415,0.9997405409812927,0.5286076068878174,0.684241533279419,-0.5270944833755493,0.9924532175064087,0.4502934515476227,0.7484477758407593,-0.015319593250751495,0.9278932809829712,0.533518373966217,0.776086151599884,-0.4287170469760895,0.9841427206993103,0.468181848526001,0.737329363822937,0.46633145213127136,0.5781925320625305,0.5345497131347656,0.7855766415596008,-0.42406994104385376,0.8343268036842346,0.4691525995731354,0.7304574847221375,0.51347416639328,0.44178101420402527,0.5302912592887878,0.7996377944946289,-0.6317078471183777,0.979562520980835,0.48814958333969116,0.7547382712364197,0.42230334877967834,0.6383627653121948
IMG_9694 2,38,1255,good,0.5001005530357361,0.5408074855804443,-0.5874114036560059,0.9999530911445618,0.5066038966178894,0.5335239171981812,-0.5675586462020874,0.9999504089355469,0.5112146139144897,0.5329849123954773,-0.5676535964012146,0.9999487996101379,0.515120267868042,0.5325419902801514,-0.5677613615989685,0.9999545216560364,0.4925159513950348,0.5345659852027893,-0.5618854761123657,0.9998995065689087,0.48792746663093567,0.5346505641937256,-0.5619550347328186,0.9998645186424255,0.483917236328125,0.534740149974823,-0.562015950679779,0.9998570680618286,0.5214226841926575,0.5341734290122986,-0.4018477499485016,0.9999257922172546,0.4798573851585388,0.5368948578834534,-0.3724392056465149,0.9995944499969482,0.5103362798690796,0.5462372303009033,-0.5231264233589172,0.9999858736991882,0.49272337555885315,0.5472270846366882,-0.514866292476654,0.9999372959136963,0.5613367557525635,0.5731220841407776,-0.2752079367637634,0.999993085861206,0.448809415102005,0.5761894583702087,-0.21188794076442719,0.9997191429138184,0.5892021656036377,0.6191278100013733,-0.3709779977798462,0.9886974692344666,0.43285635113716125,0.6279580593109131,-0.11086947470903397,0.9762421250343323,0.549104630947113,0.6272960901260376,-0.6803176999092102,0.9678115844726562,0.4383181631565094,0.6790017485618591,-0.2365657538175583,0.9093119502067566,0.5455662608146667,0.6388632655143738,-0.7488719820976257,0.9406371116638184,0.433721661567688,0.6949122548103333,-0.2647440731525421,0.836918294429779,0.5325333476066589,0.6268950700759888,-0.7625084519386292,0.9434957504272461,0.4458298087120056,0.6951297521591187,-0.30632540583610535,0.8425459861755371,0.5335022807121277,0.62397301197052,-0.6893762350082397,0.9094362854957581,0.44782355427742004,0.68858402967453,-0.2523185908794403,0.8008875846862793,0.5308526754379272,0.6526710391044617,-0.011158568784594536,0.9999722838401794,0.4665549099445343,0.658370852470398,0.011357895098626614,0.9997487664222717,0.5281793475151062,0.6842794418334961,-0.5373108983039856,0.9919765591621399,0.45163029432296753,0.7439932227134705,-0.006116466596722603,0.9202761054039001,0.5335668921470642,0.7763492465019226,-0.42059558629989624,0.9827067255973816,0.4715171754360199,0.762199878692627,0.44835343956947327,0.5541883707046509,0.5354111790657043,0.7855766415596008,-0.40647751092910767,0.8190034031867981,0.4728109836578369,0.7596617341041565,0.4900442659854889,0.42154762148857117,0.5213627219200134,0.8042654991149902,-0.6188902258872986,0.9780004024505615,0.4910469949245453,0.7866629362106323,0.3529062569141388,0.6191925406455994
IMG_9694 2,39,1288,good,0.5007495284080505,0.5401195287704468,-0.5152433514595032,0.9999553561210632,0.507607102394104,0.5331052541732788,-0.4927932620048523,0.9999527335166931,0.5119664669036865,0.5324882864952087,-0.49288758635520935,0.9999518990516663,0.5156816840171814,0.5319719314575195,-0.4929928183555603,0.9999570846557617,0.49356502294540405,0.5344283580780029,-0.4884254038333893,0.9999024868011475,0.4888983964920044,0.5342998504638672,-0.4884795546531677,0.9998688101768494,0.4846838414669037,0.5341719388961792,-0.48849985003471375,0.9998602271080017,0.5217241048812866,0.5326979160308838,-0.3278214633464813,0.999930739402771,0.48011401295661926,0.5363993644714355,-0.3048584461212158,0.9996156692504883,0.5105703473091125,0.5450676083564758,-0.45211219787597656,0.9999868869781494,0.49297982454299927,0.5466518402099609,-0.4457445740699768,0.9999412894248962,0.5614112615585327,0.5707864761352539,-0.22125892341136932,0.9999936819076538,0.4484901428222656,0.5752974152565002,-0.17218463122844696,0.9997295141220093,0.5900176167488098,0.6168913841247559,-0.3378864824771881,0.989551842212677,0.42692816257476807,0.6267340183258057,0.004913664888590574,0.9765035510063171,0.5489078760147095,0.617046058177948,-0.6843821406364441,0.9703930020332336,0.4292568266391754,0.663364589214325,-0.055447451770305634,0.9110682606697083,0.5427210330963135,0.6205591559410095,-0.7571680545806885,0.9450135827064514,0.42666858434677124,0.6745662689208984,-0.07191120088100433,0.8375792503356934,0.5317592024803162,0.6149225234985352,-0.7684224247932434,0.9476436376571655,0.4375624358654022,0.6730642914772034,-0.10882791876792908,0.8430744409561157,0.5327773690223694,0.6144654750823975,-0.6934970617294312,0.9150741696357727,0.43935099244117737,0.6685281991958618,-0.06779112666845322,0.8000888228416443,0.5317007899284363,0.6513246297836304,-0.026523370295763016,0.999974250793457,0.46751588582992554,0.6568829417228699,0.026715507730841637,0.9997560381889343,0.5275360345840454,0.6854042410850525,-0.5314881205558777,0.9921870231628418,0.4552902281284332,0.737152636051178,0.047152988612651825,0.9165990352630615,0.5334456562995911,0.7763917446136475,-0.4159014821052551,0.9833398461341858,0.4663044512271881,0.7663074731826782,0.447475790977478,0.5672398209571838,0.5359264612197876,0.7856997847557068,-0.40906664729118347,0.8165998458862305,0.47244757413864136,0.7699153423309326,0.4812689423561096,0.43172386288642883,0.5138500332832336,0.8052186369895935,-0.6350839138031006,0.9786306023597717,0.47439298033714294,0.7922534942626953,0.3320918083190918,0.6333865523338318
IMG_9694 2,40,1321,good,0.5007199645042419,0.5319409370422363,-0.4496399760246277,0.9999538660049438,0.5075670480728149,0.5250243544578552,-0.4295271039009094,0.9999529123306274,0.5119229555130005,0.5247454643249512,-0.4296707212924957,0.999953031539917,0.5156581401824951,0.5245928764343262,-0.4298093914985657,0.9999578595161438,0.49359628558158875,0.525735080242157,-0.420335590839386,0.9998981356620789,0.4890267252922058,0.5256242156028748,-0.42035600543022156,0.9998630881309509,0.4849071502685547,0.5254860520362854,-0.4203750491142273,0.9998529553413391,0.5217603445053101,0.5271155834197998,-0.27822980284690857,0.9999337792396545,0.4805850684642792,0.5285483002662659,-0.2341882288455963,0.999617338180542,0.5105494856834412,0.536910355091095,-0.39185571670532227,0.9999876022338867,0.4929715692996979,0.5375063419342041,-0.3795854151248932,0.9999428987503052,0.5614498257637024,0.5666525363922119,-0.207794189453125,0.9999942183494568,0.44839587807655334,0.567894458770752,-0.07357695698738098,0.9997330904006958,0.5913304686546326,0.6127066612243652,-0.32185348868370056,0.9902507066726685,0.4217536449432373,0.6092122197151184,0.05375131219625473,0.9742964506149292,0.5493057370185852,0.6070919036865234,-0.6531442403793335,0.9725345373153687,0.4248480200767517,0.6430156826972961,-0.03403010219335556,0.9091205596923828,0.5428616404533386,0.6113343834877014,-0.7243548631668091,0.9485370516777039,0.42419227957725525,0.6573576927185059,-0.052397966384887695,0.8340016007423401,0.5319963097572327,0.6066200137138367,-0.7355824708938599,0.9510051012039185,0.4327516555786133,0.6571366190910339,-0.08732996135950089,0.8395379781723022,0.5328318476676941,0.605715274810791,-0.6619811058044434,0.9194468259811401,0.4355752468109131,0.6504717469215393,-0.04666711390018463,0.7950727343559265,0.5317880511283875,0.6506679058074951,-0.03507896885275841,0.9999763369560242,0.46735110878944397,0.6560485363006592,0.035298608243465424,0.9997669458389282,0.5250574350357056,0.6853513121604919,-0.531718909740448,0.9923725128173828,0.45408058166503906,0.7368136048316956,0.076901875436306,0.9132265448570251,0.533395528793335,0.7761858701705933,-0.41220781207084656,0.9836763739585876,0.46444979310035706,0.7631203532218933,0.5171904563903809,0.5636112689971924,0.5359492897987366,0.784656286239624,-0.405857652425766,0.8108932971954346,0.4724883735179901,0.7644220590591431,0.5561527609825134,0.4280688762664795,0.5146294236183167,0.8049201369285583,-0.6249182224273682,0.9789906740188599,0.47420236468315125,0.7875573635101318,0.42831099033355713,0.6371763348579407
IMG_9694 2,41,1354,good,0.4996512532234192,0.5238749384880066,-0.4045274555683136,0.9999566674232483,0.5067514777183533,0.5173464417457581,-0.3839587867259979,0.9999560117721558,0.5113415718078613,0.5172057747840881,-0.38408806920051575,0.9999563694000244,0.5152648091316223,0.5171563625335693,-0.3842047154903412,0.9999608397483826,0.49289071559906006,0.5176724195480347,-0.374662309885025,0.9999034404754639,0.4885014295578003,0.517585813999176,-0.37467309832572937,0.9998695254325867,0.4845936596393585,0.5174895524978638,-0.3746614456176758,0.9998584389686584,0.521538496017456,0.5195143818855286,-0.22802875936031342,0.99993896484375,0.48057475686073303,0.5201185941696167,-0.1863771378993988,0.9996378421783447,0.5096555948257446,0.5292768478393555,-0.34528863430023193,0.9999886155128479,0.49151527881622314,0.5297448039054871,-0.3336411416530609,0.9999468922615051,0.5611866116523743,0.5594572424888611,-0.1517387479543686,0.999994695186615,0.4483225345611572,0.5570284128189087,-0.03748645260930061,0.9997411370277405,0.5917568802833557,0.6068457365036011,-0.3068990707397461,0.9910325407981873,0.4202989637851715,0.5894810557365417,-0.010517916642129421,0.9725229144096375,0.5495999455451965,0.5989068746566772,-0.6408162713050842,0.9750075936317444,0.41787776350975037,0.6156847476959229,-0.13748009502887726,0.9119798541069031,0.5428824424743652,0.602160632610321,-0.7120025753974915,0.9529851675033569,0.4168952703475952,0.6261876821517944,-0.18347159028053284,0.8401342630386353,0.532228410243988,0.5965275168418884,-0.7222558259963989,0.9552424550056458,0.42406952381134033,0.6251488924026489,-0.20026834309101105,0.8454475998878479,0.5329276919364929,0.5950393676757812,-0.6496038436889648,0.9259791374206543,0.42605727910995483,0.6204677820205688,-0.1557665467262268,0.8013900518417358,0.5317859053611755,0.6480036973953247,-0.03399890288710594,0.999978244304657,0.4671873152256012,0.6523256897926331,0.034204479306936264,0.9997775554656982,0.5250690579414368,0.685783863067627,-0.4993829131126404,0.9926763772964478,0.454161137342453,0.7228643894195557,0.10355423390865326,0.9127947092056274,0.5330559611320496,0.7762267589569092,-0.40253353118896484,0.9843839406967163,0.4604646861553192,0.7618971467018127,0.5224564075469971,0.576396107673645,0.5349088311195374,0.7847190499305725,-0.39931851625442505,0.8148919939994812,0.46615976095199585,0.7633121609687805,0.5585446357727051,0.43413278460502625,0.5152260661125183,0.8047437071800232,-0.6219391226768494,0.9800330996513367,0.4707551598548889,0.7864673137664795,0.42687109112739563,0.6526591777801514
IMG_9694 2,42,1387,good,0.4990379512310028,0.5167071223258972,-0.416936457157135,0.9999581575393677,0.5061177611351013,0.5102437734603882,-0.3958252966403961,0.9999579787254333,0.5107836127281189,0.5101501941680908,-0.3959488272666931,0.9999585151672363,0.5147340297698975,0.5101270079612732,-0.3960805833339691,0.9999628067016602,0.49228769540786743,0.5105203986167908,-0.3883090317249298,0.9999062418937683,0.4879542589187622,0.5105301141738892,-0.3883340656757355,0.9998719692230225,0.48412182927131653,0.5105281472206116,-0.38833245635032654,0.9998584985733032,0.521006166934967,0.5123493671417236,-0.23639509081840515,0.999943196773529,0.48037171363830566,0.5129879117012024,-0.20240798592567444,0.9996479153633118,0.5091047883033752,0.5221151113510132,-0.3558988869190216,0.9999892711639404,0.4907970428466797,0.5228272676467896,-0.34654471278190613,0.9999494552612305,0.5605390667915344,0.5527924299240112,-0.15144237875938416,0.9999949932098389,0.4483928680419922,0.5507168173789978,-0.05727267265319824,0.9997285008430481,0.5937168598175049,0.6010190844535828,-0.30669793486595154,0.9916889071464539,0.4161943793296814,0.5901277661323547,-0.06637398898601532,0.968193531036377,0.5496875047683716,0.5891849994659424,-0.6383606195449829,0.9769813418388367,0.4181502163410187,0.6064690947532654,-0.3060213327407837,0.9062522649765015,0.5415410995483398,0.5916568636894226,-0.7102881669998169,0.95633864402771,0.4222802221775055,0.6147251725196838,-0.346926748752594,0.833730936050415,0.5320371389389038,0.5863621234893799,-0.716961681842804,0.9584048986434937,0.42782339453697205,0.6104548573493958,-0.36734750866889954,0.8387839794158936,0.5330814719200134,0.5851044058799744,-0.6445695757865906,0.9305667877197266,0.4266323149204254,0.6074621081352234,-0.3186107873916626,0.7919390201568604,0.5315226316452026,0.6443077325820923,-0.033028002828359604,0.9999793767929077,0.4667648375034332,0.6479835510253906,0.03322363272309303,0.9997738003730774,0.5250964760780334,0.6850600838661194,-0.5004315972328186,0.9928799867630005,0.45419812202453613,0.7184714078903198,0.0998997762799263,0.9122346639633179,0.5329433679580688,0.7761889696121216,-0.4004821479320526,0.9850867986679077,0.46098220348358154,0.7628427147865295,0.5118924975395203,0.6040483117103577,0.5337861776351929,0.7850721478462219,-0.3980625867843628,0.8222084641456604,0.4664912223815918,0.766944944858551,0.5240789651870728,0.4561464488506317,0.5157221555709839,0.8046298027038574,-0.6191110014915466,0.981040358543396,0.4606039822101593,0.7870579361915588,0.357012540102005,0.6752527952194214
IMG_9694 2,43,1420,good,0.4988340735435486,0.5095334053039551,-0.426127552986145,0.9999591112136841,0.5057958364486694,0.5031707882881165,-0.40222838521003723,0.99996018409729,0.5104044079780579,0.5030949115753174,-0.40234434604644775,0.9999609589576721,0.5143298506736755,0.5031222701072693,-0.4024833142757416,0.9999648332595825,0.49218806624412537,0.5034265518188477,-0.3971559405326843,0.9999099373817444,0.48788073658943176,0.5034998655319214,-0.3971938490867615,0.9998769760131836,0.484065979719162,0.5035837292671204,-0.3971923887729645,0.999862015247345,0.5202727317810059,0.5055221319198608,-0.2285192757844925,0.9999475479125977,0.4803067147731781,0.5062703490257263,-0.2085668295621872,0.9996654987335205,0.5088660717010498,0.5153122544288635,-0.3614565134048462,0.999989926815033,0.4907538592815399,0.515880286693573,-0.35530391335487366,0.9999516010284424,0.5598673224449158,0.5468621253967285,-0.13704697787761688,0.9999951124191284,0.44665175676345825,0.5465078353881836,-0.06781017035245895,0.9996762275695801,0.5938617587089539,0.5965858697891235,-0.3056563436985016,0.9919980764389038,0.41300174593925476,0.5922275185585022,-0.17753227055072784,0.9653512835502625,0.5498254895210266,0.5823944211006165,-0.640887439250946,0.9780675172805786,0.4277791678905487,0.59124356508255,-0.4866394102573395,0.9040755033493042,0.5407347679138184,0.5845851302146912,-0.7105726003646851,0.957836925983429,0.44463592767715454,0.5919744968414307,-0.5381108522415161,0.8308038115501404,0.5318586826324463,0.5778975486755371,-0.7143428921699524,0.9597346782684326,0.4470985531806946,0.5859633684158325,-0.542060136795044,0.8347307443618774,0.5329790711402893,0.5776237845420837,-0.6442007422447205,0.9320321083068848,0.44548991322517395,0.5856128931045532,-0.4931817650794983,0.7842832207679749,0.5313317775726318,0.6410505771636963,-0.03215166553854942,0.9999805688858032,0.4663660526275635,0.6452273726463318,0.03234364464879036,0.9997740387916565,0.5257626175880432,0.6851379871368408,-0.4966523349285126,0.9931681752204895,0.4542708694934845,0.7205426096916199,0.10039108991622925,0.9114415049552917,0.5325788855552673,0.7762166857719421,-0.3578971326351166,0.985668420791626,0.4613044559955597,0.7620909214019775,0.5473626255989075,0.6189925670623779,0.5335486531257629,0.7851657867431641,-0.351685494184494,0.8229720592498779,0.4663788378238678,0.7647488713264465,0.584100067615509,0.4647512137889862,0.5153099894523621,0.8045291304588318,-0.5804721117019653,0.9815945029258728,0.4632686376571655,0.7858992218971252,0.43798816204071045,0.6887502074241638
IMG_9694 2,44,1454,good,0.49886560440063477,0.5041727423667908,-0.500531792640686,0.9999560117721558,0.5057944655418396,0.4978894591331482,-0.47694769501686096,0.9999578595161438,0.5103877782821655,0.49787870049476624,-0.4770311117172241,0.9999586343765259,0.5142740607261658,0.4979335367679596,-0.47713011503219604,0.9999619126319885,0.4922935664653778,0.4977461099624634,-0.4752599596977234,0.9999060034751892,0.4879922866821289,0.4976746141910553,-0.4753473997116089,0.9998713135719299,0.48412013053894043,0.4976770281791687,-0.4753549098968506,0.9998511672019958,0.5199487805366516,0.49994567036628723,-0.29569312930107117,0.9999444484710693,0.47998109459877014,0.5000817775726318,-0.2879686653614044,0.9996430277824402,0.508799135684967,0.5100681185722351,-0.43018966913223267,0.9999893307685852,0.4908120036125183,0.5101609826087952,-0.4282881021499634,0.9999476671218872,0.5591901540756226,0.5402590036392212,-0.1896088570356369,0.9999946355819702,0.44291260838508606,0.5397018790245056,-0.14994581043720245,0.9996291399002075,0.5925559997558594,0.590670108795166,-0.36529022455215454,0.9915840029716492,0.40910837054252625,0.5874519944190979,-0.33472728729248047,0.9662063121795654,0.5496661067008972,0.5772460103034973,-0.6897863149642944,0.9777255654335022,0.4275166690349579,0.569682240486145,-0.6924654245376587,0.9072694182395935,0.5404853224754333,0.5786720514297485,-0.7576917409896851,0.9567061066627502,0.44364628195762634,0.5650597810745239,-0.754129946231842,0.8353447318077087,0.5318778157234192,0.5723180770874023,-0.7537875771522522,0.9584267139434814,0.4435696303844452,0.5566980242729187,-0.7512819170951843,0.8381326198577881,0.5328288078308105,0.5714066624641418,-0.6916816234588623,0.9290459752082825,0.4433118999004364,0.559072732925415,-0.6975335478782654,0.7857553958892822,0.5313243865966797,0.6343028545379639,-0.03193606808781624,0.9999814629554749,0.4655671715736389,0.6377258896827698,0.03214208036661148,0.9997649192810059,0.5262798070907593,0.6838750243186951,-0.5021625757217407,0.9935118556022644,0.45431509613990784,0.7100239396095276,0.2046084851026535,0.9122393727302551,0.5327098965644836,0.7758454084396362,-0.4052360951900482,0.9866039752960205,0.46105197072029114,0.747237503528595,0.7294426560401917,0.633345901966095,0.5333635210990906,0.7852025628089905,-0.40580084919929504,0.8252279758453369,0.4659392535686493,0.7479107975959778,0.7759724259376526,0.473778635263443,0.515607476234436,0.8030897378921509,-0.6545671224594116,0.9827365279197693,0.45768916606903076,0.7705538272857666,0.6456609964370728,0.7051113247871399
IMG_9694 2,45,1487,good,0.49885135889053345,0.49753984808921814,-0.513996958732605,0.9999547600746155,0.5057557225227356,0.49100828170776367,-0.48997095227241516,0.9999549984931946,0.5102027654647827,0.4909837245941162,-0.49002277851104736,0.9999557733535767,0.5140174031257629,0.4910547733306885,-0.4900941550731659,0.9999572038650513,0.4923020601272583,0.49093306064605713,-0.4876939654350281,0.9999018907546997,0.48799601197242737,0.4908623695373535,-0.4878103733062744,0.9998692274093628,0.48411300778388977,0.4908963143825531,-0.48781818151474,0.9998462200164795,0.5196753740310669,0.4936501681804657,-0.3155519962310791,0.9999372959136963,0.479502409696579,0.4940008223056793,-0.30574294924736023,0.9996322989463806,0.5084444880485535,0.5034091472625732,-0.44774380326271057,0.9999887943267822,0.4908362627029419,0.5037150979042053,-0.4452270567417145,0.999945342540741,0.5588091611862183,0.534354567527771,-0.21530623733997345,0.9999938011169434,0.44188687205314636,0.53403240442276,-0.1805655062198639,0.9996134042739868,0.592398464679718,0.5883206129074097,-0.4170418977737427,0.9921106696128845,0.4066152274608612,0.5855996012687683,-0.39270079135894775,0.9691157937049866,0.5489358901977539,0.5669469237327576,-0.7481150031089783,0.9795289039611816,0.4235348105430603,0.5439008474349976,-0.7515124082565308,0.9161484837532043,0.5395416617393494,0.5687118172645569,-0.8157997727394104,0.9596343040466309,0.4345844089984894,0.536035418510437,-0.8152931332588196,0.8506731390953064,0.5312162637710571,0.5640671253204346,-0.800990879535675,0.9610952734947205,0.43517011404037476,0.5322812795639038,-0.8014439940452576,0.8530288934707642,0.5320195555686951,0.5629149675369263,-0.7464525103569031,0.9331608414649963,0.4360572099685669,0.5349322557449341,-0.7521193623542786,0.8047187924385071,0.5314657092094421,0.630302369594574,-0.030591709539294243,0.9999803900718689,0.46555083990097046,0.6327961683273315,0.03067798912525177,0.9997456073760986,0.5264664888381958,0.683922529220581,-0.4518279731273651,0.9936016798019409,0.4549446702003479,0.7059867978096008,0.1538974642753601,0.912625253200531,0.5326973795890808,0.7756651639938354,-0.3091331124305725,0.9869670271873474,0.46011632680892944,0.746892511844635,0.6408316493034363,0.6450890302658081,0.5329384803771973,0.7854238152503967,-0.30425721406936646,0.8250033855438232,0.4635322391986847,0.748230516910553,0.6837409138679504,0.47872260212898254,0.5157089233398438,0.8029366135597229,-0.5301235914230347,0.9830173254013062,0.4592357873916626,0.7686833739280701,0.5485731959342957,0.7168768048286438
IMG_9694 2,46,1520,good,0.4991295635700226,0.49234452843666077,-0.5714718699455261,0.9999565482139587,0.5057885050773621,0.485385000705719,-0.5490233898162842,0.9999556541442871,0.5101943612098694,0.48521724343299866,-0.5490381717681885,0.9999562501907349,0.5139941573143005,0.4852163791656494,-0.5490990877151489,0.9999568462371826,0.49237608909606934,0.48572278022766113,-0.5468707084655762,0.9999050498008728,0.48802897334098816,0.48573940992355347,-0.5469852685928345,0.9998751282691956,0.48410671949386597,0.4858425259590149,-0.5469706058502197,0.9998528361320496,0.5196145176887512,0.4875774681568146,-0.3765687644481659,0.9999363422393799,0.47875818610191345,0.48876717686653137,-0.3647763431072235,0.9996498823165894,0.5084707736968994,0.4982564449310303,-0.5049816370010376,0.9999890327453613,0.49125808477401733,0.4987998604774475,-0.5018497705459595,0.999947190284729,0.5588192939758301,0.5293160080909729,-0.2692841589450836,0.9999937415122986,0.44183552265167236,0.5285554528236389,-0.23050867021083832,0.9996307492256165,0.5923923850059509,0.5831537246704102,-0.4882347881793976,0.9926048517227173,0.40592440962791443,0.5804463624954224,-0.4542933404445648,0.9718831777572632,0.5490244030952454,0.5630209445953369,-0.8324924111366272,0.9811140298843384,0.4233683943748474,0.5323240160942078,-0.8205500245094299,0.9242817759513855,0.5395612120628357,0.563157320022583,-0.9048767685890198,0.962219774723053,0.43257787823677063,0.5248425602912903,-0.8879748582839966,0.8648168444633484,0.5313583016395569,0.5579203367233276,-0.8886208534240723,0.963412880897522,0.43450725078582764,0.5212801694869995,-0.8751087188720703,0.8668146133422852,0.5320748090744019,0.5574079751968384,-0.8315833806991577,0.9366374611854553,0.43554529547691345,0.5244789719581604,-0.8219974637031555,0.8225034475326538,0.5316439867019653,0.6238391399383545,-0.03300444781780243,0.9999793767929077,0.4656333327293396,0.6262151598930359,0.033001746982336044,0.9997334480285645,0.5264654755592346,0.6853299140930176,-0.3949410319328308,0.9940364956855774,0.4549584984779358,0.6989936828613281,0.19354163110256195,0.9179003238677979,0.532745897769928,0.7753878235816956,-0.24968411028385162,0.9880150556564331,0.4603271186351776,0.7415838241577148,0.6759397983551025,0.6711283922195435,0.5334445834159851,0.7849197387695312,-0.2469269335269928,0.8274781703948975,0.46379193663597107,0.7465941309928894,0.7171024084091187,0.5033153295516968,0.5156026482582092,0.8028709292411804,-0.4843893051147461,0.984139084815979,0.45474252104759216,0.7683656215667725,0.578018844127655,0.7391141057014465
IMG_9694 2,47,1553,good,0.49913492798805237,0.4879053235054016,-0.6307543516159058,0.9999598264694214,0.5057715773582458,0.4806555509567261,-0.6070476174354553,0.9999583959579468,0.5101240277290344,0.48048460483551025,-0.6070611476898193,0.999958872795105,0.5137556195259094,0.48040205240249634,-0.6071358323097229,0.9999589920043945,0.49237868189811707,0.48092612624168396,-0.6053414344787598,0.9999116063117981,0.488025963306427,0.4808146059513092,-0.6054502129554749,0.9998844265937805,0.48406079411506653,0.48064401745796204,-0.6054084897041321,0.9998633861541748,0.5191591382026672,0.4831218421459198,-0.42614635825157166,0.99993896484375,0.4776290953159332,0.48409968614578247,-0.4168854355812073,0.999677300453186,0.5083172917366028,0.49395132064819336,-0.5611717104911804,0.9999897480010986,0.49118584394454956,0.49452272057533264,-0.5587121844291687,0.9999509453773499,0.5588177442550659,0.5256756544113159,-0.31329503655433655,0.9999939799308777,0.4409010708332062,0.5243924856185913,-0.2799284756183624,0.9996542930603027,0.5926125645637512,0.5789160132408142,-0.5542406439781189,0.9931456446647644,0.40521103143692017,0.5763673186302185,-0.5208263397216797,0.9744659066200256,0.549110472202301,0.5596780776977539,-0.9132063984870911,0.9827175736427307,0.42316246032714844,0.5281257033348083,-0.8984597325325012,0.9316611289978027,0.53929203748703,0.5570001006126404,-0.9909988045692444,0.9650475382804871,0.43182674050331116,0.5204768776893616,-0.9700286984443665,0.8777315020561218,0.531472384929657,0.5508356690406799,-0.9722362160682678,0.9660289287567139,0.4344017803668976,0.5166270136833191,-0.9553970694541931,0.8794302344322205,0.5322089195251465,0.5509256720542908,-0.9122868180274963,0.9407361149787903,0.43540921807289124,0.5192542672157288,-0.8995721936225891,0.8388720154762268,0.5316827297210693,0.6207377910614014,-0.03321684151887894,0.9999792575836182,0.4658353924751282,0.6226391792297363,0.03319653868675232,0.9997281432151794,0.5263177752494812,0.6859580874443054,-0.3770146369934082,0.9944441318511963,0.4551042914390564,0.6951028108596802,0.19652214646339417,0.9231581091880798,0.5327571034431458,0.7748176455497742,-0.21055267751216888,0.9889795780181885,0.4604300260543823,0.7343997359275818,0.7339203357696533,0.6913512945175171,0.5336199998855591,0.7848429679870605,-0.20644885301589966,0.8315240740776062,0.463904470205307,0.7357375621795654,0.7808547019958496,0.5220436453819275,0.5161490440368652,0.8021106719970703,-0.44660910964012146,0.9851187467575073,0.45584195852279663,0.7643545269966125,0.6477448344230652,0.7571327686309814
IMG_9694 2,48,1586,good,0.4996843636035919,0.4797067940235138,-0.5957033634185791,0.9999597668647766,0.5060598850250244,0.472952663898468,-0.570845365524292,0.9999566078186035,0.5101999044418335,0.47308745980262756,-0.5708652138710022,0.9999566674232483,0.5138880610466003,0.47331351041793823,-0.5709413290023804,0.9999557733535767,0.4929632246494293,0.4728541970252991,-0.5701515078544617,0.9999116063117981,0.48837196826934814,0.47292113304138184,-0.570265531539917,0.9998868703842163,0.48420917987823486,0.4730605483055115,-0.5702542662620544,0.999866247177124,0.5193486213684082,0.4768775999546051,-0.3934411406517029,0.9999295473098755,0.477449893951416,0.47774314880371094,-0.3890869617462158,0.9996891617774963,0.5083554983139038,0.4863908290863037,-0.5283297896385193,0.9999892711639404,0.49135369062423706,0.486785888671875,-0.5272772908210754,0.9999513626098633,0.5587759613990784,0.5213410258293152,-0.2853226363658905,0.9999926686286926,0.44095292687416077,0.5209206342697144,-0.26222485303878784,0.9996578097343445,0.5926912426948547,0.5735452771186829,-0.5080796480178833,0.9932679533958435,0.4049295485019684,0.5728057026863098,-0.4942343235015869,0.9766036868095398,0.5491387248039246,0.5561667084693909,-0.8546033501625061,0.9834374189376831,0.4252460300922394,0.5264474153518677,-0.8613862991333008,0.9380304217338562,0.5386623740196228,0.5526124835014343,-0.9264172315597534,0.9658095240592957,0.43251222372055054,0.5173736214637756,-0.9312495589256287,0.8886197209358215,0.5314427018165588,0.54667729139328,-0.9104464650154114,0.9664534330368042,0.4361204504966736,0.5137259364128113,-0.9142980575561523,0.8899319767951965,0.5322036147117615,0.5470147728919983,-0.8540686964988708,0.9409233331680298,0.4374217987060547,0.516792356967926,-0.8610016703605652,0.852080762386322,0.5318905711174011,0.6162717938423157,-0.03194791451096535,0.9999769330024719,0.46604064106941223,0.6179925799369812,0.03185516968369484,0.999704122543335,0.5258392095565796,0.6863887906074524,-0.3197638988494873,0.9946866631507874,0.45600590109825134,0.6921824216842651,0.17861878871917725,0.9270815849304199,0.532622754573822,0.774531364440918,-0.1529885232448578,0.989712119102478,0.4605712592601776,0.7293994426727295,0.7188011407852173,0.7011369466781616,0.5334299802780151,0.7846325039863586,-0.14796964824199677,0.8286493420600891,0.46424075961112976,0.7283753156661987,0.7671586871147156,0.5242024064064026,0.5171577334403992,0.8015663623809814,-0.37619641423225403,0.9855786561965942,0.45724377036094666,0.7627559900283813,0.6428921222686768,0.7677302956581116
IMG_9694 2,49,1619,good,0.49973031878471375,0.47775861620903015,-0.6210210919380188,0.9999614357948303,0.5060964226722717,0.4706227481365204,-0.5972922444343567,0.999957263469696,0.5101944208145142,0.4705638885498047,-0.5972914099693298,0.9999573230743408,0.5138551592826843,0.470493346452713,-0.5973570346832275,0.999955415725708,0.49295932054519653,0.4708358347415924,-0.5966996550559998,0.9999150037765503,0.4883565306663513,0.4707876741886139,-0.596818208694458,0.9998929500579834,0.4841678738594055,0.47075381875038147,-0.5968068838119507,0.9998730421066284,0.5193313956260681,0.4739789664745331,-0.4150141179561615,0.9999285340309143,0.4768328070640564,0.4750874936580658,-0.4114815890789032,0.9997100830078125,0.5083392858505249,0.4844079315662384,-0.5508409142494202,0.9999894499778748,0.49133819341659546,0.48495322465896606,-0.5500384569168091,0.9999537467956543,0.5587687492370605,0.5180038213729858,-0.29471710324287415,0.9999925494194031,0.4408445954322815,0.5177448987960815,-0.2694067358970642,0.9996756911277771,0.5928639769554138,0.5701995491981506,-0.5179101824760437,0.9935861229896545,0.40485095977783203,0.5695160031318665,-0.49845314025878906,0.9785730838775635,0.5499178767204285,0.552950918674469,-0.8797470331192017,0.9844774603843689,0.42802348732948303,0.5256031155586243,-0.8766977190971375,0.943900465965271,0.538694441318512,0.5497026443481445,-0.9543519020080566,0.967406153678894,0.43450358510017395,0.5165044665336609,-0.9460746645927429,0.8987927436828613,0.532005786895752,0.5427618622779846,-0.9391546845436096,0.9678305983543396,0.43854835629463196,0.5129306316375732,-0.9311951398849487,0.899813175201416,0.5328792333602905,0.5438446402549744,-0.8797703385353088,0.9427350163459778,0.4399860203266144,0.5155852437019348,-0.8766587972640991,0.8646814823150635,0.5322082042694092,0.6120433807373047,-0.03326111659407616,0.9999756217002869,0.4663565158843994,0.6140303015708923,0.033187031745910645,0.9996957182884216,0.5252957940101624,0.6862801909446716,-0.33855900168418884,0.9949321150779724,0.4569169580936432,0.6875424981117249,0.198667973279953,0.930246114730835,0.5325714945793152,0.7745317816734314,-0.2064143717288971,0.9904633164405823,0.4605693221092224,0.7318732142448425,0.7070764899253845,0.7184962034225464,0.5331848859786987,0.7848563194274902,-0.20617444813251495,0.8281542658805847,0.4645000696182251,0.73426753282547,0.7503504753112793,0.5405834317207336,0.5176013708114624,0.8015397191047668,-0.44685155153274536,0.9862762689590454,0.4549103379249573,0.7632611393928528,0.6139792799949646,0.783154308795929
IMG_9694 2,50,1652,good,0.4997767210006714,0.4738476872444153,-0.5943235158920288,0.9999591112136841,0.5060973763465881,0.46633824706077576,-0.5700738430023193,0.9999523162841797,0.5101357102394104,0.4661736488342285,-0.5701811909675598,0.9999520182609558,0.5137954354286194,0.46604201197624207,-0.5703396201133728,0.9999486804008484,0.49295932054519653,0.46675556898117065,-0.5617756843566895,0.9999104142189026,0.4883531332015991,0.4668347239494324,-0.5618501305580139,0.9998898506164551,0.4841356575489044,0.46686863899230957,-0.5618069767951965,0.9998693466186523,0.5193260908126831,0.46941477060317993,-0.40495240688323975,0.9999141097068787,0.47609642148017883,0.4708876609802246,-0.3695559501647949,0.9997112154960632,0.5083230137825012,0.4807113707065582,-0.5335404276847839,0.9999881982803345,0.4913404583930969,0.4810228645801544,-0.5195708274841309,0.9999523162841797,0.5587727427482605,0.5134252309799194,-0.25793692469596863,0.9999918341636658,0.4409094452857971,0.5134915113449097,-0.22988304495811462,0.9996816515922546,0.5928624868392944,0.5655286312103271,-0.487777978181839,0.9937269687652588,0.40493083000183105,0.5666482448577881,-0.42078569531440735,0.9801534414291382,0.5499656200408936,0.5477052330970764,-0.8741081357002258,0.9853862524032593,0.4291275441646576,0.5248650312423706,-0.7841024994850159,0.9491123557090759,0.5387448668479919,0.5452553033828735,-0.9226430058479309,0.968906044960022,0.4347541034221649,0.5166369080543518,-0.8505309224128723,0.9078174233436584,0.5318210124969482,0.5383322238922119,-0.8850774765014648,0.9691648483276367,0.4392334818840027,0.5126304030418396,-0.8404878973960876,0.9085877537727356,0.5326167941093445,0.5393497347831726,-0.8560672402381897,0.9447296857833862,0.4408506751060486,0.5147736072540283,-0.785598635673523,0.8759005069732666,0.5322479009628296,0.608314037322998,-0.03307841345667839,0.9999741315841675,0.4663051962852478,0.6101716160774231,0.03302284702658653,0.999685525894165,0.5248991847038269,0.685749888420105,-0.3114214539527893,0.995114803314209,0.45761609077453613,0.6883919835090637,0.1867828667163849,0.9327519536018372,0.5325576663017273,0.7744759321212769,-0.21232883632183075,0.9910499453544617,0.4602380394935608,0.7300102114677429,0.6837533712387085,0.7297700047492981,0.5332134962081909,0.784988522529602,-0.21426430344581604,0.8256832361221313,0.4644375443458557,0.7334887385368347,0.7268469333648682,0.5476742386817932,0.5181544423103333,0.8021061420440674,-0.4458255469799042,0.9867544174194336,0.4536515772342682,0.7628549933433533,0.5995947122573853,0.7944623231887817
IMG_9694 2,51,1685,good,0.4996889531612396,0.4698546230792999,-0.5830352306365967,0.999954879283905,0.5060959458351135,0.4626196324825287,-0.5620856881141663,0.9999438524246216,0.5101280212402344,0.46236222982406616,-0.5622413158416748,0.9999431371688843,0.5137186050415039,0.4622383713722229,-0.5624992251396179,0.9999379515647888,0.4929334223270416,0.46323928236961365,-0.5452026128768921,0.9999021291732788,0.48827898502349854,0.4633392095565796,-0.5452669858932495,0.9998825788497925,0.4839976131916046,0.46348491311073303,-0.5452089309692383,0.9998602867126465,0.5193217992782593,0.465586394071579,-0.3828006088733673,0.9998869895935059,0.47570276260375977,0.46704351902008057,-0.35433661937713623,0.9997020363807678,0.5081002712249756,0.476586252450943,-0.5303680300712585,0.9999860525131226,0.49113768339157104,0.4770389199256897,-0.5031760931015015,0.9999492764472961,0.5587783455848694,0.5097140669822693,-0.23323526978492737,0.9999905824661255,0.4404817223548889,0.511754035949707,-0.2181733250617981,0.9996809363365173,0.5928671360015869,0.561416506767273,-0.4281800091266632,0.9934971332550049,0.4060104787349701,0.5654048919677734,-0.4141629636287689,0.9813965559005737,0.5502146482467651,0.5465502142906189,-0.8020138144493103,0.9858605861663818,0.43555793166160583,0.5261303186416626,-0.7865743041038513,0.9536382555961609,0.5388480424880981,0.5446032285690308,-0.858606219291687,0.9696787595748901,0.4391918182373047,0.5181411504745483,-0.8560698628425598,0.9156573414802551,0.5318189263343811,0.5372048616409302,-0.8420208692550659,0.9697978496551514,0.4422951638698578,0.5129770040512085,-0.8463044166564941,0.916182279586792,0.5326523184776306,0.537828803062439,-0.796448290348053,0.9456319808959961,0.44426989555358887,0.5154210329055786,-0.7881943583488464,0.8854624032974243,0.5323160290718079,0.6057153940200806,-0.0296424962580204,0.9999719262123108,0.4663001596927643,0.6076294183731079,0.029592590406537056,0.9996720552444458,0.524788498878479,0.6856811046600342,-0.26503226161003113,0.9952652454376221,0.45806562900543213,0.6879085898399353,0.1847030520439148,0.9351980686187744,0.5321635007858276,0.7743344902992249,-0.16176848113536835,0.9915189743041992,0.4603034555912018,0.7283254265785217,0.713535487651825,0.7337056398391724,0.5324124097824097,0.784993588924408,-0.16304878890514374,0.8246935606002808,0.4645666480064392,0.7289506793022156,0.7609192728996277,0.5456061363220215,0.518185019493103,0.8023073077201843,-0.3903771936893463,0.987057089805603,0.4541773200035095,0.7620823383331299,0.6424753665924072,0.8006696105003357
IMG_9694 2,52,1718,good,0.49968549609184265,0.4655969440937042,-0.5518108606338501,0.9999532103538513,0.5060479044914246,0.4588250517845154,-0.526241660118103,0.9999391436576843,0.5100185871124268,0.458600789308548,-0.5262961387634277,0.9999383091926575,0.5137060284614563,0.4584692716598511,-0.5263816714286804,0.9999322891235352,0.4928719997406006,0.4593122601509094,-0.5257687568664551,0.9998987317085266,0.4881291091442108,0.4593685269355774,-0.5258501768112183,0.9998798966407776,0.4837065041065216,0.45951196551322937,-0.525859534740448,0.9998567700386047,0.5193240642547607,0.46157151460647583,-0.33866196870803833,0.9998704791069031,0.47497695684432983,0.4629304111003876,-0.3500489592552185,0.9997001886367798,0.5080521702766418,0.47256624698638916,-0.4853292405605316,0.9999845027923584,0.49105602502822876,0.4731614589691162,-0.4838651418685913,0.9999482035636902,0.5587567090988159,0.5071250796318054,-0.19944517314434052,0.9999887943267822,0.440007746219635,0.5079458951950073,-0.21213306486606598,0.999681293964386,0.5926395058631897,0.5584352016448975,-0.35477468371391296,0.9932586550712585,0.40840280055999756,0.5629533529281616,-0.38944101333618164,0.9822596311569214,0.5507069826126099,0.5447240471839905,-0.6972094774246216,0.9863082766532898,0.4401193857192993,0.5281373262405396,-0.7431297302246094,0.9574467539787292,0.5389018654823303,0.5424519777297974,-0.7593576908111572,0.9704368710517883,0.4425145983695984,0.5208601355552673,-0.8103054165840149,0.9221757054328918,0.5320753455162048,0.5344331860542297,-0.7559471130371094,0.9704583287239075,0.4444729685783386,0.5153523683547974,-0.8043948411941528,0.9224562048912048,0.5332785844802856,0.5350341200828552,-0.6993111371994019,0.9467679262161255,0.44621336460113525,0.5176718235015869,-0.7458719611167908,0.893221914768219,0.5323114395141602,0.6024507880210876,-0.020134318619966507,0.9999680519104004,0.4657883942127228,0.6036224961280823,0.020113889127969742,0.9996538162231445,0.5247442722320557,0.6840354800224304,-0.22661863267421722,0.9954551458358765,0.4591284692287445,0.6840755939483643,0.16937308013439178,0.9392770528793335,0.5320948958396912,0.7737516760826111,-0.1252894103527069,0.9919992089271545,0.4603380858898163,0.7284933924674988,0.6852778792381287,0.7442391514778137,0.5323057174682617,0.7843487858772278,-0.12670470774173737,0.8276740908622742,0.4646667242050171,0.7289842367172241,0.729479968547821,0.5469068884849548,0.5190083384513855,0.8022460341453552,-0.3519066274166107,0.987520694732666,0.45611244440078735,0.7620013952255249,0.602928876876831,0.8095691204071045
IMG_9694 2,53,1751,good,0.49966877698898315,0.46355634927749634,-0.45695802569389343,0.9999499320983887,0.506067156791687,0.4568956196308136,-0.4312862455844879,0.999932587146759,0.5100122690200806,0.4567989110946655,-0.43131279945373535,0.9999305009841919,0.5137284398078918,0.45678648352622986,-0.4313499331474304,0.9999257326126099,0.4929003119468689,0.4571497142314911,-0.4361198842525482,0.9998936653137207,0.4881369173526764,0.4572071135044098,-0.4361756443977356,0.9998731017112732,0.4837004542350769,0.45732977986335754,-0.4362111985683441,0.9998513460159302,0.5193288922309875,0.45951101183891296,-0.2542709410190582,0.9998469948768616,0.47499197721481323,0.4602268934249878,-0.2769664227962494,0.9996955394744873,0.5080100893974304,0.4703245162963867,-0.3890990614891052,0.9999818205833435,0.4909335672855377,0.4710657298564911,-0.39525866508483887,0.999945878982544,0.5587454438209534,0.5045240521430969,-0.1316693127155304,0.9999865293502808,0.4395850896835327,0.5044642090797424,-0.1592155247926712,0.9996855854988098,0.5919511914253235,0.5579028725624084,-0.2689948081970215,0.9927228689193726,0.4108394384384155,0.559834897518158,-0.30277806520462036,0.9825992584228516,0.5507264733314514,0.5421632528305054,-0.5996743440628052,0.9864140152931213,0.4494115114212036,0.5295937061309814,-0.6187967658042908,0.9603466391563416,0.5386016368865967,0.5386797785758972,-0.6638619303703308,0.9704855680465698,0.4515800178050995,0.5215844511985779,-0.6814507246017456,0.9268169403076172,0.5320488810539246,0.530403196811676,-0.6616052985191345,0.9704191088676453,0.4520889222621918,0.5159822106361389,-0.6807771325111389,0.9267511963844299,0.5332983732223511,0.5314013361930847,-0.6033812761306763,0.9469553828239441,0.454138845205307,0.5187128782272339,-0.6226975321769714,0.8982950448989868,0.5322827100753784,0.6007928252220154,-0.009214256890118122,0.9999604225158691,0.46524518728256226,0.6014549136161804,0.009202149696648121,0.9996293187141418,0.5246371626853943,0.6832968592643738,-0.16286532580852509,0.9955549836158752,0.4608965218067169,0.6813107132911682,0.14551417529582977,0.9428784847259521,0.5317769050598145,0.7729560732841492,-0.06419384479522705,0.9923581480979919,0.46037977933883667,0.7303295731544495,0.6097548007965088,0.7569899559020996,0.5310153961181641,0.7843606472015381,-0.0661400705575943,0.8315913081169128,0.46469515562057495,0.7312198877334595,0.6486268639564514,0.5497810244560242,0.5193077921867371,0.8017473220825195,-0.28758376836776733,0.9878175258636475,0.4566064476966858,0.7619946002960205,0.5166833400726318,0.8197916150093079
IMG_9694 2,54,1784,good,0.4997233748435974,0.46032610535621643,-0.4246005117893219,0.9999454617500305,0.5060593485832214,0.4537624716758728,-0.3995180130004883,0.999923586845398,0.5099583268165588,0.4536171853542328,-0.39954158663749695,0.9999201893806458,0.5136600136756897,0.4535655975341797,-0.3995644152164459,0.999916672706604,0.4928974211215973,0.45403435826301575,-0.40585628151893616,0.9998857378959656,0.4881332516670227,0.4540390372276306,-0.4059172570705414,0.9998634457588196,0.48369452357292175,0.45413774251937866,-0.40596744418144226,0.9998437762260437,0.5191811323165894,0.4565359652042389,-0.22242124378681183,0.9998154640197754,0.4749101400375366,0.45750582218170166,-0.250523179769516,0.9996890425682068,0.508007287979126,0.4668940007686615,-0.3558309078216553,0.9999788403511047,0.4909352660179138,0.46756693720817566,-0.363963782787323,0.9999432563781738,0.5587697625160217,0.5006274580955505,-0.0924658253788948,0.9999850392341614,0.43947482109069824,0.5011059045791626,-0.13743962347507477,0.9996942281723022,0.5918843150138855,0.5518237948417664,-0.21236638724803925,0.9918367862701416,0.4120892286300659,0.5558901429176331,-0.2669298052787781,0.9828654527664185,0.5507290363311768,0.5401440262794495,-0.5489290356636047,0.9861061573028564,0.4503365457057953,0.5308420658111572,-0.5785496234893799,0.962714433670044,0.5381280183792114,0.537621796131134,-0.6131080985069275,0.9698479175567627,0.4551067650318146,0.5245063304901123,-0.641512393951416,0.9305111169815063,0.5319997072219849,0.5292808413505554,-0.6151849627494812,0.9697448015213013,0.45532408356666565,0.5186081528663635,-0.6437864899635315,0.9301301836967468,0.5333097577095032,0.5305523872375488,-0.5547170042991638,0.9460818767547607,0.45656707882881165,0.5203248858451843,-0.5833754539489746,0.9021031856536865,0.532151997089386,0.5971798896789551,0.00253755459561944,0.9999539852142334,0.46490806341171265,0.5976278781890869,-0.0025795253459364176,0.9996116161346436,0.5245728492736816,0.6795964241027832,-0.1400621384382248,0.9956467747688293,0.46318644285202026,0.675574779510498,0.09681154042482376,0.9461850523948669,0.5317663550376892,0.7705021500587463,-0.031464338302612305,0.9927113652229309,0.4606674611568451,0.728409469127655,0.5580580830574036,0.7662000060081482,0.5309229493141174,0.782809317111969,-0.03216058760881424,0.836299479007721,0.46479371190071106,0.731168806552887,0.5972052216529846,0.5475989580154419,0.5200013518333435,0.8015260696411133,-0.25359228253364563,0.9881399273872375,0.4587007164955139,0.7589224576950073,0.4655541777610779,0.8276585340499878
IMG_9694 2,55,1817,good,0.5014667510986328,0.4574423134326935,-0.41657909750938416,0.9999448657035828,0.5070809721946716,0.45121240615844727,-0.3893277943134308,0.9999223947525024,0.51070237159729,0.45104724168777466,-0.3893625736236572,0.9999182224273682,0.5144680738449097,0.45095202326774597,-0.3893938660621643,0.9999154210090637,0.4941350817680359,0.4515022039413452,-0.39797917008399963,0.9998865127563477,0.48904740810394287,0.45150625705718994,-0.39803656935691833,0.9998639225959778,0.48429253697395325,0.45159801840782166,-0.3980776369571686,0.9998456835746765,0.5193076133728027,0.45374447107315063,-0.20491620898246765,0.9998078346252441,0.47490522265434265,0.45443814992904663,-0.24401654303073883,0.9996998310089111,0.5088739395141602,0.46401000022888184,-0.3453708291053772,0.999977707862854,0.49208763241767883,0.46488654613494873,-0.35667815804481506,0.9999436140060425,0.5587713122367859,0.4986991882324219,-0.07297296822071075,0.9999842047691345,0.43910083174705505,0.49883919954299927,-0.12971046566963196,0.9997051954269409,0.591149628162384,0.5517053008079529,-0.1915775090456009,0.9912784099578857,0.4133468568325043,0.5537103414535522,-0.25174587965011597,0.9829204082489014,0.5507484674453735,0.5365608334541321,-0.5380433797836304,0.9863160252571106,0.45272788405418396,0.5325121283531189,-0.5634492635726929,0.9648820757865906,0.5380751490592957,0.5330849885940552,-0.6057458519935608,0.9702180624008179,0.45803210139274597,0.5262555480003357,-0.6271860003471375,0.9340236186981201,0.5319729447364807,0.5253964066505432,-0.608403205871582,0.9701342582702637,0.45828765630722046,0.5197816491127014,-0.6327822208404541,0.9333969354629517,0.5333033204078674,0.526405394077301,-0.5447344183921814,0.9468430876731873,0.4594287574291229,0.521087110042572,-0.5694343447685242,0.9057600498199463,0.5316813588142395,0.5956339836120605,0.006474181078374386,0.9999486207962036,0.4642145335674286,0.595786452293396,-0.006471758242696524,0.9995997548103333,0.5246655344963074,0.6778345704078674,-0.1404074728488922,0.9955322742462158,0.4650633633136749,0.6719602346420288,0.0859859362244606,0.9482296705245972,0.5317643284797668,0.7691903710365295,-0.04752689599990845,0.9928114414215088,0.4607040584087372,0.7283259034156799,0.5360730886459351,0.7719472646713257,0.5304123759269714,0.782728910446167,-0.050142087042331696,0.8401698470115662,0.4648643434047699,0.7314925193786621,0.573443591594696,0.5458124279975891,0.5232865214347839,0.7998894453048706,-0.27257466316223145,0.988063633441925,0.45882636308670044,0.758888304233551,0.43660441040992737,0.8330053687095642
IMG_9694 2,56,1850,good,0.5023502707481384,0.45663881301879883,-0.3987542688846588,0.9999426007270813,0.507514238357544,0.450221449136734,-0.37017858028411865,0.9999196529388428,0.5110536813735962,0.4500439167022705,-0.3702091574668884,0.9999147057533264,0.5148875117301941,0.44993776082992554,-0.37024497985839844,0.999913215637207,0.4948090612888336,0.45075148344039917,-0.3802417516708374,0.9998849630355835,0.4897592067718506,0.45094525814056396,-0.380297988653183,0.9998610615730286,0.4849034547805786,0.45124396681785583,-0.3803451359272003,0.9998438954353333,0.5194723606109619,0.4526345729827881,-0.1786080151796341,0.9997954368591309,0.47526493668556213,0.4542821943759918,-0.2250116914510727,0.9997038841247559,0.5095163583755493,0.4629721939563751,-0.3249489665031433,0.9999755024909973,0.493076354265213,0.464512437582016,-0.3383016884326935,0.9999420046806335,0.5591725707054138,0.4974452555179596,-0.03694052994251251,0.999983012676239,0.43911898136138916,0.49636733531951904,-0.1211802288889885,0.9997109174728394,0.5911092758178711,0.5504602789878845,-0.1477476805448532,0.9908134937286377,0.4142005741596222,0.550007700920105,-0.24193409085273743,0.9825703501701355,0.5516632199287415,0.5352092385292053,-0.49559152126312256,0.9866008758544922,0.4595121145248413,0.5336048603057861,-0.5473343133926392,0.9659618139266968,0.5382750630378723,0.5327697396278381,-0.5649532079696655,0.9705740213394165,0.4657110571861267,0.5277563333511353,-0.6124866008758545,0.9354379773139954,0.5324034094810486,0.5250958800315857,-0.5702941417694092,0.9705599546432495,0.46638816595077515,0.5211662650108337,-0.6201835870742798,0.9344686269760132,0.5340045690536499,0.5257083177566528,-0.5036820769309998,0.9476086497306824,0.46765196323394775,0.5223146080970764,-0.5540173053741455,0.9061819314956665,0.5315772891044617,0.5931882858276367,0.020385049283504486,0.9999427795410156,0.4638366997241974,0.5928159952163696,-0.020362436771392822,0.9995921850204468,0.5253002047538757,0.6758644580841064,-0.1202232614159584,0.9952642321586609,0.46649277210235596,0.6711344718933105,0.032165125012397766,0.9501583576202393,0.5332193970680237,0.7654088139533997,-0.015359001234173775,0.9926362037658691,0.46206364035606384,0.7274966239929199,0.4923829138278961,0.7725492715835571,0.5285453796386719,0.7806805372238159,-0.01611998863518238,0.8463756442070007,0.46533432602882385,0.7310237884521484,0.5305221080780029,0.5369174480438232,0.5428525805473328,0.793700098991394,-0.2347177416086197,0.9876636862754822,0.460260272026062,0.759082555770874,0.3907868266105652,0.8331543803215027
IMG_9694 2,57,1883,good,0.5063163638114929,0.45253410935401917,-0.43394041061401367,0.9999439716339111,0.5098270773887634,0.44588759541511536,-0.4071030616760254,0.9999216198921204,0.5131428837776184,0.4458400011062622,-0.40713703632354736,0.9999163746833801,0.5168091654777527,0.44585105776786804,-0.4071800410747528,0.999915361404419,0.4979010820388794,0.44635704159736633,-0.41396617889404297,0.9998894929885864,0.49230483174324036,0.44659680128097534,-0.4140344262123108,0.9998658895492554,0.4871755540370941,0.44692856073379517,-0.4140675365924835,0.9998494386672974,0.5199709534645081,0.4494844675064087,-0.221243754029274,0.9997972249984741,0.47581228613853455,0.45083531737327576,-0.23518593609333038,0.9997193813323975,0.5124435424804688,0.45943784713745117,-0.3623183071613312,0.999975323677063,0.49664267897605896,0.46029362082481384,-0.3714751601219177,0.9999438524246216,0.5595614910125732,0.4943423569202423,-0.0837768092751503,0.999981164932251,0.4392281770706177,0.4937574565410614,-0.1541975885629654,0.9997189044952393,0.5913412570953369,0.5481305718421936,-0.20145049691200256,0.9904801249504089,0.414687842130661,0.5469809770584106,-0.2679786682128906,0.9829962253570557,0.55184406042099,0.5319699048995972,-0.5465737581253052,0.9867259860038757,0.4619320333003998,0.5314256548881531,-0.5793543457984924,0.9674773216247559,0.5383630990982056,0.529583752155304,-0.6157208681106567,0.9704725742340088,0.46773919463157654,0.5263491868972778,-0.6430457830429077,0.9375452995300293,0.5324354767799377,0.5219393372535706,-0.6202055811882019,0.9704886078834534,0.4690924286842346,0.5197780728340149,-0.6487997174263,0.9362555742263794,0.5340563654899597,0.5223923325538635,-0.5542527437210083,0.9476097822189331,0.47051870822906494,0.5207889080047607,-0.585206925868988,0.9076344966888428,0.5315742492675781,0.5920665860176086,0.021189462393522263,0.9999369978904724,0.46370282769203186,0.5912488698959351,-0.021185660734772682,0.9995867013931274,0.5285300016403198,0.6733651757240295,-0.11617548763751984,0.9951779246330261,0.4671611785888672,0.6689079999923706,0.07121434807777405,0.9530501365661621,0.5374851822853088,0.7621773481369019,-0.00919620506465435,0.9927167892456055,0.46497446298599243,0.7276796698570251,0.5176112055778503,0.7853412628173828,0.5290190577507019,0.7768158316612244,-0.01044467743486166,0.8545212745666504,0.46682602167129517,0.7314512133598328,0.5531144738197327,0.5453108549118042,0.5559312105178833,0.7871050238609314,-0.23301120102405548,0.9877277612686157,0.461207777261734,0.7573952674865723,0.4006023108959198,0.8419390320777893
IMG_9694 2,58,1916,good,0.5089976787567139,0.45130789279937744,-0.44568511843681335,0.9999451041221619,0.5119122266769409,0.44483625888824463,-0.41943278908729553,0.9999228715896606,0.5152291655540466,0.4448809027671814,-0.41946932673454285,0.9999172687530518,0.5189285278320312,0.4449950158596039,-0.4195192754268646,0.9999165534973145,0.5001649856567383,0.44495654106140137,-0.42208632826805115,0.999893307685852,0.49442586302757263,0.44509294629096985,-0.4221591055393219,0.999870240688324,0.48921412229537964,0.44534745812416077,-0.42218562960624695,0.9998541474342346,0.5211447477340698,0.4487600326538086,-0.2361455261707306,0.9997972249984741,0.4767310917377472,0.4494016468524933,-0.2614404559135437,0.9997296333312988,0.5146302580833435,0.4584643840789795,-0.37530815601348877,0.9999744892120361,0.49890440702438354,0.4589112102985382,-0.3802303671836853,0.9999443888664246,0.5602325797080994,0.4941222369670868,-0.10021825134754181,0.9999791979789734,0.43972018361091614,0.4923352599143982,-0.16572482883930206,0.9997257590293884,0.5913938283920288,0.5475349426269531,-0.21222816407680511,0.9901031851768494,0.41524213552474976,0.5461709499359131,-0.28161054849624634,0.9832457304000854,0.5516675710678101,0.5324975252151489,-0.5540852546691895,0.9866443872451782,0.4588233530521393,0.5239702463150024,-0.6109220385551453,0.9690242409706116,0.5382664799690247,0.5293635129928589,-0.6231967210769653,0.9698474407196045,0.4642047882080078,0.5189732909202576,-0.6792473793029785,0.9399567246437073,0.5323616862297058,0.521920919418335,-0.6292493343353271,0.9699206948280334,0.4661102890968323,0.5128048062324524,-0.6892961859703064,0.9384065270423889,0.5340222716331482,0.5221625566482544,-0.5621678829193115,0.9466502070426941,0.4675220549106598,0.5142638087272644,-0.6194181442260742,0.9096434712409973,0.5320301651954651,0.5891256332397461,0.018376538529992104,0.9999329447746277,0.46370530128479004,0.5889677405357361,-0.018397478386759758,0.9995892643928528,0.533420205116272,0.6719489097595215,-0.11848721653223038,0.9952817559242249,0.46832075715065,0.6675605773925781,0.08121149986982346,0.9562383890151978,0.5481175184249878,0.7604081034660339,-0.009335553273558617,0.9930256009101868,0.46759432554244995,0.7275963425636292,0.5173851251602173,0.8005045652389526,0.537382960319519,0.7742763757705688,-0.01065725926309824,0.8639634251594543,0.4689004123210907,0.7317546010017395,0.5516992807388306,0.5614039301872253,0.5835084319114685,0.7862433195114136,-0.23655752837657928,0.9881647825241089,0.4618217945098877,0.7564102411270142,0.3936448097229004,0.8522072434425354
