video_no,frame,timestamp_ms,good,x0,y0,z0,visibility0,x1,y1,z1,visibility1,x2,y2,z2,visibility2,x3,y3,z3,visibility3,x4,y4,z4,visibility4,x5,y5,z5,visibility5,x6,y6,z6,visibility6,x7,y7,z7,visibility7,x8,y8,z8,visibility8,x9,y9,z9,visibility9,x10,y10,z10,visibility10,x11,y11,z11,visibility11,x12,y12,z12,visibility12,x13,y13,z13,visibility13,x14,y14,z14,visibility14,x15,y15,z15,visibility15,x16,y16,z16,visibility16,x17,y17,z17,visibility17,x18,y18,z18,visibility18,x19,y19,z19,visibility19,x20,y20,z20,visibility20,x21,y21,z21,visibility21,x22,y22,z22,visibility22,x23,y23,z23,visibility23,x24,y24,z24,visibility24,x25,y25,z25,visibility25,x26,y26,z26,visibility26,x27,y27,z27,visibility27,x28,y28,z28,visibility28,x29,y29,z29,visibility29,x30,y30,z30,visibility30,x31,y31,z31,visibility31,x32,y32,z32,visibility32
IMG_9669 3,1,33,good,0.5561389327049255,0.42191821336746216,0.05992204323410988,0.9999302625656128,0.5480068922042847,0.4131547808647156,0.07655864953994751,0.9999362230300903,0.5468778610229492,0.41298907995224,0.076614148914814,0.999922513961792,0.5455775856971741,0.4128246307373047,0.0766090452671051,0.9999310970306396,0.5457853078842163,0.41299521923065186,0.017226289957761765,0.999924898147583,0.5430383682250977,0.4127618074417114,0.017188770696520805,0.9999202489852905,0.5399021506309509,0.4125560522079468,0.017070820555090904,0.9999309778213501,0.5253891944885254,0.41563674807548523,0.1874759942293167,0.9998267292976379,0.5205639004707336,0.4159282445907593,-0.08069337159395218,0.9999692440032959,0.5518741607666016,0.43012499809265137,0.10690468549728394,0.9999239444732666,0.5478395223617554,0.4301794171333313,0.0291861891746521,0.9999576807022095,0.5107782483100891,0.4633001685142517,0.3377283215522766,0.9998475313186646,0.5067180395126343,0.4546637535095215,-0.2284175157546997,0.9999854564666748,0.5302985310554504,0.5246584415435791,0.23671697080135345,0.08473113179206848,0.5231748223304749,0.5160643458366394,-0.20882287621498108,0.986974835395813,0.5974556803703308,0.5066556334495544,-0.08366911113262177,0.2736453115940094,0.5938524007797241,0.5125114917755127,0.05558506399393082,0.9332190155982971,0.617824137210846,0.5040026903152466,-0.13901416957378387,0.28713852167129517,0.6165297031402588,0.5111083984375,0.05692603811621666,0.8720108270645142,0.6167300939559937,0.5003757476806641,-0.1402522772550583,0.306245893239975,0.614445686340332,0.5040445327758789,0.03937564790248871,0.8623709082603455,0.6070690155029297,0.501105546951294,-0.10229343175888062,0.3151368200778961,0.6039791703224182,0.5055997371673584,0.05956069752573967,0.8175625801086426,0.5225733518600464,0.591166079044342,0.16928279399871826,0.9993188381195068,0.49896156787872314,0.5889301300048828,-0.1694711148738861,0.999067485332489,0.5403187870979309,0.6859066486358643,0.14678320288658142,0.3860737681388855,0.5089452862739563,0.6884273290634155,-0.14025060832500458,0.8789747357368469,0.533033013343811,0.7831452488899231,0.20272809267044067,0.6447533369064331,0.484014093875885,0.7893044948577881,-0.052036941051483154,0.9309272766113281,0.5149843096733093,0.7988962531089783,0.20139598846435547,0.7455425262451172,0.46004244685173035,0.8021643757820129,-0.04763326048851013,0.8607645034790039,0.5901402235031128,0.8049741983413696,0.10489748418331146,0.7950364947319031,0.5461351871490479,0.8103824853897095,-0.17050430178642273,0.9294977784156799
IMG_9669 3,2,66,good,0.5562073588371277,0.42162537574768066,0.05713986977934837,0.9999256730079651,0.5476064682006836,0.4129451811313629,0.07459303736686707,0.9999326467514038,0.5461302399635315,0.41276049613952637,0.07466333359479904,0.9999186992645264,0.5443126559257507,0.4125490188598633,0.07467915117740631,0.9999274015426636,0.5457138419151306,0.4127562940120697,0.01514484267681837,0.9999208450317383,0.5430083870887756,0.41248834133148193,0.015103345736861229,0.999917209148407,0.5398967862129211,0.4122176468372345,0.014973786659538746,0.9999281764030457,0.5240576267242432,0.41554051637649536,0.1861964762210846,0.9998147487640381,0.5204951167106628,0.41565725207328796,-0.08254114538431168,0.999967634677887,0.5518757700920105,0.4299013316631317,0.10443490743637085,0.9999173283576965,0.5481539964675903,0.42976459860801697,0.02645205520093441,0.9999539256095886,0.5093618035316467,0.4633561074733734,0.34009742736816406,0.9998384714126587,0.506509006023407,0.4546637237071991,-0.2337234616279602,0.9999839663505554,0.5283981561660767,0.5244182348251343,0.24789191782474518,0.08324215561151505,0.5238827466964722,0.5166781544685364,-0.21073952317237854,0.98618084192276,0.5979281663894653,0.5066859126091003,-0.05572131648659706,0.2745315134525299,0.5923510789871216,0.5124925374984741,0.05498909950256348,0.9328778982162476,0.6166180372238159,0.5035189986228943,-0.10105624049901962,0.288545697927475,0.6135547757148743,0.5111412405967712,0.055765535682439804,0.8718135952949524,0.6160882115364075,0.49995747208595276,-0.10572481900453568,0.3074635863304138,0.6117594838142395,0.504028856754303,0.0385764054954052,0.8619208335876465,0.6069566607475281,0.5010870695114136,-0.07406293600797653,0.3155842423439026,0.6031066179275513,0.505500853061676,0.05922580137848854,0.8169224262237549,0.5149667859077454,0.5930456519126892,0.1705191731452942,0.9993122816085815,0.49859246611595154,0.590577244758606,-0.17072336375713348,0.9990335702896118,0.5392459630966187,0.6900007128715515,0.14837275445461273,0.38529667258262634,0.5081148147583008,0.6893560886383057,-0.14285260438919067,0.8806989789009094,0.5216702222824097,0.7893227934837341,0.1937309205532074,0.6482385396957397,0.48695242404937744,0.7913129925727844,-0.06918775290250778,0.9327456951141357,0.4936904311180115,0.7989378571510315,0.18976962566375732,0.7473489046096802,0.4572526514530182,0.8034552335739136,-0.06727166473865509,0.865404486656189,0.580619752407074,0.8075504302978516,0.09895636141300201,0.7988753318786621,0.5495041608810425,0.8105472326278687,-0.1836310625076294,0.9319385290145874
IMG_9669 3,3,99,good,0.5568278431892395,0.4218379259109497,0.025776930153369904,0.9999133348464966,0.5478145480155945,0.41298457980155945,0.04359534755349159,0.9999203681945801,0.5462471842765808,0.4127865731716156,0.04362273961305618,0.9999048709869385,0.5443583130836487,0.41256093978881836,0.04364611953496933,0.9999151825904846,0.5459587574005127,0.4128030240535736,-0.01580267958343029,0.9999077916145325,0.5432126522064209,0.4125346541404724,-0.015855778008699417,0.9999052286148071,0.5401188731193542,0.4122552275657654,-0.015988890081644058,0.9999170899391174,0.5240522623062134,0.4155401885509491,0.1550232172012329,0.9997814893722534,0.5204894542694092,0.41565969586372375,-0.1131654754281044,0.9999604821205139,0.5524246692657471,0.4299449622631073,0.07331382483243942,0.9998984336853027,0.5488616824150085,0.4297628700733185,-0.004517658147960901,0.999941885471344,0.508286714553833,0.4633628726005554,0.32420846819877625,0.9998195767402649,0.5063687562942505,0.4547715485095978,-0.26289328932762146,0.9999814033508301,0.528229296207428,0.5243919491767883,0.2765069603919983,0.08157293498516083,0.5279454588890076,0.516806423664093,-0.22966502606868744,0.9863400459289551,0.5978273749351501,0.5066949725151062,0.020970860496163368,0.2721904218196869,0.5953174829483032,0.5114436745643616,0.051211509853601456,0.9343158006668091,0.6158055067062378,0.5035246014595032,-0.01608062908053398,0.2885148525238037,0.6183916926383972,0.5096475481987,0.05088524520397186,0.874813973903656,0.613930881023407,0.499955952167511,-0.02920302376151085,0.30764177441596985,0.613256573677063,0.5029817819595337,0.034209784120321274,0.8651889562606812,0.6065571308135986,0.5011463761329651,0.0009404637385159731,0.3149818778038025,0.6057847142219543,0.5040624737739563,0.05566694959998131,0.8210325837135315,0.5111329555511475,0.5948507189750671,0.17231778800487518,0.9992831945419312,0.4946805536746979,0.5929679274559021,-0.17247427999973297,0.9989696741104126,0.5378323793411255,0.6906110644340515,0.15419170260429382,0.38845720887184143,0.5046221613883972,0.6912782788276672,-0.14268521964550018,0.8843813538551331,0.5224411487579346,0.7907711863517761,0.1978270411491394,0.6545151472091675,0.48652327060699463,0.7936081886291504,-0.06779423356056213,0.9353715777397156,0.49720001220703125,0.8060581088066101,0.1931033432483673,0.7492417097091675,0.45373713970184326,0.8059688210487366,-0.06605400890111923,0.8709478974342346,0.5809493660926819,0.8081449866294861,0.10386594384908676,0.8046416640281677,0.5495056509971619,0.8110551834106445,-0.18645213544368744,0.9349920153617859
IMG_9669 3,4,132,good,0.5580188035964966,0.42188575863838196,0.03122674487531185,0.999871551990509,0.5481474995613098,0.4129769504070282,0.04866022244095802,0.9998754858970642,0.5464044809341431,0.4127638041973114,0.048660606145858765,0.9998493790626526,0.5443883538246155,0.41250932216644287,0.04866424947977066,0.9998805522918701,0.5467020273208618,0.41280364990234375,-0.011387192644178867,0.9998635053634644,0.5441147685050964,0.4125354290008545,-0.01144038699567318,0.9998589754104614,0.5412283539772034,0.41225582361221313,-0.011595533229410648,0.9998859763145447,0.524059534072876,0.4154939651489258,0.15191613137722015,0.9996654391288757,0.5214440226554871,0.4156229794025421,-0.1191258355975151,0.9999239444732666,0.5532345175743103,0.4299418330192566,0.07660356163978577,0.9998114705085754,0.5503690838813782,0.4296986162662506,-0.0018290347652509809,0.9998847246170044,0.5076531171798706,0.4634113311767578,0.32636526226997375,0.9996868968009949,0.5063763856887817,0.4551936089992523,-0.2740032374858856,0.9999693036079407,0.5238081812858582,0.5245620012283325,0.3910295069217682,0.08003120869398117,0.5271050930023193,0.5180168151855469,-0.27983564138412476,0.9860215187072754,0.5976124405860901,0.5077331066131592,0.27075061202049255,0.2675144672393799,0.5965138077735901,0.511441171169281,-0.08722873032093048,0.9367741942405701,0.6158112287521362,0.5040262937545776,0.26447558403015137,0.28604504466056824,0.6201926469802856,0.5095676779747009,-0.10107625275850296,0.8806013464927673,0.613932192325592,0.5006035566329956,0.23661570250988007,0.3043360710144043,0.6160368323326111,0.5028192400932312,-0.0976501926779747,0.8711583614349365,0.6065769791603088,0.501708447933197,0.2498517632484436,0.3105539083480835,0.607856035232544,0.5038127899169922,-0.07797711342573166,0.8281376361846924,0.49533912539482117,0.5959023237228394,0.17566828429698944,0.9990702867507935,0.49418097734451294,0.5942624807357788,-0.1756293773651123,0.9987418055534363,0.5216331481933594,0.6911940574645996,0.15035560727119446,0.38098663091659546,0.5092266798019409,0.693620502948761,-0.15413253009319305,0.8881340026855469,0.5027608871459961,0.7902649641036987,0.18504445254802704,0.64852374792099,0.49563196301460266,0.7957441210746765,-0.12339165061712265,0.9374428391456604,0.4735981523990631,0.8052380681037903,0.17930562794208527,0.7401244044303894,0.4577774405479431,0.8072615265846252,-0.12682819366455078,0.8766626119613647,0.5747806429862976,0.8079769015312195,0.08861573785543442,0.8017116785049438,0.5642487406730652,0.8114338517189026,-0.24869373440742493,0.9375107884407043
IMG_9669 3,5,165,good,0.5606799125671387,0.42271625995635986,0.034689437597990036,0.9998353719711304,0.5501084923744202,0.41361114382743835,0.051925819367170334,0.9998376369476318,0.5479834079742432,0.41334643959999084,0.05192386358976364,0.9998062252998352,0.5455763936042786,0.41301000118255615,0.05192510411143303,0.9998509287834167,0.5492533445358276,0.41337379813194275,-0.008562972769141197,0.9998243451118469,0.5467976927757263,0.4130311906337738,-0.008624649606645107,0.9998199343681335,0.5440110564231873,0.41266393661499023,-0.008782383054494858,0.9998576641082764,0.5247451663017273,0.4157591462135315,0.15236808359622955,0.9995667934417725,0.5238718390464783,0.4157641530036926,-0.12089847773313522,0.9998970627784729,0.5552062392234802,0.43043822050094604,0.07937858998775482,0.9997408986091614,0.5530463457107544,0.4299578368663788,0.00044066092232242227,0.9998406171798706,0.5067895650863647,0.46381619572639465,0.33106425404548645,0.999596118927002,0.507096529006958,0.4565722346305847,-0.2777895927429199,0.9999637007713318,0.521725058555603,0.5250943303108215,0.37476781010627747,0.07833939790725708,0.5273621082305908,0.5184882283210754,-0.2654699683189392,0.9856743216514587,0.5972911715507507,0.5103934407234192,0.22673986852169037,0.2619635760784149,0.5975874662399292,0.5114609599113464,-0.03494318574666977,0.9386937022209167,0.6158632636070251,0.5070595741271973,0.21667936444282532,0.2834260165691376,0.6216747760772705,0.5096255540847778,-0.041384726762771606,0.8857203125953674,0.6139430403709412,0.502694308757782,0.19253644347190857,0.3008880317211151,0.6176916360855103,0.50301194190979,-0.04324417561292648,0.87643963098526,0.6065378189086914,0.5036566257476807,0.20660154521465302,0.306373655796051,0.6092666387557983,0.503861129283905,-0.02600230649113655,0.8348544239997864,0.48152443766593933,0.5963417291641235,0.1799791008234024,0.9988084435462952,0.4889850318431854,0.5952290892601013,-0.17983031272888184,0.9985675811767578,0.5061959028244019,0.6915844082832336,0.17443250119686127,0.36689624190330505,0.5091171264648438,0.695264995098114,-0.1743093580007553,0.8914212584495544,0.48745015263557434,0.7899156808853149,0.21966691315174103,0.6357128620147705,0.49530595541000366,0.7980690598487854,-0.1517937034368515,0.9383319616317749,0.4664531350135803,0.8050726056098938,0.21541310846805573,0.725551187992096,0.4577898681163788,0.8083307147026062,-0.15499991178512573,0.880683958530426,0.5652645230293274,0.805888831615448,0.1413334608078003,0.7930018305778503,0.5642933249473572,0.8126137852668762,-0.26896771788597107,0.9386360049247742
IMG_9669 3,6,198,good,0.5619459748268127,0.4232045114040375,0.0027312268503010273,0.9998161196708679,0.551537811756134,0.41379010677337646,0.019791385158896446,0.9998190402984619,0.5494662523269653,0.4135149121284485,0.019760340452194214,0.9997863173484802,0.5471835136413574,0.41317230463027954,0.019754040986299515,0.999837338924408,0.5505877733230591,0.4135998785495758,-0.040369581431150436,0.9998023509979248,0.5481141805648804,0.41327279806137085,-0.04043203219771385,0.9997965097427368,0.5453163981437683,0.41290608048439026,-0.04058540239930153,0.9998404383659363,0.5266687273979187,0.41585901379585266,0.12295491248369217,0.9995265007019043,0.5250968337059021,0.41588690876960754,-0.14642812311649323,0.9998835921287537,0.5562532544136047,0.43111875653266907,0.04843144863843918,0.9997200965881348,0.5541451573371887,0.4304274022579193,-0.029714087024331093,0.999826192855835,0.5066287517547607,0.4645019769668579,0.3174450695514679,0.999561607837677,0.5070905089378357,0.45733124017715454,-0.2934461534023285,0.9999611973762512,0.5216038227081299,0.5270388722419739,0.336071252822876,0.07832858711481094,0.5259249806404114,0.5204001069068909,-0.27217841148376465,0.9854793548583984,0.5972822308540344,0.5135135650634766,0.14193251729011536,0.26820138096809387,0.5979253649711609,0.51185142993927,-0.03573211655020714,0.9408608078956604,0.616230845451355,0.50938880443573,0.12108024209737778,0.292370080947876,0.622780442237854,0.5096350908279419,-0.04493971914052963,0.8909628987312317,0.6148586869239807,0.5049393177032471,0.10063669830560684,0.30912768840789795,0.618479311466217,0.5032087564468384,-0.04583878070116043,0.8818130493164062,0.6065362691879272,0.5061826705932617,0.12196162343025208,0.3134198784828186,0.6093111634254456,0.5040874481201172,-0.02668778784573078,0.8417397737503052,0.47162774205207825,0.5964243412017822,0.18230821192264557,0.9986099004745483,0.47767961025238037,0.5956007242202759,-0.18210791051387787,0.9984261393547058,0.5006903409957886,0.6915140151977539,0.19392631947994232,0.35614222288131714,0.4979676306247711,0.6949705481529236,-0.16814397275447845,0.8963399529457092,0.4862211346626282,0.7873358130455017,0.25323235988616943,0.6225452423095703,0.48340582847595215,0.7973424792289734,-0.12405857443809509,0.9388231635093689,0.4691394865512848,0.8019673824310303,0.25102534890174866,0.7130637168884277,0.4515455663204193,0.8084131479263306,-0.12497609108686447,0.8834644556045532,0.5661819577217102,0.7979341745376587,0.1756945550441742,0.7837005257606506,0.5605123043060303,0.8119574189186096,-0.24279700219631195,0.9389268755912781
IMG_9669 3,7,231,good,0.5634894967079163,0.4232063889503479,-0.019534897059202194,0.9997723698616028,0.5532063245773315,0.4138163626194,-0.00198210496455431,0.9997648596763611,0.5512237548828125,0.41354766488075256,-0.0020407303236424923,0.999723494052887,0.5490651726722717,0.4132126271724701,-0.002078971127048135,0.9997969269752502,0.5519849061965942,0.41365259885787964,-0.06285414844751358,0.9997474551200867,0.5493560433387756,0.4133507013320923,-0.06289453059434891,0.9997368454933167,0.5463868379592896,0.4129970371723175,-0.06305316090583801,0.9997972249984741,0.5288944244384766,0.41596707701683044,0.1030900701880455,0.999401867389679,0.5263143181800842,0.4159751832485199,-0.1694706529378891,0.9998389482498169,0.5578570365905762,0.4312475025653839,0.02666075900197029,0.9996556639671326,0.5553951859474182,0.4305379092693329,-0.05240083858370781,0.9997779726982117,0.506641685962677,0.4645646810531616,0.29887285828590393,0.9995008707046509,0.5060459971427917,0.4576531648635864,-0.3125854730606079,0.9999518394470215,0.5190408825874329,0.526995837688446,0.3613003194332123,0.08104300498962402,0.5222308039665222,0.5203025341033936,-0.32070785760879517,0.9853705167770386,0.5976493954658508,0.5149661898612976,0.238958939909935,0.27234792709350586,0.5977031588554382,0.5126416683197021,-0.13971148431301117,0.9433581829071045,0.616240918636322,0.5115941166877747,0.2291460633277893,0.29616308212280273,0.6228005290031433,0.5100193023681641,-0.16141508519649506,0.8963855504989624,0.6159502863883972,0.5076166391372681,0.20092545449733734,0.3124321699142456,0.6187648773193359,0.504022479057312,-0.15948764979839325,0.8874412178993225,0.6068690419197083,0.5084928274154663,0.21824856102466583,0.3160605728626251,0.6092256903648376,0.5049940943717957,-0.13177450001239777,0.8484470844268799,0.46738117933273315,0.5963109135627747,0.18193361163139343,0.9983364939689636,0.4693194031715393,0.5954270362854004,-0.18173585832118988,0.9981030821800232,0.4933350086212158,0.6896862387657166,0.18693599104881287,0.34828415513038635,0.47732967138290405,0.6946235299110413,-0.15939301252365112,0.897865355014801,0.4897180497646332,0.7828897833824158,0.2540619671344757,0.6087831854820251,0.4645107090473175,0.7922258377075195,-0.0872819572687149,0.9369312524795532,0.4644227623939514,0.7957893013954163,0.2526184618473053,0.700761616230011,0.43398410081863403,0.8058475255966187,-0.08688028901815414,0.8830408453941345,0.5632357597351074,0.7938263416290283,0.16360002756118774,0.7725517153739929,0.532742977142334,0.8100063800811768,-0.21863524615764618,0.9371022582054138
IMG_9669 3,8,264,good,0.5649925470352173,0.4232974350452423,-0.010109767317771912,0.9997769594192505,0.5549831986427307,0.413900226354599,0.0070061348378658295,0.9997690916061401,0.5531741380691528,0.41364625096321106,0.006954938173294067,0.999728262424469,0.5511969923973083,0.41332554817199707,0.006921207997947931,0.9998021721839905,0.5533730387687683,0.4137555658817291,-0.05299996957182884,0.9997514486312866,0.5505828857421875,0.4134804606437683,-0.05303444713354111,0.9997406601905823,0.5474234223365784,0.41314318776130676,-0.05317553132772446,0.9998009204864502,0.5312594771385193,0.4161278307437897,0.1119464784860611,0.9994214177131653,0.527191698551178,0.41615065932273865,-0.15685924887657166,0.9998395442962646,0.5595768690109253,0.4317196309566498,0.036052100360393524,0.9996658563613892,0.5565828680992126,0.4309462606906891,-0.0419640876352787,0.9997813105583191,0.5070487856864929,0.46484217047691345,0.30409467220306396,0.9995068311691284,0.5045099854469299,0.45818454027175903,-0.2981058359146118,0.9999489784240723,0.5197259187698364,0.5269461274147034,0.37541162967681885,0.09014177322387695,0.5209458470344543,0.5215648412704468,-0.31431496143341064,0.9853746891021729,0.5990557670593262,0.5160812735557556,0.2655639350414276,0.2910955548286438,0.5970189571380615,0.5143083930015564,-0.1556488275527954,0.9465906023979187,0.6184859275817871,0.5133426189422607,0.25775453448295593,0.31314775347709656,0.6227056980133057,0.5112268328666687,-0.1774960458278656,0.9026881456375122,0.6169570088386536,0.5094584226608276,0.23287488520145416,0.32875004410743713,0.618736207485199,0.5059026479721069,-0.1739465892314911,0.8940459489822388,0.60908043384552,0.5102856755256653,0.2473919838666916,0.3305017948150635,0.6087586283683777,0.5070529580116272,-0.14737212657928467,0.8567150831222534,0.4631473422050476,0.5962299108505249,0.18141870200634003,0.9982986450195312,0.46327510476112366,0.5956240892410278,-0.1811402589082718,0.9980285167694092,0.48845672607421875,0.6891710758209229,0.15369780361652374,0.3400799334049225,0.4672169089317322,0.6944372057914734,-0.16235217452049255,0.8985909819602966,0.48042386770248413,0.7832871079444885,0.19672469794750214,0.5961155295372009,0.44488218426704407,0.7921818494796753,-0.11081326007843018,0.9354785680770874,0.4599554240703583,0.7989883422851562,0.19309702515602112,0.6891536712646484,0.4028272330760956,0.8038854598999023,-0.1119813323020935,0.8837617039680481,0.55179762840271,0.7942584156990051,0.10078158229589462,0.7624688148498535,0.5151935815811157,0.8104138970375061,-0.23548850417137146,0.9353625774383545
IMG_9669 3,9,297,good,0.5662400126457214,0.423306941986084,-0.027028076350688934,0.9997878670692444,0.5561776161193848,0.41394248604774475,-0.007674713619053364,0.9997773766517639,0.5546042323112488,0.4137166142463684,-0.00772254029288888,0.9997363090515137,0.5529048442840576,0.4134402573108673,-0.007767044007778168,0.9998096227645874,0.5543832778930664,0.41381949186325073,-0.06372351199388504,0.9997618198394775,0.551608145236969,0.41357341408729553,-0.06373985856771469,0.9997497200965881,0.5484915375709534,0.4132649004459381,-0.06385232508182526,0.9998093247413635,0.534115195274353,0.4165397882461548,0.10227078944444656,0.9994447231292725,0.5285857319831848,0.4163684844970703,-0.15112069249153137,0.9998431205749512,0.5612114071846008,0.4317903220653534,0.02061585895717144,0.9996781349182129,0.5583074688911438,0.43099695444107056,-0.052145179361104965,0.9997878074645996,0.5082900524139404,0.4650258719921112,0.29285120964050293,0.9995208382606506,0.5038149356842041,0.4583280384540558,-0.2908209562301636,0.9999461770057678,0.5167349576950073,0.5263779759407043,0.4095107614994049,0.10231317579746246,0.509136974811554,0.5214444398880005,-0.31709256768226624,0.985439121723175,0.5986722111701965,0.5170558094978333,0.3746262788772583,0.30830490589141846,0.5944002270698547,0.5159421563148499,-0.17979612946510315,0.9486738443374634,0.6186278462409973,0.514832079410553,0.37778741121292114,0.32571688294410706,0.6219232082366943,0.5131184458732605,-0.20180998742580414,0.9068366885185242,0.6168308258056641,0.511104166507721,0.34888163208961487,0.34069353342056274,0.6179068684577942,0.5083394050598145,-0.19377030432224274,0.8982855081558228,0.6090468764305115,0.5119332075119019,0.35747030377388,0.34126633405685425,0.6061285734176636,0.5096234679222107,-0.17033419013023376,0.8621308207511902,0.46322503685951233,0.5961669087409973,0.17511391639709473,0.9982784986495972,0.4637395143508911,0.5955425500869751,-0.1748129278421402,0.9980154633522034,0.47479140758514404,0.6891600489616394,0.15244217216968536,0.33790481090545654,0.47380274534225464,0.6928848028182983,-0.1583499312400818,0.9002341628074646,0.45769309997558594,0.7815600633621216,0.19796445965766907,0.5932995080947876,0.4516654908657074,0.7918527126312256,-0.10979263484477997,0.935226321220398,0.43350735306739807,0.7968569397926331,0.19469159841537476,0.6838570237159729,0.42655232548713684,0.8047575950622559,-0.11084114015102386,0.8845864534378052,0.5247296094894409,0.7946103811264038,0.10460171848535538,0.7583634257316589,0.5226423740386963,0.8104896545410156,-0.22149907052516937,0.9351282119750977
IMG_9669 3,10,330,good,0.5663530826568604,0.4239574074745178,-0.017465800046920776,0.9998030066490173,0.5562413930892944,0.4145825505256653,-0.006094241514801979,0.999792218208313,0.5547283887863159,0.41440048813819885,-0.005993290804326534,0.9997532367706299,0.553110659122467,0.4141870141029358,-0.00590550247579813,0.9998215436935425,0.5544973015785217,0.4145034849643707,-0.05824669823050499,0.9997774958610535,0.5517879724502563,0.41428932547569275,-0.05826945602893829,0.9997656941413879,0.5487585067749023,0.4140125811100006,-0.05828811228275299,0.9998211860656738,0.5347840189933777,0.41739457845687866,0.12146949768066406,0.9994759559631348,0.5290337800979614,0.4169955253601074,-0.12493444234132767,0.9998531937599182,0.5614226460456848,0.4323946535587311,0.025204716250300407,0.9996991157531738,0.5586652159690857,0.4315865933895111,-0.0486455038189888,0.9998010396957397,0.5083456635475159,0.4650435447692871,0.31510302424430847,0.9995339512825012,0.501096785068512,0.4581673741340637,-0.27671313285827637,0.9999483823776245,0.5125868916511536,0.5257568359375,0.3790007531642914,0.1096598356962204,0.4936075806617737,0.518538236618042,-0.3020031154155731,0.9861817955970764,0.5959292054176331,0.5181654095649719,0.24443410336971283,0.3237920105457306,0.5902910232543945,0.517512321472168,-0.12455946207046509,0.9517572522163391,0.6180106997489929,0.5164051055908203,0.2296973317861557,0.3399299085140228,0.6181990504264832,0.5158131718635559,-0.1422729641199112,0.9122796058654785,0.6162874102592468,0.5125868320465088,0.21080519258975983,0.3547977805137634,0.6159916520118713,0.5105246901512146,-0.1407502442598343,0.9042304158210754,0.6083362102508545,0.5131238698959351,0.2264304906129837,0.3537570834159851,0.6049590706825256,0.5111728310585022,-0.11627806723117828,0.8692908883094788,0.46784308552742004,0.5949907898902893,0.17473597824573517,0.9983060359954834,0.4562990367412567,0.5939680337905884,-0.17446359992027283,0.9980600476264954,0.47962522506713867,0.6877371668815613,0.1518290638923645,0.3817824125289917,0.4335208833217621,0.6880745887756348,-0.21107150614261627,0.9085862636566162,0.4914482831954956,0.7812089920043945,0.2183627486228943,0.623112678527832,0.35866132378578186,0.7832782864570618,-0.1664768010377884,0.9400964379310608,0.4720156490802765,0.796174943447113,0.21668264269828796,0.7015930414199829,0.3321290612220764,0.7942289113998413,-0.16812120378017426,0.8879778385162354,0.5742297172546387,0.7946705222129822,0.11293486505746841,0.7743851542472839,0.41644343733787537,0.8096736669540405,-0.31682395935058594,0.9394071102142334
IMG_9669 3,11,363,good,0.5663249492645264,0.4250822067260742,-0.018450738862156868,0.9998175501823425,0.5561670660972595,0.41558095812797546,0.0002868586452677846,0.9998061060905457,0.554621696472168,0.4153888523578644,0.00030175410211086273,0.9997685551643372,0.5529845356941223,0.415169894695282,0.00031755727832205594,0.9998329877853394,0.5543519258499146,0.41545191407203674,-0.053579676896333694,0.999792754650116,0.551510751247406,0.4151949882507324,-0.05361437797546387,0.9997807741165161,0.5483089089393616,0.414887934923172,-0.05369852855801582,0.9998332262039185,0.5347786545753479,0.4181869924068451,0.12469709664583206,0.9995086193084717,0.5283230543136597,0.4176523685455322,-0.118443563580513,0.9998627305030823,0.5613733530044556,0.4331933856010437,0.03149481490254402,0.9997198581695557,0.5584245920181274,0.4322544038295746,-0.040627069771289825,0.9998136758804321,0.5096450448036194,0.4656863510608673,0.3198505938053131,0.9995594024658203,0.49485987424850464,0.4582127332687378,-0.2559394836425781,0.9999508857727051,0.5108824372291565,0.5257455110549927,0.36643117666244507,0.1166660413146019,0.4821310043334961,0.5181271433830261,-0.2944696247577667,0.9866281747817993,0.5946186184883118,0.519210696220398,0.21099616587162018,0.338434100151062,0.585830807685852,0.5184016227722168,-0.14983025193214417,0.9546033143997192,0.6169330477714539,0.5179976224899292,0.19210977852344513,0.35327857732772827,0.6143435835838318,0.5177959203720093,-0.17091967165470123,0.9171711206436157,0.6162841320037842,0.5138912796974182,0.17272578179836273,0.36729300022125244,0.6132680773735046,0.5117770433425903,-0.1658342033624649,0.9093763828277588,0.6077151298522949,0.5141503810882568,0.19206932187080383,0.3649374842643738,0.601789653301239,0.5118950009346008,-0.14041122794151306,0.8756417036056519,0.46218159794807434,0.5948888659477234,0.1712045669555664,0.9983487129211426,0.454512357711792,0.5938531756401062,-0.17098093032836914,0.9981045722961426,0.4619169533252716,0.6875816583633423,0.1200576052069664,0.38493579626083374,0.4393821060657501,0.688951849937439,-0.19503286480903625,0.9089689254760742,0.4188322126865387,0.77866131067276,0.15130650997161865,0.635085940361023,0.38256633281707764,0.7843625545501709,-0.15325182676315308,0.9401364922523499,0.39526453614234924,0.7938281893730164,0.14611674845218658,0.7084516286849976,0.3570290803909302,0.7945418953895569,-0.1547413021326065,0.8868892788887024,0.4815096855163574,0.7955124378204346,0.04800731688737869,0.7810012698173523,0.4373399615287781,0.813353419303894,-0.28497424721717834,0.9394652247428894
IMG_9669 3,12,396,good,0.5657296180725098,0.4262150228023529,0.03281831368803978,0.9998276233673096,0.5559088587760925,0.41658952832221985,0.056990090757608414,0.9998169541358948,0.5544896721839905,0.4164349138736725,0.056979790329933167,0.9997813105583191,0.5529475808143616,0.41626861691474915,0.056991852819919586,0.9998406767845154,0.5536559224128723,0.4164154529571533,0.004478227347135544,0.999804675579071,0.5505702495574951,0.41615045070648193,0.004354564473032951,0.9997934699058533,0.5470989346504211,0.4158446490764618,0.00425471318885684,0.9998425245285034,0.5345910787582397,0.4193393886089325,0.18599946796894073,0.999524712562561,0.5264065861701965,0.41857263445854187,-0.04995984584093094,0.9998713731765747,0.5609030723571777,0.4344339668750763,0.08484333008527756,0.9997298121452332,0.5572430491447449,0.43339136242866516,0.0167195126414299,0.9998208284378052,0.5143828988075256,0.46800678968429565,0.33874380588531494,0.9995681643486023,0.4862968623638153,0.45834705233573914,-0.19554725289344788,0.9999536871910095,0.5011441707611084,0.5261715054512024,0.30021825432777405,0.11339864134788513,0.4723818302154541,0.5179914832115173,-0.20633815228939056,0.9872938990592957,0.5801470875740051,0.5222397446632385,0.03553307056427002,0.3263065218925476,0.5784582495689392,0.5200167298316956,-0.0005611635860987008,0.9565468430519104,0.5952481627464294,0.5271374583244324,-0.012837047688663006,0.34259775280952454,0.6080073118209839,0.5193116068840027,-0.01526783686131239,0.9203310012817383,0.59999018907547,0.5187934041023254,-0.03641683980822563,0.3570312261581421,0.6069504618644714,0.5132312178611755,-0.014519804157316685,0.9128840565681458,0.5830898284912109,0.5189419984817505,0.01135051529854536,0.3554573953151703,0.5954577326774597,0.5132196545600891,0.00933334231376648,0.8796213865280151,0.46375414729118347,0.5980159044265747,0.16368664801120758,0.9984207153320312,0.4454008638858795,0.5947005748748779,-0.16350488364696503,0.9982303977012634,0.46981263160705566,0.6902831792831421,0.13338157534599304,0.4310861825942993,0.39428725838661194,0.688906729221344,-0.2016172558069229,0.9170167446136475,0.4487599730491638,0.7810255885124207,0.24956487119197845,0.6661834716796875,0.2883266508579254,0.7728078365325928,-0.14117275178432465,0.9451417922973633,0.42744380235671997,0.7972880005836487,0.25035226345062256,0.7291187644004822,0.262166827917099,0.7783893942832947,-0.14387476444244385,0.8902725577354431,0.5267608165740967,0.7964370250701904,0.13925214111804962,0.7978499531745911,0.311623215675354,0.8086546659469604,-0.2715981602668762,0.9438620805740356
IMG_9669 3,13,429,good,0.5631956458091736,0.4275538921356201,-0.0467476062476635,0.9998025894165039,0.5548495054244995,0.4183342158794403,-0.017583679407835007,0.9997683763504028,0.5538063049316406,0.4182452857494354,-0.017653262242674828,0.9997207522392273,0.5526192784309387,0.4181833565235138,-0.017651379108428955,0.9997878074645996,0.5515465140342712,0.41805216670036316,-0.07012464851140976,0.9997628927230835,0.5480298399925232,0.4177589416503906,-0.07024095207452774,0.9997576475143433,0.5440975427627563,0.41744017601013184,-0.07041750103235245,0.9998137354850769,0.5344592332839966,0.4209599792957306,0.13172833621501923,0.9993082880973816,0.5223289728164673,0.4197595417499542,-0.09603714197874069,0.999843180179596,0.558718204498291,0.43594351410865784,0.012392116710543633,0.9996121525764465,0.5538433790206909,0.4348147511482239,-0.0560888946056366,0.999748945236206,0.5150249600410461,0.46944206953048706,0.3075043261051178,0.9994629621505737,0.4807989001274109,0.458332896232605,-0.24650384485721588,0.9999521970748901,0.48915377259254456,0.527961254119873,0.35022711753845215,0.10808801651000977,0.47107112407684326,0.5167408585548401,-0.3756244480609894,0.9881778359413147,0.5157631039619446,0.5646462440490723,0.22431640326976776,0.3004302680492401,0.5723868012428284,0.5215709805488586,-0.3498624265193939,0.9589536190032959,0.5218002200126648,0.5776560306549072,0.20833048224449158,0.3160875141620636,0.5998479127883911,0.520763099193573,-0.3916848301887512,0.9243147373199463,0.5281807780265808,0.5726636648178101,0.16492079198360443,0.3295344114303589,0.5996631383895874,0.5147775411605835,-0.3777535855770111,0.9173033833503723,0.5238800644874573,0.5669857859611511,0.1979733556509018,0.32836294174194336,0.5897789597511292,0.5147889256477356,-0.34069010615348816,0.8844465613365173,0.46629616618156433,0.6016116738319397,0.16252152621746063,0.9983988404273987,0.4432002902030945,0.5964111089706421,-0.162369504570961,0.9982612133026123,0.47718358039855957,0.6926538944244385,0.10912340879440308,0.469475656747818,0.3820532262325287,0.6861315965652466,-0.2504243850708008,0.9236984848976135,0.44951575994491577,0.7818624973297119,0.1990116536617279,0.6912646889686584,0.2736373245716095,0.7640438079833984,-0.18290585279464722,0.9491046071052551,0.42868149280548096,0.7981687188148499,0.1954818218946457,0.7433725595474243,0.2418486475944519,0.7723409533500671,-0.18405136466026306,0.8902298212051392,0.5303801894187927,0.7977572679519653,0.06244245544075966,0.8111100792884827,0.28625354170799255,0.802540123462677,-0.3492386043071747,0.9474258422851562
IMG_9669 3,14,462,good,0.5599707365036011,0.4288226366043091,-0.041560035198926926,0.9998008012771606,0.5518009662628174,0.41990014910697937,-0.01374842319637537,0.9997590184211731,0.5507742762565613,0.4198281466960907,-0.013827049173414707,0.9997071027755737,0.5496793389320374,0.41978025436401367,-0.01384462509304285,0.999779224395752,0.5485472679138184,0.41957926750183105,-0.0675402283668518,0.9997568726539612,0.5450311899185181,0.41926467418670654,-0.06762836873531342,0.9997540712356567,0.5411569476127625,0.4189181923866272,-0.06779524683952332,0.9998113512992859,0.5319229960441589,0.4223659932613373,0.1295943409204483,0.9992865920066833,0.519248902797699,0.4210543930530548,-0.10109592974185944,0.9998369216918945,0.5549069046974182,0.43712836503982544,0.01587889902293682,0.9995934963226318,0.5502956509590149,0.4360637664794922,-0.054467104375362396,0.9997332096099854,0.5149399042129517,0.4704362452030182,0.30829548835754395,0.9994437098503113,0.4767518639564514,0.45847082138061523,-0.25544869899749756,0.99995356798172,0.4834749102592468,0.5298824906349182,0.39121511578559875,0.10574249178171158,0.46666935086250305,0.5168790817260742,-0.4545307159423828,0.9889986515045166,0.5157793760299683,0.5735257863998413,0.2945082485675812,0.28139781951904297,0.5676906108856201,0.5233345627784729,-0.5562447905540466,0.962041974067688,0.5240515470504761,0.5863664150238037,0.2860834300518036,0.2966337203979492,0.5953343510627747,0.5222256183624268,-0.6182626485824585,0.9298114776611328,0.5310578346252441,0.5817201733589172,0.23948603868484497,0.30934062600135803,0.5952328443527222,0.516216516494751,-0.5963840484619141,0.9232641458511353,0.5268981456756592,0.5758614540100098,0.26836538314819336,0.3082799017429352,0.5860602259635925,0.5165134072303772,-0.5478096604347229,0.8915429711341858,0.4676705300807953,0.6018720269203186,0.1618098020553589,0.9984773397445679,0.4391215741634369,0.5966579914093018,-0.16169583797454834,0.9983439445495605,0.4803886115550995,0.6917397975921631,0.04186377301812172,0.5017992854118347,0.37346240878105164,0.6810010075569153,-0.28823304176330566,0.9295127391815186,0.46075376868247986,0.7820641398429871,0.08835122734308243,0.712007999420166,0.2486061304807663,0.7638705372810364,-0.2451193630695343,0.9525833129882812,0.438715398311615,0.7986668348312378,0.08134879916906357,0.7559187412261963,0.22026388347148895,0.7708189487457275,-0.24820183217525482,0.891564667224884,0.5368167757987976,0.79798424243927,-0.05454332008957863,0.8225098252296448,0.25465524196624756,0.7991992235183716,-0.41855210065841675,0.9506783485412598
IMG_9669 3,15,495,good,0.5549144744873047,0.4307400584220886,-0.05553537234663963,0.9998117089271545,0.5471537709236145,0.42156460881233215,-0.0275786891579628,0.9997748732566833,0.5461787581443787,0.4215088486671448,-0.027645939961075783,0.9997248649597168,0.5451763868331909,0.4214831292629242,-0.027672935277223587,0.9997920393943787,0.5438898205757141,0.42116090655326843,-0.07746545225381851,0.9997722506523132,0.5403991937637329,0.4208107888698578,-0.07755432277917862,0.999769389629364,0.5365906953811646,0.4204646944999695,-0.07771951705217361,0.9998228549957275,0.5276925563812256,0.4242170453071594,0.12382858991622925,0.9993235468864441,0.5142996907234192,0.42275452613830566,-0.1001393273472786,0.999847948551178,0.5494364500045776,0.43893322348594666,0.005342436023056507,0.9996159672737122,0.5446587204933167,0.43786799907684326,-0.05965215340256691,0.9997482895851135,0.5171900391578674,0.4739333391189575,0.3028818368911743,0.9994339942932129,0.466678649187088,0.4598151743412018,-0.23923823237419128,0.9999552965164185,0.4912041127681732,0.5316150188446045,0.2600284814834595,0.10902512073516846,0.4614102244377136,0.5168569684028625,-0.4158506989479065,0.9895595908164978,0.523697555065155,0.5560128688812256,0.02622625231742859,0.2968590259552002,0.5621991753578186,0.5246557593345642,-0.3885286748409271,0.9647144079208374,0.5533226728439331,0.5503933429718018,-0.007310693617910147,0.3105437457561493,0.5880947709083557,0.5234736204147339,-0.37268251180648804,0.9341523051261902,0.5543714165687561,0.5444946885108948,-0.023251645267009735,0.32330912351608276,0.5885426998138428,0.5177910327911377,-0.37221992015838623,0.9279966354370117,0.5410725474357605,0.5450559854507446,0.007782171480357647,0.31956201791763306,0.5788916945457458,0.5180709362030029,-0.37470901012420654,0.8973875045776367,0.47219088673591614,0.6045012474060059,0.14902982115745544,0.9985545873641968,0.4274931252002716,0.5976371765136719,-0.1489035189151764,0.9984528422355652,0.4975251257419586,0.6915764808654785,0.05511614307761192,0.5447735786437988,0.346244752407074,0.6781675219535828,-0.28682634234428406,0.9357603192329407,0.46475329995155334,0.7829561829566956,0.12131254374980927,0.7375715970993042,0.22857876121997833,0.7627341747283936,-0.27548983693122864,0.9565262794494629,0.43935632705688477,0.7988428473472595,0.11752817779779434,0.7743133306503296,0.2036699652671814,0.7701877951622009,-0.2810356020927429,0.8932245969772339,0.5483385920524597,0.8008161783218384,-0.004654740449041128,0.8369118571281433,0.23414912819862366,0.7958715558052063,-0.4513353705406189,0.9544988870620728
IMG_9669 3,16,528,good,0.5503493547439575,0.4325118362903595,-0.06279818713665009,0.9998190402984619,0.5434208512306213,0.423395037651062,-0.03506564348936081,0.9997881650924683,0.5425920486450195,0.42334920167922974,-0.03511948883533478,0.999740481376648,0.5416916608810425,0.42332378029823303,-0.035134464502334595,0.9998027682304382,0.5396936535835266,0.42281419038772583,-0.08379819244146347,0.9997835755348206,0.5360563397407532,0.4223788380622864,-0.08386751264333725,0.9997804760932922,0.5319620370864868,0.42193737626075745,-0.08400989323854446,0.9998301863670349,0.5246082544326782,0.4257216453552246,0.11820100247859955,0.9993574023246765,0.5070341229438782,0.42396897077560425,-0.10106121003627777,0.9998569488525391,0.5453002452850342,0.44037243723869324,-0.0015980723546817899,0.9996350407600403,0.5402342081069946,0.43929001688957214,-0.06488950550556183,0.9997602105140686,0.5192893147468567,0.4756394624710083,0.28243276476860046,0.9994394183158875,0.4534284174442291,0.4618552625179291,-0.23320579528808594,0.9999563694000244,0.49725574254989624,0.5338099002838135,0.1809709221124649,0.11447198688983917,0.4492464065551758,0.5182735919952393,-0.3307068347930908,0.9901366829872131,0.5254892110824585,0.5546720623970032,-0.12215770035982132,0.317186564207077,0.552601158618927,0.5286558866500854,-0.15964461863040924,0.9669407606124878,0.5640942454338074,0.5408144593238831,-0.1717686951160431,0.32869958877563477,0.578589677810669,0.5272225141525269,-0.16630949079990387,0.93740314245224,0.5608530640602112,0.5333367586135864,-0.18685318529605865,0.3416896462440491,0.5803963541984558,0.5205311179161072,-0.16458384692668915,0.9314956068992615,0.5460717082023621,0.5352593660354614,-0.14277377724647522,0.33569079637527466,0.5713493227958679,0.5208079218864441,-0.14881756901741028,0.90134596824646,0.4760963022708893,0.6061506867408752,0.13789081573486328,0.9986523985862732,0.41443488001823425,0.5990525484085083,-0.13772226870059967,0.9985685348510742,0.5056490302085876,0.6909679770469666,0.05764518305659294,0.5869101881980896,0.32507985830307007,0.6791338324546814,-0.23768110573291779,0.9417984485626221,0.4654198884963989,0.783630907535553,0.14371457695960999,0.7620872259140015,0.21405255794525146,0.7639562487602234,-0.18647435307502747,0.9604049921035767,0.4403843879699707,0.7992579340934753,0.13913442194461823,0.7931258082389832,0.20040178298950195,0.7715616822242737,-0.18969221413135529,0.8949658274650574,0.5528362989425659,0.8040586709976196,0.021625161170959473,0.8511602282524109,0.21484027802944183,0.7971779704093933,-0.41913077235221863,0.9581952095031738
IMG_9669 3,17,562,good,0.5415586829185486,0.43408218026161194,-0.11701087653636932,0.9998258352279663,0.5360668897628784,0.42550337314605713,-0.08471786230802536,0.999799370765686,0.535524308681488,0.42556917667388916,-0.08476720005273819,0.9997537136077881,0.5348659753799438,0.42561933398246765,-0.08477330207824707,0.9998103976249695,0.5313268303871155,0.42448198795318604,-0.12964311242103577,0.9997935891151428,0.5272740721702576,0.423831582069397,-0.12970086932182312,0.999790608882904,0.5225344896316528,0.4231502413749695,-0.1298702359199524,0.9998365640640259,0.5184586048126221,0.4278406500816345,0.0939456894993782,0.9993813037872314,0.49670901894569397,0.4251053035259247,-0.10430017858743668,0.9998646378517151,0.5367293357849121,0.44190970063209534,-0.046112265437841415,0.9996460676193237,0.5303103923797607,0.44048646092414856,-0.10436934232711792,0.9997676610946655,0.5189134478569031,0.4789305627346039,0.27102014422416687,0.9994441866874695,0.4423321783542633,0.46352419257164,-0.22353707253932953,0.999957799911499,0.49827322363853455,0.5368717908859253,0.16956208646297455,0.12100662291049957,0.43809786438941956,0.5208394527435303,-0.3302297592163086,0.9907731413841248,0.5400180220603943,0.5500014424324036,-0.16886159777641296,0.3445390462875366,0.5446017980575562,0.5309130549430847,-0.20263229310512543,0.9694310426712036,0.5686901807785034,0.5385113954544067,-0.22618995606899261,0.3534110486507416,0.5717691779136658,0.5296090245246887,-0.22404548525810242,0.9414587020874023,0.5670474171638489,0.5298274755477905,-0.24445979297161102,0.366800993680954,0.5750508904457092,0.5221503376960754,-0.22457057237625122,0.9358935952186584,0.5547162890434265,0.5324746370315552,-0.19140341877937317,0.35720160603523254,0.5663669109344482,0.5225549936294556,-0.1947934627532959,0.906702995300293,0.4767438471317291,0.608778178691864,0.12862658500671387,0.9987456798553467,0.40576663613319397,0.6006520390510559,-0.12841089069843292,0.9986873269081116,0.5072749257087708,0.690855085849762,0.05410715565085411,0.6259087920188904,0.31639721989631653,0.6788833141326904,-0.23228555917739868,0.9473512172698975,0.4690602123737335,0.78399658203125,0.1750549077987671,0.7846155166625977,0.21398794651031494,0.7632148265838623,-0.1673058420419693,0.9640033841133118,0.4455457925796509,0.7995034456253052,0.17804548144340515,0.810979962348938,0.20247884094715118,0.7706645131111145,-0.16988815367221832,0.8974103927612305,0.5505127310752869,0.8050388693809509,0.03345884010195732,0.8645040392875671,0.21059788763523102,0.7989292144775391,-0.36766868829727173,0.9617242217063904
IMG_9669 3,18,595,good,0.5310912132263184,0.4353758692741394,-0.15570953488349915,0.9998311996459961,0.5277352929115295,0.42738303542137146,-0.11965447664260864,0.9998088479042053,0.5280941128730774,0.4276235103607178,-0.11969692260026932,0.9997642040252686,0.5282796621322632,0.42783400416374207,-0.11971298605203629,0.9998161196708679,0.5210033655166626,0.42588943243026733,-0.1590370535850525,0.9998003840446472,0.5163142681121826,0.42506036162376404,-0.15906505286693573,0.9997966289520264,0.5104012489318848,0.424133837223053,-0.15924072265625,0.999839186668396,0.5137302279472351,0.430166095495224,0.08134263008832932,0.9994083046913147,0.4851372539997101,0.42618098855018616,-0.10125869512557983,0.9998707175254822,0.5277851819992065,0.4434073269367218,-0.07675302773714066,0.999666154384613,0.5183206796646118,0.44168099761009216,-0.12827464938163757,0.9997802972793579,0.5186598300933838,0.48083487153053284,0.25673142075538635,0.9994673132896423,0.424765944480896,0.46487781405448914,-0.18781399726867676,0.9999582767486572,0.498495876789093,0.5406079888343811,0.1216941550374031,0.14736191928386688,0.42803382873535156,0.5212624669075012,-0.3251993656158447,0.9913853406906128,0.5466739535331726,0.5462349653244019,-0.27165621519088745,0.3910132646560669,0.5335878729820251,0.5314176678657532,-0.2697504460811615,0.9718815684318542,0.5719456076622009,0.5357946157455444,-0.341924786567688,0.3968866467475891,0.5613171458244324,0.531301736831665,-0.3032569885253906,0.9456969499588013,0.5715251564979553,0.5264337658882141,-0.3581465780735016,0.4100055396556854,0.5667322874069214,0.5224707722663879,-0.3028332591056824,0.9405487179756165,0.5598335266113281,0.5286264419555664,-0.29402032494544983,0.39771994948387146,0.5585187077522278,0.5229311585426331,-0.26362910866737366,0.9127486944198608,0.4765872061252594,0.6099407076835632,0.11304321885108948,0.9988526701927185,0.3976282775402069,0.6019991636276245,-0.11280354112386703,0.998798131942749,0.5096760988235474,0.6900365352630615,-0.07795997709035873,0.6620834469795227,0.30409955978393555,0.6810236573219299,-0.17438992857933044,0.9522579312324524,0.470939964056015,0.7839978933334351,0.11319749057292938,0.8050569891929626,0.21645468473434448,0.7649919390678406,-0.00048412912292405963,0.9670937061309814,0.4479065239429474,0.7992837429046631,0.12230785191059113,0.8273712396621704,0.20593930780887604,0.7721541523933411,0.007723142392933369,0.8971589803695679,0.5451421737670898,0.8064714670181274,-0.04780770093202591,0.8765231966972351,0.2120008021593094,0.8006333112716675,-0.19763092696666718,0.9644550681114197
IMG_9669 3,19,628,good,0.5229744911193848,0.4368951618671417,-0.1509404480457306,0.9998323321342468,0.5195343494415283,0.42892175912857056,-0.0762934610247612,0.9998120069503784,0.5201230049133301,0.42918699979782104,-0.0763312354683876,0.9997655153274536,0.5205206274986267,0.4294179379940033,-0.07638417929410934,0.9998162388801575,0.5123418569564819,0.4273631274700165,-0.09333450347185135,0.9998036623001099,0.5075300335884094,0.42652904987335205,-0.09335645288228989,0.9997986555099487,0.5014543533325195,0.4255560338497162,-0.09360237419605255,0.99984210729599,0.5068131685256958,0.43197542428970337,0.1544269621372223,0.9994195699691772,0.47642025351524353,0.4277379810810089,-0.00551797216758132,0.9998733997344971,0.5199028849601746,0.445219486951828,-0.027050774544477463,0.9996724724769592,0.5098194479942322,0.443576842546463,-0.059741634875535965,0.9997888207435608,0.5184674859046936,0.48262089490890503,0.2733317017555237,0.9994782209396362,0.41017764806747437,0.4666558802127838,-0.06356708705425262,0.9999591708183289,0.49954015016555786,0.542540967464447,0.1483994722366333,0.17489629983901978,0.40594542026519775,0.5260957479476929,-0.267711877822876,0.991722822189331,0.5506273508071899,0.5425658822059631,-0.22698435187339783,0.42988359928131104,0.5131163001060486,0.5337019562721252,-0.3735544979572296,0.974094808101654,0.5717278718948364,0.533344030380249,-0.2970840632915497,0.4330875873565674,0.5401849746704102,0.5352146029472351,-0.4238171875476837,0.9496906995773315,0.5722624659538269,0.5242738723754883,-0.30723652243614197,0.445565789937973,0.5477401614189148,0.5254052877426147,-0.4178750813007355,0.9448934197425842,0.562709629535675,0.5261372327804565,-0.24567961692810059,0.43004438281059265,0.5386676788330078,0.525580883026123,-0.36875292658805847,0.9184032678604126,0.47621697187423706,0.611489474773407,0.08476009219884872,0.9989304542541504,0.39134374260902405,0.6034504771232605,-0.08445707708597183,0.9988986253738403,0.512416422367096,0.6900455951690674,-0.11623214185237885,0.6921879053115845,0.3062300682067871,0.6812581419944763,-0.2753472924232483,0.9561561346054077,0.4722529351711273,0.783812940120697,0.08506739884614944,0.8204941153526306,0.2228325456380844,0.7656428813934326,-0.09166628867387772,0.9691161513328552,0.4487038254737854,0.7978689670562744,0.09451164305210114,0.8363454937934875,0.21264566481113434,0.773629903793335,-0.07388102263212204,0.8941598534584045,0.5370833277702332,0.807388186454773,-0.07906371355056763,0.8832579851150513,0.20755290985107422,0.7998676300048828,-0.32840225100517273,0.9656209945678711
IMG_9669 3,20,661,good,0.5137027502059937,0.43703171610832214,-0.12541964650154114,0.9997994303703308,0.5105867981910706,0.4292810261249542,-0.0837569609284401,0.99978107213974,0.5117378234863281,0.42963019013404846,-0.08379437029361725,0.999718964099884,0.5127397179603577,0.42996299266815186,-0.08382881432771683,0.999769926071167,0.5015015006065369,0.4276385009288788,-0.11263547092676163,0.9997742176055908,0.4954569935798645,0.42681071162223816,-0.11265410482883453,0.9997619390487671,0.4888043999671936,0.42589977383613586,-0.11284136772155762,0.999813973903656,0.5000078082084656,0.4332173466682434,0.12314552068710327,0.9993318319320679,0.4659818410873413,0.42866766452789307,-0.03548721596598625,0.9998548626899719,0.5117002129554749,0.4456462562084198,-0.04255671799182892,0.9996351599693298,0.4994189143180847,0.44401270151138306,-0.08097776770591736,0.9997782707214355,0.5184168219566345,0.4832834303379059,0.22818227112293243,0.9994660019874573,0.39742735028266907,0.4694042205810547,-0.07275763899087906,0.9999575018882751,0.49969759583473206,0.5431872606277466,0.0686057060956955,0.19439229369163513,0.3801281750202179,0.5337109565734863,-0.23019899427890778,0.9920880198478699,0.5502738952636719,0.5366677641868591,-0.3300243020057678,0.4605359733104706,0.4869793951511383,0.5390947461128235,-0.31650134921073914,0.9761383533477783,0.5661734342575073,0.5309175252914429,-0.4105965197086334,0.4624749720096588,0.5123123526573181,0.5417824387550354,-0.36208751797676086,0.9533550143241882,0.5671992301940918,0.5221601724624634,-0.4237495958805084,0.474806010723114,0.5190852284431458,0.5326439738273621,-0.3614756464958191,0.9489313960075378,0.5583642721176147,0.5234138369560242,-0.35084396600723267,0.45681944489479065,0.511856734752655,0.5314802527427673,-0.31290245056152344,0.9238713383674622,0.47571349143981934,0.6119268536567688,0.0619005486369133,0.9990110397338867,0.38600245118141174,0.6044450998306274,-0.06153802573680878,0.9989901185035706,0.5136151909828186,0.6906534433364868,-0.13696852326393127,0.7210451364517212,0.3094722330570221,0.6813649535179138,-0.1471702605485916,0.9595003724098206,0.47267892956733704,0.7837945818901062,0.08676657825708389,0.8357643485069275,0.2310139685869217,0.7664185166358948,0.08440488576889038,0.9710538983345032,0.44940444827079773,0.7976765632629395,0.09848611801862717,0.845859706401825,0.22557002305984497,0.7746312022209167,0.0977897122502327,0.890945315361023,0.534278392791748,0.8078553080558777,-0.07451501488685608,0.8908998370170593,0.20075371861457825,0.8003008365631104,-0.10109676420688629,0.9666280150413513
IMG_9669 3,21,694,good,0.5066990852355957,0.43996119499206543,-0.16053619980812073,0.9997929334640503,0.5044668912887573,0.43220511078834534,-0.12495187669992447,0.999773383140564,0.5056372284889221,0.4326268434524536,-0.12499481439590454,0.9997024536132812,0.5065687298774719,0.43299219012260437,-0.12500138580799103,0.9997511506080627,0.4953519403934479,0.4300260841846466,-0.156935453414917,0.9997711777687073,0.4898432493209839,0.4290037751197815,-0.15693508088588715,0.9997549057006836,0.4834568202495575,0.4278985559940338,-0.15708430111408234,0.9998084306716919,0.49223464727401733,0.43525686860084534,0.06923021376132965,0.9992734789848328,0.4595329761505127,0.4301396310329437,-0.06729450076818466,0.9998514652252197,0.5040138363838196,0.4482361078262329,-0.08573108911514282,0.9996185302734375,0.49207988381385803,0.44680798053741455,-0.12822453677654266,0.9997835755348206,0.5153948664665222,0.48475369811058044,0.17713415622711182,0.9994701147079468,0.3846418857574463,0.47118833661079407,-0.10012495517730713,0.9999560713768005,0.4996629059314728,0.5420764684677124,0.02866331860423088,0.2195921093225479,0.35193198919296265,0.5337012410163879,-0.24076339602470398,0.9925392866134644,0.5492041707038879,0.5315924286842346,-0.3667577803134918,0.5000278353691101,0.4601743519306183,0.5430225133895874,-0.4321643114089966,0.9781724810600281,0.5635645389556885,0.5261827707290649,-0.44566571712493896,0.5009517073631287,0.48725247383117676,0.54537433385849,-0.4871216416358948,0.9571260809898376,0.5624957084655762,0.5199333429336548,-0.4629022479057312,0.5127788186073303,0.4933619201183319,0.5368220806121826,-0.48309072852134705,0.9530709385871887,0.5543760061264038,0.5210040807723999,-0.38834434747695923,0.49328163266181946,0.4876297414302826,0.5350498557090759,-0.42870819568634033,0.9297133684158325,0.4717365801334381,0.6126891374588013,0.05825528874993324,0.9990890026092529,0.3797662854194641,0.6061682105064392,-0.05797832831740379,0.9990700483322144,0.513605535030365,0.6924687623977661,-0.11555536091327667,0.7471520900726318,0.31367775797843933,0.6822642087936401,-0.08945655077695847,0.9621701240539551,0.4741002321243286,0.7844111919403076,0.06849338859319687,0.8494244813919067,0.236327663064003,0.7659714221954346,0.14280278980731964,0.972222626209259,0.45099443197250366,0.7981454730033875,0.07671603560447693,0.8534542322158813,0.23272070288658142,0.7749038338661194,0.15611115097999573,0.8836703896522522,0.5359497666358948,0.8078867793083191,-0.09618630260229111,0.8977779150009155,0.20134417712688446,0.7997643351554871,-0.03166551515460014,0.9665737748146057
IMG_9669 3,22,727,good,0.496364951133728,0.44104406237602234,-0.34104499220848083,0.9997976422309875,0.49662041664123535,0.4332219064235687,-0.3055451214313507,0.9997736811637878,0.4985092580318451,0.43375661969184875,-0.305595725774765,0.9996976852416992,0.500060498714447,0.4342314302921295,-0.3055853247642517,0.9997372627258301,0.4861947000026703,0.43106532096862793,-0.3344012200832367,0.9997787475585938,0.4804641306400299,0.43013477325439453,-0.3344203531742096,0.9997624158859253,0.4737703800201416,0.4291159212589264,-0.334579735994339,0.9998136758804321,0.4877275228500366,0.43698668479919434,-0.09737442433834076,0.9992355108261108,0.45006707310676575,0.4313543438911438,-0.2313486784696579,0.9998559355735779,0.4953543245792389,0.44950708746910095,-0.26143401861190796,0.9996205568313599,0.48173144459724426,0.4483196437358856,-0.300584614276886,0.9997966289520264,0.5111232995986938,0.4865420460700989,0.0429200641810894,0.9994069337844849,0.37161779403686523,0.47353529930114746,-0.16789457201957703,0.9999547600746155,0.504357635974884,0.5413942337036133,-0.07708237320184708,0.25945061445236206,0.32853972911834717,0.5349409580230713,-0.3428386449813843,0.9929141998291016,0.5425581932067871,0.5260030031204224,-0.4747621417045593,0.5356175303459167,0.42581939697265625,0.5444236993789673,-0.5600281953811646,0.9798756241798401,0.5529680848121643,0.5211114287376404,-0.5533264875411987,0.5336509943008423,0.45585376024246216,0.5468641519546509,-0.6195369958877563,0.9601578116416931,0.5510852932929993,0.5160093903541565,-0.5703414082527161,0.5447878241539001,0.4610646367073059,0.5384226441383362,-0.620766818523407,0.9564151167869568,0.5443804860115051,0.5173687934875488,-0.49498748779296875,0.5237740278244019,0.45598289370536804,0.5367785096168518,-0.559761643409729,0.9344322681427002,0.46567219495773315,0.6138376593589783,0.05019807070493698,0.999125063419342,0.37314295768737793,0.6080671548843384,-0.0499718151986599,0.9991343021392822,0.5083444118499756,0.6943918466567993,-0.08832835406064987,0.7708260416984558,0.31611037254333496,0.6856731176376343,-0.0766383484005928,0.9650979042053223,0.47332605719566345,0.7829862236976624,0.18918533623218536,0.8620325326919556,0.23966097831726074,0.7670966386795044,0.14520062506198883,0.9739789366722107,0.4516335725784302,0.7957503795623779,0.20185457170009613,0.8607075214385986,0.23672635853290558,0.7793134450912476,0.15640275180339813,0.8832701444625854,0.534375786781311,0.8056235909461975,0.02789146453142166,0.9044707417488098,0.20556947588920593,0.7996726632118225,-0.046471934765577316,0.9675102233886719
IMG_9669 3,23,760,good,0.4845774471759796,0.44305333495140076,-0.37159010767936707,0.9998126029968262,0.4876069724559784,0.43514350056648254,-0.33704832196235657,0.9997889399528503,0.4903060793876648,0.4358256459236145,-0.33708134293556213,0.9997171759605408,0.4926081895828247,0.4364563226699829,-0.3371187746524811,0.9997516870498657,0.4753909111022949,0.4326933026313782,-0.3613545894622803,0.9997953176498413,0.4693138897418976,0.43170422315597534,-0.36138850450515747,0.999779999256134,0.4620712697505951,0.43065008521080017,-0.3615002930164337,0.9998272061347961,0.48271557688713074,0.4399104416370392,-0.1368333250284195,0.9992889761924744,0.44013848900794983,0.4328785240650177,-0.25254714488983154,0.9998663663864136,0.484638512134552,0.45171353220939636,-0.2955561876296997,0.9996522665023804,0.46950241923332214,0.45067495107650757,-0.3293808698654175,0.999815046787262,0.5064827799797058,0.49158531427383423,-0.017615115270018578,0.9994328618049622,0.35920751094818115,0.47588035464286804,-0.17501482367515564,0.9999558329582214,0.5188135504722595,0.5458516478538513,-0.1831531971693039,0.32670673727989197,0.2969280779361725,0.5339492559432983,-0.34399935603141785,0.9933227300643921,0.536304235458374,0.5212559700012207,-0.5862425565719604,0.5771114230155945,0.38798654079437256,0.54525226354599,-0.5758505463600159,0.981101393699646,0.5398696660995483,0.5137529969215393,-0.6692823171615601,0.571033775806427,0.41377124190330505,0.5490241646766663,-0.636568009853363,0.9618357419967651,0.537298321723938,0.5085117816925049,-0.6666391491889954,0.5810191631317139,0.424950510263443,0.5416256189346313,-0.6327100396156311,0.9582828283309937,0.5313349962234497,0.5114401578903198,-0.5973572134971619,0.5590608716011047,0.417991578578949,0.5394671559333801,-0.5750731825828552,0.9369858503341675,0.4588312804698944,0.6142010688781738,0.033812522888183594,0.9991709589958191,0.3641398847103119,0.6089884638786316,-0.0336562916636467,0.9991906881332397,0.5036698579788208,0.6944441199302673,-0.12762272357940674,0.7927659153938293,0.31018179655075073,0.6906477212905884,-0.09439678490161896,0.9677403569221497,0.47458401322364807,0.780021071434021,0.17039768397808075,0.8736207485198975,0.2397456169128418,0.7699252963066101,0.15018589794635773,0.9755346775054932,0.4554271996021271,0.7925581932067871,0.18076002597808838,0.8662136793136597,0.23867037892341614,0.7816261649131775,0.1638399064540863,0.8820374608039856,0.5327338576316833,0.8037198185920715,0.024154074490070343,0.9108569025993347,0.20520032942295074,0.8007696270942688,-0.044843606650829315,0.9681090712547302
IMG_9669 3,24,793,good,0.4736681580543518,0.44384077191352844,-0.40928077697753906,0.9998266696929932,0.47716137766838074,0.43606647849082947,-0.377169668674469,0.9998020529747009,0.48012837767601013,0.4368104934692383,-0.377191424369812,0.9997345805168152,0.4828113615512848,0.4375236928462982,-0.37723422050476074,0.9997645616531372,0.4642805755138397,0.433554470539093,-0.3992363512516022,0.9998101592063904,0.45770683884620667,0.4325869679450989,-0.39927923679351807,0.9997954368591309,0.45074009895324707,0.4316480755805969,-0.39938056468963623,0.9998390674591064,0.47451871633529663,0.4413585662841797,-0.17819377779960632,0.9993357062339783,0.43011483550071716,0.43432533740997314,-0.28453874588012695,0.999876081943512,0.4747461974620819,0.45246070623397827,-0.3331161141395569,0.9996819496154785,0.4586041569709778,0.4513927400112152,-0.36424994468688965,0.9998320937156677,0.49927711486816406,0.49215784668922424,-0.04581054300069809,0.9994737505912781,0.3489217758178711,0.4768941104412079,-0.18268229067325592,0.9999586939811707,0.5256626009941101,0.54930579662323,-0.20117884874343872,0.39159393310546875,0.2762839198112488,0.5319842100143433,-0.33224084973335266,0.9936988353729248,0.5383808612823486,0.5204875469207764,-0.6037922501564026,0.6174430847167969,0.3501345217227936,0.5470650792121887,-0.5642515420913696,0.9821395874023438,0.5386663675308228,0.5126861929893494,-0.6884679198265076,0.6094346046447754,0.3745814263820648,0.5526920557022095,-0.6260747313499451,0.9631631970405579,0.53564453125,0.5066730380058289,-0.6851489543914795,0.6183943748474121,0.38484644889831543,0.546335756778717,-0.6292402148246765,0.9598008990287781,0.5318043231964111,0.508446991443634,-0.6142311692237854,0.5965567231178284,0.38002869486808777,0.5438854098320007,-0.5671162605285645,0.9392000436782837,0.4534759223461151,0.61378413438797,0.030922027304768562,0.9991862773895264,0.3588741719722748,0.6097378730773926,-0.030774781480431557,0.9992380142211914,0.49500924348831177,0.6938214302062988,-0.09162325412034988,0.8122477531433105,0.3115099370479584,0.6917744278907776,-0.11753972619771957,0.9698448181152344,0.4783724844455719,0.7786478400230408,0.15501831471920013,0.8838090896606445,0.24321430921554565,0.7730430364608765,0.1014934629201889,0.9765928983688354,0.46385133266448975,0.7913855314254761,0.16956883668899536,0.8687307834625244,0.24227428436279297,0.783677875995636,0.11221925914287567,0.8788375854492188,0.5304838418960571,0.8022683262825012,-0.02550211176276207,0.9162355661392212,0.20631752908229828,0.8012560606002808,-0.09991911798715591,0.9682292342185974
IMG_9669 3,25,826,good,0.46488386392593384,0.443717896938324,-0.47618600726127625,0.9998410940170288,0.46945005655288696,0.43630313873291016,-0.4405871629714966,0.9998160004615784,0.47255048155784607,0.43710091710090637,-0.44061213731765747,0.9997530579566956,0.4753831624984741,0.43787920475006104,-0.4406636655330658,0.9997788071632385,0.4563628137111664,0.4336225092411041,-0.4593508541584015,0.9998255968093872,0.44990551471710205,0.4325641393661499,-0.45941951870918274,0.9998118877410889,0.4428277015686035,0.43154510855674744,-0.4594874680042267,0.9998519420623779,0.46822285652160645,0.4419163167476654,-0.22756165266036987,0.999384880065918,0.42268022894859314,0.4340963661670685,-0.3198595941066742,0.9998862743377686,0.46552398800849915,0.45235878229141235,-0.39585384726524353,0.9997104406356812,0.4491766393184662,0.4510219097137451,-0.42287927865982056,0.9998480081558228,0.491106778383255,0.49222368001937866,-0.10780136287212372,0.9995133876800537,0.3392001688480377,0.4769386947154999,-0.18625681102275848,0.9999616146087646,0.5385085940361023,0.5486399531364441,-0.2944411635398865,0.4518210291862488,0.2583138048648834,0.5252668261528015,-0.32644426822662354,0.9940500259399414,0.5392522811889648,0.5163615345954895,-0.7067055702209473,0.6547009348869324,0.3184516429901123,0.546183705329895,-0.6186065077781677,0.983066201210022,0.5369306206703186,0.5092689394950867,-0.7982876896858215,0.6457257866859436,0.3383612632751465,0.5518766641616821,-0.6872268915176392,0.964296817779541,0.5312884449958801,0.5035737752914429,-0.790076494216919,0.6537631750106812,0.34843334555625916,0.5460603833198547,-0.6959561109542847,0.9611841440200806,0.5287208557128906,0.5049160122871399,-0.7148498892784119,0.6326855421066284,0.34338927268981934,0.5437573790550232,-0.6255702376365662,0.9414286613464355,0.44739851355552673,0.6134752035140991,0.013415662571787834,0.9991692304611206,0.35165655612945557,0.6097912788391113,-0.013292774558067322,0.999277651309967,0.4838317930698395,0.6938055753707886,-0.07422752678394318,0.8284096717834473,0.3092495799064636,0.6922664046287537,-0.12461066246032715,0.9703526496887207,0.48096832633018494,0.778732419013977,0.13701647520065308,0.8905079364776611,0.2448582947254181,0.7753099203109741,0.0706104040145874,0.9762951731681824,0.46910014748573303,0.7911852598190308,0.14654482901096344,0.8623270392417908,0.24282139539718628,0.7855263948440552,0.07937565445899963,0.8740877509117126,0.5280998945236206,0.8017085790634155,-0.0513874813914299,0.9180006384849548,0.20553255081176758,0.8027352094650269,-0.12384974211454391,0.9661417603492737
IMG_9669 3,26,859,good,0.45820319652557373,0.4438929259777069,-0.4631086587905884,0.9998555183410645,0.4636411964893341,0.43669235706329346,-0.42850857973098755,0.9998314380645752,0.4666016697883606,0.43757522106170654,-0.4285320043563843,0.9997736215591431,0.4692520201206207,0.4384523332118988,-0.4285871386528015,0.9997959733009338,0.4511726200580597,0.43378743529319763,-0.44646045565605164,0.9998412132263184,0.4451300799846649,0.4326307773590088,-0.44652608036994934,0.9998286962509155,0.4383411407470703,0.4315103590488434,-0.4465588331222534,0.9998650550842285,0.462506502866745,0.44234633445739746,-0.21942077577114105,0.9994392991065979,0.41704949736595154,0.4337925612926483,-0.30784669518470764,0.9998965859413147,0.456985205411911,0.45250067114830017,-0.38447698950767517,0.9997379183769226,0.4420030117034912,0.451014906167984,-0.4101995825767517,0.999862790107727,0.4838145077228546,0.4911091923713684,-0.11546093970537186,0.9995549917221069,0.33346590399742126,0.47636663913726807,-0.1861477494239807,0.9999647736549377,0.5432832837104797,0.535860538482666,-0.3220931589603424,0.5061126351356506,0.24747127294540405,0.5148274302482605,-0.33208709955215454,0.9944679141044617,0.5403836965560913,0.5128951072692871,-0.7429218888282776,0.6881551146507263,0.2827549874782562,0.5443004965782166,-0.661067545413971,0.9841936230659485,0.5396012663841248,0.5071380734443665,-0.8384717702865601,0.6782352328300476,0.30239057540893555,0.5499519109725952,-0.7335878610610962,0.9661425948143005,0.5333250164985657,0.5019930005073547,-0.8338778614997864,0.6854906678199768,0.31043270230293274,0.5436784625053406,-0.7473095059394836,0.9633358120918274,0.5307906270027161,0.5030648708343506,-0.7538903951644897,0.6653443574905396,0.3078853487968445,0.5415805578231812,-0.6722260117530823,0.9448641538619995,0.44091352820396423,0.6129567623138428,0.00882190465927124,0.9991862177848816,0.3454872667789459,0.6094059944152832,-0.00867452472448349,0.9993219971656799,0.4791240096092224,0.6927700042724609,-0.0947401374578476,0.8436999917030334,0.3006651699542999,0.6918871998786926,-0.13092799484729767,0.9714646339416504,0.48169493675231934,0.7788990139961243,0.09128375351428986,0.8976807594299316,0.24282972514629364,0.7763134837150574,0.062192682176828384,0.9767662286758423,0.4698558747768402,0.790882408618927,0.09856753051280975,0.8622800707817078,0.2428991198539734,0.7869482040405273,0.07000409066677094,0.8730499744415283,0.5251190662384033,0.800929844379425,-0.09096670150756836,0.9213799834251404,0.2051364630460739,0.804151177406311,-0.13427209854125977,0.9654884338378906
IMG_9669 3,27,892,good,0.4501022398471832,0.44382789731025696,-0.4269586503505707,0.999869167804718,0.4562804102897644,0.43616098165512085,-0.3923206329345703,0.9998469352722168,0.4593912959098816,0.4369872212409973,-0.3923167288303375,0.9997944235801697,0.4621923863887787,0.43783557415008545,-0.3923597037792206,0.9998143315315247,0.44364848732948303,0.4335572123527527,-0.4062444865703583,0.9998562335968018,0.43770793080329895,0.43254798650741577,-0.4063110947608948,0.9998447895050049,0.4313044846057892,0.43140530586242676,-0.406308650970459,0.9998776316642761,0.45680367946624756,0.44179707765579224,-0.19008228182792664,0.9994929432868958,0.4125438928604126,0.4336552917957306,-0.2637178301811218,0.9999063611030579,0.4487634301185608,0.45213332772254944,-0.3518158793449402,0.9997631907463074,0.4335479140281677,0.45092833042144775,-0.3718833327293396,0.9998761415481567,0.47903934121131897,0.49080243706703186,-0.12589892745018005,0.999590277671814,0.330726683139801,0.47593992948532104,-0.15584386885166168,0.999966561794281,0.5462000370025635,0.5168401002883911,-0.3924082815647125,0.5549521446228027,0.23208695650100708,0.49903711676597595,-0.34602802991867065,0.9948152899742126,0.5422474145889282,0.5064107179641724,-0.8173115849494934,0.7178483605384827,0.2632952928543091,0.5339173078536987,-0.6694580316543579,0.984562873840332,0.5418409705162048,0.5046874284744263,-0.9134251475334167,0.7067593932151794,0.27587100863456726,0.5470976233482361,-0.7378304600715637,0.9657161235809326,0.5367850065231323,0.5010218620300293,-0.9148222804069519,0.713311493396759,0.2897489368915558,0.5430686473846436,-0.7470520734786987,0.9632050395011902,0.5337023735046387,0.5013917684555054,-0.83158278465271,0.6939737796783447,0.28808435797691345,0.53886479139328,-0.6802545189857483,0.9456920027732849,0.4355325996875763,0.6124951839447021,-0.002615914447233081,0.9992270469665527,0.34242573380470276,0.6091846823692322,0.002655554795637727,0.9993685483932495,0.47948145866394043,0.6938304901123047,-0.08136125653982162,0.8579665422439575,0.2942255735397339,0.6933629512786865,-0.017307499423623085,0.9727048277854919,0.4835730791091919,0.7822534441947937,0.0874212384223938,0.9055467247962952,0.2427198886871338,0.7785298824310303,0.19777469336986542,0.9775095582008362,0.4747694730758667,0.7915157079696655,0.09146138280630112,0.8656294941902161,0.24332334101200104,0.7904041409492493,0.20567737519741058,0.8753660917282104,0.5260249376296997,0.8015247583389282,-0.09819334745407104,0.9255766272544861,0.20451481640338898,0.8050543665885925,0.013145525008440018,0.9649240374565125
IMG_9669 3,28,925,good,0.4492507576942444,0.44340917468070984,-0.42836499214172363,0.9998811483383179,0.45423176884651184,0.43602389097213745,-0.39496004581451416,0.999860405921936,0.4569847881793976,0.4367097318172455,-0.3949407935142517,0.9998123049736023,0.45946580171585083,0.4374493658542633,-0.39498308300971985,0.9998300671577454,0.44207265973091125,0.4331837296485901,-0.40459996461868286,0.9998694062232971,0.4361798167228699,0.43197643756866455,-0.4046875834465027,0.9998587369918823,0.4298180341720581,0.43065735697746277,-0.40464645624160767,0.99988853931427,0.4538867771625519,0.4412612020969391,-0.1940912902355194,0.9995411038398743,0.41061997413635254,0.43297815322875977,-0.24755868315696716,0.9999146461486816,0.447457879781723,0.45188483595848083,-0.35363540053367615,0.999785840511322,0.4327544867992401,0.4504660367965698,-0.3675517141819,0.999888002872467,0.4765821695327759,0.48904427886009216,-0.1509346216917038,0.9996238946914673,0.33054712414741516,0.4755350351333618,-0.13029953837394714,0.9999679327011108,0.5574040412902832,0.5084136724472046,-0.43281498551368713,0.5987813472747803,0.22652767598628998,0.484383761882782,-0.3593024015426636,0.9949788451194763,0.5517649054527283,0.5066447854042053,-0.8480021953582764,0.743463397026062,0.23418733477592468,0.5144557356834412,-0.7298626899719238,0.9846777319908142,0.5510857105255127,0.5067497491836548,-0.9476783275604248,0.7305662631988525,0.23582714796066284,0.5319658517837524,-0.805537760257721,0.9651379585266113,0.5374422073364258,0.5029588937759399,-0.9514050483703613,0.7365884780883789,0.2511187791824341,0.5315149426460266,-0.8231799602508545,0.9630232453346252,0.5370264649391174,0.5032945871353149,-0.8633708357810974,0.7179005146026611,0.2545017600059509,0.526752769947052,-0.7470255494117737,0.9467657804489136,0.4312017858028412,0.6117986440658569,-0.024089185521006584,0.9992822408676147,0.33929306268692017,0.6091171503067017,0.024175425991415977,0.9994151592254639,0.4796380400657654,0.693780243396759,-0.1184261217713356,0.871070384979248,0.2924712002277374,0.6931369304656982,0.038931045681238174,0.973319411277771,0.494865357875824,0.7834780216217041,0.040038228034973145,0.9134547710418701,0.2429257482290268,0.7793149948120117,0.29588982462882996,0.9782480001449585,0.49113690853118896,0.7926847338676453,0.04250369966030121,0.8691415786743164,0.24970324337482452,0.7919566631317139,0.307748019695282,0.8794505000114441,0.526601254940033,0.8035483360290527,-0.16282550990581512,0.9305934906005859,0.20365211367607117,0.804968535900116,0.1206170842051506,0.965211033821106
IMG_9669 3,29,958,good,0.44627827405929565,0.4430076777935028,-0.40024158358573914,0.9998906254768372,0.4512064456939697,0.4357413947582245,-0.3701258897781372,0.9998700618743896,0.45398661494255066,0.4365280866622925,-0.3701152503490448,0.9998254776000977,0.45647090673446655,0.4373473525047302,-0.3701319098472595,0.9998401999473572,0.4390474259853363,0.43257465958595276,-0.38187143206596375,0.9998795390129089,0.4330703318119049,0.43122607469558716,-0.3819839656352997,0.9998695850372314,0.4265432059764862,0.42978614568710327,-0.3819698393344879,0.9998965263366699,0.4512074887752533,0.4411843419075012,-0.17295996844768524,0.9995811581611633,0.4068114757537842,0.43187639117240906,-0.24181756377220154,0.9999212026596069,0.44515329599380493,0.4512021839618683,-0.32544103264808655,0.9998038411140442,0.4305020868778229,0.4499112367630005,-0.3427909016609192,0.9998975992202759,0.4751553535461426,0.4859061539173126,-0.1088799387216568,0.9996501803398132,0.3304051458835602,0.47276100516319275,-0.11421134322881699,0.9999685287475586,0.551127552986145,0.5050166845321655,-0.3332032263278961,0.6366096138954163,0.22878073155879974,0.4710467755794525,-0.27529990673065186,0.9949946403503418,0.5636576414108276,0.5088067650794983,-0.7293142676353455,0.7655220627784729,0.2198183685541153,0.49078577756881714,-0.5760833621025085,0.9850785732269287,0.5780662298202515,0.5080072283744812,-0.8147023916244507,0.7513523101806641,0.21441274881362915,0.5106379985809326,-0.631022572517395,0.9656062126159668,0.5675501227378845,0.5069972276687622,-0.8365002870559692,0.7571738958358765,0.23108725249767303,0.5108894109725952,-0.674105167388916,0.9639395475387573,0.5587003827095032,0.5056760311126709,-0.7511383295059204,0.7392317056655884,0.236002579331398,0.5065469145774841,-0.6087077856063843,0.9490777850151062,0.4285591244697571,0.6100800633430481,-0.01691204309463501,0.999337375164032,0.3369361460208893,0.6071476340293884,0.017066707834601402,0.9994643330574036,0.4776882529258728,0.6935089230537415,-0.07409869879484177,0.8832030892372131,0.29341182112693787,0.6912111639976501,0.020453333854675293,0.9752377271652222,0.5021350979804993,0.7851971983909607,0.05477827042341232,0.9211357831954956,0.24749207496643066,0.7789361476898193,0.2553122043609619,0.9797645211219788,0.4967699348926544,0.7927687764167786,0.06669308245182037,0.8747246861457825,0.25747543573379517,0.791233241558075,0.2660233974456787,0.8857337236404419,0.5325660705566406,0.805299699306488,-0.11286075413227081,0.936079204082489,0.20437194406986237,0.8049505949020386,0.08542212843894958,0.9671867489814758
IMG_9669 3,30,991,good,0.4464873969554901,0.4419688284397125,-0.3849166929721832,0.9999013543128967,0.4500376284122467,0.43474364280700684,-0.35122862458229065,0.9998826384544373,0.4524519443511963,0.4354270398616791,-0.35123053193092346,0.9998423457145691,0.4546073377132416,0.4361405372619629,-0.35126256942749023,0.9998555183410645,0.4386969208717346,0.43176478147506714,-0.3659428060054779,0.9998912215232849,0.4328477084636688,0.4303780496120453,-0.36602020263671875,0.9998822212219238,0.42618733644485474,0.4288635551929474,-0.36598125100135803,0.9999064207077026,0.44758543372154236,0.4393899440765381,-0.15003322064876556,0.999622642993927,0.4047369658946991,0.43034958839416504,-0.21666571497917175,0.9999288320541382,0.4446720778942108,0.4496687352657318,-0.3080498278141022,0.9998232126235962,0.43055155873298645,0.4486943185329437,-0.3289312422275543,0.9999076128005981,0.47325772047042847,0.48209047317504883,-0.08161107450723648,0.999683678150177,0.32647132873535156,0.470636248588562,-0.1271260529756546,0.9999706745147705,0.5493178963661194,0.5022890567779541,-0.341560959815979,0.6725313067436218,0.23090629279613495,0.4632515013217926,-0.458602637052536,0.9953001737594604,0.5859456658363342,0.5098892450332642,-0.7677778005599976,0.7885531783103943,0.21181069314479828,0.4673399031162262,-0.9021584391593933,0.9863033294677734,0.6036205887794495,0.5155684947967529,-0.8613379597663879,0.7752745747566223,0.19937215745449066,0.48172813653945923,-0.9931796789169312,0.9682896733283997,0.5957589149475098,0.5163349509239197,-0.8843668103218079,0.7806244492530823,0.21819008886814117,0.48328885436058044,-1.0090280771255493,0.9668546319007874,0.5874369740486145,0.5141271948814392,-0.7924036383628845,0.7642552256584167,0.22497987747192383,0.4802912473678589,-0.9232628345489502,0.9533212184906006,0.42839372158050537,0.6076875925064087,-0.005728997755795717,0.9993987083435059,0.33723896741867065,0.6058825850486755,0.005853740964084864,0.9995138645172119,0.4786030650138855,0.6917803287506104,-0.07346029579639435,0.8944391012191772,0.2893056869506836,0.6911298632621765,-0.007529188878834248,0.9771515727043152,0.5074888467788696,0.7856195569038391,0.07126583158969879,0.9282913208007812,0.24768760800361633,0.7792565822601318,0.2314804494380951,0.981218159198761,0.5024757385253906,0.7940639853477478,0.08258014172315598,0.881901741027832,0.2573203146457672,0.7914671897888184,0.241814985871315,0.8912872672080994,0.5545245409011841,0.8057846426963806,-0.10114037990570068,0.9413785338401794,0.20380517840385437,0.8053042888641357,0.05219059810042381,0.9692448973655701
IMG_9669 3,31,1024,good,0.44375482201576233,0.43911415338516235,-0.3790353834629059,0.9999105334281921,0.44669821858406067,0.4323213994503021,-0.3422554135322571,0.9998930096626282,0.4491344094276428,0.43300601840019226,-0.34226492047309875,0.9998559355735779,0.45140358805656433,0.43367359042167664,-0.3423181176185608,0.9998679161071777,0.4349440038204193,0.4292218089103699,-0.3588637709617615,0.9999011158943176,0.4289145767688751,0.42778706550598145,-0.3589223623275757,0.9998927712440491,0.42229926586151123,0.42627277970314026,-0.3588610589504242,0.9999144673347473,0.4445499777793884,0.43672168254852295,-0.14228534698486328,0.9996583461761475,0.4023672938346863,0.42835184931755066,-0.20532925426959991,0.9999348521232605,0.44164636731147766,0.4468223750591278,-0.299802303314209,0.9998397827148438,0.4266121983528137,0.4458504915237427,-0.3230435848236084,0.9999159574508667,0.472357839345932,0.47864940762519836,-0.06903943419456482,0.999713659286499,0.32036715745925903,0.46771010756492615,-0.1321549266576767,0.9999719262123108,0.5555487275123596,0.5003747344017029,-0.23578177392482758,0.7050743103027344,0.2279319167137146,0.4599047005176544,-0.46090108156204224,0.9956346750259399,0.6019900441169739,0.5129811763763428,-0.5573480725288391,0.8094680905342102,0.2140766978263855,0.4493618309497833,-0.8759129643440247,0.9875068664550781,0.619755208492279,0.5261996984481812,-0.6337623596191406,0.7969634532928467,0.2044234722852707,0.4522179663181305,-0.966896653175354,0.9709105491638184,0.6097983121871948,0.5281760692596436,-0.666619062423706,0.8019067645072937,0.2198319137096405,0.4519715905189514,-0.9794131517410278,0.9696564674377441,0.6020956039428711,0.5249135494232178,-0.5835241675376892,0.7870025634765625,0.225703164935112,0.4520581066608429,-0.8949950337409973,0.9572909474372864,0.4300817847251892,0.6044470071792603,-0.0026832723524421453,0.9994547963142395,0.3392985761165619,0.6033937335014343,0.0026234001852571964,0.9995590448379517,0.4789888262748718,0.6916980147361755,-0.025640221312642097,0.9044733643531799,0.2912406325340271,0.6900404095649719,-0.02106526680290699,0.9789881706237793,0.5125550627708435,0.7904508709907532,0.15246987342834473,0.9346969127655029,0.24783740937709808,0.7790126204490662,0.2152235209941864,0.9826711416244507,0.5004127621650696,0.7991486191749573,0.1596205234527588,0.8904931545257568,0.25720229744911194,0.7912420034408569,0.22570230066776276,0.8962016105651855,0.5797098278999329,0.8159224987030029,-0.03286449611186981,0.9461033344268799,0.204788476228714,0.8055595755577087,0.02745307981967926,0.9713867902755737
IMG_9669 3,32,1057,good,0.4396717846393585,0.43616554141044617,-0.30646055936813354,0.9999181032180786,0.4432441294193268,0.4298993945121765,-0.26488441228866577,0.999901294708252,0.4459633231163025,0.4305156171321869,-0.2649214565753937,0.9998664855957031,0.44858530163764954,0.43111956119537354,-0.26503878831863403,0.9998779296875,0.43083280324935913,0.4271761476993561,-0.2796097695827484,0.9999089241027832,0.4247239828109741,0.4259624183177948,-0.2796633541584015,0.9999006986618042,0.41818752884864807,0.4247467815876007,-0.27953699231147766,0.9999201893806458,0.44327205419540405,0.4343315064907074,-0.044142238795757294,0.9996891021728516,0.40043142437934875,0.4275197386741638,-0.11662009358406067,0.9999380707740784,0.43869107961654663,0.44404521584510803,-0.22409957647323608,0.9998524785041809,0.42388781905174255,0.44325318932533264,-0.24544855952262878,0.9999207258224487,0.47104284167289734,0.47684720158576965,0.04768379405140877,0.9997403025627136,0.3217185139656067,0.465871125459671,-0.05239870399236679,0.9999692440032959,0.5577621459960938,0.5009938478469849,-0.05183316394686699,0.7342953085899353,0.23801614344120026,0.4519542455673218,-0.44545331597328186,0.9958134293556213,0.6081947684288025,0.5250895619392395,-0.34209415316581726,0.8282584547996521,0.23045380413532257,0.43756648898124695,-0.8036594390869141,0.9884351491928101,0.6295331716537476,0.5428227782249451,-0.4052257835865021,0.8163208961486816,0.22480817139148712,0.4319681227207184,-0.8924878835678101,0.9727949500083923,0.6170666813850403,0.5446720719337463,-0.44371020793914795,0.8209334015846252,0.2360363006591797,0.4314075708389282,-0.9055145382881165,0.9717242121696472,0.6089701056480408,0.5413018465042114,-0.3668826222419739,0.807277500629425,0.24043822288513184,0.4347103536128998,-0.8227007985115051,0.9603093266487122,0.4312744438648224,0.599763810634613,0.005583837162703276,0.9995017051696777,0.3410411477088928,0.5990771651268005,-0.0056985048577189445,0.9995977878570557,0.4764842391014099,0.6892074346542358,-0.024125434458255768,0.9134768843650818,0.29201260209083557,0.6890822052955627,-0.04999939724802971,0.9806212186813354,0.5118599534034729,0.7889248728752136,0.14214389026165009,0.9403506517410278,0.24474309384822845,0.7788712382316589,0.13201206922531128,0.9839783310890198,0.49244558811187744,0.7989106774330139,0.14755019545555115,0.8972282409667969,0.25471895933151245,0.79099440574646,0.13544267416000366,0.8999491930007935,0.5739251375198364,0.8090521693229675,-0.041450392454862595,0.9499995112419128,0.20389977097511292,0.8059713244438171,-0.07547859847545624,0.9732260704040527
IMG_9669 3,33,1091,good,0.4401775896549225,0.4325242340564728,-0.3179587721824646,0.9999249577522278,0.44323208928108215,0.4261624813079834,-0.2766677439212799,0.999908983707428,0.4460206627845764,0.4267745912075043,-0.27671658992767334,0.9998761415481567,0.4487054646015167,0.4273760914802551,-0.27680766582489014,0.9998870491981506,0.4310283064842224,0.42376789450645447,-0.29187363386154175,0.9999161958694458,0.4251328706741333,0.42284122109413147,-0.29193082451820374,0.9999080896377563,0.41885605454444885,0.4220067858695984,-0.29183775186538696,0.9999255537986755,0.44356420636177063,0.431125670671463,-0.05197859928011894,0.9997155666351318,0.3999529182910919,0.4257609248161316,-0.12553992867469788,0.9999412298202515,0.44009095430374146,0.4406089782714844,-0.2356177270412445,0.9998642206192017,0.42543596029281616,0.4401629865169525,-0.2574601471424103,0.9999255537986755,0.46905285120010376,0.47416818141937256,0.057286906987428665,0.999764084815979,0.324505478143692,0.4634283483028412,-0.061713866889476776,0.9999662041664124,0.5559298992156982,0.5038653016090393,-0.01156596839427948,0.7606065273284912,0.24132300913333893,0.4498114287853241,-0.43734070658683777,0.9961064457893372,0.6087980270385742,0.5357950925827026,-0.29063257575035095,0.8451538681983948,0.24423643946647644,0.41657209396362305,-0.7524617910385132,0.9893984794616699,0.6280182003974915,0.5529941916465759,-0.3482747972011566,0.8336405158042908,0.24468284845352173,0.40400761365890503,-0.8373302221298218,0.974721372127533,0.6161661148071289,0.5546563267707825,-0.39246052503585815,0.83797687292099,0.2554699182510376,0.40147197246551514,-0.8436651229858398,0.9737612009048462,0.6085737943649292,0.5503777861595154,-0.3166993260383606,0.825446367263794,0.25778380036354065,0.40637171268463135,-0.7669726610183716,0.963192880153656,0.4320732653141022,0.598067581653595,0.023020517081022263,0.9995437264442444,0.34249958395957947,0.5979732871055603,-0.02304445393383503,0.9996330738067627,0.47416868805885315,0.6880930662155151,0.006342737469822168,0.9217100143432617,0.29354214668273926,0.6880718469619751,-0.06863925606012344,0.9823207259178162,0.5023621320724487,0.7866202592849731,0.17051918804645538,0.9457862973213196,0.24153603613376617,0.7787489295005798,0.10225643217563629,0.9853338003158569,0.47925472259521484,0.7983300685882568,0.17464375495910645,0.9051483869552612,0.24940191209316254,0.7908623814582825,0.10561288893222809,0.9040893316268921,0.5688379406929016,0.8057780265808105,-0.0175346489995718,0.9540181159973145,0.20488254725933075,0.8063563704490662,-0.10955724865198135,0.97525554895401
IMG_9669 3,34,1124,good,0.4392170310020447,0.4282630980014801,-0.32120823860168457,0.9999302625656128,0.4422309994697571,0.4221576452255249,-0.28338727355003357,0.9999145269393921,0.4451851546764374,0.4228190779685974,-0.2834382653236389,0.9998822808265686,0.4480709433555603,0.42342618107795715,-0.2835102081298828,0.999893844127655,0.4298045337200165,0.41989144682884216,-0.3017132580280304,0.9999210834503174,0.4239405691623688,0.4192119538784027,-0.3017714321613312,0.9999123811721802,0.41792041063308716,0.418624609708786,-0.30170726776123047,0.9999285340309143,0.44393301010131836,0.42747384309768677,-0.06749752908945084,0.9997345805168152,0.4005585014820099,0.42309853434562683,-0.1367519646883011,0.9999406337738037,0.43963080644607544,0.43660083413124084,-0.2392258495092392,0.9998710751533508,0.42477840185165405,0.4357011616230011,-0.2672525644302368,0.9999258518218994,0.4681226313114166,0.4718623161315918,0.039829082787036896,0.9997857809066772,0.3251231908798218,0.46100762486457825,-0.0751127377152443,0.9999595284461975,0.5546540021896362,0.505827784538269,0.0015678489580750465,0.7843261361122131,0.24033881723880768,0.44236916303634644,-0.41121160984039307,0.9963813424110413,0.6063848733901978,0.5444933176040649,-0.22127214074134827,0.8603466749191284,0.25060346722602844,0.3964720070362091,-0.734363853931427,0.9900347590446472,0.6193804740905762,0.5605484247207642,-0.27264490723609924,0.8490005135536194,0.2620607912540436,0.3855102062225342,-0.8266351222991943,0.9750064611434937,0.6096256375312805,0.5611403584480286,-0.3186532258987427,0.8531149625778198,0.27033209800720215,0.3850104510784149,-0.790184497833252,0.9739519357681274,0.603589653968811,0.5564945340156555,-0.24633508920669556,0.841517984867096,0.2707490026950836,0.3898046910762787,-0.732869565486908,0.9636785387992859,0.43338149785995483,0.5932297706604004,0.02904289960861206,0.9995802640914917,0.34500330686569214,0.5940313339233398,-0.029034201055765152,0.9996631145477295,0.47046178579330444,0.685502827167511,0.0028626364655792713,0.9277852177619934,0.29776450991630554,0.6851884126663208,-0.08342549949884415,0.9832473397254944,0.49059170484542847,0.7848474383354187,0.1572234332561493,0.9494572281837463,0.24003084003925323,0.7785346508026123,0.0821891576051712,0.9860028624534607,0.4719689190387726,0.7974106669425964,0.16105708479881287,0.908424973487854,0.24776625633239746,0.7901873588562012,0.08604394644498825,0.9004455804824829,0.5601826310157776,0.8022945523262024,-0.02784912846982479,0.9559345245361328,0.20553874969482422,0.8067986369132996,-0.12682519853115082,0.9761223196983337
IMG_9669 3,35,1157,good,0.4406348168849945,0.4274348318576813,-0.3375907242298126,0.9999354481697083,0.4433259069919586,0.42100802063941956,-0.2864879071712494,0.9999207854270935,0.44605863094329834,0.42163321375846863,-0.28644806146621704,0.9998894929885864,0.4487197995185852,0.42220306396484375,-0.28646332025527954,0.9999013543128967,0.431149959564209,0.4189397692680359,-0.3045639097690582,0.9999265074729919,0.4251520037651062,0.4183480441570282,-0.3046686351299286,0.9999176263809204,0.41892626881599426,0.4178365468978882,-0.30465835332870483,0.9999328851699829,0.44297149777412415,0.4259340167045593,-0.06659647077322006,0.999754011631012,0.4009395241737366,0.4221067428588867,-0.14751426875591278,0.9999437928199768,0.4398042559623718,0.43618226051330566,-0.24741625785827637,0.9998797178268433,0.42480096220970154,0.43538010120391846,-0.27548280358314514,0.999930202960968,0.4688549041748047,0.47176846861839294,0.051746681332588196,0.9998050928115845,0.3267872631549835,0.46014901995658875,-0.08824518322944641,0.9999589323997498,0.5542433857917786,0.5060852766036987,0.007706575095653534,0.8054041266441345,0.24171552062034607,0.4344668984413147,-0.3968545198440552,0.9967018365859985,0.6012572646141052,0.5512819290161133,-0.23890915513038635,0.873687207698822,0.2890295386314392,0.3895043432712555,-0.6454366445541382,0.9907057285308838,0.6161457896232605,0.5669112801551819,-0.2971608340740204,0.8619570136070251,0.31067168712615967,0.3770890235900879,-0.7298836708068848,0.9752148985862732,0.6078419089317322,0.5672101378440857,-0.3446257710456848,0.8659477233886719,0.31871169805526733,0.3782113492488861,-0.6998924016952515,0.9739521741867065,0.6028603911399841,0.5630894899368286,-0.26670196652412415,0.855032742023468,0.31489014625549316,0.38353386521339417,-0.6451900005340576,0.9640159010887146,0.43872106075286865,0.5925763845443726,0.040577102452516556,0.9996153712272644,0.3513519763946533,0.5935484170913696,-0.040508002042770386,0.9996917247772217,0.47136273980140686,0.6846240758895874,0.02218051813542843,0.9335705637931824,0.302566796541214,0.6844999194145203,-0.09028272330760956,0.9842478632926941,0.47640910744667053,0.7818679809570312,0.18676385283470154,0.952936589717865,0.24011173844337463,0.7783674001693726,0.08396276831626892,0.9867339134216309,0.46145951747894287,0.796027660369873,0.19058160483837128,0.9116299748420715,0.24616935849189758,0.7894972562789917,0.08918510377407074,0.8982771039009094,0.5511581897735596,0.801484227180481,-0.014157861471176147,0.9579941630363464,0.2059939205646515,0.8069934248924255,-0.13114532828330994,0.97728431224823
IMG_9669 3,36,1190,good,0.4423886239528656,0.4253601133823395,-0.35554516315460205,0.9999385476112366,0.44436928629875183,0.41935232281684875,-0.3018568158149719,0.9999246597290039,0.4468913972377777,0.4200208783149719,-0.3017714023590088,0.9998928308486938,0.4493463337421417,0.42064857482910156,-0.30177047848701477,0.9999060034751892,0.4327031075954437,0.417452871799469,-0.3200409412384033,0.9999289512634277,0.4267771542072296,0.41702377796173096,-0.320167601108551,0.9999194145202637,0.42064154148101807,0.41667911410331726,-0.3202165365219116,0.9999343752861023,0.44289150834083557,0.4245418310165405,-0.07123606652021408,0.9997660517692566,0.40227586030960083,0.4211403727531433,-0.15459953248500824,0.9999446868896484,0.4413905143737793,0.43455103039741516,-0.26528090238571167,0.9998836517333984,0.4264656901359558,0.4336921274662018,-0.2923582196235657,0.9999311566352844,0.4697053134441376,0.4723426401615143,0.05280596390366554,0.9998195171356201,0.3280605971813202,0.4597363770008087,-0.09911128133535385,0.9999556541442871,0.5479429960250854,0.5126587152481079,0.042954396456480026,0.8237268328666687,0.24394434690475464,0.43027007579803467,-0.3924102783203125,0.9969940781593323,0.5933976769447327,0.5569174885749817,-0.14445672929286957,0.8848403096199036,0.31556594371795654,0.387018084526062,-0.5771050453186035,0.9912929534912109,0.603397786617279,0.5710879564285278,-0.19191507995128632,0.8712669014930725,0.33773818612098694,0.3759765028953552,-0.6515719890594482,0.9750794172286987,0.5923478007316589,0.570963978767395,-0.23988421261310577,0.8753647208213806,0.3453674912452698,0.37737736105918884,-0.6228430271148682,0.9734925627708435,0.5873833894729614,0.5668078660964966,-0.17128531634807587,0.8648369908332825,0.34151771664619446,0.38234618306159973,-0.575982391834259,0.9638603329658508,0.4432997405529022,0.5929194092750549,0.045223213732242584,0.9996463656425476,0.3567858040332794,0.5933278799057007,-0.045129455626010895,0.9997166395187378,0.47204354405403137,0.6849414706230164,0.02250715345144272,0.9383679628372192,0.3081659972667694,0.6838361620903015,-0.08645408600568771,0.9847158789634705,0.4753016233444214,0.7819316983222961,0.18501880764961243,0.9556134939193726,0.24022860825061798,0.7776725888252258,0.09734728187322617,0.9869408011436462,0.4605548083782196,0.7960231304168701,0.18871605396270752,0.9130664467811584,0.24435478448867798,0.7880104184150696,0.1033395379781723,0.8917912244796753,0.5448817610740662,0.8009904623031616,-0.01790923811495304,0.9591882228851318,0.20642317831516266,0.8065339922904968,-0.11100611090660095,0.9778242111206055
IMG_9669 3,37,1223,good,0.44363710284233093,0.42603808641433716,-0.33508986234664917,0.9999399185180664,0.44546273350715637,0.4198397994041443,-0.28406715393066406,0.9999278783798218,0.4480539858341217,0.4204730689525604,-0.28400951623916626,0.9998956322669983,0.45047709345817566,0.42106151580810547,-0.28404295444488525,0.9999104142189026,0.4332546293735504,0.4180501401424408,-0.30591651797294617,0.9999299049377441,0.42733800411224365,0.4176054298877716,-0.30600666999816895,0.9999186992645264,0.42112410068511963,0.41721776127815247,-0.30602896213531494,0.9999332427978516,0.443274587392807,0.42492929100990295,-0.0418090783059597,0.9997770190238953,0.4029325544834137,0.42139631509780884,-0.14657318592071533,0.9999442100524902,0.4418874979019165,0.43509382009506226,-0.2447568029165268,0.9998841285705566,0.42838144302368164,0.43434011936187744,-0.2761602997779846,0.9999284744262695,0.47030457854270935,0.47281888127326965,0.0932059958577156,0.9998311400413513,0.33380818367004395,0.45988455414772034,-0.10416568070650101,0.9999462366104126,0.5301671028137207,0.5190392732620239,0.09776528179645538,0.8382746577262878,0.24964746832847595,0.4258858561515808,-0.3879651427268982,0.9972254633903503,0.5670602917671204,0.5578802227973938,-0.07344888150691986,0.8936087489128113,0.33275577425956726,0.3912109434604645,-0.5178996920585632,0.9913532137870789,0.5744216442108154,0.5719367265701294,-0.11729281395673752,0.8770014643669128,0.3513805866241455,0.38375818729400635,-0.5856711864471436,0.9721038937568665,0.5676767230033875,0.5711285471916199,-0.166732057929039,0.8815492987632751,0.35739457607269287,0.38485822081565857,-0.5548460483551025,0.9697532057762146,0.5638176798820496,0.5668343901634216,-0.1007142886519432,0.8711838126182556,0.3545432686805725,0.3889292776584625,-0.514382004737854,0.9598354697227478,0.4479345381259918,0.592965841293335,0.061634134501218796,0.9996742010116577,0.36419692635536194,0.5926902890205383,-0.06148228049278259,0.9997378587722778,0.47638028860092163,0.6849347949028015,0.03130416199564934,0.9424844980239868,0.3143268823623657,0.6836135983467102,-0.10055819898843765,0.9852082133293152,0.4755952060222626,0.7820165753364563,0.19658803939819336,0.958236575126648,0.23916272819042206,0.7772835493087769,0.07560823112726212,0.9873819351196289,0.4589252173900604,0.7965583801269531,0.20097830891609192,0.9164435267448425,0.24176697432994843,0.7871367931365967,0.08191510289907455,0.8867071270942688,0.5441954731941223,0.8011443614959717,0.00023395907192025334,0.960402250289917,0.20699679851531982,0.8064815402030945,-0.1391139030456543,0.9786041975021362
IMG_9669 3,38,1256,good,0.447125643491745,0.4266597032546997,-0.2848034203052521,0.9999415874481201,0.44654858112335205,0.4203327000141144,-0.240406796336174,0.9999317526817322,0.4489988684654236,0.4209710657596588,-0.2403678297996521,0.9998998045921326,0.4513021409511566,0.4215708374977112,-0.2404192090034485,0.9999159574508667,0.4339420795440674,0.41845187544822693,-0.26522138714790344,0.9999309182167053,0.4275132119655609,0.4179227352142334,-0.2652522921562195,0.99991774559021,0.421630322933197,0.41744282841682434,-0.2652396559715271,0.9999316930770874,0.44380107522010803,0.42536717653274536,-0.0007574027986265719,0.9997920393943787,0.40349647402763367,0.4216262400150299,-0.12096857279539108,0.9999440312385559,0.445228636264801,0.4356415271759033,-0.19498254358768463,0.9998875260353088,0.4317488670349121,0.43483084440231323,-0.23031648993492126,0.9999269247055054,0.4704222083091736,0.47552356123924255,0.13345448672771454,0.999841034412384,0.3414568603038788,0.458698570728302,-0.09731850028038025,0.9999374151229858,0.5108274221420288,0.5252256989479065,0.10468000918626785,0.8428881168365479,0.26541921496391296,0.41286975145339966,-0.3594004809856415,0.9973547458648682,0.541913628578186,0.5582706332206726,-0.13112780451774597,0.8962946534156799,0.33864644169807434,0.39609721302986145,-0.4439674913883209,0.9878151416778564,0.551985502243042,0.5726301074028015,-0.1827905923128128,0.8760069012641907,0.3535274565219879,0.39271581172943115,-0.5051554441452026,0.9531610012054443,0.5467904210090637,0.5718693137168884,-0.23190492391586304,0.8819780945777893,0.3602783977985382,0.39503100514411926,-0.47562527656555176,0.9488121867179871,0.5401679277420044,0.5673564672470093,-0.16016323864459991,0.8703569173812866,0.35493093729019165,0.3978612720966339,-0.4405651390552521,0.9377061128616333,0.4532536268234253,0.5914368033409119,0.07004158198833466,0.99969881772995,0.3729480504989624,0.5890229344367981,-0.06987392157316208,0.9997569918632507,0.4803600609302521,0.6822404861450195,0.019120607525110245,0.945771336555481,0.3202492296695709,0.6825194358825684,-0.11673250794410706,0.9858612418174744,0.4735511839389801,0.7805057764053345,0.17019475996494293,0.9603064656257629,0.23494455218315125,0.776784360408783,0.027434978634119034,0.9879904985427856,0.4550260007381439,0.796282172203064,0.17217306792736053,0.9193771481513977,0.23568494617938995,0.7866334915161133,0.031014446169137955,0.8864974975585938,0.5435455441474915,0.800866961479187,-0.02554420195519924,0.9615633487701416,0.2078452706336975,0.8064209818840027,-0.19043675065040588,0.9796372056007385
IMG_9669 3,39,1289,good,0.45086750388145447,0.4267690181732178,-0.1702105700969696,0.9999457597732544,0.4495898187160492,0.4206267297267914,-0.1268000453710556,0.9999374747276306,0.45194849371910095,0.4213714301586151,-0.12679889798164368,0.9999076724052429,0.4541592597961426,0.4220852255821228,-0.12684552371501923,0.9999232292175293,0.4368080794811249,0.4185916781425476,-0.15268339216709137,0.9999357461929321,0.4299534261226654,0.4180631935596466,-0.1526762694120407,0.9999226927757263,0.4233704209327698,0.41758474707603455,-0.15264494717121124,0.9999353885650635,0.4447537064552307,0.4264104664325714,0.10189061611890793,0.9998101592063904,0.40499958395957947,0.4217894375324249,-0.024643674492836,0.999947190284729,0.4483732581138611,0.43603619933128357,-0.08471585810184479,0.9998952746391296,0.4347188472747803,0.4351092576980591,-0.12149941921234131,0.9999293684959412,0.470566987991333,0.47953563928604126,0.22606351971626282,0.9998504519462585,0.3493598997592926,0.4576430320739746,-0.049095384776592255,0.9999300837516785,0.49508875608444214,0.5295557975769043,0.20170018076896667,0.8286147117614746,0.3007611036300659,0.4132208526134491,-0.3444802463054657,0.9972628951072693,0.5268858671188354,0.5594100952148438,-0.016907112672924995,0.8930766582489014,0.3431374132633209,0.4040997326374054,-0.4729769229888916,0.9835693836212158,0.5377394556999207,0.5738346576690674,-0.06003539636731148,0.8700183033943176,0.3467971682548523,0.4022258222103119,-0.5364320874214172,0.9377627968788147,0.534608781337738,0.573785126209259,-0.11218713223934174,0.8781440258026123,0.3565092384815216,0.4044519364833832,-0.5143588185310364,0.932198703289032,0.5276376008987427,0.5687796473503113,-0.04660031944513321,0.8645039796829224,0.3511665165424347,0.4063799977302551,-0.4728759825229645,0.9201405048370361,0.45549923181533813,0.5920276641845703,0.08285422623157501,0.9997249841690063,0.37903380393981934,0.5882159471511841,-0.08271309733390808,0.9997774958610535,0.4804934561252594,0.6825439929962158,0.01714746095240116,0.9488007426261902,0.3234034478664398,0.682986319065094,-0.1386803537607193,0.986594021320343,0.4724687337875366,0.7806479930877686,0.14429299533367157,0.9625290036201477,0.23254896700382233,0.7768297791481018,-0.006032739300280809,0.9886597990989685,0.4549650549888611,0.796759843826294,0.1435077041387558,0.9220940470695496,0.2323130965232849,0.7868062257766724,-0.0038756325375288725,0.8863196969032288,0.5437365770339966,0.800895631313324,-0.050188079476356506,0.9630485773086548,0.2078896015882492,0.8064179420471191,-0.22208862006664276,0.9808264374732971
IMG_9669 3,40,1322,good,0.45859605073928833,0.42888155579566956,-0.20714744925498962,0.9999496340751648,0.4551626741886139,0.4225302040576935,-0.16458933055400848,0.9999426603317261,0.45664942264556885,0.42302998900413513,-0.1645890176296234,0.999914824962616,0.4580588936805725,0.4234718978404999,-0.16463910043239594,0.9999296069145203,0.4449743628501892,0.42073532938957214,-0.19378000497817993,0.9999405145645142,0.43946290016174316,0.42010781168937683,-0.19376857578754425,0.9999279975891113,0.4332659840583801,0.41952764987945557,-0.19374904036521912,0.9999393224716187,0.44525620341300964,0.4269537031650543,0.06349216401576996,0.9998257756233215,0.4133337438106537,0.42280229926109314,-0.07544044405221939,0.9999501705169678,0.45565861463546753,0.43815118074417114,-0.1207539439201355,0.9999002814292908,0.44529762864112854,0.4371170103549957,-0.16217774152755737,0.9999294877052307,0.47046205401420593,0.4850479066371918,0.20963652431964874,0.9998441338539124,0.36637839674949646,0.45774775743484497,-0.11116964370012283,0.9999041557312012,0.4773741662502289,0.5376006960868835,0.26767686009407043,0.7814338207244873,0.32197093963623047,0.41199418902397156,-0.4791862666606903,0.9968115091323853,0.5110865235328674,0.5629087686538696,0.14579488337039948,0.8782978653907776,0.35507598519325256,0.40958312153816223,-0.6773631572723389,0.9785974621772766,0.522196888923645,0.5749648213386536,0.12747637927532196,0.8525007963180542,0.3603993356227875,0.4071219563484192,-0.7427898645401001,0.9247990846633911,0.5215972065925598,0.5731882452964783,0.07193932682275772,0.8636725544929504,0.3605116605758667,0.40716084837913513,-0.7125040292739868,0.917805552482605,0.5155547261238098,0.5692695379257202,0.11857371777296066,0.8466783165931702,0.3620753586292267,0.40655168890953064,-0.673327624797821,0.9033191204071045,0.4568188488483429,0.5948972105979919,0.09771084785461426,0.9997441172599792,0.3898734450340271,0.5889610052108765,-0.09767228364944458,0.9997928738594055,0.48044100403785706,0.6828904747962952,0.0381726436316967,0.9499525427818298,0.3311961889266968,0.6840739846229553,-0.1437118798494339,0.9870984554290771,0.47264012694358826,0.7807439565658569,0.14544208347797394,0.9637240767478943,0.23092688620090485,0.7765040993690491,-0.02182268351316452,0.9892174005508423,0.45554405450820923,0.796859622001648,0.1451968103647232,0.9232509732246399,0.22661134600639343,0.7862687706947327,-0.019931621849536896,0.8869262933731079,0.543816864490509,0.8009381890296936,-0.03846227005124092,0.9635765552520752,0.20877648890018463,0.8061560392379761,-0.2252509444952011,0.9817701578140259
IMG_9669 3,41,1355,good,0.4654639661312103,0.4308624863624573,-0.2136608362197876,0.9999534487724304,0.4601956605911255,0.42414283752441406,-0.17221888899803162,0.9999475479125977,0.46083852648735046,0.42444759607315063,-0.17220574617385864,0.9999215602874756,0.4614332318305969,0.4247393012046814,-0.1722538024187088,0.999935507774353,0.4528980255126953,0.4226644039154053,-0.20864808559417725,0.999945342540741,0.4481666088104248,0.42198869585990906,-0.2086532860994339,0.999933660030365,0.44272202253341675,0.4212287664413452,-0.2086511105298996,0.9999440312385559,0.4463651180267334,0.4276534914970398,0.04753553867340088,0.999840259552002,0.4215783178806305,0.42375150322914124,-0.11035432666540146,0.9999539852142334,0.4617376923561096,0.44008442759513855,-0.12997323274612427,0.9999049305915833,0.453826367855072,0.4392814636230469,-0.18064118921756744,0.9999315142631531,0.46390795707702637,0.48684507608413696,0.21485412120819092,0.9998205900192261,0.37852582335472107,0.45783868432044983,-0.18752886354923248,0.9998925924301147,0.457780659198761,0.5399528741836548,0.34709709882736206,0.7163072228431702,0.34020093083381653,0.4202992022037506,-0.5250774025917053,0.9965636134147644,0.4999402165412903,0.5688750147819519,0.2955183982849121,0.8222764134407043,0.3875066339969635,0.411642849445343,-0.6864430904388428,0.9732527732849121,0.508695125579834,0.5800133347511292,0.29410091042518616,0.7977394461631775,0.39480316638946533,0.41686081886291504,-0.747612714767456,0.9124168157577515,0.5156883597373962,0.5764303803443909,0.2380581647157669,0.8112825155258179,0.4074144661426544,0.42169615626335144,-0.7118763327598572,0.9038195610046387,0.5090739130973816,0.5726605653762817,0.2694714665412903,0.7935978770256042,0.4047067165374756,0.42180415987968445,-0.6783395409584045,0.8855987191200256,0.4554279148578644,0.5975753664970398,0.12144885957241058,0.9997560977935791,0.3979206383228302,0.5893725156784058,-0.121519073843956,0.999801516532898,0.4810580909252167,0.6831603050231934,0.03073355369269848,0.94852614402771,0.33020341396331787,0.6884742975234985,-0.19032824039459229,0.9877038598060608,0.47080549597740173,0.7808762192726135,0.09601986408233643,0.96405029296875,0.22440274059772491,0.7747732996940613,-0.1258736252784729,0.9897556304931641,0.44912034273147583,0.7973116040229797,0.09152523428201675,0.9238426685333252,0.20947207510471344,0.7813394665718079,-0.12733030319213867,0.8893463015556335,0.5432292222976685,0.8010067939758301,-0.0674678385257721,0.9635406732559204,0.2091248631477356,0.8060885071754456,-0.316930890083313,0.9825718998908997
IMG_9669 3,42,1388,good,0.47384652495384216,0.43300187587738037,-0.1281963437795639,0.9999575018882751,0.4674708843231201,0.42638686299324036,-0.08550554513931274,0.9999523758888245,0.4676967263221741,0.4265305995941162,-0.08550538122653961,0.9999285936355591,0.4676388204097748,0.42657339572906494,-0.08556413650512695,0.9999414682388306,0.46219661831855774,0.42531776428222656,-0.1259896457195282,0.9999502897262573,0.4572031497955322,0.42477700114250183,-0.12599925696849823,0.9999396204948425,0.4535020887851715,0.4241788387298584,-0.12598715722560883,0.999949038028717,0.45166534185409546,0.4297410249710083,0.11290592700242996,0.9998550415039062,0.43457838892936707,0.42727747559547424,-0.07486801594495773,0.9999579787254333,0.47133001685142517,0.4417616128921509,-0.05336210876703262,0.9999110102653503,0.46551480889320374,0.4408651292324066,-0.10837957262992859,0.9999342560768127,0.4620695114135742,0.487810879945755,0.2826943099498749,0.9998016953468323,0.400980144739151,0.45952755212783813,-0.1862223595380783,0.9998818635940552,0.46450769901275635,0.5394580960273743,0.43669232726097107,0.6563340425491333,0.3754310607910156,0.42279917001724243,-0.5211462378501892,0.9962814450263977,0.49879756569862366,0.5705965161323547,0.4684787094593048,0.766934871673584,0.42248308658599854,0.4119184911251068,-0.6553742289543152,0.9707162380218506,0.5074401497840881,0.5798414349555969,0.4846120774745941,0.7431492209434509,0.424631804227829,0.4183242619037628,-0.718414843082428,0.9074919819831848,0.5149993300437927,0.5768808722496033,0.43394482135772705,0.7577458024024963,0.4367443919181824,0.4237799644470215,-0.7108590602874756,0.8978676199913025,0.5074694752693176,0.5748543739318848,0.44650694727897644,0.7402710914611816,0.43283435702323914,0.42326033115386963,-0.6500750780105591,0.8777163028717041,0.45440423488616943,0.5989141464233398,0.1423501819372177,0.9997724294662476,0.40350469946861267,0.5897833108901978,-0.14249959588050842,0.999812662601471,0.48107102513313293,0.6832672953605652,0.02758399024605751,0.9470894932746887,0.3450767397880554,0.6870815753936768,-0.27450647950172424,0.9885313510894775,0.4655567407608032,0.7808474898338318,0.05615234375,0.964738130569458,0.21935749053955078,0.770047128200531,-0.2572368383407593,0.9904572367668152,0.44275951385498047,0.797383189201355,0.04847506433725357,0.9244661331176758,0.2008216232061386,0.7726131677627563,-0.2608000338077545,0.8951635360717773,0.5432859659194946,0.8005611300468445,-0.08400559425354004,0.9642314910888672,0.20898284018039703,0.8060667514801025,-0.4211058020591736,0.9838153719902039
IMG_9669 3,43,1421,good,0.4834102392196655,0.4356440007686615,0.041095733642578125,0.9999611973762512,0.47400712966918945,0.4283830523490906,0.07040871679782867,0.9999564290046692,0.472908079624176,0.42820221185684204,0.07049024850130081,0.9999346733093262,0.4717788100242615,0.4279341697692871,0.07050061225891113,0.9999463558197021,0.47203901410102844,0.4279876947402954,0.017273087054491043,0.9999548196792603,0.4693017601966858,0.42761939764022827,0.01718919537961483,0.9999452829360962,0.4668441116809845,0.42717245221138,0.017057372257113457,0.9999538660049438,0.45485377311706543,0.43094494938850403,0.2036868780851364,0.9998683333396912,0.449054479598999,0.4305325150489807,-0.037512555718421936,0.9999620318412781,0.4802080988883972,0.4435228407382965,0.09373801201581955,0.9999163150787354,0.47752922773361206,0.44283613562583923,0.02275301329791546,0.9999388456344604,0.4506659507751465,0.4812944829463959,0.37537139654159546,0.9997957944869995,0.4126769006252289,0.4655688405036926,-0.19349446892738342,0.9998927116394043,0.4461497962474823,0.4675637483596802,0.6017327904701233,0.6138519644737244,0.42493173480033875,0.5062451958656311,-0.3070378601551056,0.9958847761154175,0.43937450647354126,0.43857452273368835,0.8577790260314941,0.7191535830497742,0.4708682596683502,0.5346094369888306,-0.15404754877090454,0.9698923826217651,0.43464669585227966,0.43216732144355774,0.9021696448326111,0.6868659257888794,0.4707655906677246,0.5475026369094849,-0.15045614540576935,0.9087420701980591,0.4369003176689148,0.4314230680465698,0.9049611687660217,0.6999070644378662,0.4808306097984314,0.5438200831413269,-0.15678255259990692,0.8995673656463623,0.4402531087398529,0.43422046303749084,0.8581061363220215,0.6860044002532959,0.4748348593711853,0.541329026222229,-0.14654390513896942,0.8766345381736755,0.45279166102409363,0.5999884009361267,0.15994970500469208,0.9997876286506653,0.40692219138145447,0.592514157295227,-0.16010120511054993,0.9998227953910828,0.49590882658958435,0.6815072894096375,0.017424698919057846,0.9474218487739563,0.35231533646583557,0.6849092245101929,-0.3088000416755676,0.9892626404762268,0.4628656506538391,0.7807025909423828,0.003619750030338764,0.9660009741783142,0.21458013355731964,0.7668089866638184,-0.34392422437667847,0.9910610318183899,0.4423087537288666,0.7976515889167786,-0.006175266578793526,0.9290072321891785,0.19198788702487946,0.768531858921051,-0.3486629128456116,0.9029013514518738,0.5431185960769653,0.8006120920181274,-0.10621179640293121,0.965786874294281,0.21086040139198303,0.805528461933136,-0.46698442101478577,0.9849640727043152
IMG_9669 3,44,1454,good,0.493465393781662,0.44303739070892334,0.04368915781378746,0.9999629259109497,0.4877728521823883,0.4363734722137451,0.06905151903629303,0.9999577403068542,0.48652565479278564,0.43610599637031555,0.06910373270511627,0.9999372959136963,0.4849976599216461,0.43561965227127075,0.06909388303756714,0.999948263168335,0.48612502217292786,0.4359244108200073,0.0133341234177351,0.9999572038650513,0.4837118089199066,0.43550992012023926,0.013275707140564919,0.9999491572380066,0.48099106550216675,0.4349750280380249,0.01318608969449997,0.9999570250511169,0.4633130133152008,0.43561556935310364,0.18399207293987274,0.9998766779899597,0.4596353769302368,0.43624189496040344,-0.06312289088964462,0.9999650716781616,0.48841366171836853,0.4499303698539734,0.08879072964191437,0.9999040365219116,0.48599275946617126,0.44898682832717896,0.014318029396235943,0.9999308586120605,0.4454611837863922,0.4771226942539215,0.3364836871623993,0.9997818470001221,0.4207207262516022,0.4703982472419739,-0.2186228632926941,0.9998992681503296,0.4336020052433014,0.4395310580730438,0.5809032320976257,0.5672106146812439,0.4455394446849823,0.5182763934135437,-0.27222907543182373,0.9926155209541321,0.4326058626174927,0.42246484756469727,0.8311372995376587,0.6620880365371704,0.47680801153182983,0.5330522060394287,-0.07126351445913315,0.9531450271606445,0.4271658658981323,0.41157516837120056,0.8715872168540955,0.627935528755188,0.4840601682662964,0.5398464202880859,-0.06385321170091629,0.8880512118339539,0.42883291840553284,0.4127900004386902,0.869599461555481,0.6400652527809143,0.4806635081768036,0.5362526774406433,-0.07666927576065063,0.8794325590133667,0.4335310757160187,0.41561105847358704,0.8284680247306824,0.6291273832321167,0.4736483097076416,0.5346182584762573,-0.06644666939973831,0.8483209013938904,0.4515041708946228,0.6002381443977356,0.16732758283615112,0.9998027682304382,0.40508419275283813,0.5953203439712524,-0.16753725707530975,0.9998309016227722,0.503252387046814,0.6809935569763184,0.044803768396377563,0.9468338489532471,0.3611452281475067,0.6887310743331909,-0.2602933645248413,0.9900370240211487,0.4640331566333771,0.7805184721946716,0.05237596109509468,0.9678546786308289,0.2073242962360382,0.7656449675559998,-0.2759069502353668,0.9918002486228943,0.4440452456474304,0.7975819706916809,0.047161974012851715,0.933390736579895,0.1772509515285492,0.7648801803588867,-0.2780449688434601,0.9108002185821533,0.5444514155387878,0.8006476163864136,-0.04021336883306503,0.9676849842071533,0.21029391884803772,0.8056009411811829,-0.3766818642616272,0.9862003326416016
IMG_9669 3,45,1487,good,0.4952760338783264,0.4513341784477234,0.04878796264529228,0.999962568283081,0.489401251077652,0.443551242351532,0.07089447975158691,0.9999576807022095,0.4878051280975342,0.44312191009521484,0.0708501935005188,0.9999362230300903,0.4858168363571167,0.44248369336128235,0.0707780122756958,0.9999487996101379,0.4885321855545044,0.4428025782108307,0.017698917537927628,0.9999576807022095,0.48627352714538574,0.4419211149215698,0.01765546388924122,0.9999507069587708,0.48071905970573425,0.4401792287826538,0.017559919506311417,0.999958872795105,0.46311691403388977,0.4408811926841736,0.18090729415416718,0.9998804330825806,0.45988622307777405,0.4401557147502899,-0.0615285225212574,0.9999657869338989,0.4921027421951294,0.4576475918292999,0.09377048164606094,0.9998841881752014,0.4908672869205475,0.4563245475292206,0.02287016436457634,0.9999076724052429,0.4433009922504425,0.47740980982780457,0.3455401659011841,0.9996609687805176,0.425434947013855,0.47332116961479187,-0.1997687816619873,0.9998831748962402,0.4470326006412506,0.466067910194397,0.628302812576294,0.5134603977203369,0.4743834435939789,0.4923337996006012,-0.2403724640607834,0.9838816523551941,0.43654772639274597,0.449618399143219,0.845694899559021,0.5997709035873413,0.4557205140590668,0.4471386969089508,-0.002952683251351118,0.9348644614219666,0.43226176500320435,0.4459872543811798,0.8849173188209534,0.5693369507789612,0.4476887881755829,0.43680453300476074,0.0038099067751318216,0.8722683787345886,0.43248194456100464,0.4477105736732483,0.8794165849685669,0.5805234313011169,0.4478473663330078,0.4435776174068451,-0.012166540138423443,0.8638396263122559,0.4355103075504303,0.44884786009788513,0.8425941467285156,0.5713191628456116,0.4470483958721161,0.4469735026359558,-0.00020545936422422528,0.8283047676086426,0.4502715766429901,0.6053311228752136,0.16775630414485931,0.9998164772987366,0.40722745656967163,0.6022526025772095,-0.167954683303833,0.9998403787612915,0.5144084095954895,0.6811962723731995,0.058685995638370514,0.9425705075263977,0.36612796783447266,0.6974090337753296,-0.3055526316165924,0.9904884696006775,0.4657181203365326,0.7808228731155396,0.06818652898073196,0.9690435528755188,0.20006448030471802,0.764063835144043,-0.38179436326026917,0.9923684000968933,0.4442978501319885,0.79770827293396,0.064315564930439,0.9355432987213135,0.16393902897834778,0.7612010836601257,-0.3898773193359375,0.9171675443649292,0.5455388426780701,0.8006642460823059,-0.015196242369711399,0.9684968590736389,0.2043391764163971,0.8066327571868896,-0.5014903545379639,0.987153947353363
IMG_9669 3,46,1520,good,0.4958455264568329,0.4556136429309845,0.02252793125808239,0.9999592304229736,0.49056723713874817,0.4480094313621521,0.04753146320581436,0.9999536275863647,0.48944973945617676,0.44777607917785645,0.04741162061691284,0.9999316930770874,0.4880015552043915,0.44745057821273804,0.04733823612332344,0.9999454617500305,0.48871472477912903,0.4477521479129791,-0.003900352166965604,0.9999490976333618,0.48630714416503906,0.44741809368133545,-0.003975840751081705,0.999944806098938,0.4824025332927704,0.44685429334640503,-0.00396702392026782,0.9999527335166931,0.46742987632751465,0.44976282119750977,0.16572386026382446,0.999873697757721,0.46259358525276184,0.4495624899864197,-0.06585587561130524,0.9999577403068542,0.4915454387664795,0.46286454796791077,0.06981677561998367,0.9998524785041809,0.489004909992218,0.4625178277492523,0.002322561340406537,0.999859631061554,0.44617384672164917,0.4869692623615265,0.3078923225402832,0.9996159672737122,0.4295215308666229,0.4827570915222168,-0.19961634278297424,0.9998589754104614,0.4540204703807831,0.5295956134796143,0.46269312500953674,0.46443626284599304,0.5059174299240112,0.4853360056877136,-0.29414066672325134,0.9837730526924133,0.4441740810871124,0.5652412176132202,0.5222658514976501,0.5432097911834717,0.4787021279335022,0.4362110495567322,-0.1798846274614334,0.9389216303825378,0.44556325674057007,0.5781151056289673,0.5309492945671082,0.5163703560829163,0.4669339954853058,0.42488598823547363,-0.20341035723686218,0.8816221952438354,0.4410713016986847,0.577069878578186,0.5083231329917908,0.5267159342765808,0.45838627219200134,0.42441290616989136,-0.21097184717655182,0.8737723231315613,0.4400959014892578,0.5718239545822144,0.5106948018074036,0.5191713571548462,0.460509717464447,0.4304036796092987,-0.17961670458316803,0.8401089906692505,0.44927945733070374,0.61297208070755,0.15319512784481049,0.9998258352279663,0.40499556064605713,0.6080346703529358,-0.15331926941871643,0.9998446702957153,0.5189774036407471,0.6835644245147705,0.06553778052330017,0.9410768747329712,0.36464449763298035,0.7081970572471619,-0.3007289171218872,0.9910800457000732,0.4688057005405426,0.7825133800506592,0.09703706204891205,0.9704535603523254,0.19359607994556427,0.7647912502288818,-0.2567981779575348,0.9928226470947266,0.4469805955886841,0.797594428062439,0.0944882407784462,0.9383955001831055,0.15910722315311432,0.7613592743873596,-0.2613653838634491,0.9210322499275208,0.5458354353904724,0.8006881475448608,0.019266167655587196,0.9698602557182312,0.20319624245166779,0.8068943023681641,-0.4009192883968353,0.9877769351005554
IMG_9669 3,47,1553,good,0.5028944611549377,0.4633939862251282,-0.038594309240579605,0.9999600052833557,0.49971839785575867,0.4544389843940735,-0.008144456893205643,0.9999542236328125,0.49936625361442566,0.45398950576782227,-0.008192149922251701,0.9999322891235352,0.4987731873989105,0.4535159170627594,-0.008249611593782902,0.999946117401123,0.49591341614723206,0.45468783378601074,-0.049190107733011246,0.9999505281448364,0.4929892122745514,0.45447811484336853,-0.04927615076303482,0.9999470710754395,0.4894673526287079,0.4541969299316406,-0.04929529130458832,0.9999546408653259,0.4799072742462158,0.4555310904979706,0.14575086534023285,0.9998790621757507,0.4687001705169678,0.45628055930137634,-0.11642849445343018,0.9999595880508423,0.4986388683319092,0.47052517533302307,0.0196364875882864,0.9998445510864258,0.4945800304412842,0.47115933895111084,-0.029331492260098457,0.9998409748077393,0.4477207362651825,0.4949210286140442,0.2921275496482849,0.9995103478431702,0.4335740804672241,0.4947284758090973,-0.24412494897842407,0.9997994899749756,0.5296387672424316,0.508567214012146,0.434586763381958,0.44433388113975525,0.5374288558959961,0.498714417219162,-0.30250057578086853,0.9832892417907715,0.49028468132019043,0.453474760055542,0.48770633339881897,0.5143205523490906,0.5081722140312195,0.44020968675613403,-0.094504214823246,0.9412009119987488,0.47444915771484375,0.43659403920173645,0.4984690845012665,0.4816552400588989,0.4965904951095581,0.427887499332428,-0.10584061592817307,0.8863008618354797,0.46361011266708374,0.43589523434638977,0.5109162926673889,0.49054259061813354,0.4872697591781616,0.427076131105423,-0.11773579567670822,0.8785146474838257,0.46998023986816406,0.44567620754241943,0.4876543879508972,0.4850011169910431,0.4888770282268524,0.43180012702941895,-0.09355176240205765,0.8445382118225098,0.4473486840724945,0.6235368847846985,0.157198965549469,0.9998363256454468,0.40335655212402344,0.6200641989707947,-0.15730510652065277,0.9998436570167542,0.5188890099525452,0.6863635182380676,0.055067166686058044,0.942143976688385,0.3631843030452728,0.7202093005180359,-0.24841062724590302,0.9913956522941589,0.47111785411834717,0.7830345034599304,0.07053232938051224,0.9716435670852661,0.19141118228435516,0.7651863098144531,-0.16189907491207123,0.9930270910263062,0.44902437925338745,0.7977809906005859,0.06769531220197678,0.941053032875061,0.1573689579963684,0.7617778182029724,-0.15520340204238892,0.9244197010993958,0.5454691648483276,0.8009475469589233,-0.002613386604934931,0.9708673357963562,0.19674290716648102,0.8069223761558533,-0.2400776892900467,0.9879794120788574
IMG_9669 3,48,1586,good,0.5133854746818542,0.47563809156417847,-0.010700853541493416,0.9999622106552124,0.5095807909965515,0.4659649729728699,0.0165362861007452,0.9999565482139587,0.509068489074707,0.465555340051651,0.016555827111005783,0.9999366402626038,0.5084009170532227,0.4651005268096924,0.016497105360031128,0.999949038028717,0.5060415863990784,0.46605122089385986,-0.03906981647014618,0.9999537467956543,0.502944827079773,0.46575015783309937,-0.039167650043964386,0.9999511241912842,0.49861326813697815,0.46529293060302734,-0.03921065479516983,0.9999577403068542,0.48904186487197876,0.4664878249168396,0.14831006526947021,0.9998869299888611,0.47619667649269104,0.4665599763393402,-0.11357292532920837,0.9999630451202393,0.5077394247055054,0.48268917202949524,0.04056157171726227,0.9998498558998108,0.5041936039924622,0.4834319055080414,-0.03179648518562317,0.9998484253883362,0.4481174051761627,0.5082236528396606,0.3171653747558594,0.9995021820068359,0.4425765573978424,0.5056703090667725,-0.25642454624176025,0.9998015761375427,0.5476757884025574,0.5100730061531067,0.42071792483329773,0.4462709128856659,0.5350932478904724,0.5359258651733398,-0.21249546110630035,0.9829400777816772,0.5393093824386597,0.45565688610076904,0.45648983120918274,0.4998605251312256,0.542670726776123,0.5169878602027893,0.14758946001529694,0.9338561296463013,0.5313112139701843,0.44228824973106384,0.46237751841545105,0.4554155170917511,0.5463788509368896,0.5094484686851501,0.1661619246006012,0.8727594614028931,0.5238184928894043,0.4414498507976532,0.46352478861808777,0.4631590247154236,0.5348894000053406,0.5058135390281677,0.15321984887123108,0.8643428087234497,0.524837851524353,0.44803372025489807,0.44836321473121643,0.45969873666763306,0.5289089679718018,0.5090823769569397,0.1548732966184616,0.8279777765274048,0.44220393896102905,0.6337631940841675,0.1729162484407425,0.999845564365387,0.4017930030822754,0.6296135783195496,-0.1730937659740448,0.9998328685760498,0.5237976312637329,0.6898550391197205,0.02275674231350422,0.9447523355484009,0.3622611165046692,0.7270748615264893,-0.20745117962360382,0.9916725158691406,0.48094528913497925,0.7890956997871399,-0.01702822372317314,0.9730803966522217,0.1906803399324417,0.7661840915679932,-0.07256170362234116,0.9931467175483704,0.45402446389198303,0.8040866851806641,-0.02553866244852543,0.9447606205940247,0.15994194149971008,0.7627770900726318,-0.0584140345454216,0.9276906847953796,0.5469720363616943,0.8079730868339539,-0.09954957664012909,0.9724390506744385,0.1963466852903366,0.8099839091300964,-0.11765466630458832,0.9880111813545227
IMG_9669 3,49,1620,good,0.5156833529472351,0.48349353671073914,0.011729471385478973,0.9999477863311768,0.5107597708702087,0.47476091980934143,0.032929860055446625,0.9999371767044067,0.5101936459541321,0.4744606018066406,0.032820988446474075,0.999917209148407,0.5095296502113342,0.47414258122444153,0.03273734450340271,0.9999331831932068,0.5073351860046387,0.4744415581226349,-0.022021878510713577,0.9999249577522278,0.5042269229888916,0.473978191614151,-0.022134149447083473,0.9999280571937561,0.500721275806427,0.4735102653503418,-0.02220776677131653,0.9999344348907471,0.4908033013343811,0.47582462430000305,0.1404113471508026,0.9998476505279541,0.4809721112251282,0.4753085970878601,-0.1100299134850502,0.9999433159828186,0.5109860301017761,0.49108561873435974,0.05496767535805702,0.9998111724853516,0.5069936513900757,0.49155938625335693,-0.016536716371774673,0.9997861981391907,0.4489031136035919,0.5215460062026978,0.3024071455001831,0.9994929432868958,0.4498443603515625,0.5118395090103149,-0.24625235795974731,0.9998039603233337,0.526517391204834,0.5779078602790833,0.33647042512893677,0.4136960506439209,0.5553561449050903,0.5419072508811951,-0.2326889932155609,0.9831126928329468,0.5252349972724915,0.582011342048645,0.2282102406024933,0.4665609896183014,0.5879695415496826,0.49196508526802063,0.014583705924451351,0.9380465149879456,0.5255393981933594,0.5830374956130981,0.21762315928936005,0.425515353679657,0.5854151844978333,0.4845154583454132,0.0015655147144570947,0.8818780183792114,0.5209172964096069,0.5756349563598633,0.21060705184936523,0.43297630548477173,0.5780840516090393,0.48308777809143066,-0.0010267653269693255,0.8738378286361694,0.5180898904800415,0.5754637718200684,0.21818450093269348,0.4304460883140564,0.5775337219238281,0.48500216007232666,0.020650044083595276,0.8388087153434753,0.4334409534931183,0.6425734162330627,0.16462817788124084,0.99985271692276,0.39814257621765137,0.6367250680923462,-0.16475680470466614,0.9998354315757751,0.5205615162849426,0.6961427927017212,0.11761151999235153,0.9345237016677856,0.364274263381958,0.7337861657142639,-0.18722641468048096,0.9919440150260925,0.48376843333244324,0.7910587191581726,0.1815837025642395,0.972549319267273,0.18887744843959808,0.767419159412384,-0.07707536220550537,0.9930180907249451,0.45610642433166504,0.8060357570648193,0.1850987821817398,0.9453176856040955,0.15608879923820496,0.7638024091720581,-0.06732252240180969,0.9287708401679993,0.5526306629180908,0.8086556196212769,0.1283181756734848,0.9720836877822876,0.20358727872371674,0.8111818432807922,-0.14591388404369354,0.9873733520507812
IMG_9669 3,50,1653,good,0.5212924480438232,0.49500271677970886,-0.01796538569033146,0.9998593926429749,0.5162796378135681,0.48579156398773193,0.0318186953663826,0.9997981190681458,0.5150075554847717,0.48535385727882385,0.031135128811001778,0.9997859597206116,0.5135222673416138,0.4848458766937256,0.030712636187672615,0.9998074173927307,0.5139529705047607,0.48552536964416504,-0.04689697176218033,0.9997521042823792,0.5110803842544556,0.4850013554096222,-0.04715961962938309,0.9997965693473816,0.5080595016479492,0.4844663441181183,-0.04732133448123932,0.9997941255569458,0.4931931793689728,0.48549142479896545,0.0784740075469017,0.9995973110198975,0.48772940039634705,0.4853934347629547,-0.17212709784507751,0.9998373985290527,0.5144246220588684,0.5026127099990845,0.03735131770372391,0.9995763301849365,0.5110334753990173,0.5027013421058655,-0.049084220081567764,0.9994903802871704,0.4492341876029968,0.5318607687950134,0.24948857724666595,0.9993634223937988,0.45607230067253113,0.5245368480682373,-0.30908170342445374,0.9998038411140442,0.5203344225883484,0.5911279916763306,0.28646549582481384,0.37818020582199097,0.5688121914863586,0.563406229019165,-0.26327958703041077,0.983485221862793,0.5186201333999634,0.6004366278648376,0.19485285878181458,0.42752036452293396,0.6208603382110596,0.5158248543739319,-0.01891879178583622,0.9413205981254578,0.5178043842315674,0.6020235419273376,0.1892717480659485,0.3916063904762268,0.6289102435112,0.4985031485557556,-0.03361855447292328,0.889472484588623,0.514962911605835,0.5947180986404419,0.1761103719472885,0.3985706865787506,0.6180529594421387,0.49374091625213623,-0.027189364656805992,0.8817301392555237,0.51419597864151,0.5945286154747009,0.18335863947868347,0.3969382047653198,0.614563524723053,0.5000365376472473,-0.009035306982696056,0.8477300405502319,0.43228787183761597,0.6526203751564026,0.16285638511180878,0.9998390078544617,0.3954688608646393,0.651516318321228,-0.16292643547058105,0.9998257756233215,0.5262777209281921,0.6956683993339539,0.2300957590341568,0.9215031862258911,0.36413827538490295,0.748363733291626,-0.1820984184741974,0.992158055305481,0.4896189868450165,0.7904210090637207,0.38093486428260803,0.970856785774231,0.18887914717197418,0.7696845531463623,0.004775800742208958,0.9927544593811035,0.4574744701385498,0.8056105375289917,0.394686222076416,0.9442110657691956,0.15854674577713013,0.7644070386886597,0.025967322289943695,0.9303497076034546,0.5565511584281921,0.816280722618103,0.37205034494400024,0.9698976278305054,0.20364420115947723,0.8169608116149902,-0.021105367690324783,0.9861913323402405
IMG_9669 3,51,1686,good,0.5263966917991638,0.5036904811859131,-0.06429830938577652,0.9997735619544983,0.5228226780891418,0.49353501200675964,-0.03974587842822075,0.9996592402458191,0.521769106388092,0.4930456280708313,-0.040101002901792526,0.9996761083602905,0.5204244256019592,0.49249979853630066,-0.04036875441670418,0.9997056722640991,0.5197704434394836,0.4933568835258484,-0.10422137379646301,0.999557614326477,0.5166516900062561,0.492816686630249,-0.10432898998260498,0.9996351003646851,0.5133324265480042,0.49225372076034546,-0.10442380607128143,0.9995986819267273,0.49925854802131653,0.49301281571388245,0.053870655596256256,0.9994100332260132,0.4916509985923767,0.4930990934371948,-0.20296017825603485,0.9996054768562317,0.519496738910675,0.5111573934555054,-0.018223538994789124,0.999318540096283,0.5151864886283875,0.510951042175293,-0.09830480813980103,0.9989988803863525,0.45841842889785767,0.5391974449157715,0.23701396584510803,0.9993212223052979,0.4592880606651306,0.5342055559158325,-0.3361670672893524,0.9997713565826416,0.5155398845672607,0.6014624238014221,0.32442301511764526,0.3490610718727112,0.5688406825065613,0.583334743976593,-0.34990620613098145,0.984510600566864,0.5151873230934143,0.6217148303985596,0.2880724370479584,0.4015064537525177,0.6439783573150635,0.5424221754074097,-0.1965334564447403,0.9464183449745178,0.5137795805931091,0.6239230632781982,0.2856360077857971,0.37053900957107544,0.6608420610427856,0.5281804800033569,-0.24572917819023132,0.8992027640342712,0.5126469135284424,0.616973340511322,0.2708004415035248,0.37709710001945496,0.6486520767211914,0.5227466821670532,-0.21896709501743317,0.8920490741729736,0.5136592388153076,0.6162026524543762,0.276818186044693,0.3758728802204132,0.6395158767700195,0.5268673896789551,-0.18301348388195038,0.8598993420600891,0.432170569896698,0.6598252058029175,0.16555258631706238,0.9998416900634766,0.3907893896102905,0.6609921455383301,-0.16553325951099396,0.9998066425323486,0.5377897620201111,0.6930369734764099,0.051500268280506134,0.9198842644691467,0.36347463726997375,0.7665022015571594,-0.20823965966701508,0.9921191334724426,0.4901081323623657,0.7899432182312012,0.22603368759155273,0.971221923828125,0.18922705948352814,0.7705453038215637,0.10156473517417908,0.9921440482139587,0.4537547528743744,0.8039522767066956,0.23602117598056793,0.9470666646957397,0.15908066928386688,0.7642538547515869,0.13753904402256012,0.9320222735404968,0.5378116965293884,0.8151054382324219,0.17702282965183258,0.9704251885414124,0.19173943996429443,0.8162798881530762,0.09501008689403534,0.9843400716781616
IMG_9669 3,52,1719,good,0.5300905704498291,0.5130735039710999,-0.05902346968650818,0.9997278451919556,0.5248410105705261,0.5021668076515198,-0.03842092305421829,0.9995997548103333,0.5233177542686462,0.5015453696250916,-0.038800351321697235,0.9996331930160522,0.5215636491775513,0.5008849501609802,-0.039084259420633316,0.9996642470359802,0.5230136513710022,0.5022162795066833,-0.10037126392126083,0.999473512172699,0.5204189419746399,0.5017366409301758,-0.10042964667081833,0.9995614290237427,0.5175952911376953,0.5012666583061218,-0.10049329698085785,0.9995229244232178,0.49986234307289124,0.5013695955276489,0.06197477877140045,0.9993427395820618,0.49604684114456177,0.5021561980247498,-0.1877041459083557,0.999533474445343,0.5226438641548157,0.5200015902519226,-0.016083447262644768,0.9991516470909119,0.5189118385314941,0.5194635987281799,-0.09126123785972595,0.9987273812294006,0.45127132534980774,0.5433788895606995,0.22761228680610657,0.9992682933807373,0.4681117534637451,0.5436113476753235,-0.3287114202976227,0.9997779130935669,0.4540307819843292,0.608993649482727,0.317886620759964,0.3181627690792084,0.5634200572967529,0.6004484295845032,-0.35211217403411865,0.9857844114303589,0.45073384046554565,0.6442907452583313,0.30112016201019287,0.3657532334327698,0.659146785736084,0.5703334212303162,-0.1871897280216217,0.9509089589118958,0.4487350583076477,0.6507649421691895,0.30696287751197815,0.33850887417793274,0.6804113984107971,0.5568822622299194,-0.22623884677886963,0.9075973629951477,0.45340046286582947,0.6477517485618591,0.2787683606147766,0.34431782364845276,0.6723909378051758,0.5506311058998108,-0.20500169694423676,0.9009444117546082,0.4559127390384674,0.6455608010292053,0.2855812609195709,0.34385189414024353,0.6643588542938232,0.5546599626541138,-0.17526260018348694,0.8702638745307922,0.42834001779556274,0.6643484830856323,0.16700749099254608,0.9998400211334229,0.3859982192516327,0.6659770011901855,-0.16703146696090698,0.999798595905304,0.5414849519729614,0.6926496028900146,0.09681836515665054,0.9163298010826111,0.3624694347381592,0.7751259803771973,-0.20407840609550476,0.9922367930412292,0.4894440174102783,0.7901359796524048,0.2584230303764343,0.9710630178451538,0.18981483578681946,0.7709450125694275,0.11298134922981262,0.9913915991783142,0.45379406213760376,0.8040134906768799,0.2720392346382141,0.9482938647270203,0.16072121262550354,0.7638532519340515,0.14772003889083862,0.9319565892219543,0.5324569940567017,0.8141522407531738,0.2269895374774933,0.9704844355583191,0.1898481547832489,0.8158435821533203,0.11036867648363113,0.9824843406677246
IMG_9669 3,53,1752,good,0.5315824747085571,0.521902322769165,-0.08931080251932144,0.9996685981750488,0.5275693535804749,0.5112952589988708,-0.0678831934928894,0.9995158910751343,0.5263031721115112,0.51059490442276,-0.0681048259139061,0.9995590448379517,0.5246932506561279,0.5098071694374084,-0.06830722838640213,0.9996009469032288,0.5253356695175171,0.5113753080368042,-0.12575936317443848,0.9993855357170105,0.5227097272872925,0.5108339190483093,-0.1258781999349594,0.9994712471961975,0.519777774810791,0.510242760181427,-0.1259731948375702,0.9994386434555054,0.5021454691886902,0.5096756219863892,0.0350659042596817,0.9992106556892395,0.49852949380874634,0.5107925534248352,-0.22024647891521454,0.9994543194770813,0.5245395302772522,0.5288926959037781,-0.046839818358421326,0.9989148378372192,0.5207111239433289,0.5284960865974426,-0.12214282155036926,0.9984266757965088,0.4483451545238495,0.5523399114608765,0.2126520574092865,0.9991866946220398,0.4724639058113098,0.5544066429138184,-0.3584884703159332,0.9997842907905579,0.43732762336730957,0.6185145378112793,0.33040156960487366,0.2889147996902466,0.5577651262283325,0.6204062700271606,-0.38847026228904724,0.9869157671928406,0.43730607628822327,0.6547878384590149,0.35598820447921753,0.3340016305446625,0.6645553708076477,0.601098895072937,-0.23546947538852692,0.9550589323043823,0.4359923005104065,0.6614131927490234,0.3778832256793976,0.31115928292274475,0.6904325485229492,0.5926342010498047,-0.2790212333202362,0.9154086709022522,0.4411187171936035,0.6582299470901489,0.33684444427490234,0.31618034839630127,0.6864297389984131,0.5834982395172119,-0.24922075867652893,0.9092603921890259,0.4435509741306305,0.6559680104255676,0.3383222818374634,0.316510945558548,0.6777993440628052,0.5872877240180969,-0.22097641229629517,0.8799712657928467,0.42216140031814575,0.6706556677818298,0.17185544967651367,0.9998312592506409,0.3830932676792145,0.6736133694648743,-0.17192254960536957,0.999779999256134,0.5496088862419128,0.6920725703239441,0.1477585881948471,0.9071260690689087,0.3617088198661804,0.7844288945198059,-0.19255387783050537,0.9919508099555969,0.49167847633361816,0.7899324297904968,0.3240126371383667,0.9696739315986633,0.19011759757995605,0.7712366580963135,0.15262164175510406,0.9907453656196594,0.45959314703941345,0.80393385887146,0.3405449390411377,0.948297381401062,0.16151948273181915,0.7633265256881714,0.19158019125461578,0.9321889281272888,0.5333771109580994,0.8213990330696106,0.30415886640548706,0.9693701267242432,0.18443527817726135,0.8156381249427795,0.16003455221652985,0.9807560443878174
IMG_9669 3,54,1785,good,0.5354194641113281,0.5304708480834961,-0.13703136146068573,0.9996498823165894,0.5312078595161438,0.5190843939781189,-0.11579445004463196,0.9994800090789795,0.5297431945800781,0.5183451771736145,-0.1159728467464447,0.9995269179344177,0.5279713869094849,0.517519474029541,-0.11615492403507233,0.9995689988136292,0.5292816758155823,0.5194804072380066,-0.16977602243423462,0.9993590116500854,0.5267672538757324,0.519120991230011,-0.16988930106163025,0.9994434118270874,0.5240011215209961,0.5187397599220276,-0.16998374462127686,0.9994140267372131,0.5051031708717346,0.5179205536842346,-0.010047823190689087,0.9991416931152344,0.5031129717826843,0.5197758078575134,-0.2543242275714874,0.9994373321533203,0.528261125087738,0.5378724336624146,-0.09305597096681595,0.9987748265266418,0.5247408747673035,0.5375420451164246,-0.16461807489395142,0.9983256459236145,0.4473259747028351,0.5585371255874634,0.18150700628757477,0.9991380572319031,0.48103615641593933,0.563789963722229,-0.3817899823188782,0.9997968077659607,0.4322201609611511,0.6251533627510071,0.3202342689037323,0.26265236735343933,0.5508548021316528,0.6353049874305725,-0.40742629766464233,0.9879084229469299,0.4321480989456177,0.664400041103363,0.3678090572357178,0.3054141700267792,0.6650428175926208,0.6317128539085388,-0.2645575702190399,0.9585719108581543,0.43118205666542053,0.6716799736022949,0.3939909040927887,0.2867566645145416,0.6960618495941162,0.6259588599205017,-0.3067668080329895,0.9222031831741333,0.4360673725605011,0.6693295836448669,0.35549357533454895,0.2909218370914459,0.6949090957641602,0.6175596714019775,-0.2779860496520996,0.9165043234825134,0.43825381994247437,0.6667826175689697,0.3524222671985626,0.29199308156967163,0.68453449010849,0.618659257888794,-0.2503763437271118,0.8882938623428345,0.4131357967853546,0.6744763851165771,0.17246754467487335,0.9998171329498291,0.3823273777961731,0.6773520112037659,-0.17259027063846588,0.9997671246528625,0.5495417714118958,0.6932076811790466,0.23607772588729858,0.893687903881073,0.3624928593635559,0.7872176766395569,-0.19495990872383118,0.9917739629745483,0.49116724729537964,0.7942830324172974,0.43021324276924133,0.9674334526062012,0.19168372452259064,0.7729707360267639,0.10479319095611572,0.9903120398521423,0.459457129240036,0.8054668307304382,0.44818708300590515,0.9471602439880371,0.1624220758676529,0.7635184526443481,0.13989441096782684,0.933174192905426,0.5346667766571045,0.8252255320549011,0.4293271005153656,0.9671456813812256,0.1843366026878357,0.8153571486473083,0.11227086931467056,0.9796338677406311
IMG_9669 3,55,1818,good,0.5384621024131775,0.5393353700637817,-0.11670983582735062,0.9996698498725891,0.5349910855293274,0.527907133102417,-0.09567424654960632,0.9995072484016418,0.533447265625,0.5271307229995728,-0.09581933915615082,0.9995523691177368,0.5315132141113281,0.526220440864563,-0.09597121924161911,0.9995906949043274,0.5331155061721802,0.5282509326934814,-0.14774498343467712,0.9993960857391357,0.5305259823799133,0.5278245806694031,-0.14785538613796234,0.9994744062423706,0.5276480317115784,0.5273200273513794,-0.14795701205730438,0.9994493722915649,0.5075581669807434,0.5263301730155945,0.0041796742007136345,0.9991825819015503,0.5061829090118408,0.5280161499977112,-0.2312294840812683,0.999472439289093,0.5310019254684448,0.5466603636741638,-0.0745384618639946,0.9988216161727905,0.5274734497070312,0.5463517904281616,-0.14370356500148773,0.9984244704246521,0.44099920988082886,0.5644965767860413,0.18335816264152527,0.9991602301597595,0.4873139560222626,0.5732370615005493,-0.3548108637332916,0.9998141527175903,0.41313058137893677,0.6253368854522705,0.29978641867637634,0.23949381709098816,0.5437561869621277,0.6457661986351013,-0.38023608922958374,0.9886506795883179,0.42548272013664246,0.6738802790641785,0.36466267704963684,0.28056737780570984,0.6568244695663452,0.6552470326423645,-0.23303988575935364,0.961581289768219,0.42370113730430603,0.6803709864616394,0.3846644461154938,0.2657439410686493,0.69008868932724,0.6571996808052063,-0.26940983533859253,0.928318977355957,0.42931288480758667,0.6792137026786804,0.3503240942955017,0.2690317630767822,0.6958907246589661,0.648655891418457,-0.2466324120759964,0.923065721988678,0.4319744408130646,0.6770350933074951,0.3493559956550598,0.27077293395996094,0.6849055290222168,0.6471849083900452,-0.22064557671546936,0.8959571123123169,0.4056161344051361,0.6794983744621277,0.1702153980731964,0.9998040795326233,0.3823525011539459,0.684511125087738,-0.1702900379896164,0.9997714757919312,0.5485301613807678,0.693321168422699,0.24144357442855835,0.8824684023857117,0.3654804229736328,0.7923112511634827,-0.21466104686260223,0.9917002320289612,0.49153369665145874,0.7937725782394409,0.42966392636299133,0.9660385251045227,0.1937553584575653,0.7736173868179321,0.062335409224033356,0.9902948141098022,0.4656250476837158,0.8052324056625366,0.4465213119983673,0.9469977021217346,0.16313213109970093,0.7634457945823669,0.08511676639318466,0.9355161786079407,0.5402418375015259,0.823132336139679,0.43574976921081543,0.9657348990440369,0.18308430910110474,0.8151763081550598,0.0401199534535408,0.9796343445777893
IMG_9669 3,56,1851,good,0.5428404211997986,0.5445253849029541,-0.10565556585788727,0.9997010231018066,0.5394399762153625,0.5335536003112793,-0.08343430608510971,0.9995533227920532,0.5379278063774109,0.5329355001449585,-0.08356548845767975,0.9995942711830139,0.5360646843910217,0.5321993827819824,-0.08370272815227509,0.9996286630630493,0.537933886051178,0.5339087247848511,-0.135548934340477,0.9994529485702515,0.5355168581008911,0.5336247086524963,-0.13565237820148468,0.9995236396789551,0.5328614711761475,0.5332574248313904,-0.13574251532554626,0.9995012879371643,0.513192892074585,0.5323953032493591,0.0199531652033329,0.9992577433586121,0.5121843218803406,0.5340951085090637,-0.21580618619918823,0.9995222091674805,0.5354357957839966,0.552152156829834,-0.06152910366654396,0.9989273548126221,0.5323055386543274,0.5517874956130981,-0.1307048201560974,0.998572051525116,0.44056078791618347,0.5695511698722839,0.19682829082012177,0.9992250204086304,0.49065259099006653,0.5786105990409851,-0.3413119316101074,0.9998319745063782,0.421246737241745,0.6425129771232605,0.29115042090415955,0.22050094604492188,0.5395218133926392,0.6523271799087524,-0.36891743540763855,0.9893319010734558,0.43678760528564453,0.6836593747138977,0.32986995577812195,0.2634561359882355,0.6516562104225159,0.6745912432670593,-0.2495409995317459,0.9644801020622253,0.4361080229282379,0.6877978444099426,0.36176028847694397,0.25319769978523254,0.6839460134506226,0.6818985342979431,-0.29092681407928467,0.934110701084137,0.44156429171562195,0.6868770122528076,0.3200490474700928,0.2554733157157898,0.6906611323356628,0.6753023266792297,-0.25869670510292053,0.9292840361595154,0.4435981810092926,0.685516893863678,0.31514114141464233,0.25780805945396423,0.6788051724433899,0.6723210215568542,-0.2344614863395691,0.9034615755081177,0.3987221121788025,0.6847835183143616,0.16868546605110168,0.9998008608818054,0.3824707865715027,0.6899756193161011,-0.1687549352645874,0.9997857213020325,0.5456922054290771,0.6930788159370422,0.26796892285346985,0.8667972683906555,0.37048593163490295,0.7937857508659363,-0.24441245198249817,0.9917978644371033,0.4924326539039612,0.7936849594116211,0.4508424401283264,0.9641842246055603,0.19503489136695862,0.7748066782951355,-0.02196543477475643,0.9904801249504089,0.4702257215976715,0.8048139214515686,0.46738022565841675,0.9468545317649841,0.1637338101863861,0.7635551691055298,0.00397725123912096,0.9389967322349548,0.5472241044044495,0.8106033205986023,0.465823233127594,0.9639965295791626,0.18200036883354187,0.81504887342453,-0.005827366374433041,0.9801058173179626
IMG_9669 3,57,1884,good,0.5466334223747253,0.5474314093589783,-0.13337117433547974,0.9997302293777466,0.5419374704360962,0.5371282696723938,-0.10788605362176895,0.9995967149734497,0.5405590534210205,0.5366784930229187,-0.10796860605478287,0.9996336102485657,0.5388603806495667,0.5361853837966919,-0.10805334150791168,0.9996645450592041,0.5398576259613037,0.5374996662139893,-0.16026939451694489,0.9995065331459045,0.5370597839355469,0.5373509526252747,-0.1603815108537674,0.9995700716972351,0.5339597463607788,0.5371414422988892,-0.16049018502235413,0.9995501041412354,0.516497790813446,0.5373866558074951,0.007366036996245384,0.9993292689323425,0.5134714841842651,0.5387352108955383,-0.23015324771404266,0.9995689392089844,0.539798378944397,0.5556504130363464,-0.08601808547973633,0.9990295171737671,0.5362499356269836,0.5551866292953491,-0.1555705964565277,0.9987102746963501,0.4412540793418884,0.5753088593482971,0.19641901552677155,0.9992797374725342,0.4924171268939972,0.5844654440879822,-0.3551056683063507,0.9998481273651123,0.4301212728023529,0.6504479050636292,0.2659302055835724,0.20305123925209045,0.5391708612442017,0.6619518995285034,-0.38049638271331787,0.9897179007530212,0.4421164095401764,0.691077709197998,0.2829955518245697,0.2454259842634201,0.6479857563972473,0.6954209208488464,-0.28624168038368225,0.9665472507476807,0.4404197931289673,0.6942708492279053,0.3140956163406372,0.23853182792663574,0.6778172850608826,0.7048990726470947,-0.3316608965396881,0.9386504888534546,0.4462243616580963,0.6932987570762634,0.2760528028011322,0.24002304673194885,0.6849263310432434,0.6988468766212463,-0.2948125898838043,0.934080183506012,0.4484751522541046,0.6926261782646179,0.26923689246177673,0.24281783401966095,0.6731806397438049,0.6958020329475403,-0.27027514576911926,0.9087849259376526,0.3973968029022217,0.688877284526825,0.16772916913032532,0.9997972846031189,0.3824586272239685,0.6932150721549988,-0.16785989701747894,0.9997973442077637,0.5438228845596313,0.690872073173523,0.2615179419517517,0.8478039503097534,0.3712005019187927,0.7921725511550903,-0.20876595377922058,0.9915724992752075,0.49988019466400146,0.7889453768730164,0.36628562211990356,0.9627770185470581,0.1967739462852478,0.7751650810241699,-0.01933036744594574,0.990293562412262,0.4828639328479767,0.8027575612068176,0.37846818566322327,0.9479038715362549,0.16750843822956085,0.76363205909729,0.0043462044559419155,0.941782534122467,0.5614102482795715,0.8025169372558594,0.3601051867008209,0.9635552763938904,0.18267688155174255,0.8149524927139282,0.00809198897331953,0.9800801873207092
IMG_9669 3,58,1917,good,0.5517585277557373,0.552668571472168,-0.1417526751756668,0.9997566938400269,0.5455139875411987,0.5422171354293823,-0.11770576983690262,0.9996360540390015,0.5438799858093262,0.5416392683982849,-0.11779097467660904,0.9996692538261414,0.5419591069221497,0.5410574674606323,-0.11788547039031982,0.9996970295906067,0.5437305569648743,0.5429016947746277,-0.16756117343902588,0.9995549321174622,0.5410652756690979,0.542884111404419,-0.16765685379505157,0.9996120929718018,0.5381947159767151,0.5428367257118225,-0.167754128575325,0.9995942115783691,0.5194664597511292,0.542913019657135,-0.005495082121342421,0.9993940591812134,0.5179165601730347,0.5445940494537354,-0.23188771307468414,0.9996111392974854,0.5448523759841919,0.5606882572174072,-0.09559141099452972,0.999121904373169,0.5418795943260193,0.5605425238609314,-0.1618611365556717,0.9988355040550232,0.4420301020145416,0.5798547863960266,0.18821772933006287,0.9993340373039246,0.4990302622318268,0.5907323360443115,-0.35483959317207336,0.9998627305030823,0.434169739484787,0.6550999879837036,0.2528225779533386,0.18710023164749146,0.5399354696273804,0.669965386390686,-0.3760097324848175,0.9897673726081848,0.45687252283096313,0.6988340616226196,0.27571752667427063,0.23167693614959717,0.6422456502914429,0.7158709168434143,-0.2797451317310333,0.9682012796401978,0.4616435170173645,0.7022173404693604,0.3067365884780884,0.22831174731254578,0.669463574886322,0.7254135608673096,-0.322752982378006,0.9424950480461121,0.46927645802497864,0.7019242644309998,0.26818421483039856,0.22907103598117828,0.6764614582061768,0.7203723192214966,-0.2883932888507843,0.9381614327430725,0.46948060393333435,0.7012749314308167,0.2615109086036682,0.23229974508285522,0.6669303178787231,0.7179876565933228,-0.2648175358772278,0.9135361313819885,0.3915225565433502,0.6898243427276611,0.16539183259010315,0.9997918605804443,0.3818013370037079,0.6956066489219666,-0.16569213569164276,0.9998098611831665,0.5397860407829285,0.6950964331626892,0.3022145926952362,0.8269880414009094,0.3728750944137573,0.7999506592750549,-0.22116149961948395,0.9916334748268127,0.4987182021141052,0.788959264755249,0.41631191968917847,0.9604381918907166,0.19821302592754364,0.7752422094345093,-0.04201306775212288,0.9903351664543152,0.48105716705322266,0.8025171160697937,0.42763859033584595,0.947353184223175,0.17083506286144257,0.7635743021965027,-0.01763150840997696,0.9451101422309875,0.5590716600418091,0.8032069206237793,0.43943312764167786,0.9614415764808655,0.18181093037128448,0.8134844899177551,-0.008156748488545418,0.9803427457809448
IMG_9669 3,59,1950,good,0.5553348660469055,0.5569424629211426,-0.150019571185112,0.9997802376747131,0.5477917790412903,0.5466888546943665,-0.12649379670619965,0.9996708631515503,0.5462694764137268,0.5461536645889282,-0.126561239361763,0.9997007846832275,0.544514536857605,0.5456215739250183,-0.12664777040481567,0.9997257590293884,0.5460132956504822,0.5472955107688904,-0.17599214613437653,0.99959796667099,0.543495774269104,0.5472498536109924,-0.17608174681663513,0.9996494054794312,0.5407536625862122,0.5471811294555664,-0.17617985606193542,0.9996333718299866,0.5223873853683472,0.5481857061386108,-0.013134974986314774,0.9994514584541321,0.5208758115768433,0.5497473478317261,-0.2369236946105957,0.9996484518051147,0.5488200187683105,0.5649422407150269,-0.10318449139595032,0.9992033243179321,0.5458298325538635,0.5648546814918518,-0.16871345043182373,0.9989469647407532,0.4466235637664795,0.5861594080924988,0.1817387491464615,0.9993743896484375,0.5049644708633423,0.5968519449234009,-0.3559747338294983,0.9998749494552612,0.45139554142951965,0.660862386226654,0.23760642111301422,0.17409788072109222,0.5401976704597473,0.6763583421707153,-0.373789519071579,0.9884937405586243,0.49161726236343384,0.7086760997772217,0.25559815764427185,0.21850965917110443,0.6412414312362671,0.7274850010871887,-0.2714848220348358,0.9670626521110535,0.4939659833908081,0.7103632092475891,0.2856956720352173,0.2169642597436905,0.6630779504776001,0.7381891012191772,-0.31293219327926636,0.9428123235702515,0.5046572089195251,0.7131661772727966,0.24677948653697968,0.21737009286880493,0.6660940647125244,0.7360793352127075,-0.2802775204181671,0.9383640289306641,0.5030043125152588,0.7126657962799072,0.24068495631217957,0.22097598016262054,0.658046305179596,0.733017086982727,-0.25724807381629944,0.9127307534217834,0.3892965614795685,0.6928972005844116,0.16407589614391327,0.999757707118988,0.38288143277168274,0.6991370916366577,-0.16446952521800995,0.9998096823692322,0.5408817529678345,0.6982803344726562,0.27400365471839905,0.8032009601593018,0.3750939965248108,0.7985458970069885,-0.2242714911699295,0.9913422465324402,0.4970376491546631,0.7901744246482849,0.3900173306465149,0.956812858581543,0.1983594298362732,0.7752021551132202,-0.07383445650339127,0.9903226494789124,0.4796005189418793,0.8027157783508301,0.40079960227012634,0.9453303813934326,0.1727810651063919,0.7635984420776367,-0.054070353507995605,0.9480212330818176,0.5552257895469666,0.8036887049674988,0.40263134241104126,0.9575681686401367,0.18233811855316162,0.8135560750961304,-0.06780529022216797,0.9804249405860901
IMG_9669 3,60,1983,good,0.5589272975921631,0.5590733885765076,-0.08804500848054886,0.9998006820678711,0.5505679845809937,0.5483974814414978,-0.07385846227407455,0.9997007846832275,0.548677921295166,0.5477455854415894,-0.07393437623977661,0.999728262424469,0.5465795397758484,0.5471920967102051,-0.07401132583618164,0.999751091003418,0.5497391223907471,0.5490968227386475,-0.12357432395219803,0.9996352791786194,0.5475283265113831,0.5489510893821716,-0.12365370988845825,0.9996814727783203,0.545075535774231,0.5488395690917969,-0.12376502901315689,0.9996672868728638,0.5243304371833801,0.5495831966400146,-0.0013827529037371278,0.999503493309021,0.5252318978309631,0.5515093207359314,-0.23176482319831848,0.9996810555458069,0.5516417622566223,0.5664806365966797,-0.057465650141239166,0.9992772340774536,0.5494469404220581,0.5666372179985046,-0.12348268181085587,0.9990474581718445,0.446770042181015,0.5872441530227661,0.17346744239330292,0.9994217753410339,0.5117014646530151,0.6045503616333008,-0.3474988043308258,0.9998868107795715,0.4478144645690918,0.6597582101821899,0.2405257374048233,0.15989947319030762,0.5394217371940613,0.6842159032821655,-0.3394244313240051,0.9871198534965515,0.4757770597934723,0.7028684616088867,0.2797030806541443,0.20132505893707275,0.6262040138244629,0.7387406826019287,-0.22378817200660706,0.9620799422264099,0.4760175347328186,0.7060065865516663,0.333800733089447,0.20138835906982422,0.6498847007751465,0.7498939037322998,-0.2583485245704651,0.9388492703437805,0.4840238690376282,0.7070752382278442,0.30065423250198364,0.2014220952987671,0.6578140258789062,0.7479174137115479,-0.22365956008434296,0.9336759448051453,0.48514991998672485,0.7065358757972717,0.2751810848712921,0.20509278774261475,0.6507928371429443,0.7454382181167603,-0.2089841365814209,0.9058758616447449,0.3837009072303772,0.6932161450386047,0.15814882516860962,0.9997566938400269,0.3836517035961151,0.7024867534637451,-0.15846021473407745,0.9998204708099365,0.538689136505127,0.6979885101318359,0.30845504999160767,0.7788462042808533,0.37415239214897156,0.8026450276374817,-0.18353939056396484,0.9912546873092651,0.4983605146408081,0.7864610552787781,0.43615061044692993,0.9543218016624451,0.1985446661710739,0.7753123641014099,-0.05964084342122078,0.9906120300292969,0.47837647795677185,0.8020523190498352,0.4480339288711548,0.9446786046028137,0.17451350390911102,0.7636279463768005,-0.05304308235645294,0.9512603282928467,0.5551621317863464,0.8039522171020508,0.45716574788093567,0.9556214213371277,0.1816777139902115,0.8132048845291138,-0.03855731338262558,0.9810132384300232
IMG_9669 3,61,2016,good,0.5620298981666565,0.5583180785179138,-0.07135843485593796,0.9998197555541992,0.5544688701629639,0.548200249671936,-0.056728545576334,0.9997290372848511,0.5527518391609192,0.5479298233985901,-0.05680778995156288,0.9997539520263672,0.5508143305778503,0.5477056503295898,-0.05687902495265007,0.9997748136520386,0.5534670948982239,0.5486276149749756,-0.10638445615768433,0.9996702075004578,0.551267683506012,0.5486202239990234,-0.10647734999656677,0.9997116923332214,0.5487919449806213,0.5485880374908447,-0.10659786313772202,0.9996991753578186,0.5283056497573853,0.550517737865448,0.005192539654672146,0.99955153465271,0.5289856195449829,0.5517078042030334,-0.21755100786685944,0.9997116327285767,0.5550103187561035,0.5659564733505249,-0.04021097719669342,0.999346137046814,0.5529133677482605,0.5658303499221802,-0.10610891878604889,0.9991399049758911,0.451773464679718,0.5879092216491699,0.17829541862010956,0.9994663596153259,0.5128924250602722,0.6049863696098328,-0.3377237021923065,0.9998977184295654,0.4452584683895111,0.6543464064598083,0.25151968002319336,0.14691676199436188,0.5395658016204834,0.6850079894065857,-0.33313682675361633,0.9870295524597168,0.45722144842147827,0.6950627565383911,0.3092860281467438,0.18486666679382324,0.6151707172393799,0.7451021671295166,-0.20943570137023926,0.959648609161377,0.4539032280445099,0.6991910934448242,0.3550947308540344,0.18608807027339935,0.6367162466049194,0.7580413222312927,-0.24227382242679596,0.9371697902679443,0.4596245586872101,0.699639081954956,0.3238145709037781,0.18583019077777863,0.6474366188049316,0.7576174139976501,-0.2117060273885727,0.9315840601921082,0.4623793661594391,0.6990000605583191,0.3033434748649597,0.1895035207271576,0.638112485408783,0.7539117336273193,-0.19572052359580994,0.9025439620018005,0.3855637013912201,0.6953384876251221,0.15672071278095245,0.9997499585151672,0.38072291016578674,0.7009400129318237,-0.15699073672294617,0.9998286962509155,0.5341053605079651,0.6997891068458557,0.28115248680114746,0.754612922668457,0.3737452030181885,0.8010467886924744,-0.17744234204292297,0.9909355640411377,0.4977376163005829,0.7861253619194031,0.3984677195549011,0.9509378671646118,0.1988888531923294,0.7752828001976013,-0.046854328364133835,0.9906737208366394,0.4780259430408478,0.801037609577179,0.40930256247520447,0.9434823393821716,0.17443856596946716,0.763467013835907,-0.031864892691373825,0.9535277485847473,0.5548166632652283,0.8034636378288269,0.40477773547172546,0.9539119005203247,0.18205203115940094,0.8132073879241943,-0.05268106982111931,0.9813572764396667
IMG_9669 3,62,2049,good,0.5665922164916992,0.5545536279678345,-0.08034701645374298,0.9998360276222229,0.5582543015480042,0.5449881553649902,-0.06092159077525139,0.999752402305603,0.556688666343689,0.544830858707428,-0.061010707169771194,0.9997754693031311,0.5549595355987549,0.5447099804878235,-0.06112213805317879,0.9997948408126831,0.5566824078559875,0.5454763174057007,-0.10763495415449142,0.9996996521949768,0.5542881488800049,0.5456370115280151,-0.10773824900388718,0.9997369647026062,0.5516824722290039,0.5457803606987,-0.10780110210180283,0.999725878238678,0.5327611565589905,0.54872727394104,0.006994277238845825,0.9995925426483154,0.5318637490272522,0.549723207950592,-0.2290680706501007,0.999737024307251,0.5614393949508667,0.5627385973930359,-0.04186413809657097,0.9994052052497864,0.5589234828948975,0.5626171827316284,-0.10967203974723816,0.9992206692695618,0.4627913236618042,0.5885246992111206,0.1731434315443039,0.9995018243789673,0.5159541964530945,0.6048581004142761,-0.34793055057525635,0.9999070763587952,0.46197277307510376,0.6587812304496765,0.22828811407089233,0.13680315017700195,0.5393999814987183,0.6845142841339111,-0.35575956106185913,0.9851893782615662,0.4900178015232086,0.7084833383560181,0.2547391355037689,0.17444223165512085,0.6038097143173218,0.7474494576454163,-0.25497597455978394,0.957452118396759,0.49481964111328125,0.7119019627571106,0.2886776328086853,0.1775996834039688,0.6228744983673096,0.7611212134361267,-0.29641586542129517,0.9359713196754456,0.5001435875892639,0.7176610827445984,0.24757283926010132,0.17727155983448029,0.634281575679779,0.7580363154411316,-0.26140978932380676,0.929957389831543,0.49859482049942017,0.7170137166976929,0.24018365144729614,0.18140682578086853,0.6264795064926147,0.7539157867431641,-0.2408931851387024,0.8995331525802612,0.3885781466960907,0.6962023377418518,0.15655547380447388,0.9997404217720032,0.37812721729278564,0.7005488872528076,-0.15679509937763214,0.9998354911804199,0.5341005325317383,0.7008565664291382,0.31045740842819214,0.7397278547286987,0.37136611342430115,0.7993211150169373,-0.18201391398906708,0.991046130657196,0.4955296218395233,0.7819122076034546,0.4465562403202057,0.9490935206413269,0.19810470938682556,0.7753683924674988,-0.04248659685254097,0.9908974170684814,0.47428086400032043,0.7998194694519043,0.45919269323349,0.9422860741615295,0.17327328026294708,0.7638363838195801,-0.029165390878915787,0.9557552337646484,0.547290027141571,0.8022981286048889,0.463175892829895,0.9526482820510864,0.18224847316741943,0.8132721781730652,-0.04999704286456108,0.9817530512809753
IMG_9669 3,63,2082,good,0.5687317848205566,0.5538708567619324,-0.06255077570676804,0.9998517036437988,0.5617179274559021,0.5443052053451538,-0.046674393117427826,0.9997753500938416,0.5601832270622253,0.5441297292709351,-0.04676651954650879,0.9997963309288025,0.5583984851837158,0.54397052526474,-0.046836692839860916,0.9998140931129456,0.5602033138275146,0.5447303056716919,-0.09833822399377823,0.9997280240058899,0.5578339695930481,0.5448122024536133,-0.09842459112405777,0.9997615218162537,0.5552090406417847,0.5448508262634277,-0.0985400602221489,0.9997518062591553,0.5352234244346619,0.5474866628646851,0.023702677339315414,0.999631404876709,0.5353903770446777,0.548376739025116,-0.2195962518453598,0.9997619390487671,0.5627793669700623,0.5618252158164978,-0.028469840064644814,0.9994621276855469,0.560592770576477,0.5616939663887024,-0.09844689071178436,0.9992967247962952,0.46180403232574463,0.5852850079536438,0.17425931990146637,0.9995435476303101,0.5196592211723328,0.6011568903923035,-0.3461051285266876,0.9999160170555115,0.46999266743659973,0.6571201086044312,0.22679929435253143,0.12924575805664062,0.5405042767524719,0.6790740489959717,-0.3529568612575531,0.9833196401596069,0.5106807947158813,0.7097406387329102,0.23473504185676575,0.16876518726348877,0.5986644625663757,0.7441838979721069,-0.253208726644516,0.9553515911102295,0.5201572179794312,0.7133572697639465,0.2633175849914551,0.17411068081855774,0.618682861328125,0.7593668103218079,-0.2909837067127228,0.9351985454559326,0.5258274674415588,0.7165515422821045,0.22214123606681824,0.17352476716041565,0.6271303296089172,0.7574493885040283,-0.26040464639663696,0.9288679957389832,0.5223870873451233,0.7163127064704895,0.21855837106704712,0.17803743481636047,0.6189932227134705,0.7527682781219482,-0.2401716113090515,0.897983968257904,0.38585060834884644,0.6924242377281189,0.15635281801223755,0.9997334480285645,0.3784773647785187,0.6991690397262573,-0.15658418834209442,0.999843955039978,0.5336808562278748,0.7015128135681152,0.33194535970687866,0.7239719033241272,0.37123072147369385,0.7977551817893982,-0.18831183016300201,0.9913464784622192,0.4953821897506714,0.7817585468292236,0.4766276478767395,0.9461989998817444,0.19699162244796753,0.7754527926445007,-0.04879472032189369,0.9911814332008362,0.4722641408443451,0.7998746037483215,0.48990732431411743,0.9400668740272522,0.17031143605709076,0.7639994621276855,-0.03115161880850792,0.9582313895225525,0.5472318530082703,0.8019095063209534,0.5013324022293091,0.949970006942749,0.1820100098848343,0.8130592107772827,-0.052300963550806046,0.9822548627853394
IMG_9669 3,64,2115,good,0.5677943825721741,0.5513712167739868,-0.06462065130472183,0.999864935874939,0.560662031173706,0.5417774319648743,-0.04855379834771156,0.9997940063476562,0.5592204928398132,0.5415919423103333,-0.04864322394132614,0.9998136758804321,0.5575499534606934,0.5414164066314697,-0.048707589507102966,0.9998303055763245,0.5590378046035767,0.5421493649482727,-0.0994303748011589,0.9997512698173523,0.5566456317901611,0.5421902537345886,-0.09950542449951172,0.9997815489768982,0.5539875030517578,0.5421873927116394,-0.09962525218725204,0.9997732043266296,0.5351713299751282,0.544763445854187,0.02678043022751808,0.9996651411056519,0.5346117615699768,0.5456448793411255,-0.2083020806312561,0.9997823238372803,0.5619589686393738,0.5593255758285522,-0.030249860137701035,0.9995105862617493,0.5597681999206543,0.559183657169342,-0.09836409240961075,0.9993626475334167,0.46403515338897705,0.5840075016021729,0.17692162096500397,0.9995700716972351,0.5220562219619751,0.5980891585350037,-0.32618969678878784,0.9999234080314636,0.4724150598049164,0.6562302708625793,0.2117053121328354,0.12081748247146606,0.5436712503433228,0.6773768067359924,-0.34296098351478577,0.9809172749519348,0.502746045589447,0.7082918286323547,0.23183782398700714,0.1588800996541977,0.6008731126785278,0.7401763796806335,-0.2520517408847809,0.9517641067504883,0.507939875125885,0.7110688090324402,0.262433797121048,0.16534526646137238,0.6214812397956848,0.7551760077476501,-0.29500612616539,0.9324829578399658,0.5132659673690796,0.7136449217796326,0.2232031375169754,0.16444464027881622,0.6289554238319397,0.7538825869560242,-0.25890249013900757,0.9254579544067383,0.5120196342468262,0.7135469317436218,0.2173207551240921,0.16898106038570404,0.620849072933197,0.749529242515564,-0.23806655406951904,0.8932445645332336,0.3854994773864746,0.6906229257583618,0.15023401379585266,0.9997069239616394,0.38285398483276367,0.6975880861282349,-0.15036913752555847,0.9998431205749512,0.5351714491844177,0.7013928294181824,0.3008624017238617,0.7109428644180298,0.36964336037635803,0.7948063015937805,-0.16809436678886414,0.9913902878761292,0.495273619890213,0.7819604277610779,0.4388023316860199,0.943825364112854,0.19451729953289032,0.7753450274467468,-0.023133939132094383,0.9915646314620972,0.47096338868141174,0.7991205453872681,0.4515138268470764,0.9385482668876648,0.1670868694782257,0.7640143036842346,-0.007258949801325798,0.9605687856674194,0.5479662418365479,0.8016861081123352,0.45152613520622253,0.9476203918457031,0.18158769607543945,0.8128249049186707,-0.04799560829997063,0.9828494787216187
IMG_9669 3,65,2149,good,0.5681816935539246,0.5500592589378357,-0.04006272926926613,0.9998766183853149,0.561526358127594,0.5402828454971313,-0.023641444742679596,0.9998112320899963,0.5601903200149536,0.5399966835975647,-0.023720145225524902,0.9998295903205872,0.5586564540863037,0.5397361516952515,-0.023786073550581932,0.9998452067375183,0.5597232580184937,0.5407955646514893,-0.07345838844776154,0.9997723698616028,0.5572212934494019,0.5408299565315247,-0.07353552430868149,0.9997994899749756,0.5544201135635376,0.5408119559288025,-0.07365352660417557,0.9997925758361816,0.5365729928016663,0.5427843928337097,0.053307924419641495,0.9996958374977112,0.5349549055099487,0.5437585711479187,-0.17289240658283234,0.9998005628585815,0.5620458126068115,0.5579237341880798,-0.006503602489829063,0.9995532035827637,0.5597084760665894,0.5577892661094666,-0.07268664240837097,0.9994199872016907,0.46634751558303833,0.5819811820983887,0.19953171908855438,0.9995860457420349,0.5223029851913452,0.5957916378974915,-0.2985047996044159,0.9999297261238098,0.47168663144111633,0.653938889503479,0.22754345834255219,0.11216758191585541,0.5464463233947754,0.6720214486122131,-0.30698108673095703,0.9786726832389832,0.49671342968940735,0.7064631581306458,0.251807302236557,0.14885979890823364,0.6021100282669067,0.732296884059906,-0.19568771123886108,0.9481427669525146,0.5005574226379395,0.7101242542266846,0.2793528437614441,0.15623481571674347,0.6230841875076294,0.745042085647583,-0.23224127292633057,0.9296122193336487,0.5054150819778442,0.7117998003959656,0.24257102608680725,0.15500104427337646,0.6293147206306458,0.7429595589637756,-0.19366681575775146,0.9217853546142578,0.5047905445098877,0.7112486958503723,0.2377331256866455,0.15952710807323456,0.6211335062980652,0.7395079135894775,-0.1799095869064331,0.8879602551460266,0.3869035243988037,0.6896640062332153,0.14889319241046906,0.999694287776947,0.3828992545604706,0.695923924446106,-0.1490425169467926,0.9998399615287781,0.5383657813072205,0.6977470517158508,0.23332427442073822,0.7081467509269714,0.3657509386539459,0.7946825623512268,-0.1429365575313568,0.9914588332176208,0.4965795576572418,0.7822964191436768,0.30451878905296326,0.944374144077301,0.19025878608226776,0.7750037908554077,-0.010895405896008015,0.9918504357337952,0.4708910286426544,0.79912269115448,0.31064146757125854,0.9400234222412109,0.16439932584762573,0.7639385461807251,0.005009300075471401,0.9624596238136292,0.5497156977653503,0.8016156554222107,0.3018769323825836,0.9486504793167114,0.18138253688812256,0.8127755522727966,-0.03424205631017685,0.9833305478096008
IMG_9669 3,66,2182,good,0.5680675506591797,0.5438575744628906,-0.05351977422833443,0.9998875260353088,0.5614379644393921,0.5343331098556519,-0.035578012466430664,0.9998273253440857,0.5601716637611389,0.5342704653739929,-0.0356597863137722,0.9998443126678467,0.5586854219436646,0.5342333316802979,-0.03573044762015343,0.9998587369918823,0.5595709681510925,0.5345644950866699,-0.08628442883491516,0.9997921586036682,0.5571045279502869,0.5346388220787048,-0.0863727405667305,0.9998164772987366,0.5543487071990967,0.5347176194190979,-0.08648978918790817,0.9998106360435486,0.5371569395065308,0.5379888415336609,0.050453558564186096,0.9997231960296631,0.5353512763977051,0.5389090180397034,-0.1798391044139862,0.9998179078102112,0.5619330406188965,0.5523391366004944,-0.017020417377352715,0.9995917677879333,0.5593724846839905,0.5521814823150635,-0.08434001356363297,0.9994723200798035,0.46684855222702026,0.5774123072624207,0.20730212330818176,0.9995976090431213,0.5202797651290894,0.5881645083427429,-0.3058890998363495,0.9999356269836426,0.46987974643707275,0.651858925819397,0.23449702560901642,0.10390614718198776,0.5465024709701538,0.6679489016532898,-0.3129933178424835,0.9783254265785217,0.49211588501930237,0.7010517120361328,0.23636700212955475,0.1391202211380005,0.6160193085670471,0.7232260704040527,-0.1851944476366043,0.9472975134849548,0.49463868141174316,0.7044695615768433,0.2604563534259796,0.14741402864456177,0.6375657320022583,0.7347573637962341,-0.22139780223369598,0.9295337200164795,0.4973914325237274,0.7059552669525146,0.22350366413593292,0.14593487977981567,0.6472502946853638,0.7332271337509155,-0.18607833981513977,0.9215576648712158,0.49766799807548523,0.7054978013038635,0.22134128212928772,0.15045519173145294,0.6376078128814697,0.7293981909751892,-0.16969609260559082,0.8872856497764587,0.3893071711063385,0.6860864162445068,0.14915502071380615,0.9996599555015564,0.38439515233039856,0.6912201046943665,-0.14924868941307068,0.9998345375061035,0.5433884859085083,0.6928804516792297,0.23708346486091614,0.7141602039337158,0.36321568489074707,0.7895243167877197,-0.15811790525913239,0.9917318224906921,0.500419020652771,0.7800592184066772,0.3416532874107361,0.9460117816925049,0.1855050027370453,0.7744638919830322,-0.020117642357945442,0.9922999739646912,0.4739920198917389,0.799054741859436,0.35081416368484497,0.9415885210037231,0.16006965935230255,0.7636513113975525,-0.004680624231696129,0.9643064141273499,0.5534763932228088,0.8018065690994263,0.3426447808742523,0.950008749961853,0.18038791418075562,0.81267249584198,-0.060634441673755646,0.9840778708457947
IMG_9669 3,67,2215,good,0.5685122013092041,0.5325728058815002,-0.058435093611478806,0.9998971223831177,0.5618422627449036,0.5234623551368713,-0.03892749920487404,0.999841570854187,0.5606763958930969,0.5235361456871033,-0.039008669555187225,0.9998570680618286,0.5592877864837646,0.5237032771110535,-0.0390879325568676,0.9998704195022583,0.5597630143165588,0.5239217281341553,-0.09020022302865982,0.9998100996017456,0.5572561621665955,0.5242329239845276,-0.09029880166053772,0.9998319745063782,0.5544737577438354,0.5246070623397827,-0.0904242992401123,0.9998270869255066,0.5385487675666809,0.5287265181541443,0.05402716249227524,0.9997461438179016,0.5357906818389893,0.5297852754592896,-0.17898182570934296,0.9998335838317871,0.5631903409957886,0.5413210391998291,-0.020079512149095535,0.9996245503425598,0.5604223608970642,0.5414862036705017,-0.08807472139596939,0.9995185732841492,0.4731100797653198,0.5700803995132446,0.22078806161880493,0.9996017813682556,0.5202053785324097,0.5762404799461365,-0.309407114982605,0.9999412298202515,0.45154839754104614,0.6289703249931335,0.2555390000343323,0.09651513397693634,0.5461907386779785,0.6515909433364868,-0.31995514035224915,0.9795555472373962,0.4624456465244293,0.6789060235023499,0.24828562140464783,0.12922920286655426,0.6293609142303467,0.7092078328132629,-0.19180546700954437,0.9486652612686157,0.45810943841934204,0.6844190955162048,0.2715500295162201,0.1377229243516922,0.6544198393821716,0.7254021763801575,-0.22763311862945557,0.9313431978225708,0.4625667333602905,0.684385359287262,0.23694650828838348,0.13607795536518097,0.6649031639099121,0.7217605710029602,-0.19722551107406616,0.9235994219779968,0.4657505452632904,0.68324214220047,0.23386825621128082,0.14043885469436646,0.6545698046684265,0.7168562412261963,-0.17744989693164825,0.889193058013916,0.3972325623035431,0.6790208220481873,0.15861409902572632,0.9996041655540466,0.38920706510543823,0.6809608340263367,-0.15872980654239655,0.9998284578323364,0.5515618920326233,0.6929648518562317,0.24164697527885437,0.7203595638275146,0.3632822632789612,0.7820567488670349,-0.22251443564891815,0.9918763041496277,0.49993008375167847,0.7802983522415161,0.40297892689704895,0.9466130137443542,0.18432439863681793,0.7733772397041321,-0.09144149720668793,0.9925517439842224,0.47378644347190857,0.7988783121109009,0.4166513681411743,0.9415523409843445,0.15639427304267883,0.7636599540710449,-0.07689942419528961,0.9649284482002258,0.5555288791656494,0.8023974895477295,0.39981022477149963,0.9498375654220581,0.17952987551689148,0.8125847578048706,-0.15004229545593262,0.9844143390655518
IMG_9669 3,68,2248,good,0.5692875981330872,0.5240026116371155,0.013532929122447968,0.9999048709869385,0.5621525049209595,0.5154109597206116,0.02536015957593918,0.9998525977134705,0.5607632398605347,0.5154516100883484,0.025284625589847565,0.9998675584793091,0.559136688709259,0.5155578851699829,0.025183385238051414,0.9998799562454224,0.5609580874443054,0.5159258842468262,-0.025735292583703995,0.999823272228241,0.5589113235473633,0.5162540674209595,-0.025813328102231026,0.9998434782028198,0.5566076636314392,0.5166211724281311,-0.025965692475438118,0.9998389482498169,0.5386784672737122,0.5204778909683228,0.08069206029176712,0.9997659921646118,0.5390788316726685,0.5219195485115051,-0.15073584020137787,0.9998451471328735,0.5637199282646179,0.532437801361084,0.03871877118945122,0.9996523857116699,0.5620098114013672,0.5325936079025269,-0.029190970584750175,0.9995585083961487,0.4733659625053406,0.5630167126655579,0.2287367582321167,0.9996110796928406,0.5216080546379089,0.5673453211784363,-0.3030719757080078,0.9999459385871887,0.4462820291519165,0.6227999329566956,0.2670234441757202,0.09019887447357178,0.5477740168571472,0.6418847441673279,-0.3108844757080078,0.9808568954467773,0.4652319848537445,0.6768826842308044,0.25819361209869385,0.12280016392469406,0.6441262364387512,0.6929225921630859,-0.18593743443489075,0.9518705010414124,0.4626692831516266,0.6815566420555115,0.27736198902130127,0.13193991780281067,0.6673727035522461,0.7066679000854492,-0.22132110595703125,0.9354949593544006,0.4664430022239685,0.6815993785858154,0.24387110769748688,0.12991425395011902,0.6779924631118774,0.7020276784896851,-0.1881706863641739,0.928118109703064,0.467887818813324,0.6803863048553467,0.2431621104478836,0.13406045734882355,0.6692695617675781,0.6968993544578552,-0.17082583904266357,0.8946627974510193,0.4012082517147064,0.6741358637809753,0.16115279495716095,0.9996020793914795,0.39690759778022766,0.6755198240280151,-0.16132232546806335,0.9998308420181274,0.5522328019142151,0.6936947107315063,0.23388157784938812,0.7273566126823425,0.3626151382923126,0.7748090028762817,-0.2250656634569168,0.9920986890792847,0.4982747435569763,0.784633994102478,0.39983734488487244,0.9487264156341553,0.18012604117393494,0.7731199860572815,-0.11069031804800034,0.9929428696632385,0.4718417525291443,0.8021766543388367,0.41332536935806274,0.9435496926307678,0.15195205807685852,0.7643570899963379,-0.09790151566267014,0.9664869904518127,0.5554068088531494,0.8055470585823059,0.3979024589061737,0.9508013725280762,0.18081659078598022,0.8126435875892639,-0.17436519265174866,0.9849185347557068
IMG_9669 3,69,2281,good,0.5715535879135132,0.5138816833496094,-0.015894534066319466,0.9999120235443115,0.5638220906257629,0.5054354667663574,-0.0012746050488203764,0.9998623132705688,0.5622472763061523,0.5055065751075745,-0.0013608080334961414,0.999876856803894,0.5604257583618164,0.5056658387184143,-0.0014587180921807885,0.99988853931427,0.5630736947059631,0.5059168934822083,-0.05441977456212044,0.9998354315757751,0.5611433982849121,0.5062710046768188,-0.05450095236301422,0.9998541474342346,0.5589553117752075,0.506690263748169,-0.05463840067386627,0.9998500943183899,0.5399587154388428,0.5110974311828613,0.06852137297391891,0.9997836947441101,0.5414949655532837,0.5123426914215088,-0.16927921772003174,0.9998561143875122,0.5664509534835815,0.522246778011322,0.015077412128448486,0.9996798038482666,0.565101683139801,0.5222555994987488,-0.055374566465616226,0.9995969533920288,0.48141518235206604,0.5558462142944336,0.22405926883220673,0.9996308088302612,0.522969663143158,0.5593878626823425,-0.325173020362854,0.9999507069587708,0.45881396532058716,0.6243340969085693,0.28578439354896545,0.08671457320451736,0.549650251865387,0.6324643492698669,-0.3376252353191376,0.9822334051132202,0.47739580273628235,0.6718935370445251,0.2869303524494171,0.11998295038938522,0.6526558995246887,0.6760830283164978,-0.23744744062423706,0.9555008411407471,0.4758955240249634,0.6760514378547668,0.30726879835128784,0.13017325103282928,0.6781947016716003,0.6873512268066406,-0.28290802240371704,0.9401878714561462,0.4818064272403717,0.6753662824630737,0.269308477640152,0.12778069078922272,0.6866831183433533,0.6820710897445679,-0.2488204687833786,0.9332879185676575,0.48434537649154663,0.6740604639053345,0.270984947681427,0.131954625248909,0.6788409352302551,0.6787109971046448,-0.22250321507453918,0.9012336134910583,0.4094528257846832,0.6654133200645447,0.16683486104011536,0.99961918592453,0.40149179100990295,0.6683447360992432,-0.16701094806194305,0.9998404383659363,0.5524364113807678,0.6941552758216858,0.27918869256973267,0.7356644868850708,0.35808131098747253,0.7607490420341492,-0.21733680367469788,0.9924346208572388,0.4981119930744171,0.7857136130332947,0.5009429454803467,0.9515594244003296,0.17816202342510223,0.7725065350532532,-0.08564002811908722,0.9934830069541931,0.47155681252479553,0.8021318912506104,0.5199629664421082,0.9459137320518494,0.14817024767398834,0.7645205855369568,-0.07132181525230408,0.96842360496521,0.5552787780761719,0.8093286156654358,0.4966934621334076,0.9527996778488159,0.1764623373746872,0.8125706315040588,-0.15844133496284485,0.9858790636062622
IMG_9669 3,70,2314,good,0.5732325911521912,0.5048449635505676,-0.023680824786424637,0.9999201893806458,0.5654758214950562,0.4964597523212433,-0.008256889879703522,0.9998747706413269,0.5638896822929382,0.49652737379074097,-0.008347215130925179,0.9998880624771118,0.5620711445808411,0.4966573417186737,-0.00844623614102602,0.9998986721038818,0.5646749138832092,0.4968540072441101,-0.06110017001628876,0.9998503923416138,0.5626847743988037,0.4971369802951813,-0.06117191165685654,0.9998673796653748,0.560404360294342,0.4975076913833618,-0.06128066033124924,0.9998638033866882,0.5416824817657471,0.5021751523017883,0.07112441211938858,0.999803364276886,0.5429136753082275,0.5030092000961304,-0.16742780804634094,0.9998692870140076,0.5689010620117188,0.5132262110710144,0.011579147540032864,0.9997090697288513,0.5671296715736389,0.5131819248199463,-0.05847717821598053,0.9996352195739746,0.48842331767082214,0.5469194650650024,0.24450910091400146,0.9996580481529236,0.525696337223053,0.5498312711715698,-0.30811384320259094,0.9999550580978394,0.4923695921897888,0.6150315403938293,0.3222505450248718,0.08380602300167084,0.55061274766922,0.6214821338653564,-0.2960374057292938,0.9828732013702393,0.5544501543045044,0.6531633138656616,0.31197869777679443,0.12747731804847717,0.6548792719841003,0.6623581051826477,-0.17384344339370728,0.9585053324699402,0.556604266166687,0.6474400758743286,0.3312700390815735,0.14128656685352325,0.6825582385063171,0.6713053584098816,-0.21174466609954834,0.9442768096923828,0.5645424723625183,0.6439250707626343,0.28827595710754395,0.13874074816703796,0.6896388530731201,0.6671003699302673,-0.18179336190223694,0.9377853274345398,0.5652042031288147,0.644870400428772,0.29333630204200745,0.14248184859752655,0.6815763115882874,0.6651839017868042,-0.15918579697608948,0.9071850180625916,0.4149783253669739,0.6579166650772095,0.16667835414409637,0.999634325504303,0.40831300616264343,0.6601242423057556,-0.1667664349079132,0.999846875667572,0.5552077889442444,0.6927586197853088,0.25340303778648376,0.7465375065803528,0.35324904322624207,0.7516897916793823,-0.21939201653003693,0.992763340473175,0.5006139278411865,0.7854858040809631,0.4454471170902252,0.954212486743927,0.1757902204990387,0.7715606093406677,-0.12521374225616455,0.9939255118370056,0.47590169310569763,0.8013482689857483,0.462730348110199,0.9484584331512451,0.14327140152454376,0.7643976807594299,-0.1151571199297905,0.9701070785522461,0.5684535503387451,0.8115047812461853,0.43404385447502136,0.9547865390777588,0.17306570708751678,0.8123747706413269,-0.19740907847881317,0.986678421497345
IMG_9669 3,71,2347,good,0.5742174386978149,0.49531495571136475,0.038759198039770126,0.9999276399612427,0.5657125115394592,0.4870500862598419,0.045912742614746094,0.9998862147331238,0.5641534924507141,0.4871561527252197,0.045828044414520264,0.9998982548713684,0.5623605251312256,0.4873543083667755,0.0457318052649498,0.999907910823822,0.564778745174408,0.48740509152412415,-0.004306959453970194,0.9998642206192017,0.5627740025520325,0.487680584192276,-0.004381255712360144,0.9998795986175537,0.5605185031890869,0.4880357086658478,-0.004526678007096052,0.9998764395713806,0.5428582429885864,0.4927169382572174,0.09704948216676712,0.9998213052749634,0.5436624884605408,0.49342289566993713,-0.12992078065872192,0.9998815655708313,0.5702558159828186,0.5037948489189148,0.0647505596280098,0.9997362494468689,0.5681942105293274,0.5037481188774109,-0.001756939454935491,0.9996704459190369,0.4944233000278473,0.5366279482841492,0.26235976815223694,0.9996820688247681,0.5273403525352478,0.5371498465538025,-0.2848474681377411,0.9999591708183289,0.4904082715511322,0.60626220703125,0.3480716943740845,0.081268809735775,0.5501635670661926,0.6061711311340332,-0.2866455316543579,0.9840471744537354,0.541167676448822,0.640261709690094,0.32138851284980774,0.1364458054304123,0.6499001979827881,0.6450837850570679,-0.1730719655752182,0.9617693424224854,0.5543619990348816,0.6421167254447937,0.336417555809021,0.15396852791309357,0.6798225045204163,0.6537862420082092,-0.2085622102022171,0.948478102684021,0.5564972162246704,0.6410437822341919,0.2926624119281769,0.15094545483589172,0.6869022250175476,0.649212121963501,-0.17895053327083588,0.9424201250076294,0.5551855564117432,0.6401588916778564,0.301252156496048,0.15332365036010742,0.6764758825302124,0.6466518044471741,-0.15827690064907074,0.9133927226066589,0.41634973883628845,0.6507748961448669,0.16634424030780792,0.9996384978294373,0.4152720868587494,0.6527553796768188,-0.16647569835186005,0.9998506307601929,0.554816484451294,0.6929478645324707,0.21051816642284393,0.7610291838645935,0.35086488723754883,0.741421103477478,-0.24802528321743011,0.9932190775871277,0.5002782940864563,0.7855311632156372,0.35078975558280945,0.9568563103675842,0.17231525480747223,0.7716028690338135,-0.19653306901454926,0.9943612813949585,0.47573819756507874,0.801221489906311,0.36095118522644043,0.9508873820304871,0.14169278740882874,0.7672233581542969,-0.19155777990818024,0.9717153310775757,0.5676179528236389,0.8121033310890198,0.32537296414375305,0.9569063186645508,0.1731448620557785,0.8095377683639526,-0.29181021451950073,0.9874654412269592
IMG_9669 3,72,2380,good,0.5773452520370483,0.48683467507362366,0.009675102308392525,0.9999326467514038,0.5693660974502563,0.4785100519657135,0.023798512294888496,0.9998922348022461,0.5679640769958496,0.4784526824951172,0.023759907111525536,0.9999030828475952,0.5663398504257202,0.47847291827201843,0.023729905486106873,0.9999127388000488,0.5681332349777222,0.4787015914916992,-0.018950143828988075,0.9998725652694702,0.566031813621521,0.478731244802475,-0.019119780510663986,0.9998867511749268,0.5636948347091675,0.47886714339256287,-0.019183514639735222,0.999884307384491,0.5476699471473694,0.48257970809936523,0.08364952355623245,0.9998297095298767,0.5473088622093201,0.48338666558265686,-0.13274513185024261,0.9998886585235596,0.5734026432037354,0.49468615651130676,0.03572746738791466,0.9997556209564209,0.5710161328315735,0.49458158016204834,-0.030064744874835014,0.9996989965438843,0.5063231587409973,0.5283007621765137,0.2667062282562256,0.9996923804283142,0.5287586450576782,0.5273668766021729,-0.29618147015571594,0.999962568283081,0.503170907497406,0.5971285700798035,0.37914177775382996,0.08146050572395325,0.5476193428039551,0.5931800603866577,-0.3639850616455078,0.9850415587425232,0.5688663721084595,0.6358581185340881,0.33128196001052856,0.15416337549686432,0.6465122103691101,0.6336554884910583,-0.35113662481307983,0.9649361371994019,0.5634599924087524,0.6416653990745544,0.34103137254714966,0.17574506998062134,0.677305281162262,0.641079306602478,-0.4054267704486847,0.9525620341300964,0.5748971104621887,0.6384017467498779,0.29143407940864563,0.17336788773536682,0.684657096862793,0.6373635530471802,-0.37824827432632446,0.946945071220398,0.5804473757743835,0.6367108821868896,0.30739644169807434,0.17477042973041534,0.6750068068504333,0.6353746652603149,-0.33896604180336,0.9194287657737732,0.4246428608894348,0.6441865563392639,0.1666463315486908,0.9995862245559692,0.4266854524612427,0.6475053429603577,-0.16672693192958832,0.9998416900634766,0.5541229248046875,0.6948128938674927,0.2565235495567322,0.766454815864563,0.34677383303642273,0.7347744107246399,-0.24541321396827698,0.9934794902801514,0.5020924210548401,0.7810619473457336,0.4563581943511963,0.9555533528327942,0.17252685129642487,0.7719395160675049,-0.19855791330337524,0.9946784973144531,0.47693657875061035,0.798137903213501,0.47184836864471436,0.9486764669418335,0.14254257082939148,0.7697585225105286,-0.1958829164505005,0.9724794626235962,0.5679700374603271,0.8111751675605774,0.4370168447494507,0.9549164175987244,0.17627322673797607,0.8111964464187622,-0.31739383935928345,0.9878828525543213
IMG_9669 3,73,2413,good,0.5801926851272583,0.4758474826812744,-0.005584321916103363,0.9999271631240845,0.5716935396194458,0.4681055247783661,0.00970516074448824,0.9998781085014343,0.5702593326568604,0.4680401086807251,0.00966804288327694,0.9998868107795715,0.5686371326446533,0.46811240911483765,0.00963387917727232,0.9999025464057922,0.5706866979598999,0.46852433681488037,-0.02686740644276142,0.9998612999916077,0.5686892867088318,0.46872633695602417,-0.02711520530283451,0.9998736381530762,0.5664793848991394,0.46906089782714844,-0.027092376723885536,0.9998747110366821,0.551827609539032,0.47263801097869873,0.07818955183029175,0.9997958540916443,0.5514076352119446,0.47394347190856934,-0.1617114543914795,0.9998750686645508,0.5767474174499512,0.48385345935821533,0.024502666667103767,0.9997411966323853,0.5745604038238525,0.48391100764274597,-0.04161515086889267,0.999703049659729,0.5121397972106934,0.5168218612670898,0.2659969627857208,0.9996808767318726,0.5311471819877625,0.5165610313415527,-0.32289084792137146,0.9999641180038452,0.4976353943347931,0.5895501375198364,0.3658401072025299,0.07879368960857391,0.5407693386077881,0.5859596729278564,-0.38632601499557495,0.985737144947052,0.5584312677383423,0.6324658989906311,0.3080196678638458,0.15783947706222534,0.6445604562759399,0.6235173940658569,-0.349936842918396,0.9673460125923157,0.5699986815452576,0.6390790343284607,0.30496978759765625,0.18210145831108093,0.6738219857215881,0.6306529641151428,-0.4041898846626282,0.9555249810218811,0.5825290083885193,0.6373758316040039,0.24798719584941864,0.18031184375286102,0.6812561750411987,0.6266506910324097,-0.377395898103714,0.9502335786819458,0.5788655877113342,0.6348364353179932,0.27482491731643677,0.18158771097660065,0.671819269657135,0.6248391270637512,-0.3377878665924072,0.9232544898986816,0.43034136295318604,0.6373440623283386,0.17177559435367584,0.9995189309120178,0.435348778963089,0.6400296092033386,-0.17182469367980957,0.9998114109039307,0.5267605185508728,0.704780101776123,0.2721509337425232,0.7525548338890076,0.3477552831172943,0.7247198224067688,-0.25254571437835693,0.9931502342224121,0.4735410213470459,0.7812781929969788,0.47717347741127014,0.9456472992897034,0.1733332723379135,0.7719805836677551,-0.1892774999141693,0.9944354891777039,0.44765496253967285,0.7960879802703857,0.49280473589897156,0.9377554059028625,0.14384795725345612,0.7698954939842224,-0.18536581099033356,0.9700367450714111,0.5299193263053894,0.8108634948730469,0.45117977261543274,0.9454232454299927,0.1812056005001068,0.8112185001373291,-0.30961036682128906,0.9870110154151917
IMG_9669 3,74,2446,good,0.582502543926239,0.46930992603302,-0.011731063947081566,0.9999192357063293,0.573637068271637,0.461619108915329,0.003748741466552019,0.9998611211776733,0.5721068978309631,0.4614279866218567,0.0037232947070151567,0.9998663663864136,0.570385217666626,0.4612717926502228,0.003709157695993781,0.9998903870582581,0.5727435350418091,0.4619303047657013,-0.039400793612003326,0.9998492002487183,0.5706861615180969,0.4619911015033722,-0.039509303867816925,0.9998586177825928,0.5683928728103638,0.4621557891368866,-0.03956800326704979,0.9998639822006226,0.5534475445747375,0.4648187458515167,0.07559368759393692,0.9997516870498657,0.5534271001815796,0.4662654995918274,-0.18946252763271332,0.9998599886894226,0.5787716507911682,0.47672200202941895,0.01936258375644684,0.9997150897979736,0.5766224265098572,0.4767037034034729,-0.043030302971601486,0.9997006058692932,0.5159680843353271,0.5069149136543274,0.2697129547595978,0.9996741414070129,0.5331819653511047,0.5088933706283569,-0.3444230854511261,0.9999651312828064,0.5009459853172302,0.58077073097229,0.36610591411590576,0.07730432599782944,0.5285921692848206,0.5785262584686279,-0.40153202414512634,0.9861365556716919,0.5812142491340637,0.6142757534980774,0.28852301836013794,0.16520719230175018,0.6306613087654114,0.617780327796936,-0.35744574666023254,0.9692807793617249,0.5880021452903748,0.6239706873893738,0.286129891872406,0.19126513600349426,0.6647930145263672,0.6254050731658936,-0.41030141711235046,0.9578803777694702,0.6153628826141357,0.6157869100570679,0.230611652135849,0.19034267961978912,0.6716744303703308,0.6206921935081482,-0.38587936758995056,0.9528705477714539,0.5939233899116516,0.6131467819213867,0.2562509775161743,0.19079220294952393,0.6611996293067932,0.618494987487793,-0.3457280397415161,0.9260241985321045,0.4370611310005188,0.6295272707939148,0.1785135418176651,0.9994443655014038,0.44075140357017517,0.6318657994270325,-0.1785910278558731,0.9997776746749878,0.5263419151306152,0.7068914175033569,0.26272833347320557,0.738457202911377,0.348483145236969,0.7139692902565002,-0.2952994406223297,0.992501437664032,0.4758547842502594,0.7813786864280701,0.4532794952392578,0.9349610805511475,0.17970703542232513,0.7702818512916565,-0.2571462392807007,0.9937517642974854,0.4507427215576172,0.7955420017242432,0.4676130414009094,0.9253509640693665,0.14894592761993408,0.7683880925178528,-0.25621214509010315,0.9652213454246521,0.5244481563568115,0.8107671737670898,0.42312487959861755,0.9340939521789551,0.18225468695163727,0.810446560382843,-0.3842085301876068,0.9853256344795227
IMG_9669 3,75,2479,good,0.5849485993385315,0.46121037006378174,-0.08434667438268661,0.9999117255210876,0.5760791301727295,0.45321401953697205,-0.06540583819150925,0.999843180179596,0.5746183395385742,0.4530622959136963,-0.06549957394599915,0.9998449087142944,0.5729448199272156,0.4529035687446594,-0.06557798385620117,0.9998745918273926,0.5750274062156677,0.4533332884311676,-0.125666081905365,0.9998387694358826,0.5729317665100098,0.45330414175987244,-0.1257081776857376,0.9998466968536377,0.5705378651618958,0.4533206522464752,-0.12582576274871826,0.9998541474342346,0.5561321973800659,0.4563242197036743,0.0421137697994709,0.9996923208236694,0.5551581978797913,0.4572622776031494,-0.23959994316101074,0.9998496770858765,0.5809251666069031,0.4684959053993225,-0.03636021539568901,0.9996963143348694,0.5787026286125183,0.46822044253349304,-0.11629878729581833,0.9997042417526245,0.5256194472312927,0.500560462474823,0.26456427574157715,0.9996716380119324,0.532835066318512,0.4988068640232086,-0.38603025674819946,0.9999669790267944,0.514056384563446,0.5711217522621155,0.3552815020084381,0.07729770988225937,0.519057035446167,0.5669682025909424,-0.45933786034584045,0.9865248203277588,0.5886651277542114,0.6070851683616638,0.25719690322875977,0.17188093066215515,0.6145060062408447,0.6115713715553284,-0.4426405429840088,0.9704700708389282,0.5990153551101685,0.6157194972038269,0.25183671712875366,0.19778339564800262,0.6391112804412842,0.6199795603752136,-0.505072832107544,0.9588882923126221,0.6263824105262756,0.6111681461334229,0.1949964463710785,0.19827908277511597,0.6524067521095276,0.6153509020805359,-0.48488548398017883,0.9539914131164551,0.6075881123542786,0.6075379252433777,0.2258889228105545,0.1978083997964859,0.6394925713539124,0.612187922000885,-0.43324989080429077,0.9260010719299316,0.4511110782623291,0.6225873231887817,0.18398289382457733,0.9993999004364014,0.44190868735313416,0.6222200393676758,-0.18399561941623688,0.9997690320014954,0.5264033079147339,0.7023051977157593,0.312293142080307,0.7369092702865601,0.35238006711006165,0.7014420032501221,-0.30153775215148926,0.9926908016204834,0.47670885920524597,0.7803522348403931,0.5391064882278442,0.932388186454773,0.19134435057640076,0.7648153901100159,-0.23968222737312317,0.9938138723373413,0.45738711953163147,0.7942737936973572,0.5543015599250793,0.9188467860221863,0.16211943328380585,0.7627170085906982,-0.2384754866361618,0.9621028304100037,0.5267849564552307,0.805626392364502,0.4845965802669525,0.9310272336006165,0.19447365403175354,0.807945728302002,-0.39256685972213745,0.9854018092155457
IMG_9669 3,76,2512,good,0.5862078666687012,0.4535425901412964,-0.14777661859989166,0.9999071955680847,0.5775147080421448,0.44552189111709595,-0.12902376055717468,0.9998300671577454,0.5762611627578735,0.44542384147644043,-0.12909984588623047,0.9998264908790588,0.5747914910316467,0.4453146755695343,-0.1291692554950714,0.9998600482940674,0.5759026408195496,0.4455500543117523,-0.18899783492088318,0.9998328685760498,0.5735863447189331,0.44550296664237976,-0.18904511630535126,0.9998392462730408,0.570939302444458,0.4454684853553772,-0.18916936218738556,0.9998485445976257,0.5576863884925842,0.4487473964691162,-0.013105054385960102,0.9996357560157776,0.554726243019104,0.44944506883621216,-0.28739914298057556,0.9998449087142944,0.5821298360824585,0.4610559046268463,-0.09661854058504105,0.9996904730796814,0.5794553160667419,0.46067312359809875,-0.17622233927249908,0.999714732170105,0.5285930633544922,0.49272945523262024,0.21578560769557953,0.9996612071990967,0.5320180654525757,0.4892764687538147,-0.42272695899009705,0.9999693036079407,0.5082199573516846,0.5600350499153137,0.3404236435890198,0.07477297633886337,0.5090457797050476,0.5565453767776489,-0.5047444701194763,0.9871916174888611,0.5789880156517029,0.605116069316864,0.22891396284103394,0.1683400422334671,0.6023796796798706,0.6053983569145203,-0.49516811966896057,0.9718077182769775,0.5770705938339233,0.6183897256851196,0.2241946905851364,0.193599134683609,0.6244434118270874,0.6153338551521301,-0.5602443814277649,0.9601373076438904,0.5966253876686096,0.6104751825332642,0.16780783236026764,0.19477306306362152,0.6361716389656067,0.61148601770401,-0.5386288166046143,0.9553812146186829,0.5902962684631348,0.6080102920532227,0.1989530622959137,0.1941416710615158,0.6262940764427185,0.6079367399215698,-0.4853406548500061,0.9265884757041931,0.4682290256023407,0.6178020238876343,0.18352892994880676,0.9993836283683777,0.4448317289352417,0.6144603490829468,-0.18357698619365692,0.9997738003730774,0.5229833126068115,0.6987770795822144,0.3432696461677551,0.7402132749557495,0.36121994256973267,0.696269154548645,-0.2797177731990814,0.9930038452148438,0.4827078878879547,0.7791454195976257,0.5981234312057495,0.9320090413093567,0.20598486065864563,0.760748565196991,-0.20638152956962585,0.9940360188484192,0.4616791009902954,0.7919797301292419,0.6158409118652344,0.9152440428733826,0.18131333589553833,0.7591354250907898,-0.19804023206233978,0.9598075747489929,0.5444822311401367,0.801971971988678,0.5385507941246033,0.9305349588394165,0.20343008637428284,0.7994601726531982,-0.3358139991760254,0.9858345985412598
IMG_9669 3,77,2545,good,0.5880194306373596,0.449459046125412,-0.05702237784862518,0.9999019503593445,0.5797358751296997,0.44099774956703186,-0.03984992951154709,0.9998185038566589,0.578228235244751,0.44078823924064636,-0.03990752249956131,0.9998087882995605,0.576513409614563,0.44058656692504883,-0.03995220363140106,0.9998486638069153,0.5783361792564392,0.441012442111969,-0.09995712339878082,0.999825119972229,0.5759708285331726,0.44087836146354675,-0.09996414184570312,0.9998289346694946,0.5733116269111633,0.4407788813114166,-0.1000853180885315,0.9998415112495422,0.5587023496627808,0.4433716833591461,0.05316755548119545,0.9995810389518738,0.5570390224456787,0.4440210461616516,-0.2197531908750534,0.9998362064361572,0.5830109715461731,0.45682546496391296,-0.015397333540022373,0.9996808767318726,0.5804116725921631,0.45646509528160095,-0.09444393217563629,0.9997192025184631,0.5254096984863281,0.4865787625312805,0.24731861054897308,0.9996381998062134,0.5316195487976074,0.48291534185409546,-0.40495195984840393,0.9999710321426392,0.5018401741981506,0.5513840317726135,0.34149855375289917,0.07133767753839493,0.5106668472290039,0.5493326783180237,-0.44940972328186035,0.987946629524231,0.5264338850975037,0.6054730415344238,0.23914235830307007,0.15961475670337677,0.5903395414352417,0.6011444926261902,-0.421114057302475,0.972975492477417,0.5297737121582031,0.6185700297355652,0.23606590926647186,0.18379636108875275,0.6122910976409912,0.6120284795761108,-0.47668546438217163,0.96116703748703,0.5400187969207764,0.6167269945144653,0.18638913333415985,0.18506069481372833,0.6207993626594543,0.6089694499969482,-0.4576224088668823,0.9565402269363403,0.5371017456054688,0.6121119856834412,0.21185289323329926,0.1846487820148468,0.6125274300575256,0.6059713959693909,-0.4118278920650482,0.9272653460502625,0.47040989995002747,0.6090561151504517,0.18177196383476257,0.9993763566017151,0.4544532001018524,0.6072181463241577,-0.18183748424053192,0.9997590780258179,0.5219070911407471,0.6950541138648987,0.18308784067630768,0.7400909662246704,0.3831784427165985,0.6925156116485596,-0.29490333795547485,0.9929266571998596,0.4828379452228546,0.7792477011680603,0.3074728548526764,0.9292873740196228,0.22957198321819305,0.7574054002761841,-0.24784813821315765,0.9938515424728394,0.4644351303577423,0.7923470139503479,0.310716450214386,0.9096156358718872,0.1972365379333496,0.7556444406509399,-0.24835549294948578,0.9552179574966431,0.5581726431846619,0.8047858476638794,0.21853265166282654,0.9288440942764282,0.23003306984901428,0.7964544892311096,-0.3973519802093506,0.9856259226799011
IMG_9669 3,78,2578,good,0.5898265838623047,0.44292381405830383,-0.05360176041722298,0.9999004602432251,0.5815823674201965,0.43433520197868347,-0.03574613109230995,0.9998143315315247,0.5802146792411804,0.4341846704483032,-0.035813089460134506,0.9998003244400024,0.5786242485046387,0.4340595006942749,-0.035844966769218445,0.9998437762260437,0.5797463655471802,0.43426942825317383,-0.09226877987384796,0.9998238682746887,0.577210009098053,0.4341246485710144,-0.09227471798658371,0.9998269081115723,0.5744120478630066,0.4340272545814514,-0.09237631410360336,0.9998418092727661,0.5603958964347839,0.4374314844608307,0.06730783730745316,0.9995487928390503,0.557305634021759,0.43770912289619446,-0.18147483468055725,0.999835729598999,0.5845174789428711,0.450436532497406,-0.008666600100696087,0.9996829628944397,0.5813670754432678,0.4500460624694824,-0.08196215331554413,0.9997310042381287,0.5277570486068726,0.48210790753364563,0.26691651344299316,0.9996298551559448,0.5313361287117004,0.47735515236854553,-0.33461129665374756,0.9999727010726929,0.500985324382782,0.5435512065887451,0.3643724024295807,0.06839701533317566,0.5121439695358276,0.5462052226066589,-0.385754257440567,0.988477349281311,0.5286532640457153,0.5962935090065002,0.26279154419898987,0.15212830901145935,0.5715169310569763,0.596349835395813,-0.35395339131355286,0.9734072685241699,0.5309244394302368,0.6061440706253052,0.24298155307769775,0.17529259622097015,0.5947691798210144,0.6114514470100403,-0.40397003293037415,0.9609236717224121,0.5417565107345581,0.6047220230102539,0.19348299503326416,0.17683108150959015,0.6024513244628906,0.6081206202507019,-0.4121912717819214,0.9562863111495972,0.5401318669319153,0.6035507321357727,0.23368731141090393,0.17646676301956177,0.5922794342041016,0.6036335229873657,-0.35195672512054443,0.9259871244430542,0.475870817899704,0.6030617356300354,0.17694155871868134,0.9993896484375,0.4531305134296417,0.5998419523239136,-0.17687782645225525,0.9997484683990479,0.5211874842643738,0.6912364959716797,0.11349300295114517,0.7471853494644165,0.4047774374485016,0.6877686977386475,-0.31561896204948425,0.9929646253585815,0.48346230387687683,0.7792501449584961,0.20680902898311615,0.9302423000335693,0.24908018112182617,0.7531429529190063,-0.27939528226852417,0.9939020276069641,0.4646194875240326,0.7925856709480286,0.2060815542936325,0.9094484448432922,0.21791385114192963,0.7538630366325378,-0.28250545263290405,0.9535676836967468,0.5572718977928162,0.8018977642059326,0.10172833502292633,0.9310141801834106,0.2563776969909668,0.79499351978302,-0.4360440671443939,0.9861636757850647
IMG_9669 3,79,2611,good,0.5898371934890747,0.4363442361354828,-0.0698484554886818,0.9999035000801086,0.581993579864502,0.428555965423584,-0.050598375499248505,0.9998185634613037,0.5808181762695312,0.4284789264202118,-0.05065334215760231,0.9998013377189636,0.5794355273246765,0.428417831659317,-0.050656940788030624,0.9998449087142944,0.5796753764152527,0.4284047484397888,-0.10245346277952194,0.9998293519020081,0.5769962072372437,0.42828401923179626,-0.10247653722763062,0.9998319149017334,0.574065625667572,0.42817211151123047,-0.10257656127214432,0.9998477101325989,0.561158299446106,0.43198710680007935,0.06668637692928314,0.9995447397232056,0.5566362142562866,0.43215668201446533,-0.17733415961265564,0.9998415112495422,0.5847936272621155,0.44428277015686035,-0.02017850987613201,0.9996944665908813,0.5813789367675781,0.44349926710128784,-0.08733397722244263,0.9997476935386658,0.5297839641571045,0.4769609868526459,0.2628538906574249,0.9996199607849121,0.5311492681503296,0.47010400891304016,-0.3216817080974579,0.9999743700027466,0.5005265474319458,0.5379852056503296,0.35650524497032166,0.06390088051557541,0.5133146047592163,0.5383044481277466,-0.38029786944389343,0.9889577031135559,0.5135646462440491,0.5931866765022278,0.26327165961265564,0.14245647192001343,0.5588358044624329,0.5966827869415283,-0.3477920889854431,0.9732526540756226,0.5108769536018372,0.605410099029541,0.25255152583122253,0.16464436054229736,0.5792014002799988,0.6117438673973083,-0.39628711342811584,0.9597152471542358,0.522433340549469,0.6059938073158264,0.20366711914539337,0.1661185622215271,0.5853879451751709,0.6083796620368958,-0.40877461433410645,0.9548813700675964,0.520857036113739,0.6006351709365845,0.23507069051265717,0.16558745503425598,0.5773058533668518,0.6032698750495911,-0.3466978073120117,0.9232578873634338,0.48242685198783875,0.6008919477462769,0.17219842970371246,0.9994021654129028,0.4573669731616974,0.5963233709335327,-0.17213121056556702,0.9997295141220093,0.5224063396453857,0.6906941533088684,0.07062669843435287,0.7508255243301392,0.4227636158466339,0.6849715709686279,-0.3036557137966156,0.9927657842636108,0.48086678981781006,0.7792472839355469,0.1386718600988388,0.9292892217636108,0.2664783298969269,0.751879870891571,-0.2537773847579956,0.9936475157737732,0.457602858543396,0.7921302914619446,0.1354484260082245,0.9079114198684692,0.2329486459493637,0.7514063715934753,-0.2550356686115265,0.9512599110603333,0.5535338521003723,0.8014076352119446,0.027582678943872452,0.9321724772453308,0.28740763664245605,0.7916104197502136,-0.4000991880893707,0.9863224625587463
IMG_9669 3,80,2644,good,0.5896719694137573,0.43321534991264343,-0.20101402699947357,0.9999111890792847,0.5825023651123047,0.4254947006702423,-0.17078182101249695,0.9998324513435364,0.5819419622421265,0.4254578649997711,-0.17083489894866943,0.9998143911361694,0.5812861323356628,0.4254162609577179,-0.17086727917194366,0.9998539090156555,0.5792099833488464,0.42512866854667664,-0.212837353348732,0.9998431205749512,0.5764062404632568,0.42483851313591003,-0.21288645267486572,0.9998452663421631,0.5737581849098206,0.4245654344558716,-0.21296460926532745,0.9998600482940674,0.5649020075798035,0.42849263548851013,0.0022476708982139826,0.9995618462562561,0.5555110573768616,0.42804694175720215,-0.17888128757476807,0.999854326248169,0.5852593183517456,0.4413142204284668,-0.1308998018503189,0.9997126460075378,0.5808365345001221,0.4406234622001648,-0.18487681448459625,0.9997668266296387,0.5330835580825806,0.4727271795272827,0.2512129843235016,0.9995995163917542,0.5309222936630249,0.46353188157081604,-0.3008360266685486,0.9999754428863525,0.5021329522132874,0.5342287421226501,0.3517990708351135,0.059995137155056,0.5115405321121216,0.5269290804862976,-0.3416678011417389,0.9891444444656372,0.5119556188583374,0.5903113484382629,0.22776445746421814,0.13442373275756836,0.5408437252044678,0.5927782654762268,-0.32156839966773987,0.9712455868721008,0.5124636292457581,0.6064216494560242,0.21308733522891998,0.1555761992931366,0.5530868768692017,0.6091625094413757,-0.36836209893226624,0.9550104737281799,0.5216359496116638,0.6033089756965637,0.16479018330574036,0.15730014443397522,0.5620169043540955,0.6076686382293701,-0.3806440830230713,0.950024425983429,0.5208956599235535,0.5992075204849243,0.19992393255233765,0.15652193129062653,0.5561326742172241,0.6021436452865601,-0.32113534212112427,0.9167071580886841,0.48922017216682434,0.5986124277114868,0.15854991972446442,0.9994007349014282,0.4592532217502594,0.5938460826873779,-0.15848813951015472,0.9997066855430603,0.518072247505188,0.6899131536483765,0.055406603962183,0.7536434531211853,0.4338485300540924,0.6842666864395142,-0.29946404695510864,0.991885244846344,0.47259262204170227,0.7794166803359985,0.12498340010643005,0.9265146851539612,0.28448522090911865,0.7523899674415588,-0.2175401747226715,0.9929283857345581,0.4517771303653717,0.7932358384132385,0.12084516137838364,0.9044945240020752,0.25398460030555725,0.7525662779808044,-0.22089314460754395,0.9474527835845947,0.5431916117668152,0.800977885723114,-0.00019172439351677895,0.9317867755889893,0.30031877756118774,0.7908496856689453,-0.3690239489078522,0.9861475229263306
IMG_9669 3,81,2678,good,0.5901554822921753,0.42956554889678955,-0.19100430607795715,0.999906599521637,0.5836009383201599,0.4218677580356598,-0.16559627652168274,0.9998155236244202,0.5833326578140259,0.42189133167266846,-0.1656474471092224,0.9997857213020325,0.5829392671585083,0.4219337999820709,-0.16568279266357422,0.9998273253440857,0.5794156789779663,0.4213215410709381,-0.21182537078857422,0.9998319149017334,0.576278567314148,0.4209807217121124,-0.21187974512577057,0.9998343586921692,0.5732846856117249,0.4206016957759857,-0.21198710799217224,0.9998510479927063,0.5670005679130554,0.42492765188217163,-0.011378727853298187,0.999441921710968,0.5552709102630615,0.423756867647171,-0.20931658148765564,0.9998432993888855,0.5861152410507202,0.4378151297569275,-0.12720303237438202,0.9996929168701172,0.5805615186691284,0.4372774660587311,-0.18696904182434082,0.9997636079788208,0.5427666902542114,0.4724326431751251,0.2231692373752594,0.999535858631134,0.525236964225769,0.46027079224586487,-0.3115404546260834,0.9999743700027466,0.5161864757537842,0.5341808199882507,0.3364373743534088,0.05803501978516579,0.49706822633743286,0.5237104296684265,-0.3575579822063446,0.9888210296630859,0.5133064985275269,0.591802179813385,0.2302592545747757,0.12980233132839203,0.5215622782707214,0.5900787711143494,-0.3528190851211548,0.9692128300666809,0.5135331153869629,0.608792245388031,0.21998341381549835,0.1495678871870041,0.5303770899772644,0.608759343624115,-0.40173137187957764,0.9508627653121948,0.5275973081588745,0.6073037981987,0.17052555084228516,0.151746928691864,0.5407805442810059,0.6071482300758362,-0.410005122423172,0.9456260204315186,0.5259013772010803,0.6030682921409607,0.20308971405029297,0.15094898641109467,0.5378181338310242,0.6012031435966492,-0.35297614336013794,0.9105277061462402,0.49917879700660706,0.5984099507331848,0.15220384299755096,0.9993571043014526,0.46429988741874695,0.5919389724731445,-0.1521165817975998,0.9996343851089478,0.5119684338569641,0.6888083219528198,0.034662358462810516,0.7394436597824097,0.4392533302307129,0.684013843536377,-0.28603315353393555,0.9887697100639343,0.47398841381073,0.7796939611434937,0.09753957390785217,0.9123443961143494,0.30171310901641846,0.7525213956832886,-0.18404804170131683,0.9899855256080627,0.4483136832714081,0.7934181690216064,0.09297381341457367,0.8925262093544006,0.2646787762641907,0.7532274127006531,-0.18448780477046967,0.9380611181259155,0.5360926985740662,0.7999048233032227,-0.032423026859760284,0.9238609671592712,0.326923668384552,0.7922717928886414,-0.36015617847442627,0.983705461025238
IMG_9669 3,82,2711,good,0.590140700340271,0.4270998239517212,-0.2788597345352173,0.9999056458473206,0.584251880645752,0.4197652339935303,-0.25072142481803894,0.9998022317886353,0.5843108296394348,0.4198582172393799,-0.2507328391075134,0.9997601509094238,0.5842657089233398,0.4199453294277191,-0.25074297189712524,0.9998039603233337,0.5792235136032104,0.41906383633613586,-0.29582104086875916,0.9998263120651245,0.5759904384613037,0.41874751448631287,-0.2958652973175049,0.9998275637626648,0.5731211304664612,0.4183020293712616,-0.29593077301979065,0.9998460412025452,0.568884015083313,0.42271193861961365,-0.07973161339759827,0.9993313550949097,0.5534045696258545,0.4207681119441986,-0.27959010004997253,0.9998306035995483,0.586465060710907,0.43541234731674194,-0.20874324440956116,0.9996905326843262,0.5803609490394592,0.43507540225982666,-0.2670634090900421,0.9997686147689819,0.5492004156112671,0.47109609842300415,0.15741464495658875,0.9995188117027283,0.5194792747497559,0.4585542678833008,-0.3468905985355377,0.9999733567237854,0.5336651802062988,0.5335240960121155,0.26680874824523926,0.06661532074213028,0.4861535429954529,0.5229940414428711,-0.39028286933898926,0.988548994064331,0.5459443926811218,0.5917186737060547,0.14877699315547943,0.1445213407278061,0.5098473429679871,0.5914480686187744,-0.4166562259197235,0.9684221744537354,0.544201672077179,0.6064742207527161,0.13358788192272186,0.1606271117925644,0.51351398229599,0.6094844341278076,-0.47056806087493896,0.9486080408096313,0.5465936064720154,0.6054708361625671,0.08068626374006271,0.16429926455020905,0.5263116359710693,0.6067829728126526,-0.4782199561595917,0.9434157013893127,0.544905424118042,0.6008857488632202,0.12045995891094208,0.16245226562023163,0.5257444381713867,0.6016623973846436,-0.41716012358665466,0.9075527787208557,0.5067634582519531,0.5999307632446289,0.1462920755147934,0.999241054058075,0.4730110764503479,0.5929738283157349,-0.14623519778251648,0.9995145201683044,0.49949905276298523,0.6887875199317932,0.06436078250408173,0.7181383371353149,0.4502984285354614,0.6872789859771729,-0.23970293998718262,0.9813377261161804,0.46258097887039185,0.7779192328453064,0.15423567593097687,0.8882260322570801,0.3402198851108551,0.7611750364303589,-0.1261887550354004,0.983492910861969,0.4395991861820221,0.7917808294296265,0.15254122018814087,0.8703708052635193,0.31116703152656555,0.7726671695709229,-0.12495563924312592,0.9230624437332153,0.5105843544006348,0.7979870438575745,0.025371527299284935,0.9094932079315186,0.353072851896286,0.7947019338607788,-0.29749566316604614,0.9784119129180908
IMG_9669 3,83,2744,good,0.5900511145591736,0.42504897713661194,-0.28608620166778564,0.999909520149231,0.5839804410934448,0.41802388429641724,-0.25626340508461,0.9998058080673218,0.5841605067253113,0.41814225912094116,-0.256276398897171,0.9997621178627014,0.5842893719673157,0.4182148277759552,-0.2562900483608246,0.9998044371604919,0.578961193561554,0.41707348823547363,-0.301028311252594,0.9998311996459961,0.5749635100364685,0.4165843427181244,-0.30107295513153076,0.9998324513435364,0.570587694644928,0.4158989191055298,-0.3011170029640198,0.9998489618301392,0.5692089796066284,0.4205261170864105,-0.0797283947467804,0.9993220567703247,0.5498287081718445,0.4179285764694214,-0.28106123208999634,0.9998306632041931,0.5861748456954956,0.433329701423645,-0.2141430824995041,0.9997026920318604,0.5784705281257629,0.4328687787055969,-0.2725636959075928,0.9997795224189758,0.554426372051239,0.4711621403694153,0.15833863615989685,0.9995407462120056,0.5136317610740662,0.4559395909309387,-0.35570406913757324,0.9999728798866272,0.5477611422538757,0.5363534688949585,0.27218350768089294,0.09464560449123383,0.4790800213813782,0.5199117660522461,-0.4250462055206299,0.9890264272689819,0.5660127401351929,0.5925334692001343,0.169513538479805,0.1993481069803238,0.48990315198898315,0.5867200493812561,-0.49868130683898926,0.9700770378112793,0.5720967650413513,0.6064415574073792,0.1573648303747177,0.20754143595695496,0.4888312518596649,0.607026994228363,-0.5591479539871216,0.9507613778114319,0.5712600946426392,0.6060099601745605,0.10346591472625732,0.21273872256278992,0.5054387450218201,0.6050140261650085,-0.5668337345123291,0.9458653330802917,0.5657175183296204,0.6015898585319519,0.1421169936656952,0.20789489150047302,0.50774747133255,0.5991085767745972,-0.5008224248886108,0.9113937616348267,0.5061197876930237,0.5970475077629089,0.14937618374824524,0.9991883039474487,0.4741972088813782,0.5899543762207031,-0.14933790266513824,0.9994077682495117,0.5006217360496521,0.6881369352340698,0.07102047652006149,0.7050547003746033,0.45307594537734985,0.68857342004776,-0.2449454963207245,0.9780170917510986,0.46334609389305115,0.7754815816879272,0.17718377709388733,0.8688037395477295,0.35532525181770325,0.7639420628547668,-0.12619884312152863,0.9798057675361633,0.43654006719589233,0.7900788187980652,0.17747648060321808,0.8546919822692871,0.32601961493492126,0.771959662437439,-0.12335412949323654,0.91092848777771,0.5188484191894531,0.7973546981811523,0.06101814657449722,0.8990246057510376,0.388622909784317,0.7986828088760376,-0.287063866853714,0.9753736853599548
IMG_9669 3,84,2777,good,0.5886128544807434,0.4231317937374115,-0.3728952407836914,0.9999174475669861,0.5836750268936157,0.41675299406051636,-0.33512941002845764,0.9998223185539246,0.5839637517929077,0.4169641137123108,-0.33514249324798584,0.999781608581543,0.584536075592041,0.4171139895915985,-0.3351539671421051,0.9998195171356201,0.576496958732605,0.41567665338516235,-0.37438490986824036,0.9998459815979004,0.5707827210426331,0.4151421785354614,-0.37443310022354126,0.9998469948768616,0.5640872716903687,0.4144040048122406,-0.374442994594574,0.9998618364334106,0.5718140006065369,0.4197853207588196,-0.12451764196157455,0.9993722438812256,0.5434594750404358,0.41655877232551575,-0.301167368888855,0.9998446106910706,0.5858930349349976,0.4319382905960083,-0.2897438108921051,0.9997271299362183,0.5755833387374878,0.431674987077713,-0.34063372015953064,0.9997982382774353,0.5637683868408203,0.47233033180236816,0.1336027830839157,0.9995607733726501,0.5082458853721619,0.4549882411956787,-0.3580285906791687,0.999973475933075,0.5589234232902527,0.5363397002220154,0.24988625943660736,0.12369750440120697,0.47367560863494873,0.5201999545097351,-0.43213778734207153,0.9895137548446655,0.5778966546058655,0.5898410677909851,0.1277988851070404,0.2531338930130005,0.47081702947616577,0.5850051045417786,-0.5454760193824768,0.971900463104248,0.5883113145828247,0.60505211353302,0.11268401145935059,0.25404414534568787,0.4697740375995636,0.6046149730682373,-0.6101771593093872,0.953266978263855,0.5892171859741211,0.60496985912323,0.054926905781030655,0.260901540517807,0.487416535615921,0.6035739183425903,-0.6244575381278992,0.9487504363059998,0.5822904706001282,0.5997422933578491,0.09868928790092468,0.25337186455726624,0.4897879660129547,0.5984732508659363,-0.5514322519302368,0.9161693453788757,0.509548544883728,0.5962759256362915,0.15085053443908691,0.999126136302948,0.47350797057151794,0.5896658897399902,-0.15085820853710175,0.9993519186973572,0.5001789331436157,0.6881062388420105,0.09653685986995697,0.6931312084197998,0.4601030945777893,0.6891660094261169,-0.21439118683338165,0.9750081300735474,0.46685874462127686,0.7756538391113281,0.20896956324577332,0.8555918335914612,0.3913246691226959,0.7720720767974854,-0.08169054239988327,0.9771709442138672,0.44412943720817566,0.7908199429512024,0.2103491574525833,0.8427239060401917,0.3662813901901245,0.783115029335022,-0.07927227020263672,0.9021041989326477,0.5246970653533936,0.7975183725357056,0.09346932917833328,0.8931625485420227,0.44426092505455017,0.8027384877204895,-0.25559866428375244,0.9732542037963867
IMG_9669 3,85,2810,good,0.5833325982093811,0.4215768277645111,-0.3092305362224579,0.9999234080314636,0.5821746587753296,0.41523218154907227,-0.2749292850494385,0.9998340010643005,0.58356773853302,0.41556474566459656,-0.27497172355651855,0.9997952580451965,0.5841440558433533,0.4158874452114105,-0.27498573064804077,0.9998295903205872,0.5717025399208069,0.4143517315387726,-0.3136102557182312,0.9998562932014465,0.5649311542510986,0.4139609932899475,-0.31364208459854126,0.9998567700386047,0.557738721370697,0.4134348928928375,-0.31367674469947815,0.9998696446418762,0.5727468729019165,0.4200546145439148,-0.08175993710756302,0.9994045495986938,0.538729190826416,0.41640907526016235,-0.29862886667251587,0.9998523592948914,0.5832820534706116,0.4307958483695984,-0.23204153776168823,0.999747633934021,0.5690811276435852,0.43041306734085083,-0.2823990285396576,0.99981290102005,0.5676459074020386,0.4742230176925659,0.15923649072647095,0.9995869398117065,0.5034806132316589,0.4550856649875641,-0.31710124015808105,0.9999737739562988,0.5654377937316895,0.5375433564186096,0.2670639455318451,0.1611248105764389,0.47112858295440674,0.521507740020752,-0.4081820845603943,0.9899004101753235,0.5888978242874146,0.5884280800819397,0.14040987193584442,0.3129523694515228,0.4621477425098419,0.5843982100486755,-0.5162177681922913,0.9736055135726929,0.6037681102752686,0.6042529344558716,0.12435537576675415,0.30926212668418884,0.459749311208725,0.6034595370292664,-0.580004870891571,0.9557845592498779,0.6058607697486877,0.6036708950996399,0.06491199135780334,0.3173479437828064,0.47528505325317383,0.6033337116241455,-0.5959739089012146,0.9516212344169617,0.5996755361557007,0.5984034538269043,0.11045461148023605,0.3081763684749603,0.4781707227230072,0.5988318920135498,-0.5234118700027466,0.9210587739944458,0.5148853659629822,0.5963002443313599,0.15172021090984344,0.9990612864494324,0.4717511236667633,0.5893015265464783,-0.1517447829246521,0.9993018507957458,0.5008571743965149,0.6883218288421631,0.10229671746492386,0.6715850830078125,0.46063536405563354,0.690146267414093,-0.18270987272262573,0.9711926579475403,0.46844926476478577,0.7759401202201843,0.21641941368579865,0.8367475867271423,0.4231182634830475,0.7785684466362,-0.05461489036679268,0.9746752381324768,0.4495454430580139,0.7911043167114258,0.21510694921016693,0.824305534362793,0.40087783336639404,0.7903940677642822,-0.0535215325653553,0.8966246843338013,0.5266140699386597,0.7977321743965149,0.11410831660032272,0.8846626877784729,0.4872586727142334,0.8103379011154175,-0.2300756722688675,0.9713713526725769
IMG_9669 3,86,2843,good,0.5831714868545532,0.4221550226211548,-0.2607552409172058,0.999920666217804,0.5818115472793579,0.4149761199951172,-0.23165985941886902,0.9998224377632141,0.5832803845405579,0.4151715040206909,-0.2317054271697998,0.999781608581543,0.5840569138526917,0.4153636395931244,-0.23172712326049805,0.9998180270195007,0.5715498924255371,0.41428807377815247,-0.2756342887878418,0.9998492002487183,0.5651019215583801,0.41393524408340454,-0.2756752669811249,0.9998492002487183,0.5583406686782837,0.4134769141674042,-0.27574750781059265,0.9998605847358704,0.5718966722488403,0.4190463721752167,-0.06257310509681702,0.9993554949760437,0.5394681692123413,0.4162081778049469,-0.2742929458618164,0.9998394250869751,0.5826013088226318,0.43080630898475647,-0.1924363225698471,0.9997564554214478,0.568885862827301,0.43039771914482117,-0.24961265921592712,0.9998195171356201,0.5699595212936401,0.4747421443462372,0.15884056687355042,0.9996092915534973,0.4970843195915222,0.45564666390419006,-0.32157206535339355,0.9999738335609436,0.5680160522460938,0.5379824042320251,0.27378273010253906,0.1967422515153885,0.46533823013305664,0.5217532515525818,-0.4115457236766815,0.9903832077980042,0.605689525604248,0.5879626274108887,0.15780286490917206,0.367261677980423,0.45343807339668274,0.5827760100364685,-0.5102788805961609,0.9752963185310364,0.6218229532241821,0.6037414073944092,0.14474447071552277,0.3593481481075287,0.44907239079475403,0.6028385162353516,-0.5716607570648193,0.9583940505981445,0.6230206489562988,0.6029939651489258,0.08455400913953781,0.36882683634757996,0.463560551404953,0.6030678153038025,-0.590411901473999,0.9545417428016663,0.6183064579963684,0.5981320738792419,0.12768206000328064,0.35859814286231995,0.4671373665332794,0.5985158085823059,-0.5182167291641235,0.9258797764778137,0.521447479724884,0.59597247838974,0.15247079730033875,0.9990359544754028,0.4722636640071869,0.5891299247741699,-0.1524990051984787,0.9992701411247253,0.5011126399040222,0.6884245872497559,0.14193959534168243,0.6624472141265869,0.4637840688228607,0.6904270052909851,-0.14682385325431824,0.9703357815742493,0.46946850419044495,0.7761631608009338,0.2658974826335907,0.830961287021637,0.4441787302494049,0.7822774648666382,-0.007230482995510101,0.9748182892799377,0.44975465536117554,0.7910518646240234,0.26688656210899353,0.8190658688545227,0.42487335205078125,0.7964244484901428,-0.005948467645794153,0.8978677988052368,0.5277194380760193,0.7978677153587341,0.1362571120262146,0.8851324319839478,0.5048972964286804,0.8111345767974854,-0.1853487640619278,0.9718731641769409
