video_no,frame,timestamp_ms,good,x0,y0,z0,visibility0,x1,y1,z1,visibility1,x2,y2,z2,visibility2,x3,y3,z3,visibility3,x4,y4,z4,visibility4,x5,y5,z5,visibility5,x6,y6,z6,visibility6,x7,y7,z7,visibility7,x8,y8,z8,visibility8,x9,y9,z9,visibility9,x10,y10,z10,visibility10,x11,y11,z11,visibility11,x12,y12,z12,visibility12,x13,y13,z13,visibility13,x14,y14,z14,visibility14,x15,y15,z15,visibility15,x16,y16,z16,visibility16,x17,y17,z17,visibility17,x18,y18,z18,visibility18,x19,y19,z19,visibility19,x20,y20,z20,visibility20,x21,y21,z21,visibility21,x22,y22,z22,visibility22,x23,y23,z23,visibility23,x24,y24,z24,visibility24,x25,y25,z25,visibility25,x26,y26,z26,visibility26,x27,y27,z27,visibility27,x28,y28,z28,visibility28,x29,y29,z29,visibility29,x30,y30,z30,visibility30,x31,y31,z31,visibility31,x32,y32,z32,visibility32
IMG_9698,1,33,good,0.4232676327228546,0.4018259048461914,-0.32646188139915466,0.9999591112136841,0.43081387877464294,0.39374402165412903,-0.3109991252422333,0.9999425411224365,0.43630093336105347,0.39325153827667236,-0.3111892342567444,0.9999456405639648,0.44147536158561707,0.3928907811641693,-0.3112933337688446,0.9999446868896484,0.4172671437263489,0.3948027491569519,-0.2897586524486542,0.9998990297317505,0.41364148259162903,0.39501598477363586,-0.2897604703903198,0.9998389482498169,0.41012459993362427,0.3952983319759369,-0.28975650668144226,0.9997944235801697,0.4519761800765991,0.3964412808418274,-0.15752756595611572,0.9999756813049316,0.4113100469112396,0.3990181088447571,-0.061973266303539276,0.9997164607048035,0.4362601041793823,0.4094569683074951,-0.2649174928665161,0.999976634979248,0.4186980724334717,0.4099317193031311,-0.2379687875509262,0.9999338388442993,0.5011856555938721,0.4409249722957611,-0.15258312225341797,0.9999880790710449,0.3973882794380188,0.45340877771377563,0.17900215089321136,0.9997736811637878,0.5231857299804688,0.5033894181251526,-0.39580413699150085,0.9985693693161011,0.3990236222743988,0.5125218033790588,0.1854369193315506,0.4198412001132965,0.4635677635669708,0.4697778522968292,-0.7571036219596863,0.9984217882156372,0.3543299436569214,0.5073177218437195,-0.1726265847682953,0.8519223928451538,0.44013768434524536,0.4638638496398926,-0.8502030372619629,0.9963997602462769,0.34505003690719604,0.5059566497802734,-0.22517769038677216,0.8602365851402283,0.4360086917877197,0.4575672149658203,-0.844684898853302,0.9964228272438049,0.3411644697189331,0.49995747208595276,-0.28001171350479126,0.8704310059547424,0.4423340857028961,0.45815330743789673,-0.7607675194740295,0.9930271506309509,0.34744173288345337,0.5006937384605408,-0.20565931499004364,0.848446786403656,0.4812202751636505,0.5660336017608643,-0.12205307930707932,0.9993019104003906,0.41768592596054077,0.570314347743988,0.12243004888296127,0.99894779920578,0.4778672456741333,0.656073808670044,-0.14494235813617706,0.9324086308479309,0.43815770745277405,0.6615806221961975,0.0904916375875473,0.7728230953216553,0.4951475262641907,0.7509708404541016,0.014182939194142818,0.9313580393791199,0.47637373208999634,0.7594124674797058,0.26213929057121277,0.8724462389945984,0.5007683038711548,0.7641110420227051,0.01954512670636177,0.8562551736831665,0.495327353477478,0.7746406197547913,0.2654699385166168,0.8528748750686646,0.4640023112297058,0.7823995351791382,-0.17682550847530365,0.948083758354187,0.4318615198135376,0.7906863689422607,0.07704465836286545,0.8898933529853821
IMG_9698,2,66,good,0.4238925874233246,0.4037245512008667,-0.28795716166496277,0.9999606013298035,0.43108445405960083,0.3953322768211365,-0.27097538113594055,0.9999452829360962,0.43645113706588745,0.3949253559112549,-0.27112406492233276,0.9999480843544006,0.4415397644042969,0.39459821581840515,-0.27123039960861206,0.9999473690986633,0.4178174138069153,0.39621207118034363,-0.24979284405708313,0.9999030232429504,0.4141870439052582,0.39632752537727356,-0.24978823959827423,0.9998451471328735,0.4108339846134186,0.39656126499176025,-0.24972452223300934,0.9998030662536621,0.45195406675338745,0.3972291350364685,-0.11685493588447571,0.9999765753746033,0.4116080403327942,0.3994137644767761,-0.020300215110182762,0.9997273087501526,0.43633994460105896,0.41082197427749634,-0.2262662947177887,0.9999775886535645,0.4191141128540039,0.4119516909122467,-0.1989244818687439,0.9999361038208008,0.5016790628433228,0.44059568643569946,-0.11508937180042267,0.9999886155128479,0.3973676562309265,0.4534350335597992,0.217251718044281,0.9997718334197998,0.5237605571746826,0.5033870339393616,-0.3629806935787201,0.9985360503196716,0.39821454882621765,0.513052761554718,0.2504919171333313,0.42122331261634827,0.463202565908432,0.4662717878818512,-0.7042887210845947,0.9984084367752075,0.33886393904685974,0.5042180418968201,-0.039525214582681656,0.8514324426651001,0.4398234486579895,0.4585835933685303,-0.7932084202766418,0.9963707327842712,0.3231745958328247,0.5008952021598816,-0.0825519859790802,0.8588342666625977,0.4363724887371063,0.4510672390460968,-0.7821917533874512,0.9963876008987427,0.32341229915618896,0.49522665143013,-0.13590630888938904,0.8690775632858276,0.44234058260917664,0.4527546465396881,-0.7059689164161682,0.9929701089859009,0.32858923077583313,0.49625247716903687,-0.07141274958848953,0.8476845026016235,0.48158055543899536,0.5656729340553284,-0.12436039000749588,0.9993340969085693,0.41771942377090454,0.5702062249183655,0.12473373115062714,0.9989671111106873,0.4780277907848358,0.6562975645065308,-0.15511469542980194,0.9365566372871399,0.43850481510162354,0.6614002585411072,0.10044822841882706,0.7817678451538086,0.49464771151542664,0.7515341639518738,0.030842484906315804,0.9359872937202454,0.47631147503852844,0.7587380409240723,0.2975013554096222,0.8790401220321655,0.5014253854751587,0.7645186185836792,0.040599144995212555,0.8632564544677734,0.49534177780151367,0.7746365070343018,0.30457884073257446,0.8583250641822815,0.462169885635376,0.7824270725250244,-0.15848660469055176,0.9511731863021851,0.4319099187850952,0.7874965071678162,0.125296950340271,0.8954973220825195
IMG_9698,3,99,good,0.42549651861190796,0.4040643870830536,-0.2937922179698944,0.999961256980896,0.4321991801261902,0.3956308662891388,-0.27693623304367065,0.9999464750289917,0.4373694956302643,0.39533767104148865,-0.2771107256412506,0.9999493360519409,0.4423563480377197,0.39515256881713867,-0.27722278237342834,0.9999484419822693,0.4191082715988159,0.3963521718978882,-0.2569073736667633,0.9999048709869385,0.4154375195503235,0.3964405357837677,-0.25690433382987976,0.9998486042022705,0.41206905245780945,0.39666154980659485,-0.2568598687648773,0.9998073577880859,0.45233073830604553,0.3977086544036865,-0.12129651010036469,0.9999771118164062,0.4119425117969513,0.3994961082935333,-0.029990412294864655,0.9997372031211853,0.43775129318237305,0.411212295293808,-0.23152555525302887,0.9999781847000122,0.42006710171699524,0.4119141399860382,-0.20581239461898804,0.9999380111694336,0.5017910003662109,0.4397619366645813,-0.12011198699474335,0.9999891519546509,0.39569029211997986,0.4533108174800873,0.20909544825553894,0.9997757077217102,0.5241362452507019,0.5026286244392395,-0.367678701877594,0.9985840916633606,0.38990551233291626,0.5123091340065002,0.24237512052059174,0.4378434717655182,0.4636586606502533,0.4622521996498108,-0.7324267029762268,0.9984577298164368,0.3277472257614136,0.49934911727905273,-0.04589742049574852,0.8580115437507629,0.44150882959365845,0.45251986384391785,-0.8198993802070618,0.9964475631713867,0.3125450909137726,0.49523329734802246,-0.08593606948852539,0.8642487525939941,0.43937093019485474,0.4456811845302582,-0.7959470152854919,0.9964578747749329,0.3132646381855011,0.489934504032135,-0.13680456578731537,0.8740779757499695,0.4441414475440979,0.44761449098587036,-0.731703519821167,0.9931012988090515,0.3172839283943176,0.4910474717617035,-0.07578443735837936,0.8533948659896851,0.48138993978500366,0.5657223463058472,-0.12461487203836441,0.9993473291397095,0.4176878333091736,0.5702307820320129,0.1249827891588211,0.9989738464355469,0.47805628180503845,0.656377911567688,-0.15451331436634064,0.9388831853866577,0.43935859203338623,0.6616003513336182,0.10557466000318527,0.782547652721405,0.49600836634635925,0.7508928775787354,0.029132239520549774,0.9380534291267395,0.47693130373954773,0.7580224871635437,0.2918722629547119,0.8795558214187622,0.5038658380508423,0.7632903456687927,0.03803672641515732,0.8677669167518616,0.49562570452690125,0.7742294669151306,0.2976038455963135,0.8581444621086121,0.463997483253479,0.7824262976646423,-0.1543676257133484,0.9524118304252625,0.43310150504112244,0.7871972918510437,0.11774272471666336,0.8956433534622192
IMG_9698,4,132,good,0.42679348587989807,0.407061368227005,-0.2947937548160553,0.9999577403068542,0.4333491027355194,0.39841392636299133,-0.2810654044151306,0.9999423027038574,0.43813085556030273,0.3981245160102844,-0.2811520993709564,0.9999454021453857,0.44287773966789246,0.3978962004184723,-0.28118178248405457,0.9999437928199768,0.4205120801925659,0.3986271321773529,-0.2580305337905884,0.9998989701271057,0.4167492389678955,0.3984254002571106,-0.2579917907714844,0.9998414516448975,0.413170725107193,0.3983733355998993,-0.25795161724090576,0.9998024702072144,0.45243388414382935,0.399467796087265,-0.13628286123275757,0.999972939491272,0.4122733771800995,0.4005736708641052,-0.03434237837791443,0.9997280240058899,0.4379867613315582,0.41377943754196167,-0.23672516644001007,0.9999746084213257,0.42108941078186035,0.41453877091407776,-0.207473024725914,0.9999319314956665,0.5019025802612305,0.4390728771686554,-0.1467507779598236,0.999988317489624,0.3950943052768707,0.45293015241622925,0.20397786796092987,0.9997687339782715,0.5243511199951172,0.5021749138832092,-0.4502516984939575,0.9986125230789185,0.3787820339202881,0.5102253556251526,0.23717811703681946,0.4698338806629181,0.46418923139572144,0.45753976702690125,-0.8355990052223206,0.9984856247901917,0.318625807762146,0.4923149347305298,-0.04512528330087662,0.8685657978057861,0.4439793825149536,0.4454667568206787,-0.9242478013038635,0.9964686632156372,0.30128246545791626,0.48632773756980896,-0.08128972351551056,0.8730546236038208,0.44224971532821655,0.4396226704120636,-0.9071139693260193,0.9964637756347656,0.30236414074897766,0.4811847507953644,-0.12323688715696335,0.8821746706962585,0.4459817707538605,0.4421972930431366,-0.8359003067016602,0.9931042194366455,0.30803176760673523,0.4825492203235626,-0.07078887522220612,0.8625724911689758,0.48162344098091125,0.5661303400993347,-0.13373787701129913,0.999333918094635,0.4197918474674225,0.5703372955322266,0.13400675356388092,0.9989624619483948,0.4783998727798462,0.6568962335586548,-0.1616908609867096,0.9421725869178772,0.4414072036743164,0.6618663668632507,0.11442967504262924,0.7844582796096802,0.4958203434944153,0.7520937919616699,0.0031119605991989374,0.9417777061462402,0.4771544933319092,0.7581838369369507,0.28687116503715515,0.8829590082168579,0.5051093697547913,0.764340341091156,0.010758518241345882,0.8753629326820374,0.4965429902076721,0.7743584513664246,0.2921246290206909,0.8622139692306519,0.4614711105823517,0.7838542461395264,-0.17072883248329163,0.9550996422767639,0.4333425760269165,0.787340521812439,0.11253868043422699,0.8989247679710388
IMG_9698,5,165,good,0.42818257212638855,0.4076383113861084,-0.34128350019454956,0.9999539256095886,0.4343491792678833,0.39886370301246643,-0.3311317563056946,0.9999384880065918,0.4389083683490753,0.3985690474510193,-0.3312537670135498,0.9999424815177917,0.4434535801410675,0.39834457635879517,-0.33133137226104736,0.9999401569366455,0.4217418432235718,0.39896661043167114,-0.3060186505317688,0.9998922944068909,0.41789165139198303,0.39871150255203247,-0.3060457408428192,0.999833345413208,0.4141350984573364,0.3986048102378845,-0.30603110790252686,0.9997949004173279,0.4525700807571411,0.39957866072654724,-0.19069883227348328,0.9999702572822571,0.4124714732170105,0.4005798101425171,-0.07809668034315109,0.999718427658081,0.43846049904823303,0.414264976978302,-0.28325319290161133,0.999971330165863,0.42200639843940735,0.41474369168281555,-0.2511688470840454,0.9999250173568726,0.5024654865264893,0.43855148553848267,-0.1893434226512909,0.999987781047821,0.39454594254493713,0.45177945494651794,0.1764506697654724,0.9997578263282776,0.5256252884864807,0.5015748739242554,-0.48480692505836487,0.9986639022827148,0.3619335889816284,0.5065042972564697,0.19487117230892181,0.5050135850906372,0.46654126048088074,0.45457226037979126,-0.8477076292037964,0.9985212087631226,0.30195680260658264,0.47905468940734863,-0.07093238085508347,0.8783313035964966,0.4475822448730469,0.4425346553325653,-0.9302825331687927,0.9964850544929504,0.2862081825733185,0.4685528576374054,-0.10548966377973557,0.8807212114334106,0.44600972533226013,0.43666872382164,-0.9142981171607971,0.996462345123291,0.28908899426460266,0.4632880389690399,-0.17114339768886566,0.8891047239303589,0.44988906383514404,0.4396531283855438,-0.8468011021614075,0.9930830001831055,0.2935299575328827,0.46599602699279785,-0.08554180711507797,0.870490550994873,0.48153194785118103,0.5661818385124207,-0.13777224719524384,0.9993252158164978,0.41991403698921204,0.5703252553939819,0.1379929929971695,0.9989469051361084,0.4783812463283539,0.6579224467277527,-0.17766696214675903,0.9445953965187073,0.44167011976242065,0.6623163223266602,0.11186020821332932,0.7801069617271423,0.4957146644592285,0.7533601522445679,-0.05739888921380043,0.9448769688606262,0.4786238968372345,0.7594687938690186,0.24655495584011078,0.882498025894165,0.50653076171875,0.7686054110527039,-0.054520588368177414,0.881417989730835,0.4980631470680237,0.7750570774078369,0.24742573499679565,0.8628096580505371,0.45941394567489624,0.7847318053245544,-0.2415419965982437,0.957231342792511,0.43300092220306396,0.789724588394165,0.07340285927057266,0.899878203868866
IMG_9698,6,198,good,0.42901411652565,0.40738967061042786,-0.36666247248649597,0.9999510049819946,0.43514397740364075,0.3986700177192688,-0.354371041059494,0.999934732913971,0.43955695629119873,0.39836665987968445,-0.35447531938552856,0.9999396204948425,0.4439350962638855,0.3981386423110962,-0.35454195737838745,0.9999367594718933,0.42258545756340027,0.3988492786884308,-0.3285920023918152,0.9998868107795715,0.4186462163925171,0.3986346423625946,-0.32863637804985046,0.9998287558555603,0.41478458046913147,0.39856401085853577,-0.3286111354827881,0.999792218208313,0.4527937173843384,0.3995295464992523,-0.21327869594097137,0.9999663829803467,0.4126600921154022,0.4004530608654022,-0.09805754572153091,0.9997060894966125,0.43859660625457764,0.4141243100166321,-0.31012997031211853,0.9999682307243347,0.4223543703556061,0.4145645201206207,-0.27734097838401794,0.9999193549156189,0.5033141374588013,0.4384846091270447,-0.21335040032863617,0.9999863505363464,0.3945332467556,0.4509992301464081,0.15194909274578094,0.9997401237487793,0.5262561440467834,0.5015565752983093,-0.5056671500205994,0.9987290501594543,0.347122460603714,0.5006709098815918,0.1073685958981514,0.5472926497459412,0.4706423580646515,0.454545259475708,-0.8602458834648132,0.9985815286636353,0.2966556251049042,0.46259984374046326,-0.2612695097923279,0.8891887068748474,0.4528958797454834,0.44335153698921204,-0.9418120384216309,0.9965430498123169,0.2837257385253906,0.4504159986972809,-0.3071482479572296,0.8902493119239807,0.45112451910972595,0.4377146363258362,-0.9243740439414978,0.9965015649795532,0.28773579001426697,0.4454552233219147,-0.32850420475006104,0.8977745771408081,0.45400920510292053,0.4400504231452942,-0.8579953908920288,0.9931345582008362,0.2928779125213623,0.4486300051212311,-0.2788592576980591,0.880322277545929,0.4818461239337921,0.5661342144012451,-0.13867825269699097,0.9992755651473999,0.4215347170829773,0.5700169801712036,0.13883009552955627,0.9988911747932434,0.47822508215904236,0.6579941511154175,-0.17226117849349976,0.9465081095695496,0.44200053811073303,0.660903811454773,0.11930489540100098,0.7771888971328735,0.4937731623649597,0.7534204125404358,-0.04819459095597267,0.9474260807037354,0.47861233353614807,0.7594465613365173,0.25112414360046387,0.8805084824562073,0.5064745545387268,0.7683482766151428,-0.04589035362005234,0.8865407109260559,0.4982519745826721,0.775134801864624,0.2526783049106598,0.8613577485084534,0.4554269313812256,0.785894513130188,-0.2394983023405075,0.958848774433136,0.4328242242336273,0.7891421318054199,0.07539361715316772,0.8995934724807739
IMG_9698,7,231,good,0.4301760792732239,0.40734678506851196,-0.3832188844680786,0.9999515414237976,0.4367264211177826,0.3986435830593109,-0.36656856536865234,0.9999359846115112,0.44111815094947815,0.39837467670440674,-0.36667269468307495,0.9999411702156067,0.44548341631889343,0.39818429946899414,-0.3667498230934143,0.9999377727508545,0.42350947856903076,0.3987498879432678,-0.34355244040489197,0.9998897910118103,0.41933923959732056,0.39856860041618347,-0.3436211347579956,0.9998356103897095,0.4152843952178955,0.3985460102558136,-0.34358468651771545,0.9998011589050293,0.4536136984825134,0.39951735734939575,-0.21306975185871124,0.9999657869338989,0.41279155015945435,0.4002351462841034,-0.1110319197177887,0.9997130036354065,0.4391098618507385,0.41421353816986084,-0.32272011041641235,0.9999679327011108,0.422916054725647,0.4144735038280487,-0.29399508237838745,0.9999200105667114,0.5033266544342041,0.4384920299053192,-0.20766188204288483,0.9999850988388062,0.39344868063926697,0.4502224922180176,0.13593009114265442,0.9997144937515259,0.5278275012969971,0.5016119480133057,-0.49065372347831726,0.998798131942749,0.33141112327575684,0.4936945140361786,0.016438262537121773,0.588455855846405,0.4758467972278595,0.4553261399269104,-0.850318193435669,0.9986314177513123,0.2948153018951416,0.4464343190193176,-0.44044971466064453,0.8993468880653381,0.4591653645038605,0.4450297951698303,-0.9343470931053162,0.996566116809845,0.2851702868938446,0.43273720145225525,-0.5041773915290833,0.8994001746177673,0.4573531746864319,0.4391435384750366,-0.9190295934677124,0.9965094327926636,0.2907685935497284,0.42670565843582153,-0.515555739402771,0.906100869178772,0.45943424105644226,0.441276490688324,-0.8489394783973694,0.9931379556655884,0.2955775558948517,0.4313386380672455,-0.45774731040000916,0.8896809220314026,0.4816545844078064,0.5674691200256348,-0.13884130120277405,0.9992756843566895,0.42223966121673584,0.5712204575538635,0.1389680951833725,0.9988637566566467,0.4779180586338043,0.6603233814239502,-0.18596850335597992,0.9473179578781128,0.4419834315776825,0.6611244082450867,0.1423753798007965,0.7680246829986572,0.4896928668022156,0.7583000659942627,-0.08974232524633408,0.9490193128585815,0.47905081510543823,0.7574334144592285,0.29571542143821716,0.8722296953201294,0.5049896836280823,0.7763842940330505,-0.09043163806200027,0.8911566138267517,0.49947553873062134,0.774520754814148,0.2994298040866852,0.8568710088729858,0.4547261893749237,0.7879080772399902,-0.29269152879714966,0.9598215222358704,0.433635413646698,0.7839944362640381,0.13084973394870758,0.8945276141166687
IMG_9698,8,264,good,0.43164849281311035,0.4072614014148712,-0.35053008794784546,0.9999538660049438,0.4384486675262451,0.3985716998577118,-0.3251006305217743,0.9999392032623291,0.4428984224796295,0.3983205258846283,-0.3251557946205139,0.9999440312385559,0.44719886779785156,0.39814290404319763,-0.3252403140068054,0.999940812587738,0.4252356290817261,0.39867573976516724,-0.3080187439918518,0.9998959302902222,0.42079412937164307,0.3985171914100647,-0.308073490858078,0.9998450875282288,0.41651681065559387,0.39852431416511536,-0.3080291450023651,0.9998138546943665,0.4544481635093689,0.3995380401611328,-0.1562850922346115,0.9999665021896362,0.41336768865585327,0.4002169966697693,-0.08217798173427582,0.9997271299362183,0.44039613008499146,0.4141436219215393,-0.28622788190841675,0.9999684691429138,0.42411333322525024,0.4143819212913513,-0.26718446612358093,0.9999231696128845,0.5033411383628845,0.43867579102516174,-0.13657277822494507,0.9999838471412659,0.3914473354816437,0.44999387860298157,0.1470179557800293,0.999701976776123,0.5294668674468994,0.5019910931587219,-0.391696572303772,0.9988312721252441,0.3139446973800659,0.4825749397277832,-0.0089808264747262,0.6269887685775757,0.4819841682910919,0.4548910856246948,-0.7331373691558838,0.9986631274223328,0.29855769872665405,0.42936405539512634,-0.4723893404006958,0.9083424210548401,0.4684419631958008,0.44464221596717834,-0.8162411451339722,0.9965430498123169,0.29136568307876587,0.4149360656738281,-0.5451754331588745,0.9070194959640503,0.4677559733390808,0.4390859305858612,-0.804561972618103,0.9964626431465149,0.29539209604263306,0.4116324186325073,-0.5449854731559753,0.912887454032898,0.4684552848339081,0.4413861930370331,-0.7334900498390198,0.9930486679077148,0.30060240626335144,0.41529324650764465,-0.4865110516548157,0.8973627090454102,0.4816892147064209,0.5672605633735657,-0.1257612407207489,0.999274492263794,0.42234617471694946,0.5712174773216248,0.1258462369441986,0.9988517761230469,0.4775526225566864,0.6608537435531616,-0.19195936620235443,0.9475724101066589,0.44058722257614136,0.6611315011978149,0.11488441377878189,0.7609468102455139,0.4861409068107605,0.7619096040725708,-0.1047307476401329,0.9490285515785217,0.47881367802619934,0.7582879662513733,0.23890620470046997,0.8640204071998596,0.5016162395477295,0.7789319753646851,-0.10649619996547699,0.891503632068634,0.4994502365589142,0.7761806845664978,0.2397400140762329,0.849722683429718,0.45500344038009644,0.7900840640068054,-0.3113073408603668,0.958899199962616,0.43176931142807007,0.7842876315116882,0.062032733112573624,0.88588947057724
IMG_9698,9,298,good,0.4334077537059784,0.407252699136734,-0.31441551446914673,0.9999507069587708,0.4410833418369293,0.39874956011772156,-0.2844335734844208,0.9999340176582336,0.445234477519989,0.3985406756401062,-0.2845117449760437,0.9999386668205261,0.44922542572021484,0.3984004557132721,-0.2846119999885559,0.9999353289604187,0.4279636740684509,0.3987571597099304,-0.2724148631095886,0.9998904466629028,0.4237332344055176,0.3985692262649536,-0.27246710658073425,0.9998384714126587,0.41940996050834656,0.39854881167411804,-0.2724412679672241,0.9998113512992859,0.4555380046367645,0.40003058314323425,-0.10585083067417145,0.9999598264694214,0.41604962944984436,0.4003576934337616,-0.054333411157131195,0.9997133612632751,0.4421037435531616,0.414079874753952,-0.24777713418006897,0.9999632239341736,0.426033616065979,0.41430631279945374,-0.23487882316112518,0.9999178051948547,0.5033894777297974,0.4396587312221527,-0.08331509679555893,0.9999798536300659,0.3884991705417633,0.44978100061416626,0.1448763906955719,0.9996671080589294,0.5327181816101074,0.5027919411659241,-0.3284309506416321,0.9988164305686951,0.30220675468444824,0.4702804386615753,-0.04706950485706329,0.6627013087272644,0.4843595623970032,0.4554440379142761,-0.660680890083313,0.9985976815223694,0.302609384059906,0.41514337062835693,-0.4911118745803833,0.9163286089897156,0.4700009524822235,0.44495293498039246,-0.7441331744194031,0.9961591362953186,0.29176321625709534,0.40052682161331177,-0.5678644180297852,0.913184642791748,0.468710720539093,0.4405314326286316,-0.7316973805427551,0.9960187673568726,0.30350109934806824,0.3979734778404236,-0.5595471858978271,0.9181506037712097,0.46955329179763794,0.4436285197734833,-0.6612653136253357,0.9922652244567871,0.30711087584495544,0.4026597738265991,-0.5016914010047913,0.9033047556877136,0.481729120016098,0.5676102042198181,-0.10236922651529312,0.9992180466651917,0.42214858531951904,0.5723686218261719,0.10248348116874695,0.9988136887550354,0.47770848870277405,0.6617001295089722,-0.16393810510635376,0.9463422894477844,0.44043371081352234,0.6636701822280884,0.05724220722913742,0.755325973033905,0.4839629530906677,0.7613220810890198,-0.07355925440788269,0.9467822909355164,0.47758179903030396,0.7620159983634949,0.18990351259708405,0.8562247157096863,0.49566662311553955,0.7775506973266602,-0.07886433601379395,0.8862340450286865,0.49744275212287903,0.7806394100189209,0.19078077375888824,0.8385831713676453,0.45872175693511963,0.7890621423721313,-0.2922256588935852,0.9554587602615356,0.43100255727767944,0.7848343849182129,-0.00367170968092978,0.8763187527656555
IMG_9698,10,331,good,0.4332580268383026,0.40723636746406555,-0.22542192041873932,0.9999465346336365,0.4408405125141144,0.39870986342430115,-0.19766508042812347,0.9999291300773621,0.4450805187225342,0.39849141240119934,-0.19775624573230743,0.999934196472168,0.44913771748542786,0.3983440101146698,-0.19785594940185547,0.9999309182167053,0.4277706444263458,0.3987351655960083,-0.18196645379066467,0.9998857975006104,0.4236183762550354,0.39854270219802856,-0.18200063705444336,0.9998340010643005,0.4193899631500244,0.39851558208465576,-0.18202975392341614,0.9998127222061157,0.4557028114795685,0.4001131057739258,-0.03466392308473587,0.9999549388885498,0.4171183407306671,0.40036097168922424,0.033154603093862534,0.9997105598449707,0.4420841336250305,0.4140511453151703,-0.1651279777288437,0.9999545216560364,0.42595192790031433,0.4142620861530304,-0.14634016156196594,0.9999057054519653,0.5043739676475525,0.4403224587440491,-0.03004644811153412,0.9999746084213257,0.3871656358242035,0.4489930272102356,0.1877366602420807,0.999620795249939,0.537129282951355,0.5032327175140381,-0.26529255509376526,0.998818576335907,0.2974441349506378,0.4569993317127228,0.012057074345648289,0.6953154802322388,0.48696690797805786,0.4558916687965393,-0.5176819562911987,0.9985378384590149,0.3066807985305786,0.40101879835128784,-0.36320745944976807,0.9238009452819824,0.4722788631916046,0.4451761543750763,-0.5814200043678284,0.9956251382827759,0.31226369738578796,0.38675984740257263,-0.42530950903892517,0.9188274145126343,0.46989262104034424,0.44172316789627075,-0.5678655505180359,0.9953664541244507,0.3227545917034149,0.3853451609611511,-0.5483008623123169,0.9228452444076538,0.4705148935317993,0.4444950520992279,-0.5153344869613647,0.9911627173423767,0.3244404196739197,0.3906032145023346,-0.3897096514701843,0.9086196422576904,0.48218289017677307,0.5679490566253662,-0.09620661288499832,0.9991281628608704,0.4211180806159973,0.5735999941825867,0.09630727022886276,0.9987924098968506,0.47931841015815735,0.6652640104293823,-0.17085619270801544,0.9447103142738342,0.43928566575050354,0.6657552123069763,-0.009725933894515038,0.7588390111923218,0.48256954550743103,0.7658560872077942,-0.0875420793890953,0.9431271553039551,0.47390440106391907,0.7669111490249634,0.07227011024951935,0.8558012247085571,0.49070367217063904,0.7861809730529785,-0.09065782278776169,0.8773302435874939,0.49495238065719604,0.7861738204956055,0.0679265707731247,0.834294319152832,0.4588080942630768,0.7901936769485474,-0.2951297461986542,0.9517623782157898,0.425010621547699,0.788324773311615,-0.11991185694932938,0.8746606111526489
IMG_9698,11,364,good,0.4331846535205841,0.40746739506721497,-0.17382337152957916,0.9999462962150574,0.44092294573783875,0.39899203181266785,-0.1424872875213623,0.9999293684959412,0.4453693926334381,0.3987475037574768,-0.14257743954658508,0.9999340772628784,0.4494912326335907,0.398578941822052,-0.14270971715450287,0.999932050704956,0.4277515411376953,0.39901185035705566,-0.12737220525741577,0.9998879432678223,0.4235244691371918,0.3988046646118164,-0.12737607955932617,0.9998370409011841,0.41928133368492126,0.39873436093330383,-0.12737517058849335,0.9998218417167664,0.4561885893344879,0.4004276990890503,0.027879687026143074,0.999954342842102,0.41711410880088806,0.4004936218261719,0.09225054085254669,0.9997233152389526,0.442214697599411,0.4144172966480255,-0.1118558719754219,0.9999499917030334,0.4259369969367981,0.41463330388069153,-0.09370742738246918,0.9999008774757385,0.5054348111152649,0.4412775933742523,0.03176654875278473,0.9999731779098511,0.38674303889274597,0.44824448227882385,0.2643173336982727,0.9995796084403992,0.5433753728866577,0.5037019848823547,-0.1530364751815796,0.9988759160041809,0.291967511177063,0.4425904154777527,0.19082848727703094,0.7251364588737488,0.4936760365962982,0.45850062370300293,-0.3496185839176178,0.9985356330871582,0.3196503818035126,0.38955506682395935,-0.008348364382982254,0.9305235743522644,0.47786328196525574,0.4491596817970276,-0.40348005294799805,0.9951735138893127,0.3321887254714966,0.37658727169036865,-0.05281864106655121,0.9230314493179321,0.4727998375892639,0.4455024302005768,-0.3938201069831848,0.9948216676712036,0.341694176197052,0.3761322498321533,-0.02936614118516445,0.9260492324829102,0.473552405834198,0.44800978899002075,-0.3473353087902069,0.9902424812316895,0.34231698513031006,0.38130947947502136,-0.007610304281115532,0.912422776222229,0.482438325881958,0.5681205987930298,-0.09514309465885162,0.9989997148513794,0.42072004079818726,0.5738010406494141,0.0952998623251915,0.9987553954124451,0.4793235957622528,0.6671238541603088,-0.18362276256084442,0.940985381603241,0.43820178508758545,0.667692244052887,-0.025524303317070007,0.7585291862487793,0.48239874839782715,0.767473578453064,-0.10687384754419327,0.9358084797859192,0.47189366817474365,0.7737096548080444,0.03920692577958107,0.8521978855133057,0.4893823266029358,0.785555362701416,-0.10934033989906311,0.8681132197380066,0.49323606491088867,0.791976809501648,0.033002059906721115,0.828097939491272,0.4622056484222412,0.7899450659751892,-0.30540624260902405,0.9454821348190308,0.42905697226524353,0.7911110520362854,-0.15042802691459656,0.8700070977210999
IMG_9698,12,397,good,0.433588445186615,0.40788549184799194,-0.22594313323497772,0.999944269657135,0.4415684938430786,0.3992844521999359,-0.1960141658782959,0.9999268651008606,0.44632336497306824,0.39899909496307373,-0.19611725211143494,0.9999310970306396,0.45049169659614563,0.3987969756126404,-0.19626100361347198,0.9999305009841919,0.42790764570236206,0.39936310052871704,-0.1817663162946701,0.9998836517333984,0.4234558641910553,0.399168998003006,-0.1817592829465866,0.9998291730880737,0.41919106245040894,0.39909544587135315,-0.18174247443675995,0.9998212456703186,0.4572526216506958,0.4006214439868927,-0.018458843231201172,0.9999528527259827,0.4167861044406891,0.400641530752182,0.04148567467927933,0.9997313618659973,0.44289225339889526,0.4149320125579834,-0.1609644740819931,0.9999462962150574,0.4261139929294586,0.4153751730918884,-0.14347398281097412,0.9998983144760132,0.5059455633163452,0.4423707127571106,-0.0008181780576705933,0.9999732971191406,0.3850058615207672,0.44641590118408203,0.23238687217235565,0.9995655417442322,0.5492238402366638,0.5045534372329712,-0.1837935596704483,0.9989367723464966,0.2893769145011902,0.4308502972126007,0.1957508623600006,0.752211332321167,0.49589022994041443,0.4614581763744354,-0.39561280608177185,0.9985315203666687,0.3383980393409729,0.38120564818382263,0.05826890468597412,0.9365088939666748,0.4789693057537079,0.4535088539123535,-0.45759716629981995,0.9947826862335205,0.35364437103271484,0.3705516457557678,0.01983894780278206,0.9262071251869202,0.4727415442466736,0.44891032576560974,-0.4460415840148926,0.9943599104881287,0.3635943830013275,0.36995959281921387,0.04209749028086662,0.9281937479972839,0.47409775853157043,0.4509335458278656,-0.3938530385494232,0.9894618391990662,0.36229828000068665,0.3747812807559967,0.05918848142027855,0.9151750802993774,0.4826294481754303,0.5686588287353516,-0.09463271498680115,0.9989325404167175,0.42022427916526794,0.5738890171051025,0.09491122514009476,0.9987525939941406,0.4790744483470917,0.6672568917274475,-0.18283231556415558,0.9397464394569397,0.435808390378952,0.667436957359314,0.004019571002572775,0.7609443664550781,0.48274704813957214,0.7669399380683899,-0.08373603224754333,0.9321051836013794,0.4718935787677765,0.7731335163116455,0.10335619002580643,0.8511199951171875,0.4900294542312622,0.780366837978363,-0.0803871750831604,0.8641166090965271,0.4928140640258789,0.7910022139549255,0.10042130947113037,0.8253756761550903,0.4656832814216614,0.7903353571891785,-0.2620483934879303,0.9413371086120605,0.4310145378112793,0.7970947027206421,-0.0867321714758873,0.8662813901901245
IMG_9698,13,430,good,0.43503519892692566,0.4094807505607605,-0.24697844684123993,0.9999467730522156,0.443724662065506,0.40070030093193054,-0.21912480890750885,0.9999303221702576,0.44818416237831116,0.4004494249820709,-0.21920789778232574,0.999933123588562,0.45226937532424927,0.400241881608963,-0.21935148537158966,0.9999340176582336,0.42964911460876465,0.4007505476474762,-0.20482897758483887,0.9998878836631775,0.4249269664287567,0.4005298614501953,-0.2048352062702179,0.999832808971405,0.4203709065914154,0.40038180351257324,-0.2048211395740509,0.9998296499252319,0.4587784707546234,0.4015577733516693,-0.03593531623482704,0.9999545216560364,0.4170827567577362,0.40133529901504517,0.01917649246752262,0.999751091003418,0.4441264271736145,0.41598406434059143,-0.17990685999393463,0.9999489784240723,0.4275074303150177,0.4162551164627075,-0.1635235995054245,0.9999054670333862,0.506686806678772,0.4437554180622101,0.017857959493994713,0.9999746084213257,0.38464370369911194,0.4430055320262909,0.2205161601305008,0.9995924830436707,0.5535344481468201,0.5055689215660095,-0.1612204760313034,0.9989591836929321,0.2880626320838928,0.4187024235725403,0.22220546007156372,0.7768054008483887,0.49943119287490845,0.4666401147842407,-0.42329898476600647,0.9984045028686523,0.3555724322795868,0.3734857141971588,0.23007287085056305,0.9409000873565674,0.48073747754096985,0.45934635400772095,-0.49420681595802307,0.9941177368164062,0.37563642859458923,0.3636263310909271,0.20252276957035065,0.9225010275840759,0.47483932971954346,0.45331212878227234,-0.4772898256778717,0.9936062693595886,0.3836027979850769,0.36372801661491394,0.22257296741008759,0.9225459694862366,0.4770866632461548,0.45515745878219604,-0.42153486609458923,0.9881078600883484,0.3807005286216736,0.36872372031211853,0.2323775440454483,0.9104235172271729,0.4842417538166046,0.569050133228302,-0.08818387985229492,0.998936116695404,0.4202128052711487,0.5739174485206604,0.08862689882516861,0.9987615346908569,0.47514694929122925,0.667082667350769,-0.14558176696300507,0.9429262280464172,0.43104350566864014,0.6663985252380371,0.01921696402132511,0.7760419845581055,0.4826308786869049,0.765165388584137,0.026118125766515732,0.9358792901039124,0.4718261659145355,0.7725049257278442,0.15483282506465912,0.8583588600158691,0.4906012713909149,0.7782461643218994,0.03515098616480827,0.867114245891571,0.4912887513637543,0.7888686656951904,0.16265474259853363,0.8285950422286987,0.46879005432128906,0.7927640676498413,-0.17030131816864014,0.9434934854507446,0.44222843647003174,0.7987627983093262,-0.059701886028051376,0.8707706332206726
IMG_9698,14,463,good,0.4367245137691498,0.4098215401172638,-0.21994954347610474,0.9999487996101379,0.44513028860092163,0.4010884761810303,-0.18696202337741852,0.9999337196350098,0.44929686188697815,0.40084144473075867,-0.1869763731956482,0.9999352693557739,0.45321887731552124,0.4006161391735077,-0.187122642993927,0.9999377131462097,0.4312465488910675,0.4011783003807068,-0.1810666173696518,0.9998918175697327,0.4265398383140564,0.4009714126586914,-0.18109413981437683,0.9998356103897095,0.4219011664390564,0.4008170962333679,-0.18113207817077637,0.9998371601104736,0.45931097865104675,0.40175023674964905,0.009208791889250278,0.9999567270278931,0.41800615191459656,0.40162745118141174,0.03438914567232132,0.9997697472572327,0.4456339478492737,0.4160459637641907,-0.1459115892648697,0.9999516606330872,0.4294232428073883,0.4163482189178467,-0.1395418643951416,0.9999117255210876,0.5078438520431519,0.4448903799057007,0.0720573216676712,0.9999760985374451,0.38430464267730713,0.44072139263153076,0.21295540034770966,0.9996199607849121,0.5563476085662842,0.5062993764877319,-0.12076088041067123,0.9989650845527649,0.292143851518631,0.4054858088493347,0.24742139875888824,0.7988694310188293,0.5040559768676758,0.4708399176597595,-0.39686456322669983,0.9982524514198303,0.36653977632522583,0.36914515495300293,0.31531140208244324,0.9434034824371338,0.48404163122177124,0.46291589736938477,-0.4649922549724579,0.9934890866279602,0.38874751329421997,0.36132675409317017,0.2945369780063629,0.9119893312454224,0.4794873297214508,0.45584481954574585,-0.4443187713623047,0.9929217100143433,0.3948606252670288,0.3619990944862366,0.3147273659706116,0.909806489944458,0.4826728403568268,0.45827680826187134,-0.39373812079429626,0.9868168234825134,0.39089831709861755,0.36655548214912415,0.31826621294021606,0.8994678258895874,0.4883619546890259,0.5687576532363892,-0.0809423103928566,0.9989915490150452,0.42033499479293823,0.5736067295074463,0.08149902522563934,0.9988088011741638,0.4746558368206024,0.664013683795929,-0.2291635423898697,0.9467288851737976,0.42387524247169495,0.6662482619285583,-0.012801469303667545,0.7868441939353943,0.4822404086589813,0.7644951343536377,-0.16347655653953552,0.9404351711273193,0.47173672914505005,0.7687835097312927,0.1349605768918991,0.8629754781723022,0.4906975030899048,0.7779837846755981,-0.16521617770195007,0.871285080909729,0.491374671459198,0.7799703478813171,0.13886015117168427,0.8285261988639832,0.4696558117866516,0.7944259643554688,-0.3927302360534668,0.9470847845077515,0.45169663429260254,0.7985196113586426,-0.06962805241346359,0.8745415806770325
IMG_9698,15,496,good,0.4369560182094574,0.40990927815437317,-0.19164803624153137,0.9999520778656006,0.44597187638282776,0.40104737877845764,-0.15339922904968262,0.9999383687973022,0.45031988620758057,0.4008437395095825,-0.15339641273021698,0.9999389052391052,0.4544576406478882,0.4006859362125397,-0.153527170419693,0.9999423623085022,0.43141576647758484,0.40110886096954346,-0.14926935732364655,0.999897837638855,0.42658138275146484,0.4009060561656952,-0.14929130673408508,0.9998419284820557,0.4218928813934326,0.4007623493671417,-0.14932844042778015,0.9998464584350586,0.460817813873291,0.4021340012550354,0.05044785141944885,0.9999597072601318,0.41805195808410645,0.40170517563819885,0.068504698574543,0.9997883439064026,0.44623449444770813,0.4163246154785156,-0.11613699793815613,0.9999552965164185,0.42943274974823,0.41637659072875977,-0.11201006919145584,0.9999183416366577,0.5090094804763794,0.44798263907432556,0.09780632704496384,0.9999777674674988,0.3834100067615509,0.44045859575271606,0.20910416543483734,0.9996457695960999,0.5580123066902161,0.5105030536651611,-0.15530329942703247,0.9989758133888245,0.2966190576553345,0.3970848321914673,0.2139889895915985,0.8187985420227051,0.5044490694999695,0.47605371475219727,-0.47373640537261963,0.9981537461280823,0.37894493341445923,0.36334893107414246,0.3219657242298126,0.9454312920570374,0.48405981063842773,0.46769124269485474,-0.5461029410362244,0.9931085705757141,0.4010365307331085,0.3551664352416992,0.3035680055618286,0.8996132016181946,0.47992846369743347,0.4601515233516693,-0.5175685882568359,0.9925205111503601,0.4062376022338867,0.3567170798778534,0.33430853486061096,0.8949209451675415,0.4835968613624573,0.46261468529701233,-0.46868130564689636,0.986032247543335,0.4007437825202942,0.3610092103481293,0.32874470949172974,0.8864015340805054,0.49218812584877014,0.568844199180603,-0.0701952651143074,0.9990754723548889,0.4202839434146881,0.5739671587944031,0.07072669267654419,0.9988847374916077,0.473830908536911,0.6628863215446472,-0.383155882358551,0.9487711191177368,0.4139554500579834,0.6665275692939758,-0.025676872581243515,0.7920840382575989,0.4822423756122589,0.7640416026115417,-0.2988271415233612,0.9430111646652222,0.4717666208744049,0.7614903450012207,0.22149312496185303,0.8604394197463989,0.4910077154636383,0.7768421173095703,-0.29691776633262634,0.8691466450691223,0.4914022386074066,0.7704244256019592,0.23815712332725525,0.8208035230636597,0.4697473347187042,0.8002623319625854,-0.5416291356086731,0.9493290185928345,0.45781242847442627,0.7978833913803101,0.03458879888057709,0.8732059001922607
IMG_9698,16,529,good,0.4417945444583893,0.40984293818473816,-0.19536691904067993,0.9999554753303528,0.45078518986701965,0.4009990096092224,-0.18299435079097748,0.999942421913147,0.45512956380844116,0.4008038640022278,-0.18310508131980896,0.9999421238899231,0.4592798054218292,0.400745153427124,-0.18325258791446686,0.9999464750289917,0.43666061758995056,0.4009151756763458,-0.16097265481948853,0.99990314245224,0.43131858110427856,0.4006647765636444,-0.16101157665252686,0.9998480081558228,0.42636361718177795,0.4004380404949188,-0.1609514206647873,0.9998548030853271,0.4639303386211395,0.4026583433151245,0.0060819960199296474,0.9999615550041199,0.4198329448699951,0.40167704224586487,0.05320644751191139,0.999804675579071,0.44873982667922974,0.4166390001773834,-0.13538651168346405,0.9999587535858154,0.4318896532058716,0.4163363575935364,-0.13604198396205902,0.9999247193336487,0.5113889575004578,0.45092353224754333,0.044732462614774704,0.9999791979789734,0.3815765082836151,0.44057607650756836,0.13008937239646912,0.999667763710022,0.5581820011138916,0.5165063142776489,-0.1954328864812851,0.9989650249481201,0.29938754439353943,0.394206166267395,0.10062681883573532,0.8367730379104614,0.5027422308921814,0.4824424088001251,-0.5427535176277161,0.9980260729789734,0.38286668062210083,0.3577304482460022,0.17924125492572784,0.9484290480613708,0.48302364349365234,0.4722669720649719,-0.6166576147079468,0.992706298828125,0.4043647348880768,0.34885671734809875,0.1485535353422165,0.8943668603897095,0.47898322343826294,0.4646688401699066,-0.567949652671814,0.9921013712882996,0.41058504581451416,0.35047557950019836,0.1806449294090271,0.8878157138824463,0.482456237077713,0.466795951128006,-0.5338032841682434,0.9852601885795593,0.404319703578949,0.354920893907547,0.18453311920166016,0.8805490732192993,0.4924294948577881,0.5732122659683228,-0.058758124709129333,0.9991592764854431,0.41734778881073,0.576310932636261,0.05903065949678421,0.9989737272262573,0.47464802861213684,0.6637449860572815,-0.2957375645637512,0.9523398280143738,0.40012896060943604,0.6674231290817261,-0.01612023450434208,0.8079150319099426,0.48235565423965454,0.7669966220855713,-0.2241796851158142,0.9475002884864807,0.46728795766830444,0.7510034441947937,0.4235401153564453,0.864407479763031,0.4912298023700714,0.7784833312034607,-0.2824406921863556,0.8704726099967957,0.48670822381973267,0.7539077401161194,0.45984357595443726,0.8165430426597595,0.46917298436164856,0.8068143725395203,-0.3978893756866455,0.9529904723167419,0.4550521671772003,0.7863448858261108,0.30351829528808594,0.8769801259040833
IMG_9698,17,563,good,0.44479724764823914,0.41148653626441956,-0.3227037489414215,0.9999569654464722,0.4545801281929016,0.40245598554611206,-0.2858213186264038,0.9999434947967529,0.4589625895023346,0.40253207087516785,-0.2858375906944275,0.9999418258666992,0.46330469846725464,0.40271028876304626,-0.28595268726348877,0.9999478459358215,0.4402092397212982,0.4018891751766205,-0.27811288833618164,0.999901533126831,0.4345359206199646,0.40159446001052856,-0.2781161665916443,0.999841570854187,0.42946767807006836,0.4012899100780487,-0.2781289219856262,0.9998509287834167,0.4679827094078064,0.4046238660812378,-0.07860015332698822,0.9999603629112244,0.4228909909725189,0.4025050401687622,-0.04958160221576691,0.9998113512992859,0.451652854681015,0.41898664832115173,-0.24873682856559753,0.9999610781669617,0.43351292610168457,0.41809794306755066,-0.2427414506673813,0.9999285340309143,0.5150935053825378,0.45447033643722534,-0.02034827508032322,0.9999802112579346,0.38175082206726074,0.4410317540168762,0.06458567827939987,0.9996811151504517,0.5581393837928772,0.5227127075195312,-0.2808922529220581,0.9989578723907471,0.30413416028022766,0.39392054080963135,0.0158565491437912,0.8529321551322937,0.5024147033691406,0.4916153848171234,-0.6296913027763367,0.9979233741760254,0.38285452127456665,0.3521836996078491,0.048143964260816574,0.9518747925758362,0.4827316403388977,0.4821379482746124,-0.7095063328742981,0.9923446178436279,0.40078529715538025,0.3426917493343353,0.005163732450455427,0.8952080607414246,0.47942984104156494,0.47287681698799133,-0.6783410906791687,0.9917343258857727,0.408660352230072,0.34439584612846375,0.03591453284025192,0.8877599239349365,0.4828643202781677,0.4744518995285034,-0.6248366236686707,0.9845408201217651,0.40350812673568726,0.3488762676715851,0.051399607211351395,0.881167471408844,0.4931894838809967,0.5787327289581299,-0.05828774720430374,0.9992289543151855,0.41669633984565735,0.5822001099586487,0.05854560062289238,0.9990425705909729,0.4778899550437927,0.6726309061050415,-0.2897346019744873,0.9556542634963989,0.3960384726524353,0.672703206539154,-0.014493769034743309,0.8241720795631409,0.4822887182235718,0.7775532603263855,-0.0980987399816513,0.9516928791999817,0.4646608531475067,0.7507272958755493,0.506801962852478,0.8673556447029114,0.4904032349586487,0.7898495197296143,-0.10335800796747208,0.8723292946815491,0.48016539216041565,0.7561441659927368,0.5469274520874023,0.812497615814209,0.4670770764350891,0.8121669888496399,-0.3781273365020752,0.9560641050338745,0.4540795683860779,0.7870022654533386,0.39175859093666077,0.8789604306221008
IMG_9698,18,596,good,0.448140949010849,0.41280192136764526,-0.30179405212402344,0.9999561905860901,0.45840561389923096,0.40378060936927795,-0.26719990372657776,0.999941349029541,0.463042289018631,0.40398651361465454,-0.2672351896762848,0.9999374747276306,0.467671275138855,0.40424859523773193,-0.26735490560531616,0.9999467730522156,0.4439789056777954,0.4029131531715393,-0.257790207862854,0.9998908638954163,0.43831732869148254,0.40263479948043823,-0.257798969745636,0.9998173713684082,0.43341925740242004,0.40241166949272156,-0.2578110098838806,0.9998327493667603,0.47323134541511536,0.4068182408809662,-0.07362063974142075,0.999954879283905,0.4265719950199127,0.4041898548603058,-0.03295867517590523,0.9998002648353577,0.4556892216205597,0.42130035161972046,-0.23079435527324677,0.9999624490737915,0.43716585636138916,0.4202294647693634,-0.22160017490386963,0.9999295473098755,0.521521270275116,0.4599567949771881,-0.020160065963864326,0.9999806880950928,0.3827224373817444,0.4442882537841797,0.0673251673579216,0.9996843338012695,0.5570709705352783,0.5303480625152588,-0.29010120034217834,0.9988923668861389,0.31650274991989136,0.395738422870636,-0.047861553728580475,0.8674190044403076,0.5026906132698059,0.4997948706150055,-0.638115644454956,0.9977582097053528,0.38281115889549255,0.3515561819076538,-0.11178998649120331,0.954879105091095,0.48352131247520447,0.4895353317260742,-0.7168336510658264,0.9919490218162537,0.39771148562431335,0.3399702310562134,-0.16784749925136566,0.8967368006706238,0.48117595911026,0.4803503155708313,-0.6933535933494568,0.9913564324378967,0.4055615961551666,0.34118565917015076,-0.144560769200325,0.8887443542480469,0.4844387471675873,0.48190581798553467,-0.6359780430793762,0.9838570952415466,0.4014914631843567,0.3472081422805786,-0.11449319869279861,0.8828222155570984,0.4929291307926178,0.5828342437744141,-0.04502197727560997,0.9992954730987549,0.414241760969162,0.5850597023963928,0.04518991336226463,0.9991093277931213,0.47788724303245544,0.6756364703178406,-0.26568636298179626,0.9585999250411987,0.39414045214653015,0.6773116588592529,-0.021654510870575905,0.8386486768722534,0.48235225677490234,0.778562068939209,-0.09594054520130157,0.9551981091499329,0.4613659083843231,0.7486697435379028,0.5001956224441528,0.8638557195663452,0.49057090282440186,0.7905827760696411,-0.09521833807229996,0.8683921098709106,0.4681488275527954,0.7534052133560181,0.5436217188835144,0.7924704551696777,0.46572330594062805,0.8130797743797302,-0.35500064492225647,0.9584717154502869,0.45257100462913513,0.7855024337768555,0.3923451602458954,0.875489354133606
IMG_9698,19,629,good,0.45235297083854675,0.4153631031513214,-0.3445097506046295,0.9999529123306274,0.46194422245025635,0.40661653876304626,-0.30653589963912964,0.9999365210533142,0.4663553237915039,0.40685364603996277,-0.30655673146247864,0.9999294281005859,0.470930278301239,0.4071565270423889,-0.3066522777080536,0.9999428391456604,0.4484804570674896,0.4059761166572571,-0.29882949590682983,0.9998745322227478,0.44339752197265625,0.40585172176361084,-0.29886043071746826,0.9997838139533997,0.4388808608055115,0.4057270288467407,-0.2989090383052826,0.9998059868812561,0.4763718843460083,0.4104715883731842,-0.1124233677983284,0.9999437928199768,0.43221527338027954,0.40779370069503784,-0.07508072257041931,0.9997773170471191,0.4604603350162506,0.42346227169036865,-0.2750823497772217,0.9999634027481079,0.44263458251953125,0.4225529730319977,-0.26544103026390076,0.999929666519165,0.5260589718818665,0.46443915367126465,-0.07282796502113342,0.9999811053276062,0.3836306929588318,0.44762349128723145,0.011820797808468342,0.9996957778930664,0.5564290285110474,0.5358288288116455,-0.35735535621643066,0.998830258846283,0.32751980423927307,0.39893215894699097,-0.12324485927820206,0.8805540800094604,0.5048630833625793,0.5078102946281433,-0.7220315933227539,0.9975326061248779,0.38333913683891296,0.34856459498405457,-0.20980194211006165,0.9584711194038391,0.4878621995449066,0.5000077486038208,-0.8061946630477905,0.9914111495018005,0.39562198519706726,0.33613502979278564,-0.26920363306999207,0.9020857214927673,0.4850216209888458,0.4880456328392029,-0.783236026763916,0.9907931089401245,0.403304785490036,0.33731719851493835,-0.24821430444717407,0.894073486328125,0.48804718255996704,0.49085721373558044,-0.720740795135498,0.9829371571540833,0.4008581340312958,0.3420165777206421,-0.21374700963497162,0.8886576294898987,0.49277785420417786,0.587517261505127,-0.046648330986499786,0.9993574023246765,0.41123726963996887,0.5880763530731201,0.046771902590990067,0.9991693496704102,0.4779951274394989,0.6792660355567932,-0.24702954292297363,0.9616663455963135,0.39423996210098267,0.6816248297691345,0.08924084156751633,0.8507388234138489,0.48273926973342896,0.7783408761024475,-0.05073872581124306,0.9584405422210693,0.4555201232433319,0.7454931735992432,0.6787451505661011,0.8558626174926758,0.4905264973640442,0.7902820110321045,-0.042897917330265045,0.8646918535232544,0.4675249755382538,0.7514031529426575,0.7292439937591553,0.7709041237831116,0.4656939208507538,0.8131930828094482,-0.3112322688102722,0.9607130289077759,0.45046547055244446,0.7803057432174683,0.5889178514480591,0.8707223534584045
IMG_9698,20,662,good,0.45573854446411133,0.4213496744632721,-0.34012359380722046,0.9999504685401917,0.4649607837200165,0.4122186601161957,-0.2993609607219696,0.9999352097511292,0.46927568316459656,0.41231176257133484,-0.29937854409217834,0.9999262690544128,0.47381988167762756,0.4124757647514343,-0.2994667589664459,0.9999409317970276,0.45130640268325806,0.4122190773487091,-0.29465344548225403,0.9998680949211121,0.44633984565734863,0.4122159779071808,-0.29470545053482056,0.9997717142105103,0.44155997037887573,0.4122181534767151,-0.2947024703025818,0.9997941255569458,0.47958511114120483,0.41606152057647705,-0.09722548723220825,0.9999380111694336,0.4359569847583771,0.41373515129089355,-0.07035807520151138,0.9997617602348328,0.46491333842277527,0.42894604802131653,-0.2668520510196686,0.9999645352363586,0.4474353790283203,0.42868366837501526,-0.26047345995903015,0.9999294877052307,0.5297768115997314,0.4692160487174988,-0.06098650395870209,0.9999814033508301,0.38412946462631226,0.45331937074661255,-0.009573502466082573,0.999699592590332,0.5560861825942993,0.5383955240249634,-0.3633534908294678,0.9986689686775208,0.3373662233352661,0.4052043855190277,-0.248281329870224,0.8923943638801575,0.507831335067749,0.5203447341918945,-0.7490082383155823,0.9971505403518677,0.3853898048400879,0.3499818742275238,-0.4234493672847748,0.9621540307998657,0.48986291885375977,0.5154227614402771,-0.8391782641410828,0.9905099272727966,0.3964166045188904,0.333842933177948,-0.49728745222091675,0.9095448851585388,0.4879699647426605,0.5029977560043335,-0.8157429099082947,0.9898673892021179,0.403768390417099,0.33427703380584717,-0.4676831364631653,0.9019140005111694,0.490426629781723,0.5036430954933167,-0.7483475208282471,0.9816422462463379,0.401962548494339,0.3413512110710144,-0.4246228337287903,0.8967320919036865,0.4932100772857666,0.5927404761314392,-0.03898244351148605,0.9994168281555176,0.41028785705566406,0.5934060215950012,0.03914247453212738,0.9992293119430542,0.4809921681880951,0.6814001202583313,-0.2997589111328125,0.9638410806655884,0.39393362402915955,0.6867773532867432,0.10616762936115265,0.8569788336753845,0.4833485782146454,0.779610812664032,-0.10415823757648468,0.960054874420166,0.4546351432800293,0.744739294052124,0.7026355862617493,0.8317995667457581,0.4906008541584015,0.790664792060852,-0.09160313010215759,0.8576741814613342,0.4596683382987976,0.7514998912811279,0.7549355626106262,0.735179603099823,0.46663329005241394,0.8125817775726318,-0.355741411447525,0.9614136815071106,0.44814571738243103,0.7811456322669983,0.6192358732223511,0.8512098789215088
IMG_9698,21,695,good,0.4597325325012207,0.42716193199157715,-0.2426951378583908,0.9999448657035828,0.469611257314682,0.4179607033729553,-0.1955251395702362,0.9999343752861023,0.4744512438774109,0.4180562496185303,-0.19560275971889496,0.9999239444732666,0.47950026392936707,0.41823577880859375,-0.19572477042675018,0.9999398589134216,0.45477792620658875,0.41834622621536255,-0.1954747587442398,0.9998608231544495,0.44952869415283203,0.4185238182544708,-0.19550924003124237,0.999757707118988,0.4444992244243622,0.4187096059322357,-0.19540788233280182,0.9997779130935669,0.4866865277290344,0.42265740036964417,0.015217932872474194,0.9999353289604187,0.43894773721694946,0.42060941457748413,0.01877531409263611,0.9997316598892212,0.47037479281425476,0.4355022609233856,-0.16835598647594452,0.9999645352363586,0.45209643244743347,0.43566519021987915,-0.16802695393562317,0.9999245405197144,0.5339294075965881,0.47563302516937256,0.02107001654803753,0.9999816417694092,0.3856535255908966,0.46004387736320496,0.044718243181705475,0.9996860027313232,0.5557754039764404,0.541537880897522,-0.320462167263031,0.9983095526695251,0.3465004563331604,0.4074312746524811,-0.21247735619544983,0.902975857257843,0.5071245431900024,0.5269415974617004,-0.6870046854019165,0.9965580701828003,0.3849146366119385,0.3522986173629761,-0.41860780119895935,0.9654804468154907,0.4888809621334076,0.5226269960403442,-0.7769352197647095,0.9891986846923828,0.39373135566711426,0.3352327346801758,-0.4943119287490845,0.9167169332504272,0.48685890436172485,0.5117554664611816,-0.7546238899230957,0.9885977506637573,0.4006042778491974,0.3328794240951538,-0.47173047065734863,0.909598708152771,0.4894784390926361,0.511867880821228,-0.6862316131591797,0.9798775315284729,0.39910873770713806,0.34015047550201416,-0.4224644601345062,0.904555082321167,0.4932496249675751,0.5974166393280029,-0.028106780722737312,0.9994727969169617,0.40812844038009644,0.5977790355682373,0.028440866619348526,0.9992865920066833,0.4835006296634674,0.6804710626602173,-0.4425963759422302,0.9627932906150818,0.3953756093978882,0.6897242069244385,0.12740425765514374,0.8453698754310608,0.4827404022216797,0.7817762494087219,-0.3268069624900818,0.9575504660606384,0.45570558309555054,0.7462933659553528,0.6374567151069641,0.7920281291007996,0.48500677943229675,0.7928611040115356,-0.3215157687664032,0.8496236205101013,0.4583524465560913,0.7548568248748779,0.6789578199386597,0.6915454864501953,0.4683772921562195,0.8114009499549866,-0.5850340127944946,0.9587016701698303,0.44780904054641724,0.7836539149284363,0.5199206471443176,0.8156337738037109
IMG_9698,22,728,good,0.4662294387817383,0.4344983994960785,-0.1953035444021225,0.999936580657959,0.47520434856414795,0.4254361689090729,-0.1468193233013153,0.9999333024024963,0.4799284338951111,0.42548075318336487,-0.14693115651607513,0.9999217391014099,0.4848221242427826,0.4256359040737152,-0.1470690816640854,0.9999387264251709,0.4603332579135895,0.4255644679069519,-0.1487157642841339,0.9998539090156555,0.4548989534378052,0.42559224367141724,-0.14877289533615112,0.9997461438179016,0.44958391785621643,0.4255923926830292,-0.14867690205574036,0.9997645020484924,0.4916171133518219,0.4292071759700775,0.06762959063053131,0.9999333620071411,0.44289833307266235,0.42739906907081604,0.06281491369009018,0.9996967911720276,0.47654977440834045,0.4424421191215515,-0.1195225715637207,0.9999634623527527,0.4585344195365906,0.44231024384498596,-0.12128616869449615,0.9999140501022339,0.5370286107063293,0.4833788573741913,0.0684128999710083,0.9999811053276062,0.38894331455230713,0.4661671221256256,0.046154141426086426,0.9996405839920044,0.5552029609680176,0.5467526316642761,-0.2689012587070465,0.9972374439239502,0.35477638244628906,0.4303821921348572,-0.19476178288459778,0.9123741984367371,0.5085159540176392,0.5365177989006042,-0.6682789325714111,0.9947418570518494,0.3833860754966736,0.3570300042629242,-0.44186386466026306,0.9684677124023438,0.4909132122993469,0.5333545207977295,-0.7586999535560608,0.9859148263931274,0.3916545808315277,0.3382070064544678,-0.5178271532058716,0.9233627319335938,0.48880794644355774,0.5226429104804993,-0.7391684651374817,0.9854323267936707,0.3993106186389923,0.33663907647132874,-0.4999842345714569,0.9167832732200623,0.4912753105163574,0.5232948064804077,-0.6687076687812805,0.9753301739692688,0.39701712131500244,0.34407708048820496,-0.4474684000015259,0.9118013978004456,0.49323198199272156,0.6041192412376404,-0.03180369362235069,0.9995235204696655,0.40746575593948364,0.6051898002624512,0.03224664553999901,0.9993358254432678,0.4837758243083954,0.6813623905181885,-0.5615016222000122,0.962640643119812,0.39675232768058777,0.6966530680656433,0.15661591291427612,0.8267554640769958,0.48047247529029846,0.7841158509254456,-0.54009610414505,0.9566119909286499,0.45509976148605347,0.7476261258125305,0.6384402513504028,0.7530260682106018,0.48310014605522156,0.7989593148231506,-0.5451301336288452,0.841850996017456,0.4577667713165283,0.7594814300537109,0.6771110892295837,0.6534097790718079,0.46445056796073914,0.8119041323661804,-0.8221184015274048,0.9574186205863953,0.44528070092201233,0.7835028171539307,0.5218905210494995,0.7835627794265747
IMG_9698,23,761,good,0.47196510434150696,0.43927931785583496,-0.16208122670650482,0.9999164938926697,0.48029372096061707,0.43079692125320435,-0.1135178804397583,0.9999275803565979,0.48494574427604675,0.43101441860198975,-0.11365224421024323,0.9999136924743652,0.489696204662323,0.4312390089035034,-0.11381068825721741,0.999933660030365,0.46555185317993164,0.43044158816337585,-0.11425036936998367,0.9998320937156677,0.460153728723526,0.4304409921169281,-0.11431270092725754,0.9997075200080872,0.45479583740234375,0.4304041266441345,-0.11422248929738998,0.9997238516807556,0.4950799345970154,0.435146689414978,0.099444679915905,0.9999274611473083,0.44675058126449585,0.4329279959201813,0.09940604120492935,0.9995986223220825,0.48175138235092163,0.4478779137134552,-0.0871913805603981,0.9999589323997498,0.46397626399993896,0.4473864734172821,-0.08740710467100143,0.9998835921287537,0.5396917462348938,0.49111661314964294,0.09741763025522232,0.9999791979789734,0.39319077134132385,0.4741232991218567,0.09221915155649185,0.9995390772819519,0.553421676158905,0.5531666278839111,-0.23236525058746338,0.9953164458274841,0.36259904503822327,0.44469740986824036,-0.19586479663848877,0.9205601811408997,0.5097602605819702,0.5466023683547974,-0.6366365551948547,0.9917311668395996,0.3826478123664856,0.36480629444122314,-0.4775519371032715,0.970860481262207,0.4922136664390564,0.5445302128791809,-0.7275794148445129,0.9807872176170349,0.3909984230995178,0.3411412537097931,-0.5552021265029907,0.9285736680030823,0.48993435502052307,0.5337378978729248,-0.7149186730384827,0.9805101156234741,0.39513540267944336,0.34056222438812256,-0.53575599193573,0.9224181175231934,0.49257704615592957,0.5338705778121948,-0.6403660178184509,0.9684861302375793,0.3957661986351013,0.3478061556816101,-0.48330557346343994,0.9173071980476379,0.49311670660972595,0.6093528270721436,-0.030736520886421204,0.9995694756507874,0.4059632122516632,0.6096661686897278,0.031284842640161514,0.9993810653686523,0.483755499124527,0.6814113855361938,-0.640605092048645,0.9623936414718628,0.39521780610084534,0.7043870687484741,0.12383021414279938,0.8070335984230042,0.4788894057273865,0.7867185473442078,-0.6336734294891357,0.9546005725860596,0.455641508102417,0.7491625547409058,0.6266307234764099,0.7053936123847961,0.48100167512893677,0.8032718896865845,-0.6387829184532166,0.8320794701576233,0.4581185281276703,0.7599404454231262,0.6697688698768616,0.6111942529678345,0.46013328433036804,0.812472939491272,-0.9093883037567139,0.9551392197608948,0.44521528482437134,0.7806131839752197,0.5314487814903259,0.7434603571891785
IMG_9698,24,794,good,0.4759379029273987,0.4427487254142761,-0.14966733753681183,0.9999105334281921,0.48458126187324524,0.4343479871749878,-0.10328389704227448,0.99992835521698,0.48940062522888184,0.434765487909317,-0.10340302437543869,0.9999150633811951,0.49421924352645874,0.4351744055747986,-0.10356201231479645,0.9999350905418396,0.4691459834575653,0.43374961614608765,-0.10305401682853699,0.9998288154602051,0.46344974637031555,0.4338048994541168,-0.10312779992818832,0.9997056126594543,0.4579119384288788,0.4338756203651428,-0.10303272306919098,0.9997187256813049,0.49893730878829956,0.4397547245025635,0.10547645390033722,0.9999299645423889,0.44967639446258545,0.43752965331077576,0.10868575423955917,0.9995589256286621,0.4858298897743225,0.4525054097175598,-0.07627905905246735,0.9999595284461975,0.46705546975135803,0.4518699645996094,-0.07569395750761032,0.999871551990509,0.5406954884529114,0.49848899245262146,0.10732031613588333,0.9999791383743286,0.39789173007011414,0.4809364080429077,0.1362382471561432,0.9994096755981445,0.5502209067344666,0.5605179667472839,-0.20658612251281738,0.9936153888702393,0.37137922644615173,0.4750024676322937,-0.17772312462329865,0.9265626072883606,0.5120837688446045,0.5562050938606262,-0.597138524055481,0.9892621636390686,0.38166576623916626,0.40361982583999634,-0.5475214719772339,0.9720754027366638,0.4948515295982361,0.556623101234436,-0.6804953217506409,0.9768166542053223,0.3844624161720276,0.385477751493454,-0.6306917071342468,0.9316272139549255,0.49305301904678345,0.5442201495170593,-0.6681941151618958,0.9767628908157349,0.385341078042984,0.38088512420654297,-0.6162769794464111,0.9258599877357483,0.495047003030777,0.5444010496139526,-0.599117636680603,0.9627968668937683,0.3888639211654663,0.3867533802986145,-0.556556761264801,0.9200032353401184,0.49101290106773376,0.6153364181518555,-0.03460705280303955,0.9996116161346436,0.40341252088546753,0.6166173219680786,0.035104747861623764,0.9994277954101562,0.483718603849411,0.680673360824585,-0.671069324016571,0.9647917151451111,0.3908657133579254,0.7128438949584961,0.09022630751132965,0.800061047077179,0.47886860370635986,0.7861025929450989,-0.6268375515937805,0.9558938145637512,0.4558071792125702,0.747860848903656,0.6247084736824036,0.6617112159729004,0.48109737038612366,0.8016237020492554,-0.6272149085998535,0.8242923617362976,0.45906054973602295,0.7504489421844482,0.6752811670303345,0.5742510557174683,0.45737406611442566,0.812192976474762,-0.877081036567688,0.9556572437286377,0.44331908226013184,0.7741093039512634,0.5786881446838379,0.7097316980361938
IMG_9698,25,828,good,0.47504884004592896,0.4516245722770691,-0.17347456514835358,0.99988853931427,0.48511505126953125,0.4432631731033325,-0.1277768462896347,0.9999210238456726,0.4901246726512909,0.4434722661972046,-0.12811578810214996,0.9999107122421265,0.49492019414901733,0.443758487701416,-0.12819820642471313,0.9999299645423889,0.4700232148170471,0.44259393215179443,-0.12387242913246155,0.9997971057891846,0.4650020897388458,0.44237831234931946,-0.12416979670524597,0.9996783137321472,0.4599476754665375,0.44217362999916077,-0.12411383539438248,0.9996815323829651,0.49994179606437683,0.44793131947517395,0.0906204879283905,0.9999285936355591,0.4525613784790039,0.44512274861335754,0.08969177305698395,0.9994519948959351,0.48478659987449646,0.46111077070236206,-0.09308624267578125,0.9999572038650513,0.4661412835121155,0.4601685106754303,-0.08803842961788177,0.9998217821121216,0.5414150953292847,0.5065503716468811,0.0918365865945816,0.9999775886535645,0.4004325270652771,0.48921841382980347,0.1294524073600769,0.9989859461784363,0.5438670516014099,0.5605425238609314,-0.26921600103378296,0.9919986724853516,0.383045494556427,0.5039359927177429,-0.20317836105823517,0.9292005896568298,0.5127080678939819,0.5618302226066589,-0.7017908096313477,0.9872843623161316,0.3823169469833374,0.4481586813926697,-0.6343672275543213,0.9726705551147461,0.49718424677848816,0.5645915269851685,-0.7857196927070618,0.9737184047698975,0.3824177086353302,0.42878058552742004,-0.7166081070899963,0.9343021512031555,0.4941144585609436,0.5548223257064819,-0.7845624089241028,0.9739840626716614,0.3817787170410156,0.42571502923965454,-0.7045190334320068,0.928972601890564,0.4961914122104645,0.5536078214645386,-0.7086594700813293,0.9584157466888428,0.3873249292373657,0.4328019618988037,-0.6439307928085327,0.921971321105957,0.4890914261341095,0.6196973323822021,-0.040587715804576874,0.9996491074562073,0.40284788608551025,0.621109664440155,0.040816716849803925,0.9994670152664185,0.4775681793689728,0.682559609413147,-0.6529150009155273,0.9674839973449707,0.3867706060409546,0.7156619429588318,0.06788886338472366,0.805485725402832,0.4787340462207794,0.7855710387229919,-0.5752668976783752,0.9580422639846802,0.4559575617313385,0.7483608722686768,0.5949001312255859,0.6377298831939697,0.4813762605190277,0.8002939224243164,-0.5741768479347229,0.8229236006736755,0.4616590738296509,0.748741090297699,0.6424665451049805,0.5565136671066284,0.44774097204208374,0.8133925795555115,-0.8208028674125671,0.9570119976997375,0.4457104206085205,0.7742000222206116,0.5356453061103821,0.6932070851325989
IMG_9698,26,861,good,0.485593318939209,0.45498496294021606,-0.14536187052726746,0.9998887777328491,0.49259817600250244,0.446003794670105,-0.1042267307639122,0.99992436170578,0.49700984358787537,0.44635072350502014,-0.10441522300243378,0.999915361404419,0.5013326406478882,0.4468533396720886,-0.10455889254808426,0.9999332427978516,0.4777994751930237,0.4453977942466736,-0.10392341017723083,0.9998020529747009,0.4720880687236786,0.4454006850719452,-0.1040167585015297,0.9996889233589172,0.46681615710258484,0.44548797607421875,-0.10394633561372757,0.9996854066848755,0.5034940242767334,0.4520587921142578,0.10938885807991028,0.9999335408210754,0.4553378224372864,0.4500281512737274,0.1074671745300293,0.9994563460350037,0.49329981207847595,0.46489089727401733,-0.06734823435544968,0.9999599456787109,0.47459834814071655,0.46345844864845276,-0.06756707280874252,0.9998270273208618,0.5425406694412231,0.5124452114105225,0.12117058038711548,0.9999788999557495,0.4009990394115448,0.497209757566452,0.14851056039333344,0.9988881945610046,0.5399171710014343,0.5616876482963562,-0.17674462497234344,0.9837893843650818,0.4040150046348572,0.5317106246948242,-0.17873287200927734,0.9068643450737,0.5123431086540222,0.5702497363090515,-0.5954835414886475,0.9813562035560608,0.41560128331184387,0.5403299331665039,-0.6392867565155029,0.9511418342590332,0.49670273065567017,0.5753978490829468,-0.688534140586853,0.9688669443130493,0.41228699684143066,0.5439555048942566,-0.732243001461029,0.9177795648574829,0.49374711513519287,0.5648716688156128,-0.702423632144928,0.9695669412612915,0.41336789727211,0.5393984913825989,-0.7291820645332336,0.9136318564414978,0.4960266649723053,0.5624447464942932,-0.6074764728546143,0.9524451494216919,0.4167666733264923,0.5389964580535889,-0.651504635810852,0.9011514782905579,0.48679977655410767,0.6261524558067322,-0.034740667790174484,0.9996839165687561,0.40188631415367126,0.6260946989059448,0.03514506667852402,0.999506950378418,0.47247838973999023,0.682048499584198,-0.660452663898468,0.9701276421546936,0.38410016894340515,0.7225416898727417,0.0015357318334281445,0.8129801154136658,0.47606903314590454,0.7854878306388855,-0.5233429670333862,0.9601225256919861,0.45436742901802063,0.7359982132911682,0.6114406585693359,0.5971789360046387,0.4813078045845032,0.798237681388855,-0.5146870017051697,0.8264077305793762,0.4623304009437561,0.7292448282241821,0.6715975999832153,0.5208998322486877,0.449493944644928,0.8116379380226135,-0.7525345087051392,0.9587511420249939,0.4630211293697357,0.7617008686065674,0.5875400304794312,0.6534777879714966
IMG_9698,27,894,good,0.49207401275634766,0.4627164900302887,-0.2657528519630432,0.9998652338981628,0.4970986843109131,0.4531826674938202,-0.23263968527317047,0.9998821020126343,0.5009137988090515,0.453326940536499,-0.23286418616771698,0.9998827576637268,0.5046249628067017,0.4535723030567169,-0.23302766680717468,0.9999023675918579,0.48317453265190125,0.4526260197162628,-0.23318025469779968,0.9997208118438721,0.4770500361919403,0.45249107480049133,-0.23318533599376678,0.9995821714401245,0.4714212119579315,0.4525028467178345,-0.2331853210926056,0.9995567202568054,0.5045357942581177,0.4574403762817383,-0.044218629598617554,0.9998900294303894,0.4576777219772339,0.4567985236644745,-0.04079786315560341,0.9992044568061829,0.4974473714828491,0.4716299772262573,-0.19474920630455017,0.9999516606330872,0.480037659406662,0.4708973169326782,-0.19394373893737793,0.9998000860214233,0.5429223775863647,0.5131985545158386,-0.008111593313515186,0.9999800324440002,0.4029099941253662,0.5051807165145874,0.07302481681108475,0.9989199638366699,0.5388165712356567,0.5619841814041138,-0.19964547455310822,0.9797893762588501,0.40859684348106384,0.5701847672462463,0.07716486603021622,0.8986568450927734,0.5122537016868591,0.5746188759803772,-0.6438742280006409,0.9765233993530273,0.40621376037597656,0.6247419118881226,-0.07309585064649582,0.9264768362045288,0.4974867105484009,0.5790395140647888,-0.742731511592865,0.964603841304779,0.4078218340873718,0.6380379796028137,-0.12065761536359787,0.892082929611206,0.49373772740364075,0.5705217123031616,-0.7559043765068054,0.9655961394309998,0.41294795274734497,0.6383236050605774,-0.1646323800086975,0.8896836638450623,0.49627363681793213,0.5687599182128906,-0.6589967012405396,0.9462778568267822,0.4130193293094635,0.6331766247749329,-0.09331478923559189,0.8734589219093323,0.48489153385162354,0.6291860938072205,-0.03544093668460846,0.9997134208679199,0.40195780992507935,0.6279897689819336,0.03588566184043884,0.9995144605636597,0.47266387939453125,0.6957914233207703,-0.4999983012676239,0.9694458246231079,0.3845624625682831,0.7188472747802734,0.02694985829293728,0.8065981268882751,0.4734652042388916,0.7851300835609436,-0.3148411512374878,0.9581363797187805,0.451241135597229,0.747150719165802,0.5944846868515015,0.5652592182159424,0.48141276836395264,0.7977979779243469,-0.30196914076805115,0.814744234085083,0.46102824807167053,0.7406485676765442,0.6448439359664917,0.49391451478004456,0.4469277858734131,0.812813401222229,-0.5304311513900757,0.9559546113014221,0.45894721150398254,0.7716066241264343,0.5333685874938965,0.6221125721931458
IMG_9698,28,927,good,0.49669578671455383,0.4668300747871399,-0.2559294104576111,0.9998750686645508,0.49905654788017273,0.4571824073791504,-0.2186940610408783,0.999887228012085,0.5023010969161987,0.4574120342731476,-0.21887166798114777,0.9998883008956909,0.5054336786270142,0.45770472288131714,-0.21897341310977936,0.9999067187309265,0.4864095151424408,0.45636633038520813,-0.22113050520420074,0.9997357130050659,0.4805862009525299,0.4562188684940338,-0.22115005552768707,0.999606728553772,0.473895788192749,0.4562053382396698,-0.2211899310350418,0.99958336353302,0.5035074353218079,0.46125274896621704,-0.028691407293081284,0.9998878836631775,0.46009790897369385,0.460612416267395,-0.03664223104715347,0.999247133731842,0.500155508518219,0.47578999400138855,-0.18626753985881805,0.9999541640281677,0.4852774739265442,0.4754030406475067,-0.1884671300649643,0.9998131394386292,0.5428618788719177,0.5172831416130066,0.008104498498141766,0.9999814629554749,0.4043272137641907,0.5131831169128418,0.03849295154213905,0.9990077614784241,0.5348141193389893,0.5688297748565674,-0.20111438632011414,0.9769832491874695,0.40742018818855286,0.586571216583252,0.04412379860877991,0.8999075293540955,0.5121192336082458,0.5805485248565674,-0.6436476111412048,0.976223349571228,0.40691864490509033,0.6455785632133484,-0.09325850009918213,0.9148291945457458,0.4974510371685028,0.5847936272621155,-0.7407060861587524,0.965024471282959,0.4044298529624939,0.6620469689369202,-0.14035272598266602,0.8789169788360596,0.4936610460281372,0.5757107138633728,-0.7406607866287231,0.9661214351654053,0.4127434492111206,0.663329541683197,-0.17611707746982574,0.8774368166923523,0.49635568261146545,0.5736010670661926,-0.653855562210083,0.9469815492630005,0.4144710898399353,0.6568766832351685,-0.10857711732387543,0.8590258955955505,0.4844282865524292,0.6328168511390686,-0.021031344309449196,0.9997405409812927,0.4037364423274994,0.6326261758804321,0.021285714581608772,0.9995517134666443,0.4668821096420288,0.6945194005966187,-0.450746089220047,0.9623172879219055,0.3890100121498108,0.7164527773857117,-0.2484184056520462,0.8071088790893555,0.4728114604949951,0.782704770565033,-0.19713059067726135,0.9416732788085938,0.4458690285682678,0.7474552392959595,0.2751253843307495,0.5294193625450134,0.48014119267463684,0.791953980922699,-0.1754927933216095,0.787212610244751,0.4533158540725708,0.743672788143158,0.3263206481933594,0.4609832167625427,0.45052897930145264,0.8126406669616699,-0.36235952377319336,0.9406989216804504,0.45872417092323303,0.779319703578949,0.22084163129329681,0.5881844758987427
IMG_9698,29,960,good,0.5001603364944458,0.47096410393714905,-0.36610984802246094,0.9998594522476196,0.5010291934013367,0.46181029081344604,-0.3333633840084076,0.9998278617858887,0.5037918090820312,0.4619590640068054,-0.3335479199886322,0.9998380541801453,0.5063756704330444,0.4621536433696747,-0.3336353600025177,0.9998598694801331,0.48910659551620483,0.4614277482032776,-0.34068939089775085,0.9996492266654968,0.4838019609451294,0.46142807602882385,-0.3406945765018463,0.9994964599609375,0.4779027998447418,0.46154794096946716,-0.34079959988594055,0.9994596242904663,0.5027898550033569,0.46560028195381165,-0.14834193885326385,0.9997400045394897,0.4628620743751526,0.46572333574295044,-0.1734323501586914,0.9990304708480835,0.5020666718482971,0.47997549176216125,-0.2961711883544922,0.9999354481697083,0.4894327223300934,0.47981810569763184,-0.303486168384552,0.9997771382331848,0.542903482913971,0.5184831023216248,-0.0614272803068161,0.9999808669090271,0.40829357504844666,0.5189238786697388,-0.09761190414428711,0.9990552067756653,0.5328290462493896,0.5706773400306702,-0.24289444088935852,0.9719984531402588,0.40852612257003784,0.5892862677574158,-0.021250922232866287,0.9043161273002625,0.5129981637001038,0.5823361873626709,-0.6773465871810913,0.9754414558410645,0.4141492545604706,0.6584054231643677,-0.17203858494758606,0.9059439897537231,0.5002733469009399,0.5875146389007568,-0.7636449337005615,0.9645906686782837,0.4105936586856842,0.6737650036811829,-0.21468476951122284,0.8656493425369263,0.4950910210609436,0.5798519253730774,-0.7716598510742188,0.9659120440483093,0.42226821184158325,0.6754207015037537,-0.2492576390504837,0.8650022745132446,0.49739396572113037,0.5778535008430481,-0.6890884637832642,0.9466997385025024,0.4237173795700073,0.6688867211341858,-0.18584361672401428,0.846089780330658,0.48276209831237793,0.63289475440979,0.0044964272528886795,0.9997482895851135,0.4065917730331421,0.6322537064552307,-0.004263427574187517,0.9995219111442566,0.46581363677978516,0.7019622921943665,-0.26376357674598694,0.9379634857177734,0.42039525508880615,0.7143946290016174,-0.2552894651889801,0.7959594130516052,0.47070440649986267,0.7798938751220703,-0.00017791791469790041,0.9053686857223511,0.4437783360481262,0.7462058067321777,0.220464289188385,0.4943445026874542,0.4751318395137787,0.7876767516136169,0.02047526277601719,0.7423022985458374,0.4456340968608856,0.7448645830154419,0.2659122347831726,0.4292725622653961,0.4607313871383667,0.8138211369514465,-0.15095099806785583,0.9038133025169373,0.45740607380867004,0.7803550958633423,0.1478736251592636,0.5555940270423889
IMG_9698,30,993,good,0.5017935037612915,0.4753017723560333,-0.5899607539176941,0.9998693466186523,0.5022374987602234,0.46616801619529724,-0.5571717619895935,0.9998283982276917,0.5050501227378845,0.4662877917289734,-0.5573261976242065,0.9998406171798706,0.5077735185623169,0.46643340587615967,-0.5574033260345459,0.9998540878295898,0.4898189902305603,0.4656716287136078,-0.5674946308135986,0.9996622800827026,0.48377278447151184,0.4656136929988861,-0.5675198435783386,0.9995232224464417,0.47753894329071045,0.46575143933296204,-0.5676038861274719,0.9994791746139526,0.5035418272018433,0.4691227078437805,-0.3490825891494751,0.9997162818908691,0.46220827102661133,0.469990611076355,-0.3882687985897064,0.9991028904914856,0.5042548775672913,0.4842187464237213,-0.5100430846214294,0.9999376535415649,0.4902518391609192,0.484060138463974,-0.5213932394981384,0.999793529510498,0.5428799390792847,0.520897388458252,-0.19175317883491516,0.9999814033508301,0.40914422273635864,0.5241870284080505,-0.30709460377693176,0.9991389513015747,0.530811071395874,0.5738734602928162,-0.3994998335838318,0.9645134210586548,0.4107497036457062,0.6001485586166382,-0.32563868165016174,0.9118848443031311,0.5139635801315308,0.584145724773407,-0.8680339455604553,0.973313570022583,0.41942325234413147,0.6797911524772644,-0.42467817664146423,0.9089775085449219,0.5037510991096497,0.5906429886817932,-0.9574129581451416,0.9633958339691162,0.4173205494880676,0.7005864977836609,-0.4715205729007721,0.8685367107391357,0.49749067425727844,0.5835253000259399,-0.9663421511650085,0.9650026559829712,0.4278530478477478,0.7020238637924194,-0.5025086998939514,0.8678663372993469,0.4986458718776703,0.5812785625457764,-0.8807835578918457,0.9455469846725464,0.43050169944763184,0.6906587481498718,-0.4349020719528198,0.8488962650299072,0.48240038752555847,0.6334214806556702,0.029212970286607742,0.9997595548629761,0.4072988033294678,0.6317501664161682,-0.0289020873606205,0.9995192885398865,0.4740622043609619,0.705830454826355,-0.2257455289363861,0.9192891716957092,0.43248221278190613,0.7097076773643494,-0.39551085233688354,0.8045775890350342,0.47080668807029724,0.7774088382720947,0.09426844865083694,0.8833115100860596,0.43539151549339294,0.7460445165634155,0.1040327399969101,0.49178922176361084,0.4689958393573761,0.7880315184593201,0.11830386519432068,0.7126426696777344,0.43393218517303467,0.744150698184967,0.15227110683918,0.4187912046909332,0.47080549597740173,0.8138205409049988,-0.04185807332396507,0.8811126351356506,0.44570401310920715,0.7841111421585083,0.03346681594848633,0.5565849542617798
IMG_9698,31,1026,good,0.5013715624809265,0.4785062372684479,-0.6148204803466797,0.9998772740364075,0.5020590424537659,0.46918174624443054,-0.587585985660553,0.9998325705528259,0.5049229860305786,0.4691932499408722,-0.5877167582511902,0.9998451471328735,0.5077258348464966,0.469279408454895,-0.5877972841262817,0.9998536705970764,0.48934969305992126,0.4690759479999542,-0.5952528119087219,0.9996725916862488,0.4830317199230194,0.46907880902290344,-0.5953007340431213,0.9995419383049011,0.47672238945961,0.4692007005214691,-0.5953899025917053,0.999488115310669,0.5034926533699036,0.4721876084804535,-0.39123332500457764,0.9997068643569946,0.46163973212242126,0.4735103249549866,-0.4196166694164276,0.9991251826286316,0.5044640898704529,0.4872598946094513,-0.5377460718154907,0.9999406933784485,0.489627867937088,0.4874103367328644,-0.5461944937705994,0.9998065233230591,0.5433881878852844,0.5230791568756104,-0.23451721668243408,0.9999821782112122,0.40971827507019043,0.527532696723938,-0.3241232931613922,0.9992063045501709,0.5280333161354065,0.5799224972724915,-0.41155460476875305,0.9530802965164185,0.41094642877578735,0.6037973165512085,-0.33256861567497253,0.9194204807281494,0.5138588547706604,0.5915476083755493,-0.8488829135894775,0.9668071866035461,0.42187702655792236,0.6831868290901184,-0.4291056990623474,0.9122015237808228,0.5049903988838196,0.5974456667900085,-0.9344764947891235,0.9568932056427002,0.4210070073604584,0.7049449682235718,-0.46821823716163635,0.8712901473045349,0.4995609521865845,0.5890998244285583,-0.9439066648483276,0.9591310620307922,0.4311144948005676,0.7061349153518677,-0.4989326298236847,0.8707799315452576,0.4995807111263275,0.5870006680488586,-0.8606798052787781,0.938085675239563,0.4329565167427063,0.6995357275009155,-0.4387773275375366,0.850888192653656,0.4820909798145294,0.6340063214302063,0.01470699068158865,0.9997804760932922,0.40731436014175415,0.63416987657547,-0.014365959912538528,0.9995134472846985,0.47415515780448914,0.6932456493377686,-0.46091923117637634,0.912935733795166,0.424514502286911,0.7171023488044739,-0.10640653222799301,0.7800512313842773,0.47058260440826416,0.7766528725624084,-0.2267446666955948,0.8646231889724731,0.42829108238220215,0.7510738968849182,0.41478869318962097,0.4573253095149994,0.4665672183036804,0.7883940935134888,-0.2083832174539566,0.6903910040855408,0.42841464281082153,0.7486533522605896,0.46255120635032654,0.38840746879577637,0.4727155268192291,0.8136524558067322,-0.39065444469451904,0.8705945611000061,0.44266048073768616,0.7886011600494385,0.33959388732910156,0.5222616195678711
IMG_9698,32,1059,good,0.5017580389976501,0.4805690348148346,-0.5967011451721191,0.9998865723609924,0.5021348595619202,0.47115227580070496,-0.5705833435058594,0.999845027923584,0.5047702193260193,0.4711341857910156,-0.5706920027732849,0.9998568296432495,0.5074058771133423,0.47120365500450134,-0.5707971453666687,0.9998640418052673,0.4898015260696411,0.470858097076416,-0.5746256709098816,0.9996933937072754,0.48314616084098816,0.4707326292991638,-0.5746225714683533,0.9995704293251038,0.477243036031723,0.4708174169063568,-0.5746557116508484,0.9995145201683044,0.5031315088272095,0.4739985764026642,-0.37842559814453125,0.9997262954711914,0.46143031120300293,0.4751092195510864,-0.38842761516571045,0.999168872833252,0.5047429800033569,0.48942312598228455,-0.5209810733795166,0.9999458193778992,0.49013766646385193,0.48929357528686523,-0.5241919159889221,0.999821662902832,0.5433163642883301,0.5251187682151794,-0.22932666540145874,0.9999836683273315,0.40916404128074646,0.5301890969276428,-0.2809225916862488,0.9992621541023254,0.5270450115203857,0.5841158628463745,-0.41470643877983093,0.9501580595970154,0.41166767477989197,0.6108214259147644,-0.27461811900138855,0.9259345531463623,0.5162992477416992,0.5933669805526733,-0.868896484375,0.9661464691162109,0.4251570403575897,0.686600387096405,-0.3841405510902405,0.9158217310905457,0.5081578493118286,0.598152756690979,-0.9515405893325806,0.9566984176635742,0.42559483647346497,0.7062530517578125,-0.43180787563323975,0.8751312494277954,0.5037966966629028,0.5898144245147705,-0.961400032043457,0.9591537714004517,0.4346292316913605,0.7074182033538818,-0.4531724154949188,0.8748154044151306,0.5041670799255371,0.5876371264457703,-0.8801397681236267,0.9381365180015564,0.43670523166656494,0.7009752988815308,-0.39471346139907837,0.8546622395515442,0.48125073313713074,0.6359161138534546,0.006079861894249916,0.9998014569282532,0.4059750735759735,0.6383005976676941,-0.005742845591157675,0.9995176792144775,0.4788261651992798,0.6880626678466797,-0.5056003332138062,0.9189262390136719,0.4041285514831543,0.7272204160690308,0.0195853840559721,0.7790045142173767,0.4707323908805847,0.7771057486534119,-0.31190502643585205,0.8694193363189697,0.4307556748390198,0.7335410118103027,0.6231685280799866,0.4196564555168152,0.4675391614437103,0.7885125875473022,-0.29733431339263916,0.6785734295845032,0.43341267108917236,0.7266052961349487,0.6838235855102539,0.3588898181915283,0.4712475836277008,0.8135579824447632,-0.4994204342365265,0.8739686608314514,0.4523322880268097,0.7649558782577515,0.610884428024292,0.48465123772621155
IMG_9698,33,1093,good,0.5004424452781677,0.48118236660957336,-0.5755426287651062,0.9998952746391296,0.5011661648750305,0.4716857075691223,-0.5493243336677551,0.9998567700386047,0.5039129257202148,0.47165197134017944,-0.5494394898414612,0.9998677372932434,0.5066603422164917,0.4716811180114746,-0.5495455861091614,0.9998740553855896,0.4886220395565033,0.47152429819107056,-0.5551092028617859,0.9997143149375916,0.4820491075515747,0.4715270400047302,-0.5550773739814758,0.9995981454849243,0.4761980473995209,0.4717079699039459,-0.5551080703735352,0.9995429515838623,0.5030862092971802,0.4745498299598694,-0.35702285170555115,0.9997445940971375,0.46113795042037964,0.47609037160873413,-0.37589016556739807,0.9992173910140991,0.5037038922309875,0.49021992087364197,-0.4998614192008972,0.9999504089355469,0.48875343799591064,0.49014025926589966,-0.5054975748062134,0.9998359680175781,0.542912483215332,0.5251598358154297,-0.2054772526025772,0.9999849796295166,0.40883350372314453,0.5302006006240845,-0.27749133110046387,0.9993144869804382,0.526053786277771,0.5836397409439087,-0.3854285776615143,0.94846111536026,0.41077205538749695,0.6069737672805786,-0.2732757329940796,0.931937575340271,0.5181183815002441,0.5946283936500549,-0.8370155096054077,0.9665932059288025,0.4254838526248932,0.682659387588501,-0.3771025538444519,0.9194412231445312,0.5092986226081848,0.6003188490867615,-0.9194833040237427,0.9575864672660828,0.427002489566803,0.7019179463386536,-0.4193018674850464,0.8789963126182556,0.5051621794700623,0.591667115688324,-0.9339736104011536,0.9601502418518066,0.43565914034843445,0.7032604813575745,-0.4470723569393158,0.8787800669670105,0.5059716701507568,0.5896556377410889,-0.8501176238059998,0.9395685791969299,0.43726640939712524,0.6968182921409607,-0.38769909739494324,0.8584006428718567,0.47884148359298706,0.6364777088165283,0.004656660370528698,0.999820351600647,0.4028193950653076,0.6392641067504883,-0.004281060304492712,0.9995287656784058,0.4797537326812744,0.688097357749939,-0.4703594744205475,0.9246613383293152,0.3980357348918915,0.7326619029045105,0.019438916817307472,0.7859367728233337,0.4707726538181305,0.7785660624504089,-0.2900180518627167,0.8751096725463867,0.432381272315979,0.7292214632034302,0.6240515112876892,0.38648366928100586,0.46868035197257996,0.78886878490448,-0.27714434266090393,0.6766732335090637,0.4361349642276764,0.7214459180831909,0.6854430437088013,0.333476185798645,0.47101837396621704,0.8143641352653503,-0.4819178879261017,0.8777340650558472,0.46449634432792664,0.7586923837661743,0.6194089651107788,0.45037761330604553
IMG_9698,34,1126,good,0.4993942379951477,0.48062458634376526,-0.532712459564209,0.9999018907546997,0.500611424446106,0.47129520773887634,-0.5057139992713928,0.9998657703399658,0.5036486387252808,0.47128012776374817,-0.5058276653289795,0.999876081943512,0.5063918232917786,0.4713086783885956,-0.5059484243392944,0.9998819828033447,0.4878372848033905,0.47099363803863525,-0.512172520160675,0.999729335308075,0.48136523365974426,0.47091880440711975,-0.5121460556983948,0.9996171593666077,0.4755189120769501,0.47106391191482544,-0.5121620893478394,0.9995612502098083,0.5013611912727356,0.4740633964538574,-0.31461769342422485,0.9997595548629761,0.46104973554611206,0.47542712092399597,-0.3367573022842407,0.9992445707321167,0.5028752088546753,0.4894012212753296,-0.4577499032020569,0.9999545216560364,0.48788270354270935,0.4891880750656128,-0.46426671743392944,0.9998486638069153,0.5424148440361023,0.5243743658065796,-0.17920370399951935,0.9999862909317017,0.40824854373931885,0.5290077924728394,-0.23412448167800903,0.9993667006492615,0.526768684387207,0.5834860801696777,-0.364990234375,0.9505353569984436,0.40935200452804565,0.6023221015930176,-0.23374104499816895,0.9373308420181274,0.5212243795394897,0.5934343934059143,-0.8132805228233337,0.9686042070388794,0.42420679330825806,0.6751331686973572,-0.34965944290161133,0.9227560758590698,0.5101727247238159,0.5993795990943909,-0.9017687439918518,0.9599745273590088,0.4251425862312317,0.6934303641319275,-0.38819748163223267,0.8825351595878601,0.5058556795120239,0.5903914570808411,-0.9130143523216248,0.9624543786048889,0.4351227879524231,0.6951114535331726,-0.4281262159347534,0.8824366331100464,0.5075722336769104,0.588217556476593,-0.8253645896911621,0.9427312016487122,0.43715476989746094,0.6890628337860107,-0.3617352247238159,0.8613778352737427,0.4783613979816437,0.6357600688934326,0.0011554189259186387,0.9998374581336975,0.402817964553833,0.6383602619171143,-0.0007874993025325239,0.9995462894439697,0.4807526171207428,0.6880401968955994,-0.46365633606910706,0.9302695393562317,0.39839187264442444,0.7279771566390991,0.04084646701812744,0.7907177805900574,0.4708082675933838,0.7794618010520935,-0.2960027754306793,0.8822600245475769,0.433003306388855,0.7316141128540039,0.637357771396637,0.359743595123291,0.46943485736846924,0.7919057011604309,-0.28584226965904236,0.6791028380393982,0.4373699426651001,0.7256898283958435,0.6961981058120728,0.31312867999076843,0.4708121418952942,0.8158340454101562,-0.4971122443675995,0.883222758769989,0.46621060371398926,0.7616708874702454,0.6174718737602234,0.42427927255630493
IMG_9698,35,1159,good,0.49925994873046875,0.4793039560317993,-0.5784657001495361,0.9999077916145325,0.5001130104064941,0.46992796659469604,-0.5521507859230042,0.9998724460601807,0.5029419660568237,0.46995994448661804,-0.5522780418395996,0.9998820424079895,0.5055128335952759,0.4700138568878174,-0.5523917078971863,0.9998871088027954,0.4873214066028595,0.4694176912307739,-0.5594164133071899,0.9997419118881226,0.4809231162071228,0.4692745506763458,-0.5593792796134949,0.9996349811553955,0.47523510456085205,0.4693646728992462,-0.5594004392623901,0.9995788931846619,0.5009313225746155,0.47238221764564514,-0.36170488595962524,0.9997667074203491,0.45986324548721313,0.4734293222427368,-0.3871598541736603,0.9992853999137878,0.5025038719177246,0.48799872398376465,-0.5033236742019653,0.999957799911499,0.48745161294937134,0.4876789450645447,-0.510767936706543,0.9998598694801331,0.5415343046188354,0.5226030945777893,-0.21435287594795227,0.9999874234199524,0.4066409170627594,0.5267134308815002,-0.2801618278026581,0.9994170069694519,0.5282723307609558,0.5813903212547302,-0.38822558522224426,0.9526100754737854,0.40797215700149536,0.5998261570930481,-0.2671155035495758,0.9421989321708679,0.5209523439407349,0.5896093845367432,-0.8357672691345215,0.9705324769020081,0.42348790168762207,0.6720250844955444,-0.37844550609588623,0.9266737699508667,0.5096461772918701,0.596569299697876,-0.9239045977592468,0.9623069763183594,0.4243932366371155,0.6899543404579163,-0.4198057949542999,0.8874108791351318,0.5052450299263,0.5877172350883484,-0.9342882633209229,0.964678168296814,0.43585124611854553,0.6915602684020996,-0.45625367760658264,0.8873830437660217,0.5070881843566895,0.5854645371437073,-0.8474205136299133,0.9459956288337708,0.4376564025878906,0.684874415397644,-0.3899850845336914,0.8667534589767456,0.47840073704719543,0.6349015235900879,0.0008299333276227117,0.9998518228530884,0.40288490056991577,0.6366708278656006,-0.000491290760692209,0.999557375907898,0.47736653685569763,0.7022048830986023,-0.23138312995433807,0.9338178634643555,0.39681491255760193,0.7295318245887756,0.013457603752613068,0.7971407771110535,0.470788836479187,0.7798241972923279,0.011584065854549408,0.8844277858734131,0.43420645594596863,0.7306268811225891,0.6065647602081299,0.3344622254371643,0.46993404626846313,0.7919017672538757,0.03148869797587395,0.6652153730392456,0.4384630620479584,0.7244203686714172,0.6673089861869812,0.29258230328559875,0.46920910477638245,0.8165934681892395,-0.13480763137340546,0.8808242678642273,0.46431028842926025,0.7615287899971008,0.6113449335098267,0.39864087104797363
IMG_9698,36,1192,good,0.4948471486568451,0.4775920510292053,-0.4056313633918762,0.9999133944511414,0.49635231494903564,0.4682995676994324,-0.3756599426269531,0.9998773336410522,0.49960440397262573,0.46832650899887085,-0.37580451369285583,0.9998867511749268,0.5024950504302979,0.4683912396430969,-0.37591370940208435,0.9998918771743774,0.48285871744155884,0.46784156560897827,-0.3830896019935608,0.9997541904449463,0.476962685585022,0.4677077531814575,-0.3830808103084564,0.999653697013855,0.4713851511478424,0.4677717387676239,-0.38315802812576294,0.999602198600769,0.49960857629776,0.47114625573158264,-0.1892237812280655,0.9997749924659729,0.4573036730289459,0.47182896733283997,-0.21636667847633362,0.9993382096290588,0.49909135699272156,0.48634257912635803,-0.33263641595840454,0.9999604225158691,0.48347005248069763,0.4859379231929779,-0.3404668867588043,0.9998707175254822,0.5409949421882629,0.5218074321746826,-0.0862012729048729,0.9999882578849792,0.4037417471408844,0.5256332159042358,-0.13523587584495544,0.9994635581970215,0.5329486131668091,0.5787531137466431,-0.2805045247077942,0.9549710750579834,0.4026043117046356,0.5911836624145508,-0.11725582927465439,0.9454511404037476,0.5202803611755371,0.5883234739303589,-0.7206323146820068,0.9726908206939697,0.4224202334880829,0.6568968296051025,-0.22529566287994385,0.9267666339874268,0.5093780159950256,0.5935882329940796,-0.809151291847229,0.9649924039840698,0.42536166310310364,0.6752510070800781,-0.27261143922805786,0.8860775828361511,0.5013959407806396,0.5854405164718628,-0.8196406960487366,0.9671968817710876,0.4383942782878876,0.6767972707748413,-0.30089378356933594,0.886045515537262,0.5020073652267456,0.5831469893455505,-0.7322458624839783,0.9496408700942993,0.43944624066352844,0.6683492064476013,-0.2349098026752472,0.8653877973556519,0.47850945591926575,0.6341260075569153,0.002950357273221016,0.9998576045036316,0.40355241298675537,0.6363018155097961,-0.0026336300652474165,0.99956876039505,0.47785136103630066,0.7099370956420898,-0.22858120501041412,0.9316698908805847,0.4088252782821655,0.7061713933944702,-0.4007244408130646,0.8102990984916687,0.47039270401000977,0.7802450656890869,0.037363700568675995,0.8783960938453674,0.43501579761505127,0.7294766306877136,0.08744965493679047,0.33030587434768677,0.4687347114086151,0.7912013530731201,0.05815291777253151,0.6475303769111633,0.43939006328582764,0.7249656915664673,0.13752739131450653,0.28709855675697327,0.466378778219223,0.8187337517738342,-0.10772169381380081,0.8684850931167603,0.45781266689300537,0.7625932097434998,0.039450399577617645,0.3976995348930359
IMG_9698,37,1225,good,0.49147242307662964,0.4726482331752777,-0.3613056540489197,0.999912679195404,0.4929081201553345,0.46352216601371765,-0.33032721281051636,0.9998776912689209,0.49619507789611816,0.4636480510234833,-0.33046525716781616,0.9998876452445984,0.4991649389266968,0.46382051706314087,-0.33058395981788635,0.9998928308486938,0.47984546422958374,0.46285057067871094,-0.3369573950767517,0.9997535347938538,0.4739699363708496,0.4626840353012085,-0.3369669020175934,0.9996546506881714,0.46873632073402405,0.4627872407436371,-0.33699139952659607,0.999601423740387,0.4964084327220917,0.46654069423675537,-0.14817970991134644,0.9997813105583191,0.4546383321285248,0.46720659732818604,-0.17290683090686798,0.999347448348999,0.4957316219806671,0.4813115894794464,-0.2917720675468445,0.9999628663063049,0.48002347350120544,0.4811873733997345,-0.2988211512565613,0.9998782277107239,0.5391258001327515,0.5177558064460754,-0.06734849512577057,0.9999892711639404,0.4001938998699188,0.5217353701591492,-0.08372944593429565,0.9994993209838867,0.5426130890846252,0.5718796253204346,-0.25636908411979675,0.958297848701477,0.3972374200820923,0.5906354784965515,-0.07497308403253555,0.9492676854133606,0.5199851393699646,0.5800431370735168,-0.694495439529419,0.9747323393821716,0.4216042160987854,0.6488282680511475,-0.1957879513502121,0.9290290474891663,0.5090340375900269,0.5888906717300415,-0.7878410220146179,0.9674252867698669,0.4254452884197235,0.6660516262054443,-0.24414175748825073,0.888049304485321,0.4994977116584778,0.5830939412117004,-0.7964876890182495,0.9694715142250061,0.4397537112236023,0.6665737628936768,-0.27057161927223206,0.8881205916404724,0.49957263469696045,0.5797116756439209,-0.7051001191139221,0.9528578519821167,0.4403787851333618,0.659679114818573,-0.2050148844718933,0.866338312625885,0.4798782765865326,0.6294113397598267,-0.006839917507022619,0.9998703598976135,0.4055464267730713,0.6310031414031982,0.007180621847510338,0.9995880722999573,0.470689594745636,0.6959934830665588,-0.2746945917606354,0.9355733394622803,0.4047774374485016,0.7099301815032959,-0.03807689994573593,0.8114266395568848,0.4701862633228302,0.7792127728462219,-0.15251635015010834,0.8854081034660339,0.4474903345108032,0.7306837439537048,0.4787733256816864,0.3179476261138916,0.4689478576183319,0.7900187373161316,-0.1405070573091507,0.6560770273208618,0.45546185970306396,0.7275763750076294,0.528083324432373,0.27817296981811523,0.4615746736526489,0.8104155659675598,-0.33775195479393005,0.8731647729873657,0.4689538776874542,0.7636972069740295,0.43311014771461487,0.3827970325946808
IMG_9698,38,1258,good,0.4846961200237274,0.4608851969242096,-0.38401901721954346,0.9999111294746399,0.48786023259162903,0.45298269391059875,-0.35072198510169983,0.9998759031295776,0.49164801836013794,0.45333653688430786,-0.35087132453918457,0.9998865723609924,0.4951156675815582,0.45381227135658264,-0.35098713636398315,0.9998923540115356,0.47409290075302124,0.45223429799079895,-0.3555620312690735,0.9997466206550598,0.4682243764400482,0.45219168066978455,-0.35558000206947327,0.9996464848518372,0.46329885721206665,0.452395498752594,-0.355616956949234,0.9995900392532349,0.4935540556907654,0.45770126581192017,-0.1595519483089447,0.9997884631156921,0.4501224458217621,0.4575673043727875,-0.1759241670370102,0.9993297457695007,0.4900283217430115,0.4701007008552551,-0.3119474947452545,0.9999646544456482,0.47381392121315,0.4700538218021393,-0.31682395935058594,0.9998829364776611,0.5375766754150391,0.5108579397201538,-0.08370254933834076,0.9999900460243225,0.395868718624115,0.5122532844543457,-0.07828135043382645,0.999518632888794,0.5478113889694214,0.5652844905853271,-0.28133219480514526,0.961483895778656,0.39480364322662354,0.5774885416030884,-0.09482777118682861,0.9509325623512268,0.5198120474815369,0.5697161555290222,-0.6964989900588989,0.9765024781227112,0.4212854206562042,0.643920361995697,-0.25007590651512146,0.9296849370002747,0.5089693665504456,0.5786058902740479,-0.8259788751602173,0.9694995880126953,0.4244524836540222,0.6588686108589172,-0.30251845717430115,0.8887379765510559,0.49773848056793213,0.5738179683685303,-0.8369699716567993,0.9713985919952393,0.4377775192260742,0.657654345035553,-0.32882267236709595,0.8889885544776917,0.4980015456676483,0.5699728727340698,-0.7141081690788269,0.9555960893630981,0.4386528730392456,0.6524218916893005,-0.261996865272522,0.8657246828079224,0.4804145097732544,0.6227573156356812,-0.021067194640636444,0.9998815655708313,0.40563395619392395,0.6246387362480164,0.021352702751755714,0.9996060729026794,0.46869897842407227,0.6943628191947937,-0.3748742938041687,0.9384645223617554,0.4047137498855591,0.7106708884239197,0.009213108569383621,0.8100009560585022,0.46978577971458435,0.7806212306022644,-0.18382926285266876,0.8911076784133911,0.4554365873336792,0.7539829611778259,0.5067722797393799,0.32804256677627563,0.46894386410713196,0.7900430560112,-0.17077253758907318,0.662728488445282,0.46811431646347046,0.757561981678009,0.5513895153999329,0.2858913540840149,0.46081021428108215,0.8106557726860046,-0.40470102429389954,0.8779440522193909,0.47415590286254883,0.7876027822494507,0.43149715662002563,0.3909493684768677
IMG_9698,39,1291,good,0.4755987226963043,0.45124563574790955,-0.33154305815696716,0.9999181628227234,0.4812830686569214,0.4434434473514557,-0.29544728994369507,0.9998871684074402,0.4859001934528351,0.4437541961669922,-0.29560086131095886,0.9998968839645386,0.49002861976623535,0.4441920816898346,-0.2957412600517273,0.9999022483825684,0.466373473405838,0.44301167130470276,-0.2955555021762848,0.9997689723968506,0.46083614230155945,0.4431026875972748,-0.2956486940383911,0.9996775388717651,0.45601406693458557,0.44337522983551025,-0.29566264152526855,0.9996263384819031,0.49100783467292786,0.44838741421699524,-0.09133432805538177,0.9998087286949158,0.44549909234046936,0.4488268792629242,-0.08954697847366333,0.9993852972984314,0.48403027653694153,0.46020227670669556,-0.2555397152900696,0.9999678730964661,0.46666577458381653,0.46040934324264526,-0.2555742561817169,0.9998927116394043,0.5368767380714417,0.5043268203735352,-0.020252900198101997,0.9999908804893494,0.3901787996292114,0.5047727227210999,0.028849687427282333,0.9995259046554565,0.551365852355957,0.5644351243972778,-0.20230531692504883,0.9641480445861816,0.3941194713115692,0.5703933835029602,-0.08497822284698486,0.9424028396606445,0.5202316045761108,0.5641754269599915,-0.6059086918830872,0.9773164391517639,0.40959715843200684,0.5873926877975464,-0.429309606552124,0.9266017079353333,0.5079296827316284,0.5693124532699585,-0.7012052536010742,0.9701793193817139,0.4157685339450836,0.6035054326057434,-0.5073610544204712,0.8881267309188843,0.49697384238243103,0.5628420114517212,-0.7101868391036987,0.9720381498336792,0.4156528413295746,0.5891614556312561,-0.5330552458763123,0.8888962268829346,0.4978225827217102,0.5596417784690857,-0.6155912280082703,0.956211507320404,0.41597780585289,0.5826238393783569,-0.4471893608570099,0.8628116250038147,0.48134443163871765,0.6135382056236267,-0.03983519226312637,0.9998929500579834,0.40545743703842163,0.6176989078521729,0.0401887446641922,0.9996326565742493,0.46565181016921997,0.6726122498512268,-0.6443704962730408,0.9439395070075989,0.39965590834617615,0.7122642993927002,-0.007848633453249931,0.8180649876594543,0.47032520174980164,0.7807071208953857,-0.5457257032394409,0.9007242918014526,0.4586528241634369,0.7513138055801392,0.5000160932540894,0.3546680212020874,0.4760991930961609,0.790168046951294,-0.5433585047721863,0.6836297512054443,0.4725853502750397,0.7514931559562683,0.5459203124046326,0.3046988844871521,0.45828285813331604,0.8104599714279175,-0.8035678863525391,0.8887251615524292,0.47719869017601013,0.783894956111908,0.42866310477256775,0.41499796509742737
IMG_9698,40,1324,good,0.47431159019470215,0.4429515600204468,-0.3698297441005707,0.9999244213104248,0.4799720346927643,0.43450450897216797,-0.333875834941864,0.9998971223831177,0.4843713939189911,0.4347284138202667,-0.3340362012386322,0.9999060034751892,0.48841777443885803,0.4350722134113312,-0.3341749906539917,0.9999108910560608,0.46521949768066406,0.4343677759170532,-0.33587855100631714,0.9997887015342712,0.4597541093826294,0.4345916211605072,-0.33596301078796387,0.9997052550315857,0.45452550053596497,0.43495556712150574,-0.33597755432128906,0.9996580481529236,0.4893818497657776,0.4392929971218109,-0.11545000970363617,0.9998269081115723,0.4432958960533142,0.4402386546134949,-0.12213369458913803,0.9994354248046875,0.4822755455970764,0.45161280035972595,-0.28941917419433594,0.9999707937240601,0.4648234248161316,0.4520299732685089,-0.2918728291988373,0.999901294708252,0.5365285277366638,0.49573493003845215,-0.02491813898086548,0.9999915957450867,0.38950151205062866,0.4927765130996704,0.008295261301100254,0.9995260238647461,0.5551217794418335,0.5606477856636047,-0.2117471694946289,0.9667959809303284,0.3890981376171112,0.5540523529052734,-0.15084579586982727,0.9388465285301208,0.5202006697654724,0.5546312928199768,-0.6240482926368713,0.9783495664596558,0.40172523260116577,0.5528892278671265,-0.6111339926719666,0.9270627498626709,0.5075527429580688,0.5587447881698608,-0.7157788276672363,0.9710135459899902,0.4044603109359741,0.5616438984870911,-0.6986655592918396,0.8905921578407288,0.49502789974212646,0.5516619682312012,-0.7276995778083801,0.9728062748908997,0.4033606946468353,0.5538592338562012,-0.7171392440795898,0.891412615776062,0.49605149030685425,0.5482988357543945,-0.6344982981681824,0.9569910764694214,0.40395277738571167,0.5516175627708435,-0.6280926465988159,0.8631696701049805,0.48314186930656433,0.6072378754615784,-0.03915498033165932,0.9999030828475952,0.40513506531715393,0.6114436984062195,0.03955680876970291,0.9996553063392639,0.46611782908439636,0.672706127166748,-0.6017599105834961,0.9492024183273315,0.39753955602645874,0.7122998833656311,0.032827332615852356,0.8300337791442871,0.4703407883644104,0.7811811566352844,-0.49621525406837463,0.9099884033203125,0.45694607496261597,0.7512163519859314,0.5871263146400452,0.3860471546649933,0.4676946997642517,0.7968618869781494,-0.495103120803833,0.7067995071411133,0.46885257959365845,0.7502709627151489,0.636004626750946,0.32859674096107483,0.4567911624908447,0.8111716508865356,-0.7692711353302002,0.8989123106002808,0.47429996728897095,0.782547116279602,0.49420714378356934,0.4452463984489441
IMG_9698,41,1357,good,0.45829588174819946,0.4357590079307556,-0.38440605998039246,0.9999254941940308,0.4682901203632355,0.42690324783325195,-0.3502347767353058,0.9998996257781982,0.4742622673511505,0.42683374881744385,-0.35038629174232483,0.9999085068702698,0.4797551929950714,0.42691770195961,-0.350515753030777,0.9999131560325623,0.45257002115249634,0.4271858334541321,-0.3526296615600586,0.9997931718826294,0.44786354899406433,0.42726704478263855,-0.3526952862739563,0.9997133612632751,0.44362592697143555,0.4274272322654724,-0.35271191596984863,0.9996641874313354,0.4854883849620819,0.43089616298675537,-0.14156381785869598,0.9998384714126587,0.4388710558414459,0.4318363666534424,-0.1425134241580963,0.9994385242462158,0.4702421724796295,0.44394946098327637,-0.30541980266571045,0.9999719262123108,0.44979846477508545,0.44428956508636475,-0.3065842390060425,0.9999028444290161,0.5351932048797607,0.4863381087779999,-0.040357764810323715,0.999991774559021,0.3901051878929138,0.48133429884910583,-0.013697992078959942,0.9995189905166626,0.5562465190887451,0.5535409450531006,-0.22480060160160065,0.9692479968070984,0.3792001008987427,0.5354498028755188,-0.21491335332393646,0.936768651008606,0.5201438665390015,0.5403082370758057,-0.6279531121253967,0.9795817732810974,0.39052289724349976,0.5252360105514526,-0.6781359910964966,0.9293235540390015,0.5054780840873718,0.5434852242469788,-0.715995728969574,0.9720264673233032,0.39127883315086365,0.5247033834457397,-0.7667388319969177,0.8944061398506165,0.49314993619918823,0.5355129241943359,-0.7243454456329346,0.973688006401062,0.3903520405292511,0.5175686478614807,-0.7760250568389893,0.8949791789054871,0.49484026432037354,0.5332245826721191,-0.636896014213562,0.9579543471336365,0.39477625489234924,0.517616331577301,-0.6921465992927551,0.8657966256141663,0.48452556133270264,0.5964159965515137,-0.034456461668014526,0.9999085068702698,0.4053686559200287,0.5998309850692749,0.03483907878398895,0.9996435046195984,0.46621426939964294,0.6726051568984985,-0.4982698857784271,0.9531530141830444,0.3980526626110077,0.7006552219390869,0.07761813700199127,0.8367720246315002,0.4706922173500061,0.780875027179718,-0.3622642457485199,0.9174897074699402,0.46187248826026917,0.7520684599876404,0.5394259691238403,0.4281928837299347,0.4683537781238556,0.7968020439147949,-0.3571455776691437,0.7237346768379211,0.4768195152282715,0.7556688785552979,0.6112013459205627,0.36049291491508484,0.45798394083976746,0.8112565279006958,-0.6185117363929749,0.9070115089416504,0.47281432151794434,0.7836408019065857,0.3853547275066376,0.4830879271030426
IMG_9698,42,1391,good,0.4580778181552887,0.42678511142730713,-0.30738818645477295,0.9999246597290039,0.4670352339744568,0.4181031286716461,-0.27102822065353394,0.9999006390571594,0.4727276861667633,0.41812679171562195,-0.27117466926574707,0.9999091029167175,0.4778122007846832,0.4182194471359253,-0.27129873633384705,0.9999130368232727,0.45159637928009033,0.4180440306663513,-0.2741374969482422,0.9997983574867249,0.44667646288871765,0.41800519824028015,-0.2741920053958893,0.9997218251228333,0.44234585762023926,0.41809403896331787,-0.27418816089630127,0.9996717572212219,0.4830785095691681,0.4217517077922821,-0.05115142837166786,0.9998477101325989,0.43676480650901794,0.423016220331192,-0.06311334669589996,0.9994625449180603,0.4695758819580078,0.4347432553768158,-0.2235858291387558,0.9999725222587585,0.4490044116973877,0.43480002880096436,-0.22746850550174713,0.9999056458473206,0.5343378186225891,0.47669005393981934,0.050050292164087296,0.999991774559021,0.3890668749809265,0.4707789123058319,0.04003247246146202,0.9995307326316833,0.5591620802879333,0.5440917611122131,-0.14810073375701904,0.9716182947158813,0.36358341574668884,0.5181383490562439,-0.19842244684696198,0.9400048851966858,0.5199406743049622,0.5257609486579895,-0.5431016683578491,0.9810018539428711,0.3904682397842407,0.5098987221717834,-0.6334671974182129,0.9337041974067688,0.5025211572647095,0.5276003479957581,-0.632888913154602,0.973378598690033,0.39466938376426697,0.5109313130378723,-0.7220547795295715,0.899961531162262,0.49209192395210266,0.5191701054573059,-0.6332972049713135,0.9748940467834473,0.3974904417991638,0.5058435797691345,-0.7229001522064209,0.9002144932746887,0.49429863691329956,0.5175312161445618,-0.549808144569397,0.959553599357605,0.40098920464515686,0.5050787925720215,-0.6429377198219299,0.8710346221923828,0.4845884442329407,0.5936903357505798,-0.034077562391757965,0.9999086856842041,0.4047853648662567,0.5976138114929199,0.0345798097550869,0.9996147155761719,0.4669143855571747,0.6752976179122925,-0.4001270532608032,0.9564871788024902,0.40223821997642517,0.6963995695114136,0.05971367284655571,0.841391384601593,0.47297072410583496,0.7808608412742615,-0.295480877161026,0.9229906797409058,0.46542203426361084,0.7605472207069397,0.4975469410419464,0.45834019780158997,0.47206488251686096,0.7964841723442078,-0.303370863199234,0.731172502040863,0.47886335849761963,0.7669289112091064,0.5308233499526978,0.3814888000488281,0.4616283178329468,0.8113600611686707,-0.560748279094696,0.9121102094650269,0.46794456243515015,0.7927895784378052,0.3160899877548218,0.5101066827774048
IMG_9698,43,1424,good,0.4560298025608063,0.42072027921676636,-0.27819785475730896,0.9999234676361084,0.4640601873397827,0.41136184334754944,-0.2458692193031311,0.9998989105224609,0.4695746600627899,0.41111433506011963,-0.24597930908203125,0.9999067783355713,0.4745704233646393,0.41091445088386536,-0.2460615038871765,0.9999095797538757,0.44953471422195435,0.4114995300769806,-0.24756254255771637,0.9998013377189636,0.44489872455596924,0.411353200674057,-0.24761377274990082,0.9997289776802063,0.4407673478126526,0.4113057851791382,-0.24760200083255768,0.9996814727783203,0.48015034198760986,0.41326776146888733,-0.03190821781754494,0.9998522996902466,0.4347990155220032,0.4147410988807678,-0.037990015000104904,0.999488890171051,0.46708908677101135,0.4278813302516937,-0.1945023238658905,0.9999718070030212,0.4477933347225189,0.42802947759628296,-0.19674482941627502,0.9999077320098877,0.5335079431533813,0.4673759341239929,0.06863617151975632,0.9999915361404419,0.3871549963951111,0.4604986906051636,0.07655540853738785,0.9995577931404114,0.5615359544754028,0.5351795554161072,-0.13212594389915466,0.9737833142280579,0.3473169207572937,0.5069276094436646,-0.16936127841472626,0.943297266960144,0.5170936584472656,0.5136992335319519,-0.5130762457847595,0.9821949601173401,0.38276469707489014,0.4964855909347534,-0.5967326164245605,0.9381409287452698,0.49719560146331787,0.5140877962112427,-0.6003860235214233,0.9742493629455566,0.39536023139953613,0.49311700463294983,-0.6851524710655212,0.9055678248405457,0.48807278275489807,0.5037814974784851,-0.593595027923584,0.9755815863609314,0.40035682916641235,0.48662269115448,-0.6843981742858887,0.9055213928222656,0.4909370243549347,0.5034917593002319,-0.5170029401779175,0.9604471325874329,0.40217268466949463,0.4875289797782898,-0.6058626770973206,0.8770517110824585,0.48459896445274353,0.5915402173995972,-0.032381635159254074,0.9998895525932312,0.4046892821788788,0.594186544418335,0.032830674201250076,0.9995564222335815,0.467041552066803,0.6758150458335876,-0.19497063755989075,0.958820104598999,0.40670785307884216,0.6921698451042175,0.03622323274612427,0.8495336771011353,0.4735220968723297,0.7808536291122437,-0.01718089170753956,0.9278067946434021,0.46800467371940613,0.7618129253387451,0.43145477771759033,0.49684494733810425,0.47285571694374084,0.7962356209754944,-0.012798056937754154,0.7372030019760132,0.4796352684497833,0.7683372497558594,0.4596567153930664,0.4139045178890228,0.4622078835964203,0.8114128112792969,-0.2635498642921448,0.9164201617240906,0.4676673710346222,0.7957894802093506,0.2683502435684204,0.5436798334121704
IMG_9698,44,1457,good,0.45561307668685913,0.41350650787353516,-0.32436278462409973,0.9999257922172546,0.4635797441005707,0.40331804752349854,-0.2912443280220032,0.9999010562896729,0.4687165915966034,0.40309572219848633,-0.2913852334022522,0.9999082684516907,0.4733941853046417,0.4029417932033539,-0.2914964258670807,0.9999098181724548,0.4493404030799866,0.4035067558288574,-0.2940305173397064,0.9998100996017456,0.4445805251598358,0.403377890586853,-0.2940768599510193,0.9997439384460449,0.44023972749710083,0.40333589911460876,-0.2940806746482849,0.9997003674507141,0.47848138213157654,0.40518176555633545,-0.08261064440011978,0.9998608231544495,0.4328201711177826,0.4062279760837555,-0.0853041261434555,0.9995229244232178,0.4662534296512604,0.4211767017841339,-0.24310605227947235,0.9999719858169556,0.4477018415927887,0.4209671914577484,-0.24475790560245514,0.999912440776825,0.5327609777450562,0.4593953490257263,0.017718305811285973,0.9999911785125732,0.3834362328052521,0.4518742263317108,0.05724285915493965,0.9995869994163513,0.5631389021873474,0.5287454128265381,-0.18234547972679138,0.9758371710777283,0.3337628245353699,0.5001318454742432,-0.17031636834144592,0.9461385607719421,0.5132754445075989,0.5028716325759888,-0.5758415460586548,0.9830776453018188,0.38276582956314087,0.4808356463909149,-0.6354057192802429,0.9422728419303894,0.4918299913406372,0.49927377700805664,-0.6658565402030945,0.9744501709938049,0.39687228202819824,0.4760720729827881,-0.7245895862579346,0.9107839465141296,0.48600509762763977,0.4901077449321747,-0.6569831967353821,0.9755386114120483,0.40232059359550476,0.46882015466690063,-0.7233927249908447,0.9103879928588867,0.48875346779823303,0.49084046483039856,-0.5790228247642517,0.9602091312408447,0.4042685329914093,0.46991798281669617,-0.6445897221565247,0.8825148344039917,0.48458224534988403,0.5857802629470825,-0.04290919378399849,0.9998640418052673,0.40463787317276,0.5879279971122742,0.04325920715928078,0.9995028376579285,0.466814786195755,0.6771122217178345,-0.1610897034406662,0.9612672328948975,0.41016629338264465,0.6846035718917847,0.05269292742013931,0.8583872318267822,0.4758313298225403,0.777703046798706,0.08182941377162933,0.932736337184906,0.4663035273551941,0.7609406113624573,0.4074389338493347,0.5403412580490112,0.4771716594696045,0.7938188314437866,0.09234033524990082,0.7455769777297974,0.4773726165294647,0.7723300457000732,0.43109434843063354,0.453932523727417,0.4641757011413574,0.810864269733429,-0.15945328772068024,0.9213986992835999,0.45587682723999023,0.7973169088363647,0.2244105041027069,0.5817193388938904
IMG_9698,45,1490,good,0.45321303606033325,0.40540406107902527,-0.32609203457832336,0.9999252557754517,0.46085792779922485,0.39438948035240173,-0.3059731423854828,0.9998976588249207,0.46567127108573914,0.39407068490982056,-0.30598172545433044,0.999904453754425,0.47008615732192993,0.3938439190387726,-0.30600079894065857,0.9999037981033325,0.44725415110588074,0.39472097158432007,-0.29554006457328796,0.9998105764389038,0.44268274307250977,0.3946094512939453,-0.29555046558380127,0.999749481678009,0.4384973645210266,0.3945637345314026,-0.29546329379081726,0.9997090697288513,0.4755316972732544,0.39606916904449463,-0.08389205485582352,0.9998632669448853,0.43105852603912354,0.3973262906074524,-0.10448282957077026,0.9995428323745728,0.46356111764907837,0.4131902754306793,-0.2553187906742096,0.9999706745147705,0.4465279281139374,0.413439005613327,-0.2612108886241913,0.9999151229858398,0.5322015881538391,0.45068833231925964,0.00022572708257939667,0.9999905228614807,0.380624920129776,0.44335615634918213,0.043115921318531036,0.9996150732040405,0.5640869736671448,0.5215739607810974,-0.19814640283584595,0.9777542352676392,0.3246402144432068,0.4950295686721802,-0.17034003138542175,0.9494616389274597,0.5101419687271118,0.49146556854248047,-0.5912305116653442,0.9840723872184753,0.38069888949394226,0.46991121768951416,-0.6245149970054626,0.9464535713195801,0.4889342188835144,0.48517608642578125,-0.6808233261108398,0.9749487042427063,0.397203266620636,0.462481826543808,-0.7115522623062134,0.9160663485527039,0.4847424626350403,0.4771061837673187,-0.6702215075492859,0.9758127927780151,0.40246227383613586,0.45599883794784546,-0.7079588174819946,0.9153403043746948,0.48718178272247314,0.4777354598045349,-0.5934993624687195,0.9604215025901794,0.4030502736568451,0.4576461911201477,-0.6319825053215027,0.8881525993347168,0.48457223176956177,0.5766046643257141,-0.039869919419288635,0.999815821647644,0.40413832664489746,0.5784326791763306,0.04020308330655098,0.9994310140609741,0.46643441915512085,0.671951174736023,-0.10363433510065079,0.9630674719810486,0.4126659035682678,0.6736258268356323,0.041642121970653534,0.8674249649047852,0.47654351592063904,0.7718862891197205,0.14923405647277832,0.9368293285369873,0.46548762917518616,0.7605130672454834,0.34585389494895935,0.5808225870132446,0.4786490499973297,0.7865431308746338,0.1609857678413391,0.7531184554100037,0.4770369231700897,0.7725695967674255,0.36425408720970154,0.48934897780418396,0.46723178029060364,0.8080770373344421,-0.08852379769086838,0.9255301356315613,0.45551732182502747,0.7967039346694946,0.14224059879779816,0.6172049641609192
IMG_9698,46,1523,good,0.4557054340839386,0.39413267374038696,-0.33836331963539124,0.9999235272407532,0.46277207136154175,0.38423359394073486,-0.3171622157096863,0.9998940825462341,0.4672166109085083,0.3840694725513458,-0.31713470816612244,0.9998999834060669,0.47124043107032776,0.3839297890663147,-0.31716781854629517,0.9998975992202759,0.4491533935070038,0.38446301221847534,-0.312030553817749,0.99981290102005,0.4443387985229492,0.38449156284332275,-0.31207332015037537,0.9997566342353821,0.43977901339530945,0.38450679183006287,-0.311981201171875,0.9997202754020691,0.4740584194660187,0.3870176672935486,-0.08927113562822342,0.9998624324798584,0.4302937686443329,0.38820016384124756,-0.115428626537323,0.9995664954185486,0.4652708172798157,0.4023580849170685,-0.2569323480129242,0.9999677538871765,0.44814249873161316,0.40267589688301086,-0.266994446516037,0.9999167323112488,0.5306704044342041,0.441562294960022,-0.0064994292333722115,0.9999877214431763,0.37734556198120117,0.4372926950454712,0.025383373722434044,0.9996334910392761,0.5650027394294739,0.5133073329925537,-0.19591307640075684,0.9792890548706055,0.3142557144165039,0.49285978078842163,-0.17494221031665802,0.9529004693031311,0.5053857564926147,0.4818706810474396,-0.5861077308654785,0.9846435785293579,0.37964537739753723,0.46182405948638916,-0.6106966733932495,0.9502877593040466,0.4845947325229645,0.47576144337654114,-0.6771300435066223,0.9745030999183655,0.3973604142665863,0.45468640327453613,-0.69393390417099,0.9208127856254578,0.4803524911403656,0.4675142467021942,-0.6648588180541992,0.9751386046409607,0.4032532870769501,0.4482077360153198,-0.6896260380744934,0.9197617769241333,0.48242661356925964,0.4683719873428345,-0.5879279971122742,0.959205150604248,0.40341031551361084,0.4500245153903961,-0.6164867877960205,0.8930237293243408,0.48460134863853455,0.5705519914627075,-0.038154486566782,0.9997371435165405,0.40423068404197693,0.5728718638420105,0.038510143756866455,0.9993187785148621,0.4662574529647827,0.6681926250457764,-0.11395011097192764,0.9633606672286987,0.4148496389389038,0.669365644454956,0.03557714447379112,0.8721007704734802,0.4756612181663513,0.7714677453041077,0.1075957864522934,0.9390391111373901,0.46473565697669983,0.7615157961845398,0.31562885642051697,0.6139600872993469,0.478579044342041,0.786196768283844,0.11622913926839828,0.7604703307151794,0.4766755700111389,0.772132933139801,0.33172741532325745,0.5155389308929443,0.46902936697006226,0.8033397197723389,-0.12598265707492828,0.9273372888565063,0.45079490542411804,0.7950980067253113,0.11093735694885254,0.6449276208877563
IMG_9698,47,1556,good,0.45632725954055786,0.3917653262615204,-0.3861343264579773,0.9999245405197144,0.4629049003124237,0.3811241686344147,-0.3592017590999603,0.9998952746391296,0.4670570194721222,0.3808472454547882,-0.35923343896865845,0.9999004006385803,0.47089987993240356,0.38064876198768616,-0.35930296778678894,0.9998968839645386,0.44913649559020996,0.3815443217754364,-0.35609981417655945,0.9998198747634888,0.4440978169441223,0.381574809551239,-0.35615354776382446,0.9997681379318237,0.43898704648017883,0.38166624307632446,-0.35610824823379517,0.9997351169586182,0.4732108414173126,0.3838081657886505,-0.13211366534233093,0.9998654127120972,0.4284551441669464,0.38550040125846863,-0.13511265814304352,0.9995940327644348,0.46477916836738586,0.4006633460521698,-0.29879096150398254,0.9999668002128601,0.44769254326820374,0.4004976749420166,-0.3006243109703064,0.9999203085899353,0.5302518010139465,0.4372521936893463,-0.015160161070525646,0.99998539686203,0.3757722079753876,0.4340968728065491,0.01918257214128971,0.9996523857116699,0.564675509929657,0.5080328583717346,-0.21234789490699768,0.9807972311973572,0.3082517981529236,0.49115443229675293,-0.18306943774223328,0.956307590007782,0.4992036521434784,0.4744237959384918,-0.6182081699371338,0.9854739904403687,0.37850385904312134,0.45794370770454407,-0.6373584270477295,0.9538784623146057,0.47826725244522095,0.46614721417427063,-0.7155935168266296,0.9749252796173096,0.3972032368183136,0.4507569968700409,-0.7236737608909607,0.9252914786338806,0.47511133551597595,0.45910710096359253,-0.6948150992393494,0.9753897190093994,0.4033413231372833,0.4448370635509491,-0.7173579931259155,0.9239400029182434,0.4772500991821289,0.46066296100616455,-0.616814374923706,0.9593569040298462,0.40307316184043884,0.44667455554008484,-0.6426246166229248,0.8976547718048096,0.48446983098983765,0.5688519477844238,-0.037442397326231,0.9996932148933411,0.4038591682910919,0.570868194103241,0.03782852366566658,0.9992550015449524,0.46734094619750977,0.6684533357620239,-0.1154480129480362,0.9638561606407166,0.416420042514801,0.6692182421684265,0.0425155945122242,0.8788485527038574,0.47274425625801086,0.7716392278671265,0.09902101010084152,0.941674530506134,0.4641690254211426,0.76051265001297,0.33611151576042175,0.6452683210372925,0.4765118658542633,0.7864466309547424,0.10645406693220139,0.7710643410682678,0.47703817486763,0.7693878412246704,0.35396820306777954,0.5409938097000122,0.4698295295238495,0.8031922578811646,-0.14438359439373016,0.9298796057701111,0.4506801664829254,0.7939243912696838,0.13134713470935822,0.6715616583824158
IMG_9698,48,1589,good,0.4570320248603821,0.3868732750415802,-0.39278095960617065,0.9999179840087891,0.46363720297813416,0.37636369466781616,-0.36357253789901733,0.9998824596405029,0.4675518870353699,0.37608715891838074,-0.3636258542537689,0.999886691570282,0.4711003005504608,0.3758058547973633,-0.36371567845344543,0.9998806118965149,0.44995972514152527,0.3768428862094879,-0.3635309338569641,0.9998117685317993,0.44477182626724243,0.3769477903842926,-0.36358642578125,0.9997642636299133,0.4392937421798706,0.3770844638347626,-0.3635720908641815,0.9997357726097107,0.47128158807754517,0.3791729211807251,-0.14473751187324524,0.9998470544815063,0.4274446666240692,0.38168060779571533,-0.15171799063682556,0.9996033310890198,0.46554750204086304,0.39582034945487976,-0.307743102312088,0.9999607801437378,0.44858330488204956,0.3961295783519745,-0.3103901445865631,0.9999192357063293,0.5302799940109253,0.434066504240036,-0.023186195641756058,0.9999805092811584,0.37386220693588257,0.43393442034721375,0.0038793194107711315,0.9996638298034668,0.5644093751907349,0.5061396360397339,-0.2196962982416153,0.9816595911979675,0.30022168159484863,0.4911528527736664,-0.20642434060573578,0.9596206545829773,0.4972798526287079,0.4716082811355591,-0.6183977127075195,0.9854651689529419,0.3782057464122772,0.4580344557762146,-0.6296402812004089,0.9569505453109741,0.47695305943489075,0.46253862977027893,-0.7156263589859009,0.9734238982200623,0.39760681986808777,0.4515737295150757,-0.7148017883300781,0.9287029504776001,0.4740094244480133,0.45568767189979553,-0.6985231637954712,0.9736255407333374,0.4034220278263092,0.4462099075317383,-0.7037282586097717,0.9269636273384094,0.4758862555027008,0.45719578862190247,-0.6192153096199036,0.9564611315727234,0.40365344285964966,0.4480953514575958,-0.6323723793029785,0.900679886341095,0.4844142198562622,0.5701360702514648,-0.029281292110681534,0.9996643662452698,0.40377646684646606,0.5715693235397339,0.02951435185968876,0.9992190003395081,0.4682886600494385,0.6699458956718445,-0.09517659991979599,0.9645310044288635,0.41860154271125793,0.6707930564880371,0.05037127807736397,0.8851219415664673,0.4704521894454956,0.7722882032394409,0.15507608652114868,0.9442161917686462,0.4613412618637085,0.7588761448860168,0.36874982714653015,0.673381507396698,0.47435516119003296,0.7867695689201355,0.1668865829706192,0.7776284217834473,0.4695624113082886,0.767733097076416,0.39476025104522705,0.5595632791519165,0.4696260094642639,0.8034911751747131,-0.08183111995458603,0.9322454929351807,0.4511010944843292,0.7929555177688599,0.1868995875120163,0.6957646608352661
IMG_9698,49,1622,good,0.45647111535072327,0.38543814420700073,-0.3971380889415741,0.9999114871025085,0.46224474906921387,0.37441787123680115,-0.3686051070690155,0.9998689889907837,0.4661698043346405,0.3741130530834198,-0.3686613440513611,0.9998720288276672,0.4697438180446625,0.373875230550766,-0.3687581419944763,0.9998628497123718,0.4477279484272003,0.37529265880584717,-0.3677958846092224,0.9998028874397278,0.4423440098762512,0.37558841705322266,-0.36785587668418884,0.9997588396072388,0.436813086271286,0.3758928179740906,-0.367869108915329,0.9997349381446838,0.47028595209121704,0.37724319100379944,-0.15636266767978668,0.9998266100883484,0.42593061923980713,0.3804025650024414,-0.1552068293094635,0.9996119737625122,0.46481695771217346,0.39410898089408875,-0.3136295676231384,0.9999541640281677,0.4475501477718353,0.3948271572589874,-0.31406551599502563,0.9999175071716309,0.5302966237068176,0.4323829114437103,-0.03428060933947563,0.9999747276306152,0.37389564514160156,0.432509183883667,0.0005354204913601279,0.9996771812438965,0.5645946264266968,0.503650963306427,-0.23913337290287018,0.9825118184089661,0.29724058508872986,0.4922836720943451,-0.20282970368862152,0.9624719023704529,0.49339377880096436,0.46752098202705383,-0.6297352910041809,0.985463559627533,0.37526413798332214,0.4613684415817261,-0.611870527267456,0.9595022797584534,0.47232022881507874,0.4591124355792999,-0.7231445908546448,0.972063422203064,0.3973260819911957,0.45530542731285095,-0.6944376826286316,0.9311355352401733,0.4680846929550171,0.4518776535987854,-0.6999910473823547,0.9719778299331665,0.4038514792919159,0.4494035243988037,-0.6851785182952881,0.9289712309837341,0.47136229276657104,0.4533890187740326,-0.6280831694602966,0.9537982940673828,0.40362003445625305,0.45091933012008667,-0.6149428486824036,0.9025651812553406,0.4844375550746918,0.5698329210281372,-0.027393531054258347,0.999640941619873,0.40379396080970764,0.5711222290992737,0.02757260762155056,0.9991976022720337,0.4683845341205597,0.6691755652427673,-0.10245059430599213,0.9650105834007263,0.41972190141677856,0.6684574484825134,0.05973649024963379,0.8899148106575012,0.46961382031440735,0.7721695303916931,0.14820562303066254,0.9460597634315491,0.46078312397003174,0.7557862997055054,0.36999964714050293,0.6982247829437256,0.47361791133880615,0.7867015600204468,0.16023732721805573,0.7824742794036865,0.4679550528526306,0.7669638991355896,0.4055451452732086,0.5773031115531921,0.4691322445869446,0.8033512830734253,-0.08844399452209473,0.9338390827178955,0.45130375027656555,0.7924625873565674,0.2073104828596115,0.7171868681907654
IMG_9698,50,1656,good,0.4567762613296509,0.38148465752601624,-0.41800400614738464,0.9999107718467712,0.4614808261394501,0.3706337511539459,-0.38668742775917053,0.9998667240142822,0.4654909372329712,0.37039482593536377,-0.38672810792922974,0.9998683929443359,0.4690895974636078,0.3701966404914856,-0.3868040442466736,0.9998584985733032,0.44654208421707153,0.3714933395385742,-0.38589897751808167,0.9998064041137695,0.4409702718257904,0.37197813391685486,-0.3859730660915375,0.9997659921646118,0.43537637591362,0.3725270926952362,-0.3859943151473999,0.9997461438179016,0.46938973665237427,0.37454381585121155,-0.17557241022586823,0.9998175501823425,0.4245511591434479,0.37773168087005615,-0.17262636125087738,0.9996284246444702,0.4648039937019348,0.3905409872531891,-0.3364866375923157,0.9999524354934692,0.44737985730171204,0.3911430537700653,-0.33623138070106506,0.9999194741249084,0.5302576422691345,0.4317132234573364,-0.061939310282468796,0.9999693036079407,0.37335070967674255,0.4348524510860443,-0.024794358760118484,0.9996852874755859,0.5646783709526062,0.5034065842628479,-0.2765117883682251,0.9832820892333984,0.29616817831993103,0.49468061327934265,-0.23227256536483765,0.9652127623558044,0.4898306429386139,0.4662758409976959,-0.6696784496307373,0.9856590628623962,0.3742671012878418,0.4656340479850769,-0.6465653777122498,0.9620680809020996,0.46825724840164185,0.45685601234436035,-0.7607828378677368,0.9714580178260803,0.39755210280418396,0.459844172000885,-0.730962336063385,0.933927059173584,0.4650035798549652,0.449840247631073,-0.7398844957351685,0.971149206161499,0.40418195724487305,0.4534198045730591,-0.7172415852546692,0.9314225912094116,0.46888622641563416,0.45195406675338745,-0.6685425639152527,0.9522603154182434,0.40375271439552307,0.454888254404068,-0.6480745077133179,0.9051055908203125,0.4846956133842468,0.5688710808753967,-0.027256660163402557,0.9996411204338074,0.40389618277549744,0.570091724395752,0.02739587053656578,0.9991946816444397,0.4684523940086365,0.668425977230072,-0.13879768550395966,0.966773271560669,0.4191262722015381,0.6689631938934326,0.06750192493200302,0.8962482810020447,0.4695283770561218,0.7709764838218689,0.1275106817483902,0.9491602182388306,0.4598312973976135,0.7514486312866211,0.47430047392845154,0.7201497554779053,0.47338253259658813,0.7835802435874939,0.14111527800559998,0.7864755988121033,0.46811339259147644,0.7574479579925537,0.5072556734085083,0.5909358859062195,0.46899285912513733,0.8015140295028687,-0.11434198915958405,0.9369882345199585,0.451233446598053,0.7883161306381226,0.30015888810157776,0.7365460395812988
IMG_9698,51,1689,good,0.4571221172809601,0.37909984588623047,-0.49208498001098633,0.9999158382415771,0.46154338121414185,0.36865943670272827,-0.46081486344337463,0.9998732805252075,0.4655967056751251,0.3683992028236389,-0.46084064245224,0.9998739957809448,0.46924713253974915,0.36816179752349854,-0.46089601516723633,0.9998643398284912,0.4457518756389618,0.36984336376190186,-0.46104294061660767,0.9998186826705933,0.4396061301231384,0.37059852480888367,-0.46113571524620056,0.9997818470001221,0.43373996019363403,0.3714059889316559,-0.4611682891845703,0.9997644424438477,0.4695512652397156,0.37274858355522156,-0.244895800948143,0.9998222589492798,0.42290496826171875,0.37701666355133057,-0.24675258994102478,0.999655544757843,0.46512371301651,0.3883255422115326,-0.40871185064315796,0.999954879283905,0.4472251236438751,0.3892154097557068,-0.4097689390182495,0.9999250769615173,0.5303117036819458,0.43097999691963196,-0.11697575449943542,0.999967634677887,0.3725566565990448,0.43536704778671265,-0.08918355405330658,0.9997024536132812,0.5646439790725708,0.5033290386199951,-0.3192480802536011,0.9841553568840027,0.29899129271507263,0.4964447617530823,-0.2803022265434265,0.9680036902427673,0.4889911115169525,0.46781933307647705,-0.7345694899559021,0.9862446188926697,0.3698089122772217,0.4720795750617981,-0.7001219987869263,0.9648621082305908,0.4681300222873688,0.45944440364837646,-0.8274204134941101,0.9720250368118286,0.39541736245155334,0.46652165055274963,-0.7843904495239258,0.9376811385154724,0.4642282724380493,0.45196232199668884,-0.8143735527992249,0.9716252088546753,0.40232592821121216,0.4591890573501587,-0.7751460075378418,0.9350492358207703,0.46810075640678406,0.4539996087551117,-0.7362421154975891,0.95272296667099,0.4001903831958771,0.46055570244789124,-0.7027265429496765,0.9094349145889282,0.48669591546058655,0.5666726231575012,-0.025101996958255768,0.9996556043624878,0.40569165349006653,0.568391740322113,0.025133466348052025,0.9992231130599976,0.46994224190711975,0.6681197881698608,-0.15710943937301636,0.9691157937049866,0.41829714179039,0.66500324010849,0.08052387088537216,0.9035483002662659,0.4695611894130707,0.7703977823257446,0.11615175753831863,0.952845573425293,0.4566200375556946,0.745438277721405,0.5500344038009644,0.740929901599884,0.4732203483581543,0.7835610508918762,0.13037365674972534,0.7950658798217773,0.4663985073566437,0.7509700655937195,0.5874290466308594,0.6048219799995422,0.46886709332466125,0.8018470406532288,-0.1294991374015808,0.9410446286201477,0.4483156204223633,0.7810778617858887,0.38442152738571167,0.7554056644439697
IMG_9698,52,1722,good,0.45489609241485596,0.3781493306159973,-0.49119460582733154,0.9999196529388428,0.4587801396846771,0.367992103099823,-0.4613320231437683,0.9998781681060791,0.46307823061943054,0.3677035868167877,-0.4613761901855469,0.9998782277107239,0.46696460247039795,0.3674503266811371,-0.46145734190940857,0.9998682737350464,0.4424465000629425,0.3691432774066925,-0.4591427147388458,0.9998283982276917,0.43660271167755127,0.36978480219841003,-0.4592231512069702,0.9997946619987488,0.4310135543346405,0.3704189956188202,-0.4592593014240265,0.9997792840003967,0.4677914083003998,0.37205079197883606,-0.252198725938797,0.9998267889022827,0.42170512676239014,0.37630268931388855,-0.2426895946264267,0.9996793270111084,0.46369829773902893,0.38686951994895935,-0.41007137298583984,0.9999567270278931,0.4451109766960144,0.3875882923603058,-0.4079192578792572,0.999929666519165,0.5303274989128113,0.430830717086792,-0.1323920041322708,0.999965250492096,0.3709319233894348,0.43619510531425476,-0.08857643604278564,0.9997178912162781,0.5645423531532288,0.502738356590271,-0.340044766664505,0.9848412871360779,0.3015928566455841,0.4985333979129791,-0.27312299609184265,0.9702668786048889,0.48458465933799744,0.46736350655555725,-0.7468849420547485,0.9866877794265747,0.3701557517051697,0.4770831763744354,-0.6857932209968567,0.9671436548233032,0.46301689743995667,0.4597304165363312,-0.8385360836982727,0.9723970293998718,0.395072877407074,0.47268036007881165,-0.769756555557251,0.9406315684318542,0.4568367600440979,0.4524190425872803,-0.8244265913963318,0.9718756675720215,0.4020301103591919,0.46434077620506287,-0.7607991695404053,0.9378046989440918,0.46145015954971313,0.4542343020439148,-0.74784255027771,0.9529231190681458,0.39956966042518616,0.4653167426586151,-0.6889362931251526,0.9126687049865723,0.48738110065460205,0.568105936050415,-0.025208240374922752,0.9996712803840637,0.4056863486766815,0.5702161192893982,0.025217821821570396,0.9992624521255493,0.4734208881855011,0.6691448092460632,-0.14150142669677734,0.9710326790809631,0.41708874702453613,0.6679621338844299,0.07549719512462616,0.910825252532959,0.4696888327598572,0.7705476880073547,0.16187001764774323,0.955877423286438,0.45662108063697815,0.745434582233429,0.5404972434043884,0.7611033916473389,0.47321709990501404,0.7838838696479797,0.17939871549606323,0.802528977394104,0.46742504835128784,0.7510626912117004,0.5779139995574951,0.6203252673149109,0.46924540400505066,0.802252471446991,-0.06907959282398224,0.9443323016166687,0.4448501765727997,0.7803098559379578,0.38225775957107544,0.7733539938926697
IMG_9698,53,1755,good,0.44783815741539,0.37900251150131226,-0.50443035364151,0.9999192357063293,0.4541268050670624,0.3685367703437805,-0.4768229126930237,0.9998735785484314,0.4591464698314667,0.368170827627182,-0.47687122225761414,0.9998732209205627,0.46369442343711853,0.36789795756340027,-0.47695085406303406,0.9998618960380554,0.4383580982685089,0.3696724772453308,-0.47489386796951294,0.9998284578323364,0.4333150088787079,0.37008434534072876,-0.4749903976917267,0.9997976422309875,0.4287453889846802,0.37047478556632996,-0.4750482738018036,0.999784529209137,0.4658915400505066,0.37244752049446106,-0.2723098695278168,0.9998161196708679,0.4213826656341553,0.3756676912307739,-0.2630225419998169,0.9996892213821411,0.4595687985420227,0.3870111405849457,-0.42413580417633057,0.9999544620513916,0.4402133524417877,0.3876386284828186,-0.4221492409706116,0.999929666519165,0.5296958684921265,0.4296465814113617,-0.15450003743171692,0.99996018409729,0.36918905377388,0.43641746044158936,-0.10032641142606735,0.9997270703315735,0.564429759979248,0.5003882050514221,-0.3520793914794922,0.9852116703987122,0.3048558235168457,0.4998144507408142,-0.26949137449264526,0.9719645977020264,0.48213183879852295,0.46651142835617065,-0.7530611753463745,0.9865105152130127,0.3709724247455597,0.4784761369228363,-0.676291823387146,0.9688528180122375,0.46197324991226196,0.4613664448261261,-0.8453164100646973,0.9715568423271179,0.39526882767677307,0.47478336095809937,-0.7589234113693237,0.9427713751792908,0.45347169041633606,0.4543468952178955,-0.8317121863365173,0.9708908200263977,0.40224701166152954,0.46817734837532043,-0.754481852054596,0.9397643804550171,0.4581218659877777,0.4556347727775574,-0.7542383074760437,0.9511679410934448,0.39975616335868835,0.4689614176750183,-0.6810413002967834,0.9147891402244568,0.4876614511013031,0.56807941198349,-0.03238402679562569,0.9996640682220459,0.4056665599346161,0.5706813931465149,0.03238397464156151,0.9992613792419434,0.47471052408218384,0.6694172620773315,-0.1445436030626297,0.9722148776054382,0.4133724570274353,0.6662096381187439,0.09752069413661957,0.9157648682594299,0.4697003960609436,0.77081698179245,0.11641748249530792,0.9581990242004395,0.4556794762611389,0.7456538677215576,0.5277374982833862,0.7774795293807983,0.4731830060482025,0.7841642498970032,0.12944290041923523,0.8065006136894226,0.46735092997550964,0.7506110668182373,0.561061441898346,0.6332138180732727,0.4691683351993561,0.8024303913116455,-0.12160640209913254,0.9468088746070862,0.44107112288475037,0.777636706829071,0.3644465208053589,0.7877917289733887
IMG_9698,54,1788,good,0.44847628474235535,0.37628108263015747,-0.5155602693557739,0.9999209642410278,0.45497363805770874,0.36629924178123474,-0.4875992238521576,0.9998741149902344,0.45975399017333984,0.36608484387397766,-0.4876556992530823,0.9998733997344971,0.46407923102378845,0.36591628193855286,-0.48773476481437683,0.9998621344566345,0.43937546014785767,0.3670979142189026,-0.48965850472450256,0.9998335838317871,0.43424656987190247,0.3675052523612976,-0.48975038528442383,0.9998053312301636,0.4295206367969513,0.3679969608783722,-0.48980453610420227,0.9997943639755249,0.4655715823173523,0.37070128321647644,-0.2836515009403229,0.9998146295547485,0.4209040403366089,0.3737747371196747,-0.2915661633014679,0.9997056722640991,0.46013617515563965,0.38474875688552856,-0.4350125193595886,0.9999545216560364,0.44081369042396545,0.3854418396949768,-0.4379118084907532,0.9999316334724426,0.5288211107254028,0.4276808202266693,-0.16852730512619019,0.9999563694000244,0.36848434805870056,0.4354228377342224,-0.12564235925674438,0.9997345209121704,0.562738835811615,0.4978943467140198,-0.3579553961753845,0.9851810336112976,0.30735695362091064,0.500526487827301,-0.28697076439857483,0.9735925793647766,0.4783708453178406,0.46553128957748413,-0.7601449489593506,0.9858285188674927,0.37985965609550476,0.4786061942577362,-0.6802101135253906,0.9704974889755249,0.45702263712882996,0.4622935652732849,-0.8513166308403015,0.9700678586959839,0.4035891592502594,0.47767147421836853,-0.7621769309043884,0.9449616074562073,0.4485609829425812,0.4555743932723999,-0.8403840065002441,0.969219982624054,0.40936794877052307,0.469675749540329,-0.7582579851150513,0.9418392181396484,0.45437395572662354,0.45608678460121155,-0.762666642665863,0.9486162662506104,0.4052838087081909,0.4708021581172943,-0.6848433017730713,0.9171256422996521,0.4881386160850525,0.5670677423477173,-0.03852096199989319,0.9996684193611145,0.40575113892555237,0.570101797580719,0.03849822282791138,0.9992711544036865,0.4759750962257385,0.6694698929786682,-0.13670335710048676,0.9740800857543945,0.40922811627388,0.6668288111686707,0.12316262722015381,0.9215425848960876,0.4699019491672516,0.7709010243415833,0.12802353501319885,0.9611803889274597,0.4536843001842499,0.7433082461357117,0.5806992053985596,0.7936659455299377,0.473493754863739,0.7843950986862183,0.14039316773414612,0.8107858300209045,0.46696844696998596,0.7493090629577637,0.617315948009491,0.6480023860931396,0.46731412410736084,0.8026007413864136,-0.11659722775220871,0.9500916600227356,0.4323578178882599,0.774409294128418,0.4304564595222473,0.8026061654090881
IMG_9698,55,1821,good,0.44869405031204224,0.3732375204563141,-0.5345554947853088,0.9999257922172546,0.4543803036212921,0.3638094365596771,-0.5062119364738464,0.9998804330825806,0.4589921534061432,0.3636864423751831,-0.5062697529792786,0.9998794794082642,0.46325090527534485,0.3635820746421814,-0.5063366889953613,0.9998688697814941,0.4389920234680176,0.36428502202033997,-0.5066718459129333,0.9998437166213989,0.4336080849170685,0.36459580063819885,-0.5067612528800964,0.999817430973053,0.42845386266708374,0.3650049865245819,-0.5068168640136719,0.999807596206665,0.46488454937934875,0.3686351180076599,-0.2984142601490021,0.9998224377632141,0.41970962285995483,0.37166452407836914,-0.29910269379615784,0.9997252225875854,0.45911628007888794,0.3823307156562805,-0.45287325978279114,0.9999570846557617,0.4401874542236328,0.38314658403396606,-0.45374763011932373,0.9999357461929321,0.5280222296714783,0.425976037979126,-0.18187947571277618,0.9999570250511169,0.36776280403137207,0.43434152007102966,-0.12657390534877777,0.999747633934021,0.560989260673523,0.49729302525520325,-0.36719056963920593,0.9857697486877441,0.3111293315887451,0.5007287859916687,-0.2716827392578125,0.9748176336288452,0.4785253405570984,0.46710988879203796,-0.7837750315666199,0.9860872626304626,0.37915247678756714,0.490958034992218,-0.6660766005516052,0.9714963436126709,0.4574705958366394,0.4645305871963501,-0.8769656419754028,0.9705557823181152,0.40299952030181885,0.4907777011394501,-0.7477484941482544,0.946061372756958,0.4494819641113281,0.45760178565979004,-0.8703941106796265,0.9697045087814331,0.4066208600997925,0.48088425397872925,-0.7472847700119019,0.9428682923316956,0.45522981882095337,0.45774006843566895,-0.7877002358436584,0.9491631388664246,0.4021023213863373,0.4800179898738861,-0.6720834374427795,0.9180930852890015,0.4885430335998535,0.5668798089027405,-0.04294678941369057,0.9996830224990845,0.4056137502193451,0.5692988038063049,0.042932141572237015,0.9993003606796265,0.4771745502948761,0.6677453517913818,-0.15567632019519806,0.9758729338645935,0.4069767892360687,0.6655383110046387,0.14160850644111633,0.9268278479576111,0.4703703820705414,0.770807147026062,0.09320519864559174,0.9640369415283203,0.45323869585990906,0.7412856817245483,0.6328458786010742,0.8086179494857788,0.47559210658073425,0.7842097878456116,0.10219281166791916,0.8152424097061157,0.4670058786869049,0.7471255660057068,0.672418475151062,0.6643946170806885,0.46581196784973145,0.8026599884033203,-0.17026382684707642,0.9533734321594238,0.4280896782875061,0.7727585434913635,0.4861118495464325,0.8167985677719116
