video_no,frame,timestamp_ms,good,x0,y0,z0,visibility0,x1,y1,z1,visibility1,x2,y2,z2,visibility2,x3,y3,z3,visibility3,x4,y4,z4,visibility4,x5,y5,z5,visibility5,x6,y6,z6,visibility6,x7,y7,z7,visibility7,x8,y8,z8,visibility8,x9,y9,z9,visibility9,x10,y10,z10,visibility10,x11,y11,z11,visibility11,x12,y12,z12,visibility12,x13,y13,z13,visibility13,x14,y14,z14,visibility14,x15,y15,z15,visibility15,x16,y16,z16,visibility16,x17,y17,z17,visibility17,x18,y18,z18,visibility18,x19,y19,z19,visibility19,x20,y20,z20,visibility20,x21,y21,z21,visibility21,x22,y22,z22,visibility22,x23,y23,z23,visibility23,x24,y24,z24,visibility24,x25,y25,z25,visibility25,x26,y26,z26,visibility26,x27,y27,z27,visibility27,x28,y28,z28,visibility28,x29,y29,z29,visibility29,x30,y30,z30,visibility30,x31,y31,z31,visibility31,x32,y32,z32,visibility32
kick_ac_3 - Trim,1,33,good,0.5102017521858215,0.020522654056549072,0.06250882893800735,0.9998335838317871,0.5169919729232788,-0.0007969141006469727,0.023644978180527687,0.9998838901519775,0.5179743766784668,-0.0007901489734649658,0.02359745278954506,0.9999098777770996,0.5188595652580261,-0.0007293224334716797,0.023557191714644432,0.9999110698699951,0.5192387700080872,-0.00267907977104187,0.06264123320579529,0.9998637437820435,0.5217346549034119,-0.004080414772033691,0.06266336888074875,0.9998683929443359,0.524543046951294,-0.00574725866317749,0.06261233240365982,0.9998733997344971,0.5350664258003235,0.009365379810333252,-0.07913729548454285,0.9998935461044312,0.5434458255767822,0.003783583641052246,0.09035097062587738,0.9998102784156799,0.5131423473358154,0.04076105356216431,0.033408649265766144,0.9993242025375366,0.5148745179176331,0.04058480262756348,0.0818740576505661,0.9994245767593384,0.5233808755874634,0.13824963569641113,-0.17237654328346252,0.9996781349182129,0.592889666557312,0.12746456265449524,0.21582381427288055,0.9992952346801758,0.46158626675605774,0.26661717891693115,-0.08527019619941711,0.9021017551422119,0.5385041832923889,0.23985221982002258,0.3525097966194153,0.04790373519062996,0.45603206753730774,0.14470404386520386,0.20029319822788239,0.7926522493362427,0.48366355895996094,0.15141558647155762,0.431843101978302,0.11730888485908508,0.4527415335178375,0.11978200078010559,0.21369700133800507,0.7733780145645142,0.4773840606212616,0.11727645993232727,0.4633641242980957,0.1621333509683609,0.4659164249897003,0.11075764894485474,0.214323490858078,0.7654401063919067,0.4818728566169739,0.11107221245765686,0.4510873258113861,0.15919248759746552,0.46887925267219543,0.11663764715194702,0.21182852983474731,0.7222711443901062,0.48427456617355347,0.12211047857999802,0.429654985666275,0.15744395554065704,0.5392163991928101,0.44129443168640137,-0.11135386675596237,0.9996529817581177,0.5947571992874146,0.4440224766731262,0.1113697737455368,0.9996367692947388,0.5015906691551208,0.6696874499320984,-0.09871168434619904,0.9904704093933105,0.6015996932983398,0.6586095094680786,0.1618524044752121,0.9297082424163818,0.4973219037055969,0.9175034761428833,-0.09342537820339203,0.9838559627532959,0.6197509765625,0.9025545120239258,0.1433718502521515,0.9283236265182495,0.5116853713989258,0.9669421315193176,-0.0921834260225296,0.9834266901016235,0.6268615126609802,0.9466240406036377,0.1420254409313202,0.927561342716217,0.45769596099853516,0.9374111294746399,-0.10349423438310623,0.913873553276062,0.5925660729408264,0.9036504030227661,0.14208759367465973,0.7652189135551453
kick_ac_3 - Trim,2,66,good,0.5125762224197388,0.023432621732354164,0.05147527530789375,0.9998310804367065,0.5186909437179565,0.0015532018151134253,0.012828490696847439,0.9998834133148193,0.5194932222366333,0.0016218008240684867,0.012782926671206951,0.9999095797538757,0.5202405452728271,0.0017417797353118658,0.012738371267914772,0.9999100565910339,0.520804226398468,-0.0004093656607437879,0.051610853523015976,0.9998645782470703,0.5231496691703796,-0.0018560723401606083,0.051627736538648605,0.999869704246521,0.5257521271705627,-0.0034793380182236433,0.05156964063644409,0.9998741745948792,0.5354518890380859,0.0108641367405653,-0.0885576382279396,0.9998940825462341,0.545343816280365,0.00499562406912446,0.08012232184410095,0.9998143911361694,0.5160601139068604,0.04363960772752762,0.022944217547774315,0.9993254542350769,0.5179946422576904,0.042859021574258804,0.07117975503206253,0.9994297623634338,0.5244491100311279,0.1390163153409958,-0.1819722056388855,0.9996739029884338,0.5930501818656921,0.1278086006641388,0.20748360455036163,0.9993085265159607,0.4619576632976532,0.2669512629508972,-0.10464689135551453,0.9037222266197205,0.5385884046554565,0.2470632791519165,0.3446557819843292,0.04746616259217262,0.45605310797691345,0.14630331099033356,0.17256473004817963,0.7939870953559875,0.48374179005622864,0.15326479077339172,0.4248420000076294,0.11486561596393585,0.4523603618144989,0.12028716504573822,0.18405161798000336,0.7741127014160156,0.4766787886619568,0.12489204108715057,0.45599308609962463,0.15875355899333954,0.4651065170764923,0.1107606589794159,0.1880599558353424,0.766298770904541,0.48058801889419556,0.11258254945278168,0.44515758752822876,0.15581059455871582,0.4688138961791992,0.11737952381372452,0.18504783511161804,0.722813069820404,0.4831269681453705,0.12315672636032104,0.4228692650794983,0.15429764986038208,0.541270911693573,0.4428277909755707,-0.11135239154100418,0.9996384978294373,0.5961461663246155,0.4443492591381073,0.11136993020772934,0.9996252059936523,0.5019395351409912,0.6698489785194397,-0.09884976595640182,0.9905351400375366,0.6025004982948303,0.6615155339241028,0.16022826731204987,0.9288063645362854,0.4975234270095825,0.9174718260765076,-0.08050821721553802,0.9836344718933105,0.6202753782272339,0.8997805714607239,0.1612202227115631,0.9275742173194885,0.5116684436798096,0.9662947058677673,-0.07747010886669159,0.983314573764801,0.6269932389259338,0.9413708448410034,0.16223441064357758,0.9272379279136658,0.4589882493019104,0.9375254511833191,-0.08604105561971664,0.9114275574684143,0.5972045660018921,0.9037458300590515,0.15982156991958618,0.7594559192657471
kick_ac_3 - Trim,3,100,good,0.5152246356010437,0.029447095468640327,0.039445456117391586,0.9998372793197632,0.5206723213195801,0.007106734439730644,0.0008886373252607882,0.999888002872467,0.5213890671730042,0.007169328164309263,0.0008454842609353364,0.9999130368232727,0.522101879119873,0.007249799557030201,0.0008021807880140841,0.9999133944511414,0.522642195224762,0.0052107772789895535,0.040783364325761795,0.9998705387115479,0.5248646140098572,0.0038769408129155636,0.04080355912446976,0.9998752474784851,0.5273218750953674,0.0024178114254027605,0.04075666517019272,0.9998794198036194,0.5365062952041626,0.015614749863743782,-0.09720318019390106,0.9998986721038818,0.5469033718109131,0.009787483140826225,0.07607392221689224,0.9998234510421753,0.5188043713569641,0.04961581900715828,0.012158820405602455,0.9993569850921631,0.5209886431694031,0.0486287847161293,0.06191473826766014,0.9994586110115051,0.5269790291786194,0.14003252983093262,-0.1901938021183014,0.9996858239173889,0.5945414900779724,0.13001605868339539,0.20777463912963867,0.9993448853492737,0.46595558524131775,0.2671978771686554,-0.12117718905210495,0.9068509340286255,0.5388255715370178,0.25152266025543213,0.34430456161499023,0.04716460779309273,0.45667675137519836,0.15116848051548004,0.15189363062381744,0.7996408939361572,0.4856880307197571,0.15913447737693787,0.41572102904319763,0.11481047421693802,0.452409565448761,0.12485630065202713,0.16101492941379547,0.7795428037643433,0.4767753481864929,0.13554838299751282,0.4450088441371918,0.15861842036247253,0.46505895256996155,0.11398086696863174,0.16452980041503906,0.7719635963439941,0.4805651009082794,0.1191566064953804,0.4324735999107361,0.15578721463680267,0.4689306914806366,0.1219661608338356,0.16407868266105652,0.7282235622406006,0.48311325907707214,0.12918993830680847,0.4125528037548065,0.1542547047138214,0.5451745390892029,0.4459434151649475,-0.11280635744333267,0.999638557434082,0.5976476669311523,0.44520944356918335,0.11289285868406296,0.9996309876441956,0.5029541254043579,0.6703527569770813,-0.0974544808268547,0.9907755851745605,0.6048458218574524,0.6639460325241089,0.15529654920101166,0.9296308755874634,0.49790090322494507,0.916074812412262,-0.06150191277265549,0.9841329455375671,0.6224591732025146,0.8960419297218323,0.16060510277748108,0.9300577640533447,0.5121384859085083,0.9648615121841431,-0.057043347507715225,0.9836708307266235,0.6273062825202942,0.9369359016418457,0.16155876219272614,0.9296571016311646,0.45897719264030457,0.9375287294387817,-0.06457952409982681,0.9133374094963074,0.5982920527458191,0.9039982557296753,0.15732988715171814,0.7636960744857788
kick_ac_3 - Trim,4,133,good,0.5173388719558716,0.034256711602211,0.03964944928884506,0.9998419284820557,0.5225571990013123,0.01154269278049469,0.0016092851292341948,0.9998919367790222,0.5234403014183044,0.0114397332072258,0.0015636100433766842,0.9999158382415771,0.5243653655052185,0.011338235810399055,0.0015148905804380774,0.9999161958694458,0.5242389440536499,0.009818161837756634,0.04147542640566826,0.9998753666877747,0.5264068841934204,0.008482028730213642,0.041497811675071716,0.9998795390129089,0.5288153886795044,0.00700613996013999,0.04145495221018791,0.999883770942688,0.5390629172325134,0.018243949860334396,-0.09530644863843918,0.9999023675918579,0.5481241345405579,0.013058188371360302,0.07755909860134125,0.9998305439949036,0.5211515426635742,0.0535900816321373,0.012892191298305988,0.999381959438324,0.5232194662094116,0.05258692800998688,0.06264756619930267,0.9994814395904541,0.5312179923057556,0.14004111289978027,-0.18823805451393127,0.999699056148529,0.5962516069412231,0.13011902570724487,0.21033743023872375,0.9993780851364136,0.47026702761650085,0.2678526043891907,-0.1153164729475975,0.9092104434967041,0.5396307706832886,0.255466490983963,0.348940372467041,0.04673098400235176,0.4573042690753937,0.15661093592643738,0.16108989715576172,0.8032314777374268,0.4868885576725006,0.1642790138721466,0.4200972020626068,0.11335815489292145,0.45289021730422974,0.12989822030067444,0.17159231007099152,0.783033549785614,0.47672393918037415,0.14262104034423828,0.44946348667144775,0.15665395557880402,0.4650292992591858,0.11844097077846527,0.17432233691215515,0.7756263613700867,0.48047131299972534,0.12453336268663406,0.4362424910068512,0.15390358865261078,0.4689209759235382,0.1272137463092804,0.17308123409748077,0.7313854098320007,0.4831039607524872,0.13457822799682617,0.4160325825214386,0.15250426530838013,0.5495656132698059,0.4463912844657898,-0.1138596162199974,0.9996446967124939,0.6006422638893127,0.4451063871383667,0.11398400366306305,0.9996387362480164,0.5046674609184265,0.6711316704750061,-0.0988963395357132,0.9907482862472534,0.6067431569099426,0.6644808053970337,0.14840534329414368,0.9278033971786499,0.49779781699180603,0.9147433042526245,-0.06556066870689392,0.9843183755874634,0.624099612236023,0.8945793509483337,0.15870438516139984,0.9308522939682007,0.5121463537216187,0.9638954401016235,-0.061508629471063614,0.9837849736213684,0.6275342106819153,0.9356966614723206,0.16049011051654816,0.9307148456573486,0.45922544598579407,0.9375326037406921,-0.06982777267694473,0.9146552681922913,0.5995834469795227,0.9039974212646484,0.14953947067260742,0.7644702792167664
kick_ac_3 - Trim,5,166,good,0.5195524096488953,0.037697285413742065,0.03679816052317619,0.9998394846916199,0.5245388746261597,0.014422064647078514,-0.0005351065192371607,0.9998924732208252,0.5255151391029358,0.01417982205748558,-0.0005799407372251153,0.999915599822998,0.5265031456947327,0.013941087760031223,-0.000636059558019042,0.9999163746833801,0.5261699557304382,0.012859898619353771,0.039767127484083176,0.9998761415481567,0.5284621119499207,0.011502223089337349,0.039789848029613495,0.9998788833618164,0.5309199690818787,0.010024874471127987,0.03975021839141846,0.9998841285705566,0.5411514639854431,0.019971871748566628,-0.09544645249843597,0.9999030232429504,0.5501749515533447,0.015170060098171234,0.07848748564720154,0.999832034111023,0.523655116558075,0.05647614970803261,0.01039164885878563,0.9993889331817627,0.5258868932723999,0.05561593174934387,0.06091879680752754,0.999487042427063,0.5349138379096985,0.14007551968097687,-0.18800273537635803,0.9997071027755737,0.5987459421157837,0.1311008632183075,0.21538347005844116,0.9993849992752075,0.47393983602523804,0.26802948117256165,-0.11696113646030426,0.9106455445289612,0.5411492586135864,0.26114174723625183,0.35100990533828735,0.04653795436024666,0.4593464732170105,0.15880942344665527,0.154376819729805,0.8091045618057251,0.48922646045684814,0.16755712032318115,0.4186170697212219,0.11385273188352585,0.454546719789505,0.1317846179008484,0.16339333355426788,0.7887943387031555,0.47719061374664307,0.14513279497623444,0.446956068277359,0.1568608582019806,0.46558311581611633,0.12055444717407227,0.16534122824668884,0.7815338969230652,0.4812430441379547,0.12646494805812836,0.4339043200016022,0.1541386991739273,0.4695582389831543,0.12966202199459076,0.16561347246170044,0.737271249294281,0.48413529992103577,0.1370134949684143,0.41447100043296814,0.15281283855438232,0.5529465079307556,0.4472755789756775,-0.11762668937444687,0.999637246131897,0.6034082174301147,0.44608500599861145,0.11781418323516846,0.9996237754821777,0.5066816806793213,0.6711468696594238,-0.1124398484826088,0.9894125461578369,0.6066426634788513,0.6644062995910645,0.1494976133108139,0.9117802381515503,0.4993593096733093,0.9145911931991577,-0.07398752123117447,0.983057975769043,0.62400883436203,0.8949458599090576,0.16211740672588348,0.9227554798126221,0.5139967203140259,0.963265061378479,-0.06946869939565659,0.9826217889785767,0.6275268793106079,0.9363679885864258,0.16330263018608093,0.9256079792976379,0.4596940577030182,0.9381686449050903,-0.08498271554708481,0.9135668873786926,0.5971919894218445,0.9037111401557922,0.1510455310344696,0.7546462416648865
kick_ac_3 - Trim,6,200,good,0.5214207172393799,0.040103551000356674,0.01928606815636158,0.9998396039009094,0.5263178944587708,0.016581255942583084,-0.01685519330203533,0.999893844127655,0.5273681282997131,0.01628396287560463,-0.01690163090825081,0.9999163150787354,0.5284867882728577,0.015952978283166885,-0.016963820904493332,0.9999172687530518,0.5277918577194214,0.014947012066841125,0.023518171161413193,0.9998779892921448,0.5300021767616272,0.013532353565096855,0.02354421652853489,0.999879777431488,0.5325427055358887,0.011904174461960793,0.023510050028562546,0.9998854398727417,0.5432885885238647,0.020992806181311607,-0.104593925178051,0.9999048709869385,0.5521074533462524,0.016028420999646187,0.07130800187587738,0.9998347759246826,0.5258915424346924,0.05886409804224968,-0.004725990816950798,0.9994031190872192,0.5279989838600159,0.05802527815103531,0.04601496085524559,0.9994987845420837,0.5385616421699524,0.14021648466587067,-0.19296710193157196,0.9997135400772095,0.6011399030685425,0.13184694945812225,0.21265816688537598,0.9994031190872192,0.47658073902130127,0.2683396339416504,-0.12424947321414948,0.9125308990478516,0.5414685606956482,0.2613990008831024,0.33970901370048523,0.04710812866687775,0.4615704119205475,0.1589617133140564,0.14714449644088745,0.8131140470504761,0.49081388115882874,0.1674661934375763,0.3896152079105377,0.11523521691560745,0.4564230144023895,0.1326751559972763,0.15567900240421295,0.7922891974449158,0.4774625599384308,0.143671914935112,0.41474467515945435,0.15793240070343018,0.46686145663261414,0.12138187140226364,0.1569025218486786,0.7851580381393433,0.48223862051963806,0.12632791697978973,0.4022716283798218,0.15530343353748322,0.4709226191043854,0.13025924563407898,0.15813103318214417,0.7406958341598511,0.4852624833583832,0.13631601631641388,0.385323166847229,0.1537071317434311,0.5550535321235657,0.4481920897960663,-0.11809037625789642,0.9996240735054016,0.6053540706634521,0.44662782549858093,0.11828916519880295,0.9996105432510376,0.5089362859725952,0.6715841293334961,-0.11103153973817825,0.9885398149490356,0.6065608263015747,0.6643437743186951,0.15037207305431366,0.9028108716011047,0.49979686737060547,0.914325475692749,-0.07437064498662949,0.9821409583091736,0.6239281892776489,0.8951070308685303,0.16495904326438904,0.9180766344070435,0.5144975781440735,0.963107168674469,-0.07035652548074722,0.9819961786270142,0.6271096467971802,0.9366628527641296,0.16587069630622864,0.9233098030090332,0.4613724946975708,0.9369970560073853,-0.08528085798025131,0.9119596481323242,0.5950202941894531,0.9037022590637207,0.15363295376300812,0.7467074990272522
kick_ac_3 - Trim,7,233,good,0.5225197672843933,0.03998368978500366,-0.011613743379712105,0.9998459815979004,0.5277044773101807,0.01669888384640217,-0.04553135111927986,0.9998986721038818,0.5289201140403748,0.01639406755566597,-0.04557252675294876,0.9999198913574219,0.5302249193191528,0.016069859266281128,-0.045634619891643524,0.9999205470085144,0.5288277268409729,0.015063455328345299,-0.004609750118106604,0.9998842477798462,0.53093022108078,0.013685334473848343,-0.004580875858664513,0.999885618686676,0.5334252119064331,0.012068078853189945,-0.004597911145538092,0.9998908638954163,0.5452504754066467,0.021080907434225082,-0.12161823362112045,0.9999092817306519,0.5531548261642456,0.016054876148700714,0.057507820427417755,0.9998428821563721,0.5271413326263428,0.058957185596227646,-0.03135640174150467,0.9994261264801025,0.5288137793540955,0.05806659162044525,0.020209189504384995,0.999518632888794,0.5407233834266663,0.14031296968460083,-0.20053671300411224,0.9997177720069885,0.6017076373100281,0.13206565380096436,0.2089642435312271,0.9994203448295593,0.47839006781578064,0.2685856819152832,-0.12589284777641296,0.9131965637207031,0.5424002408981323,0.2651256024837494,0.3392338156700134,0.04664788022637367,0.46372970938682556,0.1593397706747055,0.15130643546581268,0.8154050707817078,0.4928298890590668,0.16752010583877563,0.3926885724067688,0.1147250384092331,0.4583703875541687,0.1336318999528885,0.1606665700674057,0.7940356731414795,0.4780469238758087,0.1443442702293396,0.41939741373062134,0.15707215666770935,0.46852827072143555,0.12205372750759125,0.16225837171077728,0.7869993448257446,0.4833458662033081,0.12654995918273926,0.4067441523075104,0.15458378195762634,0.47272661328315735,0.13071444630622864,0.1626892387866974,0.7419875264167786,0.48672592639923096,0.13700911402702332,0.388723224401474,0.1527174860239029,0.5566392540931702,0.45026642084121704,-0.11862693727016449,0.9996127486228943,0.6067817807197571,0.4476510286331177,0.1188235655426979,0.9996030330657959,0.5114530324935913,0.6731569766998291,-0.10987268388271332,0.9882766604423523,0.6067317128181458,0.6647705435752869,0.15084034204483032,0.8984934091567993,0.4997923970222473,0.9146389961242676,-0.06771629303693771,0.9819097518920898,0.6238711476325989,0.8951336145401001,0.16853228211402893,0.916824460029602,0.5144810080528259,0.963223934173584,-0.06328853219747543,0.9818435907363892,0.6255241632461548,0.9368152022361755,0.16946496069431305,0.922993004322052,0.46076780557632446,0.9350935220718384,-0.07466535270214081,0.9116664528846741,0.5945823192596436,0.9029784202575684,0.16043509542942047,0.744387686252594
kick_ac_3 - Trim,8,266,good,0.5231711864471436,0.04055599123239517,-0.023276306688785553,0.9998512864112854,0.5283811688423157,0.01736994832754135,-0.05685499683022499,0.999902606010437,0.5296761393547058,0.01700829342007637,-0.05689641460776329,0.9999226927757263,0.5310819745063782,0.016595758497714996,-0.05695252865552902,0.9999232292175293,0.5293420553207397,0.015856368467211723,-0.015745947137475014,0.9998893141746521,0.531401515007019,0.01448024157434702,-0.015717310830950737,0.9998899102210999,0.5339012742042542,0.012804850935935974,-0.0157400444149971,0.9998949766159058,0.5466333627700806,0.021304341033101082,-0.12961608171463013,0.9999129772186279,0.553641140460968,0.01641702838242054,0.05029090866446495,0.9998486042022705,0.5281587243080139,0.05929403752088547,-0.042046550661325455,0.9994503259658813,0.5295462608337402,0.05842221900820732,0.00976841151714325,0.999538779258728,0.5429115891456604,0.140377014875412,-0.20730774104595184,0.9997232556343079,0.6015929579734802,0.13233353197574615,0.20644988119602203,0.9994373321533203,0.4797491431236267,0.2688100039958954,-0.1329929530620575,0.915303111076355,0.5423631072044373,0.26526060700416565,0.3345791697502136,0.04707314074039459,0.46565303206443787,0.15961572527885437,0.14589165151119232,0.8193397521972656,0.4933611750602722,0.16715143620967865,0.3801393210887909,0.11572996526956558,0.4597802758216858,0.13381263613700867,0.15453502535820007,0.7971920967102051,0.4785847067832947,0.14336296916007996,0.40485432744026184,0.1574491709470749,0.46999406814575195,0.12216517329216003,0.15428970754146576,0.7902892231941223,0.48416823148727417,0.1266685575246811,0.3925749361515045,0.15520931780338287,0.47537466883659363,0.13073579967021942,0.15661504864692688,0.7450365424156189,0.4876055419445038,0.13726025819778442,0.3759452998638153,0.15312856435775757,0.557938277721405,0.4518454074859619,-0.1198049932718277,0.9995933771133423,0.607270359992981,0.44864559173583984,0.12000120431184769,0.9995926022529602,0.5128088593482971,0.6758912205696106,-0.10967166721820831,0.9875055551528931,0.6079161763191223,0.6671189069747925,0.1513034701347351,0.8902748227119446,0.49967506527900696,0.9146593809127808,-0.05678535997867584,0.981335461139679,0.6236118078231812,0.8952327370643616,0.1681773066520691,0.9146074056625366,0.5144129991531372,0.9632468819618225,-0.051907941699028015,0.9811872839927673,0.6255434155464172,0.9388378858566284,0.16892771422863007,0.9221731424331665,0.46043914556503296,0.9351561665534973,-0.06482052057981491,0.911663830280304,0.5845651030540466,0.9036374092102051,0.15948013961315155,0.7433266639709473
kick_ac_3 - Trim,9,300,good,0.5232793092727661,0.040649037808179855,-0.035368893295526505,0.9998574256896973,0.5286399722099304,0.017695045098662376,-0.06773409992456436,0.9999070763587952,0.529990017414093,0.01731506548821926,-0.0677746906876564,0.9999258518218994,0.5314559936523438,0.01686674728989601,-0.06783176213502884,0.9999263882637024,0.5295059084892273,0.016221538186073303,-0.025961916893720627,0.999894917011261,0.5315473675727844,0.014832571148872375,-0.02593276835978031,0.9998945593833923,0.5339130163192749,0.013198794797062874,-0.025951504707336426,0.9998995065689087,0.5471675395965576,0.0214767474681139,-0.13501222431659698,0.9999170303344727,0.5536721348762512,0.01648080162703991,0.047562360763549805,0.9998543858528137,0.5285235643386841,0.059360604733228683,-0.05223841220140457,0.9994751811027527,0.5297333002090454,0.05853220075368881,0.0004562133108265698,0.9995587468147278,0.5448232889175415,0.14030396938323975,-0.21105562150478363,0.9997272491455078,0.6005508303642273,0.1322551965713501,0.20686261355876923,0.999447762966156,0.48067986965179443,0.26882416009902954,-0.1353653222322464,0.9169237017631531,0.5423377752304077,0.2647858262062073,0.3356631100177765,0.046993061900138855,0.46760615706443787,0.15945598483085632,0.14593343436717987,0.8228232264518738,0.494374543428421,0.16684454679489136,0.38510963320732117,0.11580745130777359,0.461541086435318,0.13385209441184998,0.15417389571666718,0.8000085949897766,0.4798254668712616,0.1426970213651657,0.41008612513542175,0.15689297020435333,0.471895694732666,0.12228801846504211,0.15241295099258423,0.7933462262153625,0.48534849286079407,0.12723080813884735,0.39734750986099243,0.15495391190052032,0.4779520332813263,0.13069655001163483,0.15612030029296875,0.7476688027381897,0.48872315883636475,0.1378614753484726,0.3807658553123474,0.15276068449020386,0.5587723851203918,0.45176568627357483,-0.12216443568468094,0.9995777010917664,0.6076590418815613,0.4486812353134155,0.12236896902322769,0.9995829463005066,0.5134273171424866,0.6766158938407898,-0.11178325861692429,0.9865193367004395,0.6087637543678284,0.6676629781723022,0.15271465480327606,0.8802019953727722,0.49933794140815735,0.9152451157569885,-0.061279889196157455,0.9808664321899414,0.6233754754066467,0.8952825665473938,0.1753035932779312,0.9119656682014465,0.5136283040046692,0.963452935218811,-0.05707895755767822,0.9807360172271729,0.6255674958229065,0.9397151470184326,0.17623764276504517,0.9211317300796509,0.46038827300071716,0.9351266026496887,-0.06588447839021683,0.9122321009635925,0.5739958882331848,0.9192028045654297,0.16406601667404175,0.7417459487915039
kick_ac_3 - Trim,10,333,good,0.5235446095466614,0.04056990519165993,-0.03474936634302139,0.9998605251312256,0.5291586518287659,0.017689265310764313,-0.06645883619785309,0.9999098181724548,0.5306841731071472,0.017286401242017746,-0.06649892032146454,0.9999275207519531,0.5322878360748291,0.016822287812829018,-0.0665622279047966,0.9999281764030457,0.5296850204467773,0.01628384366631508,-0.024694055318832397,0.9998985528945923,0.5316371917724609,0.014919519424438477,-0.024662373587489128,0.9998971819877625,0.5339528322219849,0.013279568403959274,-0.02467861771583557,0.9999022483825684,0.5484249591827393,0.02145073562860489,-0.1330384463071823,0.9999193549156189,0.5537094473838806,0.01653197593986988,0.04964935779571533,0.9998576641082764,0.5289283990859985,0.0593133345246315,-0.05139476805925369,0.9994866251945496,0.5297427773475647,0.05854259431362152,0.001348450779914856,0.9995683431625366,0.5460245013237,0.14031529426574707,-0.20744755864143372,0.9997270703315735,0.5999357104301453,0.13226214051246643,0.20817570388317108,0.9994556903839111,0.4826217591762543,0.26906219124794006,-0.13083675503730774,0.9161449074745178,0.5423439145088196,0.26766252517700195,0.3438335657119751,0.04662637785077095,0.4706035256385803,0.1595403254032135,0.14715436100959778,0.8242488503456116,0.4952118694782257,0.1666237860918045,0.3909294903278351,0.11620837450027466,0.46321600675582886,0.13409414887428284,0.1555803120136261,0.8010355234146118,0.4811547100543976,0.1428706794977188,0.4144141972064972,0.15722468495368958,0.4739284813404083,0.12239060550928116,0.1558036208152771,0.7943797707557678,0.4863879084587097,0.12750661373138428,0.40102019906044006,0.15531891584396362,0.4804554879665375,0.13068406283855438,0.15790849924087524,0.748055636882782,0.48980170488357544,0.13802139461040497,0.3857818841934204,0.15296287834644318,0.5595139861106873,0.4519972503185272,-0.12188997119665146,0.9995588064193726,0.6083093881607056,0.448729544878006,0.1220887079834938,0.9995748996734619,0.5130665898323059,0.6771669387817383,-0.11105556786060333,0.9851838946342468,0.6094785332679749,0.6684566736221313,0.14882811903953552,0.8701879978179932,0.4990450143814087,0.915712296962738,-0.052720554172992706,0.9796193242073059,0.623345136642456,0.8963958024978638,0.162854865193367,0.9078875184059143,0.5128267407417297,0.9635868668556213,-0.04726447910070419,0.9794138669967651,0.6255804300308228,0.9416035413742065,0.16256995499134064,0.9180591106414795,0.46046626567840576,0.9360975027084351,-0.05674345791339874,0.911003053188324,0.5761098265647888,0.9284223318099976,0.1484680026769638,0.7380954623222351
kick_ac_3 - Trim,11,367,good,0.5233003497123718,0.040503133088350296,-0.041913531720638275,0.9998594522476196,0.5289574265480042,0.01772349700331688,-0.07222519814968109,0.9999107122421265,0.530504584312439,0.017289845272898674,-0.07226678729057312,0.9999275803565979,0.5321584343910217,0.016786478459835052,-0.07233665138483047,0.9999284744262695,0.5295917391777039,0.01637665182352066,-0.030381284654140472,0.9999001026153564,0.5316118001937866,0.014998321421444416,-0.030346913263201714,0.9998972415924072,0.5338478684425354,0.013341311365365982,-0.030360722914338112,0.9999025464057922,0.5484946966171265,0.021386373788118362,-0.13423405587673187,0.9999199509620667,0.5535885691642761,0.016450881958007812,0.04903421178460121,0.9998571872711182,0.5286985039710999,0.05941107124090195,-0.05699121579527855,0.9994782209396362,0.529448390007019,0.05878216773271561,-0.004071483388543129,0.9995589852333069,0.5468903183937073,0.14035481214523315,-0.20609775185585022,0.9997220635414124,0.5989977717399597,0.1323978453874588,0.2089291214942932,0.9994480013847351,0.4837312698364258,0.2697238028049469,-0.13233821094036102,0.9149401187896729,0.5423007607460022,0.27510103583335876,0.3434339761734009,0.04564492776989937,0.4704751670360565,0.1600051075220108,0.14524275064468384,0.8262057900428772,0.4953136146068573,0.16760019958019257,0.3855030834674835,0.11536280810832977,0.46395429968833923,0.13405367732048035,0.15408526360988617,0.8027046322822571,0.48157498240470886,0.14276087284088135,0.40945687890052795,0.15602731704711914,0.47491255402565,0.12252366542816162,0.15480776131153107,0.795969545841217,0.48692142963409424,0.12867553532123566,0.3965347111225128,0.15413686633110046,0.48045510053634644,0.1310613602399826,0.15620730817317963,0.7490865588188171,0.4905036389827728,0.13808578252792358,0.3806496560573578,0.15155509114265442,0.5597923994064331,0.4523225724697113,-0.12191976606845856,0.999526858329773,0.6084426641464233,0.44904524087905884,0.1221139058470726,0.9995501637458801,0.5115271806716919,0.676780641078949,-0.11085998266935349,0.9838895201683044,0.6099401712417603,0.668720006942749,0.14527307450771332,0.858414888381958,0.4990670084953308,0.9159789681434631,-0.04779421538114548,0.9780736565589905,0.6232938766479492,0.8965528011322021,0.15134364366531372,0.9016003608703613,0.5128134489059448,0.963597297668457,-0.041604653000831604,0.9776777625083923,0.6258181929588318,0.9418282508850098,0.15050187706947327,0.9128355383872986,0.46010836958885193,0.9362100958824158,-0.04854929819703102,0.9089295864105225,0.5779449939727783,0.9219831824302673,0.13917988538742065,0.7320647835731506
kick_ac_3 - Trim,12,400,good,0.5231499075889587,0.040685903280973434,-0.04467393457889557,0.9998626112937927,0.5288415551185608,0.017766468226909637,-0.07523786276578903,0.9999136328697205,0.5303255319595337,0.01729714870452881,-0.0752745121717453,0.999929666519165,0.5319612622261047,0.016760921105742455,-0.0753495916724205,0.9999305009841919,0.5291571021080017,0.016480587422847748,-0.03328565135598183,0.9999034404754639,0.5309641361236572,0.015093847177922726,-0.03324298560619354,0.9998998045921326,0.5329525470733643,0.013449263758957386,-0.03324605152010918,0.9999051690101624,0.5482967495918274,0.021329548209905624,-0.13646407425403595,0.999923050403595,0.5526878833770752,0.01639442704617977,0.04727226123213768,0.9998592138290405,0.5284746885299683,0.05968501418828964,-0.05979200080037117,0.9994907975196838,0.529125988483429,0.05918246880173683,-0.006816360633820295,0.9995647668838501,0.547846257686615,0.1404803991317749,-0.2076578587293625,0.9997186064720154,0.5963906645774841,0.13260282576084137,0.20901019871234894,0.99945068359375,0.4839233160018921,0.2706820070743561,-0.1325533092021942,0.9152169823646545,0.5372759699821472,0.2748299837112427,0.29974037408828735,0.04654444009065628,0.47189438343048096,0.16169002652168274,0.14796189963817596,0.8295902609825134,0.49395817518234253,0.1674811840057373,0.2731086015701294,0.11985243111848831,0.46452265977859497,0.13659419119358063,0.1571035385131836,0.8052502870559692,0.4815467596054077,0.1429639458656311,0.28618335723876953,0.16053882241249084,0.475896418094635,0.1244383230805397,0.15762801468372345,0.7984466552734375,0.48691076040267944,0.12956281006336212,0.2753359377384186,0.15860210359096527,0.4821527302265167,0.1325584501028061,0.1589626669883728,0.7514563202857971,0.4904997944831848,0.13905109465122223,0.2672135531902313,0.15471714735031128,0.5597332715988159,0.45254555344581604,-0.1224762350320816,0.9995001554489136,0.6066965460777283,0.4490743577480316,0.1226557120680809,0.9995369911193848,0.5056400299072266,0.6763434410095215,-0.11047497391700745,0.9837140440940857,0.6089144945144653,0.6689497828483582,0.14039507508277893,0.8522681593894958,0.49873170256614685,0.9169265627861023,-0.040307119488716125,0.9778557419776917,0.6232633590698242,0.8968827128410339,0.13637790083885193,0.8990623950958252,0.5128010511398315,0.9636049866676331,-0.03365699201822281,0.977028489112854,0.6263516545295715,0.9430631995201111,0.13425785303115845,0.9099534749984741,0.45724204182624817,0.9364585280418396,-0.041982538998126984,0.9101852178573608,0.5741938352584839,0.9290735721588135,0.12178993225097656,0.7319655418395996
kick_ac_3 - Trim,13,433,good,0.52214515209198,0.04110430181026459,-0.04213867709040642,0.9998660683631897,0.5281041860580444,0.01821652241051197,-0.07240284979343414,0.9999167323112488,0.5298370718955994,0.017726721242070198,-0.07244261354207993,0.9999322295188904,0.5316978096961975,0.017154371365904808,-0.0725218877196312,0.9999327063560486,0.5275121927261353,0.017024384811520576,-0.030862275511026382,0.9999068975448608,0.5289479494094849,0.01569022610783577,-0.030814092606306076,0.9999030232429504,0.5306148529052734,0.01412178948521614,-0.030816318467259407,0.9999079704284668,0.5482366681098938,0.021366704255342484,-0.13377293944358826,0.9999260306358337,0.550347626209259,0.0165636595338583,0.04854229837656021,0.9998623728752136,0.5280184149742126,0.060258422046899796,-0.05690271779894829,0.9994932413101196,0.5277788639068604,0.059830427169799805,-0.004485199693590403,0.999561071395874,0.5477011799812317,0.1404835730791092,-0.2070406973361969,0.9997180104255676,0.5933248996734619,0.13276587426662445,0.20862466096878052,0.9994557499885559,0.48357099294662476,0.2715253531932831,-0.13151519000530243,0.9147258996963501,0.5362032651901245,0.28083619475364685,0.29029327630996704,0.04642721265554428,0.47206518054008484,0.16157013177871704,0.14325280487537384,0.8322567343711853,0.49391019344329834,0.16759873926639557,0.26977860927581787,0.12101362645626068,0.464500367641449,0.13680331408977509,0.15227380394935608,0.8076991438865662,0.4816369116306305,0.14351454377174377,0.28309088945388794,0.16170494258403778,0.47601521015167236,0.1245541200041771,0.1536688357591629,0.8007868528366089,0.4871355891227722,0.12976986169815063,0.27439603209495544,0.15954723954200745,0.4825170636177063,0.1325233429670334,0.15464678406715393,0.7536227703094482,0.49068683385849,0.13921011984348297,0.2650502026081085,0.15444867312908173,0.5596198439598083,0.4532942473888397,-0.1223330870270729,0.9994877576828003,0.6052738428115845,0.4496322572231293,0.1224905475974083,0.9995316863059998,0.49639639258384705,0.6734726428985596,-0.10952987521886826,0.9844992756843567,0.6093444228172302,0.669411838054657,0.13745538890361786,0.8535997867584229,0.49801260232925415,0.9171874523162842,-0.03522700071334839,0.9782456755638123,0.6246966123580933,0.8969135284423828,0.131339892745018,0.8989809155464172,0.5122479200363159,0.9637061357498169,-0.02780206687748432,0.9771305322647095,0.6289281845092773,0.9432724118232727,0.12947978079319,0.9087643623352051,0.4546034038066864,0.9375378489494324,-0.026683378964662552,0.9111764430999756,0.5898868441581726,0.9226330518722534,0.12173132598400116,0.7311092615127563
kick_ac_3 - Trim,14,467,good,0.5197405219078064,0.042178839445114136,-0.03364723175764084,0.9998681545257568,0.5255762934684753,0.019280357286334038,-0.06526056677103043,0.9999194741249084,0.5273869633674622,0.018849723041057587,-0.06529908627271652,0.9999347925186157,0.5293436050415039,0.01831277832388878,-0.06536831706762314,0.999934732913971,0.5248066782951355,0.017858436331152916,-0.024147188290953636,0.9999094605445862,0.5261396169662476,0.016452696174383163,-0.024113528430461884,0.9999057054519653,0.5277438759803772,0.014814750291407108,-0.024126891046762466,0.9999101161956787,0.5464440584182739,0.02199714072048664,-0.13202965259552002,0.9999287724494934,0.5473297834396362,0.01734050177037716,0.05152549594640732,0.9998648762702942,0.525976300239563,0.06200411170721054,-0.05070594698190689,0.9994902610778809,0.525485098361969,0.06127474829554558,0.00080511235864833,0.9995511174201965,0.5471257567405701,0.14041826128959656,-0.20376381278038025,0.9997265338897705,0.5916942358016968,0.13330502808094025,0.21180228888988495,0.9994685649871826,0.4831487536430359,0.2725800573825836,-0.1305803805589676,0.9158295392990112,0.5360373258590698,0.2814182639122009,0.30508100986480713,0.047023653984069824,0.471985399723053,0.16147381067276,0.1426122784614563,0.8343683481216431,0.4938398599624634,0.1675315648317337,0.3082447052001953,0.12281498312950134,0.4644431173801422,0.13685007393360138,0.1520915925502777,0.8089941143989563,0.4816170632839203,0.14385351538658142,0.32503318786621094,0.16326332092285156,0.4759097099304199,0.12430059909820557,0.15376180410385132,0.8020877838134766,0.48710963129997253,0.13051962852478027,0.3164758086204529,0.16090166568756104,0.4817686080932617,0.13245658576488495,0.15430031716823578,0.7543591260910034,0.4906272292137146,0.13918736577033997,0.3042997419834137,0.15448491275310516,0.5571606159210205,0.45434877276420593,-0.1229492723941803,0.9994978904724121,0.599736213684082,0.4501025974750519,0.1230841651558876,0.9995431900024414,0.4873475730419159,0.670418918132782,-0.11064959317445755,0.9853426814079285,0.6083279848098755,0.6693748831748962,0.13338448107242584,0.8564837574958801,0.4921412765979767,0.9171839356422424,-0.04122065007686615,0.9790962338447571,0.6249440908432007,0.8960533142089844,0.1198149174451828,0.9004945158958435,0.5068086981773376,0.9637075066566467,-0.03473930060863495,0.9777131676673889,0.6304887533187866,0.942349910736084,0.11716028302907944,0.9092714786529541,0.44522824883461,0.937930166721344,-0.03548409789800644,0.9144315123558044,0.5965769290924072,0.9184455871582031,0.11310141533613205,0.7342930436134338
kick_ac_3 - Trim,15,500,good,0.5158601999282837,0.043093401938676834,-0.032107412815093994,0.9998732209205627,0.5218674540519714,0.02027306705713272,-0.06491238623857498,0.9999237060546875,0.5237048864364624,0.019868172705173492,-0.06496977061033249,0.999938428401947,0.5256878733634949,0.01933586597442627,-0.06507308036088943,0.9999382495880127,0.5211336612701416,0.01867208071053028,-0.02284102514386177,0.9999136328697205,0.5225481390953064,0.017157603055238724,-0.0227678120136261,0.9999098777770996,0.5242368578910828,0.01541136484593153,-0.022755861282348633,0.9999139308929443,0.5430372357368469,0.02300182357430458,-0.1278514862060547,0.9999329447746277,0.5431386232376099,0.01846177875995636,0.05741164833307266,0.9998698830604553,0.5220386385917664,0.06346936523914337,-0.049887653440237045,0.999508798122406,0.5214484930038452,0.06248205155134201,0.0029945101123303175,0.9995613098144531,0.5467298626899719,0.1404290497303009,-0.20130005478858948,0.9997387528419495,0.5823482871055603,0.13327071070671082,0.21625757217407227,0.9994807839393616,0.4827476441860199,0.27330854535102844,-0.1303931474685669,0.9185172915458679,0.5328318476676941,0.2830634117126465,0.3093452453613281,0.048320475965738297,0.4701403081417084,0.16141735017299652,0.13999031484127045,0.8371082544326782,0.4926612973213196,0.16749033331871033,0.30121368169784546,0.12496618181467056,0.4630851745605469,0.13684074580669403,0.14916372299194336,0.8106591105461121,0.4812086522579193,0.1443372666835785,0.3160668611526489,0.16475161910057068,0.4743518531322479,0.1240759938955307,0.1508578211069107,0.8037821650505066,0.48698312044143677,0.13162149488925934,0.3084408938884735,0.16221703588962555,0.47951677441596985,0.132395401597023,0.15166626870632172,0.7556099891662598,0.49034470319747925,0.13940398395061493,0.2971310615539551,0.15462353825569153,0.5515138506889343,0.4557865858078003,-0.12455635517835617,0.9995120763778687,0.5935054421424866,0.45111656188964844,0.12469986081123352,0.9995512366294861,0.48409655690193176,0.6685294508934021,-0.11966188251972198,0.9859784841537476,0.6059126257896423,0.6693574786186218,0.1343967318534851,0.8570376038551331,0.4813300371170044,0.9191709160804749,-0.06276505440473557,0.9798874855041504,0.625019371509552,0.8957551717758179,0.12079743295907974,0.9013097286224365,0.49710437655448914,0.9640089273452759,-0.05717262998223305,0.9782214164733887,0.6308761239051819,0.9413597583770752,0.11953246593475342,0.9094148874282837,0.43448811769485474,0.9377421736717224,-0.061563413590192795,0.9179878234863281,0.6005257964134216,0.9171770215034485,0.11968794465065002,0.7378613352775574
kick_ac_3 - Trim,16,533,good,0.5119020342826843,0.045096125453710556,-0.03199690207839012,0.999877393245697,0.5178372263908386,0.022811131551861763,-0.06362276524305344,0.9999275207519531,0.5196861624717712,0.022482946515083313,-0.06367598474025726,0.9999414682388306,0.5216913223266602,0.022007180377840996,-0.06376584619283676,0.9999412298202515,0.5171709656715393,0.021031944081187248,-0.02171948179602623,0.9999173879623413,0.5186055898666382,0.01948021911084652,-0.021655462682247162,0.999913215637207,0.5203507542610168,0.01769842952489853,-0.02164941094815731,0.9999170899391174,0.5391226410865784,0.02585107460618019,-0.12767384946346283,0.9999364018440247,0.5390508770942688,0.0216989666223526,0.05702388286590576,0.9998741745948792,0.5181573033332825,0.06537548452615738,-0.04885648190975189,0.9995253086090088,0.5174840688705444,0.06434643268585205,0.003964043688029051,0.9995706081390381,0.5449876189231873,0.1413240283727646,-0.20125171542167664,0.999745786190033,0.5773144364356995,0.13432982563972473,0.2146134227514267,0.9994863867759705,0.4789309799671173,0.27340683341026306,-0.13532303273677826,0.920924186706543,0.5295198559761047,0.2828390300273895,0.3072841763496399,0.049948468804359436,0.46706265211105347,0.1601628065109253,0.12731853127479553,0.8407927751541138,0.4888189136981964,0.16672329604625702,0.29328012466430664,0.12846919894218445,0.4601864218711853,0.13688495755195618,0.13376784324645996,0.8136163949966431,0.47866421937942505,0.144314244389534,0.3050340712070465,0.16809740662574768,0.47099488973617554,0.12402027100324631,0.13312317430973053,0.8069208264350891,0.4848107695579529,0.13157251477241516,0.29557469487190247,0.1655554622411728,0.4754815697669983,0.13237309455871582,0.13745781779289246,0.7590782046318054,0.4878775477409363,0.13937635719776154,0.28811880946159363,0.15690791606903076,0.5459153652191162,0.45819124579429626,-0.125492662191391,0.9995250701904297,0.5853400826454163,0.45248115062713623,0.12565086781978607,0.9995549917221069,0.47907930612564087,0.667974054813385,-0.12785570323467255,0.985741138458252,0.5980036854743958,0.6673173308372498,0.14368925988674164,0.8514814376831055,0.4713304936885834,0.9194270968437195,-0.08207127451896667,0.9800023436546326,0.6244773864746094,0.8920241594314575,0.14800763130187988,0.8979871273040771,0.48443278670310974,0.9634549617767334,-0.07779016345739365,0.9782385230064392,0.632508397102356,0.9400546550750732,0.14760929346084595,0.906938910484314,0.4256507158279419,0.9390016198158264,-0.0895613357424736,0.9203236103057861,0.6037058234214783,0.9152205586433411,0.14631062746047974,0.7369766235351562
kick_ac_3 - Trim,17,567,good,0.5079470276832581,0.046145860105752945,-0.048381220549345016,0.9998854398727417,0.514360785484314,0.0241098515689373,-0.07711226493120193,0.9999327063560486,0.5163541436195374,0.023775732144713402,-0.0771665871143341,0.9999456405639648,0.518496572971344,0.023255126550793648,-0.0772501602768898,0.9999452829360962,0.5134169459342957,0.02226666547358036,-0.03667308762669563,0.9999231696128845,0.5147899389266968,0.020687248557806015,-0.03661508858203888,0.9999188780784607,0.5164547562599182,0.0188783947378397,-0.03660018369555473,0.9999223947525024,0.5356646180152893,0.0268388744443655,-0.13126464188098907,0.9999409317970276,0.5343576073646545,0.023030750453472137,0.04713116213679314,0.9998819231987,0.5142097473144531,0.06673119217157364,-0.0605149045586586,0.9995530843734741,0.5132236480712891,0.0656401738524437,-0.009504172019660473,0.999592661857605,0.5421852469444275,0.14245788753032684,-0.20115604996681213,0.9997520446777344,0.568457305431366,0.13496752083301544,0.2070499062538147,0.9995012879371643,0.47131678462028503,0.27315694093704224,-0.13557475805282593,0.9227117896080017,0.5178167819976807,0.2708643674850464,0.30397146940231323,0.05124278366565704,0.462785542011261,0.1595757007598877,0.11897046864032745,0.8462909460067749,0.48390549421310425,0.16619208455085754,0.2887730896472931,0.13485263288021088,0.4562780559062958,0.1368507444858551,0.12453312426805496,0.8193924427032471,0.4743501842021942,0.14427761733531952,0.29885634779930115,0.17514824867248535,0.466974675655365,0.12397614866495132,0.12090661376714706,0.8130262494087219,0.4814074635505676,0.1312931925058365,0.2887679636478424,0.17273567616939545,0.471227765083313,0.13227206468582153,0.12768036127090454,0.7658615112304688,0.48451218008995056,0.13936011493206024,0.2832825779914856,0.16240958869457245,0.5393370985984802,0.4595710337162018,-0.12527690827846527,0.9995356798171997,0.5768588185310364,0.45375627279281616,0.12542331218719482,0.9995664358139038,0.473736435174942,0.669712245464325,-0.12467612326145172,0.9859329462051392,0.5938991904258728,0.6669362187385559,0.14066143333911896,0.8526352047920227,0.4671269953250885,0.9195681810379028,-0.07729451358318329,0.9804884195327759,0.6244670748710632,0.8921740651130676,0.14286130666732788,0.8992235660552979,0.48123544454574585,0.9632471203804016,-0.07272519171237946,0.9788132309913635,0.6324538588523865,0.9395226240158081,0.1418183296918869,0.9080696702003479,0.42326363921165466,0.9402095675468445,-0.08166832476854324,0.9228626489639282,0.6018701195716858,0.9115784168243408,0.1382484883069992,0.7406771779060364
kick_ac_3 - Trim,18,600,good,0.5023192763328552,0.048054590821266174,-0.043433256447315216,0.999891459941864,0.5082781910896301,0.02613292634487152,-0.07305063307285309,0.9999370574951172,0.5103033185005188,0.025734106078743935,-0.07310733944177628,0.9999491572380066,0.5124680995941162,0.025120390579104424,-0.07319310307502747,0.9999487996101379,0.5073261857032776,0.02447166107594967,-0.0327482670545578,0.9999276399612427,0.5086528658866882,0.02297087572515011,-0.032693952322006226,0.999923050403595,0.5103120803833008,0.02121743932366371,-0.03268098086118698,0.9999264478683472,0.5300039052963257,0.02825337089598179,-0.13068059086799622,0.9999449253082275,0.5283872485160828,0.024857260286808014,0.046359892934560776,0.9998882412910461,0.508838415145874,0.06881118565797806,-0.057051096111536026,0.9995797276496887,0.5079273581504822,0.06785978376865387,-0.0062189484015107155,0.9996151328086853,0.5388981699943542,0.14336344599723816,-0.2010534405708313,0.9997619986534119,0.5610596537590027,0.13565726578235626,0.20505212247371674,0.9995256066322327,0.4647136628627777,0.2712631821632385,-0.13958878815174103,0.9263310432434082,0.5097087025642395,0.2660893201828003,0.306308388710022,0.053270123898983,0.457149475812912,0.1559833437204361,0.11436627060174942,0.8534920811653137,0.47827765345573425,0.16124938428401947,0.2967221140861511,0.14116519689559937,0.45181307196617126,0.13277286291122437,0.11979308724403381,0.8268007040023804,0.46969959139823914,0.14216621220111847,0.3070654273033142,0.18158909678459167,0.46165764331817627,0.12278357893228531,0.1158362552523613,0.8208007216453552,0.4764437973499298,0.12940986454486847,0.2974883019924164,0.17921864986419678,0.4654974937438965,0.13046647608280182,0.1228087991476059,0.7743223309516907,0.47905904054641724,0.13776284456253052,0.29147693514823914,0.16739049553871155,0.5328052043914795,0.45961689949035645,-0.12510810792446136,0.9995483160018921,0.5684289932250977,0.4538920223712921,0.12525372207164764,0.9995881915092468,0.4676639437675476,0.6695890426635742,-0.11712692677974701,0.9862316846847534,0.5863057971000671,0.666577935218811,0.10223289579153061,0.8556385040283203,0.46786826848983765,0.9153554439544678,-0.04990849271416664,0.9811736941337585,0.6244529485702515,0.892017662525177,0.07863477617502213,0.9023411273956299,0.4826732873916626,0.9603291749954224,-0.042713429778814316,0.97938472032547,0.6335366368293762,0.9392887353897095,0.07451474666595459,0.9101623892784119,0.4253357946872711,0.9412207007408142,-0.051529351621866226,0.9268365502357483,0.6010228395462036,0.911556601524353,0.05757159739732742,0.7504174113273621
kick_ac_3 - Trim,19,633,good,0.4980234205722809,0.04859946295619011,-0.03284057602286339,0.9999001026153564,0.5042338371276855,0.026938360184431076,-0.06105085089802742,0.999942421913147,0.5062711834907532,0.026560883969068527,-0.06110495328903198,0.9999534487724304,0.5084124207496643,0.02597731538116932,-0.061203476041555405,0.9999531507492065,0.5032440423965454,0.025348037481307983,-0.021879196166992188,0.9999336004257202,0.5045650601387024,0.02392134815454483,-0.021832900121808052,0.9999291300773621,0.5062423944473267,0.022220822051167488,-0.021784549579024315,0.9999324083328247,0.5258707404136658,0.029838791117072105,-0.11756190657615662,0.9999496340751648,0.5245285034179688,0.026575829833745956,0.055737756192684174,0.9998968839645386,0.5043890476226807,0.06920788437128067,-0.045479509979486465,0.9996134638786316,0.5033058524131775,0.0684514045715332,0.003907278645783663,0.9996447563171387,0.5331370234489441,0.14515508711338043,-0.19230599701404572,0.9997724890708923,0.5557867884635925,0.13881219923496246,0.2062803953886032,0.999554455280304,0.4572387635707855,0.2689473628997803,-0.12666688859462738,0.9304397106170654,0.4946898818016052,0.26452258229255676,0.28534838557243347,0.05714765936136246,0.45134130120277405,0.15406711399555206,0.1485763043165207,0.8590379357337952,0.4690929651260376,0.16029851138591766,0.24658919870853424,0.14734114706516266,0.4438779950141907,0.13187122344970703,0.159834623336792,0.831799328327179,0.4624885022640228,0.14037694036960602,0.25118470191955566,0.1863870471715927,0.45647284388542175,0.12109462916851044,0.1551353484392166,0.8259953260421753,0.4697664976119995,0.12788131833076477,0.24636881053447723,0.18393824994564056,0.46048852801322937,0.12887731194496155,0.15760712325572968,0.7803203463554382,0.4728001654148102,0.1367865353822708,0.24202415347099304,0.1708698272705078,0.5217148065567017,0.45944878458976746,-0.12450967729091644,0.9995636940002441,0.5591408610343933,0.45387670397758484,0.12463013082742691,0.9996141195297241,0.4631291329860687,0.6681597232818604,-0.11358454823493958,0.986438512802124,0.5755548477172852,0.6665751934051514,0.07929964363574982,0.859570324420929,0.4670153856277466,0.9103166460990906,-0.046381089836359024,0.9819076061248779,0.6244344711303711,0.8927788138389587,0.03830134496092796,0.9068135023117065,0.4834381341934204,0.95881187915802,-0.039498113095760345,0.9797770977020264,0.6352221965789795,0.9393457174301147,0.0327131412923336,0.9134654998779297,0.4250463545322418,0.9392839670181274,-0.049636129289865494,0.9311454892158508,0.595246434211731,0.9097135663032532,0.014703657478094101,0.7636612057685852
kick_ac_3 - Trim,20,667,good,0.492352694272995,0.04923447221517563,-0.013977700844407082,0.9999070167541504,0.4988459348678589,0.02743864245712757,-0.043966177850961685,0.9999468922615051,0.500853955745697,0.027079176157712936,-0.04399394243955612,0.9999569058418274,0.5030955672264099,0.02649363875389099,-0.04408092796802521,0.9999567866325378,0.4979693591594696,0.025812430307269096,-0.0023847369011491537,0.999938428401947,0.4993550181388855,0.024376604706048965,-0.002349101472645998,0.9999338388442993,0.5010854601860046,0.0226863045245409,-0.002299465937539935,0.9999372959136963,0.5210790038108826,0.030298247933387756,-0.11000802367925644,0.9999535083770752,0.520058274269104,0.02721802145242691,0.07296442985534668,0.9999032020568848,0.49853184819221497,0.0696474015712738,-0.03127758949995041,0.9996431469917297,0.4976396858692169,0.06884929537773132,0.02136615477502346,0.9996693730354309,0.5290605425834656,0.1458202749490738,-0.19264298677444458,0.9997830390930176,0.5476278066635132,0.14022472500801086,0.20962336659431458,0.9995751976966858,0.4506497383117676,0.2644616961479187,-0.12653903663158417,0.9344858527183533,0.4834173321723938,0.2604900896549225,0.24146908521652222,0.06380288302898407,0.44621744751930237,0.1511203497648239,0.1569286286830902,0.8637201189994812,0.46210452914237976,0.15789306163787842,0.1547386646270752,0.15376204252243042,0.43850645422935486,0.1294451355934143,0.16855759918689728,0.8355250954627991,0.4570004642009735,0.1371351033449173,0.15207500755786896,0.19076770544052124,0.4523671567440033,0.11763051897287369,0.16389532387256622,0.8299897313117981,0.46462276577949524,0.12474041432142258,0.15111105144023895,0.18850402534008026,0.45618417859077454,0.1258157193660736,0.16596509516239166,0.7855325937271118,0.4673440158367157,0.1342063993215561,0.14969365298748016,0.17444410920143127,0.5159956812858582,0.45743921399116516,-0.12453307211399078,0.9995571970939636,0.5434914827346802,0.4533812403678894,0.12464456260204315,0.9996166825294495,0.4628503620624542,0.6621059775352478,-0.11357489973306656,0.9826944470405579,0.5585458874702454,0.6736833453178406,0.09584733843803406,0.842070460319519,0.4674510061740875,0.9081965088844299,-0.04938529059290886,0.9810170531272888,0.6222007870674133,0.8888916373252869,0.05957553908228874,0.9023651480674744,0.4811001121997833,0.9523600339889526,-0.04426353797316551,0.9776199460029602,0.6351288557052612,0.9293179512023926,0.053189024329185486,0.9111822247505188,0.42181792855262756,0.939045786857605,-0.07098032534122467,0.9336597323417664,0.5870350003242493,0.9106559157371521,0.04658978804945946,0.7691179513931274
kick_ac_3 - Trim,21,700,good,0.4880295395851135,0.04908169433474541,-0.021229257807135582,0.9999130368232727,0.49474260210990906,0.026994552463293076,-0.05131218954920769,0.9999508857727051,0.4967644512653351,0.02659470960497856,-0.05130254849791527,0.9999601244926453,0.49903935194015503,0.025945954024791718,-0.0513656921684742,0.9999600648880005,0.49401596188545227,0.02543690800666809,-0.0061349449679255486,0.999942421913147,0.49549609422683716,0.024019798263907433,-0.006155987735837698,0.9999377727508545,0.4973370432853699,0.022358158603310585,-0.00607889611274004,0.9999414086341858,0.5173419117927551,0.02978871949017048,-0.12374686449766159,0.9999572038650513,0.5165157914161682,0.02704356610774994,0.06990746408700943,0.9999088644981384,0.494015097618103,0.06937450170516968,-0.04280301555991173,0.9996742606163025,0.49324339628219604,0.06861153244972229,0.014300898648798466,0.9996949434280396,0.5281373858451843,0.14434021711349487,-0.21754592657089233,0.999798595905304,0.5361484885215759,0.14014467597007751,0.201471745967865,0.9995911121368408,0.4464115500450134,0.25737249851226807,-0.15869660675525665,0.9387730360031128,0.4694328010082245,0.2574230432510376,0.1592809557914734,0.06954437494277954,0.44119277596473694,0.14727021753787994,0.1282919943332672,0.8699648976325989,0.455416738986969,0.1559910625219345,-0.009835832752287388,0.16074471175670624,0.4355558156967163,0.12424503266811371,0.13898025453090668,0.8418910503387451,0.44849681854248047,0.1333601325750351,-0.0257513839751482,0.1971035599708557,0.44748836755752563,0.11159292608499527,0.1318817436695099,0.8368593454360962,0.4592604637145996,0.12088456004858017,-0.023220954462885857,0.19520747661590576,0.4512684643268585,0.12077876925468445,0.13618114590644836,0.79397052526474,0.46184882521629333,0.13146771490573883,-0.016897831112146378,0.18112759292125702,0.5147931575775146,0.45209014415740967,-0.12774664163589478,0.99956214427948,0.5280870795249939,0.450729638338089,0.12777182459831238,0.9995991587638855,0.4610137641429901,0.6616213917732239,-0.126389741897583,0.9801611304283142,0.5192223191261292,0.6733657121658325,0.14592786133289337,0.8183276057243347,0.4674524664878845,0.9017309546470642,-0.09073196351528168,0.9812593460083008,0.6066389083862305,0.8670857548713684,0.20876507461071014,0.8965956568717957,0.48265159130096436,0.9464980959892273,-0.08981896936893463,0.9762147665023804,0.627537190914154,0.8967127203941345,0.2136956751346588,0.9093561172485352,0.42302846908569336,0.9397736191749573,-0.1436547487974167,0.9381354451179504,0.5762050747871399,0.9118469953536987,0.195231094956398,0.7787161469459534
kick_ac_3 - Trim,22,734,good,0.483979731798172,0.0459885336458683,-0.02509303018450737,0.9999178647994995,0.490935742855072,0.023954208940267563,-0.055620308965444565,0.9999542236328125,0.4929133951663971,0.02358318492770195,-0.05560021474957466,0.9999627470970154,0.4951702654361725,0.022933462634682655,-0.05566107854247093,0.9999626874923706,0.4901810586452484,0.022789938375353813,-0.007821707054972649,0.9999458193778992,0.4915775954723358,0.021667059510946274,-0.007898174226284027,0.9999411702156067,0.493338942527771,0.020282045006752014,-0.007839820347726345,0.9999449253082275,0.513751208782196,0.027228031307458878,-0.13041731715202332,0.9999604821205139,0.5128365159034729,0.025620291009545326,0.06831994652748108,0.9999136328697205,0.4895598292350769,0.06613456457853317,-0.04873514175415039,0.9997021555900574,0.48883169889450073,0.06552230566740036,0.010512224398553371,0.9997175931930542,0.526947557926178,0.14323368668556213,-0.22726915776729584,0.9998101592063904,0.5256471037864685,0.1400916874408722,0.1988331824541092,0.9995970129966736,0.442422479391098,0.25458434224128723,-0.16903063654899597,0.9429853558540344,0.46083301305770874,0.2545948624610901,0.08862433582544327,0.07790836691856384,0.4368647634983063,0.1459018439054489,0.1119796559214592,0.8756945133209229,0.44266277551651,0.1548907458782196,-0.16985200345516205,0.1696188598871231,0.4303964376449585,0.1225016862154007,0.1224312037229538,0.8473300337791443,0.43718525767326355,0.13140356540679932,-0.19657832384109497,0.204335018992424,0.44232553243637085,0.1084132194519043,0.11464489251375198,0.8427796363830566,0.4464282989501953,0.11986852437257767,-0.1890881210565567,0.20255142450332642,0.44836896657943726,0.1188887432217598,0.11993041634559631,0.8013461232185364,0.44963690638542175,0.12935669720172882,-0.17763663828372955,0.18875491619110107,0.5156915783882141,0.4505647122859955,-0.12778836488723755,0.9995402693748474,0.5166914463043213,0.45051246881484985,0.1277877539396286,0.9995514750480652,0.45810210704803467,0.6646987795829773,-0.12692460417747498,0.9766561388969421,0.4894181489944458,0.6739488244056702,0.16391916573047638,0.7724535465240479,0.4665985703468323,0.903095543384552,-0.09777840226888657,0.9791572093963623,0.5539451837539673,0.8704161047935486,0.24527369439601898,0.8642669320106506,0.48272350430488586,0.9469121098518372,-0.09784090518951416,0.9718117713928223,0.5731170177459717,0.9036247730255127,0.25125131011009216,0.8863523602485657,0.4181591868400574,0.9433191418647766,-0.15606528520584106,0.940077543258667,0.523302435874939,0.9272555112838745,0.22609758377075195,0.7691340446472168
kick_ac_3 - Trim,23,767,good,0.4813743531703949,0.04444658383727074,-0.030241044238209724,0.9999202489852905,0.488218754529953,0.022706380113959312,-0.06089958921074867,0.9999560713768005,0.49013179540634155,0.02234390191733837,-0.06088768318295479,0.9999640583992004,0.4923320710659027,0.02168540097773075,-0.06094991788268089,0.99996417760849,0.48790037631988525,0.021705500781536102,-0.014070937409996986,0.9999476671218872,0.4895274043083191,0.02069029025733471,-0.014144840650260448,0.9999428987503052,0.49149900674819946,0.019391445443034172,-0.014122264459729195,0.9999469518661499,0.5108659863471985,0.02631556987762451,-0.1340339034795761,0.999962568283081,0.5105500221252441,0.025185631588101387,0.06514789909124374,0.999915599822998,0.4869270920753479,0.0644928514957428,-0.05358919873833656,0.9997240900993347,0.48671382665634155,0.06378486752510071,0.004388601519167423,0.9997336864471436,0.5199281573295593,0.14268137514591217,-0.2298407405614853,0.9998211860656738,0.5268673896789551,0.14192864298820496,0.194411963224411,0.9995903372764587,0.4376879036426544,0.25395113229751587,-0.17377890646457672,0.9464907646179199,0.4567528963088989,0.25441280007362366,0.10206723213195801,0.08465670794248581,0.4296253025531769,0.14602021872997284,0.1010303795337677,0.8788739442825317,0.43496087193489075,0.15514111518859863,-0.1271248161792755,0.1754363775253296,0.4235343933105469,0.12292686849832535,0.11049006134271622,0.8494507670402527,0.4273071587085724,0.13169999420642853,-0.14953766763210297,0.208140030503273,0.43516725301742554,0.10882800072431564,0.10435910522937775,0.8450202941894531,0.437689870595932,0.12022559344768524,-0.14586538076400757,0.2059868425130844,0.44106873869895935,0.11920391023159027,0.1093996912240982,0.8042078614234924,0.44070249795913696,0.12940719723701477,-0.13528846204280853,0.1922483593225479,0.5094797611236572,0.4498087763786316,-0.12766461074352264,0.9995504021644592,0.5141958594322205,0.45023635029792786,0.12767192721366882,0.9995200037956238,0.45487233996391296,0.6653832793235779,-0.12541355192661285,0.9745907783508301,0.47335347533226013,0.6678869128227234,0.21121352910995483,0.7261322736740112,0.46491846442222595,0.9039214849472046,-0.099932961165905,0.9769340753555298,0.488434374332428,0.8596561551094055,0.32589343190193176,0.8245084285736084,0.4828379452228546,0.9477339386940002,-0.10026219487190247,0.9684542417526245,0.49978938698768616,0.8994265794754028,0.3350973427295685,0.8540652990341187,0.415446013212204,0.9435626864433289,-0.1582992970943451,0.9416293501853943,0.45275604724884033,0.92168790102005,0.3147347569465637,0.7551946043968201
kick_ac_3 - Trim,24,800,good,0.47977444529533386,0.04290695860981941,-0.03057216666638851,0.9999180436134338,0.48654165863990784,0.021460924297571182,-0.061757542192935944,0.9999549984931946,0.4883984923362732,0.020996281877160072,-0.06176120042800903,0.999963104724884,0.49056386947631836,0.020205965265631676,-0.06183032691478729,0.9999634027481079,0.4864501357078552,0.02073092944920063,-0.016477305442094803,0.9999452829360962,0.48820850253105164,0.01976536028087139,-0.016533074900507927,0.9999403357505798,0.4903336465358734,0.018471738323569298,-0.01652434654533863,0.9999449253082275,0.5088599324226379,0.024773571640253067,-0.1357964128255844,0.9999623894691467,0.5088793635368347,0.02437753602862358,0.056560155004262924,0.9999122023582458,0.48552465438842773,0.0625886395573616,-0.05391126871109009,0.9997367858886719,0.4854094386100769,0.0621558241546154,0.0021334365010261536,0.999736487865448,0.5156353712081909,0.14109903573989868,-0.22804877161979675,0.9998303651809692,0.5267082452774048,0.13683253526687622,0.18685677647590637,0.999559223651886,0.43571290373802185,0.2547297477722168,-0.16935013234615326,0.9489626288414001,0.45408719778060913,0.2523092031478882,0.15357941389083862,0.08850224316120148,0.42367443442344666,0.14606966078281403,0.10808037221431732,0.8789405226707458,0.43214544653892517,0.15715180337429047,0.012189632281661034,0.17307613790035248,0.4187374413013458,0.12516576051712036,0.11886896193027496,0.8472257852554321,0.42767462134361267,0.13305729627609253,0.0031292669009417295,0.20337067544460297,0.42998021841049194,0.11221262812614441,0.11406731605529785,0.8428359627723694,0.435235857963562,0.12351054698228836,0.0037978144828230143,0.20094949007034302,0.4353185296058655,0.1212603822350502,0.11696489155292511,0.801759660243988,0.4372901916503906,0.13046184182167053,0.005611652508378029,0.1880476027727127,0.506835401058197,0.4474985599517822,-0.12753602862358093,0.9995743036270142,0.5058359503746033,0.4471619427204132,0.12755434215068817,0.9995197653770447,0.4534798562526703,0.6654278039932251,-0.14279411733150482,0.9745344519615173,0.4496172070503235,0.6472975611686707,0.18796440958976746,0.7040308713912964,0.46456778049468994,0.9056268930435181,-0.13489647209644318,0.9773880839347839,0.46969032287597656,0.8526736497879028,0.27618250250816345,0.809856116771698,0.48288118839263916,0.9468306303024292,-0.13524924218654633,0.9682539701461792,0.4799218475818634,0.8943161964416504,0.28284499049186707,0.836252748966217,0.4166148900985718,0.9446067810058594,-0.19265827536582947,0.9457899332046509,0.4305993914604187,0.9211921691894531,0.26319342851638794,0.7594020366668701
kick_ac_3 - Trim,25,834,good,0.47812607884407043,0.03815433382987976,-0.05817445367574692,0.9999237060546875,0.48559337854385376,0.01694827526807785,-0.09181181341409683,0.9999579787254333,0.4876294434070587,0.01652192883193493,-0.09181446582078934,0.9999656081199646,0.4899764657020569,0.01575474999845028,-0.09186935424804688,0.9999659061431885,0.4852795898914337,0.01632702350616455,-0.04698287323117256,0.9999483227729797,0.48701003193855286,0.015430985949933529,-0.04698542132973671,0.9999438524246216,0.48918792605400085,0.014142907224595547,-0.04696206375956535,0.9999482035636902,0.5090954899787903,0.021844401955604553,-0.16562582552433014,0.9999650716781616,0.50821852684021,0.02136443741619587,0.029992839321494102,0.9999181628227234,0.4838612675666809,0.0578252449631691,-0.0820290595293045,0.9997604489326477,0.4833753705024719,0.05753877013921738,-0.025418926030397415,0.9997565746307373,0.5171170830726624,0.13952191174030304,-0.25379452109336853,0.9998443126678467,0.5179021954536438,0.13690006732940674,0.16600383818149567,0.9995614290237427,0.43419399857521057,0.25286954641342163,-0.20941966772079468,0.9515640139579773,0.4441896677017212,0.25287702679634094,0.10211094468832016,0.09878724813461304,0.42063167691230774,0.14855234324932098,0.044510047882795334,0.8823809027671814,0.42708805203437805,0.16063541173934937,-0.09420332312583923,0.18163099884986877,0.41560348868370056,0.1274760514497757,0.05627010017633438,0.8492206335067749,0.4205756187438965,0.13813084363937378,-0.11485820263624191,0.2086208313703537,0.42662838101387024,0.11805486679077148,0.0517912320792675,0.8447449207305908,0.43152591586112976,0.12682071328163147,-0.10458721220493317,0.2051689475774765,0.4323367774486542,0.12547390162944794,0.053405530750751495,0.8040052652359009,0.43374770879745483,0.1334458589553833,-0.09894701838493347,0.19214515388011932,0.5079840421676636,0.44527068734169006,-0.12746639549732208,0.9996109008789062,0.49025967717170715,0.4412890672683716,0.12747280299663544,0.9995449185371399,0.4532792866230011,0.6553238034248352,-0.15909908711910248,0.9765090942382812,0.3943136930465698,0.5359777212142944,0.18078988790512085,0.714989423751831,0.46534743905067444,0.8955510854721069,-0.154746875166893,0.9793522953987122,0.4689558744430542,0.7074176073074341,0.31034353375434875,0.8028527498245239,0.48328524827957153,0.9409088492393494,-0.15616722404956818,0.9700809717178345,0.488057404756546,0.7280817031860352,0.32445576786994934,0.8289481401443481,0.4176112711429596,0.9449170827865601,-0.23083001375198364,0.9508500099182129,0.44348379969596863,0.7699358463287354,0.3315916061401367,0.7684107422828674
kick_ac_3 - Trim,26,867,good,0.4762873947620392,0.03808596357703209,-0.06150111183524132,0.9999286532402039,0.48363447189331055,0.016836637631058693,-0.09534095227718353,0.9999605417251587,0.4857962727546692,0.0163526963442564,-0.09534800797700882,0.9999678134918213,0.48827484250068665,0.01554038655012846,-0.09540925920009613,0.9999680519104004,0.4830949604511261,0.016289738938212395,-0.05080840736627579,0.9999507665634155,0.48474782705307007,0.01540867704898119,-0.05078643560409546,0.9999468326568604,0.4867897033691406,0.014139138162136078,-0.05076581612229347,0.9999510049819946,0.507849395275116,0.021665329113602638,-0.16815342009067535,0.9999675154685974,0.506367027759552,0.02132045477628708,0.028141045942902565,0.999923586845398,0.4823290705680847,0.0576188862323761,-0.08470312505960464,0.999782145023346,0.48162147402763367,0.05742812901735306,-0.02803245559334755,0.9997751712799072,0.5186675786972046,0.1377054899930954,-0.2571091949939728,0.9998577833175659,0.5159868001937866,0.13681934773921967,0.16708128154277802,0.9995615482330322,0.43447551131248474,0.25341007113456726,-0.22915084660053253,0.9536948800086975,0.4448308050632477,0.2532604932785034,0.0981987863779068,0.10972904413938522,0.4182170033454895,0.15374232828617096,0.00018059575813822448,0.8858389854431152,0.4262261986732483,0.1646265685558319,-0.10954509675502777,0.19534242153167725,0.4133807122707367,0.13585875928401947,0.010429968126118183,0.8514217138290405,0.4191368520259857,0.14123548567295074,-0.13135568797588348,0.21930481493473053,0.4252919852733612,0.12655070424079895,0.006687006447464228,0.8467835187911987,0.43025845289230347,0.1287599503993988,-0.11911295354366302,0.21421164274215698,0.4296666085720062,0.13083137571811676,0.00905768945813179,0.8058415055274963,0.43225470185279846,0.13518156111240387,-0.11381234973669052,0.20007599890232086,0.5066487193107605,0.43782809376716614,-0.1281377375125885,0.999643087387085,0.4817873239517212,0.42935100197792053,0.12815360724925995,0.999558687210083,0.4527861177921295,0.6393823027610779,-0.18928274512290955,0.9785038828849792,0.37250393629074097,0.4794315993785858,0.14768178761005402,0.7283064126968384,0.46531859040260315,0.888045072555542,-0.18279148638248444,0.9812431931495667,0.46670156717300415,0.6447880864143372,0.30140841007232666,0.7996292114257812,0.4832833409309387,0.9331885576248169,-0.18451298773288727,0.9720438122749329,0.4899599254131317,0.6602951884269714,0.316630095243454,0.828275203704834,0.4147084653377533,0.9446438550949097,-0.27418240904808044,0.9555423259735107,0.44594570994377136,0.7122340202331543,0.32263314723968506,0.7780392169952393
kick_ac_3 - Trim,27,900,good,0.4752337336540222,0.03884667158126831,-0.05640668421983719,0.9999287724494934,0.48235049843788147,0.017572367563843727,-0.09030982851982117,0.9999607801437378,0.48439162969589233,0.01701813004910946,-0.09033291041851044,0.9999681115150452,0.48685944080352783,0.016127269715070724,-0.09040137380361557,0.9999682903289795,0.4819898307323456,0.01720542646944523,-0.04617097228765488,0.9999487996101379,0.4836587607860565,0.01644962653517723,-0.046145614236593246,0.9999449849128723,0.4857395887374878,0.01535543892532587,-0.04612848535180092,0.9999485611915588,0.5066148638725281,0.022195542231202126,-0.16834165155887604,0.9999679923057556,0.5060756206512451,0.021730836480855942,0.026898479089140892,0.9999225735664368,0.4812779128551483,0.05850609019398689,-0.08121168613433838,0.9997982978820801,0.48070335388183594,0.05848554149270058,-0.024842295795679092,0.9997826218605042,0.514403760433197,0.1381833702325821,-0.2586551606655121,0.9998688101768494,0.5219656825065613,0.13373476266860962,0.15759338438510895,0.9995152354240417,0.43210363388061523,0.25607022643089294,-0.22559517621994019,0.9539110660552979,0.45016729831695557,0.2530810236930847,0.18404915928840637,0.10756918042898178,0.4193105101585388,0.15895971655845642,0.022985203191637993,0.8870985507965088,0.43196338415145874,0.16848285496234894,0.1642870306968689,0.18592141568660736,0.4132048487663269,0.1413925141096115,0.03551868349313736,0.852196216583252,0.4233345091342926,0.1483141928911209,0.1724136918783188,0.20932157337665558,0.42430102825164795,0.12994682788848877,0.03195333108305931,0.8477131128311157,0.4343724846839905,0.1366698443889618,0.17470398545265198,0.2040739357471466,0.4294855296611786,0.13498961925506592,0.03179990127682686,0.8052882552146912,0.43664315342903137,0.14179395139217377,0.16097606718540192,0.19104649126529694,0.5039677023887634,0.43486759066581726,-0.12643034756183624,0.9996746778488159,0.48000872135162354,0.4221358299255371,0.12653717398643494,0.9995730519294739,0.45260298252105713,0.5935323238372803,-0.2967621088027954,0.9803953170776367,0.3632442057132721,0.43298226594924927,0.12936295568943024,0.7472578883171082,0.4641914665699005,0.8623082041740417,-0.30435770750045776,0.983026921749115,0.4415759742259979,0.6195735335350037,0.2808230221271515,0.8094790577888489,0.48168131709098816,0.904787540435791,-0.30598533153533936,0.9744330048561096,0.4628654420375824,0.6414666771888733,0.2937702536582947,0.8355057835578918,0.41533997654914856,0.9404467940330505,-0.3933456838130951,0.959892213344574,0.4099673926830292,0.689879298210144,0.29699134826660156,0.7934176325798035
kick_ac_3 - Trim,28,934,good,0.4718419015407562,0.04510901868343353,-0.034617070108652115,0.9999172687530518,0.47863903641700745,0.02273820899426937,-0.07003302872180939,0.9999546408653259,0.4807114005088806,0.02175156958401203,-0.07006711512804031,0.9999631643295288,0.4832189977169037,0.020517876371741295,-0.07015614211559296,0.9999633431434631,0.4780958890914917,0.022829342633485794,-0.028078824281692505,0.9999385476112366,0.47971203923225403,0.022043032571673393,-0.028019683435559273,0.9999344348907471,0.4817754328250885,0.020996620878577232,-0.028023511171340942,0.9999376535415649,0.5033665299415588,0.025447078049182892,-0.16133414208889008,0.9999631643295288,0.5032076239585876,0.0251145176589489,0.029062749817967415,0.999908447265625,0.47785836458206177,0.06570138037204742,-0.06325461715459824,0.999798595905304,0.4774480164051056,0.06537650525569916,-0.009110361337661743,0.9997602701187134,0.5151194334030151,0.13931874930858612,-0.2519647479057312,0.999878466129303,0.5239606499671936,0.13328509032726288,0.16558970510959625,0.999415934085846,0.4326629042625427,0.259238064289093,-0.21299663186073303,0.9535513520240784,0.4531550705432892,0.2512132227420807,0.21179023385047913,0.10506077855825424,0.42190423607826233,0.1588946133852005,0.04197540134191513,0.882797360420227,0.43486467003822327,0.16801247000694275,0.20467695593833923,0.17387361824512482,0.41615262627601624,0.14167839288711548,0.05681254342198372,0.845644474029541,0.4247012734413147,0.14790475368499756,0.2169371247291565,0.19610556960105896,0.4273657500743866,0.12980534136295319,0.0540301613509655,0.8408002853393555,0.4368589520454407,0.13659483194351196,0.2234756499528885,0.19067038595676422,0.43211522698402405,0.13490770757198334,0.05140073224902153,0.7949222326278687,0.43943366408348083,0.1415373533964157,0.2037513256072998,0.17891445755958557,0.49889591336250305,0.42974069714546204,-0.12758630514144897,0.9997022151947021,0.4753241240978241,0.41272491216659546,0.1277419775724411,0.9995729923248291,0.4512442648410797,0.6103226542472839,-0.2737240493297577,0.9821771383285522,0.35890501737594604,0.38666704297065735,0.14256681501865387,0.7615718245506287,0.4609857499599457,0.8705165982246399,-0.3297269940376282,0.9846583604812622,0.4102466404438019,0.6030518412590027,0.2853131592273712,0.8174076676368713,0.4806995689868927,0.9130677580833435,-0.33565473556518555,0.9766554236412048,0.43184518814086914,0.6274067759513855,0.29642295837402344,0.8426372408866882,0.41571244597435,0.9386880397796631,-0.4215500056743622,0.9638223648071289,0.35143667459487915,0.6409609913825989,0.3028669059276581,0.8057969212532043
kick_ac_3 - Trim,29,967,good,0.4697653353214264,0.04868069663643837,-0.022876018658280373,0.9999222755432129,0.4769609570503235,0.026942644268274307,-0.05754690244793892,0.9999570250511169,0.4791853129863739,0.02596127800643444,-0.05758307874202728,0.9999650120735168,0.48174282908439636,0.02473093383014202,-0.05768429860472679,0.9999650120735168,0.47616222500801086,0.027048524469137192,-0.013870006427168846,0.9999420642852783,0.4777843654155731,0.026275960728526115,-0.013819601386785507,0.9999383687973022,0.4799033999443054,0.02517866902053356,-0.013813565485179424,0.999940812587738,0.5023087859153748,0.02854773961007595,-0.1442224085330963,0.9999655485153198,0.5015162229537964,0.028170248493552208,0.052993044257164,0.9999122023582458,0.4756604731082916,0.06929328292608261,-0.05013073980808258,0.9998135566711426,0.47503435611724854,0.068793386220932,0.006055803969502449,0.9997732639312744,0.5195415019989014,0.13947398960590363,-0.24748943746089935,0.9998881220817566,0.5185654163360596,0.13291357457637787,0.189266175031662,0.9993993043899536,0.43318644165992737,0.26124048233032227,-0.20753918588161469,0.9560583233833313,0.4506073594093323,0.2515204846858978,0.11721844226121902,0.10878889262676239,0.4224991500377655,0.15875402092933655,0.07697836309671402,0.8865094780921936,0.43664348125457764,0.16680139303207397,-0.06699821352958679,0.16817371547222137,0.4164734184741974,0.1412409543991089,0.10074964165687561,0.8473684191703796,0.4273701608181,0.14769576489925385,-0.07167577743530273,0.1880529820919037,0.4284796714782715,0.1296081393957138,0.10505402833223343,0.842761754989624,0.43818217515945435,0.13605554401874542,-0.054189909249544144,0.18219533562660217,0.4330584704875946,0.13478142023086548,0.09187894314527512,0.7959126234054565,0.4409730136394501,0.14138789474964142,-0.0682990625500679,0.17207106947898865,0.4946318566799164,0.4308382272720337,-0.1310419738292694,0.9997270703315735,0.4678131639957428,0.40862467885017395,0.13108257949352264,0.9995984435081482,0.4509199559688568,0.6431857347488403,-0.23180578649044037,0.983900785446167,0.35536447167396545,0.3572136163711548,0.1640409678220749,0.7799444198608398,0.46053582429885864,0.8729802370071411,-0.3013494610786438,0.986095130443573,0.3477192521095276,0.5809091329574585,0.32668396830558777,0.8305251002311707,0.47512227296829224,0.9164695739746094,-0.28347116708755493,0.9783468246459961,0.35633203387260437,0.6284589171409607,0.34010669589042664,0.8520092964172363,0.4160030484199524,0.9378960728645325,-0.39612314105033875,0.9672741889953613,0.2858025133609772,0.5765255689620972,0.34625717997550964,0.8197384476661682
kick_ac_3 - Trim,30,1001,good,0.46853381395339966,0.05657477304339409,-0.015015042386949062,0.9999191164970398,0.475436270236969,0.034849900752305984,-0.049874547868967056,0.9999538064002991,0.47746363282203674,0.03406113013625145,-0.049914177507162094,0.999961793422699,0.4798175096511841,0.03307690843939781,-0.05001543089747429,0.999961793422699,0.47486114501953125,0.03407871350646019,-0.0061572035774588585,0.9999380111694336,0.476499080657959,0.032880138605833054,-0.00610539922490716,0.9999340176582336,0.4786533713340759,0.03158754110336304,-0.0061059147119522095,0.9999342560768127,0.5000337958335876,0.03643316403031349,-0.13858546316623688,0.9999620914459229,0.4994918704032898,0.034419238567352295,0.0582440011203289,0.9998961091041565,0.47484463453292847,0.07771532237529755,-0.04312318563461304,0.9998127818107605,0.47427523136138916,0.07572207599878311,0.013222085312008858,0.9997605085372925,0.5197514891624451,0.14505553245544434,-0.24499256908893585,0.9998939633369446,0.5199150443077087,0.13295935094356537,0.1952485293149948,0.9992929100990295,0.4329362213611603,0.26527100801467896,-0.20110127329826355,0.9575132131576538,0.45249494910240173,0.23429661989212036,0.22903665900230408,0.10969159752130508,0.42746973037719727,0.15749847888946533,0.11435046792030334,0.8881336450576782,0.444495290517807,0.16240553557872772,0.2109108716249466,0.15815050899982452,0.42420047521591187,0.14030486345291138,0.14154627919197083,0.8471808433532715,0.4406315088272095,0.14081136882305145,0.23077255487442017,0.175882488489151,0.43897688388824463,0.12930111587047577,0.14251413941383362,0.8427378535270691,0.4458133578300476,0.1350872814655304,0.24121740460395813,0.17024436593055725,0.440619558095932,0.13454356789588928,0.12765228748321533,0.7948080897331238,0.4499964714050293,0.14049911499023438,0.21183595061302185,0.16171172261238098,0.49017462134361267,0.4313480257987976,-0.13140776753425598,0.999748945236206,0.46521520614624023,0.40925243496894836,0.1314462572336197,0.9996150135993958,0.44781965017318726,0.6575853824615479,-0.2214653342962265,0.9854549765586853,0.352779746055603,0.3447485864162445,0.15390875935554504,0.7978851795196533,0.4590030610561371,0.876498281955719,-0.25451788306236267,0.9873903393745422,0.30803248286247253,0.5359683632850647,0.302367240190506,0.844010591506958,0.47198083996772766,0.9191126227378845,-0.2643398344516754,0.9797714352607727,0.309552937746048,0.5876076817512512,0.3146420121192932,0.8623319268226624,0.415833055973053,0.936546266078949,-0.3573504090309143,0.9703421592712402,0.25140687823295593,0.5142152309417725,0.31792744994163513,0.8334278464317322
kick_ac_3 - Trim,31,1034,good,0.4678022563457489,0.0641016885638237,0.0030862458515912294,0.9999210238456726,0.4748118817806244,0.04267274588346481,-0.029271254315972328,0.999954879283905,0.4769972860813141,0.0418725349009037,-0.02930184081196785,0.999962329864502,0.4794601798057556,0.04085417091846466,-0.029415765777230263,0.9999623894691467,0.4738803505897522,0.04190032556653023,0.013276036828756332,0.9999392628669739,0.4753870368003845,0.04087119922041893,0.013337564654648304,0.9999356269836426,0.4773651361465454,0.03963759168982506,0.013350177556276321,0.9999350905418396,0.4996732175350189,0.0435907281935215,-0.10710141807794571,0.9999633431434631,0.4982298016548157,0.04183439910411835,0.08334888517856598,0.9998953938484192,0.47450751066207886,0.08498603105545044,-0.02118169516324997,0.9998223185539246,0.4735817611217499,0.08295398950576782,0.03332555666565895,0.9997695684432983,0.5239009261131287,0.15032607316970825,-0.21378259360790253,0.999902069568634,0.5142488479614258,0.13492880761623383,0.21505433320999146,0.9992759823799133,0.43365442752838135,0.26948627829551697,-0.18682704865932465,0.9594722390174866,0.4537053406238556,0.2353203445672989,0.20508703589439392,0.11308245360851288,0.43301671743392944,0.1577978879213333,0.10373935848474503,0.8928468823432922,0.44778692722320557,0.163919135928154,0.06282675266265869,0.153290256857872,0.42987629771232605,0.14003325998783112,0.12691429257392883,0.8507319688796997,0.4421755373477936,0.1406780481338501,0.07434985041618347,0.16951268911361694,0.4440489709377289,0.12918485701084137,0.13151519000530243,0.846295177936554,0.44995370507240295,0.13484567403793335,0.09716988354921341,0.1637587994337082,0.44596195220947266,0.13534720242023468,0.11738913506269455,0.7977160811424255,0.45362594723701477,0.14276471734046936,0.06584031879901886,0.15623588860034943,0.48606011271476746,0.4321116805076599,-0.12884633243083954,0.9997661709785461,0.45933017134666443,0.40575727820396423,0.1288183331489563,0.9996294975280762,0.444705992937088,0.6644150614738464,-0.19521161913871765,0.9868775606155396,0.3503967523574829,0.33426040410995483,0.07716331630945206,0.8139172196388245,0.4584154486656189,0.8783634305000305,-0.16809804737567902,0.9885534644126892,0.26412370800971985,0.48762404918670654,0.13318486511707306,0.8559294939041138,0.47307974100112915,0.9206146597862244,-0.16510438919067383,0.9808091521263123,0.2608773112297058,0.5343655943870544,0.13686782121658325,0.8702580332756042,0.41592270135879517,0.9371102452278137,-0.24638120830059052,0.9730334877967834,0.2140413075685501,0.43603453040122986,0.11917222291231155,0.8456401824951172
kick_ac_3 - Trim,32,1067,good,0.46692022681236267,0.0648641288280487,-0.0009633436566218734,0.9999249577522278,0.47456371784210205,0.04286520928144455,-0.03904611989855766,0.999957263469696,0.4769100248813629,0.042350608855485916,-0.03907652944326401,0.9999638199806213,0.4794611632823944,0.04164891317486763,-0.03917507827281952,0.9999639987945557,0.4729688763618469,0.041647180914878845,0.004184546414762735,0.9999416470527649,0.4741407632827759,0.040561478585004807,0.004237041343003511,0.9999383687973022,0.47574856877326965,0.03937288001179695,0.004252398386597633,0.9999375939369202,0.4998012185096741,0.04478759691119194,-0.11004410684108734,0.9999654293060303,0.4971449673175812,0.042306847870349884,0.07931316643953323,0.9998951554298401,0.47331616282463074,0.08774669468402863,-0.03045334666967392,0.9998355507850647,0.4717099368572235,0.08471442759037018,0.024749135598540306,0.9997822642326355,0.5299128293991089,0.15267759561538696,-0.19472768902778625,0.9999098181724548,0.5024785399436951,0.13587555289268494,0.20967578887939453,0.9993017911911011,0.4357588589191437,0.27227818965911865,-0.14098961651325226,0.9614908695220947,0.44384607672691345,0.2387288361787796,0.06308753043413162,0.11909352242946625,0.4413244128227234,0.16498517990112305,0.13990116119384766,0.8960017561912537,0.4486440122127533,0.17053133249282837,-0.21275779604911804,0.14997123181819916,0.4407464265823364,0.1430407464504242,0.1674206703901291,0.8529704213142395,0.44815003871917725,0.14789821207523346,-0.22393807768821716,0.16398650407791138,0.4525478780269623,0.13495959341526031,0.17657633125782013,0.8490296006202698,0.45341745018959045,0.14596857130527496,-0.20714086294174194,0.15839749574661255,0.45396164059638977,0.1445743590593338,0.15674026310443878,0.7995973825454712,0.4570603370666504,0.15350021421909332,-0.21410402655601501,0.15158160030841827,0.48624762892723083,0.42910534143447876,-0.12041009217500687,0.9997844696044922,0.4587623178958893,0.39433255791664124,0.12026908993721008,0.9996488690376282,0.444149911403656,0.6636963486671448,-0.18550261855125427,0.9881591796875,0.3455325663089752,0.342262327671051,0.09484052658081055,0.8272512555122375,0.4583432972431183,0.8793178200721741,-0.16276350617408752,0.9896045923233032,0.22129316627979279,0.4221489727497101,0.1299455463886261,0.8673153519630432,0.4718937277793884,0.9211981892585754,-0.16093710064888,0.9814755916595459,0.2028123438358307,0.4600958228111267,0.13110750913619995,0.876196026802063,0.41739216446876526,0.9370478987693787,-0.24430164694786072,0.9754406213760376,0.17326073348522186,0.3443639874458313,0.10354622453451157,0.857427716255188
kick_ac_3 - Trim,33,1101,good,0.4667406380176544,0.06568406522274017,-0.04625852406024933,0.9999275803565979,0.4738854765892029,0.04326777532696724,-0.07822830975055695,0.9999588131904602,0.4759393036365509,0.04287693649530411,-0.07821009308099747,0.9999646544456482,0.47815582156181335,0.042317043989896774,-0.07829143106937408,0.9999645352363586,0.4726521670818329,0.04197128117084503,-0.033953454345464706,0.9999417662620544,0.47385337948799133,0.04092556610703468,-0.03390303626656532,0.9999396800994873,0.4754384756088257,0.039799921214580536,-0.033867694437503815,0.9999381899833679,0.49788904190063477,0.04584616422653198,-0.15056642889976501,0.9999673962593079,0.4961077868938446,0.04314255714416504,0.04831130430102348,0.9998912811279297,0.4726065695285797,0.08971001207828522,-0.07063034176826477,0.9998478889465332,0.47114405035972595,0.08764702826738358,-0.01381632685661316,0.9997953176498413,0.5295451283454895,0.16084307432174683,-0.21991665661334991,0.99991774559021,0.5024322867393494,0.14404888451099396,0.16541481018066406,0.9993453025817871,0.4357980489730835,0.2801468074321747,-0.1420612931251526,0.9632112979888916,0.4418352544307709,0.23919911682605743,-0.001494533265940845,0.11743490397930145,0.4423148036003113,0.17386770248413086,0.10765518993139267,0.8965179920196533,0.4463587999343872,0.17305821180343628,-0.30420371890068054,0.1428954303264618,0.44150322675704956,0.15014110505580902,0.13957804441452026,0.8515812158584595,0.4471479654312134,0.15111283957958221,-0.3215918242931366,0.1562073677778244,0.4519175589084625,0.14556030929088593,0.16941215097904205,0.8488835692405701,0.45324093103408813,0.1514657437801361,-0.30347004532814026,0.15089112520217896,0.45364072918891907,0.1541869044303894,0.13122186064720154,0.7988986968994141,0.45669108629226685,0.15795576572418213,-0.3056219220161438,0.14460650086402893,0.4798431992530823,0.4337082505226135,-0.11397549510002136,0.9998025894165039,0.45419564843177795,0.3971731960773468,0.11367956548929214,0.9996736645698547,0.44315969944000244,0.6668816208839417,-0.14454102516174316,0.9893049001693726,0.32233956456184387,0.3634410798549652,0.10847723484039307,0.8411833643913269,0.45872971415519714,0.8820427656173706,-0.06307873874902725,0.9904705882072449,0.1866016387939453,0.35044246912002563,0.14321304857730865,0.8790886998176575,0.47227054834365845,0.9219378232955933,-0.05504588782787323,0.98041832447052,0.16719524562358856,0.3747836649417877,0.14425082504749298,0.8831273913383484,0.42150503396987915,0.9370766878128052,-0.10987790673971176,0.9773897528648376,0.1595264971256256,0.2445206195116043,0.13332678377628326,0.8699463605880737
kick_ac_3 - Trim,34,1134,good,0.46685153245925903,0.07272859662771225,-0.09063077718019485,0.9999326467514038,0.473971426486969,0.049494706094264984,-0.12231402844190598,0.9999619126319885,0.47607937455177307,0.049178749322891235,-0.12226065248250961,0.999967098236084,0.4783344268798828,0.04868797957897186,-0.12233194708824158,0.9999669194221497,0.4724906384944916,0.04799417033791542,-0.07859546691179276,0.9999449253082275,0.4735880494117737,0.046902190893888474,-0.07856760919094086,0.9999432563781738,0.4750708043575287,0.0457681268453598,-0.07854949682950974,0.9999417662620544,0.4977813959121704,0.052576493471860886,-0.19658474624156952,0.9999700784683228,0.4958537220954895,0.04921882599592209,0.00043942994670942426,0.9998969435691833,0.4728706479072571,0.0979248583316803,-0.11351919174194336,0.9998611807823181,0.4711020290851593,0.0962786003947258,-0.057290755212306976,0.9998112320899963,0.5293774604797363,0.17565150558948517,-0.24737690389156342,0.9999251961708069,0.5042526125907898,0.14557628333568573,0.11427875608205795,0.9993897080421448,0.4358743131160736,0.2857608199119568,-0.15402406454086304,0.9654815793037415,0.4395567774772644,0.24454350769519806,-0.0205937959253788,0.11852410435676575,0.4418957531452179,0.17602328956127167,0.0885075181722641,0.899202823638916,0.44620591402053833,0.18041205406188965,-0.2855567932128906,0.13780085742473602,0.4421619176864624,0.1533152014017105,0.11955394595861435,0.8533490300178528,0.44709497690200806,0.15928199887275696,-0.2970745861530304,0.14993484318256378,0.45282939076423645,0.14846211671829224,0.16199113428592682,0.8514512181282043,0.4534436762332916,0.15565010905265808,-0.28467902541160583,0.14483945071697235,0.4534171521663666,0.15796592831611633,0.11150478571653366,0.80143141746521,0.45665884017944336,0.1665422022342682,-0.2877148687839508,0.13917525112628937,0.4794981777667999,0.43391215801239014,-0.10661608725786209,0.9998184442520142,0.4553177058696747,0.39577820897102356,0.1063285768032074,0.99968022108078,0.4430461525917053,0.6653935313224792,-0.1573241651058197,0.9903216361999512,0.32822558283805847,0.3770351707935333,0.18102428317070007,0.850742757320404,0.4589499235153198,0.8865059018135071,-0.10202658921480179,0.9912416338920593,0.2062711864709854,0.30773553252220154,0.23170851171016693,0.8879362940788269,0.4707091450691223,0.9291678071022034,-0.09312881529331207,0.9792761206626892,0.1834498792886734,0.3237440288066864,0.23575837910175323,0.8855273723602295,0.42147862911224365,0.9367454051971436,-0.1192062646150589,0.9791879057884216,0.18176312744617462,0.22473029792308807,0.23078660666942596,0.8796370029449463
kick_ac_3 - Trim,35,1167,good,0.4665760099887848,0.08542585372924805,-0.10474107414484024,0.9999328255653381,0.4726637601852417,0.060143422335386276,-0.13661925494670868,0.9999625086784363,0.4746980667114258,0.05969109758734703,-0.13657507300376892,0.9999671578407288,0.47685256600379944,0.05906008556485176,-0.13665160536766052,0.9999666810035706,0.47111859917640686,0.05848265439271927,-0.09309538453817368,0.9999424815177917,0.4721165597438812,0.057173531502485275,-0.09307582676410675,0.9999417662620544,0.4734683036804199,0.055901531130075455,-0.09308555722236633,0.9999393820762634,0.49612560868263245,0.060239437967538834,-0.21279694139957428,0.9999713897705078,0.4946402609348297,0.05663158744573593,-0.016739273443818092,0.9998920559883118,0.4730159342288971,0.10844260454177856,-0.12811507284641266,0.9998704791069031,0.4713638424873352,0.10802299529314041,-0.07215031236410141,0.9998199343681335,0.5292547941207886,0.18146051466464996,-0.26871606707572937,0.9999317526817322,0.5065397620201111,0.14719060063362122,0.10146557539701462,0.9994192719459534,0.4358038008213043,0.2895945608615875,-0.21185627579689026,0.9671050906181335,0.44054874777793884,0.240681990981102,-0.010936889797449112,0.11596443504095078,0.4425491988658905,0.1819320023059845,0.023207152262330055,0.9008206725120544,0.44659140706062317,0.1846814900636673,-0.24621973931789398,0.13184599578380585,0.442546546459198,0.1590498387813568,0.042534660547971725,0.8538492918014526,0.4480295181274414,0.16406747698783875,-0.25399985909461975,0.14318102598190308,0.4527243673801422,0.1559898406267166,0.05868295580148697,0.8526076674461365,0.45409297943115234,0.1631729006767273,-0.24192044138908386,0.1382196843624115,0.4536115825176239,0.16554071009159088,0.04100693762302399,0.8017351627349854,0.45748665928840637,0.17111757397651672,-0.24787266552448273,0.13329458236694336,0.4787360429763794,0.4365798532962799,-0.10638849437236786,0.9998319149017334,0.45626193284988403,0.3952071964740753,0.10617386549711227,0.9996833205223083,0.4400590658187866,0.6623495221138,-0.15817447006702423,0.9912552833557129,0.3321183919906616,0.37265831232070923,0.1921122521162033,0.8610391020774841,0.4572563171386719,0.8832972049713135,-0.09515701234340668,0.9919528961181641,0.21188615262508392,0.3053504228591919,0.2910371422767639,0.8971112966537476,0.4688960909843445,0.9259455800056458,-0.08929304778575897,0.9782448410987854,0.19066813588142395,0.3134727478027344,0.3000949025154114,0.8899325728416443,0.42135289311408997,0.9345901608467102,-0.15246401727199554,0.9808077216148376,0.1928723007440567,0.2107316553592682,0.2904246747493744,0.8894165754318237
kick_ac_3 - Trim,36,1201,good,0.46673959493637085,0.08567804098129272,-0.09110605716705322,0.999936580657959,0.47291362285614014,0.060550060123205185,-0.12127082794904709,0.999964714050293,0.4750470519065857,0.06002176180481911,-0.12122949957847595,0.9999688863754272,0.4773169755935669,0.059430841356515884,-0.12130569666624069,0.9999682307243347,0.471113383769989,0.059300146996974945,-0.07909705489873886,0.9999451041221619,0.47200721502304077,0.05813470482826233,-0.07907804846763611,0.999944806098938,0.4732670783996582,0.056858159601688385,-0.07908029109239578,0.9999423027038574,0.49671071767807007,0.06183110550045967,-0.19157443940639496,0.9999733567237854,0.49462834000587463,0.05920052528381348,-0.00019175044144503772,0.9998968839645386,0.47342774271965027,0.11030009388923645,-0.11219785362482071,0.9998812079429626,0.4716390371322632,0.10955870896577835,-0.05774431303143501,0.9998324513435364,0.5323392748832703,0.18069840967655182,-0.25944188237190247,0.9999375343322754,0.502707839012146,0.15435335040092468,0.11109399050474167,0.9994524717330933,0.4411632716655731,0.2877029776573181,-0.1831011027097702,0.9683396816253662,0.43327221274375916,0.24202527105808258,-0.030664047226309776,0.11935622990131378,0.4434698224067688,0.18106020987033844,0.04200931638479233,0.902350664138794,0.4461249113082886,0.18932676315307617,-0.3106684982776642,0.13349606096744537,0.44486933946609497,0.158751979470253,0.061763178557157516,0.8549526929855347,0.44757765531539917,0.1720142960548401,-0.3287755846977234,0.14387746155261993,0.4543777108192444,0.15362432599067688,0.06400318443775177,0.8544199466705322,0.45392951369285583,0.1677713692188263,-0.3144904375076294,0.13893407583236694,0.45462891459465027,0.16387644410133362,0.05495080724358559,0.8035979270935059,0.45722898840904236,0.17294354736804962,-0.31265708804130554,0.13432028889656067,0.4781395196914673,0.4374813437461853,-0.1048111766576767,0.9998458027839661,0.45319029688835144,0.39587026834487915,0.10458119958639145,0.9996957182884216,0.43699705600738525,0.6622013449668884,-0.16232238709926605,0.9921061396598816,0.33431413769721985,0.36558887362480164,0.2149166464805603,0.8686909079551697,0.45579269528388977,0.8843414783477783,-0.11394213140010834,0.9926556944847107,0.2133387178182602,0.3144289255142212,0.3375753164291382,0.9045920968055725,0.46766048669815063,0.9254129528999329,-0.11019732058048248,0.9783409833908081,0.19402168691158295,0.3251402974128723,0.3489655554294586,0.8920041918754578,0.42123210430145264,0.9346484541893005,-0.16992145776748657,0.9824286103248596,0.17940445244312286,0.2151029258966446,0.33942264318466187,0.8975951671600342
kick_ac_3 - Trim,37,1234,good,0.4663103222846985,0.08591779321432114,-0.08658961206674576,0.9999408721923828,0.47263866662979126,0.06057575345039368,-0.11634088307619095,0.9999671578407288,0.4748724699020386,0.059957392513751984,-0.1163029670715332,0.9999709129333496,0.47727328538894653,0.059271182864904404,-0.11637923866510391,0.9999701380729675,0.4705190360546112,0.05967080220580101,-0.07482291013002396,0.9999483823776245,0.47130247950553894,0.058464858680963516,-0.07479070127010345,0.9999483823776245,0.47242167592048645,0.057360682636499405,-0.07478508353233337,0.9999458193778992,0.49678748846054077,0.06242072582244873,-0.18407824635505676,0.9999753832817078,0.4939294457435608,0.06013619527220726,0.004771537147462368,0.9999028444290161,0.4732738435268402,0.11046437919139862,-0.1066337525844574,0.9998915791511536,0.4709794223308563,0.10968759655952454,-0.05294087901711464,0.9998453855514526,0.5334580540657043,0.18341486155986786,-0.2437250018119812,0.9999428391456604,0.4976404309272766,0.15452535450458527,0.11403076350688934,0.9994849562644958,0.44193583726882935,0.2909635007381439,-0.16173267364501953,0.969698965549469,0.4294928014278412,0.24518387019634247,-0.03057008795440197,0.1226675808429718,0.4433591961860657,0.1868898719549179,0.07325413823127747,0.9047805070877075,0.44463491439819336,0.1955401748418808,-0.30988723039627075,0.13503995537757874,0.44391193985939026,0.16137909889221191,0.09697826951742172,0.857440710067749,0.447266548871994,0.1764681488275528,-0.32755935192108154,0.14481626451015472,0.4537479281425476,0.1577879637479782,0.10451536625623703,0.8575648665428162,0.4533793330192566,0.17111080884933472,-0.31317654252052307,0.14010609686374664,0.45428359508514404,0.1664419323205948,0.08900921791791916,0.8071672320365906,0.4552389681339264,0.17898645997047424,-0.3116665184497833,0.13578414916992188,0.4776138663291931,0.43796664476394653,-0.10242296010255814,0.9998570680618286,0.4485022723674774,0.39551034569740295,0.10216817259788513,0.9997047781944275,0.4359479546546936,0.6618819832801819,-0.15528778731822968,0.992872953414917,0.33320456743240356,0.36000367999076843,0.1908823847770691,0.8773267865180969,0.45538952946662903,0.8882483243942261,-0.11255131661891937,0.993303656578064,0.2006843239068985,0.31560736894607544,0.3031173050403595,0.9119634628295898,0.4639148712158203,0.9256279468536377,-0.10979994386434555,0.9787927865982056,0.18103955686092377,0.3351001441478729,0.31509724259376526,0.8957379460334778,0.41895729303359985,0.9342255592346191,-0.18215729296207428,0.9839136600494385,0.17253759503364563,0.21922090649604797,0.3263988196849823,0.9053341746330261
kick_ac_3 - Trim,38,1267,good,0.4656223952770233,0.08620531111955643,-0.08248917758464813,0.9999439716339111,0.4721487760543823,0.06151319295167923,-0.10994085669517517,0.9999688863754272,0.474437415599823,0.060906678438186646,-0.1098598763346672,0.9999722242355347,0.4769161343574524,0.060276519507169724,-0.10991250723600388,0.999971330165863,0.46992942690849304,0.06059296801686287,-0.07327218353748322,0.9999501705169678,0.4706893861293793,0.05943737551569939,-0.07326905429363251,0.9999507069587708,0.4718002676963806,0.05838631093502045,-0.07326640188694,0.9999483227729797,0.496714323759079,0.0636676549911499,-0.16599780321121216,0.9999767541885376,0.4934238791465759,0.06187936291098595,0.011945708654820919,0.9999055862426758,0.47282207012176514,0.11060568690299988,-0.1049957200884819,0.9998995065689087,0.47029635310173035,0.10969224572181702,-0.04857638105750084,0.9998546242713928,0.5355061292648315,0.18705421686172485,-0.2162410467863083,0.999947190284729,0.4943404495716095,0.15980932116508484,0.12231834977865219,0.9995127320289612,0.4418794512748718,0.293720543384552,-0.1587906926870346,0.970097005367279,0.4311217963695526,0.24460585415363312,-0.017296940088272095,0.1255987286567688,0.44300517439842224,0.1860142946243286,0.0703689232468605,0.9060277342796326,0.44077688455581665,0.1934027224779129,-0.2855339050292969,0.1359192430973053,0.4465714991092682,0.16101893782615662,0.09212655574083328,0.8581831455230713,0.4446856677532196,0.1737753450870514,-0.30369022488594055,0.14553211629390717,0.4543105959892273,0.15585078299045563,0.10096196085214615,0.8585813641548157,0.4526301622390747,0.1694180816411972,-0.28886348009109497,0.14085474610328674,0.4546186029911041,0.16487736999988556,0.08585561066865921,0.8072975873947144,0.45402297377586365,0.176787868142128,-0.28733333945274353,0.13647332787513733,0.47825887799263,0.43823033571243286,-0.0986923798918724,0.999864935874939,0.44511833786964417,0.3951985538005829,0.09838732331991196,0.999718427658081,0.43612998723983765,0.6592767834663391,-0.13524268567562103,0.9935135841369629,0.32092007994651794,0.3654942810535431,0.08682196587324142,0.8843833208084106,0.45378243923187256,0.888065755367279,-0.08095444738864899,0.9937082529067993,0.18736432492733002,0.3262566924095154,0.0778099000453949,0.9180400371551514,0.46315351128578186,0.9217814207077026,-0.07661759108304977,0.9764885902404785,0.16641855239868164,0.3488445281982422,0.07599630206823349,0.8980081677436829,0.41916993260383606,0.9342429637908936,-0.15046373009681702,0.9847316741943359,0.16481323540210724,0.22335173189640045,0.05202609300613403,0.9117441177368164
kick_ac_3 - Trim,39,1301,good,0.4651106297969818,0.08506052196025848,-0.09039418399333954,0.9999475479125977,0.4719116985797882,0.06065874546766281,-0.11668946593999863,0.9999708533287048,0.4742181599140167,0.06010140851140022,-0.11663825809955597,0.9999737739562988,0.4767499566078186,0.059515487402677536,-0.11669564992189407,0.9999728202819824,0.46961578726768494,0.05960800126194954,-0.07757087051868439,0.9999526739120483,0.4703347980976105,0.058473654091358185,-0.07756345719099045,0.9999534487724304,0.4714183509349823,0.05742412433028221,-0.07756105810403824,0.9999512434005737,0.4965434670448303,0.06314963102340698,-0.17095722258090973,0.999978244304657,0.49295273423194885,0.06115027517080307,0.008016576990485191,0.9999101758003235,0.47235628962516785,0.10926809906959534,-0.10809674113988876,0.9999074935913086,0.4697555899620056,0.10825300216674805,-0.05539923533797264,0.9998648166656494,0.5352203845977783,0.18837030231952667,-0.21853500604629517,0.9999508857727051,0.49337005615234375,0.1595248132944107,0.11298826336860657,0.9995384216308594,0.4413023293018341,0.29520949721336365,-0.16911783814430237,0.9704734086990356,0.4288472831249237,0.24473026394844055,-0.013284804299473763,0.12693962454795837,0.4428289830684662,0.18681679666042328,0.030638448894023895,0.9062219858169556,0.438031941652298,0.1962207704782486,-0.2712073028087616,0.13493306934833527,0.44640007615089417,0.16004887223243713,0.04641781374812126,0.8575670123100281,0.44087618589401245,0.17372001707553864,-0.28910115361213684,0.1445544958114624,0.4542836546897888,0.15454672276973724,0.05553879216313362,0.8582513928413391,0.45156747102737427,0.17033973336219788,-0.2772466540336609,0.13996918499469757,0.45456305146217346,0.16364334523677826,0.045126043260097504,0.805832028388977,0.452957421541214,0.17684923112392426,-0.27398940920829773,0.13578416407108307,0.4784637689590454,0.4405596852302551,-0.095867820084095,0.9998712539672852,0.4448426067829132,0.39585235714912415,0.09560815989971161,0.9997256994247437,0.43567830324172974,0.6569229960441589,-0.14424078166484833,0.994070291519165,0.32080286741256714,0.37057268619537354,0.09446635842323303,0.8905407190322876,0.45405974984169006,0.8818243741989136,-0.09270872920751572,0.9940951466560364,0.18630348145961761,0.3415820002555847,0.11970613151788712,0.9235640168190002,0.46283194422721863,0.9127787947654724,-0.08883781731128693,0.9747607111930847,0.16647925972938538,0.36477094888687134,0.12106402963399887,0.8997745513916016,0.4203552007675171,0.93442702293396,-0.16440024971961975,0.9855561256408691,0.16073137521743774,0.2469664067029953,0.09643625468015671,0.9172554016113281
kick_ac_3 - Trim,40,1334,good,0.4648621380329132,0.08565466850996017,-0.06252405047416687,0.999951183795929,0.47158005833625793,0.06150110810995102,-0.08498331904411316,0.9999728202819824,0.47390779852867126,0.06090981513261795,-0.08497514575719833,0.9999754428863525,0.47646984457969666,0.06026263162493706,-0.08503662049770355,0.9999744892120361,0.4691370725631714,0.06064985692501068,-0.04663839191198349,0.9999555945396423,0.469735711812973,0.05966539680957794,-0.046629976481199265,0.9999564290046692,0.4706927239894867,0.058751992881298065,-0.04662157595157623,0.9999545216560364,0.4962535798549652,0.06313452869653702,-0.13294440507888794,0.9999797344207764,0.4917495548725128,0.06185201182961464,0.04298476129770279,0.9999154210090637,0.47226986289024353,0.10962271690368652,-0.07630208134651184,0.999914824962616,0.4695429503917694,0.10864261537790298,-0.02638036385178566,0.9998747706413269,0.5361802577972412,0.18661250174045563,-0.18586711585521698,0.9999542236328125,0.49261757731437683,0.15873906016349792,0.14248479902744293,0.9995606541633606,0.44279804825782776,0.29420337080955505,-0.15609748661518097,0.9705135822296143,0.43116486072540283,0.2515559494495392,0.004208410624414682,0.1270720660686493,0.44265154004096985,0.18710479140281677,0.046463653445243835,0.9071922898292542,0.43837612867355347,0.19537563621997833,-0.2598724067211151,0.13209404051303864,0.44945958256721497,0.15923157334327698,0.06454059481620789,0.8583755493164062,0.440961092710495,0.17230091989040375,-0.28024598956108093,0.14189022779464722,0.45599523186683655,0.15407739579677582,0.07255423069000244,0.8590148687362671,0.45137861371040344,0.16966773569583893,-0.26706111431121826,0.13735510408878326,0.4550636410713196,0.16284173727035522,0.0611797571182251,0.8051379323005676,0.4527832865715027,0.17614610493183136,-0.26299017667770386,0.1332753747701645,0.4780692756175995,0.4425472319126129,-0.09627994149923325,0.9998765587806702,0.4446743130683899,0.397447794675827,0.09607117623090744,0.9997390508651733,0.435901939868927,0.6571959853172302,-0.12584538757801056,0.9945938587188721,0.3223934769630432,0.37355121970176697,0.03129684552550316,0.8978387117385864,0.45429980754852295,0.8847869038581848,-0.08905108273029327,0.9945183992385864,0.18935348093509674,0.36338624358177185,-0.006873252801597118,0.9291093945503235,0.4633674621582031,0.914161205291748,-0.08687461167573929,0.9743239879608154,0.1698194295167923,0.3804904818534851,-0.012748260982334614,0.9028186202049255,0.4182673692703247,0.9344552159309387,-0.16636401414871216,0.9864988923072815,0.15921713411808014,0.27739009261131287,-0.052935317158699036,0.9229460954666138
kick_ac_3 - Trim,41,1368,good,0.4647812247276306,0.08494069427251816,-0.019607746973633766,0.9999552369117737,0.471366286277771,0.061185963451862335,-0.043078914284706116,0.9999750256538391,0.47361695766448975,0.060598380863666534,-0.043072693049907684,0.9999773502349854,0.47605082392692566,0.05990529805421829,-0.04312380030751228,0.9999765157699585,0.46901434659957886,0.06017954647541046,-0.002866592491045594,0.9999591708183289,0.469633549451828,0.05915852636098862,-0.002867927076295018,0.9999599456787109,0.4705848693847656,0.05817708745598793,-0.00284210336394608,0.9999582767486572,0.49545592069625854,0.06242220103740692,-0.09814595431089401,0.9999812841415405,0.49077481031417847,0.061108943074941635,0.08346161246299744,0.9999215602874756,0.4720790982246399,0.10870539397001266,-0.036932311952114105,0.9999217391014099,0.46942389011383057,0.10767532885074615,0.014672677032649517,0.9998845458030701,0.5358114242553711,0.18637844920158386,-0.17736530303955078,0.9999573826789856,0.49238693714141846,0.1586824506521225,0.18579120934009552,0.9995865821838379,0.4435281753540039,0.2883094847202301,-0.14667931199073792,0.9711997509002686,0.432210773229599,0.25218990445137024,0.04984867945313454,0.13435138761997223,0.4428909420967102,0.18669483065605164,0.0984940379858017,0.9100404381752014,0.43815216422080994,0.19625312089920044,-0.2216423898935318,0.13408704102039337,0.44976702332496643,0.15529859066009521,0.11993548274040222,0.8616399765014648,0.44089603424072266,0.1729855239391327,-0.23881013691425323,0.14246448874473572,0.45729315280914307,0.14560121297836304,0.12934215366840363,0.8620567321777344,0.45129862427711487,0.16916096210479736,-0.22185558080673218,0.1378973424434662,0.45563632249832153,0.16022425889968872,0.11373703181743622,0.8081387281417847,0.45268362760543823,0.1753811240196228,-0.22416400909423828,0.13409462571144104,0.47732189297676086,0.44588860869407654,-0.10204990953207016,0.999884307384491,0.4463783800601959,0.40060681104660034,0.10184179246425629,0.9997572302818298,0.4359523057937622,0.6604496836662292,-0.13450567424297333,0.9950913190841675,0.32679155468940735,0.3734372854232788,0.03726423904299736,0.9040061831474304,0.45442530512809753,0.8832681775093079,-0.09672407060861588,0.9949399828910828,0.19522979855537415,0.39383992552757263,0.010250945575535297,0.9340359568595886,0.46385514736175537,0.910381019115448,-0.0946594849228859,0.9750092029571533,0.17998996376991272,0.44030749797821045,0.005423916038125753,0.9064785838127136,0.41523638367652893,0.9344861507415771,-0.1692783683538437,0.987488865852356,0.1551697701215744,0.312170147895813,-0.028661807999014854,0.9280626177787781
kick_ac_3 - Trim,42,1401,good,0.4639325737953186,0.08446331322193146,0.02906750701367855,0.9999580979347229,0.4708828330039978,0.060962826013565063,0.00865828525274992,0.9999762177467346,0.4732300043106079,0.06043897569179535,0.008669686503708363,0.9999781847000122,0.4757412075996399,0.05980523303151131,0.008623486384749413,0.9999774694442749,0.4682064354419708,0.05982863903045654,0.046936921775341034,0.9999616146087646,0.4687291383743286,0.05875314399600029,0.04691363126039505,0.9999622702598572,0.4695417582988739,0.057708289474248886,0.04689754918217659,0.9999609589576721,0.4948900043964386,0.062357619404792786,-0.03530632331967354,0.999981164932251,0.4892643988132477,0.060665059834718704,0.1364039033651352,0.9999247789382935,0.471412718296051,0.10814817249774933,0.01620686799287796,0.9999229311943054,0.4681845009326935,0.10665369033813477,0.06499088555574417,0.9998875856399536,0.5369561910629272,0.1810913234949112,-0.1187286451458931,0.999957263469696,0.48709580302238464,0.15605753660202026,0.23064695298671722,0.9996010661125183,0.4453774392604828,0.2841644585132599,-0.10041563212871552,0.9704106450080872,0.42873474955558777,0.25220194458961487,0.08714871108531952,0.1632116436958313,0.44533297419548035,0.1845632791519165,0.12802378833293915,0.9117815494537354,0.4384631812572479,0.19324998557567596,-0.1752580851316452,0.15451791882514954,0.44912436604499817,0.1528552770614624,0.1471669226884842,0.8625258207321167,0.44114795327186584,0.17285916209220886,-0.19224801659584045,0.15571622550487518,0.4579349756240845,0.14236204326152802,0.1575566679239273,0.8620523810386658,0.45130619406700134,0.166633740067482,-0.17261295020580292,0.14948955178260803,0.4560212790966034,0.15720134973526,0.14289206266403198,0.8071277141571045,0.45268070697784424,0.17100058495998383,-0.1755424439907074,0.14495113492012024,0.47763240337371826,0.44195616245269775,-0.10240420699119568,0.9998905658721924,0.4460974335670471,0.3985876441001892,0.10220107436180115,0.9997766017913818,0.4362395107746124,0.6477360725402832,-0.1562337577342987,0.995507001876831,0.3288347125053406,0.3682500422000885,-0.05276624858379364,0.9105620980262756,0.4542955458164215,0.8717146515846252,-0.12173660844564438,0.9952589273452759,0.20729051530361176,0.4743042588233948,-0.06017889454960823,0.938703715801239,0.4639972746372223,0.8950368762016296,-0.11898451298475266,0.9752650856971741,0.1855982095003128,0.5270674824714661,-0.06252894550561905,0.9113202095031738,0.41615137457847595,0.934762716293335,-0.206727996468544,0.9882228970527649,0.1648363322019577,0.43148165941238403,-0.11990063637495041,0.9327811598777771
kick_ac_3 - Trim,43,1434,good,0.4632579982280731,0.0798492506146431,0.010975208133459091,0.9999620318412781,0.4703516662120819,0.05655457451939583,-0.013956460170447826,0.9999784231185913,0.4726913571357727,0.056083764880895615,-0.013935680501163006,0.9999801516532898,0.4751787781715393,0.055482201278209686,-0.013991405256092548,0.9999794960021973,0.46771040558815,0.055494990199804306,0.02599521540105343,0.9999651908874512,0.46823960542678833,0.054532431066036224,0.025984834879636765,0.9999657869338989,0.46905946731567383,0.05360463634133339,0.02600015513598919,0.9999645948410034,0.49436721205711365,0.059113726019859314,-0.07109908759593964,0.9999828934669495,0.48905518651008606,0.057509250938892365,0.10644625127315521,0.999931812286377,0.4705553352832794,0.10447239875793457,-0.007095237262547016,0.9999297857284546,0.46721166372299194,0.10254716873168945,0.04350912198424339,0.9998973608016968,0.5365175008773804,0.17700105905532837,-0.15632028877735138,0.9999593496322632,0.489205539226532,0.15607374906539917,0.20966511964797974,0.9996161460876465,0.44351980090141296,0.28281170129776,-0.11986731737852097,0.9712566137313843,0.4278661906719208,0.2517108917236328,0.06878653913736343,0.18618381023406982,0.4431939125061035,0.17594043910503387,0.14105574786663055,0.9151613712310791,0.43827274441719055,0.1866956353187561,-0.1785617470741272,0.16168424487113953,0.4487108290195465,0.14409416913986206,0.16609032452106476,0.8656795024871826,0.43984541296958923,0.16447462141513824,-0.19207878410816193,0.15768711268901825,0.4576316475868225,0.13576821982860565,0.17491629719734192,0.8649607300758362,0.4505506753921509,0.15798985958099365,-0.1684790700674057,0.15073183178901672,0.45595747232437134,0.14955881237983704,0.1567128449678421,0.8105465769767761,0.45186129212379456,0.1620248258113861,-0.1775241196155548,0.1467542052268982,0.47662588953971863,0.44437074661254883,-0.10881772637367249,0.9998958706855774,0.4469955563545227,0.40668997168540955,0.10863564908504486,0.9997929334640503,0.43644532561302185,0.6522952318191528,-0.1812794804573059,0.9958702325820923,0.32982879877090454,0.36887505650520325,-0.00413507642224431,0.9164572358131409,0.4543765187263489,0.8764154314994812,-0.12863023579120636,0.9955170154571533,0.24067960679531097,0.5325749516487122,0.044261857867240906,0.9419289231300354,0.46452605724334717,0.898589551448822,-0.12412260472774506,0.9761394262313843,0.24130867421627045,0.5832866430282593,0.04270217940211296,0.9151179790496826,0.4151664078235626,0.9347586631774902,-0.20272482931613922,0.9889354109764099,0.1814594864845276,0.5092653036117554,0.009299117140471935,0.93537837266922
kick_ac_3 - Trim,44,1468,good,0.46287450194358826,0.0797971710562706,-0.00701904296875,0.9999644160270691,0.4699387550354004,0.0563960038125515,-0.03300841897726059,0.9999794960021973,0.47237667441368103,0.0557197742164135,-0.032989032566547394,0.9999812841415405,0.4749699532985687,0.05485239624977112,-0.03304896503686905,0.9999805688858032,0.46706244349479675,0.05539070442318916,0.007509375922381878,0.9999672770500183,0.4675336182117462,0.05442953109741211,0.0075080618262290955,0.9999677538871765,0.4682909846305847,0.053527865558862686,0.007516267243772745,0.9999663829803467,0.4942220151424408,0.057961974292993546,-0.09105296432971954,0.9999837279319763,0.48853790760040283,0.05747468024492264,0.0947713851928711,0.9999358654022217,0.4705055058002472,0.10442750155925751,-0.025423146784305573,0.9999334216117859,0.46718963980674744,0.10246766358613968,0.02598445862531662,0.9999013543128967,0.5362299680709839,0.1738452911376953,-0.168141707777977,0.9999606609344482,0.48966190218925476,0.14854933321475983,0.19440028071403503,0.9995906352996826,0.43514278531074524,0.28044676780700684,-0.15167006850242615,0.971437931060791,0.4288404583930969,0.22323063015937805,0.10164474695920944,0.19420118629932404,0.4425041079521179,0.1655220240354538,0.1372210681438446,0.9157467484474182,0.4383350610733032,0.1731288731098175,-0.044850628823041916,0.15925157070159912,0.4460230767726898,0.13988728821277618,0.16170798242092133,0.8657315969467163,0.4398724436759949,0.1543489396572113,-0.0473208911716938,0.1539914608001709,0.45565614104270935,0.1333712637424469,0.15242891013622284,0.8650333881378174,0.4501067101955414,0.1527000218629837,-0.023999713361263275,0.14649274945259094,0.45411446690559387,0.14560942351818085,0.1419365108013153,0.8103938698768616,0.45133620500564575,0.154983788728714,-0.041951075196266174,0.14326399564743042,0.4748474955558777,0.4454701542854309,-0.11481034755706787,0.9999004006385803,0.4465731382369995,0.4088016748428345,0.11475446820259094,0.9997985363006592,0.4373563528060913,0.6598472595214844,-0.21121744811534882,0.996151328086853,0.33093416690826416,0.36913666129112244,0.08093675225973129,0.9200003743171692,0.45538362860679626,0.880622148513794,-0.21302224695682526,0.9958349466323853,0.2966338098049164,0.5797398686408997,0.23336273431777954,0.9434788823127747,0.468065083026886,0.9140799045562744,-0.21349883079528809,0.9776611328125,0.3053838312625885,0.6315152049064636,0.24527309834957123,0.9181323051452637,0.4149805009365082,0.9388561248779297,-0.2935895323753357,0.9897967576980591,0.23182816803455353,0.5708969831466675,0.23518842458724976,0.9360501170158386
kick_ac_3 - Trim,45,1501,good,0.4626694321632385,0.0759749785065651,-0.05100720375776291,0.9999642968177795,0.4698115289211273,0.05224814638495445,-0.07942630350589752,0.9999791383743286,0.4723392724990845,0.051351454108953476,-0.07945187389850616,0.9999813437461853,0.4749967157840729,0.05036070942878723,-0.0795631855726242,0.9999804496765137,0.4667404890060425,0.052445780485868454,-0.039525967091321945,0.9999667406082153,0.46713414788246155,0.051959920674562454,-0.03949575498700142,0.9999668598175049,0.467813104391098,0.05147361010313034,-0.03946928679943085,0.9999645352363586,0.4942219853401184,0.05426334962248802,-0.1379777044057846,0.9999839067459106,0.48806124925613403,0.05526832118630409,0.04128539562225342,0.999935507774353,0.4705010652542114,0.10084036737680435,-0.06854507327079773,0.9999353289604187,0.46717873215675354,0.09907513111829758,-0.017420200631022453,0.9999008178710938,0.5319726467132568,0.1677619069814682,-0.21927125751972198,0.9999627470970154,0.49122607707977295,0.1412946879863739,0.16522608697414398,0.9995684623718262,0.4294236898422241,0.27736255526542664,-0.19279254972934723,0.972019374370575,0.4290844798088074,0.219486266374588,0.08271503448486328,0.19338375329971313,0.43860387802124023,0.16025905311107635,0.08503160625696182,0.915095865726471,0.43996256589889526,0.16553792357444763,-0.09022524952888489,0.1538405418395996,0.43869897723197937,0.13607507944107056,0.10336455702781677,0.8643426895141602,0.4402681589126587,0.14432232081890106,-0.0970139354467392,0.14901472628116608,0.45291486382484436,0.1310407817363739,0.10166244208812714,0.8637439608573914,0.4500413239002228,0.1451697051525116,-0.07764370739459991,0.14132261276245117,0.4516552984714508,0.1421978920698166,0.09460822492837906,0.8084290027618408,0.4511648416519165,0.14729103446006775,-0.0897274762392044,0.13871753215789795,0.47520193457603455,0.4433409571647644,-0.11894217878580093,0.9999054074287415,0.44699913263320923,0.40831995010375977,0.11900360137224197,0.9997974634170532,0.4376212954521179,0.6488025188446045,-0.21488794684410095,0.9964035153388977,0.3311997652053833,0.38094890117645264,0.13850584626197815,0.9217113256454468,0.45541632175445557,0.877084493637085,-0.21727994084358215,0.9961366653442383,0.345090389251709,0.6113564968109131,0.32497522234916687,0.9427490830421448,0.4656220078468323,0.9245551228523254,-0.21826119720935822,0.9791353940963745,0.35476619005203247,0.650543749332428,0.3405613303184509,0.9179757833480835,0.41452404856681824,0.9389709234237671,-0.30580008029937744,0.9906184673309326,0.2810693085193634,0.6289940476417542,0.3292044401168823,0.9348648190498352
kick_ac_3 - Trim,46,1534,good,0.4609666168689728,0.07387222349643707,-0.06689450144767761,0.9999574422836304,0.46799716353416443,0.05015755817294121,-0.09759354591369629,0.9999740719795227,0.4705425798892975,0.04912803694605827,-0.09763223677873611,0.9999781250953674,0.4732523560523987,0.047945600003004074,-0.09773292392492294,0.999976634979248,0.46530476212501526,0.050461046397686005,-0.057195570319890976,0.9999580383300781,0.46590808033943176,0.049899205565452576,-0.05715327337384224,0.9999570846557617,0.4668627083301544,0.04919850453734398,-0.057148534804582596,0.9999517202377319,0.4928688108921051,0.05158349871635437,-0.16511139273643494,0.9999811053276062,0.48730745911598206,0.05226045101881027,0.015574846416711807,0.9999259114265442,0.4688588082790375,0.09748189896345139,-0.08746479451656342,0.9999321103096008,0.46596840023994446,0.09564695507287979,-0.03557245060801506,0.9998881220817566,0.5281789898872375,0.16071973741054535,-0.24451497197151184,0.9999642968177795,0.4932655692100525,0.13862894475460052,0.1339932382106781,0.9995411038398743,0.4263099133968353,0.2720300555229187,-0.2307855635881424,0.9721865057945251,0.4295264184474945,0.2202633023262024,0.09789958596229553,0.1935410499572754,0.4358050227165222,0.15187884867191315,-0.009764844551682472,0.9148345589637756,0.4413415491580963,0.16190814971923828,0.0023078112863004208,0.1504366248846054,0.4349518120288849,0.1312958151102066,-0.000474287080578506,0.8642067313194275,0.44402846693992615,0.14009541273117065,-0.001830318127758801,0.14601154625415802,0.45017537474632263,0.12781411409378052,-0.0014257497387006879,0.8634946346282959,0.45010676980018616,0.13979804515838623,0.015066118910908699,0.1380537748336792,0.4496610462665558,0.13740798830986023,-0.0007916653412394226,0.8076165318489075,0.4518337547779083,0.14350536465644836,0.003187789348885417,0.13536134362220764,0.47548940777778625,0.44265642762184143,-0.11870905011892319,0.9999077320098877,0.44790562987327576,0.4101264178752899,0.1187867671251297,0.9997841119766235,0.4380212426185608,0.6488522291183472,-0.20324000716209412,0.996414840221405,0.3317651152610779,0.414508193731308,0.14890077710151672,0.9220319986343384,0.4555334448814392,0.8934600353240967,-0.2060159295797348,0.9963192939758301,0.3786844313144684,0.6324086785316467,0.3385545611381531,0.9375590682029724,0.4662880599498749,0.9325686693191528,-0.20745816826820374,0.980252206325531,0.3961838185787201,0.6628731489181519,0.35536888241767883,0.9150630235671997,0.41474154591560364,0.9388973116874695,-0.2985617220401764,0.991278350353241,0.32446882128715515,0.6667118668556213,0.3477851152420044,0.9307061433792114
kick_ac_3 - Trim,47,1568,good,0.45944875478744507,0.06568115204572678,-0.0735110267996788,0.999954342842102,0.4665265381336212,0.04355090484023094,-0.10458959639072418,0.999972403049469,0.4688791036605835,0.04262610524892807,-0.10462582111358643,0.9999772906303406,0.4714389443397522,0.04152970016002655,-0.10472197085618973,0.9999757409095764,0.46464112401008606,0.04358825087547302,-0.06268186867237091,0.9999532103538513,0.46557050943374634,0.04287789389491081,-0.06263913214206696,0.9999520778656006,0.4668056070804596,0.04186449572443962,-0.06261631846427917,0.9999457001686096,0.49097684025764465,0.04665645584464073,-0.1734447181224823,0.9999809861183167,0.48709890246391296,0.04578987509012222,0.01362424436956644,0.9999231696128845,0.4664970338344574,0.0874684602022171,-0.09503884613513947,0.9999337196350098,0.464719295501709,0.08616958558559418,-0.04134022817015648,0.999885618686676,0.5206313729286194,0.1578088402748108,-0.2525896430015564,0.9999656081199646,0.4945671856403351,0.13864067196846008,0.13194818794727325,0.9995211958885193,0.4194090962409973,0.26780250668525696,-0.23546382784843445,0.9727413654327393,0.4278699457645416,0.23036202788352966,0.09562770277261734,0.19411776959896088,0.43292027711868286,0.14225172996520996,-0.017802942544221878,0.9168530702590942,0.44122427701950073,0.1568720042705536,-0.07553378492593765,0.15340016782283783,0.4325855076313019,0.12372048199176788,-0.010938948951661587,0.8669983148574829,0.4444230794906616,0.12956391274929047,-0.08565162867307663,0.149442657828331,0.44608795642852783,0.11879641562700272,-0.010429571382701397,0.8662324547767639,0.45044466853141785,0.13136984407901764,-0.0685686245560646,0.14099642634391785,0.447588711977005,0.12791232764720917,-0.008168254978954792,0.8113691210746765,0.45183610916137695,0.13452859222888947,-0.07597646117210388,0.13757872581481934,0.4752122759819031,0.44132450222969055,-0.11802259087562561,0.9999061822891235,0.4489351212978363,0.4120981991291046,0.11807072907686234,0.9997643828392029,0.44027093052864075,0.6475729942321777,-0.19202019274234772,0.9962253570556641,0.3331167995929718,0.4426301121711731,0.13131512701511383,0.9217383861541748,0.45643913745880127,0.8928482532501221,-0.16568757593631744,0.9963189959526062,0.4070354998111725,0.640860915184021,0.302176296710968,0.9273243546485901,0.47051316499710083,0.9323523640632629,-0.16530273854732513,0.9800833463668823,0.425972580909729,0.6640464663505554,0.31791648268699646,0.9053580164909363,0.4165993630886078,0.9388760328292847,-0.2798890769481659,0.9916599988937378,0.37911108136177063,0.7054164409637451,0.3069738745689392,0.9239127039909363
kick_ac_3 - Trim,48,1601,good,0.4584300220012665,0.06491585820913315,-0.06731879711151123,0.9999555945396423,0.46503371000289917,0.04271521419286728,-0.09495391696691513,0.9999732375144958,0.4671749174594879,0.04177341237664223,-0.09497471898794174,0.999978244304657,0.46960312128067017,0.040601082146167755,-0.09507753700017929,0.999976634979248,0.46369460225105286,0.04249439015984535,-0.0562763474881649,0.9999536275863647,0.46482422947883606,0.04161285609006882,-0.056229304522275925,0.9999526143074036,0.46627289056777954,0.04044324904680252,-0.05622543394565582,0.9999465942382812,0.4893198609352112,0.044930350035429,-0.1599721759557724,0.9999820590019226,0.48630648851394653,0.04362814500927925,0.020010169595479965,0.9999265670776367,0.46542689204216003,0.08578542619943619,-0.08524536341428757,0.9999373555183411,0.4639398753643036,0.08515579253435135,-0.035366885364055634,0.9998897314071655,0.5201773643493652,0.15390807390213013,-0.2435320019721985,0.9999677538871765,0.494809627532959,0.13789941370487213,0.13549186289310455,0.9995406866073608,0.4178668260574341,0.26305660605430603,-0.22822007536888123,0.9739534854888916,0.42153671383857727,0.23262162506580353,0.08965718746185303,0.21156048774719238,0.42995914816856384,0.14177577197551727,-0.011922135017812252,0.9200205206871033,0.4386478066444397,0.15500706434249878,-0.12125001102685928,0.17377956211566925,0.4297221004962921,0.12224847078323364,-0.005471169948577881,0.8716002702713013,0.44279807806015015,0.13088533282279968,-0.14460572600364685,0.16777706146240234,0.44375360012054443,0.1193239688873291,-0.006571738515049219,0.8707740902900696,0.4499892592430115,0.12712721526622772,-0.12845958769321442,0.1587146520614624,0.4453612267971039,0.1269940733909607,-0.003010771470144391,0.8178989291191101,0.4505825936794281,0.13381575047969818,-0.12463050335645676,0.15408305823802948,0.4754003584384918,0.4409525692462921,-0.12162098288536072,0.999900758266449,0.45124781131744385,0.41672447323799133,0.12164526432752609,0.9997544884681702,0.4345768988132477,0.6414873003959656,-0.18791164457798004,0.9957167506217957,0.3461853563785553,0.4827054738998413,0.10704107582569122,0.9193373918533325,0.45500001311302185,0.890842080116272,-0.13834024965763092,0.9960973262786865,0.43954694271087646,0.70824134349823,0.25917768478393555,0.9181115031242371,0.47345584630966187,0.9290210008621216,-0.13585469126701355,0.9790810942649841,0.4607129991054535,0.7266213297843933,0.2674471139907837,0.8978742957115173,0.4158492982387543,0.9388598203659058,-0.2264794558286667,0.9917705059051514,0.41799014806747437,0.7853696942329407,0.2511964440345764,0.9184635281562805
kick_ac_3 - Trim,49,1634,good,0.4575446546077728,0.05868236720561981,-0.06272345036268234,0.9999549388885498,0.46444737911224365,0.038260575383901596,-0.09180232137441635,0.9999735951423645,0.4665864408016205,0.0374014750123024,-0.09181813895702362,0.99997878074646,0.4690346419811249,0.03626358509063721,-0.09189453721046448,0.9999770522117615,0.4631977379322052,0.03797810152173042,-0.05103098601102829,0.9999525547027588,0.46438926458358765,0.037104975432157516,-0.05100835859775543,0.9999518990516663,0.4659145176410675,0.03589741885662079,-0.050997182726860046,0.9999464154243469,0.48872312903404236,0.04139619320631027,-0.15844058990478516,0.9999827742576599,0.4858854115009308,0.04004203528165817,0.026696085929870605,0.9999287128448486,0.4640972912311554,0.0803164541721344,-0.08223240822553635,0.9999391436576843,0.4627969563007355,0.07962485402822495,-0.02994692325592041,0.9998886585235596,0.5185660719871521,0.15146692097187042,-0.24377991259098053,0.9999687075614929,0.49374768137931824,0.13893921673297882,0.14241228997707367,0.999532163143158,0.4159351885318756,0.25765252113342285,-0.2250978797674179,0.9745358228683472,0.41718941926956177,0.2403811663389206,0.05637802928686142,0.21496345102787018,0.42705076932907104,0.13467873632907867,-0.00954447966068983,0.921690046787262,0.435067355632782,0.15509046614170074,-0.18540041148662567,0.18492043018341064,0.4282061755657196,0.11676781624555588,-0.0035092064645141363,0.8749505877494812,0.43839600682258606,0.13170088827610016,-0.2126673310995102,0.1798180788755417,0.44137051701545715,0.10968788713216782,-0.003862659214064479,0.8742385506629944,0.444682776927948,0.12445476651191711,-0.19633671641349792,0.17020168900489807,0.4424225986003876,0.11826862394809723,-0.00029898231150582433,0.8232623934745789,0.44770362973213196,0.12937036156654358,-0.18885287642478943,0.16389715671539307,0.4755062162876129,0.44800329208374023,-0.12339138239622116,0.9998989701271057,0.45316389203071594,0.4298160970211029,0.12341625243425369,0.9997379183769226,0.4253826141357422,0.642085611820221,-0.1446552872657776,0.9956453442573547,0.35331106185913086,0.5101730823516846,0.12191421538591385,0.9144439101219177,0.45288926362991333,0.8931366801261902,-0.08739902824163437,0.9962667226791382,0.4620794653892517,0.6646292805671692,0.26900842785835266,0.9095585346221924,0.47422948479652405,0.930175244808197,-0.08409582078456879,0.9798635244369507,0.48641151189804077,0.6622374653816223,0.28233399987220764,0.8943567276000977,0.41528406739234924,0.9403132796287537,-0.15859249234199524,0.9923046827316284,0.4525229334831238,0.7382109761238098,0.28194743394851685,0.9159010648727417
kick_ac_3 - Trim,50,1668,good,0.45752790570259094,0.05787189304828644,-0.05971311777830124,0.999954104423523,0.46360641717910767,0.03650485724210739,-0.08849101513624191,0.9999741911888123,0.46555212140083313,0.035461317747831345,-0.08850301057100296,0.9999794363975525,0.46773234009742737,0.03415949270129204,-0.08857591450214386,0.9999775886535645,0.4626084864139557,0.03655262291431427,-0.047518305480480194,0.9999515414237976,0.4637819230556488,0.03561314940452576,-0.047494009137153625,0.9999508261680603,0.46535009145736694,0.03434035927057266,-0.047483690083026886,0.9999456405639648,0.486765056848526,0.03812691569328308,-0.15813733637332916,0.9999833106994629,0.4849705398082733,0.03722575679421425,0.029173314571380615,0.9999284148216248,0.46385669708251953,0.07811427116394043,-0.07911567389965057,0.9999387860298157,0.4627041816711426,0.07843713462352753,-0.026674406602978706,0.9998846054077148,0.5092081427574158,0.1461164653301239,-0.24489226937294006,0.9999694228172302,0.4968370497226715,0.13900752365589142,0.14590668678283691,0.9995147585868835,0.41096231341362,0.2566153407096863,-0.21763071417808533,0.9748744368553162,0.4190705418586731,0.24049973487854004,0.05682816356420517,0.2184966653585434,0.424628347158432,0.1356520801782608,0.04265400394797325,0.9223465323448181,0.43375152349472046,0.15300019085407257,-0.16451193392276764,0.189265638589859,0.4260804355144501,0.11607952415943146,0.055023323744535446,0.8773601055145264,0.4358840584754944,0.1295517385005951,-0.1825772374868393,0.18573930859565735,0.4392920434474945,0.11010784655809402,0.048065271228551865,0.8768256306648254,0.4418996572494507,0.12069320678710938,-0.1655712127685547,0.17626725137233734,0.44189491868019104,0.11955127120018005,0.05067312344908714,0.8283123970031738,0.44572046399116516,0.12894564867019653,-0.16597190499305725,0.1689797043800354,0.474499374628067,0.44877633452415466,-0.12746907770633698,0.9998971223831177,0.4668647050857544,0.433974027633667,0.12744742631912231,0.9997103214263916,0.4326072335243225,0.6545570492744446,-0.13340221345424652,0.9954574704170227,0.39424508810043335,0.5487349629402161,0.1596251279115677,0.9072058796882629,0.45297250151634216,0.8981319069862366,-0.09079913049936295,0.996379017829895,0.48855066299438477,0.6745178699493408,0.29757219552993774,0.9035843014717102,0.4746825098991394,0.9364221692085266,-0.08848750591278076,0.980991542339325,0.5138686895370483,0.6706550717353821,0.3109019100666046,0.8933099508285522,0.41574639081954956,0.941600501537323,-0.14989455044269562,0.9927312135696411,0.4761603772640228,0.7662848234176636,0.3192795217037201,0.9147998094558716
kick_ac_3 - Trim,51,1701,good,0.45765605568885803,0.053396791219711304,-0.06374624371528625,0.999943733215332,0.46383604407310486,0.030991703271865845,-0.09398111701011658,0.9999712705612183,0.46582087874412537,0.03010847605764866,-0.093987375497818,0.9999775290489197,0.4680352210998535,0.029007581993937492,-0.0940396636724472,0.999975323677063,0.4626690745353699,0.03070816397666931,-0.05326962471008301,0.9999436736106873,0.4638827443122864,0.029651373624801636,-0.05327721685171127,0.9999426603317261,0.46554285287857056,0.028259078040719032,-0.05324692279100418,0.9999372959136963,0.486881285905838,0.034909993410110474,-0.16214461624622345,0.999981701374054,0.48509055376052856,0.03335091471672058,0.02062675543129444,0.9999168515205383,0.46378523111343384,0.07424378395080566,-0.08246057480573654,0.9999284744262695,0.4626690447330475,0.07420622557401657,-0.030346017330884933,0.9998624324798584,0.5057564377784729,0.14412327110767365,-0.2413920909166336,0.9999667406082153,0.4982835650444031,0.13463681936264038,0.1367025077342987,0.9994730949401855,0.40893256664276123,0.2530900835990906,-0.2032797634601593,0.974118709564209,0.4203827977180481,0.2403939664363861,0.05717911198735237,0.21474888920783997,0.42345649003982544,0.13554297387599945,0.06474211066961288,0.9164286255836487,0.43415307998657227,0.15409478545188904,-0.13292881846427917,0.1894378960132599,0.4237115979194641,0.1173107698559761,0.0788065642118454,0.8726150393486023,0.4359736144542694,0.12754683196544647,-0.14903590083122253,0.1883561760187149,0.4378573000431061,0.1096884235739708,0.07297538220882416,0.8723393082618713,0.44137969613075256,0.1210862472653389,-0.13778822124004364,0.17929023504257202,0.4417455494403839,0.11941621452569962,0.07313574850559235,0.825738787651062,0.44443225860595703,0.12680163979530334,-0.1353277713060379,0.17131462693214417,0.4744938015937805,0.4490593373775482,-0.12631714344024658,0.9998955130577087,0.47120821475982666,0.43251922726631165,0.12630346417427063,0.9996815919876099,0.43496912717819214,0.6544815897941589,-0.14373773336410522,0.9951042532920837,0.4312046766281128,0.5932888984680176,0.2268649935722351,0.8972747921943665,0.4529552459716797,0.8932566046714783,-0.11909199506044388,0.9964062571525574,0.5005373358726501,0.7224243879318237,0.36169561743736267,0.9004425406455994,0.4742690324783325,0.9340028762817383,-0.12301167845726013,0.9819049835205078,0.5212576985359192,0.7106842398643494,0.3748934864997864,0.8929226994514465,0.41716983914375305,0.9386323094367981,-0.1556050032377243,0.9928905367851257,0.48965221643447876,0.7959510684013367,0.3834724724292755,0.913774847984314
kick_ac_3 - Trim,52,1735,good,0.45713016390800476,0.045359086245298386,-0.06394118815660477,0.9999307990074158,0.46379354596138,0.021268820390105247,-0.09498870372772217,0.999967098236084,0.4658317267894745,0.020504498854279518,-0.09500005096197128,0.9999749064445496,0.4680536687374115,0.01951005309820175,-0.09504760801792145,0.9999720454216003,0.4626910984516144,0.020561549812555313,-0.05309336632490158,0.9999346137046814,0.4639383554458618,0.018919767811894417,-0.05310782045125961,0.9999336004257202,0.4656218886375427,0.01719081401824951,-0.053078655153512955,0.9999275207519531,0.48699215054512024,0.027800872921943665,-0.16392932832241058,0.999980092048645,0.4851401746273041,0.023923242464661598,0.023257967084646225,0.9999037981033325,0.46281957626342773,0.06700100004673004,-0.08317200839519501,0.9999183416366577,0.461825430393219,0.06706871837377548,-0.02969527803361416,0.9998425841331482,0.5041961073875427,0.13713882863521576,-0.23958788812160492,0.9999628663063049,0.49828341603279114,0.13054537773132324,0.13859795033931732,0.9994347095489502,0.40753844380378723,0.24678386747837067,-0.2029639184474945,0.9719104170799255,0.42048510909080505,0.2389676719903946,0.03556131571531296,0.2051859349012375,0.42429807782173157,0.13489572703838348,0.06025857478380203,0.9055219292640686,0.4336101710796356,0.1548692286014557,-0.18688909709453583,0.1843709796667099,0.42271503806114197,0.1144900992512703,0.07393432408571243,0.864154577255249,0.4338654577732086,0.12715153396129608,-0.2087552398443222,0.1863693743944168,0.43727022409439087,0.10799379646778107,0.07146552950143814,0.8640328645706177,0.43954890966415405,0.12162099778652191,-0.19262981414794922,0.17768867313861847,0.44195985794067383,0.11516270786523819,0.06937354058027267,0.818230152130127,0.4424676299095154,0.12648917734622955,-0.18851040303707123,0.169260174036026,0.4759131371974945,0.4479904770851135,-0.12576144933700562,0.9998968839645386,0.473416268825531,0.43444210290908813,0.1258222609758377,0.9996719360351562,0.4393509328365326,0.6492044925689697,-0.18658965826034546,0.9941471815109253,0.45167335867881775,0.6253026127815247,0.24267858266830444,0.8756241202354431,0.4574856460094452,0.8896822333335876,-0.23101074993610382,0.9960901141166687,0.5284022688865662,0.7333983182907104,0.3705941438674927,0.887071967124939,0.475270539522171,0.9315240979194641,-0.23802024126052856,0.9821178317070007,0.5505014657974243,0.728624701499939,0.38302117586135864,0.885692298412323,0.4165290594100952,0.9387049078941345,-0.3115500211715698,0.9925466179847717,0.5150037407875061,0.8266185522079468,0.3845018446445465,0.9046353697776794
kick_ac_3 - Trim,53,1768,good,0.45545926690101624,0.04123347997665405,-0.06146146357059479,0.9999235272407532,0.4626234173774719,0.0175195150077343,-0.09476365149021149,0.999965488910675,0.4646049439907074,0.01699214242398739,-0.0947725921869278,0.9999739527702332,0.4667721390724182,0.016276370733976364,-0.09484701603651047,0.9999709725379944,0.46193477511405945,0.01663082465529442,-0.05292633920907974,0.9999303817749023,0.46345123648643494,0.01523279957473278,-0.05292709171772003,0.9999285340309143,0.46531903743743896,0.01371697336435318,-0.0528988391160965,0.9999223351478577,0.4857812523841858,0.025136811658740044,-0.1612788736820221,0.9999793171882629,0.4848611652851105,0.021258091554045677,0.024999406188726425,0.9998971819877625,0.46070101857185364,0.06339510530233383,-0.08135225623846054,0.999910831451416,0.46027809381484985,0.06319019943475723,-0.028082463890314102,0.999826192855835,0.49164295196533203,0.13547278940677643,-0.2385225147008896,0.9999595880508423,0.5079250931739807,0.12853533029556274,0.14056168496608734,0.9993714094161987,0.4020852744579315,0.24087674915790558,-0.19611795246601105,0.9714189767837524,0.43710651993751526,0.24016161262989044,0.051373373717069626,0.1938251256942749,0.4248194098472595,0.13131897151470184,0.07021088153123856,0.8946971297264099,0.43385031819343567,0.15500327944755554,-0.1345306783914566,0.17369085550308228,0.42383384704589844,0.1104346290230751,0.08499638736248016,0.8545563817024231,0.4338407814502716,0.12532180547714233,-0.1525200754404068,0.17755834758281708,0.4379591941833496,0.10015328973531723,0.07734636962413788,0.8543907403945923,0.43921297788619995,0.1211332380771637,-0.1387043297290802,0.16952383518218994,0.44157102704048157,0.1122526079416275,0.07782770693302155,0.810541033744812,0.44178640842437744,0.12577390670776367,-0.1363215297460556,0.16162587702274323,0.475937157869339,0.4476414620876312,-0.12568527460098267,0.9998910427093506,0.48635441064834595,0.4391917288303375,0.12576164305210114,0.9996177554130554,0.4432743787765503,0.6495839953422546,-0.17400036752223969,0.9933054447174072,0.45623692870140076,0.6232438683509827,0.22061683237552643,0.8648321032524109,0.45860448479652405,0.8896516561508179,-0.19397960603237152,0.9959408640861511,0.5523604154586792,0.7407117486000061,0.3348182439804077,0.8818358182907104,0.47535571455955505,0.9349430203437805,-0.19803351163864136,0.9824958443641663,0.5718937516212463,0.7351747155189514,0.3466976284980774,0.8852351307868958,0.41604000329971313,0.9385173916816711,-0.2689436674118042,0.9921758770942688,0.5517026782035828,0.8054260611534119,0.3640204071998596,0.8998882174491882
kick_ac_3 - Trim,54,1801,good,0.45515042543411255,0.04313746094703674,-0.051482342183589935,0.9998947978019714,0.46226584911346436,0.019099697470664978,-0.0862579196691513,0.9999570846557617,0.46413150429725647,0.01851385459303856,-0.08628956973552704,0.9999675750732422,0.4661329388618469,0.017767854034900665,-0.08637101948261261,0.999964714050293,0.4618297815322876,0.018127353861927986,-0.04570232331752777,0.9999111294746399,0.46341246366500854,0.016676973551511765,-0.04567520692944527,0.9999035596847534,0.46531349420547485,0.015049666166305542,-0.04565400630235672,0.9998987913131714,0.4845753312110901,0.025799093768000603,-0.1610991209745407,0.9999729990959167,0.4845733940601349,0.021837575361132622,0.025705229490995407,0.999871015548706,0.4603413939476013,0.06494917720556259,-0.07208533585071564,0.999869167804718,0.4601527750492096,0.0648186132311821,-0.020315729081630707,0.9997628927230835,0.4867304265499115,0.1361379325389862,-0.23286212980747223,0.9999504685401917,0.5150989294052124,0.129066601395607,0.14148131012916565,0.999285876750946,0.39754098653793335,0.2375320941209793,-0.17170506715774536,0.9707341194152832,0.4451085031032562,0.2406604290008545,0.162499338388443,0.18502528965473175,0.42463061213493347,0.12747403979301453,0.09064806997776031,0.8875999450683594,0.4339863657951355,0.15348556637763977,0.10102640092372894,0.16620555520057678,0.4241396486759186,0.10321681946516037,0.10364305227994919,0.8476176857948303,0.43409907817840576,0.12497295439243317,0.09667685627937317,0.17110565304756165,0.4380747377872467,0.09104631841182709,0.0897049531340599,0.847251832485199,0.4395575523376465,0.11840309202671051,0.10208538919687271,0.1637566238641739,0.44170090556144714,0.10707370936870575,0.09506119042634964,0.8058290481567383,0.44177860021591187,0.12612605094909668,0.09903322905302048,0.15625150501728058,0.4760809540748596,0.44756370782852173,-0.12052621692419052,0.999860942363739,0.4938275218009949,0.44298917055130005,0.1206897720694542,0.9995309710502625,0.4463835060596466,0.6522020101547241,-0.12664897739887238,0.9811453819274902,0.46256816387176514,0.6355520486831665,0.21249397099018097,0.8325269818305969,0.45791858434677124,0.8968676328659058,-0.11094465851783752,0.992001473903656,0.5596744418144226,0.7715634107589722,0.22572802007198334,0.8587939739227295,0.4774705767631531,0.9449588060379028,-0.1114066019654274,0.9772987365722656,0.5749002695083618,0.7783230543136597,0.2308567464351654,0.8712183833122253,0.41644662618637085,0.9382287263870239,-0.1492251455783844,0.9871717095375061,0.5388429760932922,0.8459991216659546,0.2445344775915146,0.8802618980407715
kick_ac_3 - Trim,55,1835,good,0.45507654547691345,0.04312269017100334,-0.035136282444000244,0.9998846054077148,0.462065190076828,0.01916099525988102,-0.06941461563110352,0.9999549388885498,0.4637780487537384,0.018661251291632652,-0.06945692002773285,0.9999655485153198,0.4656519889831543,0.018042735755443573,-0.06952787190675735,0.9999631643295288,0.4618692398071289,0.01791059970855713,-0.027997948229312897,0.9999051690101624,0.46346309781074524,0.016485100612044334,-0.027969758957624435,0.9998937845230103,0.465342253446579,0.014831009320914745,-0.02793784625828266,0.9998912215232849,0.4834998548030853,0.025791777297854424,-0.15120592713356018,0.9999708533287048,0.4845900237560272,0.02194332703948021,0.0338464118540287,0.9998593926429749,0.4601215720176697,0.06378981471061707,-0.05753473564982414,0.9998518824577332,0.46023452281951904,0.06394360959529877,-0.004794968757778406,0.9997391700744629,0.4811634421348572,0.135489359498024,-0.23139452934265137,0.9999468922615051,0.5270927548408508,0.12939460575580597,0.15395450592041016,0.9992591738700867,0.3956545293331146,0.23632439970970154,-0.1678345650434494,0.9715082049369812,0.46114057302474976,0.24065402150154114,0.1870604008436203,0.17481133341789246,0.42044785618782043,0.1280398964881897,0.10825083404779434,0.8869351148605347,0.4343952238559723,0.1534300148487091,0.126697838306427,0.15728797018527985,0.42158618569374084,0.10160346329212189,0.12079727649688721,0.8471440672874451,0.43430641293525696,0.12567371129989624,0.12606744468212128,0.1632843166589737,0.4360722601413727,0.09393160790205002,0.11002448201179504,0.8467798233032227,0.43977198004722595,0.11784188449382782,0.12773320078849792,0.15671050548553467,0.4398379921913147,0.10621275007724762,0.11414694041013718,0.8070172667503357,0.4415607452392578,0.12649330496788025,0.12296392768621445,0.14987608790397644,0.47570863366127014,0.4472351372241974,-0.12045019119977951,0.9998261332511902,0.5021137595176697,0.4438081979751587,0.12060175091028214,0.9994528889656067,0.4470633566379547,0.6549348831176758,-0.10491454601287842,0.9705764055252075,0.4856925904750824,0.6474078893661499,0.1675618588924408,0.8084627985954285,0.46007242798805237,0.8993993401527405,-0.06842430680990219,0.9895107746124268,0.5819299221038818,0.8086883425712585,0.18337491154670715,0.8470633029937744,0.4780198335647583,0.9440538883209229,-0.06660299748182297,0.9742857217788696,0.6003169417381287,0.8139631748199463,0.18685272336006165,0.8669430613517761,0.4233088493347168,0.9383162260055542,-0.09753619134426117,0.9839971661567688,0.562542736530304,0.8725104331970215,0.196809321641922,0.8697928786277771
kick_ac_3 - Trim,56,1868,good,0.45517799258232117,0.04196150600910187,-0.018507372587919235,0.9998837113380432,0.4621574580669403,0.017261149361729622,-0.053102124482393265,0.9999547600746155,0.4638359248638153,0.0168960839509964,-0.053147174417972565,0.9999651908874512,0.4656298756599426,0.016428029164671898,-0.053214240819215775,0.9999630451202393,0.4621489942073822,0.015930796042084694,-0.011267437599599361,0.9999050498008728,0.46412304043769836,0.014491111971437931,-0.01123670395463705,0.9998925924301147,0.4663783311843872,0.012807701714336872,-0.011200795881450176,0.9998909831047058,0.4831680357456207,0.024296022951602936,-0.13969960808753967,0.9999703168869019,0.48526784777641296,0.020043732598423958,0.04534595087170601,0.999858558177948,0.4602971374988556,0.06192758306860924,-0.04279208555817604,0.9998459219932556,0.46041619777679443,0.06248949468135834,0.010382463224232197,0.9997374415397644,0.4791353642940521,0.13454072177410126,-0.22904053330421448,0.9999464750289917,0.5310774445533752,0.12871834635734558,0.16954948008060455,0.9992802739143372,0.3958149552345276,0.23699626326560974,-0.16533075273036957,0.9724487066268921,0.4705830216407776,0.24054251611232758,0.20766952633857727,0.16683894395828247,0.4180280566215515,0.12924008071422577,0.12270142883062363,0.8889471888542175,0.43452876806259155,0.15277238190174103,0.1595240980386734,0.15215304493904114,0.41905325651168823,0.10351938754320145,0.13482564687728882,0.8492504358291626,0.4332799017429352,0.1254497766494751,0.1639987677335739,0.15954375267028809,0.434123158454895,0.0959482491016388,0.12894414365291595,0.8487358093261719,0.43960562348365784,0.11641428619623184,0.16357043385505676,0.15368197858333588,0.4364599287509918,0.10787451267242432,0.13064032793045044,0.8102030754089355,0.4410233497619629,0.12590275704860687,0.15566332638263702,0.1474784016609192,0.4752429723739624,0.44631338119506836,-0.12199860066175461,0.9998061656951904,0.5100895166397095,0.44304174184799194,0.12210028618574142,0.9994266629219055,0.44827476143836975,0.6579520106315613,-0.10449376702308655,0.9689042568206787,0.4969055950641632,0.6476214528083801,0.1580483764410019,0.8032334446907043,0.4635613262653351,0.9069679975509644,-0.06810253113508224,0.989125669002533,0.5851278901100159,0.8211155533790588,0.17902226746082306,0.8486274480819702,0.4801888167858124,0.9503858685493469,-0.0658649429678917,0.9740859866142273,0.6075314283370972,0.8579289317131042,0.1819480061531067,0.8697347044944763,0.4270828366279602,0.9387513995170593,-0.09569207578897476,0.9830049276351929,0.5765665173530579,0.8828173875808716,0.19006726145744324,0.8682927489280701
kick_ac_3 - Trim,57,1901,good,0.4551984965801239,0.041828617453575134,0.0011979977134615183,0.999885618686676,0.4622211754322052,0.0167784933000803,-0.036385469138622284,0.9999545216560364,0.46383607387542725,0.016316402703523636,-0.03642785921692848,0.9999645948410034,0.46551328897476196,0.015786699950695038,-0.03648659959435463,0.9999623894691467,0.4624238610267639,0.015542221255600452,0.004979613237082958,0.9999057054519653,0.4645997881889343,0.01403060182929039,0.005022043827921152,0.9998924732208252,0.4670678675174713,0.012194942682981491,0.005058682523667812,0.9998910427093506,0.48261725902557373,0.023066742345690727,-0.1352086216211319,0.9999688267707825,0.485601544380188,0.01859826035797596,0.048026785254478455,0.9998583197593689,0.46042200922966003,0.06133345887064934,-0.02726897783577442,0.9998381733894348,0.46076852083206177,0.061850935220718384,0.025324702262878418,0.9997395873069763,0.4769599735736847,0.1340770274400711,-0.22827138006687164,0.9999435544013977,0.5371168851852417,0.1281156837940216,0.16732369363307953,0.9993171095848083,0.39677494764328003,0.23720672726631165,-0.16493132710456848,0.9725649952888489,0.47821804881095886,0.23948808014392853,0.24429304897785187,0.15803536772727966,0.41830554604530334,0.12995833158493042,0.12315929681062698,0.8881165981292725,0.4348320960998535,0.1525912880897522,0.2646069824695587,0.14622284471988678,0.41930121183395386,0.10456971079111099,0.1349303126335144,0.8476072549819946,0.43341878056526184,0.12581703066825867,0.281501829624176,0.15497271716594696,0.4342705309391022,0.0971749871969223,0.13458377122879028,0.8471182584762573,0.439563125371933,0.11655082553625107,0.2741483449935913,0.15001283586025238,0.43586260080337524,0.10891559720039368,0.13302485644817352,0.8094581365585327,0.4409354627132416,0.1262740194797516,0.2604576647281647,0.1444074660539627,0.4743536710739136,0.44727277755737305,-0.12203320860862732,0.999798059463501,0.5173874497413635,0.44413357973098755,0.12210521101951599,0.9994502067565918,0.4522738456726074,0.659378170967102,-0.060284242033958435,0.9685320854187012,0.5224630236625671,0.6569600701332092,0.15902669727802277,0.8113723993301392,0.46453985571861267,0.9062600135803223,-0.037130486220121384,0.9894375801086426,0.5987985730171204,0.8531737923622131,0.13352340459823608,0.8599399924278259,0.47995588183403015,0.950454831123352,-0.0347442664206028,0.975639820098877,0.6120338439941406,0.8945445418357849,0.1309823840856552,0.8792442083358765,0.43207067251205444,0.9330533742904663,-0.051280803978443146,0.9826858639717102,0.5801535248756409,0.897430419921875,0.13687439262866974,0.8744587302207947
kick_ac_3 - Trim,58,1935,good,0.45582157373428345,0.041869137436151505,0.04717784374952316,0.999891459941864,0.46232861280441284,0.017004167661070824,0.008229215629398823,0.9999558329582214,0.46387556195259094,0.01652505435049534,0.008188595063984394,0.9999651908874512,0.46557915210723877,0.01596701890230179,0.008143734186887741,0.9999630451202393,0.4632517695426941,0.01583191752433777,0.04650658741593361,0.9999101758003235,0.46564599871635437,0.01432678010314703,0.046544551849365234,0.9998973608016968,0.46830272674560547,0.012478292919695377,0.04656876251101494,0.9998964667320251,0.48239341378211975,0.022994156926870346,-0.10245112329721451,0.9999682307243347,0.48626217246055603,0.01857111230492592,0.06659738719463348,0.9998635649681091,0.4607459008693695,0.06117204576730728,0.015282949432730675,0.999835193157196,0.4618767201900482,0.061678096652030945,0.06374140083789825,0.9997490644454956,0.47413456439971924,0.13378044962882996,-0.20226289331912994,0.9999402165412903,0.5381027460098267,0.12717799842357635,0.169474795460701,0.999363124370575,0.39682647585868835,0.23820804059505463,-0.13899625837802887,0.9716652035713196,0.4844905734062195,0.2409466803073883,0.254568874835968,0.1496639996767044,0.4160824418067932,0.13264361023902893,0.13671638071537018,0.8854480981826782,0.43575626611709595,0.15278784930706024,0.29278135299682617,0.14024507999420166,0.41679009795188904,0.10509598255157471,0.1480873078107834,0.8440707325935364,0.43337351083755493,0.12800998985767365,0.31395718455314636,0.14997966587543488,0.43374618887901306,0.09947849810123444,0.15140141546726227,0.8435774445533752,0.4387451112270355,0.11993463337421417,0.30592843890190125,0.14569400250911713,0.4352283179759979,0.11162623018026352,0.14763805270195007,0.806255042552948,0.439992755651474,0.12730419635772705,0.2894432842731476,0.14076346158981323,0.4736773371696472,0.44625455141067505,-0.11681030690670013,0.9997982978820801,0.5215197801589966,0.44362497329711914,0.11674556881189346,0.9994895458221436,0.45501837134361267,0.6619352102279663,-0.023851804435253143,0.9690824747085571,0.5427657961845398,0.656635582447052,0.1389666497707367,0.822216272354126,0.4650544226169586,0.9084666967391968,-0.016077451407909393,0.989706814289093,0.6020233631134033,0.8597822189331055,0.05779199302196503,0.8713930249214172,0.47958171367645264,0.9524504542350769,-0.015253567136824131,0.9768164157867432,0.6178292036056519,0.9008593559265137,0.05044425278902054,0.8880153298377991,0.43263962864875793,0.932766854763031,-0.034704480320215225,0.9816072583198547,0.5780651569366455,0.9280532598495483,0.0426335334777832,0.8807477355003357
kick_ac_3 - Trim,59,1968,good,0.45996347069740295,0.04230647161602974,0.08179318904876709,0.9998936653137207,0.46525585651397705,0.017543790861964226,0.041175853461027145,0.9999544620513916,0.466091513633728,0.01704539731144905,0.041142843663692474,0.9999634027481079,0.4670472741127014,0.016456570476293564,0.041106924414634705,0.9999609589576721,0.46767914295196533,0.016405155882239342,0.07675494253635406,0.9999104738235474,0.47041505575180054,0.014912852086126804,0.07679316401481628,0.9998975992202759,0.47339046001434326,0.013072348199784756,0.07677169144153595,0.9998972415924072,0.48251643776893616,0.02339908480644226,-0.07858789712190628,0.9999633431434631,0.4894871115684509,0.019001269713044167,0.07760347425937653,0.9998628497123718,0.46386295557022095,0.061469778418540955,0.04675937443971634,0.9998143911361694,0.46650031208992004,0.06182866916060448,0.09146693348884583,0.9997460246086121,0.47086212038993835,0.13421517610549927,-0.18041525781154633,0.9999323487281799,0.5433623790740967,0.1263001263141632,0.1676579862833023,0.9994041919708252,0.39750033617019653,0.23934747278690338,-0.13018423318862915,0.9683473110198975,0.4955092668533325,0.23412440717220306,0.2600512206554413,0.14177656173706055,0.4168129563331604,0.13678520917892456,0.12034909427165985,0.8787482976913452,0.4431988596916199,0.15204346179962158,0.32706567645072937,0.13390792906284332,0.4175626039505005,0.11298985034227371,0.13258831202983856,0.8379051685333252,0.4372451603412628,0.1260705441236496,0.3532800078392029,0.14509618282318115,0.43401822447776794,0.10407405346632004,0.13233214616775513,0.8377558588981628,0.4387999176979065,0.12021484225988388,0.34391745924949646,0.1413884162902832,0.43542352318763733,0.1156933605670929,0.13025274872779846,0.8000028133392334,0.4415578544139862,0.12741565704345703,0.3243713080883026,0.1375160813331604,0.4747229516506195,0.4463309943675995,-0.10688012093305588,0.9997940063476562,0.5324041843414307,0.4434540569782257,0.10670355707406998,0.9995239973068237,0.45742443203926086,0.6623877286911011,-0.020862698554992676,0.9708212018013,0.5615739822387695,0.6529552936553955,0.1353178322315216,0.8345358967781067,0.4647461175918579,0.907814085483551,-0.023859499022364616,0.9899441599845886,0.6136593222618103,0.8707170486450195,0.06689152121543884,0.8817890286445618,0.47666099667549133,0.9513026475906372,-0.02269543521106243,0.9780433773994446,0.6238837838172913,0.9112336039543152,0.06136040389537811,0.8957201242446899,0.4332529902458191,0.925399899482727,-0.031941238790750504,0.9790555834770203,0.6014929413795471,0.9044485688209534,0.05564752593636513,0.8829696178436279
kick_ac_3 - Trim,60,2002,good,0.46347033977508545,0.042411670088768005,0.0883936807513237,0.9998952746391296,0.46817436814308167,0.017818758264183998,0.047240860760211945,0.9999536871910095,0.46873900294303894,0.01740076020359993,0.04720769822597504,0.9999622106552124,0.469337522983551,0.01692604459822178,0.04717060178518295,0.9999597072601318,0.4707378149032593,0.01656552404165268,0.08383321762084961,0.9999117851257324,0.47331055998802185,0.015022242441773415,0.08387314528226852,0.99989914894104,0.47605350613594055,0.013152522966265678,0.08385045826435089,0.9998994469642639,0.4831622242927551,0.023648759350180626,-0.0742042064666748,0.9999597072601318,0.49252238869667053,0.01917055994272232,0.08574123680591583,0.999863862991333,0.46694597601890564,0.06183779612183571,0.052740421146154404,0.9997941851615906,0.46988341212272644,0.06214643269777298,0.09885063022375107,0.9997403621673584,0.4731086790561676,0.13451345264911652,-0.1773357391357422,0.9999250769615173,0.5480895638465881,0.12647606432437897,0.17030569911003113,0.9994338750839233,0.39780932664871216,0.24102963507175446,-0.12881584465503693,0.9656426310539246,0.500616729259491,0.23446325957775116,0.2690970301628113,0.13289058208465576,0.4171549677848816,0.14058689773082733,0.11434253305196762,0.8705124855041504,0.4450782537460327,0.15426482260227203,0.33256208896636963,0.1255631148815155,0.4176304042339325,0.11570596694946289,0.1257530301809311,0.8300419449806213,0.4392184615135193,0.13341283798217773,0.35880768299102783,0.1374732404947281,0.4342621862888336,0.1094793751835823,0.1256003975868225,0.8301262259483337,0.4388367831707001,0.1291986107826233,0.34964996576309204,0.13420327007770538,0.43567734956741333,0.12066740542650223,0.12408557534217834,0.7919290065765381,0.44312331080436707,0.13238881528377533,0.329858660697937,0.13118474185466766,0.4791949391365051,0.4462384283542633,-0.10641530901193619,0.9997931122779846,0.541628897190094,0.443188339471817,0.10623881965875626,0.9995540976524353,0.46098604798316956,0.6629860401153564,-0.01970130018889904,0.9714823961257935,0.5718508958816528,0.6546291708946228,0.13766303658485413,0.8401252627372742,0.46545925736427307,0.9073001742362976,-0.03160233423113823,0.9897880554199219,0.6195126175880432,0.8762014508247375,0.05804058164358139,0.8894807696342468,0.47707992792129517,0.9517970085144043,-0.031428322196006775,0.9787416458129883,0.628357470035553,0.9147224426269531,0.0508926622569561,0.9014395475387573,0.4332708418369293,0.9234952330589294,-0.04091755673289299,0.9759476780891418,0.6042516827583313,0.8978307247161865,0.04452629014849663,0.8820226192474365
kick_ac_3 - Trim,61,2035,good,0.4659186899662018,0.04293615370988846,0.09973715245723724,0.9998998045921326,0.47026392817497253,0.01904887519776821,0.05903476104140282,0.9999542832374573,0.4707745611667633,0.01875116676092148,0.05900297313928604,0.9999625086784363,0.4712795317173004,0.018421653658151627,0.05896515026688576,0.9999600052833557,0.47284433245658875,0.017706112936139107,0.0958537682890892,0.9999150633811951,0.4753398895263672,0.01618804782629013,0.09590504318475723,0.99990314245224,0.47804203629493713,0.014326496049761772,0.09586585313081741,0.9999037981033325,0.48441293835639954,0.024677950888872147,-0.060415033251047134,0.9999586939811707,0.49483540654182434,0.019924737513065338,0.10057206451892853,0.9998679161071777,0.46964994072914124,0.061894528567790985,0.06453690677881241,0.999784529209137,0.47263002395629883,0.06225248798727989,0.11091756820678711,0.9997411370277405,0.47538137435913086,0.13521535694599152,-0.16294953227043152,0.9999182224273682,0.5525559186935425,0.12795180082321167,0.18227607011795044,0.9994614124298096,0.4039914906024933,0.24385111033916473,-0.12068602442741394,0.9633661508560181,0.5011780261993408,0.23750698566436768,0.26846998929977417,0.12573593854904175,0.4221336245536804,0.1436893790960312,0.11249963194131851,0.8660737872123718,0.4480033218860626,0.15700897574424744,0.3163643479347229,0.11978187412023544,0.4219523072242737,0.11819951981306076,0.12235666066408157,0.8257396817207336,0.4423501789569855,0.13826048374176025,0.34057193994522095,0.1321955770254135,0.43614646792411804,0.1128067895770073,0.1238662526011467,0.8255667090415955,0.4408431053161621,0.13097818195819855,0.33166468143463135,0.12912987172603607,0.43924394249916077,0.12403061240911484,0.12249806523323059,0.7871406078338623,0.44635677337646484,0.13667792081832886,0.3134117126464844,0.12687169015407562,0.4885925054550171,0.4463299512863159,-0.10242022573947906,0.9997754096984863,0.5526564717292786,0.44298768043518066,0.10231530666351318,0.9995721578598022,0.4626149535179138,0.663061261177063,-0.04195886850357056,0.9723170399665833,0.5801811814308167,0.6594527363777161,0.11815082281827927,0.845912516117096,0.46733033657073975,0.9089721441268921,-0.02363608032464981,0.9887363314628601,0.620515763759613,0.889674186706543,0.05944663658738136,0.8943284153938293,0.4783562421798706,0.9548763632774353,-0.020119406282901764,0.9780474305152893,0.6295346021652222,0.9348281025886536,0.05425576493144035,0.9050682783126831,0.43274638056755066,0.9242163300514221,-0.02140969969332218,0.9689275622367859,0.6051923632621765,0.9046538472175598,0.04767981916666031,0.8730725646018982
kick_ac_3 - Trim,62,2068,good,0.4684000015258789,0.04514050856232643,0.11276401579380035,0.9999011754989624,0.4724845886230469,0.021422505378723145,0.0724816843867302,0.9999533295631409,0.4731418192386627,0.02120831236243248,0.07245033234357834,0.9999613761901855,0.47383949160575867,0.02096327766776085,0.07240838557481766,0.9999592304229736,0.47468751668930054,0.019921520724892616,0.11052223294973373,0.9999162554740906,0.4769826829433441,0.018401162698864937,0.11057385057210922,0.9999046921730042,0.4795722961425781,0.016480982303619385,0.11052700877189636,0.9999063014984131,0.4876033067703247,0.02686658874154091,-0.04575424641370773,0.9999562501907349,0.4969072639942169,0.021732565015554428,0.1204102411866188,0.9998688697814941,0.47275516390800476,0.06404808908700943,0.07764119654893875,0.9997645616531372,0.475479394197464,0.06451769918203354,0.12549826502799988,0.9997308850288391,0.4774249196052551,0.1398676484823227,-0.14773638546466827,0.999908447265625,0.5586841106414795,0.1322493553161621,0.20585021376609802,0.9994762539863586,0.4128611385822296,0.24865813553333282,-0.10149016231298447,0.9604901671409607,0.5048823952674866,0.24242816865444183,0.2951428294181824,0.11845317482948303,0.4247525632381439,0.15229195356369019,0.1333812028169632,0.8605429530143738,0.4515269994735718,0.1623023897409439,0.3406851887702942,0.11471030116081238,0.42397186160087585,0.12577342987060547,0.13978055119514465,0.820439875125885,0.44564107060432434,0.14549966156482697,0.3645263612270355,0.12801040709018707,0.4370774030685425,0.12079264223575592,0.14594048261642456,0.8197647333145142,0.4435027539730072,0.1361342817544937,0.3540249764919281,0.1250523030757904,0.44001659750938416,0.13225509226322174,0.14429634809494019,0.7812602519989014,0.44714462757110596,0.14419005811214447,0.3370983302593231,0.1234850361943245,0.49666038155555725,0.44635868072509766,-0.1023966372013092,0.9997567534446716,0.5591471195220947,0.44368526339530945,0.10233436524868011,0.9995800852775574,0.46714675426483154,0.6632302403450012,-0.05078011751174927,0.9722049236297607,0.5819265842437744,0.6615254878997803,0.11773648113012314,0.8455808758735657,0.4670546352863312,0.911048173904419,-0.03889067471027374,0.986653745174408,0.620173990726471,0.89300137758255,0.07320856302976608,0.8939179182052612,0.4783271253108978,0.9574506878852844,-0.03638961538672447,0.9763354063034058,0.6263099312782288,0.9380108118057251,0.06919097155332565,0.904328465461731,0.4270121455192566,0.9250110387802124,-0.044462237507104874,0.9599220156669617,0.6021628975868225,0.9034122228622437,0.06223832443356514,0.857017993927002
kick_ac_3 - Trim,63,2102,good,0.4716438055038452,0.04749717190861702,0.1007908508181572,0.999902606010437,0.4756680727005005,0.024105360731482506,0.06003890559077263,0.9999523758888245,0.47631195187568665,0.024008741602301598,0.06001075729727745,0.9999604225158691,0.4770059287548065,0.023887386545538902,0.05997544527053833,0.9999580383300781,0.4780002534389496,0.022564278915524483,0.09832813590765,0.9999172687530518,0.4803590476512909,0.021179981529712677,0.09837374836206436,0.9999065399169922,0.4830154478549957,0.01942092552781105,0.09833153337240219,0.9999082088470459,0.49103423953056335,0.030322642996907234,-0.05928845703601837,0.9999539852142334,0.500535249710083,0.02493179962038994,0.108185313642025,0.9998707175254822,0.4761889576911926,0.066489577293396,0.06494572013616562,0.9997490048408508,0.4790548086166382,0.06700392067432404,0.11310195922851562,0.9997250437736511,0.4816361367702484,0.14430196583271027,-0.1625184267759323,0.9999016523361206,0.5634991526603699,0.13385331630706787,0.1970842480659485,0.9995027780532837,0.420522540807724,0.257682740688324,-0.11804282665252686,0.9587286114692688,0.5091507434844971,0.25056710839271545,0.2751834988594055,0.11178772896528244,0.4264334440231323,0.15851151943206787,0.13016529381275177,0.8587037324905396,0.45554593205451965,0.17448540031909943,0.31225255131721497,0.10952980071306229,0.424739807844162,0.1308554857969284,0.13053426146507263,0.8194237351417542,0.4466240108013153,0.1513228863477707,0.3366442024707794,0.1234668493270874,0.4386002719402313,0.12541192770004272,0.1389952450990677,0.8184690475463867,0.4481533169746399,0.14449602365493774,0.32736364006996155,0.12056665867567062,0.44294846057891846,0.13638293743133545,0.14031283557415009,0.7796449661254883,0.4507511258125305,0.14953191578388214,0.30891937017440796,0.11948642879724503,0.5067139863967896,0.45100846886634827,-0.1029810979962349,0.9997520446777344,0.5668869018554688,0.4485652446746826,0.1029067113995552,0.9995970129966736,0.4680699408054352,0.6663859486579895,-0.04854124039411545,0.9734334945678711,0.5793870687484741,0.677013635635376,0.12403354793787003,0.8482653498649597,0.4668315052986145,0.9127542972564697,-0.0452495776116848,0.9859148263931274,0.6232596039772034,0.899463415145874,0.07376478612422943,0.8962101936340332,0.4787316918373108,0.9590370655059814,-0.043237242847681046,0.9765768051147461,0.624636709690094,0.9400022625923157,0.06765861064195633,0.9066667556762695,0.4262426197528839,0.926701009273529,-0.04589609056711197,0.9539304971694946,0.5947805643081665,0.9297934174537659,0.06243501231074333,0.843890905380249
kick_ac_3 - Trim,64,2135,good,0.4748772382736206,0.05511061102151871,0.08516398817300797,0.9999045133590698,0.4791010916233063,0.03131033107638359,0.0459277406334877,0.9999522566795349,0.47999104857444763,0.031073858961462975,0.04588444530963898,0.9999604821205139,0.48094987869262695,0.030775554478168488,0.045840222388505936,0.9999583959579468,0.48101598024368286,0.029876649379730225,0.08488713204860687,0.9999194145202637,0.483285516500473,0.028519917279481888,0.0849374532699585,0.9999094605445862,0.4858151078224182,0.02684648334980011,0.0849033072590828,0.9999116063117981,0.4959277808666229,0.03663671389222145,-0.06406883150339127,0.9999538064002991,0.5032808780670166,0.032045938074588776,0.10684164613485336,0.9998737573623657,0.4799003601074219,0.07414752244949341,0.05312188342213631,0.9997360110282898,0.48253220319747925,0.07477101683616638,0.10223907977342606,0.9997189044952393,0.49047917127609253,0.14785535633563995,-0.16258229315280914,0.9998974204063416,0.5657466053962708,0.14010554552078247,0.20883551239967346,0.999529242515564,0.4269307553768158,0.26264679431915283,-0.11562098562717438,0.9570798873901367,0.5086692571640015,0.2654584050178528,0.293401837348938,0.10569506883621216,0.4288148283958435,0.16507995128631592,0.1342662125825882,0.85854572057724,0.45909249782562256,0.17990411818027496,0.32044586539268494,0.10698755085468292,0.42663663625717163,0.137975811958313,0.14036734402179718,0.820554256439209,0.44791311025619507,0.15988567471504211,0.34239837527275085,0.12193045765161514,0.4402127265930176,0.13277295231819153,0.14739635586738586,0.819023609161377,0.4507625997066498,0.15484045445919037,0.33289846777915955,0.11896613240242004,0.4441421926021576,0.14010213315486908,0.14590051770210266,0.7796410322189331,0.45314228534698486,0.15850237011909485,0.31685730814933777,0.11796402186155319,0.5124215483665466,0.4563203752040863,-0.10287228971719742,0.9997440576553345,0.5718408823013306,0.4547986686229706,0.10283634811639786,0.9996159076690674,0.4683545231819153,0.6663747429847717,-0.054325949400663376,0.9749261140823364,0.5869262218475342,0.6721234321594238,0.10734705626964569,0.8559392690658569,0.46671584248542786,0.9131611585617065,-0.04329616576433182,0.9854727983474731,0.6267510652542114,0.9007399678230286,0.03665687143802643,0.9007293581962585,0.47868192195892334,0.9603741765022278,-0.04011150822043419,0.9765040874481201,0.6259183287620544,0.941437304019928,0.02960233949124813,0.9099297523498535,0.42755526304244995,0.92667555809021,-0.036533173173666,0.9502906799316406,0.595875084400177,0.9297135472297668,0.023433292284607887,0.8398839235305786
kick_ac_3 - Trim,65,2168,good,0.4770733416080475,0.06321845203638077,0.08185037225484848,0.9998999834060669,0.4811450242996216,0.038978349417448044,0.04219646006822586,0.9999480843544006,0.48210442066192627,0.03857922554016113,0.04215336963534355,0.9999569654464722,0.4831828474998474,0.03804526850581169,0.042106423527002335,0.9999547004699707,0.4829851984977722,0.03743993863463402,0.08089064061641693,0.9999158978462219,0.48527854681015015,0.03587529435753822,0.08094155788421631,0.999906063079834,0.4878237545490265,0.03398660197854042,0.08089736849069595,0.9999088644981384,0.49896371364593506,0.04316366836428642,-0.06938682496547699,0.999949038028717,0.5058804154396057,0.0381573811173439,0.10061971843242645,0.999869167804718,0.48243075609207153,0.08233556896448135,0.048964548856019974,0.9997003078460693,0.48499271273612976,0.08263369649648666,0.09772337228059769,0.9996948838233948,0.4961004853248596,0.15318381786346436,-0.16683825850486755,0.999886691570282,0.5711515545845032,0.14195482432842255,0.20021678507328033,0.9995396137237549,0.43305400013923645,0.26895877718925476,-0.1177709624171257,0.9546313285827637,0.5154134035110474,0.2651980221271515,0.27915915846824646,0.09930171817541122,0.43250924348831177,0.17112073302268982,0.1109619215130806,0.8571632504463196,0.4646673798561096,0.18238215148448944,0.3061586022377014,0.10307858139276505,0.4300641417503357,0.14591269195079803,0.11491377651691437,0.8202384114265442,0.45198556780815125,0.16311846673488617,0.32778990268707275,0.11891613155603409,0.443210631608963,0.1343231201171875,0.12451311200857162,0.818395733833313,0.455243319272995,0.15417876839637756,0.31750836968421936,0.11602766066789627,0.44657137989997864,0.14476674795150757,0.12332112342119217,0.7783660888671875,0.4573048949241638,0.16183383762836456,0.3021162152290344,0.11532958596944809,0.5165687799453735,0.4636310636997223,-0.10265268385410309,0.9997307062149048,0.5760419368743896,0.4596903324127197,0.10262343287467957,0.9996225237846375,0.4702439308166504,0.6699055433273315,-0.053835831582546234,0.9762099981307983,0.5918780565261841,0.6745175123214722,0.11501064151525497,0.859271228313446,0.46737444400787354,0.9177730083465576,-0.03883058950304985,0.9849992394447327,0.6296078562736511,0.9013093709945679,0.06549584120512009,0.9025447368621826,0.4795907735824585,0.9648693203926086,-0.03521077707409859,0.976711094379425,0.6334750652313232,0.9464304447174072,0.06049935892224312,0.910662055015564,0.4275384843349457,0.9302521347999573,-0.030069751664996147,0.9456836581230164,0.5969813466072083,0.9360411763191223,0.05431334301829338,0.8282102346420288
kick_ac_3 - Trim,66,2202,good,0.47953692078590393,0.06558672338724136,0.06529798358678818,0.9998956918716431,0.4834492802619934,0.04070957377552986,0.026928331702947617,0.9999436736106873,0.4844827353954315,0.04019739478826523,0.02686719410121441,0.9999532103538513,0.4856654703617096,0.03955977037549019,0.026807749643921852,0.999951183795929,0.4850512742996216,0.03917977586388588,0.0666365846991539,0.9999117851257324,0.48726075887680054,0.037507589906454086,0.06669851392507553,0.9999008178710938,0.48975998163223267,0.03549421951174736,0.06662295013666153,0.9999045729637146,0.5017603039741516,0.043650154024362564,-0.07288610190153122,0.9999446272850037,0.5079062581062317,0.03836392983794212,0.10023047775030136,0.9998600482940674,0.4852697551250458,0.08493868261575699,0.03746745362877846,0.9996680617332458,0.4873611330986023,0.08499553799629211,0.08731522411108017,0.9996728897094727,0.5029352307319641,0.15432831645011902,-0.16936087608337402,0.9998812675476074,0.5690378546714783,0.13885843753814697,0.1987953782081604,0.9995599389076233,0.4376767873764038,0.27388855814933777,-0.12440573424100876,0.9544221758842468,0.5131427645683289,0.2630937993526459,0.2769656181335449,0.09576328843832016,0.4368964731693268,0.17594338953495026,0.11205732077360153,0.8569795489311218,0.4641112983226776,0.18307195603847504,0.29506778717041016,0.10226389020681381,0.4341427683830261,0.15299704670906067,0.11639735847711563,0.8207752704620361,0.4540504813194275,0.16235782206058502,0.31488001346588135,0.11859778314828873,0.44692471623420715,0.13890837132930756,0.12445803731679916,0.818631649017334,0.45801350474357605,0.15447641909122467,0.30559030175209045,0.11584585905075073,0.450025349855423,0.14987103641033173,0.12386935204267502,0.7778003811836243,0.46047890186309814,0.16094376146793365,0.2910242974758148,0.11515088379383087,0.5222612619400024,0.4624190330505371,-0.10321451723575592,0.9997087121009827,0.5784297585487366,0.4581522047519684,0.10326945036649704,0.9996278882026672,0.47282466292381287,0.6696951389312744,-0.06102075055241585,0.9774413704872131,0.5965641736984253,0.6698461174964905,0.11425397545099258,0.8663806319236755,0.46836426854133606,0.9171777367591858,-0.02212509699165821,0.985019326210022,0.6318719387054443,0.8953640460968018,0.07703612744808197,0.9071723818778992,0.48156270384788513,0.9638661742210388,-0.015742123126983643,0.9769477248191833,0.6377446055412292,0.939223051071167,0.07314011454582214,0.9144936203956604,0.4282483756542206,0.9298449754714966,-0.010921790264546871,0.9434815645217896,0.6073530316352844,0.923141598701477,0.06812945008277893,0.8243064880371094
kick_ac_3 - Trim,67,2235,good,0.4823753237724304,0.06596017628908157,0.061713676899671555,0.999894917011261,0.4859551191329956,0.041692912578582764,0.02330014295876026,0.9999426603317261,0.4869401752948761,0.04130752012133598,0.023246195167303085,0.9999523162841797,0.4880508482456207,0.04080529138445854,0.023193830624222755,0.9999502897262573,0.4875955879688263,0.039938561618328094,0.06362789124250412,0.9999115467071533,0.48976001143455505,0.03825518861413002,0.0636901780962944,0.999900221824646,0.49218231439590454,0.03624139353632927,0.06361230462789536,0.9999040961265564,0.5041162967681885,0.04472868889570236,-0.07545018196105957,0.9999434351921082,0.5101829767227173,0.03899277374148369,0.09802238643169403,0.9998583793640137,0.4881320893764496,0.08546769618988037,0.034085385501384735,0.9996554255485535,0.4905031621456146,0.08533266931772232,0.08496920019388199,0.9996634721755981,0.5071253180503845,0.15540844202041626,-0.1696973592042923,0.9998777508735657,0.5739773511886597,0.13876932859420776,0.1972910314798355,0.9995625615119934,0.4443841874599457,0.27663689851760864,-0.1376141905784607,0.9547923803329468,0.5238308310508728,0.26216739416122437,0.28656700253486633,0.09095783531665802,0.4424777328968048,0.1753145307302475,0.09443521499633789,0.8580381870269775,0.47145986557006836,0.18191446363925934,0.3131799101829529,0.09937252849340439,0.438545823097229,0.15158677101135254,0.09806954860687256,0.8221060037612915,0.46083933115005493,0.161717489361763,0.33365708589553833,0.11637593805789948,0.4530723989009857,0.14019204676151276,0.10341452062129974,0.8198052048683167,0.4640063941478729,0.15329518914222717,0.32162511348724365,0.11385497450828552,0.45597609877586365,0.15078406035900116,0.1052614226937294,0.7786325216293335,0.46588334441185,0.16090954840183258,0.3082019090652466,0.1135125383734703,0.5243082046508789,0.46257108449935913,-0.10694937407970428,0.999701976776123,0.5790441036224365,0.4575904607772827,0.10705940425395966,0.9996281862258911,0.47563454508781433,0.6703066229820251,-0.0758422315120697,0.978645920753479,0.5943860411643982,0.6702761650085449,0.11631246656179428,0.8711766600608826,0.4682863652706146,0.9169204831123352,-0.029821399599313736,0.98540860414505,0.6265314817428589,0.8918817639350891,0.10492321103811264,0.911247968673706,0.4821508228778839,0.9636322855949402,-0.02526799589395523,0.9777309894561768,0.6379096508026123,0.938739538192749,0.10349894315004349,0.9177422523498535,0.4276098906993866,0.9322627782821655,-0.02754812128841877,0.9433202147483826,0.6049518585205078,0.9170237183570862,0.0963665172457695,0.822318971157074
kick_ac_3 - Trim,68,2268,good,0.48562929034233093,0.06712566316127777,0.03888640180230141,0.9998921751976013,0.48902207612991333,0.042941123247146606,0.0017427150160074234,0.9999396204948425,0.48998403549194336,0.04253942146897316,0.0016821209574118257,0.9999498724937439,0.49111583828926086,0.04200010746717453,0.0016286615282297134,0.9999478459358215,0.4905734658241272,0.041273437440395355,0.042333900928497314,0.9999086260795593,0.49270516633987427,0.039618171751499176,0.042393364012241364,0.999896764755249,0.49512025713920593,0.03762383013963699,0.042343564331531525,0.9999001026153564,0.50743168592453,0.04615296795964241,-0.09397567063570023,0.9999411702156067,0.513366162776947,0.04029708355665207,0.08345376700162888,0.9998511075973511,0.4916858673095703,0.08660239726305008,0.011801525019109249,0.9996405839920044,0.49384841322898865,0.0864705815911293,0.06303003430366516,0.999649703502655,0.510736882686615,0.15559811890125275,-0.1888357698917389,0.9998709559440613,0.5767151117324829,0.13866285979747772,0.19197717308998108,0.9995614886283875,0.4477892518043518,0.2763497531414032,-0.1587039828300476,0.9549987316131592,0.5246878266334534,0.2621256113052368,0.28353479504585266,0.08525028824806213,0.44552081823349,0.17468179762363434,0.07837085425853729,0.8554642796516418,0.4763718247413635,0.18717239797115326,0.2845775783061981,0.09361758083105087,0.44131794571876526,0.15046179294586182,0.07979524880647659,0.8199600577354431,0.4641578495502472,0.1647367924451828,0.3019966185092926,0.11048092693090439,0.4544648826122284,0.14141391217708588,0.08534561097621918,0.8175386190414429,0.46706220507621765,0.15877297520637512,0.28334033489227295,0.10822509229183197,0.45776283740997314,0.15001942217350006,0.08911003172397614,0.7753371596336365,0.469094455242157,0.1635490506887436,0.2755667269229889,0.10820794850587845,0.5266791582107544,0.46196287870407104,-0.10742025822401047,0.9996931552886963,0.5792226791381836,0.45688989758491516,0.10754667967557907,0.9996240139007568,0.480590283870697,0.6701425909996033,-0.0789630264043808,0.9798455834388733,0.5955966114997864,0.6681029200553894,0.13296347856521606,0.8778575658798218,0.46859344840049744,0.9168244004249573,-0.03288563713431358,0.9858078956604004,0.629014253616333,0.8897655010223389,0.13497920334339142,0.915932834148407,0.48265284299850464,0.9633115530014038,-0.029214056208729744,0.9787524938583374,0.6389241814613342,0.9363886117935181,0.1350322663784027,0.9221834540367126,0.42745935916900635,0.9321707487106323,-0.032100897282361984,0.9414483904838562,0.605233371257782,0.9152359366416931,0.1284518539905548,0.8189117312431335
kick_ac_3 - Trim,69,2302,good,0.4887121915817261,0.06775131076574326,0.03876374661922455,0.9998908042907715,0.49251893162727356,0.04374701529741287,0.0009249461581930518,0.9999382495880127,0.4935954213142395,0.043271176517009735,0.0008703302009962499,0.9999487400054932,0.49481916427612305,0.04265041649341583,0.0008209938532672822,0.9999464750289917,0.4938192367553711,0.04218107834458351,0.0413844957947731,0.9999077916145325,0.49592965841293335,0.04048297554254532,0.04143471270799637,0.9998958110809326,0.49835363030433655,0.03841495141386986,0.041386816650629044,0.9998987913131714,0.5116152763366699,0.04636990651488304,-0.09860345721244812,0.9999403357505798,0.5172488689422607,0.04057014733552933,0.07891461998224258,0.9998499751091003,0.49473655223846436,0.08723253756761551,0.010338729247450829,0.9996363520622253,0.4964078664779663,0.08711028844118118,0.061351075768470764,0.9996466040611267,0.5139793157577515,0.155299574136734,-0.1949159950017929,0.9998695254325867,0.5788480043411255,0.13860775530338287,0.18939417600631714,0.9995684623718262,0.45169228315353394,0.27555423974990845,-0.15835070610046387,0.9550987482070923,0.5283089280128479,0.261592298746109,0.275661438703537,0.08038447797298431,0.44951167702674866,0.17383548617362976,0.08269021660089493,0.8535812497138977,0.4797710180282593,0.1875145435333252,0.283100426197052,0.08871842920780182,0.4446905851364136,0.14964702725410461,0.08519258350133896,0.8187394142150879,0.4674763083457947,0.1646200269460678,0.30123084783554077,0.10572782158851624,0.4576707184314728,0.14084793627262115,0.09048860520124435,0.816286563873291,0.47050246596336365,0.1585444062948227,0.2849632501602173,0.10369381308555603,0.4613106846809387,0.14905844628810883,0.09346265345811844,0.7735737562179565,0.47266578674316406,0.16559870541095734,0.27565667033195496,0.10403981059789658,0.5280755162239075,0.4618532061576843,-0.10993468761444092,0.9996942281723022,0.5798547267913818,0.4562530219554901,0.11005089432001114,0.9996243715286255,0.4809184670448303,0.6726158261299133,-0.08587003499269485,0.9809861779212952,0.5954511165618896,0.6679499745368958,0.1440073847770691,0.8824719786643982,0.468892902135849,0.9189596772193909,-0.044946834444999695,0.9863417744636536,0.6282249093055725,0.8879695534706116,0.15453924238681793,0.9199857115745544,0.4837808907032013,0.9637713432312012,-0.04064358398318291,0.9798886179924011,0.6381064653396606,0.934258222579956,0.15573811531066895,0.9260557889938354,0.4274044632911682,0.9334642887115479,-0.044361185282468796,0.9413068890571594,0.6060912609100342,0.9124984741210938,0.15152715146541595,0.817232072353363
kick_ac_3 - Trim,70,2335,good,0.490873247385025,0.0683925598859787,0.024719953536987305,0.9998908638954163,0.49496859312057495,0.04493556544184685,-0.011319124139845371,0.9999380707740784,0.4961778223514557,0.044403254985809326,-0.011374332942068577,0.9999485015869141,0.49754074215888977,0.04372495785355568,-0.011433703824877739,0.9999463558197021,0.4959731996059418,0.04350782930850983,0.029096217826008797,0.9999086260795593,0.49799472093582153,0.04182984679937363,0.029145587235689163,0.9998962879180908,0.5004098415374756,0.03972651809453964,0.029107218608260155,0.9998993873596191,0.5149349570274353,0.04697374254465103,-0.1036427840590477,0.9999407529830933,0.5194668173789978,0.041636936366558075,0.07369666546583176,0.9998503923416138,0.49719974398612976,0.08781109005212784,-0.0010972394375130534,0.9996368288993835,0.498409628868103,0.0877622589468956,0.04992249235510826,0.9996472001075745,0.5192757844924927,0.1551482081413269,-0.19566205143928528,0.9998687505722046,0.5799370408058167,0.13895288109779358,0.1888856440782547,0.9995787739753723,0.45609748363494873,0.2766253650188446,-0.1560894101858139,0.9557283520698547,0.5264660716056824,0.2616584599018097,0.2737397253513336,0.07743649184703827,0.4509575664997101,0.1737494319677353,0.08627982437610626,0.8531447649002075,0.48023977875709534,0.18650510907173157,0.27285298705101013,0.0862678661942482,0.4452379047870636,0.14991146326065063,0.09029431641101837,0.8182145953178406,0.4688623547554016,0.16496974229812622,0.2875231206417084,0.10328405350446701,0.4593659043312073,0.14075018465518951,0.09544309228658676,0.8156254291534424,0.47212013602256775,0.15780703723430634,0.2737474739551544,0.10143973678350449,0.463044673204422,0.14968863129615784,0.09720546752214432,0.7722604870796204,0.4743345379829407,0.16459491848945618,0.2656889855861664,0.10183174908161163,0.5286596417427063,0.4616337716579437,-0.11109530180692673,0.9996926188468933,0.5793973803520203,0.4558824300765991,0.11122769862413406,0.9996230602264404,0.4827696979045868,0.6721749305725098,-0.09451062977313995,0.9813441038131714,0.593979001045227,0.6665717363357544,0.14630112051963806,0.8833217024803162,0.46885648369789124,0.91856449842453,-0.060757819563150406,0.9862871170043945,0.6285532116889954,0.8861858248710632,0.15392346680164337,0.9214699268341064,0.4833340346813202,0.9631825685501099,-0.05722203105688095,0.9804271459579468,0.637739360332489,0.9320166110992432,0.15450571477413177,0.9283045530319214,0.42616671323776245,0.9332655668258667,-0.06871945410966873,0.9401524066925049,0.6044963002204895,0.9117447733879089,0.1504666954278946,0.8125517964363098
kick_ac_3 - Trim,71,2369,good,0.4925714135169983,0.06813579797744751,0.022250253707170486,0.9998934268951416,0.49666106700897217,0.04486999660730362,-0.013445879332721233,0.9999395608901978,0.4978466331958771,0.04435461759567261,-0.013500004075467587,0.9999496340751648,0.49914833903312683,0.04369213432073593,-0.013562445528805256,0.9999475479125977,0.4976382255554199,0.043483275920152664,0.02679389715194702,0.9999114871025085,0.4996468126773834,0.041853778064250946,0.02684391662478447,0.99989914894104,0.5020027756690979,0.03979463130235672,0.026806574314832687,0.9999023079872131,0.5166218280792236,0.04711262881755829,-0.10415954142808914,0.9999426603317261,0.5209596157073975,0.04181395471096039,0.07216569036245346,0.9998549818992615,0.4986485242843628,0.08756377547979355,-0.0030647730454802513,0.9996441602706909,0.49978673458099365,0.08749884366989136,0.04762716591358185,0.9996554255485535,0.5203768610954285,0.15538819134235382,-0.19527342915534973,0.9998699426651001,0.5799723267555237,0.13891179859638214,0.18926279246807098,0.9995961785316467,0.4567824602127075,0.276950478553772,-0.15369264781475067,0.9561577439308167,0.5268495678901672,0.26202377676963806,0.27335986495018005,0.07518298923969269,0.453305184841156,0.17336004972457886,0.10329186171293259,0.8534823060035706,0.48124033212661743,0.18592815101146698,0.2810017466545105,0.08437590301036835,0.4477304220199585,0.14982950687408447,0.10796542465686798,0.8188338279724121,0.4703020751476288,0.16466285288333893,0.29730498790740967,0.10155844688415527,0.4622915983200073,0.14074043929576874,0.11052538454532623,0.8162033557891846,0.47391435503959656,0.15726858377456665,0.2854277789592743,0.09983035922050476,0.4655948579311371,0.1497384011745453,0.11368045955896378,0.7723255753517151,0.47641098499298096,0.16391168534755707,0.2751076817512512,0.10022717714309692,0.529626727104187,0.461362361907959,-0.11204779148101807,0.9996891617774963,0.5796985626220703,0.4555693566799164,0.11217840760946274,0.9996252059936523,0.48306408524513245,0.6719728112220764,-0.09442141652107239,0.9818753004074097,0.5937187075614929,0.6662763357162476,0.14572924375534058,0.8847746849060059,0.4686833918094635,0.9186838865280151,-0.05861436575651169,0.9861502051353455,0.6280060410499573,0.8866935968399048,0.14260660111904144,0.9226082563400269,0.4824039041996002,0.9630247950553894,-0.05545755475759506,0.9807876348495483,0.6355414986610413,0.9311277866363525,0.14224770665168762,0.9298920631408691,0.42639413475990295,0.9332634806632996,-0.06515610963106155,0.9383926391601562,0.6026504039764404,0.9102552533149719,0.13819558918476105,0.8058043718338013
kick_ac_3 - Trim,72,2402,good,0.4942256212234497,0.06797565519809723,0.027952395379543304,0.9998969435691833,0.49857038259506226,0.04492982476949692,-0.008743535727262497,0.9999415874481201,0.49975553154945374,0.04445464164018631,-0.008791695348918438,0.9999513626098633,0.501090407371521,0.043843042105436325,-0.008846555836498737,0.9999493956565857,0.4995495676994324,0.043539077043533325,0.031178852543234825,0.9999150037765503,0.5015357136726379,0.0419420525431633,0.03122449666261673,0.9999030232429504,0.5038542747497559,0.03993659466505051,0.031186331063508987,0.9999061226844788,0.5180972814559937,0.0473983995616436,-0.1003691628575325,0.999944806098938,0.5224319100379944,0.04214026406407356,0.07639138400554657,0.9998606443405151,0.5003103017807007,0.0873904898762703,0.0003215653414372355,0.9996511340141296,0.5014631748199463,0.08732491731643677,0.050611477345228195,0.9996627569198608,0.5227691531181335,0.15544086694717407,-0.1879437267780304,0.9998717904090881,0.5813102126121521,0.14011238515377045,0.19684746861457825,0.9996116161346436,0.4583904445171356,0.27862492203712463,-0.14071495831012726,0.9565068483352661,0.527238667011261,0.2630328834056854,0.28924885392189026,0.07336503267288208,0.4545108675956726,0.17408333718776703,0.11207881569862366,0.8543624877929688,0.48012346029281616,0.18537981808185577,0.3086080849170685,0.08475431054830551,0.44976139068603516,0.15063199400901794,0.11806003749370575,0.8201926946640015,0.4710778295993805,0.1646355241537094,0.3261266350746155,0.1025962382555008,0.46294453740119934,0.14130201935768127,0.11888229101896286,0.8174721002578735,0.47496655583381653,0.15702489018440247,0.31635722517967224,0.10087977349758148,0.46637895703315735,0.15049657225608826,0.12201661616563797,0.773261308670044,0.47743064165115356,0.1634068638086319,0.30404284596443176,0.10113338381052017,0.5297199487686157,0.46116432547569275,-0.11210355907678604,0.9996943473815918,0.5807477831840515,0.45530828833580017,0.11223197728395462,0.9996354579925537,0.4826018214225769,0.671917200088501,-0.09859897941350937,0.9823821187019348,0.5949307084083557,0.6663950681686401,0.14484980702400208,0.8860955834388733,0.46862372756004333,0.9192405939102173,-0.06530170142650604,0.9859647154808044,0.628355860710144,0.8894959092140198,0.13761064410209656,0.9235281348228455,0.4823548495769501,0.9628903865814209,-0.061538029462099075,0.9809695482254028,0.6370022296905518,0.9358596205711365,0.13685674965381622,0.9308440089225769,0.4258328080177307,0.9335253238677979,-0.06722341477870941,0.9372391700744629,0.6038581132888794,0.9095200300216675,0.1328091025352478,0.8012397289276123
kick_ac_3 - Trim,73,2435,good,0.4958020746707916,0.06778976321220398,0.013095133937895298,0.9998971819877625,0.5003346800804138,0.04475286602973938,-0.022143376991152763,0.9999412894248962,0.5017133355140686,0.04426700621843338,-0.02219606563448906,0.999951183795929,0.5032185316085815,0.043646588921546936,-0.02225569263100624,0.999949038028717,0.5008336901664734,0.04339044913649559,0.0181660708039999,0.9999151825904846,0.5026966333389282,0.04179989546537399,0.018219031393527985,0.9999030828475952,0.5048791170120239,0.039799634367227554,0.018189936876296997,0.9999061226844788,0.5208384990692139,0.047286681830883026,-0.10911975055932999,0.9999452233314514,0.5241326689720154,0.04201752692461014,0.06802394986152649,0.999860405921936,0.5018091201782227,0.0872112438082695,-0.011330310255289078,0.9996515512466431,0.5023833513259888,0.08717094361782074,0.03950449079275131,0.9996623396873474,0.5257907509803772,0.15540187060832977,-0.1930292695760727,0.9998700618743896,0.5799063444137573,0.1402844935655594,0.19201818108558655,0.9996191263198853,0.46206316351890564,0.27988728880882263,-0.14280062913894653,0.9560461044311523,0.5285975337028503,0.26742008328437805,0.27694520354270935,0.0709165558218956,0.4571714699268341,0.1741911768913269,0.11100300401449203,0.8545467257499695,0.4833063781261444,0.18500873446464539,0.2811894118785858,0.08341708034276962,0.4527747929096222,0.15278290212154388,0.1160147562623024,0.8205950260162354,0.47274312376976013,0.16462653875350952,0.29561740159988403,0.10148146748542786,0.4653722643852234,0.14130137860774994,0.11690118908882141,0.8177541494369507,0.47671568393707275,0.15685944259166718,0.28458988666534424,0.09985948354005814,0.46882364153862,0.1504555642604828,0.12091115862131119,0.7729774117469788,0.4795359969139099,0.16304349899291992,0.27547407150268555,0.10002224892377853,0.5298934578895569,0.46101298928260803,-0.11223641782999039,0.9996801018714905,0.5803678631782532,0.4551033675670624,0.11236026138067245,0.9996271729469299,0.48293226957321167,0.6715155839920044,-0.0953081026673317,0.9824241399765015,0.594362199306488,0.6675845384597778,0.1425330489873886,0.8862840533256531,0.4681742489337921,0.9190433025360107,-0.05406980589032173,0.9856759905815125,0.6285650730133057,0.8906430006027222,0.13570235669612885,0.9245290756225586,0.4816899001598358,0.9622083902359009,-0.04929133877158165,0.9810197353363037,0.6392619609832764,0.9402307271957397,0.13498903810977936,0.9323437809944153,0.4266868829727173,0.9331331849098206,-0.05767210200428963,0.9350143074989319,0.6054211258888245,0.9092305302619934,0.13021747767925262,0.7963466644287109
kick_ac_3 - Trim,74,2469,good,0.4967774450778961,0.06762979924678802,-0.005674423649907112,0.9998970627784729,0.5014855861663818,0.04470358416438103,-0.03980180248618126,0.9999411106109619,0.502978503704071,0.04418668523430824,-0.03986314311623573,0.9999513626098633,0.5045852065086365,0.04352438449859619,-0.03993004187941551,0.9999489188194275,0.501542866230011,0.043300777673721313,0.0005760857602581382,0.9999151825904846,0.503227174282074,0.04168448969721794,0.0006331776967272162,0.9999033212661743,0.5052379369735718,0.03966750577092171,0.0006147782551124692,0.9999057650566101,0.5219435095787048,0.046768780797719955,-0.12033290416002274,0.9999462366104126,0.5244643092155457,0.04185012727975845,0.05694131553173065,0.9998604655265808,0.5027888417243958,0.08696454018354416,-0.027245068922638893,0.9996533393859863,0.5028663873672485,0.0868310034275055,0.02371358498930931,0.9996609687805176,0.5281234979629517,0.15526778995990753,-0.19802501797676086,0.9998701214790344,0.5789073705673218,0.13975170254707336,0.18708308041095734,0.9996252655982971,0.4651558995246887,0.2817925810813904,-0.14335432648658752,0.9551907777786255,0.5293809175491333,0.2731778621673584,0.27118268609046936,0.06800340861082077,0.45909154415130615,0.1742936372756958,0.10969182103872299,0.8543146848678589,0.48553523421287537,0.18479667603969574,0.2727552056312561,0.08152323961257935,0.4531366527080536,0.1545199453830719,0.11484143882989883,0.8208060264587402,0.47474828362464905,0.16444866359233856,0.28730282187461853,0.09991035610437393,0.46686458587646484,0.14131589233875275,0.11626923829317093,0.8178497552871704,0.4788012206554413,0.1565832793712616,0.27611151337623596,0.09836103767156601,0.4703618586063385,0.15048165619373322,0.11971716582775116,0.7722579836845398,0.48141029477119446,0.16313965618610382,0.26703327894210815,0.0983252301812172,0.5298420190811157,0.4608931839466095,-0.11242296546697617,0.999667763710022,0.5800355672836304,0.45493757724761963,0.11254050582647324,0.9996189475059509,0.48299914598464966,0.6708056926727295,-0.09359943121671677,0.9828512072563171,0.5933287143707275,0.6677812933921814,0.1389072835445404,0.8882521390914917,0.4683445692062378,0.9188902378082275,-0.04483282193541527,0.9856734275817871,0.629520833492279,0.8947075605392456,0.1341354250907898,0.9262315630912781,0.4822276830673218,0.9621052145957947,-0.03937234356999397,0.9813542366027832,0.6388094425201416,0.9413924813270569,0.1333172619342804,0.9344351887702942,0.4271383583545685,0.932754635810852,-0.04712269827723503,0.9334844946861267,0.6054632663726807,0.9089683294296265,0.1295052319765091,0.7928122878074646
kick_ac_3 - Trim,75,2502,good,0.49729123711586,0.06721963733434677,-0.005592542700469494,0.9998948574066162,0.5022528767585754,0.04434230923652649,-0.03999519348144531,0.9999391436576843,0.5038143992424011,0.043762437999248505,-0.04005526751279831,0.9999502897262573,0.505531907081604,0.04299937188625336,-0.040121886879205704,0.9999473094940186,0.5021293759346008,0.04301723465323448,0.00031877102446742356,0.999913215637207,0.5037171840667725,0.0413907915353775,0.0003721109533216804,0.999902069568634,0.5056868195533752,0.039317239075899124,0.0003531611291691661,0.9999039769172668,0.5232468247413635,0.04595034196972847,-0.12189185619354248,0.9999457597732544,0.5254116654396057,0.04138822853565216,0.05491635575890541,0.9998577237129211,0.5036841630935669,0.08634674549102783,-0.027568452060222626,0.9996443390846252,0.5035092234611511,0.0861506536602974,0.023226499557495117,0.9996494650840759,0.5300043225288391,0.15533840656280518,-0.198263019323349,0.9998651146888733,0.5783105492591858,0.14019940793514252,0.18226410448551178,0.9996276497840881,0.46668824553489685,0.28680282831192017,-0.14169912040233612,0.9534271359443665,0.5283841490745544,0.2753516733646393,0.26256129145622253,0.06587719917297363,0.4591129720211029,0.1745671033859253,0.11430858820676804,0.8535655736923218,0.4841649830341339,0.18448209762573242,0.26557227969169617,0.08154187351465225,0.45341816544532776,0.15434521436691284,0.1213342472910881,0.8207941055297852,0.4739174246788025,0.16430822014808655,0.2795988917350769,0.1005718857049942,0.4668629467487335,0.14114798605442047,0.12355749309062958,0.8176717162132263,0.47850868105888367,0.15641170740127563,0.2704879641532898,0.09903819859027863,0.470751017332077,0.15041418373584747,0.12504996359348297,0.7716346979141235,0.4813903570175171,0.16264738142490387,0.26087334752082825,0.0985301285982132,0.5299670696258545,0.46119314432144165,-0.11233354359865189,0.9996551275253296,0.5795406103134155,0.4551272392272949,0.11244607716798782,0.9996104836463928,0.48301082849502563,0.6708716750144958,-0.09309974312782288,0.9833787083625793,0.593840479850769,0.6694291830062866,0.13883629441261292,0.8896293640136719,0.46954455971717834,0.9187739491462708,-0.04539627954363823,0.9856091737747192,0.6293821930885315,0.895298421382904,0.13983529806137085,0.9271622896194458,0.48320138454437256,0.9621996879577637,-0.040207911282777786,0.9817119240760803,0.6397238969802856,0.9427748322486877,0.13960574567317963,0.9356223940849304,0.4276830554008484,0.9335565567016602,-0.047561418265104294,0.9312557578086853,0.6049497723579407,0.9087280035018921,0.1353158801794052,0.788036048412323
kick_ac_3 - Trim,76,2535,good,0.49783897399902344,0.06715767830610275,-0.013465987518429756,0.9998918771743774,0.5028600096702576,0.044201288372278214,-0.04700411483645439,0.9999373555183411,0.5044922232627869,0.04362822696566582,-0.04706612974405289,0.999949038028717,0.5062426328659058,0.04288240522146225,-0.04713482782244682,0.9999457597732544,0.5025310516357422,0.04288685321807861,-0.00667619751766324,0.9999110698699951,0.5040781497955322,0.04127419739961624,-0.006625095382332802,0.9998999238014221,0.5059831142425537,0.03921240568161011,-0.006640528794378042,0.999901533126831,0.5236366987228394,0.04572348669171333,-0.12499218434095383,0.9999450445175171,0.5256828665733337,0.041296351701021194,0.05201138183474541,0.999854326248169,0.5040652751922607,0.08609595894813538,-0.03387531265616417,0.9996383786201477,0.5036856532096863,0.08582734316587448,0.017033854499459267,0.9996402263641357,0.5303391814231873,0.15551124513149261,-0.19895511865615845,0.9998626112937927,0.5778873562812805,0.14041081070899963,0.18194912374019623,0.9996293783187866,0.4689593017101288,0.2880089581012726,-0.14329658448696136,0.9513562321662903,0.5276164412498474,0.27696692943573,0.2607978880405426,0.06379418820142746,0.4601846933364868,0.17599287629127502,0.1025017499923706,0.8535310626029968,0.48314908146858215,0.18426424264907837,0.25294315814971924,0.08250243961811066,0.45360156893730164,0.15625417232513428,0.10746845602989197,0.8214840888977051,0.47305095195770264,0.16428999602794647,0.26488831639289856,0.10256054252386093,0.4664444923400879,0.14383181929588318,0.10955958813428879,0.8182829022407532,0.47762492299079895,0.15633031725883484,0.2538623511791229,0.10111473500728607,0.4716431498527527,0.15139541029930115,0.11291620135307312,0.7714726328849792,0.4804392457008362,0.16247767210006714,0.2470378279685974,0.10001503676176071,0.5294314026832581,0.46149972081184387,-0.1129884198307991,0.9996453523635864,0.5791460871696472,0.4551432728767395,0.11308906227350235,0.9996018409729004,0.4828656017780304,0.6709187626838684,-0.09587053209543228,0.9835312366485596,0.5934991240501404,0.6699888110160828,0.13865695893764496,0.8895244598388672,0.4694935977458954,0.9187065362930298,-0.04745801165699959,0.985595166683197,0.630311131477356,0.8974015116691589,0.14045833051204681,0.9277754426002502,0.4832128584384918,0.9621496200561523,-0.04231767728924751,0.9821918606758118,0.6404810547828674,0.9445878267288208,0.1402798593044281,0.937068521976471,0.428585946559906,0.9331032633781433,-0.05474415048956871,0.9303457140922546,0.6048758029937744,0.9074553847312927,0.13440147042274475,0.7850809693336487
kick_ac_3 - Trim,77,2569,good,0.49729591608047485,0.0665278211236,-0.031842172145843506,0.9998900294303894,0.5023775696754456,0.043472785502672195,-0.06404275447130203,0.9999364614486694,0.5040083527565002,0.04285268113017082,-0.06410454958677292,0.9999484419822693,0.5057436227798462,0.042035967111587524,-0.06417003273963928,0.9999449849128723,0.5020977258682251,0.04211469739675522,-0.023404842242598534,0.9999096989631653,0.5036775469779968,0.04045911878347397,-0.023354018107056618,0.9998984932899475,0.505602240562439,0.03837398812174797,-0.023357272148132324,0.9998998641967773,0.5231314301490784,0.04401364549994469,-0.13548709452152252,0.9999452233314514,0.5252118706703186,0.03988241031765938,0.042624279856681824,0.9998510479927063,0.5033632516860962,0.08512812107801437,-0.050202593207359314,0.9996387958526611,0.5030683279037476,0.08463021367788315,0.0010672756470739841,0.9996356964111328,0.5296837687492371,0.15549501776695251,-0.20487850904464722,0.9998599886894226,0.5772563219070435,0.1403273195028305,0.1797015219926834,0.9996256828308105,0.4684472978115082,0.2873586118221283,-0.14483758807182312,0.9498372673988342,0.5270847678184509,0.2797658145427704,0.25517386198043823,0.06100928783416748,0.45945852994918823,0.17630437016487122,0.10251258313655853,0.8527112007141113,0.4824860692024231,0.1842096894979477,0.24033622443675995,0.08072450011968613,0.4531222879886627,0.1575748324394226,0.10754524916410446,0.8210417032241821,0.47353309392929077,0.16442666947841644,0.2518780827522278,0.10132455080747604,0.4658358693122864,0.14423929154872894,0.10974999517202377,0.8177682161331177,0.4770236611366272,0.15665115416049957,0.24122335016727448,0.09993407875299454,0.4710165858268738,0.1518859714269638,0.11296654492616653,0.7702720165252686,0.4808807075023651,0.1623581200838089,0.23439331352710724,0.09855002164840698,0.5291389226913452,0.4615713059902191,-0.11385169625282288,0.9996296167373657,0.5788124799728394,0.4550842046737671,0.11394600570201874,0.9995875954627991,0.4826873540878296,0.6708829402923584,-0.09592113643884659,0.9832012057304382,0.5929853320121765,0.6706283092498779,0.13669732213020325,0.886277973651886,0.46948564052581787,0.9186404347419739,-0.042640089988708496,0.9852834343910217,0.6303492188453674,0.8969563245773315,0.13928325474262238,0.9268785119056702,0.48347359895706177,0.9621144533157349,-0.03706186264753342,0.9823067784309387,0.6399013996124268,0.943579912185669,0.1389506757259369,0.9374935626983643,0.42857399582862854,0.9328485727310181,-0.05103350803256035,0.9288123846054077,0.6044338941574097,0.9072411060333252,0.13318604230880737,0.7800875306129456
kick_ac_3 - Trim,78,2602,good,0.49745073914527893,0.0664956271648407,-0.019929490983486176,0.9998835921287537,0.5024753212928772,0.043390776962041855,-0.0534534826874733,0.999931812286377,0.5040736794471741,0.04277223348617554,-0.053512074053287506,0.9999450445175171,0.5058451890945435,0.04195951297879219,-0.053575508296489716,0.9999411106109619,0.5023291110992432,0.04203825443983078,-0.013021769933402538,0.9999038577079773,0.5039277672767639,0.040386978536844254,-0.01297144778072834,0.9998927116394043,0.5059350728988647,0.03830794617533684,-0.012988356873393059,0.9998939037322998,0.5232451558113098,0.043981630355119705,-0.1316324919462204,0.9999419450759888,0.5256785154342651,0.03985362499952316,0.045751821249723434,0.9998420476913452,0.503804624080658,0.08508873730897903,-0.040838971734046936,0.9996208548545837,0.5036640763282776,0.08459600061178207,0.01017477735877037,0.9996159672737122,0.5293216109275818,0.15612107515335083,-0.20406262576580048,0.9998523592948914,0.5770828723907471,0.14173166453838348,0.17549225687980652,0.999620795249939,0.4678669571876526,0.2897089421749115,-0.14814509451389313,0.9492470622062683,0.5267311930656433,0.27996811270713806,0.24717992544174194,0.05969233438372612,0.45894911885261536,0.1762624979019165,0.09475133568048477,0.8543537259101868,0.4821109473705292,0.18410754203796387,0.234459787607193,0.08252911269664764,0.45272696018218994,0.15724468231201172,0.09912563115358353,0.8231008648872375,0.47311562299728394,0.16426199674606323,0.24520495533943176,0.10396482795476913,0.4657142460346222,0.14390653371810913,0.10228230059146881,0.819703996181488,0.47673434019088745,0.155117928981781,0.2349347025156021,0.10259626805782318,0.4706398546695709,0.15180395543575287,0.10542482882738113,0.7722049951553345,0.48036664724349976,0.16204573214054108,0.22874575853347778,0.10068278759717941,0.5288436412811279,0.4618113338947296,-0.1131562888622284,0.9996062517166138,0.5787732601165771,0.4554651975631714,0.11324857920408249,0.9995653033256531,0.482535719871521,0.6711297035217285,-0.09535457193851471,0.9829537272453308,0.5926536321640015,0.671176016330719,0.13821803033351898,0.8838492631912231,0.46949055790901184,0.9189485907554626,-0.04304324463009834,0.9846253395080566,0.6301776766777039,0.8965463638305664,0.14654681086540222,0.9250761270523071,0.4834829866886139,0.9627468585968018,-0.03754326328635216,0.9820436835289001,0.6398944854736328,0.9433114528656006,0.14696063101291656,0.9369456171989441,0.4285370707511902,0.9330103397369385,-0.0513116791844368,0.9255057573318481,0.6043673753738403,0.9057815074920654,0.1423378437757492,0.7732524871826172
kick_ac_3 - Trim,79,2635,good,0.49751123785972595,0.0651191920042038,-0.033825088292360306,0.9998783469200134,0.5027472972869873,0.04210098832845688,-0.06581366062164307,0.9999293684959412,0.5044414401054382,0.04152507707476616,-0.06587579101324081,0.9999428987503052,0.5062863230705261,0.0407603494822979,-0.06594355404376984,0.9999390244483948,0.502375066280365,0.040674660354852676,-0.025209374725818634,0.9999001622200012,0.5039259195327759,0.03905731812119484,-0.025160567834973335,0.9998879432678223,0.5058791637420654,0.03709151968359947,-0.02516617253422737,0.9998892545700073,0.5237720608711243,0.04273402690887451,-0.1380896270275116,0.9999405741691589,0.5257612466812134,0.03862401098012924,0.03986268863081932,0.9998352527618408,0.5037247538566589,0.08395812660455704,-0.05262983590364456,0.9996147751808167,0.503409743309021,0.08322514593601227,-0.001384197035804391,0.9996059536933899,0.5293108224868774,0.1561041623353958,-0.2083992063999176,0.9998475909233093,0.5763315558433533,0.14118559658527374,0.1746675968170166,0.9996033906936646,0.46725302934646606,0.2892261743545532,-0.1491088718175888,0.9476409554481506,0.5265387892723083,0.2793104648590088,0.25400349497795105,0.056820619851350784,0.45868435502052307,0.17500297725200653,0.09864389896392822,0.8514984250068665,0.48399117588996887,0.1802443414926529,0.25831297039985657,0.07917720824480057,0.45246461033821106,0.15631720423698425,0.10423687100410461,0.8205555081367493,0.4738445281982422,0.16264083981513977,0.27124959230422974,0.10066582262516022,0.4653347134590149,0.14281363785266876,0.1062459871172905,0.8172169923782349,0.47831135988235474,0.1519804447889328,0.26121786236763,0.09939505904912949,0.4704057276248932,0.1506146490573883,0.10911355167627335,0.7691863775253296,0.48133042454719543,0.1602616161108017,0.2529805302619934,0.0975029394030571,0.5286240577697754,0.4618607461452484,-0.11440419405698776,0.9995964765548706,0.5784584283828735,0.4554295241832733,0.11451419442892075,0.9995455145835876,0.482427179813385,0.6715906262397766,-0.10026312619447708,0.9812303185462952,0.5925219058990479,0.6714851260185242,0.1423180252313614,0.8736268877983093,0.4683874845504761,0.9188880920410156,-0.0512588731944561,0.9837619662284851,0.6299439072608948,0.8963561654090881,0.16253361105918884,0.921367347240448,0.4828445613384247,0.9627202749252319,-0.04637868329882622,0.9818734526634216,0.6398596167564392,0.9428106546401978,0.1638205647468567,0.935708224773407,0.4280294179916382,0.933099091053009,-0.06453963369131088,0.9234447479248047,0.6043238043785095,0.9049473404884338,0.15711425244808197,0.766556441783905
kick_ac_3 - Trim,80,2669,good,0.4975145757198334,0.06367333233356476,-0.04281793162226677,0.9998790621757507,0.5028550624847412,0.041236355900764465,-0.07370826601982117,0.9999299645423889,0.5045776963233948,0.040748290717601776,-0.07377246022224426,0.9999434351921082,0.506464958190918,0.040098294615745544,-0.07383912056684494,0.9999396204948425,0.5023787021636963,0.03980439156293869,-0.033500876277685165,0.9999005794525146,0.5038731098175049,0.038313575088977814,-0.033448442816734314,0.9998881816864014,0.5057815313339233,0.03652466833591461,-0.033449530601501465,0.9998893141746521,0.5237326622009277,0.042254965752363205,-0.1405806690454483,0.9999416470527649,0.5255581140518188,0.038198236376047134,0.035626575350761414,0.999835193157196,0.5037664175033569,0.08274441212415695,-0.05952291935682297,0.9996213912963867,0.5033581256866455,0.0819791927933693,-0.008873937651515007,0.9996095299720764,0.5290327668190002,0.15626031160354614,-0.20799626410007477,0.9998450875282288,0.5758896470069885,0.14189934730529785,0.17449040710926056,0.999600887298584,0.46673744916915894,0.2888355255126953,-0.1504567414522171,0.9473708868026733,0.5264137387275696,0.28004997968673706,0.25463178753852844,0.05447487533092499,0.4583001732826233,0.17422747611999512,0.08912216126918793,0.853888750076294,0.4842613935470581,0.17862002551555634,0.2470671385526657,0.0782807245850563,0.45224693417549133,0.15298111736774445,0.09257470816373825,0.8236528635025024,0.4738251864910126,0.16193144023418427,0.2575739622116089,0.10059055685997009,0.46505826711654663,0.1406911015510559,0.0940394401550293,0.8203932642936707,0.47851863503456116,0.1496712863445282,0.24612095952033997,0.09938022494316101,0.4701090455055237,0.1490594744682312,0.09909750521183014,0.77219557762146,0.4813117980957031,0.15906615555286407,0.24085186421871185,0.09713523834943771,0.5284920930862427,0.46184372901916504,-0.11435481905937195,0.9995874762535095,0.5776243805885315,0.45535939931869507,0.11446250230073929,0.9995420575141907,0.48195263743400574,0.6715379953384399,-0.09898336231708527,0.9809562563896179,0.5924307703971863,0.6714217662811279,0.1316978484392166,0.8718883395195007,0.46838462352752686,0.9181375503540039,-0.03545722737908363,0.9834042191505432,0.6300398111343384,0.8974173665046692,0.1408400535583496,0.9208225607872009,0.4835587739944458,0.9626993536949158,-0.029157567769289017,0.9819263815879822,0.6395781636238098,0.9441178441047668,0.14045636355876923,0.9360728859901428,0.42833101749420166,0.9331505298614502,-0.04408406838774681,0.9218404293060303,0.6034597754478455,0.9049110412597656,0.1266191005706787,0.7628088593482971
