video_no,frame,timestamp_ms,good,x0,y0,z0,visibility0,x1,y1,z1,visibility1,x2,y2,z2,visibility2,x3,y3,z3,visibility3,x4,y4,z4,visibility4,x5,y5,z5,visibility5,x6,y6,z6,visibility6,x7,y7,z7,visibility7,x8,y8,z8,visibility8,x9,y9,z9,visibility9,x10,y10,z10,visibility10,x11,y11,z11,visibility11,x12,y12,z12,visibility12,x13,y13,z13,visibility13,x14,y14,z14,visibility14,x15,y15,z15,visibility15,x16,y16,z16,visibility16,x17,y17,z17,visibility17,x18,y18,z18,visibility18,x19,y19,z19,visibility19,x20,y20,z20,visibility20,x21,y21,z21,visibility21,x22,y22,z22,visibility22,x23,y23,z23,visibility23,x24,y24,z24,visibility24,x25,y25,z25,visibility25,x26,y26,z26,visibility26,x27,y27,z27,visibility27,x28,y28,z28,visibility28,x29,y29,z29,visibility29,x30,y30,z30,visibility30,x31,y31,z31,visibility31,x32,y32,z32,visibility32
kick_a_1,1,33,good,0.48712942004203796,0.27726832032203674,-0.11218883097171783,0.9999324083328247,0.49219655990600586,0.2632375955581665,-0.10023510456085205,0.9999114274978638,0.4943898022174835,0.2630195915699005,-0.10025960952043533,0.9998948574066162,0.49656715989112854,0.26271864771842957,-0.10030035674571991,0.9998891353607178,0.4842206537723541,0.2620520293712616,-0.0990128293633461,0.9998966455459595,0.480849951505661,0.2608105540275574,-0.09898190945386887,0.9998595714569092,0.4778204560279846,0.2598801851272583,-0.0990288108587265,0.9998558759689331,0.50067538022995,0.26768043637275696,-0.02023482881486416,0.9998866319656372,0.4735528528690338,0.26591771841049194,-0.012629559263586998,0.9998912811279297,0.4918701946735382,0.2901369631290436,-0.08061081916093826,0.999923586845398,0.4812675416469574,0.2897231876850128,-0.07885582000017166,0.9999029636383057,0.5232568383216858,0.3364889621734619,0.009260204620659351,0.9997742772102356,0.4521821439266205,0.335848331451416,0.004685404244810343,0.9997037053108215,0.5361054539680481,0.42313024401664734,-0.1201377809047699,0.9681882858276367,0.4328107535839081,0.41418761014938354,-0.1373385488986969,0.9769414067268372,0.5098062753677368,0.3172219395637512,-0.24672208726406097,0.9735547304153442,0.4625574052333832,0.31314796209335327,-0.2770591080188751,0.9830954670906067,0.5037785768508911,0.2956434488296509,-0.274457186460495,0.9411290884017944,0.468368798494339,0.28697195649147034,-0.3061821758747101,0.9519569873809814,0.5026891231536865,0.2890875041484833,-0.25784170627593994,0.9329861402511597,0.46955764293670654,0.2820735275745392,-0.2949475646018982,0.9415356516838074,0.5033754110336304,0.2957151234149933,-0.24334220588207245,0.9068102836608887,0.46850988268852234,0.289526104927063,-0.2765846848487854,0.9239326119422913,0.5095050930976868,0.5538474917411804,-0.007877667434513569,0.9998674392700195,0.46498069167137146,0.5566438436508179,0.00797177478671074,0.9997645020484924,0.5115029811859131,0.7179415225982666,-0.06302417069673538,0.9902239441871643,0.469831258058548,0.7204412817955017,0.05977717414498329,0.9640837907791138,0.5228070020675659,0.9012490510940552,-0.04637884348630905,0.9807043671607971,0.4701734483242035,0.8528434038162231,0.19581012427806854,0.9328709840774536,0.5187383890151978,0.9177771210670471,-0.051034677773714066,0.7690110802650452,0.4753347337245941,0.8687037825584412,0.20486517250537872,0.6595824360847473,0.5230894684791565,0.9497532844543457,-0.1657203733921051,0.9664835929870605,0.4576636552810669,0.9056243896484375,0.12023469805717468,0.9206647872924805
kick_a_1,2,66,good,0.4871355891227722,0.275602251291275,-0.061680980026721954,0.9999355673789978,0.49216413497924805,0.26100480556488037,-0.0475395992398262,0.9999155402183533,0.49437427520751953,0.2605716288089752,-0.04756373539566994,0.9998999238014221,0.49653059244155884,0.2601719796657562,-0.04761650413274765,0.9998953342437744,0.4841412901878357,0.2601390779018402,-0.04943515360355377,0.9999020099639893,0.4807949960231781,0.25895729660987854,-0.04939397796988487,0.9998666048049927,0.4778017997741699,0.2580805718898773,-0.049437329173088074,0.9998639822006226,0.5004937648773193,0.2655433416366577,0.030657300725579262,0.999889612197876,0.4735317528247833,0.2635782063007355,0.023756053298711777,0.9998968243598938,0.4919080436229706,0.2887294888496399,-0.031504806131124496,0.9999259114265442,0.4813080132007599,0.28825509548187256,-0.03369022160768509,0.999906599521637,0.5228908658027649,0.3363369107246399,0.05481952056288719,0.9997859001159668,0.4521423578262329,0.33566975593566895,0.027584904804825783,0.9997065663337708,0.5358078479766846,0.4232085645198822,-0.06915043294429779,0.9670422077178955,0.4327060580253601,0.41569629311561584,-0.10230325907468796,0.9763182401657104,0.5109807252883911,0.31722286343574524,-0.18949532508850098,0.9730650186538696,0.462550550699234,0.31369489431381226,-0.2153116762638092,0.9823517203330994,0.5053130388259888,0.29556676745414734,-0.21417714655399323,0.9408763647079468,0.468129426240921,0.28791216015815735,-0.24184074997901917,0.9506248831748962,0.5037699937820435,0.2888730466365814,-0.19765359163284302,0.9327344298362732,0.469295859336853,0.2827257513999939,-0.22997251152992249,0.9401694536209106,0.504205048084259,0.29568344354629517,-0.18595224618911743,0.9070578217506409,0.46846121549606323,0.2904610335826874,-0.2137407660484314,0.9226440787315369,0.5096458792686462,0.5536914467811584,-0.003687217365950346,0.999872624874115,0.46524208784103394,0.5566316246986389,0.0038662473671138287,0.9997624754905701,0.5118453502655029,0.7187387347221375,-0.0946696475148201,0.9901551604270935,0.46984049677848816,0.720451831817627,0.06403354555368423,0.9609731435775757,0.5236578583717346,0.9045624732971191,-0.12991969287395477,0.9800919890403748,0.47055140137672424,0.8507567644119263,0.22747530043125153,0.9204810857772827,0.5203000903129578,0.9284049868583679,-0.1395038664340973,0.7589769959449768,0.47632089257240295,0.8665727376937866,0.24031727015972137,0.6407041549682617,0.5227729082107544,0.9564448595046997,-0.252350777387619,0.9649426341056824,0.4576672911643982,0.9056260585784912,0.17714367806911469,0.9104093313217163
kick_a_1,3,100,good,0.487631231546402,0.2745751142501831,-0.059275638312101364,0.9999352097511292,0.4924337565898895,0.2608516216278076,-0.044487759470939636,0.9999147653579712,0.494584858417511,0.26041722297668457,-0.044510893523693085,0.9998996257781982,0.49670013785362244,0.2600019872188568,-0.044571440666913986,0.9998966455459595,0.48521706461906433,0.26004472374916077,-0.047740887850522995,0.9999026656150818,0.4823359251022339,0.25891804695129395,-0.04770423844456673,0.9998670816421509,0.4795285165309906,0.2580454349517822,-0.047741636633872986,0.9998660683631897,0.5004585981369019,0.26438257098197937,0.03527969866991043,0.9998825192451477,0.47446224093437195,0.26289618015289307,0.022005390375852585,0.9998963475227356,0.4921283721923828,0.2877506911754608,-0.028650004416704178,0.999923050403595,0.48244020342826843,0.28737378120422363,-0.03260577842593193,0.999904990196228,0.5228793621063232,0.3363029658794403,0.059133611619472504,0.9997912049293518,0.4525485932826996,0.33583611249923706,0.026974568143486977,0.9996955990791321,0.5357930064201355,0.42430585622787476,-0.055181145668029785,0.9654369950294495,0.43286406993865967,0.4169427752494812,-0.09819913655519485,0.9756180047988892,0.5116465091705322,0.3171946108341217,-0.1677282601594925,0.9719856977462769,0.46263253688812256,0.31410863995552063,-0.20309019088745117,0.9810602068901062,0.5062193274497986,0.29542428255081177,-0.19154220819473267,0.939749002456665,0.468239426612854,0.2879389226436615,-0.22927163541316986,0.947996973991394,0.5047826170921326,0.288242369890213,-0.1770526021718979,0.9316162467002869,0.46940290927886963,0.2827305495738983,-0.21716798841953278,0.9373278617858887,0.5050649642944336,0.29553744196891785,-0.16476072371006012,0.906128466129303,0.4686705470085144,0.290669322013855,-0.20130175352096558,0.9194962978363037,0.5102047324180603,0.5541031360626221,-0.00020132814825046808,0.9998754262924194,0.46617311239242554,0.5571411848068237,0.0004192760097794235,0.9997527599334717,0.5126716494560242,0.7225691080093384,-0.10095040500164032,0.9904419183731079,0.4700169861316681,0.7218016982078552,0.0699324980378151,0.9599994421005249,0.5246859788894653,0.908604085445404,-0.14196069538593292,0.9804356098175049,0.4709264636039734,0.8505933880805969,0.2547258734703064,0.9123043417930603,0.5210795402526855,0.9413138031959534,-0.15184393525123596,0.7608314156532288,0.47714555263519287,0.8652763366699219,0.2697695195674896,0.6297327280044556,0.5229280591011047,0.9650380611419678,-0.2639990746974945,0.9650732278823853,0.45767632126808167,0.9056833982467651,0.21079085767269135,0.9027601480484009
kick_a_1,4,133,good,0.48819974064826965,0.2712745666503906,-0.05832912027835846,0.9999383091926575,0.49286261200904846,0.2581125795841217,-0.04279052093625069,0.9999189376831055,0.4950038194656372,0.25763651728630066,-0.04281546548008919,0.9999046921730042,0.4971398115158081,0.2571956515312195,-0.04286974295973778,0.999902606010437,0.4857191741466522,0.25729238986968994,-0.04592038691043854,0.9999078512191772,0.48283612728118896,0.2561492323875427,-0.04588113725185394,0.9998737573623657,0.4799334406852722,0.2551615834236145,-0.045915376394987106,0.9998733997344971,0.500653088092804,0.2610735297203064,0.03877411037683487,0.999885618686676,0.4745933711528778,0.25923219323158264,0.025697272270917892,0.9999011158943176,0.49274924397468567,0.28551703691482544,-0.027315059676766396,0.999925971031189,0.48320332169532776,0.28497686982154846,-0.03114822320640087,0.9999087452888489,0.5232663750648499,0.3361656963825226,0.06019148975610733,0.9998026490211487,0.45260199904441833,0.3355490565299988,0.028922826051712036,0.9996960759162903,0.5360047221183777,0.42461642622947693,-0.06068464741110802,0.9648674130439758,0.43287327885627747,0.4175545871257782,-0.10138600319623947,0.9752604961395264,0.5116569995880127,0.3170159161090851,-0.17835451662540436,0.9721066951751709,0.4627397954463959,0.3142481744289398,-0.21080905199050903,0.9799385070800781,0.5062175989151001,0.29450541734695435,-0.20311512053012848,0.9405132532119751,0.4684644341468811,0.2879280149936676,-0.2377316653728485,0.9455658197402954,0.5047886371612549,0.28639528155326843,-0.18770599365234375,0.9325059056282043,0.4697030782699585,0.2825629413127899,-0.2249242216348648,0.9345922470092773,0.5050824880599976,0.29460281133651733,-0.17512890696525574,0.9076482653617859,0.4690234065055847,0.2906608283519745,-0.2088952213525772,0.9166973829269409,0.5108358860015869,0.5557042360305786,-1.4715848919877317e-05,0.9998823404312134,0.46669498085975647,0.5588394999504089,0.0002460554242134094,0.9997550249099731,0.5143424868583679,0.7299278378486633,-0.10677749663591385,0.9905813932418823,0.47020429372787476,0.728059709072113,0.07690612971782684,0.9583306312561035,0.5259527564048767,0.9172167181968689,-0.1534292846918106,0.9803037643432617,0.4710744619369507,0.8518415689468384,0.2802262306213379,0.8966634273529053,0.5234506726264954,0.9540110230445862,-0.1639832854270935,0.7542091012001038,0.4773520231246948,0.8655705451965332,0.2974567413330078,0.6094046235084534,0.5233116745948792,0.9751929640769958,-0.2782454192638397,0.9641324877738953,0.4576481878757477,0.9067485332489014,0.2423345446586609,0.8897853493690491
kick_a_1,5,166,good,0.4886566996574402,0.2713419497013092,-0.05849604681134224,0.999937891960144,0.49336621165275574,0.25804266333580017,-0.04300067573785782,0.9999184012413025,0.4955081343650818,0.2575611174106598,-0.043018147349357605,0.9999043345451355,0.4976657032966614,0.2570694386959076,-0.04307001456618309,0.9999038577079773,0.48618844151496887,0.2573271095752716,-0.045899566262960434,0.9999086260795593,0.48327457904815674,0.25622686743736267,-0.04585989937186241,0.9998739957809448,0.48027661442756653,0.25524985790252686,-0.045887645334005356,0.9998750686645508,0.500847578048706,0.2601795196533203,0.040394093841314316,0.9998769164085388,0.47469767928123474,0.25884225964546204,0.02776646800339222,0.9998992085456848,0.4933331608772278,0.2855924665927887,-0.026655705645680428,0.9999226927757263,0.48361021280288696,0.2850662171840668,-0.030314212664961815,0.9999060034751892,0.5242167115211487,0.33616480231285095,0.0640711560845375,0.9998084306716919,0.4527765214443207,0.3355483412742615,0.03337530419230461,0.9996852874755859,0.5361232161521912,0.4250623881816864,-0.055468443781137466,0.9643484950065613,0.43286722898483276,0.4187966585159302,-0.09761740267276764,0.9747422933578491,0.5119310617446899,0.31658580899238586,-0.17020772397518158,0.9721506834030151,0.46273961663246155,0.31591105461120605,-0.2142869532108307,0.978772759437561,0.5070910453796387,0.2932646870613098,-0.194802924990654,0.9410999417304993,0.4684874415397644,0.2887194752693176,-0.24183708429336548,0.9433371424674988,0.5056402683258057,0.2853641211986542,-0.1796288937330246,0.9332188963890076,0.46970802545547485,0.28291651606559753,-0.22935058176517487,0.9321712851524353,0.5058364868164062,0.29431653022766113,-0.16673976182937622,0.9086360335350037,0.4690806269645691,0.2917366623878479,-0.21256139874458313,0.914008617401123,0.5116061568260193,0.5563007593154907,0.00040557479951530695,0.9998869299888611,0.4675775468349457,0.5593646168708801,-0.00017984063015319407,0.9997532367706299,0.5156821012496948,0.7343730330467224,-0.10424129664897919,0.9910648465156555,0.4706207513809204,0.7289770245552063,0.07463470846414566,0.9593955278396606,0.5264590978622437,0.9204401969909668,-0.14903107285499573,0.9811999797821045,0.47106391191482544,0.8515733480453491,0.29628804326057434,0.8899260759353638,0.5234333872795105,0.95225590467453,-0.15946684777736664,0.7628871202468872,0.47707313299179077,0.8647617101669312,0.31590035557746887,0.6025815010070801,0.5243316888809204,0.9758054614067078,-0.27269527316093445,0.9652829766273499,0.45644548535346985,0.9067928194999695,0.2662012279033661,0.8836494088172913
kick_a_1,6,200,good,0.488665372133255,0.26901888847351074,-0.06052527204155922,0.9999403357505798,0.4934195876121521,0.2553626596927643,-0.04487890005111694,0.9999212622642517,0.4955814480781555,0.25479692220687866,-0.0448959656059742,0.9999078512191772,0.49774882197380066,0.2542603611946106,-0.04494691640138626,0.9999083876609802,0.4861907958984375,0.25489234924316406,-0.04648861661553383,0.9999125003814697,0.4832727313041687,0.2539512515068054,-0.04644787684082985,0.9998788237571716,0.48026227951049805,0.2530970871448517,-0.04647611081600189,0.9998806715011597,0.5010716915130615,0.25728169083595276,0.036871347576379776,0.9998760223388672,0.4748625159263611,0.2563258111476898,0.03003522753715515,0.9999004602432251,0.493468701839447,0.2841295897960663,-0.029692258685827255,0.9999231100082397,0.4836300015449524,0.2837211489677429,-0.03174001723527908,0.9999069571495056,0.5251657962799072,0.33616042137145996,0.05914603918790817,0.9998123049736023,0.45312735438346863,0.33510783314704895,0.036303166300058365,0.9996724128723145,0.5365270376205444,0.42512771487236023,-0.05773771554231644,0.9648399949073792,0.4328600764274597,0.4190634787082672,-0.09017505496740341,0.9743736386299133,0.5125688910484314,0.31465426087379456,-0.1655782014131546,0.9727876782417297,0.46274372935295105,0.3160586357116699,-0.2041819989681244,0.9777682423591614,0.5079655051231384,0.2902475893497467,-0.18846607208251953,0.9425026178359985,0.4684942066669464,0.28878554701805115,-0.23095066845417023,0.9410666823387146,0.506572961807251,0.28297555446624756,-0.17338524758815765,0.9348451495170593,0.4697200655937195,0.28291475772857666,-0.2176082581281662,0.929622232913971,0.5066398978233337,0.2925262749195099,-0.16180109977722168,0.9107800126075745,0.46918919682502747,0.2917751967906952,-0.20202037692070007,0.9111897349357605,0.5125027894973755,0.5565651059150696,-3.215020115021616e-05,0.9998900890350342,0.4685128629207611,0.5598428249359131,0.00024425904848612845,0.9997485876083374,0.5162419676780701,0.7353219389915466,-0.106240414083004,0.9913976192474365,0.4709235727787018,0.7306698560714722,0.0772777795791626,0.959959089756012,0.526742696762085,0.9189255833625793,-0.1527877002954483,0.9816218018531799,0.4710732698440552,0.8519675731658936,0.2923037111759186,0.8831771612167358,0.5235469341278076,0.9481856822967529,-0.163270965218544,0.7660537362098694,0.47684380412101746,0.865009605884552,0.3107117712497711,0.5940074324607849,0.5245673656463623,0.9736772179603577,-0.2765450179576874,0.9656911492347717,0.4563699960708618,0.90739506483078,0.25817742943763733,0.8773916959762573
kick_a_1,7,233,good,0.48886558413505554,0.26624467968940735,-0.066396564245224,0.9999436140060425,0.4936341345310211,0.252700537443161,-0.051189057528972626,0.9999253749847412,0.49580591917037964,0.25225308537483215,-0.05120463669300079,0.9999127388000488,0.4979546368122101,0.25188472867012024,-0.05125425010919571,0.9999138116836548,0.48631981015205383,0.2519180178642273,-0.05267716944217682,0.9999173879623413,0.48338523507118225,0.25099098682403564,-0.052636079490184784,0.9998852610588074,0.4803571105003357,0.25020521879196167,-0.05266248434782028,0.9998875260353088,0.5012640357017517,0.25580865144729614,0.029819298535585403,0.9998802542686462,0.47496333718299866,0.254547119140625,0.024298377335071564,0.9999046325683594,0.4936312437057495,0.28210145235061646,-0.035662997514009476,0.9999264478683472,0.48381030559539795,0.2816350758075714,-0.03738627955317497,0.9999111294746399,0.5254003405570984,0.335692822933197,0.05306897312402725,0.9998188614845276,0.4531310796737671,0.3350043296813965,0.03237289562821388,0.999667227268219,0.5371137261390686,0.42501842975616455,-0.06225793436169624,0.9656178951263428,0.43288034200668335,0.41912469267845154,-0.09348204731941223,0.9742183089256287,0.5132860541343689,0.31364890933036804,-0.16646653413772583,0.9733229279518127,0.46317845582962036,0.31527552008628845,-0.20359213650226593,0.9770359396934509,0.5084186792373657,0.28951743245124817,-0.1888674646615982,0.9437471032142639,0.4692156910896301,0.28766629099845886,-0.23003564774990082,0.9394421577453613,0.5070542693138123,0.28180721402168274,-0.17389287054538727,0.9362884163856506,0.4705306589603424,0.2816724479198456,-0.21615055203437805,0.9278018474578857,0.5071956515312195,0.29188379645347595,-0.1626715213060379,0.9128257632255554,0.4699031114578247,0.2909313440322876,-0.20131903886795044,0.9092360734939575,0.5130547285079956,0.5565565824508667,-0.0001469535636715591,0.9998928904533386,0.4690280258655548,0.5598962306976318,0.00037733736098743975,0.9997438192367554,0.5162932276725769,0.7345879673957825,-0.10265671461820602,0.9917522072792053,0.47122859954833984,0.7311609983444214,0.08353686332702637,0.9608967304229736,0.5270727276802063,0.9168857336044312,-0.14097656309604645,0.9821389317512512,0.4710797667503357,0.8516921401023865,0.28957033157348633,0.8815366625785828,0.523766815662384,0.9439365863800049,-0.15067854523658752,0.7697427868843079,0.4767945110797882,0.8633269667625427,0.3069356083869934,0.5938512682914734,0.5247412323951721,0.9717730283737183,-0.26268765330314636,0.9661480784416199,0.4563116431236267,0.9073930978775024,0.253627747297287,0.8751142024993896
kick_a_1,8,266,good,0.489783376455307,0.26497840881347656,-0.06942900270223618,0.999945342540741,0.49430519342422485,0.251865029335022,-0.05459203943610191,0.9999277591705322,0.4964640736579895,0.2514027953147888,-0.0546095035970211,0.9999156594276428,0.498611718416214,0.25096485018730164,-0.05465932562947273,0.999917209148407,0.48729994893074036,0.2510817050933838,-0.055733807384967804,0.999920666217804,0.48447051644325256,0.25007590651512146,-0.05568980053067207,0.9998900294303894,0.4814668297767639,0.24919795989990234,-0.05571972578763962,0.9998928904533386,0.5016297698020935,0.2549043893814087,0.026398543268442154,0.9998816847801208,0.47549837827682495,0.25339195132255554,0.01859329454600811,0.9999086856842041,0.49434465169906616,0.2804117202758789,-0.0385761596262455,0.9999282956123352,0.4849780797958374,0.28033390641212463,-0.039106208831071854,0.999914288520813,0.5258011221885681,0.3346171975135803,0.050492238253355026,0.999821662902832,0.4531663656234741,0.3344525992870331,0.025642069056630135,0.9996711015701294,0.5381839871406555,0.42567896842956543,-0.06726071238517761,0.9643318057060242,0.4329301714897156,0.41936078667640686,-0.09884527325630188,0.9744397401809692,0.5135402679443359,0.3136737644672394,-0.1770571917295456,0.9721354842185974,0.4638158679008484,0.3148778975009918,-0.21364806592464447,0.9764984250068665,0.5088988542556763,0.28949329257011414,-0.20043562352657318,0.9423007965087891,0.47012951970100403,0.28727251291275024,-0.2405901551246643,0.9380195736885071,0.507643461227417,0.28151172399520874,-0.18550865352153778,0.9347571730613708,0.4715048670768738,0.28105464577674866,-0.22709503769874573,0.9261714816093445,0.5076420307159424,0.2916964590549469,-0.17360025644302368,0.9112693667411804,0.4707237780094147,0.290485143661499,-0.21165984869003296,0.9074339270591736,0.514085054397583,0.5566024780273438,-0.0002351557632209733,0.9998953938484192,0.46969112753868103,0.5603939890861511,0.00046288277371786535,0.9997429847717285,0.5168505311012268,0.7370795607566833,-0.0962757095694542,0.9919651746749878,0.47170814871788025,0.7355166673660278,0.08297856897115707,0.9614148736000061,0.5270472764968872,0.9165647029876709,-0.13035044074058533,0.9824531078338623,0.47110092639923096,0.8526695370674133,0.27686184644699097,0.8770616054534912,0.5236837863922119,0.9430596232414246,-0.13941523432731628,0.7708204984664917,0.4768175184726715,0.8643819093704224,0.2938001751899719,0.5872737169265747,0.5253676772117615,0.9722528457641602,-0.25312209129333496,0.9664586782455444,0.45621874928474426,0.9088894724845886,0.24237826466560364,0.8710036277770996
kick_a_1,9,300,good,0.49077197909355164,0.26533177495002747,-0.08254348486661911,0.9999423623085022,0.4952940344810486,0.25216060876846313,-0.06675102561712265,0.9999238848686218,0.4974309206008911,0.2517063021659851,-0.06676580011844635,0.9999115467071533,0.4995579719543457,0.25126639008522034,-0.06681228429079056,0.9999144077301025,0.4885715842247009,0.2513015866279602,-0.06976150721311569,0.9999173283576965,0.4858667552471161,0.25019726157188416,-0.0697442963719368,0.9998854994773865,0.48297297954559326,0.24927429854869843,-0.06977037340402603,0.9998892545700073,0.5022753477096558,0.2551823854446411,0.017077632248401642,0.9998701810836792,0.4769059717655182,0.25364309549331665,0.002938963705673814,0.9999011754989624,0.49518272280693054,0.2805290222167969,-0.05097709596157074,0.9999233484268188,0.486348032951355,0.28051725029945374,-0.05458109453320503,0.9999087452888489,0.5268074870109558,0.33440831303596497,0.03712960332632065,0.999811053276062,0.4532901346683502,0.3346116840839386,0.01255829632282257,0.9996474981307983,0.5395744442939758,0.4264255464076996,-0.08627751469612122,0.9636309742927551,0.43309736251831055,0.42046359181404114,-0.118148572742939,0.9743849039077759,0.514259397983551,0.3136177361011505,-0.20286566019058228,0.9713827967643738,0.4646393656730652,0.31484851241111755,-0.22781077027320862,0.9756560921669006,0.5095176100730896,0.28954026103019714,-0.22645854949951172,0.941228985786438,0.47145941853523254,0.2872565984725952,-0.25384292006492615,0.9359460473060608,0.5082080960273743,0.2813892364501953,-0.2120179980993271,0.933698296546936,0.4727916717529297,0.2806726396083832,-0.23766426742076874,0.9239111542701721,0.5083561539649963,0.2914918065071106,-0.19968242943286896,0.9100061655044556,0.47190847992897034,0.29033464193344116,-0.22480569779872894,0.9046045541763306,0.5154922604560852,0.5573204755783081,-0.00040809487109072506,0.9998946785926819,0.47048646211624146,0.5630411505699158,0.0006389254122041166,0.9997368454933167,0.5168536305427551,0.7371386885643005,-0.0905415266752243,0.9920905828475952,0.47233614325523376,0.7377572059631348,0.08035866916179657,0.9619672894477844,0.5255680680274963,0.9125455617904663,-0.1071372777223587,0.9824047088623047,0.4708699882030487,0.8526556491851807,0.2909168601036072,0.8735368251800537,0.5218532085418701,0.9331209659576416,-0.113629050552845,0.7725694179534912,0.4758618474006653,0.8644179105758667,0.3096262216567993,0.5808231234550476,0.5252997875213623,0.9699091911315918,-0.2213537096977234,0.9664099812507629,0.4559352993965149,0.9088665246963501,0.25541651248931885,0.8669743537902832
kick_a_1,10,333,good,0.49264582991600037,0.26458612084388733,-0.11532945185899734,0.999943196773529,0.4968087375164032,0.2511615753173828,-0.09974058717489243,0.9999250173568726,0.4988895356655121,0.25074175000190735,-0.09975992888212204,0.999912679195404,0.5009121298789978,0.25034070014953613,-0.09979773312807083,0.9999156594276428,0.4899294674396515,0.24994492530822754,-0.10387907177209854,0.9999192953109741,0.4870438575744629,0.2486642301082611,-0.10385245829820633,0.9998883605003357,0.4840187132358551,0.24754825234413147,-0.10389185696840286,0.9998921751976013,0.5032362341880798,0.2544499933719635,-0.013337419368326664,0.9998707175254822,0.47763165831565857,0.25218042731285095,-0.031211411580443382,0.9999034404754639,0.49696776270866394,0.27936044335365295,-0.08242237567901611,0.9999253749847412,0.48813268542289734,0.27894797921180725,-0.0876898542046547,0.9999113082885742,0.527355432510376,0.3336910307407379,0.014119359664618969,0.9998055100440979,0.453318327665329,0.33415502309799194,-0.01758381351828575,0.9996442794799805,0.5419142842292786,0.42681261897087097,-0.10592510551214218,0.9634357690811157,0.4333811402320862,0.4213205575942993,-0.1542350947856903,0.9752196073532104,0.5162633657455444,0.31400373578071594,-0.23074814677238464,0.9707046151161194,0.4665888547897339,0.3151257336139679,-0.2699257433414459,0.9761231541633606,0.5106379389762878,0.289569616317749,-0.25451159477233887,0.9400973320007324,0.4740704894065857,0.28742891550064087,-0.296153724193573,0.9366827607154846,0.5089445114135742,0.2814269959926605,-0.23764315247535706,0.9324207305908203,0.47546643018722534,0.2807430624961853,-0.28071534633636475,0.9247822761535645,0.5092690587043762,0.29149723052978516,-0.22663085162639618,0.9084750413894653,0.47420892119407654,0.2903536260128021,-0.26664793491363525,0.905329167842865,0.516813337802887,0.5587795376777649,-0.0013426004443317652,0.9998916387557983,0.4713323712348938,0.5646840333938599,0.0015436809044331312,0.9997223615646362,0.5178412199020386,0.737591564655304,-0.08984700590372086,0.9921594262123108,0.4723778963088989,0.737199068069458,0.0951886922121048,0.9618943333625793,0.5247384309768677,0.911454975605011,-0.10019627958536148,0.98239666223526,0.4709513485431671,0.8535190224647522,0.2985866963863373,0.8728744983673096,0.5203723311424255,0.929352879524231,-0.10687225311994553,0.7729945778846741,0.47617751359939575,0.866183340549469,0.3156505227088928,0.5840713977813721,0.5252805352210999,0.9692950248718262,-0.21726252138614655,0.9664238691329956,0.455454021692276,0.90940260887146,0.2547398507595062,0.8670586943626404
kick_a_1,11,367,good,0.49442678689956665,0.2625739276409149,-0.11801741272211075,0.9999445676803589,0.49856775999069214,0.24845603108406067,-0.10168936848640442,0.9999272227287292,0.5007870197296143,0.2482205480337143,-0.10170697420835495,0.9999145269393921,0.5030128955841064,0.24810479581356049,-0.10174178332090378,0.9999181628227234,0.491210401058197,0.247152179479599,-0.10480285435914993,0.9999222159385681,0.4882233738899231,0.2459167242050171,-0.10477659851312637,0.9998920559883118,0.48506584763526917,0.24486255645751953,-0.10481002926826477,0.9998964667320251,0.505861759185791,0.2533668875694275,-0.014798163436353207,0.9998703002929688,0.4784674644470215,0.25065967440605164,-0.02830294705927372,0.9999051094055176,0.49890151619911194,0.27780675888061523,-0.08561833202838898,0.9999273419380188,0.489663302898407,0.2765745520591736,-0.08965238928794861,0.9999139308929443,0.5295283794403076,0.33368703722953796,0.010772604495286942,0.9997888803482056,0.4535495340824127,0.3340339958667755,-0.01731516234576702,0.999628484249115,0.5443086624145508,0.42899778485298157,-0.11588550359010696,0.9634768962860107,0.4340699017047882,0.42128509283065796,-0.15560372173786163,0.9760274887084961,0.5214372277259827,0.3139885365962982,-0.24297042191028595,0.9702857732772827,0.4685511589050293,0.31501778960227966,-0.272836297750473,0.9761196970939636,0.5143314599990845,0.2886776924133301,-0.2668894827365875,0.9391335844993591,0.4758685529232025,0.2873375713825226,-0.29879483580589294,0.9360585808753967,0.5123558640480042,0.2809138298034668,-0.24841876327991486,0.9312898516654968,0.4778497815132141,0.2805402874946594,-0.2821384370326996,0.9239984750747681,0.5129192471504211,0.29121115803718567,-0.2382480800151825,0.9070966839790344,0.47619304060935974,0.2900732159614563,-0.2690311372280121,0.904063880443573,0.5191653966903687,0.5610596537590027,-0.001367915072478354,0.9998896718025208,0.4729142487049103,0.5666465163230896,0.0015843703877180815,0.9997100830078125,0.5196794271469116,0.7380797863006592,-0.10007858276367188,0.9920632839202881,0.4729883372783661,0.7370082139968872,0.08952447772026062,0.9620568156242371,0.523959755897522,0.9094390869140625,-0.10147719085216522,0.9820009469985962,0.47098416090011597,0.8535153269767761,0.3010364770889282,0.8683474063873291,0.5186266899108887,0.9279981851577759,-0.10928894579410553,0.7719534039497375,0.4761258065700531,0.8660987019538879,0.31968969106674194,0.5791818499565125,0.525488555431366,0.9681767225265503,-0.22000126540660858,0.9659556150436401,0.4552750587463379,0.9091999530792236,0.2622953951358795,0.8641036748886108
kick_a_1,12,400,good,0.4994668662548065,0.2617957293987274,-0.11695536226034164,0.9999435544013977,0.5037883520126343,0.24792957305908203,-0.10075711458921432,0.9999266862869263,0.5060543417930603,0.2478615939617157,-0.10077302157878876,0.9999117255210876,0.5083437561988831,0.24784772098064423,-0.10080114752054214,0.9999165534973145,0.4969240725040436,0.24594110250473022,-0.10514087975025177,0.9999231100082397,0.49399033188819885,0.24436840415000916,-0.10510481148958206,0.9998920559883118,0.49082186818122864,0.2429066151380539,-0.10515125095844269,0.9998977184295654,0.5108556151390076,0.2529987096786499,-0.012345956638455391,0.9998580813407898,0.4833869934082031,0.24865426123142242,-0.03232695162296295,0.9999035596847534,0.5031102895736694,0.27738237380981445,-0.08355721086263657,0.999924898147583,0.49423056840896606,0.2755618095397949,-0.0894443616271019,0.9999129772186279,0.5319092273712158,0.3329727351665497,0.016506800428032875,0.9997607469558716,0.45467886328697205,0.3310597240924835,-0.02462061680853367,0.9996187090873718,0.547304093837738,0.4289640188217163,-0.10829472541809082,0.9609144330024719,0.43468496203422546,0.41868868470191956,-0.17227020859718323,0.9771652221679688,0.5251303911209106,0.31147557497024536,-0.23839591443538666,0.9688292741775513,0.4714113473892212,0.31367239356040955,-0.29005974531173706,0.9766775965690613,0.5180168151855469,0.2838899791240692,-0.26137247681617737,0.9363915324211121,0.4793097674846649,0.285991370677948,-0.3146781027317047,0.9369044303894043,0.5164283514022827,0.2776889204978943,-0.24279555678367615,0.9282026290893555,0.48127657175064087,0.27881109714508057,-0.2970838248729706,0.924922525882721,0.5168461799621582,0.2873956263065338,-0.23373593389987946,0.9029523730278015,0.47955670952796936,0.28817006945610046,-0.2852845788002014,0.9044827222824097,0.5213537216186523,0.562229573726654,-0.00011146266479045153,0.9998896718025208,0.47403866052627563,0.5676047801971436,0.000291814940283075,0.9997033476829529,0.5219581723213196,0.7380903959274292,-0.1367855817079544,0.991782009601593,0.47443336248397827,0.7370466589927673,0.08861301839351654,0.9617880582809448,0.5230204463005066,0.909355878829956,-0.16760887205600739,0.9814242124557495,0.47119539976119995,0.8531144857406616,0.295694500207901,0.8618671298027039,0.5167562365531921,0.9282474517822266,-0.17655907571315765,0.7760159373283386,0.4761638939380646,0.8655849695205688,0.31410300731658936,0.5751505494117737,0.5263071656227112,0.9673415422439575,-0.28942155838012695,0.9654651880264282,0.45518600940704346,0.9086940884590149,0.25520020723342896,0.859216570854187
kick_a_1,13,433,good,0.5047624111175537,0.2620531916618347,-0.14108620584011078,0.9999383091926575,0.509349524974823,0.2484368234872818,-0.12544652819633484,0.9999221563339233,0.5114945769309998,0.24866974353790283,-0.12544463574886322,0.9999040961265564,0.5135498046875,0.24887564778327942,-0.12547361850738525,0.9999107718467712,0.5026198625564575,0.24617761373519897,-0.1312902569770813,0.9999202489852905,0.49965426325798035,0.2446887046098709,-0.13126574456691742,0.999887228012085,0.49634915590286255,0.24328701198101044,-0.13131557404994965,0.9998950958251953,0.5154493451118469,0.2531871795654297,-0.03471841663122177,0.9998385906219482,0.4876299798488617,0.24899308383464813,-0.06075157970190048,0.9998976588249207,0.5075758695602417,0.2776362895965576,-0.1061410903930664,0.9999217987060547,0.49876704812049866,0.27582716941833496,-0.11378134787082672,0.9999104142189026,0.5347954630851746,0.33189404010772705,-0.0003716223582159728,0.9997498989105225,0.4564458727836609,0.3287610411643982,-0.049727004021406174,0.9996067881584167,0.553368330001831,0.42617741227149963,-0.13601629436016083,0.9606702923774719,0.4355160593986511,0.41017574071884155,-0.20772774517536163,0.9787083268165588,0.530361533164978,0.30609676241874695,-0.27923583984375,0.9676026105880737,0.4745892286300659,0.3081165850162506,-0.32668983936309814,0.9776017069816589,0.5215798616409302,0.2757176458835602,-0.3043645918369293,0.933800458908081,0.4838586747646332,0.2784981429576874,-0.35212191939353943,0.9385794997215271,0.5201833844184875,0.27071908116340637,-0.28176936507225037,0.9251056909561157,0.48562365770339966,0.2724502980709076,-0.33203038573265076,0.9268361926078796,0.5207052826881409,0.2800273895263672,-0.27324333786964417,0.8989119529724121,0.4838138520717621,0.2815529406070709,-0.3207162022590637,0.9062068462371826,0.5235763192176819,0.5628759264945984,-0.0002901182451751083,0.9998897910118103,0.47517549991607666,0.5685964822769165,0.000466168305138126,0.9996864199638367,0.523298978805542,0.7372851371765137,-0.17874042689800262,0.9917021989822388,0.4755786955356598,0.7377761602401733,0.08629860728979111,0.9599425196647644,0.5234062671661377,0.9086313843727112,-0.21296809613704681,0.9811261892318726,0.47178399562835693,0.8510997295379639,0.3076752722263336,0.8460884094238281,0.5168967247009277,0.9249901175498962,-0.22165049612522125,0.773212194442749,0.4766615033149719,0.8618056774139404,0.32775819301605225,0.5632320046424866,0.5260325074195862,0.9670576453208923,-0.33833178877830505,0.9650344848632812,0.4552946090698242,0.9081364870071411,0.2726564407348633,0.847030758857727
kick_a_1,14,467,good,0.514765739440918,0.2622542381286621,-0.1045437827706337,0.9999387860298157,0.5180167555809021,0.248819500207901,-0.08677743375301361,0.9999241828918457,0.5198951959609985,0.24912750720977783,-0.08676638454198837,0.9999049305915833,0.5216280817985535,0.24932719767093658,-0.08679188787937164,0.9999128580093384,0.5114163160324097,0.24630415439605713,-0.09816578775644302,0.999923586845398,0.5084227323532104,0.24487443268299103,-0.09810937941074371,0.9998910427093506,0.5054121017456055,0.24354287981987,-0.09815552085638046,0.9999001622200012,0.5215224027633667,0.25332990288734436,0.005257350392639637,0.9998363852500916,0.49638089537620544,0.24926221370697021,-0.0529322549700737,0.9999021887779236,0.5161734819412231,0.2777763307094574,-0.06905699521303177,0.9999237060546875,0.5077841281890869,0.27570733428001404,-0.08410457521677017,0.9999139308929443,0.538184404373169,0.33190780878067017,0.03680635243654251,0.9997487664222717,0.4599354863166809,0.3266887366771698,-0.03042205609381199,0.9996092915534973,0.5593661069869995,0.4166088104248047,-0.10262998938560486,0.9582546949386597,0.43699949979782104,0.3949747681617737,-0.1782372146844864,0.9802032709121704,0.5351756811141968,0.2963099181652069,-0.27836447954177856,0.9649270176887512,0.4789084792137146,0.29768452048301697,-0.30064675211906433,0.9786381721496582,0.5278370380401611,0.265773206949234,-0.29799968004226685,0.9289517402648926,0.48944318294525146,0.2674843370914459,-0.3329496383666992,0.9407026767730713,0.5262659192085266,0.2625866234302521,-0.2589510381221771,0.9193388223648071,0.4910982549190521,0.2630705237388611,-0.31832826137542725,0.9291987419128418,0.5264654755592346,0.2713816165924072,-0.2660183012485504,0.8921229839324951,0.4897342622280121,0.2712556719779968,-0.3051591217517853,0.9086808562278748,0.5258620381355286,0.5632882118225098,0.0016315436223521829,0.9998961091041565,0.47659140825271606,0.5688394904136658,-0.0014751545386388898,0.9996948838233948,0.5243024230003357,0.7377949953079224,-0.1786062866449356,0.9920283555984497,0.4755629301071167,0.7386531233787537,0.06948599964380264,0.9606701731681824,0.5235933661460876,0.9137064218521118,-0.23148179054260254,0.9817320108413696,0.4716697037220001,0.8445322513580322,0.3039970099925995,0.8316841125488281,0.5170094966888428,0.9299052953720093,-0.24206599593162537,0.7770937085151672,0.4761306047439575,0.8506502509117126,0.32540687918663025,0.550121545791626,0.5260123014450073,0.9727855324745178,-0.35758113861083984,0.9659346342086792,0.4554310142993927,0.9081707000732422,0.27902838587760925,0.8366591930389404
kick_a_1,15,500,good,0.5146557092666626,0.2573273777961731,-0.09171412140130997,0.9999395608901978,0.5195057988166809,0.24647793173789978,-0.07173853367567062,0.9999262690544128,0.5218497514724731,0.24708765745162964,-0.07173416763544083,0.999906599521637,0.5241022706031799,0.2475387305021286,-0.07175890356302261,0.9999156594276428,0.5122007727622986,0.24331185221672058,-0.07859679311513901,0.9999259114265442,0.509375810623169,0.24166525900363922,-0.07854325324296951,0.999893844127655,0.5065455436706543,0.24010436236858368,-0.07858943194150925,0.9999040365219116,0.5263622999191284,0.25160276889801025,0.023052804172039032,0.9998365640640259,0.5000437498092651,0.24605204164981842,-0.008060204796493053,0.9999046921730042,0.5175119042396545,0.2734229564666748,-0.056531477719545364,0.9999257326126099,0.5085674524307251,0.2702115476131439,-0.06589166820049286,0.9999158382415771,0.5424669981002808,0.33209460973739624,0.04702790826559067,0.9997517466545105,0.46603426337242126,0.3224036991596222,-0.018006915226578712,0.9996066093444824,0.5639892816543579,0.40395352244377136,-0.10209541022777557,0.9587375521659851,0.440854549407959,0.37533238530158997,-0.17183925211429596,0.9813863635063171,0.5402756929397583,0.2881101965904236,-0.2544507682323456,0.9653491973876953,0.48481860756874084,0.2832646667957306,-0.2892123758792877,0.9794676899909973,0.5337679982185364,0.2568548917770386,-0.27886122465133667,0.9295482039451599,0.4954279959201813,0.25610581040382385,-0.318354070186615,0.9424375891685486,0.5318909287452698,0.25311073660850525,-0.25435158610343933,0.9199366569519043,0.4963832497596741,0.2530539333820343,-0.3007062077522278,0.9311885237693787,0.531775712966919,0.26238781213760376,-0.24805252254009247,0.8932129144668579,0.4951869547367096,0.2609037756919861,-0.2870601713657379,0.9110456705093384,0.5277352333068848,0.5632337331771851,0.0030188539531081915,0.9999026656150818,0.4778657853603363,0.5686550736427307,-0.0028829544316977262,0.9997074007987976,0.5246819853782654,0.7380867004394531,-0.165777787566185,0.9923437237739563,0.4751162827014923,0.7388706803321838,0.03853293135762215,0.9621490240097046,0.5235037207603455,0.9177728891372681,-0.2018820196390152,0.9820467233657837,0.4699617922306061,0.8386040925979614,0.30013495683670044,0.8128723502159119,0.5170351266860962,0.9361501932144165,-0.21061675250530243,0.7775354385375977,0.47330835461616516,0.8436129689216614,0.3198107182979584,0.5274720788002014,0.524960458278656,0.9725626707077026,-0.3253696858882904,0.9661458134651184,0.4554378390312195,0.9081615805625916,0.268451064825058,0.8205749988555908
kick_a_1,16,533,good,0.5212246179580688,0.2545543909072876,-0.08805634081363678,0.9999393224716187,0.526081919670105,0.24493612349033356,-0.06840916723012924,0.9999271631240845,0.528537392616272,0.24574919044971466,-0.06839587539434433,0.9999070167541504,0.5308336615562439,0.24632997810840607,-0.06841378659009933,0.9999165534973145,0.518424928188324,0.24138681590557098,-0.07608164846897125,0.9999274015426636,0.5155705809593201,0.23970457911491394,-0.07603637129068375,0.9998962879180908,0.5127707719802856,0.2380608171224594,-0.07608409970998764,0.9999070763587952,0.5322985053062439,0.2502581477165222,0.029833674430847168,0.9998305439949036,0.5052286982536316,0.24367737770080566,-0.005893921013921499,0.9999083876609802,0.5238692760467529,0.2703200876712799,-0.05135338753461838,0.9999257326126099,0.5149664282798767,0.26697221398353577,-0.06202773377299309,0.9999178051948547,0.5459464192390442,0.33222392201423645,0.05514334887266159,0.9997530579566956,0.47036978602409363,0.3171856701374054,-0.015778468921780586,0.9996182918548584,0.5650754570960999,0.3930107057094574,-0.10365024209022522,0.9580461382865906,0.44320234656333923,0.35882049798965454,-0.18274211883544922,0.9824618101119995,0.5440967679023743,0.2794353663921356,-0.27229568362236023,0.9664396643638611,0.490044504404068,0.2759634852409363,-0.3086468577384949,0.9803363680839539,0.5379197597503662,0.2487184852361679,-0.3034783899784088,0.9318491816520691,0.5018270611763,0.25081518292427063,-0.33936354517936707,0.9444707632064819,0.5363882780075073,0.24429349601268768,-0.28336113691329956,0.9226522445678711,0.502734363079071,0.24796554446220398,-0.32163572311401367,0.9336382746696472,0.5364638566970825,0.25410398840904236,-0.2688542306423187,0.8968954086303711,0.5009085536003113,0.25600141286849976,-0.3046250343322754,0.9142200946807861,0.5286047458648682,0.5631713271141052,0.008453497663140297,0.9999090433120728,0.47828537225723267,0.5660303831100464,-0.00838884525001049,0.9997255206108093,0.5265192985534668,0.7444654703140259,-0.08524397760629654,0.992641806602478,0.4752446711063385,0.733122706413269,0.008645905181765556,0.9641886949539185,0.523139476776123,0.9210734963417053,-0.1048717051744461,0.9827035069465637,0.4693737030029297,0.8219386339187622,0.28431838750839233,0.7995074391365051,0.516228437423706,0.9399598240852356,-0.11126184463500977,0.7845113277435303,0.4716356098651886,0.8248151540756226,0.3122785687446594,0.5090062618255615,0.5248134732246399,0.9761850833892822,-0.21170563995838165,0.9671117663383484,0.45805156230926514,0.8984281420707703,0.27055010199546814,0.8083523511886597
kick_a_1,17,567,good,0.5248531103134155,0.24578577280044556,-0.06620005518198013,0.9999340772628784,0.5298715829849243,0.2385745793581009,-0.042727578431367874,0.9999209046363831,0.5324710011482239,0.23994754254817963,-0.04272738844156265,0.9999000430107117,0.5350202918052673,0.241074338555336,-0.042743634432554245,0.9999112486839294,0.5217702388763428,0.2341974377632141,-0.05105365067720413,0.9999209046363831,0.5187808275222778,0.2325795292854309,-0.05101926624774933,0.9998888969421387,0.5155144929885864,0.23121023178100586,-0.051077067852020264,0.9999012351036072,0.5367564558982849,0.2471456527709961,0.06348877400159836,0.9998019933700562,0.5065150260925293,0.2389783263206482,0.023718634620308876,0.9999037384986877,0.5276931524276733,0.2629738450050354,-0.02792969159781933,0.999902069568634,0.5180540084838867,0.2597660720348358,-0.03970108553767204,0.9999009370803833,0.5489523410797119,0.33301469683647156,0.076800137758255,0.9997310638427734,0.4736444056034088,0.3150310218334198,0.010601448826491833,0.9995841383934021,0.5667713284492493,0.3857359290122986,-0.10345619171857834,0.9577662944793701,0.44554391503334045,0.34379878640174866,-0.17093774676322937,0.9829620718955994,0.5478485226631165,0.2707340717315674,-0.2738323211669922,0.9675480723381042,0.4940809905529022,0.2674732506275177,-0.2947048842906952,0.9803401827812195,0.5422582626342773,0.24158351123332977,-0.3083602488040924,0.9335492253303528,0.5071364045143127,0.24556463956832886,-0.33171990513801575,0.9439672231674194,0.540960967540741,0.23683327436447144,-0.2855778932571411,0.9248097538948059,0.5083796977996826,0.24188074469566345,-0.3161240220069885,0.933279812335968,0.5409680008888245,0.24650076031684875,-0.2700304090976715,0.9001213312149048,0.5057786703109741,0.24953308701515198,-0.29155799746513367,0.914373517036438,0.5293930172920227,0.561951220035553,0.01203199103474617,0.9999074339866638,0.4793936610221863,0.5591285824775696,-0.011952188797295094,0.9997232556343079,0.5260619521141052,0.7439884543418884,-0.08133641630411148,0.9908437728881836,0.47711628675460815,0.7129327654838562,-0.06795414537191391,0.9630588889122009,0.5231518745422363,0.9236403703689575,-0.11036860942840576,0.9800758361816406,0.470050185918808,0.8042435050010681,0.15725579857826233,0.7678117752075195,0.5158534646034241,0.9465158581733704,-0.11809860169887543,0.7803917527198792,0.47187307476997375,0.8055839538574219,0.17798426747322083,0.48377054929733276,0.524488627910614,0.975387454032898,-0.22635747492313385,0.9627754092216492,0.46790727972984314,0.8734975457191467,0.13265269994735718,0.7763685584068298
kick_a_1,18,600,good,0.5279916524887085,0.23994651436805725,-0.05011818930506706,0.9999353885650635,0.5329034924507141,0.23383130133152008,-0.026307644322514534,0.9999224543571472,0.5355035066604614,0.23542818427085876,-0.02634432539343834,0.9999020099639893,0.5380135178565979,0.23681585490703583,-0.026381155475974083,0.9999145269393921,0.5252289175987244,0.22946757078170776,-0.03201064467430115,0.9999219179153442,0.5222043991088867,0.2280987650156021,-0.031992729753255844,0.9998916387557983,0.5189898610115051,0.22693152725696564,-0.03205113112926483,0.9999051690101624,0.5395126342773438,0.24454863369464874,0.07568253576755524,0.9997971057891846,0.5093232989311218,0.23589368164539337,0.04695696383714676,0.9999076128005981,0.5308886170387268,0.25764933228492737,-0.013806447386741638,0.9998931884765625,0.5211607217788696,0.2537688910961151,-0.022592388093471527,0.9998990297317505,0.5510673522949219,0.33353444933891296,0.07551278918981552,0.9997265338897705,0.47644585371017456,0.31377530097961426,0.03873293474316597,0.9995825886726379,0.5671769976615906,0.37998488545417786,-0.10307124257087708,0.9591098427772522,0.44654610753059387,0.33117106556892395,-0.12573103606700897,0.9832463264465332,0.5505627989768982,0.2646358013153076,-0.26208484172821045,0.9697718024253845,0.4962312877178192,0.2602463662624359,-0.24186448752880096,0.9797106981277466,0.5446648001670837,0.2372027039527893,-0.29235464334487915,0.9374285340309143,0.510348379611969,0.2420608252286911,-0.2702069580554962,0.9414860010147095,0.5440352559089661,0.2318483144044876,-0.2726328670978546,0.9291166067123413,0.5120178461074829,0.23766809701919556,-0.2528178095817566,0.9304242730140686,0.5443939566612244,0.24142538011074066,-0.2585039734840393,0.9057826995849609,0.5085875391960144,0.24470996856689453,-0.23773512244224548,0.9121739268302917,0.5291845202445984,0.5535320043563843,0.01051766611635685,0.9998978972434998,0.4797392189502716,0.5394309759140015,-0.010426614433526993,0.999724268913269,0.5296962857246399,0.7434567213058472,-0.05483347922563553,0.9869874715805054,0.48015615344047546,0.6558176279067993,-0.2456248253583908,0.9642193913459778,0.5234114527702332,0.9258718490600586,-0.07657065242528915,0.9751866459846497,0.4733635187149048,0.7842140197753906,-0.11111868172883987,0.7614652514457703,0.5147792100906372,0.9492731094360352,-0.08382723480463028,0.7661668062210083,0.4734567701816559,0.7919118404388428,-0.09801845252513885,0.4768942594528198,0.5293058156967163,0.9748285412788391,-0.19007784128189087,0.9558745622634888,0.4793224036693573,0.8508639931678772,-0.16893915832042694,0.7726603150367737
kick_a_1,19,633,good,0.5317994952201843,0.23616942763328552,-0.04248354956507683,0.999933660030365,0.5364853739738464,0.22842085361480713,-0.018040889874100685,0.9999192953109741,0.5389836430549622,0.23023982346057892,-0.018088914453983307,0.9998986124992371,0.5414488315582275,0.2319764345884323,-0.018138177692890167,0.9999145865440369,0.5287430286407471,0.22386151552200317,-0.024685928598046303,0.9999163746833801,0.525523841381073,0.2226533144712448,-0.024700259789824486,0.9998873472213745,0.521826446056366,0.2216947376728058,-0.024767238646745682,0.9999038577079773,0.5428082346916199,0.24058185517787933,0.08354482799768448,0.9997729659080505,0.5117955803871155,0.23033401370048523,0.05122646316885948,0.9999085664749146,0.5341455340385437,0.2549103796482086,-0.006469227839261293,0.9998661875724792,0.5242606401443481,0.2500995993614197,-0.016297416761517525,0.9998894333839417,0.5524942874908447,0.3335365056991577,0.08887898176908493,0.9997099041938782,0.47758540511131287,0.30846738815307617,0.04269798845052719,0.999580979347229,0.5661501288414001,0.37806016206741333,-0.07641912251710892,0.9591236710548401,0.44756144285202026,0.3143123388290405,-0.06672680377960205,0.9839684367179871,0.5540220141410828,0.2648448944091797,-0.21222607791423798,0.9713551998138428,0.4996492564678192,0.24739156663417816,-0.08377805352210999,0.9786766171455383,0.5490493178367615,0.23726506531238556,-0.23896226286888123,0.9400705099105835,0.5130360126495361,0.23010039329528809,-0.09706700593233109,0.9370114803314209,0.5476966500282288,0.23317205905914307,-0.2126648873090744,0.9319667816162109,0.515803337097168,0.22882609069347382,-0.07968394458293915,0.9253989458084106,0.5475801825523376,0.24174462258815765,-0.2063414752483368,0.9098764657974243,0.5122925639152527,0.2353801727294922,-0.07742317020893097,0.9082289338111877,0.5287372469902039,0.5455077886581421,0.015620226971805096,0.9998645186424255,0.47970500588417053,0.5223154425621033,-0.015547339804470539,0.9996906518936157,0.5354591012001038,0.7374948859214783,-0.050561971962451935,0.976845383644104,0.48569220304489136,0.5909498929977417,-0.30236002802848816,0.9645092487335205,0.5232933759689331,0.9192307591438293,-0.05869453772902489,0.965179979801178,0.47584497928619385,0.7472370862960815,-0.21912163496017456,0.7580336332321167,0.5128066539764404,0.9479885697364807,-0.06389351189136505,0.7486623525619507,0.4734770357608795,0.759189248085022,-0.21009698510169983,0.4791879653930664,0.5320384502410889,0.97305828332901,-0.1616506576538086,0.9442842602729797,0.4857936203479767,0.8155474066734314,-0.28803750872612,0.772925078868866
kick_a_1,20,667,good,0.5359334349632263,0.23502519726753235,-0.010495910421013832,0.9999341368675232,0.5400723218917847,0.22748583555221558,0.01232761237770319,0.9999200701713562,0.5423359274864197,0.2293974906206131,0.012276683002710342,0.9998990297317505,0.5445801615715027,0.23128406703472137,0.012189875356853008,0.9999178647994995,0.5326881408691406,0.2231425791978836,0.005311683285981417,0.9999152421951294,0.5294945240020752,0.22197982668876648,0.005288180895149708,0.9998874068260193,0.5258881449699402,0.22088167071342468,0.005229602567851543,0.9999068975448608,0.5444633960723877,0.24048741161823273,0.1054774820804596,0.9997691512107849,0.5156615972518921,0.2278328835964203,0.07066626846790314,0.9999140501022339,0.5376231074333191,0.25463348627090454,0.022718021646142006,0.9998491406440735,0.5283517837524414,0.24891218543052673,0.011969736777245998,0.999889075756073,0.5524652004241943,0.33469825983047485,0.1098659560084343,0.9996940493583679,0.4771474301815033,0.30690982937812805,0.07955213636159897,0.9995976090431213,0.5650062561035156,0.37722429633140564,-0.02097235806286335,0.9557947516441345,0.44928932189941406,0.29953259229660034,0.08354994654655457,0.9834082722663879,0.556199848651886,0.26152580976486206,-0.10827026516199112,0.9707302451133728,0.5034875273704529,0.23677358031272888,0.20600363612174988,0.9674085974693298,0.5521118640899658,0.23390087485313416,-0.12759965658187866,0.9391148686408997,0.5180129408836365,0.21954317390918732,0.21422699093818665,0.9109423756599426,0.5509665012359619,0.23127369582653046,-0.09847365319728851,0.93055659532547,0.5210593342781067,0.22069963812828064,0.22696010768413544,0.8976133465766907,0.5507312417030334,0.24009329080581665,-0.10067575424909592,0.9090394377708435,0.5173079967498779,0.22727589309215546,0.2131679654121399,0.884407103061676,0.5284802913665771,0.5426862239837646,0.01430955994874239,0.9998505711555481,0.4795486629009247,0.5120494365692139,-0.01433594897389412,0.9996739625930786,0.5343208312988281,0.7372612357139587,-0.05802732706069946,0.9728032350540161,0.488732248544693,0.5118454098701477,-0.3294612467288971,0.96412593126297,0.5216836333274841,0.9247034788131714,-0.08481849730014801,0.9613211154937744,0.47703877091407776,0.7169265151023865,-0.32536619901657104,0.7579848766326904,0.5109153389930725,0.9516567587852478,-0.09120054543018341,0.7495366334915161,0.47369202971458435,0.7412589192390442,-0.3230923116207123,0.4911481440067291,0.5322863459587097,0.9888085126876831,-0.19279785454273224,0.9399837851524353,0.493713915348053,0.7848679423332214,-0.4155851900577545,0.7772212028503418
kick_a_1,21,700,good,0.5378327965736389,0.23519493639469147,0.005670174956321716,0.9999291896820068,0.5418425798416138,0.2280242145061493,0.027017543092370033,0.9999133348464966,0.5440980195999146,0.22973139584064484,0.02696293406188488,0.9998924732208252,0.5462420582771301,0.23217979073524475,0.02686309441924095,0.9999160170555115,0.5345632433891296,0.22447168827056885,0.018261874094605446,0.9999024868011475,0.5314194560050964,0.22334085404872894,0.018246429041028023,0.9998765587806702,0.5279818773269653,0.22238366305828094,0.018176214769482613,0.9999017119407654,0.545954167842865,0.2405783236026764,0.1240842342376709,0.999755859375,0.5183079242706299,0.22957107424736023,0.08193609863519669,0.9999147653579712,0.5393585562705994,0.25485363602638245,0.0422852486371994,0.9998105764389038,0.5307401418685913,0.25043633580207825,0.029459035024046898,0.9998728632926941,0.5537200570106506,0.33294880390167236,0.15026022493839264,0.9997053742408752,0.4782959818840027,0.29958832263946533,0.09750751405954361,0.999618649482727,0.5646620392799377,0.380354642868042,0.037912171334028244,0.9545659422874451,0.4513810873031616,0.2920493483543396,0.09668303281068802,0.983745813369751,0.5582148432731628,0.2622853219509125,-0.05176307633519173,0.97120600938797,0.5071710348129272,0.23259736597537994,0.20083333551883698,0.9635921716690063,0.5546640157699585,0.23486657440662384,-0.07180380821228027,0.9398481845855713,0.5218802690505981,0.21406736969947815,0.20871827006340027,0.9006100296974182,0.5539165735244751,0.23186813294887543,-0.042349833995103836,0.9312869906425476,0.5244438052177429,0.21568259596824646,0.21886268258094788,0.8871077299118042,0.5534082055091858,0.24132196605205536,-0.04381854832172394,0.9106509685516357,0.5202109813690186,0.22344425320625305,0.20783142745494843,0.8757753372192383,0.5282893180847168,0.529410183429718,0.014817589893937111,0.9998214244842529,0.4795573651790619,0.49913883209228516,-0.014613905921578407,0.9996083974838257,0.5347411036491394,0.7011975646018982,-0.07799076288938522,0.970975935459137,0.4975285232067108,0.46915918588638306,-0.3430509567260742,0.9652369022369385,0.5181006789207458,0.9130322933197021,-0.14485523104667664,0.9580217599868774,0.4821968674659729,0.703030526638031,-0.35830143094062805,0.7544755935668945,0.5065087080001831,0.9312640428543091,-0.15298262238502502,0.753984808921814,0.4746442437171936,0.7219555974006653,-0.3563370406627655,0.5043905973434448,0.5317711234092712,0.9864410161972046,-0.2449304163455963,0.9361212253570557,0.5064342617988586,0.7939088344573975,-0.4337567090988159,0.7757991552352905
kick_a_1,22,734,good,0.5402089953422546,0.23720134794712067,-0.008689925074577332,0.999894380569458,0.5440424084663391,0.22938382625579834,0.013255378231406212,0.9998754858970642,0.5462026000022888,0.23080991208553314,0.013206594623625278,0.9998471140861511,0.5482543110847473,0.23290280997753143,0.013108786195516586,0.9998871684074402,0.5364576578140259,0.22612044215202332,0.0035183390136808157,0.9998549818992615,0.5333510041236877,0.2249423712491989,0.0034961774945259094,0.9998324513435364,0.5298740863800049,0.22392146289348602,0.0034150234423577785,0.9998751282691956,0.5482303500175476,0.2406589388847351,0.11290273815393448,0.9996659159660339,0.520118236541748,0.23060446977615356,0.065911203622818,0.9999067783355713,0.5409325361251831,0.25573569536209106,0.028441665694117546,0.999686062335968,0.5321629047393799,0.251661479473114,0.014268274419009686,0.9998345971107483,0.5534709692001343,0.33345985412597656,0.13732053339481354,0.9996811151504517,0.4793640375137329,0.2962043285369873,0.07581537216901779,0.9996403455734253,0.567008376121521,0.3810790181159973,0.007713780272752047,0.9527586102485657,0.4546223282814026,0.28453153371810913,0.04299069941043854,0.9845784306526184,0.5597581267356873,0.26013603806495667,-0.09399394690990448,0.9701617956161499,0.5127775073051453,0.22837123274803162,0.12760016322135925,0.9599670767784119,0.5570043325424194,0.23182721436023712,-0.1158032938838005,0.9369664788246155,0.528365433216095,0.21232430636882782,0.13284949958324432,0.8881446719169617,0.5561195611953735,0.22987765073776245,-0.08017627894878387,0.9276881814002991,0.5308825373649597,0.2135162353515625,0.14967253804206848,0.8743771314620972,0.5552140474319458,0.2399599701166153,-0.08402372151613235,0.9074726700782776,0.5265721082687378,0.2215549647808075,0.1369170844554901,0.8639704585075378,0.5280488729476929,0.5206528306007385,0.015497795306146145,0.9997279047966003,0.48078712821006775,0.4916512966156006,-0.015195081010460854,0.9994401335716248,0.5338640213012695,0.6907376050949097,-0.09220337122678757,0.965787947177887,0.49891310930252075,0.49487271904945374,-0.3376024067401886,0.9629219770431519,0.5162421464920044,0.8944214582443237,-0.1653611958026886,0.9478915333747864,0.48941317200660706,0.683057963848114,-0.39000245928764343,0.742216944694519,0.5008582472801208,0.9251474738121033,-0.17380546033382416,0.7542719841003418,0.48099154233932495,0.703949511051178,-0.3914054036140442,0.5110672116279602,0.5315420627593994,0.9700556993484497,-0.2604694366455078,0.9266413450241089,0.5133591294288635,0.7563557028770447,-0.47133034467697144,0.7677074074745178
kick_a_1,23,767,good,0.5408517122268677,0.2413315623998642,0.035485051572322845,0.9998981952667236,0.5447908043861389,0.23290559649467468,0.059472858905792236,0.9998811483383179,0.5469295382499695,0.23466597497463226,0.0594341978430748,0.9998530149459839,0.5490695238113403,0.23675447702407837,0.0593365840613842,0.9998932480812073,0.5367287993431091,0.22836999595165253,0.049667224287986755,0.9998614192008972,0.5334656834602356,0.2270752340555191,0.04962952435016632,0.9998401403427124,0.529914379119873,0.2259320765733719,0.049514543265104294,0.9998831152915955,0.5494655966758728,0.24551454186439514,0.15550382435321808,0.9996815919876099,0.5210468769073486,0.2337738424539566,0.10670604556798935,0.9999133348464966,0.5412707924842834,0.260933518409729,0.06945314258337021,0.9996797442436218,0.5324227213859558,0.25719839334487915,0.05463697761297226,0.9998378753662109,0.5532566905021667,0.3383080065250397,0.1661575585603714,0.9996814131736755,0.48153430223464966,0.29842430353164673,0.11653289943933487,0.9996618032455444,0.5678489804267883,0.38146182894706726,0.07285487651824951,0.9524064064025879,0.4572431147098541,0.2775559425354004,0.12553837895393372,0.9843916893005371,0.5620666742324829,0.2618744671344757,0.02770836465060711,0.9688838124275208,0.5157395005226135,0.22730359435081482,0.2525548040866852,0.9479933381080627,0.559060275554657,0.2328033745288849,0.015227741561830044,0.9326454401016235,0.5317761898040771,0.21058723330497742,0.2661040425300598,0.8600921034812927,0.5576180219650269,0.23043721914291382,0.048699475824832916,0.9222308397293091,0.534011721611023,0.21252110600471497,0.28130418062210083,0.8451650738716125,0.5568050146102905,0.2406320422887802,0.03849337249994278,0.9022592306137085,0.5300226807594299,0.22108058631420135,0.2614687383174896,0.8376232981681824,0.5279585719108582,0.5255540013313293,0.014703482389450073,0.999670684337616,0.4809251129627228,0.5016030669212341,-0.01441879477351904,0.9992836117744446,0.5332709550857544,0.6928541660308838,-0.08826535195112228,0.9613204598426819,0.5013553500175476,0.5360238552093506,-0.279190331697464,0.9557659029960632,0.5166465044021606,0.895135760307312,-0.16362421214580536,0.9364079236984253,0.5003912448883057,0.701574444770813,-0.33857405185699463,0.7229453921318054,0.5022090077400208,0.9186635613441467,-0.1730806827545166,0.7488895058631897,0.4931596517562866,0.7200502157211304,-0.34067291021347046,0.5057404637336731,0.5312480330467224,0.967638373374939,-0.2609117925167084,0.9172927141189575,0.5262007117271423,0.7694783806800842,-0.4150094985961914,0.7565330862998962
kick_a_1,24,800,good,0.5432828068733215,0.2529313564300537,0.019071411341428757,0.999893069267273,0.5472657084465027,0.24410556256771088,0.04792492836713791,0.9998823404312134,0.5494639277458191,0.24607501924037933,0.04775429144501686,0.9998524785041809,0.5516209006309509,0.24795863032341003,0.0474146269261837,0.999895453453064,0.5396595597267151,0.2382728010416031,0.015461516566574574,0.9998607635498047,0.536437451839447,0.23648345470428467,0.015472008846700191,0.9998377561569214,0.5329318046569824,0.2345293164253235,0.015452682971954346,0.9998833537101746,0.5509548783302307,0.2550029456615448,0.1212274506688118,0.9996929168701172,0.5237879753112793,0.23942925035953522,0.06147417053580284,0.9999164938926697,0.5438244342803955,0.27091091871261597,0.04822918027639389,0.9996764063835144,0.5352554321289062,0.26642024517059326,0.0349922738969326,0.9998384714126587,0.5526629090309143,0.3441545367240906,0.14012953639030457,0.999678909778595,0.48343566060066223,0.2986524701118469,0.09385411441326141,0.9996601343154907,0.5677595734596252,0.3823849856853485,0.04560646787285805,0.948369026184082,0.4601370394229889,0.27348998188972473,0.046096425503492355,0.9828150272369385,0.5653353929519653,0.26942679286003113,-0.03596208617091179,0.9668439626693726,0.5183926820755005,0.2315244823694229,0.13818226754665375,0.9368000626564026,0.5625082850456238,0.23967717587947845,-0.0538184829056263,0.9282706379890442,0.5333473682403564,0.21491864323616028,0.1435917466878891,0.8364346623420715,0.5609341859817505,0.23553650081157684,-0.028027337044477463,0.9171680212020874,0.536161482334137,0.21657274663448334,0.1534038931131363,0.8206118941307068,0.5593710541725159,0.2468193620443344,-0.028922410681843758,0.8975607752799988,0.5315262675285339,0.22490832209587097,0.14508052170276642,0.8154628276824951,0.5251500606536865,0.5275700688362122,0.021203231066465378,0.9996683597564697,0.48084571957588196,0.499698281288147,-0.02084546908736229,0.999258816242218,0.5329806804656982,0.6958428621292114,-0.07613654434680939,0.9564218521118164,0.5036119222640991,0.4304974675178528,-0.30962976813316345,0.9524093866348267,0.5158154964447021,0.8797128796577454,-0.1353541910648346,0.9276479482650757,0.506251335144043,0.6024401783943176,-0.33166491985321045,0.7104859948158264,0.5023947954177856,0.9012861847877502,-0.14219683408737183,0.7519684433937073,0.500216543674469,0.6221320033073425,-0.3295404314994812,0.5148323774337769,0.5311313271522522,0.9469752311706543,-0.21441181004047394,0.9105645418167114,0.5311532020568848,0.6640940308570862,-0.3848113715648651,0.7509145140647888
kick_a_1,25,834,good,0.5441928505897522,0.2636794149875641,0.013118120841681957,0.9998677372932434,0.5480747818946838,0.2550238370895386,0.03790260851383209,0.999853789806366,0.5500819683074951,0.2568422555923462,0.03790402039885521,0.9998143911361694,0.5520206093788147,0.25846150517463684,0.03781525418162346,0.9998708367347717,0.540873646736145,0.24864067137241364,0.018114157021045685,0.9998273253440857,0.5376899838447571,0.24647462368011475,0.01812276430428028,0.9998005628585815,0.5343684554100037,0.24405638873577118,0.01805136911571026,0.999858021736145,0.550498902797699,0.26392048597335815,0.14302638173103333,0.9996458888053894,0.525357186794281,0.246014803647995,0.06198272481560707,0.9999062418937683,0.5442221760749817,0.2799611985683441,0.051981713622808456,0.9996261596679688,0.5364020466804504,0.27440255880355835,0.029020758345723152,0.9998140931129456,0.5502500534057617,0.34725889563560486,0.1858009397983551,0.9996674060821533,0.48423054814338684,0.29951778054237366,0.052943285554647446,0.9996756911277771,0.5680930018424988,0.3828602433204651,0.11973150074481964,0.9463251233100891,0.46498173475265503,0.2727018892765045,-0.034580983221530914,0.9839518666267395,0.5670366883277893,0.2737634778022766,0.05724631994962692,0.9660221934318542,0.5196582078933716,0.23421791195869446,0.0342414416372776,0.9378757476806641,0.5633403658866882,0.24682088196277618,0.041614141315221786,0.9255446195602417,0.533189058303833,0.21775636076927185,0.03714548051357269,0.8357347846031189,0.5616394281387329,0.24112096428871155,0.07011671364307404,0.9141873717308044,0.5358892679214478,0.21867410838603973,0.05466866120696068,0.8196086287498474,0.5604116320610046,0.2517593801021576,0.06474662572145462,0.8955172300338745,0.5315238833427429,0.2270326167345047,0.04205137863755226,0.814297616481781,0.5251508355140686,0.5307372212409973,0.05607297271490097,0.9994589686393738,0.48337113857269287,0.5025321245193481,-0.05598612502217293,0.9986469745635986,0.5327303409576416,0.6991744637489319,-0.0380542129278183,0.9448989033699036,0.5181883573532104,0.610395610332489,-0.19344300031661987,0.9423204064369202,0.5142816305160522,0.8848116397857666,-0.07836338877677917,0.9163388013839722,0.50826096534729,0.7481735348701477,-0.3088937997817993,0.7033957242965698,0.5012233257293701,0.906453013420105,-0.08497218787670135,0.7544779181480408,0.497601717710495,0.7587656378746033,-0.2679538130760193,0.5176029205322266,0.5325235724449158,0.9475507736206055,-0.15415643155574799,0.9005683660507202,0.5382812023162842,0.8194866180419922,-0.3683318495750427,0.74006187915802
kick_a_1,26,867,good,0.5424374341964722,0.26278606057167053,-0.09770487993955612,0.9998459815979004,0.5432747006416321,0.2536642551422119,-0.08629894256591797,0.9998496770858765,0.5442702770233154,0.25522318482398987,-0.08644457906484604,0.9998090267181396,0.5478728413581848,0.2568008005619049,-0.08659064024686813,0.9998536705970764,0.5393865704536438,0.2476440668106079,-0.09766409546136856,0.9998128414154053,0.5353828072547913,0.24634945392608643,-0.0976470336318016,0.9997890591621399,0.5332448482513428,0.24424974620342255,-0.09764882922172546,0.9998369216918945,0.5413442850112915,0.25521349906921387,0.005016892217099667,0.9996391534805298,0.5218860507011414,0.2439594715833664,-0.04964262247085571,0.9998946785926819,0.5418069958686829,0.2790980339050293,-0.058459583669900894,0.9995999932289124,0.536064863204956,0.2735804319381714,-0.07476375997066498,0.9997974038124084,0.5418002605438232,0.3053155541419983,0.051387373358011246,0.9996945261955261,0.48355087637901306,0.28845101594924927,0.0033515198156237602,0.9996442198753357,0.5611835718154907,0.3786405324935913,-0.06946636736392975,0.9002067446708679,0.48562777042388916,0.28304046392440796,-0.051889196038246155,0.9018340110778809,0.5645506381988525,0.27403950691223145,-0.24092526733875275,0.9370760917663574,0.5107524991035461,0.24937911331653595,-0.0949750617146492,0.8679156303405762,0.5620577931404114,0.2493959218263626,-0.26204484701156616,0.9052308201789856,0.5078878998756409,0.23680688440799713,-0.10103481262922287,0.784166157245636,0.5590628981590271,0.24570739269256592,-0.25702500343322754,0.8915107250213623,0.5112749934196472,0.23485510051250458,-0.10183251649141312,0.7672680616378784,0.5581331849098206,0.2541085183620453,-0.24183177947998047,0.8656502962112427,0.5136545300483704,0.24089299142360687,-0.09495511651039124,0.7603761553764343,0.5200731754302979,0.5180000066757202,0.041761595755815506,0.9995104670524597,0.47828900814056396,0.49205735325813293,-0.04116692766547203,0.9987470507621765,0.5327795743942261,0.6952096223831177,-0.022186540067195892,0.9386298060417175,0.4712645411491394,0.4065403640270233,-0.33982905745506287,0.9250689148902893,0.5137345790863037,0.8852737545967102,-0.07362054288387299,0.9004749059677124,0.5066043138504028,0.3451240062713623,-0.48324304819107056,0.6596390604972839,0.5015277862548828,0.9068191051483154,-0.08024987578392029,0.765164852142334,0.5078634023666382,0.36171412467956543,-0.4914494752883911,0.5318188667297363,0.5324238538742065,0.9505839943885803,-0.13795536756515503,0.896854817867279,0.531183123588562,0.27741676568984985,-0.5437520742416382,0.7450100779533386
kick_a_1,27,900,good,0.5412903428077698,0.19343607127666473,-0.10073281079530716,0.9996391534805298,0.5415989756584167,0.17569968104362488,-0.08785228431224823,0.9997605681419373,0.5425446629524231,0.17616409063339233,-0.08804406225681305,0.9997040629386902,0.5453675985336304,0.17631150782108307,-0.0882166177034378,0.9997467398643494,0.5385143160820007,0.17176048457622528,-0.09459633380174637,0.999599814414978,0.5346881747245789,0.16961154341697693,-0.09457627683877945,0.9995117783546448,0.5329089760780334,0.16764149069786072,-0.09459839016199112,0.9995153546333313,0.5392659902572632,0.18022656440734863,0.007164925802499056,0.9995325803756714,0.5214166045188904,0.17284360527992249,-0.027721572667360306,0.9996729493141174,0.5405505299568176,0.20993590354919434,-0.06131068244576454,0.9995616674423218,0.5356317162513733,0.20619051158428192,-0.07183105498552322,0.9997445940971375,0.5454731583595276,0.2777195870876312,0.049824442714452744,0.9997182488441467,0.48288437724113464,0.26085230708122253,0.02067643404006958,0.9995244145393372,0.5600429773330688,0.3890039920806885,-0.0946461483836174,0.8771571516990662,0.4797474145889282,0.33583614230155945,-0.039430659264326096,0.8162894248962402,0.5659733414649963,0.2872924208641052,-0.28082749247550964,0.9247598648071289,0.48846685886383057,0.25709936022758484,-0.13455817103385925,0.7911878228187561,0.5630584955215454,0.25652873516082764,-0.3048846125602722,0.8968275785446167,0.47891953587532043,0.24646326899528503,-0.14802050590515137,0.723413348197937,0.5621765851974487,0.24829930067062378,-0.29852911829948425,0.8818133473396301,0.4804629683494568,0.24611377716064453,-0.15152187645435333,0.7072407007217407,0.5597955584526062,0.2562331259250641,-0.2807767689228058,0.8515468239784241,0.48347386717796326,0.24818404018878937,-0.13799993693828583,0.7014858722686768,0.5169149041175842,0.5119541883468628,0.03556622937321663,0.9995530843734741,0.47702881693840027,0.4908900558948517,-0.035101719200611115,0.9987775683403015,0.5345427393913269,0.6908935308456421,-0.010977846570312977,0.9106045365333557,0.4731277823448181,0.41019076108932495,-0.40940940380096436,0.8875913023948669,0.5119097828865051,0.8855823874473572,-0.0182923786342144,0.8524454832077026,0.5032876133918762,0.3247053027153015,-0.5242225527763367,0.6062158942222595,0.49812352657318115,0.9096150398254395,-0.021388806402683258,0.7536205649375916,0.5030587911605835,0.3356453776359558,-0.5319398641586304,0.5211436152458191,0.5323457717895508,0.9548792243003845,-0.08241120725870132,0.8604229092597961,0.5297229290008545,0.25148746371269226,-0.599412202835083,0.727288544178009
kick_a_1,28,934,good,0.5299652218818665,0.1789781153202057,-0.07443761825561523,0.9989310503005981,0.5306052565574646,0.16302330791950226,-0.05986916646361351,0.9994370937347412,0.5320293307304382,0.1639954000711441,-0.0600074902176857,0.999359130859375,0.5342105031013489,0.16461841762065887,-0.06015552207827568,0.9994130730628967,0.526875376701355,0.15850085020065308,-0.06921450793743134,0.998954713344574,0.5248163938522339,0.15665334463119507,-0.06921254843473434,0.9987964630126953,0.5234375596046448,0.15473133325576782,-0.06926540285348892,0.9987303018569946,0.5317438244819641,0.16706697642803192,0.03306928649544716,0.9991382360458374,0.5134602189064026,0.1619623899459839,-0.012954954989254475,0.9991214871406555,0.5323784351348877,0.19777493178844452,-0.03608449175953865,0.9992659091949463,0.52665114402771,0.1947372704744339,-0.049072958528995514,0.999320387840271,0.5447946786880493,0.26528459787368774,0.06121576949954033,0.9997148513793945,0.4824373424053192,0.25340065360069275,0.01846497505903244,0.9990960359573364,0.560087263584137,0.39800211787223816,-0.054566640406847,0.8388143181800842,0.49077853560447693,0.35068202018737793,-0.053047046065330505,0.7382985353469849,0.5642774105072021,0.28614577651023865,-0.2134779840707779,0.893666684627533,0.49177461862564087,0.2398388832807541,-0.1362767070531845,0.7218855023384094,0.5628368854522705,0.2554551064968109,-0.2317785620689392,0.8663530349731445,0.4878172278404236,0.2276269644498825,-0.14833712577819824,0.6659014821052551,0.5620179772377014,0.2473687380552292,-0.21271128952503204,0.8480615615844727,0.49304646253585815,0.21924766898155212,-0.14697904884815216,0.6494887471199036,0.5592480301856995,0.2539800703525543,-0.208298921585083,0.8132076859474182,0.49213868379592896,0.22870990633964539,-0.13687452673912048,0.6439528465270996,0.5148943066596985,0.5079630017280579,0.04210551828145981,0.9995877146720886,0.4766823649406433,0.4867089092731476,-0.04175935313105583,0.9987329840660095,0.5347223877906799,0.6890588998794556,-0.011565377935767174,0.8886646628379822,0.4711051285266876,0.3822982609272003,-0.4012419283390045,0.8558968305587769,0.5114656090736389,0.8955883383750916,-0.043457988649606705,0.8355685472488403,0.5017150640487671,0.34143584966659546,-0.41315343976020813,0.556542694568634,0.497981995344162,0.9233038425445557,-0.049094852060079575,0.7564444541931152,0.501728892326355,0.35089799761772156,-0.40946558117866516,0.4966854155063629,0.53392094373703,0.9716641902923584,-0.11890130490064621,0.8491018414497375,0.5249293446540833,0.2979009747505188,-0.459220290184021,0.6935679316520691
kick_a_1,29,967,good,0.5300557613372803,0.1893828958272934,-0.00241451570764184,0.9986855983734131,0.5303939580917358,0.17213167250156403,0.005402987357228994,0.9993007183074951,0.5314187407493591,0.17208005487918854,0.005231914576143026,0.9992123246192932,0.532895565032959,0.17188382148742676,0.005054841283708811,0.9992769956588745,0.5268928408622742,0.16992130875587463,-0.014982376247644424,0.9987587928771973,0.5248376131057739,0.1687319278717041,-0.014949220232665539,0.9985979199409485,0.523546040058136,0.16743837296962738,-0.015010706149041653,0.9985271096229553,0.5285125374794006,0.17477823793888092,0.0689181387424469,0.9988656640052795,0.5135343074798584,0.17183345556259155,-0.008512299507856369,0.9990077614784241,0.532386064529419,0.2081834375858307,0.028498245403170586,0.999081552028656,0.5269472002983093,0.20554165542125702,0.0011626979103311896,0.9991173148155212,0.5395249724388123,0.2671602666378021,0.13585849106311798,0.999703049659729,0.4835372567176819,0.25399839878082275,-0.014885869808495045,0.998928964138031,0.5620582699775696,0.40236327052116394,0.049905307590961456,0.7853803038597107,0.5061526894569397,0.35175085067749023,-0.07729552686214447,0.6792240142822266,0.5655263662338257,0.2905445396900177,-0.07893393933773041,0.8451775908470154,0.522824764251709,0.2404303401708603,-0.1022944375872612,0.6692847013473511,0.5635650157928467,0.26013240218162537,-0.0889514908194542,0.8183199763298035,0.5179539322853088,0.21591471135616302,-0.10859841853380203,0.6229759454727173,0.5614705681800842,0.2525869607925415,-0.06930819898843765,0.7983437776565552,0.5173196196556091,0.20507179200649261,-0.10270305722951889,0.6053794622421265,0.5587900280952454,0.25914254784584045,-0.07311556488275528,0.7622674703598022,0.5215867161750793,0.2205287516117096,-0.09878938645124435,0.5983706116676331,0.513874888420105,0.5055128931999207,0.053218040615320206,0.9995937347412109,0.4787020981311798,0.48777374625205994,-0.05302327126264572,0.9985173344612122,0.5354171395301819,0.6907845139503479,0.027802223339676857,0.8625586032867432,0.4748154878616333,0.40896520018577576,-0.43208712339401245,0.8335603475570679,0.510726273059845,0.903271496295929,0.004901587031781673,0.8252376914024353,0.5080811977386475,0.39716461300849915,-0.4736431837081909,0.5129615664482117,0.49629777669906616,0.9313104152679443,0.0012203794904053211,0.7607768177986145,0.508951723575592,0.40365153551101685,-0.47207343578338623,0.4700453579425812,0.5345867872238159,0.9777601361274719,-0.04719961807131767,0.8372926115989685,0.5306692719459534,0.3749890625476837,-0.5089355111122131,0.658491313457489
kick_a_1,30,1001,good,0.5337117314338684,0.22627310454845428,0.02361730858683586,0.9980538487434387,0.5306035280227661,0.2039823830127716,0.034919872879981995,0.9989567399024963,0.531874418258667,0.20226310193538666,0.03476541116833687,0.9987821578979492,0.5330978035926819,0.20072536170482635,0.03459088131785393,0.9988934397697449,0.5289205312728882,0.2069859802722931,0.01223047636449337,0.9982743263244629,0.527963399887085,0.2072000503540039,0.012268933467566967,0.9981094002723694,0.5275346040725708,0.20748667418956757,0.012190091423690319,0.9981023669242859,0.5283794403076172,0.20328208804130554,0.09927264600992203,0.9980229139328003,0.519041895866394,0.21480605006217957,-0.0019189438316971064,0.9987589716911316,0.534170925617218,0.24093469977378845,0.052524447441101074,0.9981304407119751,0.5318471789360046,0.2414889633655548,0.021868398413062096,0.9982638955116272,0.5307663083076477,0.27797731757164,0.15921077132225037,0.9996411800384521,0.4902087152004242,0.27116966247558594,-0.022288672626018524,0.9984925389289856,0.562912106513977,0.40281692147254944,0.11216199398040771,0.7232259511947632,0.524757981300354,0.3633876442909241,-0.09135399758815765,0.6274039149284363,0.565077543258667,0.2919059991836548,0.02259090170264244,0.7897783517837524,0.5303465127944946,0.2632106840610504,-0.12911473214626312,0.6419742703437805,0.5636791586875916,0.26322227716445923,0.017432386055588722,0.7645636796951294,0.5341506600379944,0.23111598193645477,-0.13982756435871124,0.6048901081085205,0.5614065527915955,0.25835472345352173,0.030518781393766403,0.7437163591384888,0.5316149592399597,0.22847120463848114,-0.1359933316707611,0.5864152312278748,0.5589796304702759,0.26788628101348877,0.025937579572200775,0.7079097628593445,0.5308841466903687,0.23362839221954346,-0.12734341621398926,0.5749684572219849,0.5126989483833313,0.5074595212936401,0.05440184846520424,0.9995941519737244,0.48031654953956604,0.4900013208389282,-0.0542893186211586,0.9981929063796997,0.5384913682937622,0.6898155212402344,0.002634697360917926,0.830486536026001,0.47496891021728516,0.4075503945350647,-0.42802390456199646,0.7897149324417114,0.5098555684089661,0.9032447338104248,-0.028637288138270378,0.8043389320373535,0.51310133934021,0.360313355922699,-0.4556402266025543,0.4681171774864197,0.4963056743144989,0.9294778108596802,-0.03378238528966904,0.7613492012023926,0.5165607333183289,0.36108434200286865,-0.4526212811470032,0.4395798146724701,0.5353443026542664,0.9763396978378296,-0.08437635749578476,0.818036675453186,0.5324192643165588,0.3251442313194275,-0.48896148800849915,0.6157239079475403
kick_a_1,31,1034,good,0.5406824946403503,0.2907635569572449,0.04884042218327522,0.9981489181518555,0.5426040291786194,0.2786465287208557,0.06624580174684525,0.9989574551582336,0.5439623594284058,0.2781451642513275,0.06619707494974136,0.998793363571167,0.5450195074081421,0.2772732377052307,0.0661168247461319,0.9989227056503296,0.5402171015739441,0.2729402184486389,0.04470617324113846,0.9983215928077698,0.5391073226928711,0.2705394923686981,0.044709041714668274,0.9981761574745178,0.5374515056610107,0.2675703763961792,0.04461359977722168,0.9981761574745178,0.5397064685821533,0.27350467443466187,0.1506461650133133,0.9981160759925842,0.528566837310791,0.26381346583366394,0.04999997466802597,0.9987888336181641,0.5392546057701111,0.2993447780609131,0.08305694907903671,0.9981422424316406,0.5366221070289612,0.29616355895996094,0.05357324331998825,0.9982588291168213,0.5318527817726135,0.330604612827301,0.19822849333286285,0.9996097087860107,0.48904356360435486,0.2820071280002594,-0.015627147629857063,0.9986041188240051,0.5669717192649841,0.40500956773757935,0.14722202718257904,0.7383047342300415,0.5162134170532227,0.3036148250102997,-0.07384835928678513,0.6612117886543274,0.5669254660606384,0.2911975383758545,0.08818233013153076,0.8008722066879272,0.5296142101287842,0.25850406289100647,-0.04281372204422951,0.665385365486145,0.562886118888855,0.2623790502548218,0.0773438960313797,0.7700640559196472,0.5411904454231262,0.23377735912799835,-0.04177552089095116,0.6221356391906738,0.5606605410575867,0.2576432526111603,0.1035187765955925,0.7498887181282043,0.5402982234954834,0.23362146317958832,-0.04142582789063454,0.6042232513427734,0.5587626099586487,0.2669064402580261,0.09575975686311722,0.7156299352645874,0.5372378826141357,0.2404901534318924,-0.04035605117678642,0.5914341807365417,0.5165655016899109,0.5313864946365356,0.06822720915079117,0.9994881749153137,0.48338860273361206,0.5121767520904541,-0.06803859025239944,0.9981390237808228,0.5416542887687683,0.689646303653717,-0.01848902925848961,0.8231699466705322,0.5260903835296631,0.646101713180542,-0.24830007553100586,0.8059536218643188,0.5098855495452881,0.8996500372886658,-0.06088004261255264,0.7972444295883179,0.5121282935142517,0.8149484992027283,-0.2965492606163025,0.5080490708351135,0.4961116909980774,0.9249107837677002,-0.06679010391235352,0.7671552896499634,0.5020263195037842,0.8345369696617126,-0.3000572621822357,0.48068249225616455,0.5348556637763977,0.9699069261550903,-0.10086315125226974,0.8133024573326111,0.5462542176246643,0.900902509689331,-0.361028254032135,0.6401609778404236
kick_a_1,32,1067,good,0.5398848056793213,0.2866743505001068,0.09729690104722977,0.9983332753181458,0.5430648922920227,0.2760392725467682,0.1227792501449585,0.9990608096122742,0.545131504535675,0.2781369686126709,0.12282899022102356,0.9989126324653625,0.5470304489135742,0.2799963653087616,0.12279336154460907,0.9990297555923462,0.5384743809700012,0.26880183815956116,0.10671312361955643,0.9984883666038513,0.5369130373001099,0.26623350381851196,0.10671429336071014,0.9983569383621216,0.5353916883468628,0.26333916187286377,0.10663221031427383,0.9983577132225037,0.5438203811645508,0.28601157665252686,0.22545476257801056,0.9983031153678894,0.5264599323272705,0.26383087038993835,0.1491144597530365,0.998909592628479,0.5388441681861877,0.30347177386283875,0.1329108625650406,0.9983255863189697,0.536302387714386,0.2986071705818176,0.11006546020507812,0.998431384563446,0.5319595336914062,0.3700859248638153,0.25169315934181213,0.999636709690094,0.4885973036289215,0.31099551916122437,0.11407793313264847,0.9987344741821289,0.5726938843727112,0.4044641852378845,0.21305985748767853,0.7608269453048706,0.4957771301269531,0.2605471909046173,0.1098162829875946,0.6947422027587891,0.5680145621299744,0.29066896438598633,0.183735191822052,0.8167669177055359,0.5323912501335144,0.2454647719860077,0.3052021563053131,0.6822759509086609,0.5628456473350525,0.2620736360549927,0.17158108949661255,0.7839984893798828,0.546942949295044,0.23370106518268585,0.3198328912258148,0.6163563132286072,0.560419499874115,0.2569867968559265,0.197129487991333,0.7648057341575623,0.5479462146759033,0.23462462425231934,0.3310023844242096,0.5967186093330383,0.5588985681533813,0.2667829692363739,0.19082336127758026,0.7327895164489746,0.5433903932571411,0.2411227524280548,0.31199559569358826,0.5892287492752075,0.5206772685050964,0.5533028841018677,0.05856627970933914,0.9994987845420837,0.4837033152580261,0.5444691777229309,-0.058338411152362823,0.9981154799461365,0.5413046479225159,0.6997708082199097,-0.04617493227124214,0.8253117799758911,0.517932653427124,0.688247799873352,-0.08359827101230621,0.7895809412002563,0.5096433162689209,0.9030855298042297,-0.15763814747333527,0.7822741270065308,0.511370837688446,0.7701374888420105,-0.01760038360953331,0.46594303846359253,0.4965052008628845,0.9275824427604675,-0.17149938642978668,0.759819507598877,0.501972496509552,0.7702973484992981,-0.009301201440393925,0.4481571614742279,0.5303714871406555,0.9698559641838074,-0.24181696772575378,0.8069854974746704,0.5395214557647705,0.8339956402778625,-0.033479463309049606,0.5928194522857666
kick_a_1,33,1101,good,0.5409030318260193,0.2837376594543457,0.09152007102966309,0.9984984397888184,0.5456238985061646,0.2754288911819458,0.11404528468847275,0.9991531372070312,0.5475946068763733,0.27822965383529663,0.11407426744699478,0.9990187287330627,0.5493787527084351,0.28085827827453613,0.11399276554584503,0.999125599861145,0.539413332939148,0.2668318748474121,0.09854365140199661,0.9986375570297241,0.5368661284446716,0.26399898529052734,0.09855033457279205,0.9985186457633972,0.5343515276908875,0.26067644357681274,0.0984933152794838,0.9985204935073853,0.5449625253677368,0.2879052758216858,0.20679569244384766,0.9984709024429321,0.5248754620552063,0.26066115498542786,0.1315639615058899,0.9990180730819702,0.5392131209373474,0.3015058636665344,0.12420681118965149,0.9984889626502991,0.535148561000824,0.2952900230884552,0.10172948241233826,0.99858558177948,0.5331418514251709,0.3707837462425232,0.2322331815958023,0.999659538269043,0.48803964257240295,0.3081100881099701,0.1095474511384964,0.9988535046577454,0.5736722350120544,0.40267881751060486,0.24418514966964722,0.7788704633712769,0.4909908175468445,0.24998818337917328,0.12959885597229004,0.7245360016822815,0.5675524473190308,0.29043057560920715,0.2749387323856354,0.8301457166671753,0.5313168168067932,0.23526714742183685,0.34849438071250916,0.6919545531272888,0.5624755620956421,0.2609051465988159,0.26963284611701965,0.7948591709136963,0.5449665188789368,0.23163534700870514,0.37127426266670227,0.6038429141044617,0.5601776838302612,0.25676479935646057,0.2956835627555847,0.7764737606048584,0.5449660420417786,0.23434023559093475,0.37972357869148254,0.5833200812339783,0.5588644742965698,0.2666358947753906,0.2838971018791199,0.7460164427757263,0.5404245257377625,0.2410861849784851,0.3559553325176239,0.5825596451759338,0.523577868938446,0.5477812886238098,0.053928811103105545,0.999458909034729,0.48940134048461914,0.5340836644172668,-0.05370674282312393,0.998044490814209,0.5404412746429443,0.7079938650131226,-0.04550085589289665,0.8164516091346741,0.5156263709068298,0.6505119800567627,-0.1489151567220688,0.780377209186554,0.5098115801811218,0.9115715026855469,-0.12591971457004547,0.7614216208457947,0.5103137493133545,0.7709512710571289,-0.14633511006832123,0.4434230923652649,0.49679034948349,0.929924726486206,-0.1358700841665268,0.7479806542396545,0.4967021048069,0.7766146063804626,-0.14344406127929688,0.43410956859588623,0.5304555296897888,0.9779321551322937,-0.20310018956661224,0.7908454537391663,0.5358779430389404,0.8448643684387207,-0.18711242079734802,0.5632019639015198
kick_a_1,34,1134,good,0.5407664775848389,0.2773796617984772,0.07218337804079056,0.9986468553543091,0.5452477335929871,0.26791858673095703,0.09516426175832748,0.9992361664772034,0.5468432307243347,0.27012914419174194,0.09516966342926025,0.999113917350769,0.5484247207641602,0.27212610840797424,0.09506987780332565,0.9992119073867798,0.5379695892333984,0.2607817053794861,0.08086598664522171,0.9987718462944031,0.5348231792449951,0.2583833336830139,0.08086598664522171,0.9986642003059387,0.5316072702407837,0.2555592656135559,0.08082922548055649,0.9986671805381775,0.5441876649856567,0.279562771320343,0.1877707988023758,0.99862140417099,0.5216602087020874,0.25890570878982544,0.1178613156080246,0.9991158246994019,0.539070725440979,0.29554423689842224,0.1047331765294075,0.9986346960067749,0.5345866680145264,0.2905968427658081,0.08387076109647751,0.9987242221832275,0.5340502262115479,0.36759495735168457,0.21242675185203552,0.9996843338012695,0.4843471348285675,0.3079680800437927,0.09957464784383774,0.9989640712738037,0.5735450387001038,0.39999920129776,0.17885847389698029,0.7950814962387085,0.4809402525424957,0.2513888478279114,0.11203515529632568,0.7510980367660522,0.5674089193344116,0.2874809205532074,0.17495740950107574,0.8415429592132568,0.5288857817649841,0.22912591695785522,0.3194853663444519,0.6993542909622192,0.5622256398200989,0.25957542657852173,0.16361205279827118,0.802447497844696,0.54182368516922,0.22575822472572327,0.3388955295085907,0.5916507244110107,0.5599443316459656,0.25578564405441284,0.19420212507247925,0.7843227982521057,0.5435811877250671,0.23257486522197723,0.34976625442504883,0.5705085396766663,0.5586307644844055,0.26646289229393005,0.18372276425361633,0.7554564476013184,0.5383928418159485,0.2399028092622757,0.32717955112457275,0.5767039060592651,0.5235568284988403,0.5394237041473389,0.04878797009587288,0.9994961619377136,0.4886474311351776,0.5008845329284668,-0.04845672473311424,0.9981970191001892,0.5399709939956665,0.7026165127754211,-0.055192865431308746,0.8205137848854065,0.510517418384552,0.5272552967071533,-0.2530430257320404,0.794743001461029,0.5098960995674133,0.9115328788757324,-0.12472023069858551,0.7654097676277161,0.48253604769706726,0.6859281063079834,-0.29780295491218567,0.4558303952217102,0.49617889523506165,0.9301672577857971,-0.13389921188354492,0.7506448030471802,0.4699077308177948,0.693806529045105,-0.29657357931137085,0.44978904724121094,0.5295133590698242,0.9778438806533813,-0.2095274031162262,0.7927038073539734,0.4966931939125061,0.7472605109214783,-0.34923800826072693,0.5696921944618225
kick_a_1,35,1167,good,0.5404988527297974,0.27400195598602295,0.10542694479227066,0.9987820982933044,0.5448782444000244,0.2642548978328705,0.13090820610523224,0.9993124604225159,0.5462305545806885,0.2661674916744232,0.13092593848705292,0.9992023706436157,0.5477522015571594,0.2679264545440674,0.1308346688747406,0.9992906451225281,0.5372520089149475,0.25796249508857727,0.11658701300621033,0.9988945722579956,0.533838152885437,0.2557566165924072,0.11658068746328354,0.9987977147102356,0.5302727222442627,0.2532367408275604,0.11656305938959122,0.9988003969192505,0.543671727180481,0.2741839289665222,0.22468094527721405,0.9987591505050659,0.5208853483200073,0.2568909525871277,0.1548987179994583,0.9992042183876038,0.5390059947967529,0.2922998070716858,0.13740801811218262,0.9987709522247314,0.5338875651359558,0.28779828548431396,0.11654935777187347,0.9988516569137573,0.5355445146560669,0.36511528491973877,0.2421460598707199,0.9997142553329468,0.481662392616272,0.3081037700176239,0.14049869775772095,0.999067485332489,0.5757337212562561,0.3891962468624115,0.2398412823677063,0.8111674189567566,0.47793665528297424,0.24839378893375397,0.175506591796875,0.7753886580467224,0.5673125386238098,0.2809833884239197,0.28094327449798584,0.8495455980300903,0.5279589891433716,0.21978983283042908,0.4091035723686218,0.7117520570755005,0.5611883997917175,0.25356215238571167,0.2768618166446686,0.8051890134811401,0.5397491455078125,0.21665260195732117,0.43643203377723694,0.5916311144828796,0.5585204362869263,0.25047731399536133,0.3101499378681183,0.7863300442695618,0.5410845279693604,0.22502298653125763,0.44261404871940613,0.5695456266403198,0.5573990345001221,0.26187682151794434,0.29171428084373474,0.7568607926368713,0.5366991758346558,0.2311381846666336,0.4158239960670471,0.5786492228507996,0.5237312316894531,0.5366213917732239,0.03907917067408562,0.9995415210723877,0.4880819022655487,0.4924379587173462,-0.03867221251130104,0.9983711838722229,0.5403671860694885,0.6930299401283264,-0.06500876694917679,0.8329595923423767,0.508356511592865,0.5166694521903992,-0.33174628019332886,0.8110394477844238,0.5100254416465759,0.9099714159965515,-0.14224883913993835,0.776563823223114,0.4798887073993683,0.6697953343391418,-0.468735009431839,0.48174843192100525,0.49629509449005127,0.9280129671096802,-0.15254603326320648,0.7621973156929016,0.46653077006340027,0.6945772767066956,-0.4784155786037445,0.48267921805381775,0.5302901864051819,0.9660736918449402,-0.23268431425094604,0.8042054772377014,0.4909527897834778,0.7321309447288513,-0.5522890686988831,0.59786057472229
kick_a_1,36,1201,good,0.5397074222564697,0.2715076804161072,0.08272264152765274,0.998903751373291,0.5441465377807617,0.26088154315948486,0.10840131342411041,0.9993810653686523,0.5454674363136292,0.26249656081199646,0.10840243846178055,0.9992818236351013,0.5468676686286926,0.2640257775783539,0.1083235889673233,0.9993614554405212,0.5367344617843628,0.2551935911178589,0.09344200789928436,0.9990049600601196,0.5332422852516174,0.25340643525123596,0.09342572093009949,0.9989177584648132,0.5294891595840454,0.2514297068119049,0.09340719133615494,0.9989202618598938,0.5426203608512878,0.2698712646961212,0.2081705778837204,0.9988829493522644,0.5193334221839905,0.25510919094085693,0.13545097410678864,0.9992837309837341,0.5381200313568115,0.28953033685684204,0.11687450110912323,0.9988933205604553,0.5328149199485779,0.2855665981769562,0.09526710212230682,0.9989662766456604,0.5358099341392517,0.35931727290153503,0.22874101996421814,0.9997410178184509,0.47832468152046204,0.3073090612888336,0.12385611236095428,0.9991604089736938,0.5765939950942993,0.37739017605781555,0.19450679421424866,0.8267259001731873,0.47417157888412476,0.2474997639656067,0.1435985416173935,0.7972093224525452,0.5662277340888977,0.2705424726009369,0.19179357588291168,0.8587711453437805,0.5233398675918579,0.21471962332725525,0.36764994263648987,0.7196545004844666,0.5588923692703247,0.24286682903766632,0.17998139560222626,0.8114715218544006,0.5337024927139282,0.20667411386966705,0.39002424478530884,0.5837154388427734,0.555780291557312,0.24109750986099243,0.21451377868652344,0.7925106883049011,0.5346288084983826,0.21400025486946106,0.3939661383628845,0.5617432594299316,0.5552355051040649,0.2528233230113983,0.20171137154102325,0.7632549405097961,0.5317811965942383,0.22115850448608398,0.3725201189517975,0.5762168765068054,0.5241395831108093,0.5364904999732971,0.03725796192884445,0.9995843172073364,0.4845878779888153,0.4948134124279022,-0.03688311204314232,0.9985292553901672,0.541039228439331,0.693522572517395,-0.062198929488658905,0.8397253751754761,0.5068632960319519,0.5013322234153748,-0.35488975048065186,0.8248379230499268,0.5101012587547302,0.912362277507782,-0.13735221326351166,0.7848104238510132,0.476919949054718,0.6812575459480286,-0.4579346776008606,0.5033204555511475,0.49632060527801514,0.9298038482666016,-0.1475672721862793,0.769087016582489,0.4674927890300751,0.7026508450508118,-0.46458521485328674,0.5088666081428528,0.5302154421806335,0.9677416682243347,-0.23420032858848572,0.812971293926239,0.48395299911499023,0.74302738904953,-0.5422486662864685,0.6212819218635559
kick_a_1,37,1234,good,0.5368568301200867,0.26667842268943787,0.09850350022315979,0.9990126490592957,0.5411726236343384,0.2556440830230713,0.12417162954807281,0.999441921710968,0.5428075194358826,0.25755080580711365,0.12418272346258163,0.9993521571159363,0.5444805026054382,0.25939637422561646,0.12410029023885727,0.9994246363639832,0.5335317850112915,0.24997837841510773,0.10951148718595505,0.999103307723999,0.5297887921333313,0.24822907149791718,0.10949477553367615,0.9990247488021851,0.5258748531341553,0.24640339612960815,0.10945914685726166,0.9990275502204895,0.5413842797279358,0.26549503207206726,0.22193603217601776,0.9989930987358093,0.5145756602287292,0.2481713443994522,0.1508287638425827,0.9993550181388855,0.5359591245651245,0.2853376269340515,0.1323736608028412,0.9990004897117615,0.5292600393295288,0.2815591096878052,0.11116962879896164,0.9990677833557129,0.5363660454750061,0.35861700773239136,0.24063950777053833,0.9997628927230835,0.4734477400779724,0.2988353967666626,0.1420661062002182,0.9992430210113525,0.5762476325035095,0.3734506666660309,0.1967986673116684,0.840421199798584,0.46749991178512573,0.2515352666378021,0.17293447256088257,0.8161324858665466,0.565211296081543,0.2660144865512848,0.19596311450004578,0.8680911064147949,0.5169923901557922,0.21000051498413086,0.37794533371925354,0.7275205254554749,0.557137668132782,0.23800359666347504,0.18320904672145844,0.8192293643951416,0.5284848809242249,0.19830773770809174,0.400450199842453,0.5828694105148315,0.5539011359214783,0.23572401702404022,0.2193172723054886,0.8006488680839539,0.5307058691978455,0.20633424818515778,0.40300482511520386,0.5616845488548279,0.5534875392913818,0.24751515686511993,0.20663180947303772,0.7726349830627441,0.5268460512161255,0.2138889878988266,0.3827095627784729,0.5794621109962463,0.5241528153419495,0.523863673210144,0.03592221066355705,0.9996165037155151,0.481813907623291,0.4870058298110962,-0.0355558916926384,0.998657763004303,0.541074812412262,0.6816322803497314,-0.07259561121463776,0.8492196202278137,0.5059455037117004,0.45210137963294983,-0.34775209426879883,0.8395388722419739,0.510028064250946,0.9103034734725952,-0.14062224328517914,0.7963178157806396,0.47796693444252014,0.6812849640846252,-0.4048286974430084,0.5236982703208923,0.49644753336906433,0.9301404356956482,-0.14959827065467834,0.7750090956687927,0.4616958796977997,0.7079246640205383,-0.4057808518409729,0.5277261734008789,0.5302311778068542,0.9713553190231323,-0.2348988652229309,0.8212165236473083,0.4876541197299957,0.7700113654136658,-0.47131335735321045,0.6364098787307739
kick_a_1,38,1267,good,0.5337249636650085,0.25615423917770386,0.08017465472221375,0.999110221862793,0.5383211970329285,0.24478423595428467,0.10260192304849625,0.9994964599609375,0.5401484370231628,0.24653993546962738,0.10259166359901428,0.9994149208068848,0.5419151782989502,0.24819064140319824,0.10250124335289001,0.9994812607765198,0.5303457975387573,0.2391170710325241,0.08781339973211288,0.9991914629936218,0.5265049338340759,0.2372838407754898,0.08780737966299057,0.9991205930709839,0.5224674940109253,0.23543649911880493,0.08776435256004333,0.9991238713264465,0.5394556522369385,0.2541884779930115,0.20012801885604858,0.999090850353241,0.5112389326095581,0.2392154037952423,0.12806233763694763,0.9994190335273743,0.532987117767334,0.27600082755088806,0.11336297541856766,0.9990951418876648,0.5255056023597717,0.27163466811180115,0.09219775348901749,0.9991583824157715,0.5368006229400635,0.35165974497795105,0.222943514585495,0.9997779726982117,0.46972909569740295,0.29174453020095825,0.1166875809431076,0.999315619468689,0.5758236050605774,0.3672405481338501,0.14566372334957123,0.8523407578468323,0.46118128299713135,0.25467464327812195,0.12916629016399384,0.8337554335594177,0.5616527199745178,0.2568974196910858,0.11267606168985367,0.8775948286056519,0.508795440196991,0.21180689334869385,0.32739609479904175,0.7447845339775085,0.5530226826667786,0.23049648106098175,0.09649113565683365,0.8280057311058044,0.5214669704437256,0.19714750349521637,0.34904414415359497,0.5972813963890076,0.5494587421417236,0.22874504327774048,0.1380186527967453,0.8099141120910645,0.5224677324295044,0.20508892834186554,0.3546198308467865,0.5769529342651367,0.5498747229576111,0.2395198941230774,0.124436154961586,0.7835205793380737,0.5196574330329895,0.21388646960258484,0.3339907228946686,0.5962423086166382,0.5240828394889832,0.5236464142799377,0.0347064808011055,0.9996436834335327,0.4802602231502533,0.48873838782310486,-0.03436112031340599,0.9987738728523254,0.5386583805084229,0.6917444467544556,-0.0655461773276329,0.8590686917304993,0.5058040618896484,0.4632534086704254,-0.34426790475845337,0.8532571792602539,0.5089723467826843,0.9142396450042725,-0.13077525794506073,0.8103612661361694,0.4794895350933075,0.6990072727203369,-0.3841360807418823,0.5538648962974548,0.4962446391582489,0.9364721179008484,-0.13967609405517578,0.7839639782905579,0.46724000573158264,0.7179970741271973,-0.38404956459999084,0.5488148927688599,0.5302508473396301,0.9770597219467163,-0.2202351987361908,0.8328886032104492,0.49331507086753845,0.7934865355491638,-0.4547516405582428,0.6601862907409668
kick_a_1,39,1301,good,0.530299961566925,0.24005195498466492,0.0160573311150074,0.9991959929466248,0.5337317585945129,0.22936874628067017,0.0412018857896328,0.9995437860488892,0.5356183648109436,0.23093558847904205,0.041190315037965775,0.9994689226150513,0.5374452471733093,0.23240448534488678,0.041134439408779144,0.999531090259552,0.5260291695594788,0.22526514530181885,0.027083011344075203,0.9992684125900269,0.5224038362503052,0.224080428481102,0.027059441432356834,0.9992035031318665,0.5186800360679626,0.22280649840831757,0.02701922319829464,0.999208390712738,0.5351256728172302,0.24005115032196045,0.14843252301216125,0.9991744756698608,0.5073763728141785,0.22859136760234833,0.08094290643930435,0.9994759559631348,0.5309168100357056,0.257334440946579,0.05440680310130119,0.9991766214370728,0.5231913924217224,0.2537490725517273,0.03439765423536301,0.9992374181747437,0.5370396375656128,0.3422081172466278,0.1666540503501892,0.9997868537902832,0.4673687517642975,0.290012925863266,0.060775283724069595,0.9993737936019897,0.5757148265838623,0.3694896697998047,0.02232147566974163,0.863327145576477,0.4529038369655609,0.2582354247570038,0.031295329332351685,0.8499124646186829,0.5592023134231567,0.2567259967327118,-0.08946356922388077,0.8879752159118652,0.5000280141830444,0.21330633759498596,0.18751057982444763,0.7639221549034119,0.5501137971878052,0.2290372997522354,-0.11303916573524475,0.8403666019439697,0.5143623948097229,0.19752714037895203,0.19731107354164124,0.6161106824874878,0.5468648672103882,0.22548750042915344,-0.0784265324473381,0.8233577013015747,0.5160104632377625,0.20401717722415924,0.21023215353488922,0.5958974957466125,0.5475162863731384,0.2363949716091156,-0.08060750365257263,0.7984212040901184,0.5127909779548645,0.213249072432518,0.19589461386203766,0.6151543855667114,0.5240260362625122,0.5234362483024597,0.03259658068418503,0.999657154083252,0.4790099263191223,0.490378201007843,-0.03227122873067856,0.9988527297973633,0.5360248684883118,0.7057135701179504,-0.06625976413488388,0.8675318360328674,0.4970908463001251,0.4780811369419098,-0.3307587504386902,0.8657547235488892,0.508083164691925,0.9176790714263916,-0.1257883906364441,0.8241555690765381,0.4775582253932953,0.7106745839118958,-0.3147650957107544,0.5819679498672485,0.4957241714000702,0.9428532123565674,-0.1345302164554596,0.7925555109977722,0.4700831472873688,0.7303343415260315,-0.30923348665237427,0.5637309551239014,0.5286352634429932,0.9789518117904663,-0.2225043922662735,0.844573438167572,0.4873755872249603,0.7894253730773926,-0.3887881934642792,0.6816954016685486
kick_a_1,40,1334,good,0.526556134223938,0.2295503169298172,-0.02860107272863388,0.9992741346359253,0.5296853184700012,0.21856015920639038,-0.003262939164415002,0.9995869398117065,0.5316523313522339,0.22010496258735657,-0.003291103057563305,0.999518632888794,0.5334755182266235,0.22158415615558624,-0.0033489710185676813,0.9995761513710022,0.5221518278121948,0.21486857533454895,-0.01669171452522278,0.9993382692337036,0.5186947584152222,0.21383532881736755,-0.016713911667466164,0.999279260635376,0.5149584412574768,0.2127339392900467,-0.016753461211919785,0.9992849826812744,0.5315883755683899,0.22948738932609558,0.11083022505044937,0.9992497563362122,0.5032431483268738,0.21909254789352417,0.047080885618925095,0.999527096748352,0.5278674960136414,0.24656125903129578,0.013208379969000816,0.9992519617080688,0.5192274451255798,0.24261748790740967,-0.005695081781595945,0.9993098378181458,0.5372253060340881,0.3293064832687378,0.1374078392982483,0.999796450138092,0.46524253487586975,0.28803014755249023,0.04169612005352974,0.9994221925735474,0.5729967951774597,0.37153518199920654,-0.012225189246237278,0.8729469180107117,0.4461173415184021,0.263715922832489,0.005324374418705702,0.8642703294754028,0.5543220639228821,0.25877559185028076,-0.14568033814430237,0.897594153881073,0.49426308274269104,0.21503867208957672,0.11325307935476303,0.7827617526054382,0.5460929274559021,0.2306254655122757,-0.17313942313194275,0.8522903919219971,0.5096596479415894,0.19836640357971191,0.11607817560434341,0.6388528347015381,0.5439594984054565,0.226768359541893,-0.14341296255588531,0.8363853096961975,0.5114659667015076,0.2031267136335373,0.12512673437595367,0.6191953420639038,0.5444691181182861,0.2377653568983078,-0.13866230845451355,0.812627375125885,0.5078708529472351,0.21280436217784882,0.11967822909355164,0.6370131373405457,0.5240892171859741,0.5235404372215271,0.028490450233221054,0.9996739625930786,0.47779232263565063,0.49056175351142883,-0.028195908293128014,0.9989379644393921,0.5340108871459961,0.7088912725448608,-0.06483351439237595,0.8774104118347168,0.48882970213890076,0.523512065410614,-0.34276846051216125,0.8778860569000244,0.5081076622009277,0.9203431010246277,-0.10882143676280975,0.8387277722358704,0.4747227430343628,0.7359941005706787,-0.30733978748321533,0.6136153340339661,0.49569445848464966,0.945947527885437,-0.1163390725851059,0.8018690347671509,0.4703591465950012,0.7540823817253113,-0.30171433091163635,0.5836347937583923,0.527866542339325,0.9846887588500977,-0.21682097017765045,0.8567491173744202,0.48066237568855286,0.8087621331214905,-0.3857170045375824,0.7057093381881714
kick_a_1,41,1368,good,0.5194236040115356,0.22077006101608276,-0.06923630088567734,0.999345064163208,0.5233716368675232,0.20964567363262177,-0.04608995094895363,0.999626100063324,0.5256847143173218,0.21087539196014404,-0.04611377790570259,0.9995636940002441,0.5279427766799927,0.21199853718280792,-0.04617784172296524,0.9996166825294495,0.5154999494552612,0.2068593055009842,-0.0545576736330986,0.9994018077850342,0.5119210481643677,0.20590494573116302,-0.05456634983420372,0.9993479251861572,0.5080771446228027,0.20509307086467743,-0.05459277331829071,0.9993540644645691,0.5278483629226685,0.21844615042209625,0.07151397317647934,0.9993171095848083,0.49789321422576904,0.2121869921684265,0.029778460040688515,0.9995729327201843,0.5221172571182251,0.23936301469802856,-0.02553686313331127,0.9993218779563904,0.5122331380844116,0.23626527190208435,-0.038038574159145355,0.9993758201599121,0.5373865365982056,0.31629854440689087,0.11043277382850647,0.9998058676719666,0.4640427231788635,0.28615596890449524,0.03368208184838295,0.9994674921035767,0.5696347951889038,0.37426313757896423,-0.045316558331251144,0.8839395046234131,0.4395667612552643,0.28324416279792786,-0.07195243239402771,0.8771518468856812,0.5500821471214294,0.25945374369621277,-0.18418069183826447,0.9070424437522888,0.4894407093524933,0.21933650970458984,-0.09987044334411621,0.8014322519302368,0.5427435636520386,0.2318793684244156,-0.2139052003622055,0.8645278215408325,0.5038047432899475,0.19980745017528534,-0.1151004284620285,0.6641427874565125,0.5414050221443176,0.2280471920967102,-0.18608926236629486,0.8497999310493469,0.5065433979034424,0.20457540452480316,-0.1014128252863884,0.6446011662483215,0.5414444804191589,0.2390068918466568,-0.17736749351024628,0.8272296190261841,0.5025455951690674,0.21387919783592224,-0.0950385108590126,0.6599046587944031,0.5240616202354431,0.5235851407051086,0.023012079298496246,0.9996935725212097,0.47754600644111633,0.49875861406326294,-0.02284149080514908,0.9990299940109253,0.5308278203010559,0.7234909534454346,-0.03710257261991501,0.8866507411003113,0.47987881302833557,0.6183719038963318,-0.31340086460113525,0.8891816139221191,0.5079599618911743,0.922252893447876,-0.03664786368608475,0.851387619972229,0.4659617245197296,0.7763551473617554,-0.17828349769115448,0.6411746740341187,0.49575087428092957,0.9504419565200806,-0.04163075610995293,0.806171178817749,0.46422895789146423,0.7929308414459229,-0.16564972698688507,0.5921850800514221,0.5279089212417603,0.9840229153633118,-0.14343222975730896,0.8661869168281555,0.4624439775943756,0.8456077575683594,-0.24019192159175873,0.7253018617630005
kick_a_1,42,1401,good,0.5133229494094849,0.2141386717557907,-0.12177378684282303,0.9994074702262878,0.5181164741516113,0.20250606536865234,-0.10039853304624557,0.9996579885482788,0.5206575989723206,0.2030152976512909,-0.10042905062437057,0.9996002912521362,0.523151695728302,0.2036222666501999,-0.10049142688512802,0.9996494650840759,0.5095354914665222,0.20133386552333832,-0.10555680096149445,0.999454915523529,0.5057341456413269,0.2010815292596817,-0.10554782301187515,0.9994045495986938,0.5017968416213989,0.201068714261055,-0.10557379573583603,0.9994117617607117,0.5247632265090942,0.2101452648639679,0.01782037504017353,0.9993706941604614,0.493306040763855,0.20774289965629578,-0.00798069778829813,0.9996110200881958,0.517413318157196,0.23248812556266785,-0.07712630182504654,0.9993840456008911,0.5061292052268982,0.23173344135284424,-0.08497734367847443,0.9994337558746338,0.5377010703086853,0.3061307370662689,0.055293969810009,0.9998184442520142,0.4608213007450104,0.2860800623893738,0.018508577719330788,0.9995072484016418,0.5661998987197876,0.3880074918270111,-0.10750127583742142,0.8941728472709656,0.4352353811264038,0.3058294951915741,-0.13782234489917755,0.8882294297218323,0.5453701019287109,0.269497275352478,-0.28131431341171265,0.9156168699264526,0.486757755279541,0.23075555264949799,-0.28314849734306335,0.818940281867981,0.5384184122085571,0.24059033393859863,-0.315818727016449,0.8757997751235962,0.5002127885818481,0.2062467485666275,-0.3149130940437317,0.6900537610054016,0.5380572080612183,0.2331429123878479,-0.2910669445991516,0.8622163534164429,0.5029504299163818,0.20576781034469604,-0.29801538586616516,0.670988142490387,0.5378203988075256,0.24464108049869537,-0.27543744444847107,0.8405088186264038,0.49890217185020447,0.21521341800689697,-0.2797018885612488,0.6828412413597107,0.5240036249160767,0.5244818925857544,0.007929406128823757,0.9997127652168274,0.47500261664390564,0.5068409442901611,-0.00783756747841835,0.9991183280944824,0.5278245210647583,0.72640460729599,-0.050144340842962265,0.8960054516792297,0.46891605854034424,0.6494685411453247,-0.30964595079421997,0.8996012806892395,0.5079814195632935,0.923873782157898,-0.006161665078252554,0.8638322353363037,0.4610496759414673,0.7869653701782227,-0.10812459886074066,0.6675843596458435,0.4972866475582123,0.9524498581886292,-0.0059231179766356945,0.8075457811355591,0.4628749489784241,0.7978003025054932,-0.0891714096069336,0.6030239462852478,0.5265570282936096,0.9841905236244202,-0.1169295385479927,0.8752688765525818,0.450743168592453,0.8703352212905884,-0.16472066938877106,0.7430959939956665
kick_a_1,43,1434,good,0.5074896812438965,0.21221336722373962,-0.14874108135700226,0.9994588494300842,0.5120844841003418,0.19915726780891418,-0.12917937338352203,0.9996781349182129,0.5145254731178284,0.1994398981332779,-0.12921194732189178,0.9996230006217957,0.5171430706977844,0.19986872375011444,-0.12926796078681946,0.9996693730354309,0.5031426548957825,0.19889147579669952,-0.13330219686031342,0.9994919896125793,0.4992271661758423,0.19895046949386597,-0.1332957148551941,0.9994418621063232,0.4951075315475464,0.19931431114673615,-0.13334645330905914,0.9994513392448425,0.5196582078933716,0.20694680511951447,-0.011050351895391941,0.9993963837623596,0.487311452627182,0.20561467111110687,-0.031665101647377014,0.999634861946106,0.512441098690033,0.23023660480976105,-0.10329917073249817,0.9994301199913025,0.5003807544708252,0.23042066395282745,-0.10961510986089706,0.9994752407073975,0.5373614430427551,0.2944961488246918,0.041806820780038834,0.9998267889022827,0.45716792345046997,0.2860161364078522,6.671301525784656e-05,0.999535858631134,0.5596767663955688,0.40127089619636536,-0.09899353981018066,0.9027233123779297,0.42868053913116455,0.32941290736198425,-0.152792289853096,0.8979771137237549,0.5384905934333801,0.2814750671386719,-0.2762950360774994,0.9230945110321045,0.48194220662117004,0.24308842420578003,-0.3141544461250305,0.8344295024871826,0.5310606360435486,0.25109192728996277,-0.3096138536930084,0.8854035139083862,0.49517157673835754,0.2189062386751175,-0.349519819021225,0.7130025029182434,0.5315420627593994,0.24069087207317352,-0.2900533676147461,0.8728812336921692,0.49743038415908813,0.21125152707099915,-0.33232778310775757,0.6943095326423645,0.5317052602767944,0.2524135708808899,-0.27204492688179016,0.8514792919158936,0.4935380220413208,0.2200602889060974,-0.310686320066452,0.7020355463027954,0.5235087275505066,0.5258083939552307,0.00892250519245863,0.9997233152389526,0.4726056456565857,0.5145146250724792,-0.008847554214298725,0.9991875886917114,0.5261873006820679,0.7272446155548096,-0.0518527552485466,0.9037783145904541,0.4625197947025299,0.6861509680747986,-0.20397552847862244,0.9085926413536072,0.5081656575202942,0.9232956171035767,0.009765158407390118,0.8741562962532043,0.4547092616558075,0.8073604702949524,0.025575632229447365,0.6914845705032349,0.49788758158683777,0.9529024362564087,0.011086691170930862,0.8099811673164368,0.45844966173171997,0.8198280334472656,0.04598766937851906,0.6099449396133423,0.526229739189148,0.9839137196540833,-0.10053654760122299,0.88277667760849,0.4398322105407715,0.8951205611228943,-0.02972656674683094,0.7582992315292358
kick_a_1,44,1468,good,0.5023738741874695,0.2123509794473648,-0.10163819044828415,0.999504029750824,0.5073226094245911,0.19761748611927032,-0.08153197914361954,0.9996991753578186,0.509806215763092,0.19772157073020935,-0.08154883980751038,0.999646008014679,0.5125160813331604,0.19803433120250702,-0.08160543441772461,0.9996901750564575,0.4981220066547394,0.19794979691505432,-0.08767770975828171,0.9995306134223938,0.49420854449272156,0.19815638661384583,-0.08766520023345947,0.9994801878929138,0.4899758994579315,0.19866029918193817,-0.08770594000816345,0.9994910955429077,0.5151136517524719,0.2052561640739441,0.030930571258068085,0.9994258284568787,0.4817555546760559,0.2046230286359787,0.0018268650164827704,0.9996559619903564,0.5070070028305054,0.2297467738389969,-0.058731384575366974,0.9994745850563049,0.4949644207954407,0.23044216632843018,-0.06728105992078781,0.9995135068893433,0.5348703861236572,0.293375164270401,0.07984793931245804,0.9998307824134827,0.4539910554885864,0.2861236333847046,0.01606864482164383,0.9995568990707397,0.5536312460899353,0.4115947186946869,-0.05161355808377266,0.90813148021698,0.4247746765613556,0.35591453313827515,-0.12860746681690216,0.9068111777305603,0.528618574142456,0.2940172255039215,-0.21990923583507538,0.9285526275634766,0.4775067865848541,0.25673356652259827,-0.26433947682380676,0.8488508462905884,0.5206283330917358,0.2666255235671997,-0.25174131989479065,0.8915187120437622,0.4892481863498688,0.23402003943920135,-0.296773225069046,0.7350059151649475,0.5202950835227966,0.2562737762928009,-0.23516269028186798,0.8797973990440369,0.49134352803230286,0.22456003725528717,-0.2790454924106598,0.7168436646461487,0.520837664604187,0.2656364440917969,-0.21698670089244843,0.8577159643173218,0.48810911178588867,0.23324070870876312,-0.2595140039920807,0.7205746173858643,0.522190511226654,0.5265162587165833,0.010659972205758095,0.9997454881668091,0.4708331823348999,0.5216954350471497,-0.010532139800488949,0.9992544054985046,0.5227105021476746,0.7253262400627136,-0.0991421788930893,0.9117448925971985,0.45739901065826416,0.7144325375556946,0.0033880521077662706,0.9134106636047363,0.5086519718170166,0.9220481514930725,-0.05201699212193489,0.8834337592124939,0.4494563639163971,0.8384836912155151,0.26633813977241516,0.7013129591941833,0.5005313754081726,0.9519268870353699,-0.04972214624285698,0.8072931170463562,0.45379650592803955,0.8502886891365051,0.28895407915115356,0.5909700393676758,0.5263082385063171,0.9842621684074402,-0.19093839824199677,0.8900299668312073,0.4305514991283417,0.9293591976165771,0.21618236601352692,0.7624021768569946
kick_a_1,45,1501,good,0.5017142295837402,0.2087361216545105,-0.09891118854284286,0.9995492100715637,0.5054677724838257,0.1941801905632019,-0.07881513983011246,0.9997240900993347,0.5078312754631042,0.1943528652191162,-0.07882516086101532,0.9996745586395264,0.5101582407951355,0.19460013508796692,-0.07888821512460709,0.9997156858444214,0.49708086252212524,0.19346044957637787,-0.08476881682872772,0.9995714426040649,0.49304500222206116,0.19331958889961243,-0.0847444161772728,0.9995232820510864,0.4888947904109955,0.19362416863441467,-0.08473992347717285,0.9995343685150146,0.510759174823761,0.20206314325332642,0.027937866747379303,0.9994726777076721,0.4780734181404114,0.20084556937217712,0.00024165921786334366,0.9996820688247681,0.5052456855773926,0.22683465480804443,-0.0588386096060276,0.9995214939117432,0.4946709871292114,0.22582460939884186,-0.06700995564460754,0.9995554089546204,0.5330674052238464,0.2964528501033783,0.06176938861608505,0.9998353123664856,0.44904381036758423,0.2879473567008972,0.016303513199090958,0.999565064907074,0.5482124090194702,0.42015019059181213,-0.06374974548816681,0.9139533638954163,0.42263859510421753,0.3771175742149353,-0.12305151671171188,0.913596510887146,0.5228124260902405,0.3022918105125427,-0.20394732058048248,0.9337732195854187,0.47413986921310425,0.2732338011264801,-0.24346844851970673,0.8599410653114319,0.5156329274177551,0.2751083970069885,-0.23381148278713226,0.8975964784622192,0.48517802357673645,0.2450849413871765,-0.27419978380203247,0.7503755688667297,0.5146166682243347,0.2666451930999756,-0.21758246421813965,0.886539101600647,0.485935240983963,0.2356574833393097,-0.25647976994514465,0.7320670485496521,0.5146224498748779,0.27384504675865173,-0.20076797902584076,0.8644712567329407,0.4840546250343323,0.2467031627893448,-0.23936550319194794,0.7320613861083984,0.5207200646400452,0.533970832824707,0.007986389100551605,0.9997619986534119,0.4674092233181,0.5327091217041016,-0.007879184558987617,0.9993119239807129,0.522327721118927,0.7362326979637146,-0.08605465292930603,0.9196894764900208,0.44904738664627075,0.7305535674095154,-0.03647371754050255,0.9208462238311768,0.5086479783058167,0.9218170046806335,0.028427353128790855,0.8924554586410522,0.44460391998291016,0.8641639947891235,0.22487106919288635,0.7220227718353271,0.5008704662322998,0.9493716955184937,0.03434787690639496,0.8053408861160278,0.4505408704280853,0.8767082691192627,0.24805264174938202,0.5891094207763672,0.5246266722679138,0.9865703582763672,-0.07310864329338074,0.8965261578559875,0.4233355224132538,0.9496367573738098,0.18154768645763397,0.7741220593452454
kick_a_1,46,1534,good,0.4987892806529999,0.20562045276165009,-0.0931868925690651,0.999588668346405,0.5019625425338745,0.19087818264961243,-0.07443677634000778,0.9997446537017822,0.5042407512664795,0.1912134736776352,-0.07444438338279724,0.9996974468231201,0.5063998699188232,0.19158406555652618,-0.07450582087039948,0.9997365474700928,0.493854820728302,0.1899387538433075,-0.07935056835412979,0.9996060729026794,0.48962393403053284,0.1899881213903427,-0.07930494099855423,0.9995592832565308,0.48518750071525574,0.19073854386806488,-0.07927990704774857,0.9995716214179993,0.5061340928077698,0.1998467743396759,0.024251582100987434,0.9995127320289612,0.47333064675331116,0.1997692883014679,0.0017082071863114834,0.9997031092643738,0.5022168755531311,0.22368651628494263,-0.056098878383636475,0.999561071395874,0.4912363886833191,0.22302545607089996,-0.0628434494137764,0.999591588973999,0.5309411883354187,0.2982388138771057,0.056109704077243805,0.9998300671577454,0.44510412216186523,0.2892187833786011,0.020351668819785118,0.9995677471160889,0.5451498031616211,0.424044132232666,-0.047733940184116364,0.9191382527351379,0.42105478048324585,0.3938658535480499,-0.10091983526945114,0.9199800491333008,0.5192755460739136,0.3100418746471405,-0.16427630186080933,0.938494086265564,0.47007909417152405,0.2815372943878174,-0.20457874238491058,0.8713436722755432,0.5116231441497803,0.2850579619407654,-0.191170796751976,0.9031543135643005,0.47989383339881897,0.2547606825828552,-0.23279209434986115,0.7681741118431091,0.5095522999763489,0.27576467394828796,-0.17313256859779358,0.8925901055335999,0.4799885153770447,0.24417221546173096,-0.21688279509544373,0.7503986954689026,0.5096098184585571,0.2823832035064697,-0.16004112362861633,0.8707703948020935,0.4784775376319885,0.25526538491249084,-0.2009800225496292,0.7480138540267944,0.5188148617744446,0.5385302901268005,0.00611721770837903,0.9997701048851013,0.4641096293926239,0.5382745862007141,-0.0060051181353628635,0.9993560910224915,0.521245002746582,0.7419812083244324,-0.05227598920464516,0.9270061254501343,0.44381266832351685,0.7388185262680054,-0.005087598692625761,0.9278779625892639,0.5086612105369568,0.9222028851509094,0.06052687391638756,0.9012278914451599,0.43908554315567017,0.8882495164871216,0.19003412127494812,0.7466958165168762,0.5008963346481323,0.9491581916809082,0.06578290462493896,0.8062739372253418,0.4455338716506958,0.9068436622619629,0.20555175840854645,0.6036864519119263,0.5236842632293701,0.9874807000160217,-0.038813814520835876,0.9030914902687073,0.41742315888404846,0.968451738357544,0.12382622063159943,0.7914565205574036
kick_a_1,47,1568,good,0.49555063247680664,0.20484966039657593,-0.08926654607057571,0.9996019005775452,0.49750667810440063,0.1895945519208908,-0.07042527198791504,0.9997357726097107,0.4995173513889313,0.19008800387382507,-0.07044327259063721,0.9996834397315979,0.5014966726303101,0.1905413269996643,-0.0705023929476738,0.9997266530990601,0.4897710382938385,0.18848314881324768,-0.07588355243206024,0.9996066689491272,0.4854341447353363,0.18851615488529205,-0.07584542781114578,0.9995530843734741,0.48081934452056885,0.18914388120174408,-0.07583009451627731,0.999574601650238,0.49998316168785095,0.19903481006622314,0.028870558366179466,0.9995092749595642,0.4686219394207001,0.19927233457565308,0.004140582401305437,0.9996827840805054,0.4984855055809021,0.22295784950256348,-0.051878686994314194,0.9995636940002441,0.4873407185077667,0.22298309206962585,-0.05919555574655533,0.999591052532196,0.5262178182601929,0.29898667335510254,0.061229851096868515,0.9997780919075012,0.4401519000530243,0.294592022895813,0.024313338100910187,0.9995064735412598,0.5414764881134033,0.4289822578430176,-0.04305032640695572,0.9205578565597534,0.41980311274528503,0.40966862440109253,-0.09184158593416214,0.9241889715194702,0.5150520205497742,0.3207823634147644,-0.15932980179786682,0.9399080872535706,0.46613502502441406,0.2931119501590729,-0.19837519526481628,0.8803474307060242,0.508095920085907,0.2961343228816986,-0.1865473836660385,0.9025274515151978,0.47628897428512573,0.267963171005249,-0.22741274535655975,0.7819203734397888,0.5056077837944031,0.2869513928890228,-0.1719037890434265,0.8919049501419067,0.4761706292629242,0.25644397735595703,-0.2138427048921585,0.7644789218902588,0.5053802728652954,0.29353001713752747,-0.15646357834339142,0.868920624256134,0.47429734468460083,0.26744258403778076,-0.19574370980262756,0.7592281103134155,0.5167495012283325,0.5429719090461731,0.004504106938838959,0.9997463226318359,0.4612377882003784,0.5448792576789856,-0.004361079540103674,0.9993596076965332,0.518337607383728,0.746627926826477,-0.022604668512940407,0.9332661628723145,0.44192081689834595,0.7473652958869934,0.004732576664537191,0.933734655380249,0.5086895227432251,0.9233860969543457,0.09906419366598129,0.9086163640022278,0.43331244587898254,0.9114170074462891,0.16072262823581696,0.7692663073539734,0.5015203952789307,0.9488537907600403,0.10493597388267517,0.802340030670166,0.44031718373298645,0.9290592074394226,0.17103642225265503,0.6183775067329407,0.5219408869743347,0.9879491925239563,-0.008093765936791897,0.9080332517623901,0.4128814935684204,0.9793056845664978,0.06817876547574997,0.8073346614837646
kick_a_1,48,1601,good,0.4919813275337219,0.20548123121261597,-0.10349546372890472,0.9996206760406494,0.4938240647315979,0.18976254761219025,-0.08478348702192307,0.999736487865448,0.49589258432388306,0.19002588093280792,-0.08480177819728851,0.9996839165687561,0.4976024925708771,0.19031912088394165,-0.08486182242631912,0.9997274875640869,0.48592016100883484,0.18888716399669647,-0.08987651765346527,0.9996165037155151,0.48162955045700073,0.1888221800327301,-0.08983349800109863,0.999560534954071,0.47709721326828003,0.18931424617767334,-0.08980036526918411,0.9995867013931274,0.49574989080429077,0.19875074923038483,0.014895080588757992,0.9995254278182983,0.46425533294677734,0.1994449496269226,-0.007849409244954586,0.999677300453186,0.4949760437011719,0.22329208254814148,-0.06593195348978043,0.9995824098587036,0.48431631922721863,0.22310027480125427,-0.0726274773478508,0.9996052980422974,0.523308515548706,0.30000805854797363,0.04953891783952713,0.999750018119812,0.4347049593925476,0.2994377017021179,0.024961303919553757,0.9994580149650574,0.5400774478912354,0.4314435124397278,-0.046236928552389145,0.9235785007476807,0.4183175265789032,0.4221283197402954,-0.08350136876106262,0.927013099193573,0.5084528923034668,0.32713866233825684,-0.15737423300743103,0.9413880109786987,0.4622799754142761,0.30620303750038147,-0.19433212280273438,0.8881880640983582,0.5023745894432068,0.3006942570209503,-0.1836724579334259,0.9026528596878052,0.47142279148101807,0.2811112701892853,-0.22393430769443512,0.7940977811813354,0.4992457628250122,0.2926700711250305,-0.1696750521659851,0.8918523192405701,0.47147953510284424,0.26997295022010803,-0.21273276209831238,0.7770438194274902,0.49881961941719055,0.2991427779197693,-0.15447241067886353,0.8680905103683472,0.47000566124916077,0.28065967559814453,-0.1928749531507492,0.7693628668785095,0.5126668810844421,0.5467851161956787,0.000635920325294137,0.9997361302375793,0.4568319618701935,0.5481058359146118,-0.000493431172799319,0.9993669390678406,0.5152087807655334,0.7485488653182983,-0.014732652343809605,0.9394121170043945,0.43887752294540405,0.7444775700569153,0.027024419978260994,0.9394770264625549,0.5087586045265198,0.9233024716377258,0.11185385286808014,0.916307270526886,0.4324350953102112,0.9094422459602356,0.19670537114143372,0.7903910279273987,0.5025374293327332,0.9449620246887207,0.1180405467748642,0.8008357286453247,0.43978309631347656,0.9270117282867432,0.20842543244361877,0.6379388570785522,0.5203148126602173,0.9878164529800415,0.003140023909509182,0.9138423204421997,0.40939003229141235,0.9782086610794067,0.10882385820150375,0.8230074644088745
kick_a_1,49,1634,good,0.48652714490890503,0.20556066930294037,-0.1028100997209549,0.9996470212936401,0.48878657817840576,0.18947277963161469,-0.08513958007097244,0.9997479319572449,0.49099215865135193,0.18988248705863953,-0.08516561985015869,0.9996963739395142,0.4929600656032562,0.1903691440820694,-0.08523063361644745,0.9997388124465942,0.4807369112968445,0.18814849853515625,-0.09032021462917328,0.9996399879455566,0.47652560472488403,0.18796280026435852,-0.0902809426188469,0.9995845556259155,0.47194796800613403,0.18833546340465546,-0.0902552530169487,0.9996118545532227,0.4915739595890045,0.19910864531993866,0.009556127712130547,0.9995485544204712,0.45943424105644226,0.19943810999393463,-0.013177206739783287,0.9996891021728516,0.4891723692417145,0.22367599606513977,-0.0669330582022667,0.999609649181366,0.47792837023735046,0.2232537716627121,-0.07368508726358414,0.9996299743652344,0.5192764401435852,0.30081313848495483,0.04645842686295509,0.9997327327728271,0.42945975065231323,0.3030080199241638,0.018778370693325996,0.999452531337738,0.5367252826690674,0.4329257607460022,-0.040403664112091064,0.9252037405967712,0.4162819981575012,0.43526512384414673,-0.0821225643157959,0.9292088747024536,0.5037206411361694,0.3315518796443939,-0.1542528122663498,0.9416244029998779,0.4571639895439148,0.3198609948158264,-0.19339701533317566,0.8955522775650024,0.4968847632408142,0.30417224764823914,-0.17380119860172272,0.9012418985366821,0.464945524930954,0.2948785126209259,-0.22100567817687988,0.8061029314994812,0.49336129426956177,0.2960471510887146,-0.16842150688171387,0.8901574611663818,0.46391525864601135,0.28435784578323364,-0.21020761132240295,0.7894495129585266,0.4934752583503723,0.30265870690345764,-0.15353380143642426,0.8653503656387329,0.4629254937171936,0.2933153510093689,-0.19178056716918945,0.7795023918151855,0.5085580945014954,0.5490214824676514,0.002471528248861432,0.999740719795227,0.4518473744392395,0.5506942868232727,-0.002338229911401868,0.9993897676467896,0.5130297541618347,0.7514615058898926,-0.02654484286904335,0.9449628591537476,0.43935108184814453,0.7484047412872314,0.028503293171525,0.944520890712738,0.5087700486183167,0.9250741600990295,0.06224856525659561,0.9233018755912781,0.43375903367996216,0.906975507736206,0.2148876041173935,0.8085864782333374,0.5025063753128052,0.9456458687782288,0.06497220695018768,0.8021978735923767,0.4402588903903961,0.9251425266265869,0.22894792258739471,0.6506396532058716,0.5205333232879639,0.9883941411972046,-0.045734990388154984,0.9194456338882446,0.4130488634109497,0.9779543280601501,0.1430269330739975,0.8363312482833862
kick_a_1,50,1668,good,0.4847578704357147,0.20658037066459656,-0.09350760281085968,0.9996704459190369,0.4862869083881378,0.1905994862318039,-0.07474420964717865,0.9997585415840149,0.4880756139755249,0.19101852178573608,-0.07476882636547089,0.9997092485427856,0.48966315388679504,0.19146722555160522,-0.07483530789613724,0.9997498393058777,0.478680282831192,0.18917681276798248,-0.08084625750780106,0.9996611475944519,0.47471028566360474,0.18881167471408844,-0.08081508427858353,0.999607264995575,0.47015079855918884,0.18890777230262756,-0.08080260455608368,0.9996353387832642,0.48709234595298767,0.19994637370109558,0.021503549069166183,0.9995759725570679,0.4559716284275055,0.19970601797103882,-0.004525312688201666,0.9997029304504395,0.4867233335971832,0.2244289070367813,-0.056479621678590775,0.9996353387832642,0.4766344130039215,0.22385556995868683,-0.06465722620487213,0.9996530413627625,0.5157192349433899,0.30138441920280457,0.05705796927213669,0.9997222423553467,0.4250793755054474,0.30563727021217346,0.023628266528248787,0.9994491934776306,0.5341655611991882,0.4332526922225952,-0.02990053966641426,0.9263432025909424,0.41499048471450806,0.4401058256626129,-0.07023311406373978,0.9315047860145569,0.49971655011177063,0.33766382932662964,-0.12707290053367615,0.9405337572097778,0.45232948660850525,0.3274332880973816,-0.18012045323848724,0.9027243852615356,0.49196290969848633,0.3105252683162689,-0.14907659590244293,0.8979817628860474,0.45946648716926575,0.3028385043144226,-0.20855717360973358,0.8183940649032593,0.4885648488998413,0.30121466517448425,-0.140557661652565,0.8866448402404785,0.4584687054157257,0.29227563738822937,-0.19923005998134613,0.8024604320526123,0.4892430901527405,0.3076338469982147,-0.12544122338294983,0.8608836531639099,0.45777541399002075,0.30015385150909424,-0.1792593002319336,0.7908931970596313,0.5037055611610413,0.550205409526825,0.0011154193198308349,0.9997378587722778,0.4474932551383972,0.5532230734825134,-0.0009379086550325155,0.9993991255760193,0.5100454092025757,0.7533831000328064,-0.03070742078125477,0.9498478174209595,0.44009634852409363,0.7522544860839844,0.026295961812138557,0.9488363265991211,0.5087844729423523,0.926369309425354,0.05384550616145134,0.9290789365768433,0.43417930603027344,0.9144787192344666,0.1991575062274933,0.8239375948905945,0.5026325583457947,0.9456420540809631,0.0560884103178978,0.7995072603225708,0.4397910237312317,0.9322461485862732,0.21189036965370178,0.6584997773170471,0.5179564952850342,0.9900136590003967,-0.05546732246875763,0.9230814576148987,0.4126955270767212,0.9794337749481201,0.12321853637695312,0.8463248610496521
kick_a_1,51,1701,good,0.48116686940193176,0.20693442225456238,-0.09295075386762619,0.9996899366378784,0.48241427540779114,0.19048835337162018,-0.07162019610404968,0.9997653365135193,0.484145849943161,0.1908663958311081,-0.07164014875888824,0.999717652797699,0.4856873154640198,0.19120828807353973,-0.07170155644416809,0.9997560381889343,0.4749464988708496,0.1891421377658844,-0.07969094067811966,0.9996764659881592,0.4710838496685028,0.18874579668045044,-0.07967495918273926,0.9996238946914673,0.4665324091911316,0.1887354850769043,-0.07973603904247284,0.9996535778045654,0.4829274117946625,0.19945891201496124,0.027455132454633713,0.9996001720428467,0.4518757462501526,0.19958552718162537,-0.002603786299005151,0.9997130036354065,0.48314905166625977,0.2248769849538803,-0.05349135771393776,0.9996567964553833,0.47322747111320496,0.22422420978546143,-0.06343428790569305,0.9996734261512756,0.5119762420654297,0.3013156056404114,0.062014032155275345,0.9997091293334961,0.42127054929733276,0.3056769371032715,0.041716087609529495,0.9994540214538574,0.5301573872566223,0.43355128169059753,-0.020916176959872246,0.9276677370071411,0.41302865743637085,0.44167637825012207,-0.04666045680642128,0.9336851239204407,0.49503985047340393,0.33846086263656616,-0.11757345497608185,0.9400644898414612,0.4479810297489166,0.3307192027568817,-0.16662688553333282,0.9093921780586243,0.4863077402114868,0.31269723176956177,-0.14205510914325714,0.895679235458374,0.45493778586387634,0.3101157546043396,-0.1941283792257309,0.830078125,0.48376932740211487,0.3035351634025574,-0.1313723474740982,0.8841885328292847,0.45443418622016907,0.2991776466369629,-0.18497879803180695,0.8149539828300476,0.484671413898468,0.3095771074295044,-0.11543296277523041,0.8577308058738708,0.45378896594047546,0.304808646440506,-0.16546228528022766,0.8021308183670044,0.49999889731407166,0.5501384735107422,-0.0015621836064383388,0.9997207522392273,0.4444079101085663,0.5536017417907715,0.0017626384506002069,0.9994044899940491,0.50663161277771,0.7516391277313232,-0.019395800307393074,0.9542925357818604,0.4397986829280853,0.7509454488754272,0.017726967111229897,0.9531005024909973,0.5087743401527405,0.9234115481376648,0.10403646528720856,0.9346988201141357,0.43351876735687256,0.9183985590934753,0.16381675004959106,0.8398827314376831,0.5025983452796936,0.9426950812339783,0.11017155647277832,0.8018954396247864,0.4397454857826233,0.9367701411247253,0.17336460947990417,0.6760849952697754,0.5165092945098877,0.986778199672699,-0.00016537717601750046,0.9272608757019043,0.4135347902774811,0.9826244115829468,0.07465539872646332,0.85819011926651
kick_a_1,52,1735,good,0.47846660017967224,0.20598609745502472,-0.058109380304813385,0.9997029900550842,0.47876396775245667,0.18931590020656586,-0.04063713550567627,0.999765932559967,0.48032236099243164,0.18959172070026398,-0.040667373687028885,0.9997191429138184,0.4817241132259369,0.18984149396419525,-0.04074469581246376,0.9997566342353821,0.47157368063926697,0.18814627826213837,-0.046313486993312836,0.9996849894523621,0.46773356199264526,0.18783320486545563,-0.04627208784222603,0.9996323585510254,0.46324241161346436,0.18784233927726746,-0.04623837023973465,0.9996655583381653,0.4779103398323059,0.19810514152050018,0.046806927770376205,0.9996169805526733,0.4486601650714874,0.19903704524040222,0.023674381896853447,0.9997156262397766,0.48009809851646423,0.22421793639659882,-0.024379046633839607,0.9996696710586548,0.47065967321395874,0.2234848290681839,-0.031421151012182236,0.9996848702430725,0.5081204771995544,0.3006398677825928,0.07332775741815567,0.9996994733810425,0.41844430565834045,0.305343359708786,0.060502827167510986,0.9994530081748962,0.5258925557136536,0.4318411350250244,-0.0010683874133974314,0.9285375475883484,0.41130131483078003,0.44256117939949036,-0.02358580194413662,0.935516357421875,0.4894781708717346,0.3380085229873657,-0.09055597335100174,0.9390028119087219,0.4443129003047943,0.3336120843887329,-0.13604550063610077,0.9156255125999451,0.48140794038772583,0.31265226006507874,-0.1140122190117836,0.8921745419502258,0.45061200857162476,0.3133561909198761,-0.16561385989189148,0.841028094291687,0.47899776697158813,0.3036903440952301,-0.10083160549402237,0.8803756833076477,0.4501378834247589,0.30167484283447266,-0.15796120464801788,0.8266955614089966,0.47987252473831177,0.30940333008766174,-0.08740558475255966,0.853173553943634,0.4496723711490631,0.3066464960575104,-0.1359967291355133,0.8128538131713867,0.49610236287117004,0.5497193932533264,-0.0020917928777635098,0.9997008442878723,0.4411025643348694,0.5518239140510559,0.0023065386340022087,0.999400794506073,0.5031886696815491,0.7510288953781128,-0.022848306223750114,0.9580665230751038,0.4386100769042969,0.7487883567810059,0.003606616286560893,0.9565852880477905,0.5090895891189575,0.919387698173523,0.09165684133768082,0.9390820264816284,0.4333838224411011,0.9197471737861633,0.13988272845745087,0.8534543514251709,0.5030480027198792,0.9383755326271057,0.09711741656064987,0.7973624467849731,0.43973875045776367,0.9370241165161133,0.14908422529697418,0.6858206391334534,0.516636312007904,0.982203483581543,-0.011941956356167793,0.9292107820510864,0.4139194190502167,0.9824172258377075,0.054752204567193985,0.8670926690101624
kick_a_1,53,1768,good,0.4758090078830719,0.20583386719226837,-0.05209384858608246,0.9997040033340454,0.4759243428707123,0.1891523152589798,-0.03406480699777603,0.9997532963752747,0.4775046110153198,0.18946856260299683,-0.03409270569682121,0.999704122543335,0.47896406054496765,0.18971918523311615,-0.034167710691690445,0.9997422695159912,0.4685896635055542,0.18791866302490234,-0.03952924162149429,0.9996778964996338,0.4647251069545746,0.18759654462337494,-0.03949443995952606,0.999622106552124,0.4602128565311432,0.18763509392738342,-0.03944307938218117,0.9996625185012817,0.4755190908908844,0.19784700870513916,0.05695641040802002,0.9996147155761719,0.44579219818115234,0.19908063113689423,0.03330110386013985,0.9997003674507141,0.47752177715301514,0.2242569625377655,-0.01749146729707718,0.9996666312217712,0.46825483441352844,0.22348032891750336,-0.024526679888367653,0.9996835589408875,0.5058910846710205,0.3005558252334595,0.08376504480838776,0.9996776580810547,0.41546857357025146,0.30587002635002136,0.06829697638750076,0.9994460344314575,0.5222337245941162,0.4307873547077179,0.004289441276341677,0.9290118217468262,0.4081999957561493,0.4416656494140625,-0.017936773598194122,0.9370174407958984,0.4841310679912567,0.3363887071609497,-0.08993195742368698,0.9378306865692139,0.44010013341903687,0.3345195949077606,-0.12914443016052246,0.9206559062004089,0.476507306098938,0.3113541901111603,-0.11560840904712677,0.8880500793457031,0.44587743282318115,0.315236359834671,-0.15898630023002625,0.8496626019477844,0.4748076796531677,0.302605539560318,-0.10117320716381073,0.8760243058204651,0.4455261528491974,0.3031568229198456,-0.15145394206047058,0.8359261751174927,0.4758106768131256,0.30824699997901917,-0.08673844486474991,0.8479446172714233,0.4453587234020233,0.30764082074165344,-0.1292082518339157,0.8208503127098083,0.4934830665588379,0.5487465858459473,-0.0009785735746845603,0.9996781349182129,0.43857961893081665,0.5504827499389648,0.0011882638791576028,0.9994022846221924,0.5001233816146851,0.747059166431427,-0.01662220060825348,0.9611678123474121,0.4374007284641266,0.7473591566085815,-0.012322436086833477,0.9595828652381897,0.5090966820716858,0.910235583782196,0.12502506375312805,0.9426186084747314,0.43235212564468384,0.9177704453468323,0.12857767939567566,0.8657139539718628,0.5030645132064819,0.9299831390380859,0.13352195918560028,0.7946714758872986,0.43859148025512695,0.9351359009742737,0.13943186402320862,0.6936190724372864,0.5153959393501282,0.9726210832595825,0.026223471388220787,0.9305379390716553,0.414907842874527,0.9810203313827515,0.032001279294490814,0.8750105500221252
kick_a_1,54,1801,good,0.4734746813774109,0.2054423838853836,-0.0388852022588253,0.9997110366821289,0.473367303609848,0.18895936012268066,-0.021610310301184654,0.9997468590736389,0.4748847782611847,0.1892496794462204,-0.021637756377458572,0.9996942281723022,0.4763006865978241,0.18946430087089539,-0.021708577871322632,0.9997340440750122,0.46613985300064087,0.1878652125597,-0.027607981115579605,0.9996809363365173,0.46232521533966064,0.18761254847049713,-0.027576126158237457,0.9996240139007568,0.457858145236969,0.18773289024829865,-0.027540173381567,0.9996705055236816,0.47252127528190613,0.19767722487449646,0.06404972821474075,0.9996122121810913,0.44334647059440613,0.19924898445606232,0.03803857043385506,0.9996976852416992,0.47520723938941956,0.22391805052757263,-0.006506285630166531,0.9996652007102966,0.4660482406616211,0.2231520414352417,-0.014193862676620483,0.9996857643127441,0.5021880269050598,0.3005541265010834,0.08632518351078033,0.9996453523635864,0.41241246461868286,0.3062642216682434,0.06390751153230667,0.9994480013847351,0.517739474773407,0.43007153272628784,0.005013589281588793,0.9268428087234497,0.40509891510009766,0.4405694603919983,-0.02330813743174076,0.9391456842422485,0.4794677793979645,0.3361080288887024,-0.08612015098333359,0.9350313544273376,0.43756672739982605,0.333889365196228,-0.12211911380290985,0.9258403182029724,0.47182050347328186,0.31133005023002625,-0.10943397134542465,0.8822180032730103,0.4436728358268738,0.31542256474494934,-0.14968158304691315,0.8586249947547913,0.46917158365249634,0.30238962173461914,-0.09495174884796143,0.8697701692581177,0.44357332587242126,0.30395203828811646,-0.14011503756046295,0.8455575108528137,0.470467746257782,0.30811697244644165,-0.0828491672873497,0.8408064842224121,0.4432397186756134,0.3081347942352295,-0.12105394899845123,0.8296670913696289,0.4917878210544586,0.5486642122268677,-0.00024125554773490876,0.9996582269668579,0.43657127022743225,0.5505610704421997,0.0004449770203791559,0.9994043111801147,0.4990307092666626,0.7465608716011047,-0.019915414974093437,0.9642261862754822,0.4356745779514313,0.7502564191818237,-0.013872587122023106,0.9624504446983337,0.5091601610183716,0.9093219041824341,0.10645785182714462,0.946243166923523,0.4321146607398987,0.916694164276123,0.12658646702766418,0.8770312666893005,0.5030558109283447,0.9288395643234253,0.11349241435527802,0.7914756536483765,0.4384501576423645,0.9336522221565247,0.1349901705980301,0.7004420757293701,0.5154827237129211,0.9716784358024597,0.009246512316167355,0.9327970743179321,0.415397971868515,0.9801827669143677,0.025069821625947952,0.88307124376297
kick_a_1,55,1835,good,0.4719613790512085,0.20546714961528778,-0.04057836905121803,0.999724805355072,0.47169914841651917,0.1890774518251419,-0.023294037207961082,0.999751627445221,0.47324511408805847,0.18931929767131805,-0.023321617394685745,0.9996989965438843,0.4747055172920227,0.1895095854997635,-0.02339106798171997,0.9997381567955017,0.4648650586605072,0.18809744715690613,-0.029655849561095238,0.999693751335144,0.4611126780509949,0.18785987794399261,-0.0296223945915699,0.9996382594108582,0.4568794369697571,0.18796852231025696,-0.029588431119918823,0.9996865391731262,0.4705452024936676,0.19781871140003204,0.062306713312864304,0.9996241927146912,0.44168612360954285,0.19932878017425537,0.03475470840930939,0.9997078776359558,0.47417891025543213,0.22392767667770386,-0.008288498967885971,0.9996752738952637,0.4653315544128418,0.2232440561056137,-0.016450906172394753,0.999697744846344,0.4997671842575073,0.30065596103668213,0.08534567803144455,0.9996292591094971,0.410443514585495,0.3071783483028412,0.06010827794671059,0.9994567036628723,0.5150138735771179,0.4295302927494049,0.0047086733393371105,0.925647497177124,0.40191230177879333,0.4414242208003998,-0.025927649810910225,0.9413643479347229,0.4769739508628845,0.33562713861465454,-0.08270038664340973,0.9333801865577698,0.43364593386650085,0.33467960357666016,-0.12157069146633148,0.9308833479881287,0.46940311789512634,0.3109877407550812,-0.10473110526800156,0.8788689374923706,0.43906325101852417,0.31557297706604004,-0.14828462898731232,0.8674662113189697,0.4675739109516144,0.30234095454216003,-0.09050615131855011,0.8661830425262451,0.4393555223941803,0.30422788858413696,-0.13858562707901,0.8550993800163269,0.46887338161468506,0.3079255223274231,-0.0793662965297699,0.8366990089416504,0.43932586908340454,0.3084231913089752,-0.12033362686634064,0.8387670516967773,0.4899633824825287,0.548163652420044,-0.00011872686445713043,0.9996527433395386,0.43472081422805786,0.5516087412834167,0.00030840476392768323,0.9994137287139893,0.4984445571899414,0.7460339069366455,-0.0216591227799654,0.9671168327331543,0.43437641859054565,0.7515028119087219,-0.0013714717933908105,0.9650406241416931,0.5093812942504883,0.9099995493888855,0.09089681506156921,0.9499001502990723,0.4315595328807831,0.9174768328666687,0.12734898924827576,0.8872386813163757,0.5032750964164734,0.9295756816864014,0.09630101174116135,0.7893285155296326,0.43872466683387756,0.9352495670318604,0.13535349071025848,0.7080016136169434,0.5155490040779114,0.9724108576774597,-0.009136799722909927,0.935462474822998,0.41422441601753235,0.9821943640708923,0.03381170332431793,0.89048832654953
