video_no,frame,timestamp_ms,good,x0,y0,z0,visibility0,x1,y1,z1,visibility1,x2,y2,z2,visibility2,x3,y3,z3,visibility3,x4,y4,z4,visibility4,x5,y5,z5,visibility5,x6,y6,z6,visibility6,x7,y7,z7,visibility7,x8,y8,z8,visibility8,x9,y9,z9,visibility9,x10,y10,z10,visibility10,x11,y11,z11,visibility11,x12,y12,z12,visibility12,x13,y13,z13,visibility13,x14,y14,z14,visibility14,x15,y15,z15,visibility15,x16,y16,z16,visibility16,x17,y17,z17,visibility17,x18,y18,z18,visibility18,x19,y19,z19,visibility19,x20,y20,z20,visibility20,x21,y21,z21,visibility21,x22,y22,z22,visibility22,x23,y23,z23,visibility23,x24,y24,z24,visibility24,x25,y25,z25,visibility25,x26,y26,z26,visibility26,x27,y27,z27,visibility27,x28,y28,z28,visibility28,x29,y29,z29,visibility29,x30,y30,z30,visibility30,x31,y31,z31,visibility31,x32,y32,z32,visibility32
IMG_9583 2,1,33,good,0.4991934299468994,0.4785788059234619,-0.04833312705159187,0.9999370574951172,0.4954756498336792,0.4692598581314087,-0.030784158036112785,0.9999052286148071,0.4946424067020416,0.4687928557395935,-0.030812881886959076,0.9998974800109863,0.49367547035217285,0.46817779541015625,-0.03082643821835518,0.9999014139175415,0.492532342672348,0.4690530300140381,-0.08337020128965378,0.9998952150344849,0.48956090211868286,0.46845579147338867,-0.08340644836425781,0.9998857975006104,0.4862535893917084,0.46767720580101013,-0.0835026204586029,0.9998818635940552,0.4752644896507263,0.4680216312408447,0.08403166383504868,0.9995571970939636,0.4660433232784271,0.4680061936378479,-0.15120522677898407,0.9998990297317505,0.4925825893878937,0.48522910475730896,0.0002107718028128147,0.9998900890350342,0.48889127373695374,0.4844372868537903,-0.06835867464542389,0.9999266862869263,0.4712563455104828,0.5154839754104614,0.2147405743598938,0.999618411064148,0.4175586700439453,0.5049940347671509,-0.2230350524187088,0.9999687671661377,0.482683926820755,0.5742930173873901,0.06963398307561874,0.31446075439453125,0.4123910069465637,0.5643331408500671,-0.22148680686950684,0.9792909026145935,0.5122220516204834,0.5330609083175659,-0.302438348531723,0.6730102300643921,0.4882977604866028,0.530034601688385,-0.06317050009965897,0.9691532850265503,0.5221741199493408,0.5217518210411072,-0.36391350626945496,0.66024249792099,0.5072943568229675,0.5192679166793823,-0.07103188335895538,0.9484160542488098,0.5185874104499817,0.5177244544029236,-0.3565658628940582,0.6682025194168091,0.5031503438949585,0.5149368047714233,-0.07912220060825348,0.942385733127594,0.5124635100364685,0.5204644799232483,-0.31487271189689636,0.6403742432594299,0.4962771236896515,0.5175531506538391,-0.05641333386301994,0.9007625579833984,0.4665009081363678,0.6272532939910889,0.13725589215755463,0.9982707500457764,0.4212599992752075,0.6270604133605957,-0.13730119168758392,0.9991214871406555,0.48031389713287354,0.7098427414894104,0.19763511419296265,0.7729787826538086,0.40746721625328064,0.7148635387420654,-0.20798970758914948,0.9848047494888306,0.5114513635635376,0.7968671321868896,0.31864485144615173,0.9080951809883118,0.3532925248146057,0.8039639592170715,-0.19775895774364471,0.9830066561698914,0.4985105097293854,0.8142399191856384,0.322965145111084,0.8488622903823853,0.33278387784957886,0.8190736174583435,-0.2039111852645874,0.9095936417579651,0.5788211822509766,0.8128607273101807,0.22602345049381256,0.9299270510673523,0.41152864694595337,0.8290732502937317,-0.3558925986289978,0.9745921492576599
IMG_9583 2,2,66,good,0.4993734359741211,0.4767000079154968,-0.05011238530278206,0.9999239444732666,0.49554184079170227,0.4680357277393341,-0.031799204647541046,0.9998883008956909,0.49469277262687683,0.46766558289527893,-0.031800586730241776,0.9998824000358582,0.49369993805885315,0.4671686291694641,-0.03178402781486511,0.9998835325241089,0.4926833510398865,0.4679434299468994,-0.08631700277328491,0.9998746514320374,0.48980680108070374,0.46744850277900696,-0.08637186139822006,0.9998689889907837,0.48658791184425354,0.466748982667923,-0.08647701144218445,0.9998617172241211,0.47543832659721375,0.4672946035861969,0.08439107239246368,0.9994888305664062,0.467216819524765,0.46708738803863525,-0.1596359759569168,0.9998909831047058,0.49308285117149353,0.4838736653327942,-0.0007211040356196463,0.999859094619751,0.49002379179000854,0.4833078384399414,-0.07208491116762161,0.9999101758003235,0.4703825116157532,0.5140889883041382,0.21864424645900726,0.9995465874671936,0.4184761345386505,0.5049582719802856,-0.25427839159965515,0.999967098236084,0.47898346185684204,0.5720075368881226,0.07498321682214737,0.2940147817134857,0.4136817753314972,0.5631816983222961,-0.23793751001358032,0.9804297685623169,0.5097439289093018,0.5332654714584351,-0.2830371558666229,0.6400994658470154,0.4910613000392914,0.5297027230262756,-0.013338088057935238,0.9695420265197754,0.5199618339538574,0.522112250328064,-0.33706194162368774,0.6305125951766968,0.508290708065033,0.5192515254020691,-0.011939933523535728,0.9478670358657837,0.5165037512779236,0.5177226066589355,-0.3329363763332367,0.639670729637146,0.5052635073661804,0.5149301290512085,-0.016797805204987526,0.9418221712112427,0.5104612708091736,0.5211426615715027,-0.29724472761154175,0.6150791645050049,0.49950945377349854,0.5175387859344482,-0.003213014453649521,0.9006558656692505,0.4660128355026245,0.629323422908783,0.14608918130397797,0.9982386231422424,0.4223513901233673,0.6294782161712646,-0.1461929976940155,0.9990227818489075,0.4809543788433075,0.7106897234916687,0.17815229296684265,0.7696674466133118,0.4078303873538971,0.7155321836471558,-0.1484123021364212,0.9849171042442322,0.5113164782524109,0.7968949675559998,0.26516276597976685,0.9081421494483948,0.3535349369049072,0.8036769032478333,-0.05540816858410835,0.9835711717605591,0.4973565638065338,0.8144292235374451,0.26610884070396423,0.8528879880905151,0.3323764503002167,0.8190731406211853,-0.052939243614673615,0.912674605846405,0.5800634622573853,0.813101053237915,0.17326191067695618,0.9312369227409363,0.41235581040382385,0.8288738131523132,-0.18963226675987244,0.9754849672317505
IMG_9583 2,3,99,good,0.49975743889808655,0.47660985589027405,-0.04634920135140419,0.9999108910560608,0.49569961428642273,0.4678196609020233,-0.027027642354369164,0.9998676180839539,0.49479737877845764,0.4674495458602905,-0.027007602155208588,0.9998608827590942,0.49374428391456604,0.4669688045978546,-0.02697061374783516,0.9998626112937927,0.4932369589805603,0.4677433967590332,-0.08363164216279984,0.9998533129692078,0.4906652271747589,0.4672603905200958,-0.08369220793247223,0.9998502135276794,0.48784077167510986,0.4665936827659607,-0.08381243050098419,0.9998420476913452,0.47572025656700134,0.4670252501964569,0.09077224135398865,0.9993724226951599,0.4705440104007721,0.46679797768592834,-0.16000880300998688,0.9998776912689209,0.4939408600330353,0.4837879240512848,0.003147528972476721,0.9998190999031067,0.4919176995754242,0.48324787616729736,-0.07092604786157608,0.9998887181282043,0.46912452578544617,0.5134450197219849,0.23474447429180145,0.9994824528694153,0.4209553301334381,0.5048732161521912,-0.25821319222450256,0.9999651908874512,0.47864532470703125,0.5705061554908752,0.12762528657913208,0.2769465446472168,0.41483426094055176,0.5630316138267517,-0.256857305765152,0.9811669588088989,0.5097870230674744,0.5332412123680115,-0.19307947158813477,0.6212249398231506,0.49152058362960815,0.5296310186386108,-0.028324879705905914,0.9698972105979919,0.5200057029724121,0.5221362113952637,-0.2384592741727829,0.6150658130645752,0.5084299445152283,0.5192380547523499,-0.020271653309464455,0.9478174448013306,0.5167590975761414,0.5177226066589355,-0.23824442923069,0.6249866485595703,0.5057662725448608,0.5149441361427307,-0.025445109233260155,0.9418348670005798,0.5107686519622803,0.5211302638053894,-0.20790733397006989,0.6019219160079956,0.5002928972244263,0.5175392627716064,-0.013088110834360123,0.9009625315666199,0.46554258465766907,0.6296821236610413,0.15009045600891113,0.9981698393821716,0.42375126481056213,0.6300317645072937,-0.15019366145133972,0.9989169239997864,0.48100313544273376,0.7108975052833557,0.179491326212883,0.7691473364830017,0.40813785791397095,0.7155398726463318,-0.16537508368492126,0.9852105975151062,0.5103588700294495,0.7969375252723694,0.28127872943878174,0.908859372138977,0.35325708985328674,0.8036560416221619,-0.1090969517827034,0.98410964012146,0.4970136880874634,0.8145156502723694,0.2835525572299957,0.8562502264976501,0.3315167725086212,0.8193186521530151,-0.11021491885185242,0.9155312776565552,0.5802561640739441,0.8130848407745361,0.18904170393943787,0.9323192834854126,0.4123086929321289,0.8289725184440613,-0.2476399689912796,0.9762996435165405
IMG_9583 2,4,132,good,0.501275897026062,0.47632408142089844,-0.045718345791101456,0.9999083280563354,0.4972701370716095,0.4676431119441986,-0.026097845286130905,0.999864935874939,0.4963027834892273,0.46729227900505066,-0.02607661671936512,0.9998588562011719,0.4951189458370209,0.46682924032211304,-0.026036664843559265,0.999860405921936,0.49489468336105347,0.4676062762737274,-0.08269254863262177,0.9998494386672974,0.4923359155654907,0.4671649932861328,-0.08275333791971207,0.9998471140861511,0.48958688974380493,0.46653106808662415,-0.08286391943693161,0.9998381733894348,0.47711509466171265,0.46694058179855347,0.0919594094157219,0.9993628859519958,0.4727812111377716,0.46671807765960693,-0.1594812572002411,0.9998762011528015,0.49574601650238037,0.4835105240345001,0.0036164189223200083,0.9998096227645874,0.4936530888080597,0.4831007421016693,-0.07063216716051102,0.9998827576637268,0.469212144613266,0.5131410956382751,0.2327660173177719,0.9994577169418335,0.42284196615219116,0.5048325657844543,-0.2519667446613312,0.9999638795852661,0.4790618419647217,0.5695726275444031,0.11203931272029877,0.2667839527130127,0.41567522287368774,0.5630424618721008,-0.2519547939300537,0.9816648364067078,0.5103275179862976,0.5329417586326599,-0.22569367289543152,0.6099738478660583,0.4918687045574188,0.5296529531478882,-0.02557336539030075,0.9694855809211731,0.5206338763237,0.5214885473251343,-0.27622416615486145,0.6053895950317383,0.5084720253944397,0.5192833542823792,-0.024030787870287895,0.9465075135231018,0.5172861814498901,0.5175106525421143,-0.2736043334007263,0.6159912347793579,0.5060132145881653,0.5149727463722229,-0.028295893222093582,0.9404768943786621,0.5112751126289368,0.5208043456077576,-0.23972879350185394,0.5943185091018677,0.5006675124168396,0.5175592303276062,-0.014471359550952911,0.8993930220603943,0.4654790163040161,0.6298535466194153,0.14992976188659668,0.9981493353843689,0.4242384433746338,0.6301719546318054,-0.15001967549324036,0.9988602995872498,0.48117053508758545,0.7114297151565552,0.18216809630393982,0.7676209807395935,0.408358633518219,0.7160046696662903,-0.16509807109832764,0.9854796528816223,0.509989321231842,0.7970282435417175,0.2825760543346405,0.9092854857444763,0.35320210456848145,0.8036072850227356,-0.11192113161087036,0.9845685958862305,0.4968232810497284,0.8146560192108154,0.28453028202056885,0.8584953546524048,0.3309563100337982,0.8195135593414307,-0.11339239776134491,0.9178584814071655,0.5807487368583679,0.8131447434425354,0.19271494448184967,0.933289647102356,0.41311565041542053,0.8289204835891724,-0.24915437400341034,0.9770184755325317
IMG_9583 2,5,165,good,0.5016494393348694,0.4771046042442322,-0.038740433752536774,0.9999086260795593,0.49768969416618347,0.4680047929286957,-0.019094280898571014,0.9998665452003479,0.4966934323310852,0.4675973057746887,-0.019071029499173164,0.9998611211776733,0.49546530842781067,0.4670895040035248,-0.01903747022151947,0.9998626708984375,0.4955814480781555,0.46801847219467163,-0.07463841140270233,0.9998496770858765,0.4932129979133606,0.4675506353378296,-0.07469049096107483,0.9998478293418884,0.4906892478466034,0.46690094470977783,-0.07478633522987366,0.9998383522033691,0.47796157002449036,0.467021107673645,0.09835553169250488,0.9993748664855957,0.4748130440711975,0.4667663276195526,-0.15076784789562225,0.9998781681060791,0.49650460481643677,0.48420700430870056,0.009980547241866589,0.9998095035552979,0.4946077764034271,0.4838106334209442,-0.06307046115398407,0.9998814463615417,0.46922802925109863,0.5130639672279358,0.2365812510251999,0.9994593262672424,0.42398059368133545,0.5045082569122314,-0.24678051471710205,0.9999643564224243,0.47914981842041016,0.569803774356842,0.10755276679992676,0.2572386562824249,0.4170778691768646,0.5629075765609741,-0.23321306705474854,0.982057511806488,0.5113571882247925,0.5329415202140808,-0.2395201176404953,0.6002208590507507,0.492374449968338,0.5296411514282227,-0.00727215176448226,0.9691706895828247,0.522117018699646,0.5216063261032104,-0.2918992340564728,0.5973089337348938,0.508644700050354,0.519305408000946,-0.005750506184995174,0.9455543756484985,0.5186914205551147,0.517505407333374,-0.288521409034729,0.6085721254348755,0.5065844655036926,0.5149908661842346,-0.010494928807020187,0.9395132660865784,0.5126587748527527,0.5207942128181458,-0.2534058392047882,0.5883630514144897,0.5013493299484253,0.517565906047821,0.0025793418753892183,0.8984308242797852,0.4654861390590668,0.6292660236358643,0.15051230788230896,0.9981684684753418,0.4253264367580414,0.6297314763069153,-0.15060405433177948,0.9988492131233215,0.4815608859062195,0.7114936709403992,0.18366262316703796,0.7670558094978333,0.40872231125831604,0.7159939408302307,-0.1687667816877365,0.9859240651130676,0.5099955201148987,0.796967089176178,0.27956366539001465,0.9105915427207947,0.3535337448120117,0.8033895492553711,-0.12263587862253189,0.9851771593093872,0.49659281969070435,0.8145244121551514,0.28107941150665283,0.8614602088928223,0.33103638887405396,0.8193539977073669,-0.12448132783174515,0.9204984903335571,0.580851674079895,0.8131488561630249,0.19120097160339355,0.9345679879188538,0.41359972953796387,0.828765332698822,-0.2584705948829651,0.977871835231781
IMG_9583 2,6,198,good,0.5026302337646484,0.4769435524940491,-0.032339662313461304,0.9999138712882996,0.4989190697669983,0.46790048480033875,-0.01178162731230259,0.999875009059906,0.49797630310058594,0.4674832820892334,-0.011774481274187565,0.9998700022697449,0.4967672824859619,0.46696290373802185,-0.011757365427911282,0.9998718500137329,0.49659356474876404,0.46796104311943054,-0.06702464073896408,0.9998582005500793,0.4940888583660126,0.46750694513320923,-0.06706613302230835,0.9998562335968018,0.4914169907569885,0.466860294342041,-0.06713894009590149,0.9998470544815063,0.47956886887550354,0.46686500310897827,0.10787005722522736,0.9994181990623474,0.4752363860607147,0.46665170788764954,-0.14044639468193054,0.9998854398727417,0.4976765811443329,0.4840184450149536,0.016874928027391434,0.9998201131820679,0.49538394808769226,0.4836890697479248,-0.05567333102226257,0.999886691570282,0.46951666474342346,0.5130389332771301,0.24507838487625122,0.99948650598526,0.4252054989337921,0.5044481754302979,-0.23088079690933228,0.9999644160270691,0.48420414328575134,0.5698404312133789,0.11249901354312897,0.25971361994743347,0.41834867000579834,0.5629095435142517,-0.2121819257736206,0.9822678565979004,0.5137590765953064,0.5329298973083496,-0.23404812812805176,0.6063052415847778,0.49267345666885376,0.5297415256500244,0.008089802227914333,0.9683477878570557,0.5239309668540955,0.5212963223457336,-0.28709039092063904,0.6019362211227417,0.5086780190467834,0.5192869305610657,0.00926770269870758,0.9436079859733582,0.5206314921379089,0.5170637369155884,-0.28230518102645874,0.613399863243103,0.5068255066871643,0.5149834752082825,0.004551336634904146,0.937373161315918,0.5148861408233643,0.5204241275787354,-0.2472105473279953,0.5937412977218628,0.5015481114387512,0.51758873462677,0.017596663907170296,0.8959262371063232,0.46518364548683167,0.629067063331604,0.15069511532783508,0.9982309937477112,0.42636269330978394,0.6291413307189941,-0.15077254176139832,0.9988409280776978,0.4817019999027252,0.712097704410553,0.17937065660953522,0.7651591300964355,0.40929165482521057,0.7159249782562256,-0.1721821427345276,0.9861394166946411,0.5099101066589355,0.797192394733429,0.26779359579086304,0.9110645651817322,0.3531937301158905,0.80324387550354,-0.12554484605789185,0.985437273979187,0.4963628649711609,0.8150041699409485,0.2686116397380829,0.862991213798523,0.3307032883167267,0.8193395137786865,-0.12687751650810242,0.9218207001686096,0.5810356736183167,0.8131935596466064,0.1767822653055191,0.934977114200592,0.4118562638759613,0.8288775086402893,-0.2579006850719452,0.9782569408416748
IMG_9583 2,7,231,good,0.5047849416732788,0.47694945335388184,-0.06265750527381897,0.999917209148407,0.5014047026634216,0.4678279161453247,-0.04135822132229805,0.9998804330825806,0.5005720853805542,0.4673902988433838,-0.041351497173309326,0.9998759031295776,0.49944424629211426,0.46684467792510986,-0.04131995886564255,0.999877393245697,0.4986970126628876,0.4679439961910248,-0.0985189899802208,0.9998632073402405,0.4960557818412781,0.4674977958202362,-0.09854435920715332,0.9998611807823181,0.49323272705078125,0.4668487310409546,-0.09859174489974976,0.9998512864112854,0.4821436107158661,0.4666674733161926,0.08606114238500595,0.9994453191757202,0.4764438271522522,0.4665864408016205,-0.1723703294992447,0.9998896718025208,0.5001009702682495,0.4840204119682312,-0.010139587335288525,0.9998270273208618,0.4973595440387726,0.48369264602661133,-0.08533839136362076,0.9998905062675476,0.4705390930175781,0.5128825306892395,0.2335459142923355,0.9995107054710388,0.4277690351009369,0.504294216632843,-0.2581136226654053,0.9999651312828064,0.4867323637008667,0.5698654055595398,0.099521204829216,0.25965821743011475,0.41876015067100525,0.562962532043457,-0.25369149446487427,0.9826119542121887,0.5147157311439514,0.5329244136810303,-0.2628747224807739,0.6132147312164307,0.4927840530872345,0.5301067233085632,-0.04588757082819939,0.9681936502456665,0.525516152381897,0.520797610282898,-0.31714650988578796,0.6085102558135986,0.5088634490966797,0.5196415185928345,-0.05018437281250954,0.9429914355278015,0.5223572850227356,0.5167177319526672,-0.31457266211509705,0.620193600654602,0.5070112347602844,0.515098512172699,-0.052155449986457825,0.9368259310722351,0.5162180662155151,0.5201606154441833,-0.27726051211357117,0.6006619334220886,0.5015458464622498,0.517784833908081,-0.035746730864048004,0.8951628804206848,0.4651828408241272,0.6293714046478271,0.15263010561466217,0.998304009437561,0.42771652340888977,0.6295895576477051,-0.15272076427936554,0.9988825917243958,0.48409226536750793,0.7131310701370239,0.24080906808376312,0.7696589827537537,0.40929722785949707,0.7167536616325378,-0.16695310175418854,0.9868104457855225,0.509892463684082,0.7970444560050964,0.3857049345970154,0.9137865900993347,0.3532975912094116,0.8029700517654419,-0.11229345202445984,0.9861618876457214,0.49602875113487244,0.8145216703414917,0.39246314764022827,0.8668901920318604,0.3306741416454315,0.8191882371902466,-0.11344955116510391,0.924716591835022,0.5808233618736267,0.8128691911697388,0.30273786187171936,0.9371709823608398,0.4118562936782837,0.8289807438850403,-0.25169792771339417,0.9793071150779724
IMG_9583 2,8,264,good,0.5059614777565002,0.476955384016037,-0.05990619584918022,0.9999211430549622,0.502617597579956,0.467824786901474,-0.03916703909635544,0.9998865723609924,0.5017958283424377,0.4673832952976227,-0.0391707718372345,0.9998825788497925,0.5006771087646484,0.46682876348495483,-0.03915025293827057,0.9998837113380432,0.4998888373374939,0.4679405987262726,-0.09533262252807617,0.9998695850372314,0.4972427785396576,0.46749481558799744,-0.09536310285329819,0.999867856502533,0.49436357617378235,0.4668450951576233,-0.09542953222990036,0.9998579025268555,0.4831371307373047,0.46658897399902344,0.08646728843450546,0.9994767904281616,0.47696539759635925,0.46654510498046875,-0.1684514284133911,0.9998957514762878,0.5012916922569275,0.4840235114097595,-0.008183504454791546,0.999835193157196,0.4981435239315033,0.4836980998516083,-0.08198001235723495,0.999895453453064,0.4708806872367859,0.5123260617256165,0.23294222354888916,0.9995284676551819,0.42851579189300537,0.5038126111030579,-0.2545091509819031,0.9999663233757019,0.4871658384799957,0.5690701603889465,0.09921325743198395,0.2562851011753082,0.42009836435317993,0.5629963874816895,-0.24851343035697937,0.9832364916801453,0.5165476202964783,0.5321861505508423,-0.25851935148239136,0.6142733097076416,0.4940921366214752,0.5303778052330017,-0.02823229879140854,0.9687897562980652,0.5278862118721008,0.5204421877861023,-0.31200912594795227,0.6100922226905823,0.5103949904441833,0.5198843479156494,-0.02874542959034443,0.943705141544342,0.5248128175735474,0.5162457227706909,-0.30987608432769775,0.6221696138381958,0.5089079141616821,0.5152190923690796,-0.03319604694843292,0.9377152919769287,0.5183504819869995,0.519856870174408,-0.27308711409568787,0.6035736799240112,0.503386914730072,0.5179567337036133,-0.018462946638464928,0.8968252539634705,0.4655809700489044,0.6293869614601135,0.15261763334274292,0.9983595609664917,0.4289858937263489,0.6296325325965881,-0.15271104872226715,0.9989112615585327,0.4853028953075409,0.713631272315979,0.22492504119873047,0.7736961841583252,0.40955618023872375,0.7168152928352356,-0.16682842373847961,0.9873704314231873,0.5099941492080688,0.7970853447914124,0.34947723150253296,0.9158989787101746,0.35321348905563354,0.8029694557189941,-0.11772342771291733,0.9867936372756958,0.496004581451416,0.8145602345466614,0.3540228307247162,0.8703432083129883,0.330361932516098,0.8193127512931824,-0.11938202381134033,0.9273414015769958,0.5808404088020325,0.8130753636360168,0.2619471251964569,0.9390318989753723,0.4119175672531128,0.8289743661880493,-0.25474193692207336,0.980211079120636
IMG_9583 2,9,297,good,0.5067302584648132,0.476941853761673,-0.05245286598801613,0.999920666217804,0.5035390853881836,0.46780455112457275,-0.03118591010570526,0.9998862743377686,0.5026797652244568,0.4673563539981842,-0.031185997650027275,0.9998825192451477,0.5015290379524231,0.4667915105819702,-0.031164614483714104,0.9998840689659119,0.5009479522705078,0.46792978048324585,-0.08792830258607864,0.9998683333396912,0.4983217716217041,0.46748673915863037,-0.08795584738254547,0.9998666048049927,0.49548566341400146,0.4668385684490204,-0.08802199363708496,0.9998561143875122,0.4840486943721771,0.4665094017982483,0.09146319329738617,0.9994778037071228,0.47809305787086487,0.4665076434612274,-0.1658027619123459,0.9998944401741028,0.5017613172531128,0.48398739099502563,-0.0019701782148331404,0.9998320937156677,0.4986364245414734,0.4836726486682892,-0.07671403139829636,0.9998927116394043,0.47114261984825134,0.5121490955352783,0.23415201902389526,0.9995300769805908,0.42869022488594055,0.5038005709648132,-0.25238510966300964,0.9999653697013855,0.48969173431396484,0.5686383843421936,0.10673404484987259,0.2547464072704315,0.4213201701641083,0.5630072355270386,-0.24558043479919434,0.9834436774253845,0.5184038877487183,0.532160222530365,-0.23246487975120544,0.6169114112854004,0.49540144205093384,0.5306365489959717,-0.03467274829745293,0.9687074422836304,0.5299329161643982,0.5203542113304138,-0.2830500900745392,0.6124113202095032,0.511482834815979,0.5202295184135437,-0.03583895415067673,0.9433574080467224,0.5264924168586731,0.5162367224693298,-0.27987056970596313,0.6245819330215454,0.5101067423820496,0.5153580904006958,-0.03872757405042648,0.9373929500579834,0.5202010273933411,0.5198334455490112,-0.24600960314273834,0.6063036918640137,0.5047142505645752,0.5181117057800293,-0.024661626666784286,0.8964270949363708,0.46569687128067017,0.6293739676475525,0.15224336087703705,0.9983623623847961,0.4296043813228607,0.6296199560165405,-0.15233299136161804,0.9988863468170166,0.48548623919487,0.7135827541351318,0.22288541495800018,0.7736418843269348,0.41008371114730835,0.7167996168136597,-0.16872338950634003,0.9875292778015137,0.5097432732582092,0.7970634698867798,0.3469931483268738,0.9158977270126343,0.3526652753353119,0.8029110431671143,-0.12229230254888535,0.986976683139801,0.49586841464042664,0.8145432472229004,0.3512948155403137,0.8711337447166443,0.330007404088974,0.8193126916885376,-0.12427975982427597,0.9280310273170471,0.5812517404556274,0.8128816485404968,0.2536926865577698,0.9391768574714661,0.4118916690349579,0.8287097215652466,-0.2606675326824188,0.9804761409759521
IMG_9583 2,10,331,good,0.5070469975471497,0.4769447147846222,-0.037569597363471985,0.9999215602874756,0.5035591721534729,0.467788964509964,-0.017118675634264946,0.9998878836631775,0.502654492855072,0.46732884645462036,-0.01712147891521454,0.9998841881752014,0.5014784932136536,0.46674829721450806,-0.01711014285683632,0.9998862743377686,0.5012195706367493,0.4679165184497833,-0.07377620786428452,0.9998701810836792,0.49874386191368103,0.46746981143951416,-0.07381206750869751,0.9998685717582703,0.49610579013824463,0.46681901812553406,-0.07389514893293381,0.9998583793640137,0.48419567942619324,0.46639278531074524,0.10124233365058899,0.9994868040084839,0.4793338477611542,0.4663904011249542,-0.15493406355381012,0.999896764755249,0.5022462606430054,0.48397332429885864,0.011432167142629623,0.9998334646224976,0.4994982182979584,0.48366016149520874,-0.06306034326553345,0.9998932480812073,0.47155967354774475,0.5120983123779297,0.2438204139471054,0.9995378851890564,0.4292055070400238,0.5037633776664734,-0.2515356242656708,0.9999655485153198,0.4910908341407776,0.5685275197029114,0.12355457246303558,0.2540956437587738,0.4225776791572571,0.5631593465805054,-0.24389907717704773,0.9838910698890686,0.5194197297096252,0.5314623713493347,-0.2078872174024582,0.6213861703872681,0.4966804087162018,0.5308904647827148,-0.034146785736083984,0.9694420695304871,0.530945360660553,0.5199497938156128,-0.25786781311035156,0.6167832612991333,0.5128153562545776,0.5202515721321106,-0.03576359897851944,0.9443702101707458,0.5280655026435852,0.5155717134475708,-0.2553204596042633,0.6289472579956055,0.5113343596458435,0.5153653025627136,-0.038686856627464294,0.9385234117507935,0.5224342346191406,0.5193156003952026,-0.22162935137748718,0.6109340786933899,0.5059074759483337,0.518138587474823,-0.024125801399350166,0.8981990218162537,0.4658925235271454,0.6293627619743347,0.15296609699726105,0.9983859062194824,0.43050867319107056,0.6295653581619263,-0.1530495434999466,0.9988758563995361,0.4862504303455353,0.7135449647903442,0.20934529602527618,0.7758597731590271,0.410388320684433,0.7168375849723816,-0.17182032763957977,0.9878429174423218,0.5096985697746277,0.7973623275756836,0.31517383456230164,0.917367160320282,0.3520641624927521,0.8029121160507202,-0.12281233072280884,0.9873721599578857,0.4956202208995819,0.8145907521247864,0.317823201417923,0.8734477758407593,0.32924148440361023,0.8193230628967285,-0.12588274478912354,0.9296500086784363,0.5816066265106201,0.8132497072219849,0.22886469960212708,0.9400997757911682,0.4110413193702698,0.8287834525108337,-0.2632784843444824,0.9809938669204712
IMG_9583 2,11,364,good,0.5079694390296936,0.4768703281879425,-0.03820544853806496,0.9999232292175293,0.5046906471252441,0.4676983058452606,-0.018006442114710808,0.9998910427093506,0.5038270950317383,0.4672147035598755,-0.018008381128311157,0.9998875856399536,0.502683699131012,0.4666118621826172,-0.017996016889810562,0.9998899698257446,0.50208580493927,0.46787258982658386,-0.07437313348054886,0.9998731017112732,0.49943074584007263,0.46742886304855347,-0.0744096040725708,0.9998712539672852,0.4966317117214203,0.46677324175834656,-0.07449112087488174,0.999860942363739,0.48527950048446655,0.46612799167633057,0.1004394143819809,0.9995046854019165,0.47990700602531433,0.46618813276290894,-0.1533670425415039,0.9998987317085266,0.5030587315559387,0.4837217628955841,0.010852878913283348,0.9998362064361572,0.5000127553939819,0.48349082469940186,-0.06333746016025543,0.9998937249183655,0.4734848737716675,0.5120067000389099,0.24186690151691437,0.9995464086532593,0.4301384389400482,0.5037214756011963,-0.24467648565769196,0.9999648332595825,0.4940405488014221,0.5679023861885071,0.11799706518650055,0.2568395733833313,0.42403244972229004,0.5631636381149292,-0.2314644753932953,0.9838972687721252,0.5215505957603455,0.5311828255653381,-0.21949072182178497,0.624872088432312,0.49768394231796265,0.5308880805969238,-0.024490153416991234,0.9690638184547424,0.5325773358345032,0.5196060538291931,-0.27051952481269836,0.6194092035293579,0.5134502053260803,0.5201669335365295,-0.02615220472216606,0.9435885548591614,0.5293962359428406,0.5151097178459167,-0.26802772283554077,0.6316585540771484,0.511886715888977,0.515220046043396,-0.029158424586057663,0.9377045035362244,0.5241724848747253,0.5185515284538269,-0.23320502042770386,0.6142004132270813,0.5065696835517883,0.518025815486908,-0.01468626782298088,0.8972132802009583,0.4663914144039154,0.6290192604064941,0.15278498828411102,0.9984059929847717,0.4308803677558899,0.6291817426681519,-0.15287189185619354,0.9988609552383423,0.4862940013408661,0.7134097218513489,0.20071038603782654,0.7752357125282288,0.4111815392971039,0.7167943120002747,-0.17180652916431427,0.9880277514457703,0.5096109509468079,0.7972881197929382,0.3023889362812042,0.9174844026565552,0.35179921984672546,0.8026164174079895,-0.12322396039962769,0.9875828623771667,0.4955987334251404,0.814598023891449,0.3046269416809082,0.8742418885231018,0.3291149437427521,0.8192213177680969,-0.12547315657138824,0.9304216504096985,0.5820391774177551,0.8128100037574768,0.21516643464565277,0.94029700756073,0.41139137744903564,0.8284851908683777,-0.26000288128852844,0.9812726378440857
IMG_9583 2,12,397,good,0.5090187788009644,0.47675639390945435,-0.0467483326792717,0.9999249577522278,0.5057435035705566,0.46764159202575684,-0.02600829117000103,0.9998939037322998,0.5049737691879272,0.46714699268341064,-0.026012256741523743,0.9998907446861267,0.5039672255516052,0.4665367007255554,-0.0259996447712183,0.9998932480812073,0.5028708577156067,0.46783164143562317,-0.0820169597864151,0.9998756051063538,0.5001479387283325,0.46738648414611816,-0.0820547491312027,0.9998737573623657,0.49726009368896484,0.46673062443733215,-0.08212641626596451,0.9998632073402405,0.48735493421554565,0.46610331535339355,0.09672214835882187,0.9995218515396118,0.48056188225746155,0.4661819636821747,-0.1557093858718872,0.9999008178710938,0.504285991191864,0.4835599362850189,0.004079158883541822,0.9998411536216736,0.5008296966552734,0.4832969307899475,-0.0694352388381958,0.9998956918716431,0.4763658344745636,0.5120769143104553,0.24122153222560883,0.9995579123497009,0.4310746192932129,0.5037218928337097,-0.24464769661426544,0.9999643564224243,0.49915483593940735,0.5681888461112976,0.11531007289886475,0.2643752992153168,0.4259711503982544,0.56329745054245,-0.23148949444293976,0.9841922521591187,0.5239342451095581,0.531170129776001,-0.22990724444389343,0.6305186152458191,0.4991828501224518,0.5308498740196228,-0.02520115114748478,0.969169557094574,0.5342295169830322,0.5194454789161682,-0.28290078043937683,0.6225563883781433,0.5143331289291382,0.5198805928230286,-0.027353797107934952,0.9433600306510925,0.5310073494911194,0.5149646401405334,-0.2766549587249756,0.6348115801811218,0.5126209259033203,0.5149710774421692,-0.03087487816810608,0.9374019503593445,0.525621235370636,0.5183906555175781,-0.24217703938484192,0.6174126267433167,0.5074410438537598,0.5178878307342529,-0.01572866551578045,0.8968904614448547,0.4668358266353607,0.6293565630912781,0.1525985151529312,0.9984550476074219,0.4312238097190857,0.6293305158615112,-0.15268181264400482,0.9988757371902466,0.48686185479164124,0.7135459780693054,0.20023222267627716,0.7756317853927612,0.4116290807723999,0.7167754173278809,-0.1696190983057022,0.9882042407989502,0.5096699595451355,0.7972826957702637,0.303178995847702,0.9184918403625488,0.35224854946136475,0.8025435209274292,-0.11286340653896332,0.9878977537155151,0.49552658200263977,0.8145502209663391,0.3056802749633789,0.8761903047561646,0.32923951745033264,0.8189823031425476,-0.11429048329591751,0.9317945241928101,0.582057535648346,0.8131127953529358,0.21555741131305695,0.9413706064224243,0.41139575839042664,0.8286961913108826,-0.25365424156188965,0.9817612171173096
IMG_9583 2,13,430,good,0.5105828046798706,0.4762667715549469,-0.1032719686627388,0.99992436170578,0.5063459277153015,0.4672664403915405,-0.0814037173986435,0.9998925924301147,0.5054144263267517,0.4667786657810211,-0.08141914010047913,0.9998888969421387,0.5042457580566406,0.4661880135536194,-0.08139024674892426,0.9998902082443237,0.503847599029541,0.46749603748321533,-0.13736529648303986,0.999875009059906,0.5012542605400085,0.46709689497947693,-0.13739937543869019,0.9998728632926941,0.4984160363674164,0.4664978086948395,-0.1374741941690445,0.9998613595962524,0.4872278869152069,0.46600162982940674,0.05147862061858177,0.999511182308197,0.4813995957374573,0.46610018610954285,-0.2008952647447586,0.9998990893363953,0.5053430199623108,0.48317936062812805,-0.04811888560652733,0.9998371601104736,0.5022025108337402,0.48301467299461365,-0.12152345478534698,0.9998939633369446,0.476619690656662,0.5121278762817383,0.21030393242835999,0.9995527267456055,0.4327317178249359,0.503650963306427,-0.28503865003585815,0.9999626874923706,0.4996793866157532,0.5682311058044434,0.09700877964496613,0.26608026027679443,0.42765262722969055,0.5633221864700317,-0.29331937432289124,0.9844903349876404,0.5265334844589233,0.5309654474258423,-0.24756848812103271,0.6386675834655762,0.501346230506897,0.530848503112793,-0.11433367431163788,0.9697133302688599,0.5368124842643738,0.519385576248169,-0.30184122920036316,0.6295931339263916,0.5167756676673889,0.5198612213134766,-0.12566514313220978,0.9442402124404907,0.5336285829544067,0.5145960450172424,-0.29854872822761536,0.6419229507446289,0.5152935981750488,0.5148611068725586,-0.1302105039358139,0.9384565353393555,0.5284897089004517,0.5180137753486633,-0.2614019811153412,0.6237102746963501,0.5099081993103027,0.5177731513977051,-0.10658704489469528,0.8983862400054932,0.46761488914489746,0.6322205662727356,0.15245500206947327,0.9984844923019409,0.4316808879375458,0.6321476101875305,-0.1525365561246872,0.998903751373291,0.4882666766643524,0.7141233682632446,0.24271370470523834,0.7796063423156738,0.4114864468574524,0.7170938849449158,-0.16230927407741547,0.9885653853416443,0.5105234384536743,0.7968354225158691,0.3963873088359833,0.9207838177680969,0.3535812795162201,0.802174985408783,-0.09772796928882599,0.9884095191955566,0.4957278072834015,0.8143562078475952,0.40416574478149414,0.8793874382972717,0.32940223813056946,0.8187665939331055,-0.09912963956594467,0.9343823790550232,0.5820415616035461,0.8131133913993835,0.31542497873306274,0.9435360431671143,0.4114239513874054,0.828369677066803,-0.24363860487937927,0.9826047420501709
IMG_9583 2,14,463,good,0.511896550655365,0.47626858949661255,-0.09320539981126785,0.9999220371246338,0.5076966285705566,0.4672827422618866,-0.07321255654096603,0.9998898506164551,0.5068379640579224,0.4668063223361969,-0.07321324199438095,0.9998862147331238,0.5057806968688965,0.46623560786247253,-0.07318408042192459,0.9998860955238342,0.5051984190940857,0.4675118327140808,-0.1295219212770462,0.999872088432312,0.502663791179657,0.46712276339530945,-0.12956123054027557,0.9998705983161926,0.4999077618122101,0.4665440022945404,-0.12963834404945374,0.9998579025268555,0.4890748858451843,0.46628859639167786,0.053220901638269424,0.9995042681694031,0.48246896266937256,0.46638232469558716,-0.19986547529697418,0.9998980164527893,0.5067738890647888,0.48320284485816956,-0.04043035954236984,0.9998356699943542,0.50348299741745,0.4830252230167389,-0.11404614895582199,0.9998927712440491,0.4801541268825531,0.5128572583198547,0.20457258820533752,0.9995424747467041,0.4334715008735657,0.5039598941802979,-0.28670281171798706,0.9999624490737915,0.5058090686798096,0.5690942406654358,0.07532837986946106,0.2648806571960449,0.4327588975429535,0.5634127855300903,-0.28069478273391724,0.9850033521652222,0.5288694500923157,0.5309709906578064,-0.28992700576782227,0.6319455504417419,0.505830705165863,0.5292089581489563,-0.0837491825222969,0.970859706401825,0.5386883020401001,0.5195446014404297,-0.347433477640152,0.6218516826629639,0.5196182727813721,0.5185286402702332,-0.0909091979265213,0.946042537689209,0.5351641178131104,0.5145840644836426,-0.34181132912635803,0.6345518231391907,0.5185994505882263,0.5134232044219971,-0.09664485603570938,0.9404572248458862,0.5308117270469666,0.5179817080497742,-0.30361369252204895,0.617426872253418,0.5130014419555664,0.516923725605011,-0.07563081383705139,0.9013369679450989,0.47031328082084656,0.6332650184631348,0.15228423476219177,0.9984894394874573,0.43193933367729187,0.6334332227706909,-0.15238051116466522,0.9989168643951416,0.48978015780448914,0.7146695256233215,0.23813578486442566,0.7820524573326111,0.41104820370674133,0.7172154188156128,-0.16160789132118225,0.9887415766716003,0.5109004378318787,0.7968388795852661,0.38338035345077515,0.922045111656189,0.3535711467266083,0.8022676706314087,-0.09975466877222061,0.9886720180511475,0.49576953053474426,0.8142919540405273,0.3907080888748169,0.881843626499176,0.3293963670730591,0.8191114068031311,-0.1010451540350914,0.9356615543365479,0.5820410847663879,0.8132814764976501,0.3046712875366211,0.9448958039283752,0.41154372692108154,0.8287792801856995,-0.24437597393989563,0.9830347895622253
IMG_9583 2,15,496,good,0.5138525366783142,0.4768334925174713,-0.08707699924707413,0.9999189972877502,0.5091456174850464,0.46741554141044617,-0.06786399334669113,0.9998868107795715,0.5082119107246399,0.46693894267082214,-0.06785554438829422,0.9998834729194641,0.5070776343345642,0.4663740396499634,-0.06782742589712143,0.9998815655708313,0.5069727301597595,0.4675948917865753,-0.12407957017421722,0.9998690485954285,0.5045675039291382,0.4671844244003296,-0.12412387877702713,0.9998685717582703,0.5018993616104126,0.4666009843349457,-0.12421103566884995,0.9998547434806824,0.49001482129096985,0.4664354622364044,0.05574365705251694,0.9994962215423584,0.4842827022075653,0.4665437340736389,-0.19647905230522156,0.9998978972434998,0.5087555050849915,0.4839733839035034,-0.035300105810165405,0.9998336434364319,0.5058359503746033,0.4836396276950836,-0.10873719304800034,0.9998920559883118,0.4819781184196472,0.5137276649475098,0.2011730670928955,0.9995183944702148,0.43458670377731323,0.5040345191955566,-0.2864779829978943,0.9999623894691467,0.5066460371017456,0.5693438053131104,0.0540054626762867,0.2603127658367157,0.43566104769706726,0.5634139180183411,-0.2776557207107544,0.9855116605758667,0.5298369526863098,0.5309799909591675,-0.3240076005458832,0.6194098591804504,0.508400559425354,0.5282126665115356,-0.07262879610061646,0.9718430042266846,0.5391652584075928,0.5194844007492065,-0.3836214244365692,0.6092728972434998,0.5218762755393982,0.5176398754119873,-0.07854241132736206,0.9475523233413696,0.5360217690467834,0.5145866870880127,-0.376293808221817,0.622398316860199,0.5207211971282959,0.5129157304763794,-0.08382493257522583,0.9421406984329224,0.531563937664032,0.5179879069328308,-0.33754462003707886,0.6069193482398987,0.5154763460159302,0.5162942409515381,-0.06414797902107239,0.9038517475128174,0.47282466292381287,0.6335151195526123,0.15220218896865845,0.9984973669052124,0.43261978030204773,0.6336240172386169,-0.15230995416641235,0.998938798904419,0.4913524389266968,0.7146744728088379,0.23516274988651276,0.7861640453338623,0.41071322560310364,0.7171615958213806,-0.16034254431724548,0.9891138076782227,0.5119417309761047,0.7967788577079773,0.3758893311023712,0.9239172339439392,0.35356295108795166,0.8022842407226562,-0.10062138736248016,0.9890950918197632,0.49658384919166565,0.8140066862106323,0.38294896483421326,0.8849758505821228,0.3293973207473755,0.819168746471405,-0.10194426774978638,0.9375129342079163,0.5820304751396179,0.8131508827209473,0.2981286644935608,0.9465289115905762,0.411533921957016,0.8287762999534607,-0.24476800858974457,0.9836148023605347
IMG_9583 2,16,529,good,0.5148000121116638,0.4769875109195709,-0.08473586291074753,0.9999178647994995,0.5096690654754639,0.4674813151359558,-0.06333525478839874,0.9998863935470581,0.5086565017700195,0.4670153260231018,-0.06334470212459564,0.9998833537101746,0.5074211955070496,0.4664674699306488,-0.06332084536552429,0.9998801946640015,0.5076025724411011,0.4676437973976135,-0.11901746690273285,0.9998686909675598,0.5051751732826233,0.46723148226737976,-0.11905159056186676,0.9998696446418762,0.5024453997612,0.4666503965854645,-0.11913318186998367,0.9998553991317749,0.48997995257377625,0.4665783941745758,0.06106284260749817,0.9995007514953613,0.484666109085083,0.4666447043418884,-0.1907316893339157,0.9999006986618042,0.5096212029457092,0.48422685265541077,-0.03122609853744507,0.9998356699943542,0.5067406892776489,0.483799010515213,-0.10407427698373795,0.9998935461044312,0.4819416105747223,0.5143553614616394,0.20473533868789673,0.9994972348213196,0.4356946051120758,0.5042248964309692,-0.283189058303833,0.9999628067016602,0.50633704662323,0.5698280334472656,0.05907698720693588,0.25364595651626587,0.4443419575691223,0.5626938343048096,-0.27441295981407166,0.9859920740127563,0.5308782458305359,0.5308780074119568,-0.3111557066440582,0.5992431640625,0.5135530233383179,0.5266508460044861,-0.02322516217827797,0.9724053144454956,0.5395148992538452,0.5190740823745728,-0.368529349565506,0.5893145799636841,0.525345504283905,0.5161749124526978,-0.0234697088599205,0.948182225227356,0.5366820096969604,0.5143585801124573,-0.35977548360824585,0.6029818058013916,0.5239771008491516,0.5114484429359436,-0.03371458873152733,0.9428603053092957,0.5323010087013245,0.517842710018158,-0.32400307059288025,0.5894513130187988,0.5187992453575134,0.515167772769928,-0.01562376506626606,0.9051317572593689,0.47424939274787903,0.633888840675354,0.151750847697258,0.9985117316246033,0.4337577521800995,0.6335499882698059,-0.15187765657901764,0.9989486336708069,0.4920937418937683,0.7146503329277039,0.2324322760105133,0.7855483889579773,0.41055038571357727,0.7168253064155579,-0.15765956044197083,0.9891359806060791,0.5119601488113403,0.7967792749404907,0.3590897023677826,0.9240089058876038,0.3533945083618164,0.8022746443748474,-0.0971607193350792,0.9892337322235107,0.49660158157348633,0.8139853477478027,0.36583513021469116,0.8861250281333923,0.3293793499469757,0.8191368579864502,-0.09782686084508896,0.9380772113800049,0.5820655822753906,0.8133489489555359,0.29025131464004517,0.9469928741455078,0.4101850688457489,0.8289128541946411,-0.237008735537529,0.9837418794631958
IMG_9583 2,17,562,good,0.51610267162323,0.477934867143631,-0.06599932909011841,0.9999180436134338,0.5110377073287964,0.4678814709186554,-0.046324361115694046,0.9998879432678223,0.5101465582847595,0.4673810303211212,-0.04631922394037247,0.9998849034309387,0.5090461373329163,0.4668263792991638,-0.04629438370466232,0.9998813271522522,0.508736789226532,0.4680190980434418,-0.10112796723842621,0.9998705983161926,0.506283164024353,0.4675385355949402,-0.10116935521364212,0.9998725652694702,0.5035544037818909,0.46690958738327026,-0.1012599989771843,0.999858558177948,0.49202632904052734,0.466980516910553,0.0716322734951973,0.9995125532150269,0.48636960983276367,0.4669124186038971,-0.17434339225292206,0.9999040365219116,0.5113346576690674,0.4849974811077118,-0.01646406389772892,0.999839186668396,0.5084348320960999,0.48441439867019653,-0.08794322609901428,0.9998952746391296,0.48625102639198303,0.5160399675369263,0.20714755356311798,0.999484121799469,0.437705397605896,0.5042270421981812,-0.2827238142490387,0.9999628663063049,0.5139396786689758,0.5696176290512085,0.06388475000858307,0.2545384466648102,0.45482367277145386,0.5601082444190979,-0.26854467391967773,0.9864947199821472,0.5338610410690308,0.530243992805481,-0.3003806173801422,0.5870567560195923,0.5175908803939819,0.5247386693954468,-0.012373755685985088,0.9730971455574036,0.5411919355392456,0.5183480381965637,-0.35666605830192566,0.5750821232795715,0.5283620357513428,0.5137178897857666,-0.012335055507719517,0.9489287734031677,0.5384525060653687,0.5138049721717834,-0.3475551903247833,0.5887947082519531,0.5264713764190674,0.5089242458343506,-0.02198302559554577,0.9436114430427551,0.5343900322914124,0.517257571220398,-0.3125753402709961,0.5767617225646973,0.521063506603241,0.5130369067192078,-0.0047049615532159805,0.9064356684684753,0.4761011302471161,0.6341308951377869,0.15090319514274597,0.9985425472259521,0.4340461194515228,0.6334152817726135,-0.15103036165237427,0.998970627784729,0.49295762181282043,0.7141326665878296,0.220973938703537,0.7844074368476868,0.41025522351264954,0.7166984677314758,-0.15853606164455414,0.9892037510871887,0.5113301873207092,0.7967416644096375,0.33549779653549194,0.9238231778144836,0.35333558917045593,0.8023848533630371,-0.10634974390268326,0.9893187284469604,0.49623844027519226,0.8139300346374512,0.3406970798969269,0.8867637515068054,0.3295270502567291,0.8191784620285034,-0.10799557715654373,0.9381160140037537,0.5821078419685364,0.8133314251899719,0.259972482919693,0.9472012519836426,0.4102051556110382,0.8289123177528381,-0.24773725867271423,0.983832836151123
IMG_9583 2,18,595,good,0.5161963701248169,0.4774010479450226,-0.06588179618120193,0.9999203681945801,0.5109897255897522,0.46771255135536194,-0.046392131596803665,0.999891996383667,0.5101065635681152,0.4672726094722748,-0.046386685222387314,0.9998890161514282,0.5089901089668274,0.4667678475379944,-0.04636053740978241,0.9998847842216492,0.5085741877555847,0.4677640199661255,-0.10140731185674667,0.9998750686645508,0.5060797929763794,0.46730855107307434,-0.1014505922794342,0.9998776912689209,0.5033353567123413,0.4667155146598816,-0.1015353575348854,0.9998640418052673,0.49179166555404663,0.4669801592826843,0.07180681079626083,0.999532163143158,0.4861142337322235,0.4668973684310913,-0.17554070055484772,0.9999089241027832,0.511290967464447,0.4843709468841553,-0.016309572383761406,0.9998459219932556,0.5082817673683167,0.4837322533130646,-0.08808474987745285,0.9998994469642639,0.4857320785522461,0.5159716010093689,0.20758236944675446,0.9994882345199585,0.4404263198375702,0.5041936635971069,-0.28390124440193176,0.99996417760849,0.512822151184082,0.5711150765419006,0.06708742678165436,0.2468670755624771,0.4674249291419983,0.5584362745285034,-0.26640403270721436,0.9870285987854004,0.534170925617218,0.5329113006591797,-0.3034186363220215,0.5696053504943848,0.5271450877189636,0.5223819613456726,-0.010894775390625,0.9737427234649658,0.5415935516357422,0.5211101770401001,-0.36107930541038513,0.5585139393806458,0.5367383360862732,0.5113675594329834,-0.012428625486791134,0.9497771859169006,0.5393821001052856,0.516678512096405,-0.35329633951187134,0.5728492736816406,0.5337043404579163,0.5071969032287598,-0.022467417642474174,0.9445324540138245,0.5353202223777771,0.5195930004119873,-0.3168802857398987,0.5620697140693665,0.5296741724014282,0.5114187002182007,-0.0033968230709433556,0.9080919027328491,0.47638922929763794,0.6340891122817993,0.15144479274749756,0.99860680103302,0.434984415769577,0.6333540678024292,-0.15158692002296448,0.999019205570221,0.49325424432754517,0.7142132520675659,0.23016346991062164,0.7845299243927002,0.4101436138153076,0.7168411016464233,-0.1578996181488037,0.9894935488700867,0.5119193196296692,0.7969032526016235,0.3575701415538788,0.9250808358192444,0.35331961512565613,0.8024742603302002,-0.10180352628231049,0.9896705746650696,0.4963642954826355,0.814105749130249,0.36371636390686035,0.8890690207481384,0.32947397232055664,0.8191804885864258,-0.10294973850250244,0.9394647479057312,0.5821162462234497,0.8134603500366211,0.28012359142303467,0.9484307169914246,0.4102281332015991,0.8289998173713684,-0.2436680793762207,0.9843122959136963
IMG_9583 2,19,629,good,0.5160003304481506,0.4769842326641083,-0.046094320714473724,0.9999241828918457,0.5109598636627197,0.46751514077186584,-0.02637597732245922,0.9998984932899475,0.5100527405738831,0.46712353825569153,-0.02636997401714325,0.9998956322669983,0.5089026093482971,0.46667274832725525,-0.02634236216545105,0.9998915195465088,0.508502185344696,0.4675949811935425,-0.07887886464595795,0.999882161617279,0.5059722065925598,0.4671935439109802,-0.07893332093954086,0.999885082244873,0.5032175779342651,0.4666566848754883,-0.0790160670876503,0.9998722076416016,0.49167564511299133,0.46700453758239746,0.08944167196750641,0.9995630979537964,0.48593127727508545,0.4669739305973053,-0.1446831375360489,0.9999153017997742,0.5110633373260498,0.48415860533714294,0.0016264982987195253,0.9998550415039062,0.5080467462539673,0.483612060546875,-0.06664624065160751,0.9999045133590698,0.4868975579738617,0.5162903666496277,0.22729751467704773,0.9994980096817017,0.44333890080451965,0.5041766166687012,-0.2670753598213196,0.9999653100967407,0.5166841745376587,0.5711102485656738,0.06803781539201736,0.24687184393405914,0.473757266998291,0.5568283796310425,-0.25132131576538086,0.9876335263252258,0.5351842641830444,0.5326130390167236,-0.288581520318985,0.5615286827087402,0.5316997766494751,0.5204823017120361,0.023444268852472305,0.9744990468025208,0.5427298545837402,0.5201806426048279,-0.34047698974609375,0.548973560333252,0.5408855080604553,0.507854163646698,0.025403110310435295,0.9505279064178467,0.5396699905395508,0.5163651704788208,-0.3285752534866333,0.563376247882843,0.537135660648346,0.5051504969596863,0.01860852912068367,0.9452216625213623,0.5364194512367249,0.5192255973815918,-0.2997448146343231,0.553536593914032,0.5336872339248657,0.5084276795387268,0.03233763948082924,0.9096359610557556,0.4762033522129059,0.634042501449585,0.15144141018390656,0.9986916184425354,0.43504253029823303,0.6327291131019592,-0.1515788435935974,0.9990744590759277,0.4934539198875427,0.7138908505439758,0.21289534866809845,0.7863885164260864,0.409906804561615,0.7168375253677368,-0.15872082114219666,0.9898844957351685,0.5117937922477722,0.7969376444816589,0.3156227469444275,0.9275144934654236,0.3532911241054535,0.802528977394104,-0.10265302658081055,0.9901267290115356,0.4962954521179199,0.8142144680023193,0.3190137445926666,0.8922694325447083,0.3296685218811035,0.8191258311271667,-0.10391569137573242,0.9410833716392517,0.582305371761322,0.8135039806365967,0.23400501906871796,0.9502745270729065,0.4118545949459076,0.828874945640564,-0.24495744705200195,0.9849531650543213
IMG_9583 2,20,662,good,0.5159757733345032,0.47703009843826294,-0.04264872148633003,0.9999275803565979,0.5108402371406555,0.4675542712211609,-0.023631658405065536,0.9999038577079773,0.5099261403083801,0.467170387506485,-0.023634590208530426,0.9999011754989624,0.5087750554084778,0.4667370617389679,-0.023619450628757477,0.999896764755249,0.5083736777305603,0.46762433648109436,-0.07637869566679001,0.9998881220817566,0.5058256387710571,0.46721774339675903,-0.07641877233982086,0.999891459941864,0.5030587315559387,0.4666757881641388,-0.07649524509906769,0.999879002571106,0.4915791153907776,0.4672420918941498,0.0895569771528244,0.9995885491371155,0.4858368933200836,0.467138409614563,-0.14645560085773468,0.999920129776001,0.510899543762207,0.4841582477092743,0.003839784534648061,0.9998627305030823,0.5078803300857544,0.483615517616272,-0.0649304986000061,0.9999086260795593,0.48646607995033264,0.5171737670898438,0.2266700267791748,0.9995101690292358,0.44482696056365967,0.50409334897995,-0.2641479969024658,0.9999660849571228,0.5198507905006409,0.5711013078689575,0.06935802847146988,0.2496337592601776,0.4873925745487213,0.554341197013855,-0.2509036064147949,0.9879882335662842,0.5386613607406616,0.5320543646812439,-0.28763964772224426,0.5537337064743042,0.5394847393035889,0.5159258246421814,0.00784310419112444,0.9751405119895935,0.5444438457489014,0.5198653936386108,-0.34038808941841125,0.5376648306846619,0.5468209385871887,0.5046233534812927,0.007634277921169996,0.9513711929321289,0.5415073037147522,0.5162445902824402,-0.32773321866989136,0.5520613193511963,0.5421060919761658,0.5017189979553223,-0.00025061791529878974,0.9460561275482178,0.538223147392273,0.5189580917358398,-0.2991483211517334,0.542685866355896,0.5391800403594971,0.5052006244659424,0.015945959836244583,0.9109256267547607,0.4761505126953125,0.6339772343635559,0.1496897041797638,0.998776912689209,0.43500906229019165,0.6317170262336731,-0.14984847605228424,0.9991419911384583,0.4934127926826477,0.7133088707923889,0.22478334605693817,0.7913824915885925,0.4092477858066559,0.716709554195404,-0.17054405808448792,0.9903413653373718,0.5128182768821716,0.7965205907821655,0.3465077579021454,0.9307874441146851,0.35390087962150574,0.8025466799736023,-0.14978493750095367,0.9907029271125793,0.49728646874427795,0.8140178322792053,0.3525433838367462,0.8960719704627991,0.3303852379322052,0.8190301060676575,-0.1547519564628601,0.9432777166366577,0.5818661451339722,0.8135095238685608,0.27038344740867615,0.9526178240776062,0.41085734963417053,0.8287610411643982,-0.2981615364551544,0.9857633113861084
IMG_9583 2,21,695,good,0.5159607529640198,0.47675150632858276,-0.04040965437889099,0.9999309182167053,0.5107678174972534,0.4674701690673828,-0.0215583648532629,0.9999091029167175,0.5098991394042969,0.4671092927455902,-0.02155470848083496,0.9999067187309265,0.5086650252342224,0.46670016646385193,-0.021523015573620796,0.9999017715454102,0.5082764029502869,0.4675147533416748,-0.07337529957294464,0.9998939037322998,0.5057255625724792,0.4671187400817871,-0.07342439144849777,0.9998977780342102,0.5029542446136475,0.4665984809398651,-0.0735074058175087,0.9998854994773865,0.4915507435798645,0.4672866761684418,0.09017793089151382,0.9996143579483032,0.4857357442378998,0.4671674966812134,-0.14162477850914001,0.9999251961708069,0.5107836723327637,0.4836147129535675,0.005394643172621727,0.9998707175254822,0.5079440474510193,0.48318639397621155,-0.06229301169514656,0.9999129772186279,0.4863359332084656,0.5177060961723328,0.22965919971466064,0.9995327591896057,0.4486400783061981,0.5040393471717834,-0.2626016438007355,0.9999682307243347,0.5215318202972412,0.5704625844955444,0.07908796519041061,0.2503470480442047,0.499079167842865,0.55226731300354,-0.23974007368087769,0.9885064363479614,0.5387966632843018,0.5318405628204346,-0.27227041125297546,0.5449187755584717,0.5474061369895935,0.512826681137085,0.04108492657542229,0.9758223295211792,0.5441051125526428,0.5204304456710815,-0.3235258460044861,0.526553750038147,0.5533704161643982,0.5020071864128113,0.045076288282871246,0.9523217678070068,0.5414615869522095,0.5159403681755066,-0.3086056411266327,0.5412697196006775,0.5479017496109009,0.49938610196113586,0.03425717353820801,0.9470819234848022,0.537781298160553,0.5194185376167297,-0.28170156478881836,0.5321823954582214,0.5442038178443909,0.5029157996177673,0.04867732897400856,0.9128377437591553,0.4760400354862213,0.6340183019638062,0.14988479018211365,0.9988728761672974,0.43496567010879517,0.6317297220230103,-0.15005746483802795,0.9992163777351379,0.49341171979904175,0.7133231163024902,0.2614455223083496,0.7966814637184143,0.4078894555568695,0.7167115807533264,-0.17129181325435638,0.9909133911132812,0.5132299065589905,0.796484112739563,0.40958988666534424,0.9348476529121399,0.35436657071113586,0.8027179837226868,-0.15662892162799835,0.991361677646637,0.49776238203048706,0.8140009641647339,0.417982816696167,0.9011367559432983,0.3310563564300537,0.8190262913703918,-0.16225479543209076,0.9463191032409668,0.5816779136657715,0.8135020732879639,0.3381075859069824,0.955500066280365,0.41092851758003235,0.8287479281425476,-0.30445632338523865,0.98674476146698
IMG_9583 2,22,728,good,0.5162458419799805,0.4767238199710846,-0.03565720468759537,0.9999296069145203,0.5107784867286682,0.46747490763664246,-0.014780236408114433,0.9999093413352966,0.5098695158958435,0.4671127200126648,-0.01477186381816864,0.9999070763587952,0.5086259245872498,0.4667022228240967,-0.014738568104803562,0.9999010562896729,0.5083663463592529,0.46751514077186584,-0.06564071774482727,0.9998942017555237,0.5058069229125977,0.4671178162097931,-0.06569234281778336,0.9998992085456848,0.5030252933502197,0.46659600734710693,-0.06577911227941513,0.9998866319656372,0.49153420329093933,0.46734818816185,0.10278491675853729,0.9996216893196106,0.48568668961524963,0.46722713112831116,-0.12387562543153763,0.999927282333374,0.5112602114677429,0.4834902584552765,0.011818902567029,0.9998699426651001,0.5083945393562317,0.4830361008644104,-0.054509490728378296,0.9999103546142578,0.4861067533493042,0.5176268219947815,0.2403189241886139,0.9995307326316833,0.4498429298400879,0.5040612816810608,-0.24889910221099854,0.9999688863754272,0.5219681859016418,0.5688730478286743,0.07979553937911987,0.2507610619068146,0.504862904548645,0.5518590211868286,-0.2319449782371521,0.9887254238128662,0.5408931970596313,0.5286004543304443,-0.272988885641098,0.534144401550293,0.5494693517684937,0.5120903253555298,0.049852896481752396,0.9759170413017273,0.5446569323539734,0.5174298286437988,-0.3250294327735901,0.51433265209198,0.5552406311035156,0.501331627368927,0.052434567362070084,0.9521963596343994,0.5431451201438904,0.5113036632537842,-0.31117087602615356,0.5292062759399414,0.5501295924186707,0.4984654188156128,0.043398842215538025,0.9469406604766846,0.5390751361846924,0.5163941383361816,-0.2828921675682068,0.5211353898048401,0.5462390780448914,0.502004861831665,0.05775975063443184,0.9131457209587097,0.47597548365592957,0.6339738368988037,0.15003907680511475,0.9989485144615173,0.4345792233943939,0.6317254900932312,-0.1502162367105484,0.9992740750312805,0.49317893385887146,0.7134597897529602,0.25280481576919556,0.795754075050354,0.40659254789352417,0.716754674911499,-0.17107664048671722,0.9910955429077148,0.5132202506065369,0.7964403033256531,0.3943161368370056,0.9369625449180603,0.3542834222316742,0.8026986122131348,-0.15338583290576935,0.9917951822280884,0.4977739155292511,0.8138121962547302,0.40065303444862366,0.9039148688316345,0.33096039295196533,0.8189947009086609,-0.15859179198741913,0.9481325745582581,0.5807124972343445,0.8134061098098755,0.3128087520599365,0.9572011232376099,0.4088450074195862,0.8288470506668091,-0.3003685176372528,0.987342894077301
IMG_9583 2,23,761,good,0.5163078904151917,0.4766155779361725,-0.035381823778152466,0.9999237060546875,0.5107594132423401,0.46745672821998596,-0.014928760938346386,0.9999037981033325,0.50983726978302,0.46709856390953064,-0.014925227500498295,0.9999018907546997,0.5086052417755127,0.4666920602321625,-0.01489332690834999,0.9998940229415894,0.5083706378936768,0.4674774706363678,-0.06528159976005554,0.9998874664306641,0.5058085918426514,0.4670754373073578,-0.06534215807914734,0.9998946189880371,0.5030267834663391,0.4665554463863373,-0.06543431431055069,0.9998811483383179,0.4916064739227295,0.467361718416214,0.10121525079011917,0.9996123313903809,0.4856499433517456,0.4672521650791168,-0.12334419786930084,0.999925434589386,0.5113961696624756,0.48318764567375183,0.011777887120842934,0.999862790107727,0.5085198879241943,0.48272016644477844,-0.053797733038663864,0.9999014735221863,0.485706627368927,0.5174466371536255,0.24141396582126617,0.999513566493988,0.45106828212738037,0.5040276050567627,-0.2440016269683838,0.9999691843986511,0.5210053324699402,0.5681407451629639,0.09011805057525635,0.24614183604717255,0.507423460483551,0.5518317818641663,-0.21669869124889374,0.988860547542572,0.5402243137359619,0.5286573171615601,-0.25408828258514404,0.5176790952682495,0.5513365864753723,0.5108051896095276,0.06514563411474228,0.9760071039199829,0.5447043776512146,0.5165573954582214,-0.30324262380599976,0.49794816970825195,0.5566969513893127,0.5004451274871826,0.0693451315164566,0.9522973299026489,0.5431780815124512,0.5112922787666321,-0.2890787124633789,0.5127872824668884,0.5515949726104736,0.4977872967720032,0.058978185057640076,0.9470512270927429,0.5393397808074951,0.5155042409896851,-0.2635081112384796,0.5056514143943787,0.5476318597793579,0.501112163066864,0.07246730476617813,0.9139727354049683,0.4755650758743286,0.6324838399887085,0.15023007988929749,0.99900221824646,0.43452543020248413,0.6310421228408813,-0.15041334927082062,0.9993158578872681,0.49293291568756104,0.7107853293418884,0.2293400764465332,0.7914983630180359,0.405523419380188,0.7166413068771362,-0.16497981548309326,0.9911022782325745,0.5133029222488403,0.7962921857833862,0.33779287338256836,0.9377881288528442,0.35427454113960266,0.8026869893074036,-0.13506175577640533,0.992097020149231,0.4979466199874878,0.813744306564331,0.3417190909385681,0.9052231907844543,0.3316982388496399,0.8189267516136169,-0.13873422145843506,0.9498430490493774,0.5806609392166138,0.8132593035697937,0.26061972975730896,0.9582394957542419,0.409327894449234,0.8288219571113586,-0.27128928899765015,0.9878058433532715
IMG_9583 2,24,794,good,0.5162743926048279,0.47643202543258667,-0.03112257830798626,0.9999262094497681,0.5107728242874146,0.4674089848995209,-0.01171815674751997,0.9999076724052429,0.5098660588264465,0.4670506715774536,-0.011711852625012398,0.9999059438705444,0.5086751580238342,0.4666391909122467,-0.011682311072945595,0.9998977780342102,0.5083608031272888,0.4673977792263031,-0.061015721410512924,0.9998918175697327,0.5057886838912964,0.4669797122478485,-0.06108110770583153,0.9998992085456848,0.5029944181442261,0.4664400517940521,-0.06117355078458786,0.999886155128479,0.49168357253074646,0.46734482049942017,0.10033627599477768,0.9996309876441956,0.48562300205230713,0.4672176241874695,-0.12120147794485092,0.9999289512634277,0.5113668441772461,0.4829946458339691,0.014171818271279335,0.9998677372932434,0.5084649920463562,0.48245394229888916,-0.050253767520189285,0.9999039769172668,0.4843244254589081,0.5169183611869812,0.2421989142894745,0.9995222091674805,0.4531172513961792,0.503655195236206,-0.24269141256809235,0.9999706149101257,0.5201109051704407,0.5677050352096558,0.095741406083107,0.2431357502937317,0.5076812505722046,0.5512570142745972,-0.209051713347435,0.9888320565223694,0.5400019288063049,0.5286648273468018,-0.24157799780368805,0.5089074969291687,0.5505422353744507,0.511983335018158,0.07250554114580154,0.9757596254348755,0.5446822643280029,0.5166531205177307,-0.2889685034751892,0.48902785778045654,0.5567306876182556,0.5009303092956543,0.07808257639408112,0.9518557190895081,0.5438783764839172,0.5110336542129517,-0.27628302574157715,0.5038900375366211,0.5516359210014343,0.498559832572937,0.06617053598165512,0.9465891122817993,0.5401470065116882,0.5155882835388184,-0.2513189911842346,0.49702101945877075,0.5474726557731628,0.502059280872345,0.07924217730760574,0.9139504432678223,0.4730864465236664,0.6315687298774719,0.15088094770908356,0.9990593791007996,0.43448957800865173,0.630521297454834,-0.15107709169387817,0.9993637800216675,0.4927629232406616,0.7094707489013672,0.23850953578948975,0.7887558937072754,0.404843807220459,0.7164966464042664,-0.1738397181034088,0.9913280010223389,0.5137786269187927,0.795778751373291,0.34988147020339966,0.9389671087265015,0.35419413447380066,0.8029540777206421,-0.16755829751491547,0.9924612045288086,0.49854832887649536,0.8133002519607544,0.35409754514694214,0.9066638946533203,0.33193114399909973,0.8189496994018555,-0.17342235147953033,0.9515694975852966,0.580522358417511,0.8131580948829651,0.27986982464790344,0.9592636823654175,0.4093736410140991,0.8289969563484192,-0.3073318600654602,0.9883137345314026
IMG_9583 2,25,827,good,0.5163149237632751,0.4762609601020813,-0.03349541500210762,0.9999294281005859,0.5109547972679138,0.46732237935066223,-0.013870954513549805,0.9999122023582458,0.5101176500320435,0.4669625461101532,-0.013865416869521141,0.9999104738235474,0.5090366005897522,0.4665418863296509,-0.013838927261531353,0.9999022483825684,0.5084185600280762,0.46726760268211365,-0.06467147171497345,0.9998970627784729,0.5058128237724304,0.46682459115982056,-0.06473194062709808,0.999904453754425,0.5029815435409546,0.4662514328956604,-0.064821757376194,0.9998918771743774,0.49218881130218506,0.46730175614356995,0.09974358975887299,0.9996508955955505,0.4855930507183075,0.46711602807044983,-0.12616539001464844,0.9999328255653381,0.5114773511886597,0.4828307330608368,0.012895684689283371,0.999873697757721,0.5084248185157776,0.4822085201740265,-0.05344230309128761,0.9999076724052429,0.4842323660850525,0.516853392124176,0.24059471487998962,0.999533474445343,0.4536987245082855,0.5034693479537964,-0.24482305347919464,0.9999719858169556,0.5195426940917969,0.5673202276229858,0.09424173086881638,0.24199485778808594,0.5054447650909424,0.5512652397155762,-0.21316148340702057,0.9888392686843872,0.5401046276092529,0.5286833047866821,-0.24628230929374695,0.501772940158844,0.5490038990974426,0.5128026008605957,0.06902046501636505,0.9756686091423035,0.5467036366462708,0.5166391730308533,-0.2950909733772278,0.481266587972641,0.5563377141952515,0.5015572905540466,0.07393931597471237,0.9516676068305969,0.5447747707366943,0.510824978351593,-0.2830802798271179,0.4962899088859558,0.5513561964035034,0.4991089999675751,0.06105286628007889,0.9464187622070312,0.5409364700317383,0.5156572461128235,-0.2564612030982971,0.48994821310043335,0.5471275448799133,0.5026649832725525,0.07533607631921768,0.9142954349517822,0.4729366898536682,0.631497323513031,0.151201993227005,0.9991175532341003,0.4344673752784729,0.6305055618286133,-0.1514105200767517,0.9994107484817505,0.4927424192428589,0.709644615650177,0.24914024770259857,0.7877480983734131,0.40423065423965454,0.7163962721824646,-0.17369985580444336,0.9915671944618225,0.5141438841819763,0.7957813739776611,0.3745749592781067,0.9404070973396301,0.3539063334465027,0.8030380010604858,-0.1606302410364151,0.9928266406059265,0.4995024502277374,0.8131904602050781,0.3806457817554474,0.9085962176322937,0.3319268524646759,0.8189511299133301,-0.16573408246040344,0.9532188177108765,0.5801308155059814,0.8131358623504639,0.3069345951080322,0.9604836702346802,0.40867701172828674,0.8290520310401917,-0.3014432191848755,0.9888342618942261
IMG_9583 2,26,860,good,0.5163784623146057,0.47625732421875,-0.043411217629909515,0.9999265670776367,0.511038064956665,0.4673212468624115,-0.024210983887314796,0.9999088644981384,0.5102342367172241,0.46696150302886963,-0.024211162701249123,0.9999072551727295,0.5092136263847351,0.46654146909713745,-0.024182461202144623,0.9998976588249207,0.5084496140480042,0.46725431084632874,-0.07323995977640152,0.999893307685852,0.505836546421051,0.46680694818496704,-0.07330645620822906,0.9999021291732788,0.5029852986335754,0.46623218059539795,-0.07339563965797424,0.9998888373374939,0.492672324180603,0.4673188328742981,0.08939953148365021,0.9996438026428223,0.4855813980102539,0.46711766719818115,-0.12779539823532104,0.999931812286377,0.5115460753440857,0.4828275740146637,0.0030630258843302727,0.9998696446418762,0.5084012746810913,0.4821864366531372,-0.06103121489286423,0.9999032616615295,0.4841822385787964,0.5168066620826721,0.2355077862739563,0.9995216131210327,0.45396485924720764,0.5034632086753845,-0.24723151326179504,0.9999722838401794,0.5191752910614014,0.5672777891159058,0.09263381361961365,0.23758064210414886,0.5072298049926758,0.5515490770339966,-0.216818168759346,0.9887295365333557,0.5400698184967041,0.5289358496665955,-0.24857743084430695,0.4889526963233948,0.5487176775932312,0.5132260918617249,0.060243669897317886,0.9750012755393982,0.5465834140777588,0.5174685120582581,-0.298881858587265,0.4689764678478241,0.556030809879303,0.5020295977592468,0.06385063380002975,0.9506189227104187,0.5447927713394165,0.5109095573425293,-0.28779396414756775,0.4841509461402893,0.5514652729034424,0.4994910657405853,0.051309745758771896,0.9453184008598328,0.5407571196556091,0.5164772272109985,-0.2593783736228943,0.47817274928092957,0.5472314953804016,0.5030203461647034,0.06658119708299637,0.9132723808288574,0.4727866053581238,0.6314494609832764,0.15120211243629456,0.9991565346717834,0.4343533217906952,0.6305695176124573,-0.1514107882976532,0.9994429349899292,0.49264267086982727,0.7097203135490417,0.24613133072853088,0.7840164303779602,0.4038260281085968,0.7158915400505066,-0.16335025429725647,0.9916144013404846,0.5141512751579285,0.7957423329353333,0.3721787631511688,0.940869927406311,0.3535896837711334,0.8028480410575867,-0.13158394396305084,0.9930632710456848,0.49926435947418213,0.8131886720657349,0.37799227237701416,0.9092697501182556,0.331866979598999,0.8187331557273865,-0.1347978264093399,0.9543089270591736,0.5799578428268433,0.8131349086761475,0.2993100881576538,0.9612318277359009,0.4086053669452667,0.8289215564727783,-0.26687008142471313,0.9891805648803711
IMG_9583 2,27,893,good,0.5163516402244568,0.4763329327106476,-0.04263588413596153,0.9999261498451233,0.5110046863555908,0.46739813685417175,-0.023432860150933266,0.9999089241027832,0.5102239847183228,0.4670467674732208,-0.023433450609445572,0.9999074935913086,0.5091933608055115,0.466634064912796,-0.023403774946928024,0.9998970627784729,0.5083937048912048,0.467313677072525,-0.07242549955844879,0.9998933672904968,0.5057830214500427,0.4668720066547394,-0.07249027490615845,0.99990314245224,0.5029251575469971,0.4663088619709015,-0.07258357107639313,0.9998895525932312,0.4929274320602417,0.46741095185279846,0.09026076644659042,0.9996480345726013,0.48555365204811096,0.4672964811325073,-0.1280098706483841,0.999933123588562,0.5115393996238708,0.48284268379211426,0.003944115713238716,0.9998699426651001,0.5083790421485901,0.4821954369544983,-0.060003768652677536,0.9999026656150818,0.4844268262386322,0.5167208909988403,0.23691712319850922,0.9995253086090088,0.45426297187805176,0.5034831762313843,-0.2473711371421814,0.9999733567237854,0.518878698348999,0.56730717420578,0.09451176226139069,0.23398485779762268,0.5069669485092163,0.5516160726547241,-0.2152196317911148,0.9889057874679565,0.5399976372718811,0.5291595458984375,-0.24979816377162933,0.4790181815624237,0.5491456985473633,0.5133300423622131,0.06456474959850311,0.9751642942428589,0.5464515089988708,0.5180163383483887,-0.30045831203460693,0.4595671594142914,0.5564894676208496,0.5023819208145142,0.06916283071041107,0.9508739709854126,0.5447311401367188,0.510965883731842,-0.2885896861553192,0.47483816742897034,0.5518102645874023,0.4995967447757721,0.05599135905504227,0.9456388354301453,0.5407211184501648,0.517250120639801,-0.2603045105934143,0.4692896008491516,0.5478366613388062,0.5033047199249268,0.07094401866197586,0.9140731692314148,0.47282400727272034,0.6314418315887451,0.15142877399921417,0.9992009401321411,0.4340338408946991,0.6305971741676331,-0.15164819359779358,0.9994803667068481,0.49304690957069397,0.7099516987800598,0.2461681216955185,0.7855205535888672,0.4027765989303589,0.7158870697021484,-0.16565363109111786,0.9918718338012695,0.5142213702201843,0.796039879322052,0.37536710500717163,0.9425864815711975,0.35317158699035645,0.8030412793159485,-0.1478310078382492,0.9933916330337524,0.4997498691082001,0.8132063746452332,0.38170987367630005,0.9113602042198181,0.33179372549057007,0.8187843561172485,-0.1525985300540924,0.9558017253875732,0.5806944966316223,0.8131340146064758,0.30447980761528015,0.9624505043029785,0.40824416279792786,0.8294227123260498,-0.28700199723243713,0.9896512031555176
IMG_9583 2,28,927,good,0.5167404413223267,0.47617238759994507,-0.05170919746160507,0.9999233484268188,0.5114182233810425,0.4673067331314087,-0.032669857144355774,0.9999060034751892,0.5107333064079285,0.4669661521911621,-0.03267505019903183,0.9999048113822937,0.5098339319229126,0.4665602743625641,-0.0326421782374382,0.999893307685852,0.5085471272468567,0.4672260284423828,-0.08077264577150345,0.9998895525932312,0.5058525204658508,0.46680590510368347,-0.080844946205616,0.9999005794525146,0.5029287338256836,0.46626055240631104,-0.08093378692865372,0.9998863935470581,0.4936766028404236,0.46739286184310913,0.08370501548051834,0.9996434450149536,0.48552998900413513,0.46730077266693115,-0.12874817848205566,0.9999321699142456,0.5121521949768066,0.4827429950237274,-0.0038622564170509577,0.999866783618927,0.5084662437438965,0.4820455014705658,-0.06656095385551453,0.9998989105224609,0.48462530970573425,0.5161837935447693,0.23605304956436157,0.9995201826095581,0.45473143458366394,0.5034828186035156,-0.24793800711631775,0.999973714351654,0.5187113285064697,0.5672116875648499,0.09404598921537399,0.22896738350391388,0.5067493319511414,0.5517457127571106,-0.212861105799675,0.9888623952865601,0.538831353187561,0.5316934585571289,-0.24975459277629852,0.46693170070648193,0.5491964817047119,0.5140402913093567,0.06959075480699539,0.9745956659317017,0.5462908744812012,0.5185843706130981,-0.2995956242084503,0.44871240854263306,0.5565283894538879,0.5029603838920593,0.07398243248462677,0.9500078558921814,0.5446310639381409,0.513437032699585,-0.2881469428539276,0.46414807438850403,0.5516446828842163,0.5005163550376892,0.05989554524421692,0.9447934031486511,0.540531575679779,0.5178117156028748,-0.26027923822402954,0.4588373005390167,0.5481137037277222,0.5040890574455261,0.07540159672498703,0.9134932160377502,0.47285813093185425,0.6313243508338928,0.15187902748584747,0.9992347359657288,0.4339897632598877,0.6306367516517639,-0.1521003395318985,0.9995054006576538,0.4934311509132385,0.7098971605300903,0.24071329832077026,0.7841483354568481,0.40241649746894836,0.7157636284828186,-0.15908220410346985,0.9919704794883728,0.5142170786857605,0.7960229516029358,0.3599837124347687,0.943568766117096,0.35311195254325867,0.8030474185943604,-0.12309492379426956,0.9936431050300598,0.4993431866168976,0.8132595419883728,0.3650994598865509,0.9127112030982971,0.33177924156188965,0.8188334703445435,-0.12628073990345,0.9570476412773132,0.5803751349449158,0.8131716847419739,0.2864992618560791,0.9634749293327332,0.4082641899585724,0.8292582631111145,-0.260390043258667,0.99005526304245
IMG_9583 2,29,960,good,0.5166741013526917,0.4763607680797577,-0.06010957807302475,0.9999178051948547,0.5113623142242432,0.46745479106903076,-0.04244605079293251,0.9998990893363953,0.5107234716415405,0.46714335680007935,-0.042453642934560776,0.9998981952667236,0.5098164677619934,0.46677374839782715,-0.04241116717457771,0.9998840689659119,0.5084171295166016,0.46732115745544434,-0.09047404676675797,0.9998811483383179,0.5057093501091003,0.46690240502357483,-0.09055013954639435,0.9998944401741028,0.502793550491333,0.4663737118244171,-0.09063822031021118,0.9998783469200134,0.49415677785873413,0.46764233708381653,0.07145560532808304,0.999622642993927,0.48552173376083374,0.46754276752471924,-0.14106164872646332,0.9999282360076904,0.5121437907218933,0.4828929007053375,-0.012691950425505638,0.9998595118522644,0.508449375629425,0.48213157057762146,-0.07526431977748871,0.999893307685852,0.4846818149089813,0.5161023139953613,0.2241240292787552,0.9995110034942627,0.45567622780799866,0.5034726858139038,-0.25358641147613525,0.9999739527702332,0.5162577033042908,0.5673864483833313,0.0939551517367363,0.22242607176303864,0.507479190826416,0.5518900156021118,-0.2147628664970398,0.9889901876449585,0.5367150902748108,0.534561276435852,-0.24886974692344666,0.45382896065711975,0.5495764017105103,0.5141821503639221,0.06412014365196228,0.974448561668396,0.5514807105064392,0.531878650188446,-0.2987750768661499,0.4373980164527893,0.5569859743118286,0.5031504034996033,0.06789638102054596,0.9498928189277649,0.5422627925872803,0.5233753323554993,-0.288769006729126,0.453224241733551,0.5524740219116211,0.5006564259529114,0.054154910147190094,0.9447594881057739,0.5385410785675049,0.5242489576339722,-0.25985267758369446,0.4477424919605255,0.5490056276321411,0.5041928887367249,0.06999871879816055,0.9138471484184265,0.4730587899684906,0.6321961283683777,0.15123693645000458,0.999259889125824,0.4337567090988159,0.63137286901474,-0.1514563411474228,0.9995293021202087,0.4976007044315338,0.7103888392448425,0.24003314971923828,0.7892021536827087,0.4013621211051941,0.7159219980239868,-0.15832659602165222,0.9923088550567627,0.515299379825592,0.7960286736488342,0.36456605792045593,0.9458531737327576,0.3527141511440277,0.8032305240631104,-0.12321894615888596,0.9939800500869751,0.49976208806037903,0.8135113716125488,0.37051311135292053,0.9156267642974854,0.3318302035331726,0.8188184499740601,-0.12665985524654388,0.9586644768714905,0.581304132938385,0.8131682872772217,0.29092705249786377,0.9649524688720703,0.407195121049881,0.8292607665061951,-0.26200535893440247,0.9905479550361633
IMG_9583 2,30,993,good,0.5169704556465149,0.4781399965286255,-0.03564342483878136,0.9999099969863892,0.5114556550979614,0.4690787196159363,-0.01721891760826111,0.9998915195465088,0.5107846856117249,0.4687546193599701,-0.01722894422709942,0.9998913407325745,0.5098850727081299,0.4683723449707031,-0.0172042865306139,0.9998759627342224,0.5086954236030579,0.4688756465911865,-0.0660102441906929,0.9998714327812195,0.5060731172561646,0.4684157967567444,-0.06608275324106216,0.9998869299888611,0.5032755732536316,0.46787208318710327,-0.06618992239236832,0.9998694658279419,0.49457138776779175,0.4688320457935333,0.09356043487787247,0.9996005892753601,0.4865137040615082,0.46874910593032837,-0.12303905934095383,0.9999237060546875,0.512458086013794,0.4840624928474426,0.010419372469186783,0.9998477697372437,0.5088452100753784,0.48330551385879517,-0.05302879586815834,0.9998825192451477,0.48552653193473816,0.5160932540893555,0.23860512673854828,0.9994978904724121,0.455628365278244,0.5034769773483276,-0.24041467905044556,0.9999736547470093,0.5154160261154175,0.5676936507225037,0.10367181152105331,0.21790669858455658,0.5070780515670776,0.5520250201225281,-0.20622093975543976,0.9889476299285889,0.5368701219558716,0.534306526184082,-0.2324453890323639,0.4463420510292053,0.5492580533027649,0.5151202082633972,0.07388342916965485,0.9744570255279541,0.5500003099441528,0.5296568274497986,-0.2816091775894165,0.43099111318588257,0.5568706393241882,0.5034878253936768,0.07914983481168747,0.9500401616096497,0.5428374409675598,0.5231719613075256,-0.27098098397254944,0.4469229578971863,0.5524380207061768,0.5011528134346008,0.06701324880123138,0.9449730515480042,0.5385373830795288,0.5238521695137024,-0.24325060844421387,0.4416068494319916,0.5488929748535156,0.5043374300003052,0.08058131486177444,0.9143242835998535,0.47421181201934814,0.6320425868034363,0.15121200680732727,0.9992825984954834,0.43355509638786316,0.6312763690948486,-0.1514279693365097,0.9995481967926025,0.5000425577163696,0.7096372842788696,0.21993955969810486,0.7945089936256409,0.4007715582847595,0.7156990170478821,-0.16070084273815155,0.9925196170806885,0.5155569314956665,0.7960267663002014,0.33427000045776367,0.9480570554733276,0.35265618562698364,0.8032320141792297,-0.13543535768985748,0.9942548274993896,0.4998812675476074,0.8135105967521667,0.33881112933158875,0.9182898998260498,0.33182957768440247,0.8188257217407227,-0.1398545354604721,0.959949254989624,0.5819715857505798,0.8134485483169556,0.2553686797618866,0.9662294387817383,0.40770041942596436,0.8291639089584351,-0.2757745385169983,0.9909446835517883
IMG_9583 2,31,1026,good,0.5171228647232056,0.4780731797218323,-0.03733401745557785,0.9999120831489563,0.5116370916366577,0.469066858291626,-0.018726220354437828,0.9998945593833923,0.5109918117523193,0.46873489022254944,-0.018733810633420944,0.9998942017555237,0.5101410150527954,0.4683430790901184,-0.018707627430558205,0.9998791813850403,0.508866012096405,0.4688590168952942,-0.06797216832637787,0.9998751282691956,0.506250262260437,0.4683874249458313,-0.06804157048463821,0.9998902678489685,0.5034316778182983,0.46783754229545593,-0.06814407557249069,0.9998733997344971,0.4949752688407898,0.4688413441181183,0.0932905301451683,0.9996111989021301,0.48677030205726624,0.46878910064697266,-0.12581633031368256,0.9999258518218994,0.5127156376838684,0.4840509593486786,0.009224861860275269,0.9998509287834167,0.5090299248695374,0.4832945466041565,-0.054953668266534805,0.9998849630355835,0.4857523739337921,0.5159501433372498,0.23825381696224213,0.9994941353797913,0.4573747515678406,0.5034618377685547,-0.24185603857040405,0.9999738931655884,0.5157427787780762,0.5678855776786804,0.10388727486133575,0.2156716138124466,0.5077146887779236,0.5522417426109314,-0.2088048756122589,0.9889378547668457,0.5391736626625061,0.5341617465019226,-0.22782355546951294,0.4428951144218445,0.5505214333534241,0.5152409076690674,0.06863126903772354,0.9743516445159912,0.550311267375946,0.5288281440734863,-0.2768762707710266,0.42794835567474365,0.5580344200134277,0.5035644173622131,0.07311727106571198,0.9499496221542358,0.5445921421051025,0.5218973755836487,-0.26784664392471313,0.4441598355770111,0.5535196661949158,0.5012542009353638,0.061057768762111664,0.9449159502983093,0.5408062934875488,0.5235212445259094,-0.23921215534210205,0.4386385977268219,0.549560546875,0.5048611760139465,0.07529288530349731,0.9145410656929016,0.4754070043563843,0.632157027721405,0.15124019980430603,0.9993112683296204,0.4341445863246918,0.6313103437423706,-0.15145450830459595,0.9995728731155396,0.5056504011154175,0.7096811532974243,0.22821448743343353,0.7998435497283936,0.40065744519233704,0.715827465057373,-0.16435030102729797,0.9928185343742371,0.5163884162902832,0.7959887981414795,0.3535749614238739,0.9502421021461487,0.3526485562324524,0.8033302426338196,-0.1471196413040161,0.9945656061172485,0.5001940727233887,0.8133814930915833,0.35911184549331665,0.920927107334137,0.3319755792617798,0.8188291788101196,-0.15239989757537842,0.9613678455352783,0.5824449062347412,0.813407838344574,0.2783961594104767,0.9675740003585815,0.4069414734840393,0.8292562961578369,-0.28930240869522095,0.991395890712738
IMG_9583 2,32,1059,good,0.5175527930259705,0.47804418206214905,-0.03778912499547005,0.999913215637207,0.5117585062980652,0.46904873847961426,-0.01929493248462677,0.999896228313446,0.511047899723053,0.46872636675834656,-0.019297035411000252,0.9998959898948669,0.5101585388183594,0.4683464467525482,-0.019269797950983047,0.9998807907104492,0.5092310309410095,0.4688374102115631,-0.06896692514419556,0.999877393245697,0.5067113637924194,0.4683713912963867,-0.06903594732284546,0.9998927116394043,0.5039861798286438,0.4678288400173187,-0.06913573294878006,0.9998759627342224,0.49499088525772095,0.4689435064792633,0.09275361895561218,0.9996166825294495,0.4875255525112152,0.46884727478027344,-0.12807579338550568,0.9999274611473083,0.5130123496055603,0.4840411841869354,0.008337858133018017,0.9998525381088257,0.5096549987792969,0.48328906297683716,-0.05623233690857887,0.9998870491981506,0.4852195382118225,0.5157896280288696,0.2381209135055542,0.9994885921478271,0.4588874578475952,0.5035486817359924,-0.2478509396314621,0.9999740719795227,0.5155490636825562,0.5682710409164429,0.102370984852314,0.21351949870586395,0.5102912783622742,0.5524846315383911,-0.21557267010211945,0.9890694618225098,0.5405959486961365,0.5334033370018005,-0.2322794646024704,0.440315306186676,0.5519387125968933,0.5156788229942322,0.06268630921840668,0.9742470979690552,0.54998779296875,0.5234776735305786,-0.28186023235321045,0.4256937503814697,0.558818519115448,0.5043264627456665,0.06680277734994888,0.9496985077857971,0.5452597141265869,0.5201708674430847,-0.27209609746932983,0.4422157108783722,0.5544266104698181,0.5015543699264526,0.054773878306150436,0.9446553587913513,0.5427857041358948,0.5206174850463867,-0.24349139630794525,0.4361797273159027,0.5505432486534119,0.5055491328239441,0.06939157843589783,0.9142175316810608,0.4765405058860779,0.6325353384017944,0.1518147587776184,0.9993336796760559,0.43611738085746765,0.6316143870353699,-0.1520177274942398,0.9995922446250916,0.5093942880630493,0.7081929445266724,0.22851261496543884,0.8047082424163818,0.400860995054245,0.7154380083084106,-0.17309318482875824,0.9931095838546753,0.5165169835090637,0.795739471912384,0.3527062237262726,0.9521209001541138,0.35274893045425415,0.8030709028244019,-0.16005071997642517,0.9948585033416748,0.5001899003982544,0.8132533431053162,0.35804033279418945,0.9234375357627869,0.3325258493423462,0.8185825347900391,-0.1657402068376541,0.96286541223526,0.5824425220489502,0.813400149345398,0.2781991958618164,0.968707263469696,0.4063604176044464,0.8292519450187683,-0.30224791169166565,0.9918010830879211
IMG_9583 2,33,1092,good,0.5173152089118958,0.47801193594932556,-0.03257148340344429,0.9999093413352966,0.5109874606132507,0.469030499458313,-0.014211463741958141,0.9998922944068909,0.510179340839386,0.46870002150535583,-0.014208855107426643,0.9998918771743774,0.5092284679412842,0.46832093596458435,-0.014175263233482838,0.9998759031295776,0.5087476372718811,0.46881866455078125,-0.0637880489230156,0.9998737573623657,0.5063211917877197,0.46834883093833923,-0.06386748701334,0.9998904466629028,0.5036804676055908,0.46781930327415466,-0.06399020552635193,0.9998738169670105,0.4945836365222931,0.46916523575782776,0.09538649022579193,0.999599277973175,0.4875139594078064,0.46916234493255615,-0.1253148466348648,0.9999260306358337,0.5128945708274841,0.48406746983528137,0.012477378360927105,0.9998466968536377,0.5096192955970764,0.4833737015724182,-0.051965612918138504,0.9998838305473328,0.48626312613487244,0.5157899260520935,0.23762449622154236,0.9994604587554932,0.4598281681537628,0.503997266292572,-0.2476242631673813,0.9999738931655884,0.5153441429138184,0.5688188076019287,0.10178317874670029,0.20651669800281525,0.511242151260376,0.5525709390640259,-0.21786010265350342,0.9893736243247986,0.5395076870918274,0.5361770987510681,-0.23362140357494354,0.42955636978149414,0.5540478229522705,0.5148386359214783,0.059576332569122314,0.9745808243751526,0.5489137768745422,0.5249948501586914,-0.2835581600666046,0.41702479124069214,0.5600144863128662,0.50407475233078,0.06399305909872055,0.9502273201942444,0.5450165271759033,0.5225574374198914,-0.2747488021850586,0.43392330408096313,0.5554571151733398,0.5013055801391602,0.05082261189818382,0.9452400803565979,0.5426479578018188,0.5225624442100525,-0.24410371482372284,0.4277897775173187,0.5515040159225464,0.5051272511482239,0.06589043885469437,0.9151144027709961,0.4842645823955536,0.6332699656486511,0.15109889209270477,0.9993444681167603,0.4409589469432831,0.6318297982215881,-0.15129593014717102,0.9996093511581421,0.5156251192092896,0.7080698013305664,0.22867508232593536,0.8099209666252136,0.4030958116054535,0.7154968976974487,-0.17328883707523346,0.9933702349662781,0.5165454149246216,0.7955489158630371,0.35608935356140137,0.9540122151374817,0.3528755009174347,0.8028233051300049,-0.16321535408496857,0.9950791597366333,0.5001872181892395,0.8128786683082581,0.36186158657073975,0.9257600903511047,0.33253875374794006,0.8184821009635925,-0.16941344738006592,0.9636192917823792,0.5828220248222351,0.8131670355796814,0.2812621295452118,0.9697568416595459,0.4063829779624939,0.8286426067352295,-0.30929020047187805,0.9920893311500549
IMG_9583 2,34,1125,good,0.5162304043769836,0.47734206914901733,-0.03243713080883026,0.9999047517776489,0.5089062452316284,0.46853622794151306,-0.014071876183152199,0.999888002872467,0.5079633593559265,0.4683064818382263,-0.014070558361709118,0.9998863339424133,0.5069171190261841,0.4680388271808624,-0.014032190665602684,0.9998706579208374,0.5070396661758423,0.4683467447757721,-0.06305690854787827,0.9998691082000732,0.5047316551208496,0.46797338128089905,-0.06313429772853851,0.9998866319656372,0.5022125244140625,0.4675498604774475,-0.06325595080852509,0.9998705387115479,0.4934014678001404,0.46918466687202454,0.09587714076042175,0.9995743036270142,0.4870714545249939,0.4691549837589264,-0.12173700332641602,0.9999237656593323,0.5120307207107544,0.4838450253009796,0.01281425729393959,0.9998399615287781,0.5091539621353149,0.4832131266593933,-0.050813939422369,0.9998794794082642,0.4874183237552643,0.5159735679626465,0.23726288974285126,0.9994536638259888,0.460069864988327,0.504282534122467,-0.24084784090518951,0.9999737739562988,0.5158988833427429,0.5700471997261047,0.10491152852773666,0.20008134841918945,0.5127595663070679,0.5525862574577332,-0.21415196359157562,0.9896005988121033,0.5393823385238647,0.537651538848877,-0.22338798642158508,0.4206130802631378,0.5552327632904053,0.5135549306869507,0.058936651796102524,0.9749454855918884,0.5471346378326416,0.5309162735939026,-0.2744563817977905,0.40919598937034607,0.5605037212371826,0.5033025741577148,0.06314780563116074,0.9506517648696899,0.5438199043273926,0.5298610329627991,-0.2668532133102417,0.4262496829032898,0.5558029413223267,0.5005321502685547,0.050306253135204315,0.945649266242981,0.5414609909057617,0.5285621881484985,-0.2350706160068512,0.4197551906108856,0.5518139004707336,0.5039979815483093,0.0653369352221489,0.9157276749610901,0.49350252747535706,0.6344560384750366,0.14861439168453217,0.9993522763252258,0.4467894732952118,0.632417619228363,-0.1488027125597,0.9996184706687927,0.5209313035011292,0.7081243395805359,0.227879598736763,0.8144958019256592,0.4141893684864044,0.715495228767395,-0.17714467644691467,0.9934796690940857,0.5153804421424866,0.7959849238395691,0.3581523597240448,0.9552051424980164,0.35299476981163025,0.8028265237808228,-0.15918608009815216,0.995079755783081,0.49953579902648926,0.8132936954498291,0.3640844225883484,0.9269412159919739,0.3325388729572296,0.818452775478363,-0.16523435711860657,0.9623191356658936,0.5828233361244202,0.8136899471282959,0.28099754452705383,0.9701157808303833,0.4065873622894287,0.8285325169563293,-0.3034994602203369,0.9921294450759888
IMG_9583 2,35,1158,good,0.5152415633201599,0.4756789207458496,-0.032559219747781754,0.9998922348022461,0.5073044896125793,0.4674386978149414,-0.014585793949663639,0.9998731017112732,0.5063037872314453,0.4673396944999695,-0.014582481235265732,0.9998691082000732,0.5052307844161987,0.4672123193740845,-0.014546754769980907,0.9998543858528137,0.5053932666778564,0.46727776527404785,-0.06385429948568344,0.9998525977134705,0.5029728412628174,0.4670436382293701,-0.0639297142624855,0.9998726844787598,0.5003842115402222,0.4667730927467346,-0.06404709070920944,0.9998576641082764,0.49181121587753296,0.4690636396408081,0.09546033293008804,0.9995113611221313,0.4855087399482727,0.4690389931201935,-0.12267768383026123,0.9999158978462219,0.511193573474884,0.48278406262397766,0.012486769817769527,0.9998223185539246,0.5083595514297485,0.4822773039340973,-0.0515127070248127,0.9998682737350464,0.48742297291755676,0.5158507823944092,0.2369907647371292,0.9994292259216309,0.46055668592453003,0.5043948888778687,-0.2418045550584793,0.999972403049469,0.5160942673683167,0.5706902742385864,0.11007583886384964,0.19127044081687927,0.5119418501853943,0.5530543923377991,-0.20932787656784058,0.9895700812339783,0.5393191576004028,0.5421052575111389,-0.2169765681028366,0.4058828055858612,0.5554310083389282,0.5137238502502441,0.05849200487136841,0.9745442271232605,0.5604696273803711,0.5372601747512817,-0.2684004306793213,0.39698153734207153,0.5605381727218628,0.5033556818962097,0.06285978853702545,0.9498755931854248,0.5439386367797852,0.5299385190010071,-0.2623729109764099,0.41410449147224426,0.5557528138160706,0.5006001591682434,0.05009058490395546,0.9447466731071472,0.5414507389068604,0.5293153524398804,-0.22979195415973663,0.4077695906162262,0.5519108176231384,0.5039327144622803,0.06492327153682709,0.91450434923172,0.49938586354255676,0.6342935562133789,0.14848557114601135,0.9993039965629578,0.4589088261127472,0.6320684552192688,-0.1486545354127884,0.9995582103729248,0.5223832726478577,0.7072709798812866,0.1943776160478592,0.8024333119392395,0.4328029155731201,0.7148171663284302,-0.1765637993812561,0.9926384687423706,0.5155678391456604,0.7959513664245605,0.29690876603126526,0.9495722055435181,0.35682594776153564,0.8004805445671082,-0.1308239847421646,0.9941070079803467,0.4994882643222809,0.8133488893508911,0.29937711358070374,0.9209506511688232,0.3348933458328247,0.8172205686569214,-0.1317976713180542,0.9579192399978638,0.5820242166519165,0.8138833045959473,0.21382500231266022,0.9660646915435791,0.4085930287837982,0.827329158782959,-0.26007887721061707,0.9908379912376404
IMG_9583 2,36,1191,good,0.5137942433357239,0.47516077756881714,-0.012497671879827976,0.9998875260353088,0.505654513835907,0.467044472694397,0.005831664893776178,0.999868631362915,0.5046432614326477,0.4669715464115143,0.005829161498695612,0.9998632073402405,0.5035238862037659,0.46688374876976013,0.005853470880538225,0.9998506903648376,0.5034757256507874,0.46694326400756836,-0.04406466707587242,0.9998470544815063,0.5008577108383179,0.4667646586894989,-0.0441540852189064,0.999868631362915,0.49801144003868103,0.4665597379207611,-0.04426548257470131,0.9998558759689331,0.4893876910209656,0.4690447151660919,0.1143631711602211,0.9994892477989197,0.4827025830745697,0.4690313935279846,-0.10744646936655045,0.9999150037765503,0.5102162957191467,0.4823872447013855,0.03225471079349518,0.9998152256011963,0.5070913434028625,0.48196887969970703,-0.032481011003255844,0.999864399433136,0.4874034821987152,0.5157994031906128,0.25873374938964844,0.9994413256645203,0.4611332416534424,0.5044600367546082,-0.22715555131435394,0.9999728202819824,0.5155509114265442,0.5720871686935425,0.14834685623645782,0.1788790225982666,0.5122765898704529,0.5530931949615479,-0.1879090964794159,0.9897952079772949,0.5448646545410156,0.5601317286491394,-0.17340928316116333,0.3847934603691101,0.5565077662467957,0.5138813853263855,0.06897345185279846,0.9742007851600647,0.5622602701187134,0.5568034648895264,-0.22417569160461426,0.37962251901626587,0.56144118309021,0.5034134387969971,0.07126922905445099,0.9491220116615295,0.553500771522522,0.5506064891815186,-0.22465389966964722,0.3965979218482971,0.5559247732162476,0.5005708336830139,0.057757582515478134,0.9438620805740356,0.5393048524856567,0.5448357462882996,-0.18878990411758423,0.3904968500137329,0.5525937676429749,0.5039791464805603,0.07483509182929993,0.9133060574531555,0.5077965259552002,0.6315740942955017,0.14994777739048004,0.9992882013320923,0.4710317850112915,0.629258394241333,-0.15010131895542145,0.99952232837677,0.5254943370819092,0.7064787149429321,0.15740849077701569,0.7847481369972229,0.45659419894218445,0.7130838632583618,-0.21894694864749908,0.9918289184570312,0.5155297517776489,0.7959299683570862,0.23274816572666168,0.9431918859481812,0.3643847107887268,0.7976533770561218,-0.1965976059436798,0.993010401725769,0.4994428753852844,0.813261091709137,0.2319522500038147,0.9149715900421143,0.34108275175094604,0.8119310140609741,-0.199796661734581,0.9536189436912537,0.5822932124137878,0.8139178156852722,0.14537085592746735,0.961968183517456,0.4140346348285675,0.8268567323684692,-0.3232917785644531,0.9896497130393982
IMG_9583 2,37,1225,good,0.5118724703788757,0.47382792830467224,0.0032374884467571974,0.9998892545700073,0.5035924911499023,0.46623602509498596,0.02165924198925495,0.9998722672462463,0.5025665163993835,0.46616867184638977,0.021636437624692917,0.9998656511306763,0.5014248490333557,0.4660857021808624,0.021648498252034187,0.999856173992157,0.5008667707443237,0.46624258160591125,-0.027099167928099632,0.9998508095741272,0.4978867769241333,0.4661378562450409,-0.027180839329957962,0.9998717308044434,0.4946773946285248,0.4660084545612335,-0.027290012687444687,0.9998615980148315,0.4867614209651947,0.46878108382225037,0.13375338912010193,0.9995067119598389,0.47944629192352295,0.4689325988292694,-0.08166182041168213,0.9999189972877502,0.5085364580154419,0.48135027289390564,0.050236497074365616,0.9998204112052917,0.5049847364425659,0.48105737566947937,-0.012505556456744671,0.9998669624328613,0.4878419041633606,0.513691246509552,0.2861274182796478,0.999474048614502,0.461525559425354,0.5045117139816284,-0.1969517469406128,0.9999737739562988,0.5155943036079407,0.5717116594314575,0.19166196882724762,0.16761621832847595,0.5129332542419434,0.5538361072540283,-0.1552148312330246,0.9902420043945312,0.5526518821716309,0.5645467638969421,-0.1235610842704773,0.3649338483810425,0.5570226907730103,0.5136166214942932,0.08659261465072632,0.9752669930458069,0.5685177445411682,0.5626150965690613,-0.17312145233154297,0.363231897354126,0.56173175573349,0.5031208992004395,0.08734332025051117,0.9510912299156189,0.5612936019897461,0.5572776198387146,-0.17801988124847412,0.37981855869293213,0.555878221988678,0.5000208616256714,0.07160205394029617,0.9460186958312988,0.5500659346580505,0.5568137764930725,-0.14042212069034576,0.3747239112854004,0.552706241607666,0.5036270022392273,0.09106484055519104,0.9164944291114807,0.5148946642875671,0.6250407099723816,0.15041731297969818,0.9993113279342651,0.48300307989120483,0.6230762004852295,-0.15054452419281006,0.9995008707046509,0.5336045622825623,0.7061740756034851,0.10503295809030533,0.7727838754653931,0.4886631667613983,0.7101402878761292,-0.21533700823783875,0.9912073612213135,0.5156384110450745,0.7956224083900452,0.1493440568447113,0.9398313760757446,0.38711363077163696,0.7882910370826721,-0.1890331357717514,0.9920170307159424,0.49954184889793396,0.8126075863838196,0.14533481001853943,0.9125996828079224,0.36446523666381836,0.7983407974243164,-0.19138063490390778,0.9506074786186218,0.582251250743866,0.8136786818504333,0.05344456061720848,0.9601685404777527,0.4410345256328583,0.8173470497131348,-0.31191906332969666,0.9888022541999817
IMG_9583 2,38,1258,good,0.5096789002418518,0.471189945936203,-0.004696741234511137,0.9998776316642761,0.5007872581481934,0.46488821506500244,0.014015588909387589,0.9998525977134705,0.49967193603515625,0.46494221687316895,0.013981101103127003,0.9998393058776855,0.49833011627197266,0.4649621844291687,0.013991943560540676,0.9998430013656616,0.4978499114513397,0.4649493992328644,-0.0354277640581131,0.9998335838317871,0.49477866291999817,0.4650137424468994,-0.03550819680094719,0.99985271692276,0.4914760887622833,0.46504709124565125,-0.03561457246541977,0.9998511672019958,0.48303040862083435,0.4686756432056427,0.1240362823009491,0.9994513988494873,0.4763919413089752,0.4689045250415802,-0.09419972449541092,0.9999063014984131,0.5069534778594971,0.47950249910354614,0.04135175049304962,0.9997898936271667,0.5030444860458374,0.479629784822464,-0.022203391417860985,0.9998369216918945,0.48751842975616455,0.5135820508003235,0.2803622782230377,0.9994625449180603,0.46330150961875916,0.5048882961273193,-0.21002189815044403,0.9999673962593079,0.5157952308654785,0.5713934898376465,0.252982497215271,0.15464633703231812,0.5140963792800903,0.5556987524032593,-0.20178429782390594,0.9903154373168945,0.5522570013999939,0.5872341394424438,0.011030422523617744,0.3378728926181793,0.5569583177566528,0.5128688812255859,-0.051866255700588226,0.9749972820281982,0.5677540302276611,0.5934795141220093,-0.025048276409506798,0.3401305675506592,0.5602005124092102,0.50289386510849,-0.07146058976650238,0.9512067437171936,0.5614984035491943,0.5888947248458862,-0.053768426179885864,0.3559567332267761,0.5537586212158203,0.5000303983688354,-0.07882321625947952,0.9461508989334106,0.5522412061691284,0.5859384536743164,-0.01318865455687046,0.351624071598053,0.5516623854637146,0.5032298564910889,-0.048040423542261124,0.916789710521698,0.5100381374359131,0.6245946288108826,0.15236037969589233,0.9993077516555786,0.4940873384475708,0.6218845844268799,-0.15236462652683258,0.9994408488273621,0.531993567943573,0.7061997056007385,0.11220026761293411,0.7552565932273865,0.5312369465827942,0.7091110348701477,-0.20701941847801208,0.9902049899101257,0.5132741332054138,0.7965257167816162,0.16969457268714905,0.9348925948143005,0.42246848344802856,0.777352511882782,-0.1185111477971077,0.990584135055542,0.49782681465148926,0.8126516938209534,0.16607733070850372,0.9070396423339844,0.3915765583515167,0.7807708978652954,-0.1142101138830185,0.9479308724403381,0.5697210431098938,0.8138258457183838,0.07128966599702835,0.9567790031433105,0.47478416562080383,0.8130707144737244,-0.21317382156848907,0.987554669380188
IMG_9583 2,39,1291,good,0.5088218450546265,0.47104573249816895,0.04318537935614586,0.9998322129249573,0.49954450130462646,0.4645217955112457,0.06380340456962585,0.9997665286064148,0.4983157813549042,0.4646039307117462,0.06373783946037292,0.9997381567955017,0.4968646466732025,0.46467021107673645,0.06373937427997589,0.9997726082801819,0.4968049228191376,0.4646061360836029,0.010258630849421024,0.9997662901878357,0.493720680475235,0.46469682455062866,0.010157367214560509,0.9997914433479309,0.4903722107410431,0.4647640287876129,0.010004031471908092,0.9998032450675964,0.4807964861392975,0.4685540795326233,0.16294576227664948,0.9990925192832947,0.4744248688220978,0.4688125550746918,-0.07431688904762268,0.9998729825019836,0.5059892535209656,0.47942471504211426,0.08511126786470413,0.9995713233947754,0.5021817684173584,0.47941726446151733,0.016284475103020668,0.9996486306190491,0.48732712864875793,0.5123361349105835,0.3123316764831543,0.9994481801986694,0.4619538486003876,0.5053185820579529,-0.21128083765506744,0.999963104724884,0.5157002210617065,0.5711959600448608,0.30559101700782776,0.14121100306510925,0.5141346454620361,0.556783139705658,-0.20529507100582123,0.9904865026473999,0.5483247637748718,0.6011987924575806,0.09498295187950134,0.3088727295398712,0.5568717122077942,0.5130154490470886,-0.01923869177699089,0.9735453724861145,0.5630043745040894,0.6109190583229065,0.06865917146205902,0.3131818175315857,0.5594410300254822,0.5029261708259583,-0.030721070244908333,0.9496710896492004,0.5572869181632996,0.6080006957054138,0.04367544874548912,0.32798537611961365,0.5532178282737732,0.5000534653663635,-0.03548474237322807,0.9445674419403076,0.5486680269241333,0.6037704348564148,0.07326845079660416,0.3247072398662567,0.5512984395027161,0.5032603144645691,-0.012914162129163742,0.9148836731910706,0.522864818572998,0.6231480836868286,0.16152368485927582,0.9993434548377991,0.5013794898986816,0.6216259598731995,-0.16153903305530548,0.999426007270813,0.5501208901405334,0.7060601115226746,0.13172319531440735,0.7239073514938354,0.5695960521697998,0.7012295126914978,-0.20952542126178741,0.9891676902770996,0.5138066411018372,0.798829197883606,0.18571099638938904,0.9255674481391907,0.44693320989608765,0.7546402812004089,-0.024581657722592354,0.984226644039154,0.4978351593017578,0.8130094408988953,0.18274150788784027,0.8970487713813782,0.41747695207595825,0.7555880546569824,-0.005935854744166136,0.9380366206169128,0.5706018805503845,0.814917266368866,0.1042802706360817,0.9504798650741577,0.46583300828933716,0.7926353216171265,-0.04034951701760292,0.9821065664291382
IMG_9583 2,40,1324,good,0.5069798231124878,0.4711349904537201,0.04875372722744942,0.9997648596763611,0.49717819690704346,0.46499451994895935,0.06856804341077805,0.9996367692947388,0.49588000774383545,0.4650997817516327,0.06851136684417725,0.9995916485786438,0.4943736791610718,0.46517568826675415,0.06849991530179977,0.9996734857559204,0.494772732257843,0.46508172154426575,0.01649489253759384,0.9996798634529114,0.4918433427810669,0.46518662571907043,0.01638917811214924,0.9997101426124573,0.4886315166950226,0.4652445912361145,0.01623373106122017,0.99974125623703,0.47826769948005676,0.4692181944847107,0.16431528329849243,0.9986863136291504,0.47202983498573303,0.46955743432044983,-0.0678548589348793,0.9998223781585693,0.5039891600608826,0.47963517904281616,0.08981559425592422,0.9992489814758301,0.5007922649383545,0.4796833395957947,0.02257785201072693,0.9993948936462402,0.4843597412109375,0.5126563906669617,0.3128986954689026,0.9994136095046997,0.4598449766635895,0.5073310732841492,-0.20452365279197693,0.9999589323997498,0.5156866908073425,0.5726416110992432,0.3021722435951233,0.12913918495178223,0.5139263868331909,0.558339536190033,-0.2524529993534088,0.9908016920089722,0.5473235249519348,0.5990472435951233,0.09653735905885696,0.28406742215156555,0.5560716390609741,0.5130761861801147,-0.17158791422843933,0.9740235209465027,0.561650812625885,0.6071428060531616,0.07503856718540192,0.2910991311073303,0.5580146312713623,0.5029389262199402,-0.19789735972881317,0.9511601328849792,0.5570796728134155,0.6030374765396118,0.04681829735636711,0.3048800826072693,0.551694929599762,0.500123918056488,-0.18926629424095154,0.9462052583694458,0.54841548204422,0.5994689464569092,0.075252965092659,0.30243149399757385,0.5503251552581787,0.5033640265464783,-0.16227944195270538,0.9169789552688599,0.5222206115722656,0.6239128112792969,0.16188839077949524,0.9993667602539062,0.5146083831787109,0.6219059228897095,-0.1618868112564087,0.9993986487388611,0.546517550945282,0.7112011909484863,0.14023667573928833,0.7050805687904358,0.6060589551925659,0.685840368270874,-0.20609258115291595,0.9880224466323853,0.5178281664848328,0.7995460629463196,0.19504974782466888,0.9145227670669556,0.4855209290981293,0.7446112632751465,0.01787530444562435,0.9765533804893494,0.5032506585121155,0.8130102753639221,0.19276686012744904,0.8866214752197266,0.45550402998924255,0.7355198264122009,0.03928354009985924,0.9287397265434265,0.5788525342941284,0.8154169321060181,0.12067441642284393,0.9420164823532104,0.4934141933917999,0.7776466608047485,0.021404698491096497,0.9759790301322937
IMG_9583 2,41,1357,good,0.505061149597168,0.47204598784446716,0.03359847143292427,0.999775230884552,0.4946536123752594,0.46580415964126587,0.0512789785861969,0.9996525645256042,0.49324527382850647,0.46590656042099,0.05125079303979874,0.9996086359024048,0.4916170537471771,0.4659842848777771,0.05126401409506798,0.9996864795684814,0.4925402104854584,0.4659647047519684,0.002099805511534214,0.9996981024742126,0.48972779512405396,0.46608856320381165,0.002024875022470951,0.9997257590293884,0.4866032898426056,0.46615374088287354,0.0019051876151934266,0.9997560381889343,0.4754525125026703,0.4702019989490509,0.1501411348581314,0.9987719655036926,0.4701245129108429,0.4706115424633026,-0.07384205609560013,0.9998336434364319,0.502405047416687,0.48069092631340027,0.07419128715991974,0.9992846846580505,0.4996320307254791,0.4806101322174072,0.010868522338569164,0.999428927898407,0.4775865375995636,0.5131524801254272,0.29838913679122925,0.9994422197341919,0.4581671357154846,0.5088932514190674,-0.1942238211631775,0.9999604821205139,0.5201618671417236,0.5737665891647339,0.257634699344635,0.12246392667293549,0.5137192010879517,0.5600208044052124,-0.2393331527709961,0.9911482930183411,0.5458560585975647,0.5910657048225403,-0.009754554368555546,0.27641135454177856,0.5540018081665039,0.5140007734298706,-0.07989643514156342,0.974720299243927,0.5610036253929138,0.5884169936180115,-0.052157580852508545,0.2877439558506012,0.5549523234367371,0.5030173659324646,-0.09066227078437805,0.9524602293968201,0.5567889213562012,0.5847610831260681,-0.06337354332208633,0.30005112290382385,0.5485631823539734,0.5002621412277222,-0.08570058643817902,0.9475094676017761,0.5479371547698975,0.5823678374290466,-0.028957774862647057,0.2967318296432495,0.5476992130279541,0.5038122534751892,-0.06881556659936905,0.9190819263458252,0.519122838973999,0.6243152618408203,0.15761423110961914,0.9994063973426819,0.5240296721458435,0.6209665536880493,-0.15762098133563995,0.9994107484817505,0.5511296987533569,0.7132679224014282,0.1576637625694275,0.7126184105873108,0.6490857005119324,0.6638973951339722,-0.16436851024627686,0.9884581565856934,0.5191164612770081,0.7995181083679199,0.18850907683372498,0.9162758588790894,0.535388171672821,0.720845639705658,0.043053872883319855,0.9735572338104248,0.5031155347824097,0.8130223751068115,0.1842498630285263,0.8906875252723694,0.5003688335418701,0.7209797501564026,0.06602931022644043,0.9272642135620117,0.5794033408164978,0.8153683543205261,0.1342388391494751,0.9422349333763123,0.5207823514938354,0.7577652335166931,0.09763593971729279,0.9737764596939087
IMG_9583 2,42,1390,good,0.5035873055458069,0.4732523262500763,0.015792183578014374,0.9997922778129578,0.4925960302352905,0.4666830003261566,0.03227244317531586,0.9996796250343323,0.49115318059921265,0.4668007493019104,0.032270174473524094,0.9996380805969238,0.48952144384384155,0.46688157320022583,0.03235560655593872,0.9997104406356812,0.49078091979026794,0.46684297919273376,-0.011923400685191154,0.9997233748435974,0.48817014694213867,0.4669981002807617,-0.011983590200543404,0.9997479319572449,0.48530182242393494,0.46710458397865295,-0.012067524716258049,0.9997761249542236,0.47356268763542175,0.47118958830833435,0.1175764873623848,0.9988837838172913,0.4692690670490265,0.4720000624656677,-0.0869741290807724,0.9998469948768616,0.501772403717041,0.4818885028362274,0.05076456815004349,0.9993426203727722,0.4992746412754059,0.481549471616745,-0.0064199683256447315,0.9994767904281616,0.4729647934436798,0.5133386850357056,0.2583995759487152,0.9994907379150391,0.457923948764801,0.51264888048172,-0.20107907056808472,0.9999631643295288,0.5190302133560181,0.572282612323761,0.23234190046787262,0.11721014976501465,0.5135119557380676,0.5656194686889648,-0.24627861380577087,0.9915339946746826,0.548438310623169,0.5823588967323303,-0.014447520487010479,0.27076461911201477,0.5488926768302917,0.518839955329895,-0.1121649369597435,0.975304365158081,0.5624476671218872,0.5824790000915527,-0.04170870780944824,0.28659653663635254,0.5500368475914001,0.5046780109405518,-0.12392345070838928,0.9535484910011292,0.558346152305603,0.5774053931236267,-0.06232909485697746,0.297664076089859,0.5441171526908875,0.5020499229431152,-0.11160928755998611,0.9487442970275879,0.5507856607437134,0.5758394002914429,-0.032351575791835785,0.293600469827652,0.5432267189025879,0.5052544474601746,-0.09957128763198853,0.9211084842681885,0.5172349810600281,0.6243987679481506,0.15104460716247559,0.9994643926620483,0.5325238108634949,0.6193375587463379,-0.15118707716464996,0.9994651079177856,0.5509670972824097,0.7116268277168274,0.1442965418100357,0.7365845441818237,0.6719406843185425,0.6332712769508362,-0.08896005898714066,0.9890782833099365,0.5192973017692566,0.7994524836540222,0.1210663840174675,0.9231065511703491,0.5910183191299438,0.7044752240180969,0.11825148016214371,0.9738046526908875,0.5038974285125732,0.8122420907020569,0.11437341570854187,0.8999858498573303,0.5680989623069763,0.7084746360778809,0.14155565202236176,0.9295271039009094,0.5794610977172852,0.8153560757637024,0.06969272345304489,0.9461345672607422,0.6110999584197998,0.7341494560241699,0.19865290820598602,0.9737712144851685
IMG_9583 2,43,1423,good,0.5023638010025024,0.47603732347488403,0.013577879406511784,0.9997894763946533,0.4915125072002411,0.4685525596141815,0.030716344714164734,0.999678909778595,0.4901930093765259,0.4685690701007843,0.030709251761436462,0.9996324777603149,0.4886230528354645,0.46854346990585327,0.03076905570924282,0.9997110366821289,0.48955830931663513,0.46879032254219055,-0.015371606685221195,0.999729335308075,0.48696646094322205,0.46889594197273254,-0.015432730317115784,0.9997493624687195,0.48407599329948425,0.4689349830150604,-0.015519225038588047,0.9997808933258057,0.4726615846157074,0.4726390242576599,0.11446166038513184,0.998948335647583,0.4680592715740204,0.4736796021461487,-0.0889722928404808,0.9998462200164795,0.501337468624115,0.48391205072402954,0.049445100128650665,0.9993699789047241,0.4988285303115845,0.48393845558166504,-0.0072991009801626205,0.9995006918907166,0.47264719009399414,0.5133689045906067,0.25513383746147156,0.9995249509811401,0.45576104521751404,0.515836775302887,-0.2046167403459549,0.9999646544456482,0.5181919932365417,0.5697585344314575,0.22179098427295685,0.11122395843267441,0.5125871896743774,0.5708576440811157,-0.23918510973453522,0.9916391372680664,0.5494709610939026,0.5788177847862244,-0.021267857402563095,0.2597551643848419,0.5452589392662048,0.5228400230407715,-0.07291092723608017,0.9747281670570374,0.5627907514572144,0.5797824859619141,-0.05066000670194626,0.27871838212013245,0.5469115376472473,0.5075263977050781,-0.08184859156608582,0.9528070688247681,0.558051586151123,0.5742954611778259,-0.06735331565141678,0.2886463403701782,0.540492832660675,0.5043421387672424,-0.07815565168857574,0.9479823112487793,0.5508965253829956,0.5731510519981384,-0.038084641098976135,0.28473344445228577,0.5392789244651794,0.5081943273544312,-0.062321167439222336,0.9201924800872803,0.5215743184089661,0.6184077858924866,0.15098021924495697,0.9995145201683044,0.5259281396865845,0.6170881390571594,-0.1510871797800064,0.9995074272155762,0.5505016446113586,0.7079788446426392,0.07960586249828339,0.7586763501167297,0.6749662756919861,0.6088846325874329,-0.07857072353363037,0.9891887903213501,0.5192603468894958,0.7983788847923279,0.036382146179676056,0.9287442564964294,0.642667829990387,0.6881244778633118,0.09239713102579117,0.9734286665916443,0.5037603974342346,0.8110575675964355,0.028101667761802673,0.9079545736312866,0.6156853437423706,0.6999439001083374,0.10972688347101212,0.9308627247810364,0.5770003199577332,0.8153481483459473,-0.03827228397130966,0.9488806128501892,0.6951196789741516,0.711412250995636,0.12774227559566498,0.9728634357452393
IMG_9583 2,44,1456,good,0.5017861127853394,0.47698211669921875,-0.00016438495367765427,0.9998027682304382,0.49101924896240234,0.4697079360485077,0.0154638746753335,0.9997014403343201,0.48960188031196594,0.4696981906890869,0.015474257990717888,0.9996578693389893,0.4878622591495514,0.4696464240550995,0.015567515045404434,0.9997314810752869,0.4893339276313782,0.46997594833374023,-0.034501515328884125,0.9997491240501404,0.4868851900100708,0.4700670838356018,-0.03460431098937988,0.9997665882110596,0.48410728573799133,0.4700874090194702,-0.034698840230703354,0.9997968673706055,0.47066545486450195,0.4736289381980896,0.10129133611917496,0.9990357756614685,0.4678207039833069,0.4745532274246216,-0.1215423196554184,0.9998561143875122,0.5009235739707947,0.4850247800350189,0.035984769463539124,0.9994235038757324,0.4987313151359558,0.4854997396469116,-0.02700996585190296,0.9995447993278503,0.47303444147109985,0.5141481757164001,0.2478826493024826,0.9995447397232056,0.4550914466381073,0.5182881951332092,-0.22527232766151428,0.9999665021896362,0.520703136920929,0.5679126381874084,0.16910405457019806,0.10631681978702545,0.5124117732048035,0.5713346600532532,-0.23531970381736755,0.9916957020759583,0.54850172996521,0.5705657005310059,-0.14374250173568726,0.2514042258262634,0.544463574886322,0.5233272314071655,-0.03550164774060249,0.9738821387290955,0.5581633448600769,0.5683541297912598,-0.18447813391685486,0.27383074164390564,0.5452262759208679,0.5084925293922424,-0.0396881066262722,0.9518097639083862,0.5519469976425171,0.5623589754104614,-0.18909689784049988,0.2831574082374573,0.5382592082023621,0.5056337714195251,-0.03866212069988251,0.9467403292655945,0.5461047887802124,0.5636301636695862,-0.1584385484457016,0.2793183922767639,0.5377230048179626,0.5094440579414368,-0.02428543195128441,0.9186975955963135,0.5365367531776428,0.616214394569397,0.15505988895893097,0.9995571374893188,0.5259949564933777,0.6178502440452576,-0.15494632720947266,0.9995460510253906,0.5577675104141235,0.7046247720718384,0.07213112711906433,0.7786785364151001,0.6497542858123779,0.6038335561752319,-0.0720919743180275,0.9895904064178467,0.5196260213851929,0.7980292439460754,0.01846083626151085,0.9345101714134216,0.7060906887054443,0.6720253229141235,0.04194026067852974,0.975350022315979,0.5046823024749756,0.8101599812507629,0.00990261696279049,0.9159532189369202,0.6926528811454773,0.7010567784309387,0.05141705647110939,0.9359490275382996,0.5804982781410217,0.8150524497032166,-0.0554385706782341,0.9527925848960876,0.7747862339019775,0.6822067499160767,0.0282241553068161,0.9745650291442871
IMG_9583 2,45,1489,good,0.5013167262077332,0.47775301337242126,0.006363480351865292,0.9998219609260559,0.4905102252960205,0.4701705574989319,0.023015480488538742,0.9997304677963257,0.48901158571243286,0.4701516032218933,0.023095635697245598,0.9996911287307739,0.4872173070907593,0.4700965881347656,0.023251425474882126,0.9997574687004089,0.4891003668308258,0.4704505205154419,-0.027606913819909096,0.9997736215591431,0.4867771863937378,0.4705381393432617,-0.027698002755641937,0.999789297580719,0.4841466248035431,0.4705551266670227,-0.027762848883867264,0.9998166561126709,0.4703262150287628,0.4740441143512726,0.10417474061250687,0.9991308450698853,0.4679217040538788,0.4749845266342163,-0.11791941523551941,0.9998701810836792,0.5002087354660034,0.4855664372444153,0.04105212539434433,0.9994803667068481,0.498526006937027,0.4859795868396759,-0.023012951016426086,0.9995898604393005,0.47288429737091064,0.5155918598175049,0.25089603662490845,0.9995841979980469,0.4536549746990204,0.5201040506362915,-0.22465410828590393,0.9999696612358093,0.5209006667137146,0.5673108696937561,0.1620987504720688,0.10096267610788345,0.5112985968589783,0.5723625421524048,-0.19515293836593628,0.9918850064277649,0.5507903695106506,0.569271981716156,-0.14451275765895844,0.23827849328517914,0.5427156090736389,0.5251239538192749,0.07204456627368927,0.9732020497322083,0.557786226272583,0.5672097206115723,-0.18255959451198578,0.2618034780025482,0.543450117111206,0.5096209049224854,0.08024952560663223,0.9498240351676941,0.5564943552017212,0.5612391233444214,-0.18626876175403595,0.27066197991371155,0.5367268919944763,0.5068531036376953,0.08030211180448532,0.944370687007904,0.5489751100540161,0.5629751086235046,-0.1591804176568985,0.2676657438278198,0.536088764667511,0.5106028318405151,0.08493977785110474,0.9168556332588196,0.5343415141105652,0.6169073581695557,0.1553829312324524,0.9995989203453064,0.531032383441925,0.6168614625930786,-0.1552629917860031,0.9995884299278259,0.558383584022522,0.704142153263092,0.09553997218608856,0.7980977892875671,0.6819328665733337,0.5774164199829102,-0.07885759323835373,0.990283191204071,0.520974338054657,0.7971667051315308,0.0457744263112545,0.9404512643814087,0.7689850330352783,0.6523281931877136,0.030843254178762436,0.9775161147117615,0.5045518279075623,0.8098446130752563,0.03822993114590645,0.9238904714584351,0.7615565657615662,0.6728304028511047,0.039857108145952225,0.9414857625961304,0.5772489309310913,0.8150379061698914,-0.011375472880899906,0.9567301869392395,0.83989417552948,0.6522248387336731,0.028008656576275826,0.9764975905418396
IMG_9583 2,46,1523,good,0.5000384449958801,0.47881948947906494,0.013619634322822094,0.9998313784599304,0.48893648386001587,0.47138938307762146,0.030953722074627876,0.9997385144233704,0.4873913824558258,0.47139525413513184,0.030986521393060684,0.9997111558914185,0.485580712556839,0.47138547897338867,0.03104552812874317,0.9997659921646118,0.4877072870731354,0.47177445888519287,-0.018851157277822495,0.9997724294662476,0.48551133275032043,0.471953421831131,-0.018943704664707184,0.999790370464325,0.48308297991752625,0.47207948565483093,-0.019064243882894516,0.9998026490211487,0.4689868688583374,0.4757165014743805,0.11814924329519272,0.999174177646637,0.4670526683330536,0.4768171012401581,-0.10128621757030487,0.9998615384101868,0.49911025166511536,0.4869500696659088,0.049959924072027206,0.9994999766349792,0.49790576100349426,0.48728248476982117,-0.013970496132969856,0.9995944499969482,0.47678714990615845,0.5184011459350586,0.2524592876434326,0.9995975494384766,0.4520494341850281,0.5227401852607727,-0.19900348782539368,0.9999707341194153,0.5282101631164551,0.567988395690918,0.16061605513095856,0.09853442758321762,0.5112482309341431,0.5744941234588623,-0.12030566483736038,0.9868446588516235,0.5492609739303589,0.5458991527557373,-0.13304270803928375,0.238458052277565,0.5418567061424255,0.5272073745727539,0.17489095032215118,0.9660528898239136,0.5502800941467285,0.5361334085464478,-0.1680971384048462,0.26414135098457336,0.5422338247299194,0.5105845928192139,0.1916075050830841,0.9391418099403381,0.5462003350257874,0.5256623029708862,-0.17100097239017487,0.27255335450172424,0.5354135036468506,0.5081496834754944,0.19132065773010254,0.9321827292442322,0.5443321466445923,0.5371460318565369,-0.14575134217739105,0.26742762327194214,0.5346572995185852,0.5125495195388794,0.18767140805721283,0.9010736346244812,0.5560362339019775,0.6099855899810791,0.15328380465507507,0.9995748996734619,0.5311017036437988,0.6186875104904175,-0.15327998995780945,0.9995696544647217,0.6824749708175659,0.5812628269195557,0.010232319124042988,0.8159340620040894,0.5823668241500854,0.69021075963974,-0.11336145550012589,0.9903666973114014,0.7947585582733154,0.6340564489364624,-0.0011677802540361881,0.9459776878356934,0.5568783283233643,0.783454418182373,0.004387619439512491,0.9790825247764587,0.8024747967720032,0.6512470245361328,-0.007607498671859503,0.9307416081428528,0.5499191284179688,0.7998318672180176,0.01524270512163639,0.9429629445075989,0.8646079301834106,0.6264439821243286,-0.0889914259314537,0.9604166150093079,0.6320180296897888,0.8044151663780212,-0.0820193886756897,0.9773725867271423
IMG_9583 2,47,1556,good,0.5000707507133484,0.48012039065361023,-0.0049833934754133224,0.9998474717140198,0.4888891577720642,0.4725600481033325,0.01365667674690485,0.9997639060020447,0.4872959852218628,0.4725172221660614,0.013762838207185268,0.9997392892837524,0.4854237735271454,0.47247403860092163,0.013909618370234966,0.9997885227203369,0.4876755177974701,0.47305193543434143,-0.03538956493139267,0.9997944831848145,0.48544102907180786,0.47323983907699585,-0.03549107536673546,0.9998106956481934,0.48296090960502625,0.4733717739582062,-0.03556811809539795,0.9998217821121216,0.46871986985206604,0.47700929641723633,0.10858651250600815,0.9992554187774658,0.4665846824645996,0.47817444801330566,-0.10959027707576752,0.9998751282691956,0.4989934265613556,0.4879239499568939,0.03406521677970886,0.9995494484901428,0.49783679842948914,0.48817628622055054,-0.028819646686315536,0.9996346831321716,0.4779679477214813,0.5200733542442322,0.24033507704734802,0.9996318221092224,0.4514405429363251,0.5241955518722534,-0.2117955982685089,0.999973475933075,0.5305479168891907,0.5689553022384644,0.11920563131570816,0.09465691447257996,0.5112043619155884,0.5741769075393677,-0.14850105345249176,0.9876466989517212,0.5551024079322815,0.5537510514259338,-0.21271851658821106,0.23290379345417023,0.5414871573448181,0.5281659960746765,0.0830811858177185,0.9675054550170898,0.5652086138725281,0.5370104312896729,-0.25186797976493835,0.26052698493003845,0.5423842668533325,0.5121293663978577,0.08811351656913757,0.9414346814155579,0.5588972568511963,0.5407141447067261,-0.2565161883831024,0.26899757981300354,0.5355920791625977,0.5090544819831848,0.08838842064142227,0.9346399307250977,0.5520006418228149,0.5484616756439209,-0.2277175784111023,0.26574793457984924,0.5347049236297607,0.5135573744773865,0.09489189088344574,0.9053829312324524,0.553088366985321,0.6115360260009766,0.15398237109184265,0.9996123313903809,0.5334227681159973,0.6178779602050781,-0.15387243032455444,0.9996082782745361,0.6237215399742126,0.6818327903747559,0.05927583947777748,0.8289295434951782,0.6651434302330017,0.5767485499382019,-0.09063997864723206,0.990638792514801,0.5658007860183716,0.7661289572715759,0.02734527178108692,0.9499333500862122,0.8171180486679077,0.5957193970680237,-0.05313491076231003,0.9809134006500244,0.5199531316757202,0.7653675079345703,0.021764755249023438,0.9370952248573303,0.8405495882034302,0.6158674955368042,-0.05383460968732834,0.948384702205658,0.5480492115020752,0.7743489742279053,-0.03752405568957329,0.9628057479858398,0.8885691165924072,0.5705859661102295,-0.11879955232143402,0.9790670275688171
IMG_9583 2,48,1589,good,0.5001104474067688,0.4806724786758423,-0.029103033244609833,0.9998617768287659,0.4888896942138672,0.4730710983276367,-0.008374863304197788,0.9997833371162415,0.48730435967445374,0.47306695580482483,-0.008362236432731152,0.9997637867927551,0.48544204235076904,0.4730609059333801,-0.008260678499937057,0.9998061060905457,0.48768264055252075,0.4735294580459595,-0.05784697085618973,0.999810516834259,0.4854717254638672,0.4737442433834076,-0.057957034558057785,0.9998267889022827,0.48302048444747925,0.4739050269126892,-0.05810372531414032,0.9998331665992737,0.4687833786010742,0.4778423309326172,0.10035119950771332,0.9993237853050232,0.4666432738304138,0.47906526923179626,-0.11837665736675262,0.9998854994773865,0.4990171790122986,0.4886022210121155,0.015145831741392612,0.9995881915092468,0.4978461265563965,0.4888312518596649,-0.04840806871652603,0.9996657967567444,0.481911838054657,0.5208016037940979,0.24169407784938812,0.9996656775474548,0.45100751519203186,0.5259909629821777,-0.20846962928771973,0.9999760389328003,0.5342823266983032,0.5688247084617615,0.14100134372711182,0.09565292298793793,0.5119252800941467,0.5749031901359558,-0.1337539404630661,0.9868418574333191,0.5623117685317993,0.55440753698349,-0.16252261400222778,0.2299976348876953,0.5413933396339417,0.5283224582672119,0.11735684424638748,0.9674801826477051,0.5708547234535217,0.5424273014068604,-0.19912242889404297,0.2599186599254608,0.542154848575592,0.512391984462738,0.12642154097557068,0.9412185549736023,0.5652333498001099,0.5443173050880432,-0.206578329205513,0.26806640625,0.5353718996047974,0.5095157027244568,0.12449382990598679,0.9345100522041321,0.5593205094337463,0.549089789390564,-0.1774492859840393,0.2627902925014496,0.5344215631484985,0.5140800476074219,0.12877173721790314,0.9059619307518005,0.5653020143508911,0.6068417429924011,0.14464066922664642,0.9996262788772583,0.5344016551971436,0.6186129450798035,-0.14462114870548248,0.999639093875885,0.6873234510421753,0.5793464183807373,0.020179569721221924,0.8446944355964661,0.5812284350395203,0.695671021938324,-0.14765380322933197,0.9909101128578186,0.8153077960014343,0.5767354965209961,0.011304466053843498,0.9547646045684814,0.5502932667732239,0.7863646149635315,-0.05709658935666084,0.9820128083229065,0.8243860602378845,0.5998618602752686,0.003031932283192873,0.9430729150772095,0.5301255583763123,0.8011191487312317,-0.05114991217851639,0.9501329660415649,0.8494071960449219,0.5688551664352417,-0.08317404240369797,0.9662768244743347,0.607530951499939,0.8043457865715027,-0.1511041224002838,0.9799039959907532
IMG_9583 2,49,1622,good,0.4996107220649719,0.4808311462402344,-0.04177429899573326,0.9998749494552612,0.48859500885009766,0.47333240509033203,-0.02071501687169075,0.999801754951477,0.4870600998401642,0.47336506843566895,-0.020725011825561523,0.9997863173484802,0.48525118827819824,0.47338390350341797,-0.020631801337003708,0.9998224973678589,0.4873490035533905,0.4737047553062439,-0.07170459628105164,0.9998259544372559,0.4851604402065277,0.47391363978385925,-0.0718083456158638,0.9998420476913452,0.48271796107292175,0.4740685522556305,-0.07194801419973373,0.9998446106910706,0.46884435415267944,0.4783196449279785,0.09033923596143723,0.9993871450424194,0.4663368761539459,0.4795820415019989,-0.13503749668598175,0.9998955726623535,0.49852046370506287,0.48896968364715576,0.003137062769383192,0.9996245503425598,0.4972849488258362,0.48922792077064514,-0.0624656118452549,0.9996956586837769,0.4827136993408203,0.5213912129402161,0.23477515578269958,0.9996970891952515,0.4503347873687744,0.5281344652175903,-0.21527159214019775,0.9999784231185913,0.5335674285888672,0.5688336491584778,0.14811351895332336,0.09542293846607208,0.5122168660163879,0.5772798657417297,-0.15015022456645966,0.986595869064331,0.5719608664512634,0.5600833892822266,-0.1483413279056549,0.2245473563671112,0.5414283275604248,0.5289877653121948,0.08409000188112259,0.9684657454490662,0.5826430916786194,0.5552381873130798,-0.18415258824825287,0.25663232803344727,0.5423959493637085,0.5133802890777588,0.08875519782304764,0.9427722692489624,0.5771980285644531,0.5540474057197571,-0.19558560848236084,0.2644106149673462,0.5356008410453796,0.5103734731674194,0.0877438634634018,0.9363564848899841,0.5706180334091187,0.5549823045730591,-0.1639610081911087,0.258009672164917,0.5345582365989685,0.5150648355484009,0.09527426213026047,0.9089818596839905,0.5681461095809937,0.6022169589996338,0.13906627893447876,0.9996351599693298,0.5353021025657654,0.6190260648727417,-0.13907375931739807,0.999668538570404,0.6937249898910522,0.5711615085601807,0.02407662384212017,0.859194278717041,0.5705037117004395,0.7024409770965576,-0.17634068429470062,0.9912011623382568,0.842897891998291,0.5646299719810486,0.03578348085284233,0.9591473937034607,0.5290860533714294,0.793617844581604,-0.10096495598554611,0.9830518364906311,0.8681377172470093,0.5719811916351318,0.02862204611301422,0.94847172498703,0.5093285441398621,0.8091637492179871,-0.09646981954574585,0.9519721865653992,0.8831747770309448,0.537082850933075,-0.06110726669430733,0.9693993330001831,0.5696485042572021,0.8156783580780029,-0.21349042654037476,0.9805949330329895
IMG_9583 2,50,1655,good,0.4996735155582428,0.4818427860736847,-0.06102054566144943,0.9998862147331238,0.4887666404247284,0.474535197019577,-0.04205229878425598,0.9998160004615784,0.48724642395973206,0.47450965642929077,-0.04207198694348335,0.9998056888580322,0.4854505658149719,0.47449350357055664,-0.0419914610683918,0.9998348951339722,0.4874720871448517,0.475066214799881,-0.09146279841661453,0.9998368620872498,0.485258549451828,0.4753142297267914,-0.09155731648206711,0.9998539090156555,0.48278090357780457,0.475527286529541,-0.09169308841228485,0.9998502731323242,0.4690476655960083,0.47938230633735657,0.06677887588739395,0.9994409084320068,0.46638450026512146,0.48059821128845215,-0.15286684036254883,0.9999032020568848,0.4985625147819519,0.48974525928497314,-0.016437727957963943,0.9996543526649475,0.49731382727622986,0.4901239573955536,-0.08035945892333984,0.9997196197509766,0.48521915078163147,0.5216533541679382,0.21228179335594177,0.9997245073318481,0.45020970702171326,0.5289726257324219,-0.2162339985370636,0.9999805092811584,0.5355765223503113,0.5688400864601135,0.14703570306301117,0.09564808011054993,0.515376091003418,0.5773885846138,-0.13544988632202148,0.9849843978881836,0.5707920789718628,0.5609103441238403,-0.14162442088127136,0.22054409980773926,0.5415449738502502,0.5294835567474365,0.09491969645023346,0.9681370854377747,0.5794582366943359,0.5571317076683044,-0.17829257249832153,0.25381991267204285,0.5426287651062012,0.514609158039093,0.1008543074131012,0.942379891872406,0.5749334692955017,0.5543699860572815,-0.18790623545646667,0.261586457490921,0.5358682870864868,0.5116992592811584,0.09627550840377808,0.9362364411354065,0.5691364407539368,0.5551846623420715,-0.15714283287525177,0.25392088294029236,0.5347865223884583,0.5162365436553955,0.10451068729162216,0.9096479415893555,0.5703135132789612,0.6028317213058472,0.12568917870521545,0.9996312856674194,0.5354372262954712,0.6196621060371399,-0.125653937458992,0.999690592288971,0.6942874789237976,0.5738726854324341,-0.0012133556883782148,0.8722499012947083,0.5678977370262146,0.7039916515350342,-0.16792090237140656,0.9912081956863403,0.8479266166687012,0.5655375123023987,0.006065596826374531,0.9630807042121887,0.5284036993980408,0.7945268154144287,-0.07743716239929199,0.9838388562202454,0.8737674951553345,0.5713561177253723,-0.002036923309788108,0.9533038139343262,0.5137635469436646,0.8091503977775574,-0.07147601991891861,0.9529072642326355,0.8904882669448853,0.5349081754684448,-0.10345406830310822,0.9721745848655701,0.573368489742279,0.8150588274002075,-0.18819591403007507,0.9809512495994568
IMG_9583 2,51,1688,good,0.49902310967445374,0.48173788189888,-0.044935163110494614,0.9998964667320251,0.48787084221839905,0.4745301902294159,-0.02607644908130169,0.9998301863670349,0.48633790016174316,0.4745723307132721,-0.026077449321746826,0.9998233914375305,0.4845291078090668,0.47463086247444153,-0.02599802054464817,0.9998475313186646,0.48688173294067383,0.47501686215400696,-0.07590321451425552,0.9998483657836914,0.4848268926143646,0.4752780795097351,-0.07599496841430664,0.9998652935028076,0.4825395345687866,0.4755406081676483,-0.07612112909555435,0.999858558177948,0.46859756112098694,0.4796391427516937,0.07867030054330826,0.99949049949646,0.4664735794067383,0.4807582199573517,-0.1420322209596634,0.9999104738235474,0.49801358580589294,0.48994001746177673,-0.001737878774292767,0.9996827244758606,0.4968460202217102,0.49024009704589844,-0.06571424752473831,0.9997424483299255,0.48576921224594116,0.5222756266593933,0.21850334107875824,0.999748170375824,0.45025333762168884,0.5284909605979919,-0.21529172360897064,0.9999823570251465,0.5354515910148621,0.5690994262695312,0.15061064064502716,0.0957377552986145,0.5155459642410278,0.5773290991783142,-0.14199909567832947,0.9840364456176758,0.576542317867279,0.5645526051521301,-0.11617571860551834,0.21822361648082733,0.5416542887687683,0.5311001539230347,0.08501231670379639,0.9684116244316101,0.5870683789253235,0.5633602142333984,-0.15112842619419098,0.25355759263038635,0.5426766276359558,0.5161734819412231,0.08849483728408813,0.9432926177978516,0.5815801024436951,0.5594621300697327,-0.1702137291431427,0.2612352967262268,0.536022424697876,0.5128505229949951,0.08516080677509308,0.9374780654907227,0.575533390045166,0.5591285824775696,-0.13378766179084778,0.25295886397361755,0.5349339842796326,0.5181012153625488,0.09465702623128891,0.9115445017814636,0.5696037411689758,0.6015924215316772,0.12486094981431961,0.9996270537376404,0.5340082049369812,0.6203042268753052,-0.12479635328054428,0.9997110962867737,0.6928640604019165,0.5793717503547668,0.014139165170490742,0.8838367462158203,0.5664081573486328,0.7039645910263062,-0.1690528690814972,0.9913540482521057,0.846254289150238,0.5719900727272034,0.02734103798866272,0.966590940952301,0.5270859599113464,0.7965290546417236,-0.09143869578838348,0.9846709370613098,0.8739964365959167,0.5803465843200684,0.020411701872944832,0.9575309157371521,0.5100958943367004,0.8107262849807739,-0.08703983575105667,0.9522283673286438,0.8964868187904358,0.5391696691513062,-0.07332154363393784,0.9746083617210388,0.5794695019721985,0.815315842628479,-0.21224674582481384,0.9813175201416016
IMG_9583 2,52,1721,good,0.49907317757606506,0.4818308353424072,-0.04738277569413185,0.9999041557312012,0.4879981279373169,0.4747253358364105,-0.027293052524328232,0.999839186668396,0.4864785075187683,0.47478899359703064,-0.027331577613949776,0.999836802482605,0.4846845865249634,0.4748455584049225,-0.0272767785936594,0.9998553991317749,0.4869125485420227,0.47525298595428467,-0.07920265197753906,0.9998543858528137,0.48492538928985596,0.4755669832229614,-0.07930685579776764,0.9998714923858643,0.4827539622783661,0.47588953375816345,-0.07942819595336914,0.9998610019683838,0.4686480164527893,0.4799037277698517,0.07704589515924454,0.9995251297950745,0.46670785546302795,0.48092642426490784,-0.15449833869934082,0.9999139308929443,0.49805766344070435,0.49004927277565,-0.004243891220539808,0.9996975660324097,0.49688929319381714,0.49028193950653076,-0.07142222672700882,0.999754786491394,0.4856399595737457,0.522425651550293,0.21941247582435608,0.9997663497924805,0.45043519139289856,0.5285325646400452,-0.23457114398479462,0.9999838471412659,0.5347723364830017,0.5700109601020813,0.18343153595924377,0.09002558141946793,0.5166390538215637,0.5774074196815491,-0.1672614961862564,0.9819297790527344,0.5841957926750183,0.5796812176704407,-0.043728042393922806,0.2043127715587616,0.5417156219482422,0.531691312789917,0.03252796456217766,0.9674367308616638,0.6000583171844482,0.5822973847389221,-0.07208914309740067,0.24051962792873383,0.5428690314292908,0.5171756744384766,0.02674037590622902,0.9434424042701721,0.5950360894203186,0.5787345170974731,-0.10201296210289001,0.24802471697330475,0.5361561179161072,0.5136870741844177,0.026371387764811516,0.9380334615707397,0.5872570276260376,0.5769311785697937,-0.06521207094192505,0.24066516757011414,0.5350406765937805,0.519054651260376,0.04189949110150337,0.9119240045547485,0.5687174201011658,0.6030282378196716,0.12613514065742493,0.9996173977851868,0.533093273639679,0.6209542751312256,-0.12608297169208527,0.9997245073318481,0.6986156702041626,0.5901899337768555,0.019493890926241875,0.8932506442070007,0.565199077129364,0.7048059105873108,-0.1745394766330719,0.9911433458328247,0.8540821075439453,0.5869520306587219,0.028601529076695442,0.9695925116539001,0.52421635389328,0.795673131942749,-0.08273744583129883,0.9852927327156067,0.879009485244751,0.597396969795227,0.021127866581082344,0.9609369039535522,0.5067129135131836,0.8113577365875244,-0.07700798660516739,0.9510433077812195,0.9004830718040466,0.5582534670829773,-0.07319491356611252,0.9765959978103638,0.572691023349762,0.8154534697532654,-0.19369710981845856,0.9814786314964294
IMG_9583 2,53,1754,good,0.49857521057128906,0.4817303419113159,-0.03375425934791565,0.999910831451416,0.48734939098358154,0.47460123896598816,-0.013673949055373669,0.9998480081558228,0.48575302958488464,0.4746558666229248,-0.013736498542129993,0.9998487234115601,0.48384013772010803,0.4747050702571869,-0.013684168457984924,0.9998636245727539,0.48651689291000366,0.47510892152786255,-0.06971694529056549,0.9998603463172913,0.48467281460762024,0.4753994941711426,-0.06982361525297165,0.9998771548271179,0.48262226581573486,0.4756958782672882,-0.06994332373142242,0.9998646974563599,0.4673992991447449,0.47967982292175293,0.08784785121679306,0.9995564222335815,0.46677759289741516,0.4806895852088928,-0.1458875983953476,0.9999163746833801,0.4975534975528717,0.4899313449859619,0.009253386408090591,0.9997105002403259,0.49672722816467285,0.49015316367149353,-0.06358115375041962,0.9997645616531372,0.4798848032951355,0.5223727822303772,0.22309066355228424,0.9997832179069519,0.45147985219955444,0.5279079675674438,-0.23171411454677582,0.9999850988388062,0.5274370908737183,0.5727958083152771,0.1883510798215866,0.08486594259738922,0.517426073551178,0.5771109461784363,-0.16660290956497192,0.9805541634559631,0.5802479982376099,0.5825682878494263,-0.05123990774154663,0.18972072005271912,0.5417895317077637,0.5319506525993347,0.05221954733133316,0.9649259448051453,0.5958918333053589,0.5844002366065979,-0.08065018802881241,0.22572124004364014,0.5429437160491943,0.5171623229980469,0.051514849066734314,0.9410809874534607,0.5910415053367615,0.5805262327194214,-0.10435444116592407,0.2329612821340561,0.5360019207000732,0.5139461159706116,0.051270827651023865,0.9357715845108032,0.5831584334373474,0.579246997833252,-0.07081026583909988,0.22649820148944855,0.5348544120788574,0.5190858244895935,0.06256125867366791,0.9081103801727295,0.566297173500061,0.6040749549865723,0.12829405069351196,0.9996237754821777,0.5323955416679382,0.6215423345565796,-0.12826573848724365,0.9997367262840271,0.6989277005195618,0.5989251732826233,0.007121419999748468,0.899868905544281,0.5644351840019226,0.7033941149711609,-0.17619283497333527,0.9905609488487244,0.8542514443397522,0.6042925119400024,-0.004964333958923817,0.972169816493988,0.5226502418518066,0.7959963083267212,-0.09117156267166138,0.9857028126716614,0.8828548192977905,0.6190627813339233,-0.013806947506964207,0.9635890126228333,0.5033856630325317,0.8120812773704529,-0.08600974828004837,0.9484672546386719,0.9028713703155518,0.5813421607017517,-0.10442913323640823,0.9782704710960388,0.5735214948654175,0.8165540099143982,-0.1911538690328598,0.9814496636390686
IMG_9583 2,54,1787,good,0.4975557029247284,0.48191726207733154,-0.005878970958292484,0.9999108910560608,0.48630422353744507,0.4745666980743408,0.013296873308718204,0.9998501539230347,0.4845642149448395,0.4746019244194031,0.013239738531410694,0.9998509883880615,0.4824962615966797,0.47464144229888916,0.013267666101455688,0.9998667240142822,0.4858376383781433,0.47507837414741516,-0.04019196331501007,0.9998598098754883,0.4841368496417999,0.4753479063510895,-0.04029754921793938,0.999873161315918,0.4822308123111725,0.47561898827552795,-0.04040739685297012,0.9998645186424255,0.466007262468338,0.4795489013195038,0.10436061024665833,0.9995656609535217,0.46679747104644775,0.48059284687042236,-0.13029208779335022,0.999912440776825,0.49625352025032043,0.489867627620697,0.03333904966711998,0.9997073411941528,0.495986670255661,0.4900728464126587,-0.035684678703546524,0.999763548374176,0.47188857197761536,0.5223040580749512,0.23256433010101318,0.999783456325531,0.4527778923511505,0.5272076725959778,-0.2298009991645813,0.9999852776527405,0.5169376730918884,0.5755347013473511,0.2079809457063675,0.07985816150903702,0.5172911286354065,0.5769708752632141,-0.18453559279441833,0.9792972803115845,0.578454315662384,0.5895870327949524,-0.0011770561104640365,0.1761949360370636,0.5418071150779724,0.5319386124610901,0.02261168882250786,0.9617375135421753,0.5923657417297363,0.5918313264846802,-0.02752978727221489,0.21225427091121674,0.5429970622062683,0.5172118544578552,0.019055837765336037,0.9380970597267151,0.5880547165870667,0.5879290103912354,-0.053488824516534805,0.21904776990413666,0.5358825922012329,0.5138730406761169,0.022024167701601982,0.932854950428009,0.5800555348396301,0.5866068005561829,-0.021915901452302933,0.2142050862312317,0.5346994400024414,0.5188884139060974,0.03353581577539444,0.9029051661491394,0.5633068084716797,0.60686856508255,0.13401135802268982,0.9995927214622498,0.5320011377334595,0.6211498379707336,-0.1338862180709839,0.9997169971466064,0.6851562857627869,0.6363528966903687,0.03678174316883087,0.9000970125198364,0.5637149214744568,0.6999822854995728,-0.17090408504009247,0.9900786280632019,0.7881714701652527,0.677202045917511,0.048036132007837296,0.9729152917861938,0.5240353941917419,0.7917326092720032,-0.10191170871257782,0.9861319661140442,0.7818270921707153,0.6913780570030212,0.0428435243666172,0.9631909132003784,0.514504611492157,0.8010460138320923,-0.09846652299165726,0.9473336338996887,0.895184338092804,0.6690642833709717,-0.022815190255641937,0.9783016443252563,0.5738710165023804,0.8061085939407349,-0.18546678125858307,0.9815444946289062
IMG_9583 2,55,1821,good,0.4975726008415222,0.48188385367393494,-0.010024787858128548,0.9999175667762756,0.48641955852508545,0.4745073616504669,0.007082573138177395,0.9998624324798584,0.48469239473342896,0.47452545166015625,0.007049233186990023,0.9998630881309509,0.48263019323349,0.4745582342147827,0.007119748741388321,0.9998777508735657,0.48590075969696045,0.4750418961048126,-0.0462958998978138,0.9998711943626404,0.48416420817375183,0.4752732217311859,-0.046401359140872955,0.9998831748962402,0.482246071100235,0.4755301773548126,-0.046437907963991165,0.9998757839202881,0.46562331914901733,0.47884297370910645,0.09446753561496735,0.9996035099029541,0.4668378531932831,0.4798341691493988,-0.1383412778377533,0.9999194741249084,0.4962339699268341,0.4896615147590637,0.027753038331866264,0.9997321367263794,0.4959702789783478,0.4899211525917053,-0.0409395694732666,0.9997842907905579,0.4657086133956909,0.5220560431480408,0.2263769805431366,0.9997931122779846,0.4531216323375702,0.5256497263908386,-0.23887592554092407,0.9999861121177673,0.5084869265556335,0.5753757357597351,0.20208562910556793,0.07859098166227341,0.5165683031082153,0.5767691731452942,-0.21323451399803162,0.9807236790657043,0.5633760094642639,0.5878729224205017,-0.014636251144111156,0.17322571575641632,0.5418339967727661,0.531660258769989,-0.017070239409804344,0.9631382822990417,0.5880177617073059,0.5918137431144714,-0.042755983769893646,0.21122923493385315,0.5430769920349121,0.5170271992683411,-0.023617228493094444,0.9400418400764465,0.5834898352622986,0.5869393348693848,-0.06697750836610794,0.21811680495738983,0.5358728766441345,0.5136556625366211,-0.02069855108857155,0.9350029230117798,0.5791860222816467,0.5827847123146057,-0.03503992035984993,0.21422752737998962,0.5346888899803162,0.518677294254303,-0.006486956495791674,0.9057276844978333,0.5510584712028503,0.6117212772369385,0.14197172224521637,0.9996080994606018,0.5328918695449829,0.6192865967750549,-0.1416778564453125,0.9997285604476929,0.6433218717575073,0.675402045249939,0.050839126110076904,0.907280445098877,0.6287204027175903,0.6581032872200012,-0.16576944291591644,0.9909113049507141,0.653132975101471,0.7469910979270935,0.04189136251807213,0.9749765992164612,0.6333106756210327,0.7414155602455139,-0.11196476221084595,0.9874114990234375,0.644300639629364,0.7629347443580627,0.03450494632124901,0.9657533764839172,0.6244843006134033,0.7603024244308472,-0.11141756176948547,0.9520016312599182,0.7084527015686035,0.7481050491333008,-0.03339415788650513,0.9796719551086426,0.6819313168525696,0.7442004084587097,-0.18966074287891388,0.9831445813179016
IMG_9583 2,56,1854,good,0.49769675731658936,0.48176273703575134,-0.011465962044894695,0.9999175071716309,0.48689186573028564,0.4742526710033417,0.005727697629481554,0.9998648762702942,0.4851738214492798,0.4742279648780823,0.005766676738858223,0.9998652338981628,0.48306211829185486,0.47421973943710327,0.005894888192415237,0.9998788237571716,0.48623064160346985,0.47479453682899475,-0.04643523693084717,0.9998719692230225,0.48443174362182617,0.4750001132488251,-0.046508584171533585,0.999882698059082,0.48246511816978455,0.47521522641181946,-0.046522438526153564,0.9998794198036194,0.4657617509365082,0.4778997004032135,0.08760812133550644,0.9996171593666077,0.46698588132858276,0.47889530658721924,-0.1393001526594162,0.999918520450592,0.49640175700187683,0.4891587793827057,0.026042280718684196,0.9997470378875732,0.496070921421051,0.4895656406879425,-0.04117593541741371,0.9997981190681458,0.464647114276886,0.5210359692573547,0.21657489240169525,0.9997764229774475,0.45326167345046997,0.5229240655899048,-0.23769277334213257,0.999986469745636,0.5063140392303467,0.5750851631164551,0.16695049405097961,0.07419133931398392,0.5150648355484009,0.5762986540794373,-0.2115122526884079,0.9821255803108215,0.5607044100761414,0.583967387676239,-0.08215708285570145,0.16530700027942657,0.5418190956115723,0.5310469269752502,-0.007594453636556864,0.9642879962921143,0.5868762135505676,0.5820871591567993,-0.11186783015727997,0.20323053002357483,0.5431272387504578,0.5157203078269958,-0.01036132127046585,0.9408544301986694,0.5829426050186157,0.5798170566558838,-0.13074544072151184,0.20996539294719696,0.5357466340065002,0.5130459666252136,-0.0056093549355864525,0.9356379508972168,0.5744920969009399,0.5795525312423706,-0.10151147842407227,0.20774494111537933,0.5345055460929871,0.5180760622024536,0.004738164134323597,0.9069972634315491,0.5365578532218933,0.6166393756866455,0.14352621138095856,0.9995324611663818,0.5373860597610474,0.6158842444419861,-0.14316703379154205,0.9996974468231201,0.5601053833961487,0.7020127177238464,0.08103621006011963,0.9018144607543945,0.6901322603225708,0.6250976920127869,-0.07074738293886185,0.9904081225395203,0.5262112021446228,0.7930217385292053,0.043602105230093,0.9737358689308167,0.8158683180809021,0.6794168949127197,-0.038150180131196976,0.9878300428390503,0.5107291340827942,0.807555079460144,0.036040790379047394,0.9668604731559753,0.8342732787132263,0.7009842395782471,-0.03930817171931267,0.9555785655975342,0.5828365683555603,0.8125483989715576,-0.025999641045928,0.977046549320221,0.8945222496986389,0.6643996238708496,-0.09455052763223648,0.9829978346824646
IMG_9583 2,57,1887,good,0.4985405206680298,0.47977951169013977,-0.013014223426580429,0.9999195337295532,0.48868051171302795,0.472351610660553,0.004569175187498331,0.9998704195022583,0.4870000183582306,0.4723548889160156,0.004592695273458958,0.9998695254325867,0.4849008023738861,0.4723612368106842,0.0047052158042788506,0.9998828768730164,0.4880353510379791,0.47260960936546326,-0.04728299006819725,0.999876081943512,0.4862864315509796,0.4726977050304413,-0.04735706001520157,0.9998850226402283,0.48434334993362427,0.47281065583229065,-0.04739021509885788,0.999885082244873,0.46615463495254517,0.47593483328819275,0.08774532377719879,0.9996348023414612,0.4684585928916931,0.4764738082885742,-0.13822230696678162,0.9999185800552368,0.496830016374588,0.4869612753391266,0.025576433166861534,0.9997625946998596,0.4964691698551178,0.48744335770606995,-0.04157513380050659,0.9998118281364441,0.46376165747642517,0.5190595388412476,0.2164914757013321,0.9997772574424744,0.45346346497535706,0.5201960206031799,-0.23462018370628357,0.9999869465827942,0.5066930651664734,0.5747589468955994,0.1813143938779831,0.07150958478450775,0.5128201842308044,0.5757129788398743,-0.2042192816734314,0.9829154014587402,0.5609790086746216,0.5817759037017822,-0.034395623952150345,0.16045022010803223,0.541840136051178,0.5292674899101257,-0.005429559852927923,0.9652010798454285,0.5781639218330383,0.5831261873245239,-0.06049482524394989,0.19797344505786896,0.5431457757949829,0.5133058428764343,-0.009087847545742989,0.9415632486343384,0.5694403648376465,0.5782561898231506,-0.0806206688284874,0.20450091361999512,0.5357698202133179,0.5117724537849426,-0.004957137629389763,0.9362896084785461,0.5740370750427246,0.577332615852356,-0.05312540754675865,0.20376601815223694,0.5345320701599121,0.5167707204818726,0.006158625707030296,0.9080204963684082,0.5254296064376831,0.6198341846466064,0.1434386968612671,0.9994828701019287,0.5412432551383972,0.6138612627983093,-0.14310111105442047,0.999686598777771,0.5505407452583313,0.7029687762260437,0.11794610321521759,0.8968319892883301,0.6824544072151184,0.622830867767334,-0.10923455655574799,0.9893847703933716,0.519799530506134,0.793793261051178,0.10414328426122665,0.9723305702209473,0.7941868305206299,0.6922340989112854,-0.10636479407548904,0.9880604147911072,0.5050002336502075,0.8088957667350769,0.09837201982736588,0.9670499563217163,0.7960361838340759,0.7117528915405273,-0.10729441791772842,0.9583103060722351,0.5749596953392029,0.812986433506012,0.03433750569820404,0.9740307331085205,0.8766618967056274,0.6984222531318665,-0.1662806123495102,0.9830018877983093
IMG_9583 2,58,1920,good,0.5009309649467468,0.47781234979629517,-0.013777850195765495,0.9999119639396667,0.4913853406906128,0.47036781907081604,0.003894760040566325,0.9998626112937927,0.4896429479122162,0.47045591473579407,0.0039044530130922794,0.9998579621315002,0.48751571774482727,0.47054213285446167,0.0040042344480752945,0.9998737573623657,0.49088191986083984,0.47051966190338135,-0.04768504947423935,0.9998688101768494,0.4891037046909332,0.4706423580646515,-0.04776880517601967,0.9998758435249329,0.48707833886146545,0.47080978751182556,-0.047812070697546005,0.9998819231987,0.46773654222488403,0.47434180974960327,0.08825808018445969,0.9996264576911926,0.46990907192230225,0.47493675351142883,-0.13887108862400055,0.9999100565910339,0.4982767105102539,0.48540475964546204,0.025224821642041206,0.9997592568397522,0.4978577196598053,0.48556971549987793,-0.04214164987206459,0.9998125433921814,0.46441102027893066,0.5171709060668945,0.21810908615589142,0.9997698664665222,0.45349955558776855,0.5181445479393005,-0.23573951423168182,0.999986469745636,0.5074829459190369,0.5742584466934204,0.20238474011421204,0.06849668174982071,0.5084964036941528,0.5755326151847839,-0.21598035097122192,0.9835289716720581,0.5592668652534485,0.58095383644104,-0.014736231416463852,0.1561804562807083,0.5418554544448853,0.5284214615821838,-0.026419775560498238,0.9658490419387817,0.5766305923461914,0.5822725892066956,-0.040947578847408295,0.19397571682929993,0.5433819890022278,0.5126238465309143,-0.033290255814790726,0.9421510100364685,0.5595516562461853,0.5775306224822998,-0.06087150424718857,0.20019853115081787,0.5359519124031067,0.511273205280304,-0.028152773156762123,0.9368619918823242,0.5692212581634521,0.5765277743339539,-0.03310436010360718,0.20034854114055634,0.5345937609672546,0.5156925916671753,-0.0149344801902771,0.90875643491745,0.5200028419494629,0.6206443905830383,0.14623962342739105,0.9994255900382996,0.540120542049408,0.6133502125740051,-0.1460205465555191,0.999625027179718,0.54530268907547,0.7053921222686768,0.11655160039663315,0.8893967866897583,0.6782720685005188,0.6243919134140015,-0.11684424430131912,0.986887514591217,0.5185878276824951,0.7941672801971436,0.09910736978054047,0.9681808352470398,0.7608094215393066,0.7027130126953125,-0.039768531918525696,0.9867716431617737,0.5015929341316223,0.8080599904060364,0.09239517152309418,0.9656299352645874,0.7557761073112488,0.7246690988540649,-0.03220188245177269,0.9589722156524658,0.5787217020988464,0.8119640350341797,0.02671438828110695,0.9671990275382996,0.8280194401741028,0.7186345458030701,-0.0692608579993248,0.9804661870002747
IMG_9583 2,59,1953,good,0.502936601638794,0.4755917191505432,-0.023986341431736946,0.9999112486839294,0.4938511550426483,0.46823057532310486,-0.007361237891018391,0.9998644590377808,0.49213194847106934,0.4682893753051758,-0.00730248773470521,0.9998583793640137,0.4899587035179138,0.4683319926261902,-0.007175605744123459,0.9998742341995239,0.4930712580680847,0.4682924151420593,-0.057467021048069,0.999871551990509,0.4911264479160309,0.46836695075035095,-0.05753415822982788,0.9998771548271179,0.48887911438941956,0.4684831500053406,-0.05758554860949516,0.9998847842216492,0.4698403775691986,0.4718489944934845,0.0785771906375885,0.9996436238288879,0.4715999662876129,0.4725876748561859,-0.14494040608406067,0.9999107122421265,0.499834805727005,0.48320919275283813,0.013729888945817947,0.9997668266296387,0.4990057349205017,0.48338231444358826,-0.051183197647333145,0.9998196959495544,0.4652951955795288,0.5148990750312805,0.21891842782497406,0.9997776746749878,0.4538360834121704,0.5165672302246094,-0.23847989737987518,0.9999861717224121,0.508608341217041,0.5719662308692932,0.19842243194580078,0.06680668890476227,0.5064650177955627,0.5753217339515686,-0.21233856678009033,0.9841926097869873,0.5594984889030457,0.5767044425010681,-0.031461477279663086,0.15642152726650238,0.5418703556060791,0.5279467701911926,-0.010408947244286537,0.9663149118423462,0.5767049193382263,0.5759092569351196,-0.06055828556418419,0.19429348409175873,0.5434496402740479,0.5119422078132629,-0.015494356863200665,0.9422234296798706,0.5661293864250183,0.5709870457649231,-0.08000721782445908,0.20028668642044067,0.5359713435173035,0.5106489658355713,-0.01665547303855419,0.9368874430656433,0.5691899061203003,0.5716784596443176,-0.05011918395757675,0.20089185237884521,0.5346109867095947,0.5147269368171692,8.561995628042496e-07,0.9088456034660339,0.517032265663147,0.6201804876327515,0.1470157653093338,0.9994550943374634,0.5396736264228821,0.6134974956512451,-0.14686614274978638,0.9996153712272644,0.5408228635787964,0.7046051621437073,0.10388027131557465,0.8885863423347473,0.6744055151939392,0.6290628910064697,-0.07405310124158859,0.9852966666221619,0.5199800729751587,0.7943177819252014,0.09178895503282547,0.9658955335617065,0.718803882598877,0.711357057094574,0.06736987829208374,0.9847926497459412,0.505122184753418,0.807379424571991,0.08974610269069672,0.9650920033454895,0.7033283114433289,0.729530930519104,0.08063814043998718,0.958133339881897,0.5751442313194275,0.8125826716423035,0.010548249818384647,0.9635835886001587,0.7791507840156555,0.7241824865341187,0.06502536684274673,0.9778782725334167
IMG_9583 2,60,1986,good,0.5057211518287659,0.4744046926498413,-0.039692845195531845,0.9999114871025085,0.4970940053462982,0.4665110409259796,-0.023831019178032875,0.9998664259910583,0.4955068528652191,0.4664711654186249,-0.02376795932650566,0.9998596906661987,0.4935007095336914,0.4664178490638733,-0.023648709058761597,0.9998750686645508,0.4957607090473175,0.4667278528213501,-0.07241623848676682,0.9998748302459717,0.4934343695640564,0.46682965755462646,-0.07248110324144363,0.9998794794082642,0.49079278111457825,0.4669325649738312,-0.07253151386976242,0.9998874068260193,0.4734625816345215,0.46951404213905334,0.06452936679124832,0.9996621608734131,0.47292354702949524,0.4705258011817932,-0.15340213477611542,0.9999131560325623,0.5027187466621399,0.481991171836853,-0.0018160301260650158,0.99977707862854,0.5009763240814209,0.482109397649765,-0.06458234786987305,0.9998283982276917,0.46732214093208313,0.5131258368492126,0.2098686844110489,0.9997900128364563,0.4538392722606659,0.5148934125900269,-0.24238888919353485,0.9999862313270569,0.5086721777915955,0.5699069499969482,0.16950665414333344,0.06642632931470871,0.5039021968841553,0.5745421051979065,-0.20887385308742523,0.9849300384521484,0.5597074627876282,0.5724881291389465,-0.08110661804676056,0.160111203789711,0.5413898229598999,0.5279404520988464,0.0010098619386553764,0.9668675661087036,0.5767416954040527,0.5703505873680115,-0.10951758176088333,0.19811241328716278,0.5434259176254272,0.5119714140892029,0.002427128842100501,0.9425719976425171,0.5686401724815369,0.565354585647583,-0.12635837495326996,0.20398929715156555,0.535987377166748,0.5103545188903809,0.00784723088145256,0.9373907446861267,0.5687445998191833,0.5667080283164978,-0.09836303442716599,0.2048138529062271,0.5345464944839478,0.5142173171043396,0.014337277039885521,0.9096490144729614,0.5154925584793091,0.6199901103973389,0.14680413901805878,0.9994988441467285,0.5368808507919312,0.6138973832130432,-0.1466369479894638,0.9996244311332703,0.5378714203834534,0.7054654955863953,0.09635411947965622,0.8942158818244934,0.6698551774024963,0.6330276131629944,-0.05855947732925415,0.9851652383804321,0.51587975025177,0.7949651479721069,0.06968563795089722,0.9663524627685547,0.709854006767273,0.7112537622451782,0.1233692467212677,0.9827396869659424,0.5016292333602905,0.8087823390960693,0.06237788870930672,0.9659520387649536,0.6632524728775024,0.7237354516983032,0.14189034700393677,0.956550121307373,0.5774001479148865,0.8126616477966309,-0.009448903612792492,0.9633998870849609,0.7522861957550049,0.7285652756690979,0.1460978239774704,0.9759040474891663
IMG_9583 2,61,2019,good,0.5081671476364136,0.47344496846199036,-0.042922548949718475,0.9999080896377563,0.49997931718826294,0.4655565321445465,-0.02613445371389389,0.9998649954795837,0.4986132085323334,0.4654218554496765,-0.0260773878544569,0.99985671043396,0.4968775510787964,0.4652652442455292,-0.025955459102988243,0.9998726844787598,0.49790892004966736,0.46593353152275085,-0.07390492409467697,0.999876081943512,0.4952545762062073,0.4660286009311676,-0.07398015260696411,0.999879002571106,0.4922857880592346,0.4660967290401459,-0.07405232638120651,0.9998880624771118,0.47753334045410156,0.46812087297439575,0.06592516601085663,0.9996742010116577,0.4743427336215973,0.4694131910800934,-0.15042275190353394,0.9999144077301025,0.5053486227989197,0.48071831464767456,-0.003754476783797145,0.9997822642326355,0.5027276873588562,0.4809149503707886,-0.06531663239002228,0.9998328685760498,0.47307273745536804,0.5116941928863525,0.2105417549610138,0.999798059463501,0.45383647084236145,0.5133989453315735,-0.24088546633720398,0.9999860525131226,0.5096182823181152,0.5685201287269592,0.1626940220594406,0.06662014126777649,0.501116156578064,0.5727340579032898,-0.20971548557281494,0.9857672452926636,0.5599890351295471,0.5734933018684387,-0.09820692986249924,0.16018779575824738,0.5413991808891296,0.5276321768760681,-0.00953666027635336,0.9674350023269653,0.5770942568778992,0.5722507834434509,-0.1279938668012619,0.1984577775001526,0.5439423322677612,0.511990487575531,-0.013231738470494747,0.943020224571228,0.5712406039237976,0.5676690936088562,-0.1491166055202484,0.20411886274814606,0.5364941954612732,0.509809672832489,-0.005229370668530464,0.9379885196685791,0.5687133073806763,0.5687631964683533,-0.11703772097826004,0.20542636513710022,0.5348681211471558,0.5136432647705078,0.003648811485618353,0.9103357195854187,0.5190672278404236,0.6196615099906921,0.14669819176197052,0.9995367527008057,0.5283747315406799,0.6140522360801697,-0.14655454456806183,0.9996286630630493,0.5346878170967102,0.7066851258277893,0.09233605116605759,0.8985403180122375,0.6650424599647522,0.6378980875015259,-0.07168153673410416,0.9847714900970459,0.5133925676345825,0.795311689376831,0.056289639323949814,0.9652612209320068,0.6431257128715515,0.7153460383415222,0.13440409302711487,0.976598858833313,0.5001116394996643,0.8086215257644653,0.0473746694624424,0.9654107093811035,0.6181710362434387,0.7284776568412781,0.15579304099082947,0.9503772854804993,0.5762218832969666,0.8122225999832153,-0.02524567022919655,0.961850643157959,0.6862332224845886,0.7291983962059021,0.1660321056842804,0.9705091118812561
IMG_9583 2,62,2052,good,0.5107205510139465,0.47221189737319946,-0.04128545895218849,0.9999121427536011,0.5027396082878113,0.46393704414367676,-0.024068813771009445,0.9998722076416016,0.5014201998710632,0.4637075364589691,-0.02403593808412552,0.9998637437820435,0.4997643828392029,0.4634546637535095,-0.02391856163740158,0.999879002571106,0.500304102897644,0.4644686281681061,-0.07131683826446533,0.9998834133148193,0.497445285320282,0.46454834938049316,-0.07138539850711823,0.9998857378959656,0.4942781329154968,0.46455705165863037,-0.07144758105278015,0.9998945593833923,0.48121851682662964,0.46607425808906555,0.06814315915107727,0.9996981024742126,0.4769365191459656,0.4673748314380646,-0.13493897020816803,0.9999203085899353,0.5076767802238464,0.4793916344642639,-0.002125402679666877,0.9997963309288025,0.5046595931053162,0.47975125908851624,-0.06098347529768944,0.999843955039978,0.47705116868019104,0.5103388428688049,0.2145368456840515,0.9998115301132202,0.45404404401779175,0.5113718509674072,-0.23189833760261536,0.9999865889549255,0.5141169428825378,0.5674434304237366,0.16509708762168884,0.06960587203502655,0.4993112087249756,0.5702871680259705,-0.20809891819953918,0.9867662787437439,0.5610979199409485,0.5735775828361511,-0.09081584215164185,0.1684209257364273,0.5414073467254639,0.5270862579345703,-0.004324976820498705,0.9687851667404175,0.5777685046195984,0.5726778507232666,-0.11999281495809555,0.2059011161327362,0.5448005795478821,0.5119478702545166,-0.007345456164330244,0.9445850849151611,0.5733696222305298,0.5680307149887085,-0.1395198106765747,0.2109224796295166,0.5378041863441467,0.5087375044822693,-0.0025484799407422543,0.9396262168884277,0.5687710046768188,0.5688433647155762,-0.10886620730161667,0.21246619522571564,0.5359563231468201,0.512541651725769,0.008192394860088825,0.9127405881881714,0.5164004564285278,0.6193305253982544,0.14646440744400024,0.999576985836029,0.5223636627197266,0.6142823100090027,-0.1463245451450348,0.9996474385261536,0.5290360450744629,0.7083961367607117,0.10548508912324905,0.9015143513679504,0.6601215600967407,0.6395593881607056,-0.08202428370714188,0.9852237105369568,0.5163760781288147,0.7966804504394531,0.08525307476520538,0.9646012187004089,0.5999554991722107,0.7159259915351868,0.1268831044435501,0.973558247089386,0.4978000223636627,0.8096552491188049,0.07782196998596191,0.9650816321372986,0.5742545127868652,0.7286967635154724,0.14934226870536804,0.9473398923873901,0.5740631222724915,0.8127753138542175,0.01597285456955433,0.960872232913971,0.6414484977722168,0.7367827892303467,0.16877852380275726,0.9680537581443787
IMG_9583 2,63,2085,good,0.5146085023880005,0.4718693792819977,-0.0392642542719841,0.999916672706604,0.5071877241134644,0.4633334279060364,-0.022118618711829185,0.9998789429664612,0.5060315728187561,0.4630882441997528,-0.022081289440393448,0.9998706579208374,0.5045138597488403,0.46279245615005493,-0.02197035774588585,0.9998849034309387,0.5042380690574646,0.4638891816139221,-0.06949476152658463,0.9998902678489685,0.5011346340179443,0.4639911949634552,-0.06956315785646439,0.9998924732208252,0.49774032831192017,0.46400579810142517,-0.06962840259075165,0.9999008178710938,0.48482394218444824,0.4653758406639099,0.07080172002315521,0.999719500541687,0.47934919595718384,0.46698197722435,-0.13420166075229645,0.9999258518218994,0.5113526582717896,0.4793632924556732,0.00017972961359191686,0.9998087882995605,0.5077865123748779,0.4796502888202667,-0.05978589877486229,0.9998542666435242,0.47888651490211487,0.5094941854476929,0.2147563099861145,0.9998245239257812,0.4552600085735321,0.5102916955947876,-0.22969123721122742,0.9999871850013733,0.5143114328384399,0.5675655007362366,0.15930038690567017,0.07230161875486374,0.49846920371055603,0.5695011615753174,-0.2098206728696823,0.9876448512077332,0.5615338683128357,0.5738372802734375,-0.11308715492486954,0.17723466455936432,0.5415574908256531,0.5269194841384888,-0.019836915656924248,0.9700732231140137,0.5780349373817444,0.5731690526008606,-0.14356353878974915,0.214772030711174,0.5464118123054504,0.5119845867156982,-0.023766372352838516,0.9463199973106384,0.574600875377655,0.5684511661529541,-0.16212259232997894,0.21911533176898956,0.539803683757782,0.5085567831993103,-0.014713515527546406,0.9414806365966797,0.568763256072998,0.5692797899246216,-0.1310543417930603,0.2203109711408615,0.5376908779144287,0.5120850801467896,-0.006242289673537016,0.915389895439148,0.5163794159889221,0.6190595030784607,0.1465683877468109,0.99961256980896,0.520123302936554,0.6144455671310425,-0.14647214114665985,0.9996639490127563,0.526265561580658,0.7103387713432312,0.13133956491947174,0.904283881187439,0.6591796278953552,0.644807755947113,-0.0982663631439209,0.9863285422325134,0.5202176570892334,0.7959631681442261,0.13119743764400482,0.9648342132568359,0.5848572850227356,0.7182857990264893,0.09892120957374573,0.9739482998847961,0.4996851682662964,0.810743510723114,0.1250046342611313,0.9649761319160461,0.5589219927787781,0.728307843208313,0.12109475582838058,0.9480448365211487,0.5757712125778198,0.8127739429473877,0.06865207850933075,0.9610454440116882,0.6199381351470947,0.7464280724525452,0.1457785665988922,0.9686694741249084
IMG_9583 2,64,2119,good,0.5176283121109009,0.4718189835548401,-0.043475192040205,0.9999182224273682,0.510890543460846,0.4630517065525055,-0.02708614058792591,0.9998803734779358,0.509849488735199,0.4627714157104492,-0.027045398950576782,0.9998723864555359,0.5084172487258911,0.4624284505844116,-0.026959508657455444,0.9998859763145447,0.5075780749320984,0.46359923481941223,-0.07441513240337372,0.99989253282547,0.5043622851371765,0.46366116404533386,-0.07443494349718094,0.999894380569458,0.5008520483970642,0.46361276507377625,-0.07449102401733398,0.9999023675918579,0.4884895086288452,0.46469488739967346,0.06860209256410599,0.9997302889823914,0.48237308859825134,0.46637600660324097,-0.13887536525726318,0.9999289512634277,0.5141956210136414,0.4793335795402527,-0.0025667487643659115,0.9998173117637634,0.5105094909667969,0.4796482026576996,-0.06306315958499908,0.9998611807823181,0.48039692640304565,0.5086665749549866,0.21554060280323029,0.9998292922973633,0.45671525597572327,0.5092086791992188,-0.23039039969444275,0.9999867677688599,0.5160488486289978,0.5676015615463257,0.13065358996391296,0.07685410231351852,0.49625012278556824,0.5692129135131836,-0.21716180443763733,0.9883068203926086,0.5604982972145081,0.565811038017273,-0.1696454882621765,0.1952701359987259,0.5416760444641113,0.5268071293830872,-0.03549472987651825,0.9710338711738586,0.5737168192863464,0.5626689195632935,-0.20381343364715576,0.23291751742362976,0.5474228262901306,0.5119951963424683,-0.0385606624186039,0.9475207328796387,0.5720046162605286,0.5558254718780518,-0.2132197469472885,0.23665374517440796,0.5414332747459412,0.5083544254302979,-0.03071652539074421,0.9426705837249756,0.5652670860290527,0.5575135946273804,-0.18455778062343597,0.23640373349189758,0.5391234755516052,0.5116777420043945,-0.022312428802251816,0.9168959856033325,0.516789436340332,0.6189109683036804,0.1465245932340622,0.9996119141578674,0.5175976753234863,0.6150628328323364,-0.14642274379730225,0.9996015429496765,0.5301966071128845,0.7100169062614441,0.13473236560821533,0.9016628861427307,0.6458197832107544,0.6556020379066467,-0.11807335168123245,0.9872379302978516,0.5175536274909973,0.7992798686027527,0.12496336549520493,0.9615724086761475,0.557017982006073,0.7184457182884216,0.09830599278211594,0.9710288643836975,0.49492934346199036,0.8125415444374084,0.11787887662649155,0.9613531827926636,0.5236191749572754,0.7289915084838867,0.12274586409330368,0.9453026056289673,0.5731121301651001,0.8116014003753662,0.06268176436424255,0.9584329724311829,0.5885729789733887,0.7545002102851868,0.146873340010643,0.9661770462989807
IMG_9583 2,65,2152,good,0.5195703506469727,0.4714568257331848,-0.04203563183546066,0.9999178051948547,0.5128046870231628,0.4626200199127197,-0.02539266273379326,0.9998794198036194,0.5118483304977417,0.4623073637485504,-0.025358960032463074,0.9998718500137329,0.5105270743370056,0.46193861961364746,-0.025266794487833977,0.9998849630355835,0.5093856453895569,0.4632042944431305,-0.07289391756057739,0.9998922348022461,0.5061311721801758,0.463234007358551,-0.07293214648962021,0.9998942613601685,0.5025895833969116,0.46313294768333435,-0.0729900375008583,0.9999016523361206,0.4912782311439514,0.4640699028968811,0.07635881006717682,0.9997333288192749,0.4844690263271332,0.46560055017471313,-0.13493987917900085,0.9999312162399292,0.516093373298645,0.478913813829422,-0.0002393428876530379,0.9998217225074768,0.51236891746521,0.4792216420173645,-0.061214059591293335,0.9998658299446106,0.4837743639945984,0.508574366569519,0.23075662553310394,0.9998300671577454,0.4574693441390991,0.5086085200309753,-0.22184574604034424,0.9999862909317017,0.5178104639053345,0.5676937699317932,0.13805903494358063,0.08102890104055405,0.4919958710670471,0.5693349838256836,-0.1958567500114441,0.9887961149215698,0.5551388263702393,0.5530742406845093,-0.17451858520507812,0.21179883182048798,0.5416372418403625,0.5268386006355286,-0.012577542103827,0.9715131521224976,0.5670986771583557,0.5507673025131226,-0.21247535943984985,0.24999183416366577,0.5477038621902466,0.5124260187149048,-0.009492157958447933,0.9479466080665588,0.5568341016769409,0.5341607332229614,-0.2196558564901352,0.2536119818687439,0.5419666767120361,0.5083664655685425,-0.010803074575960636,0.9430209994316101,0.5534477233886719,0.5356485247612,-0.18937170505523682,0.2524189054965973,0.539521336555481,0.5116997361183167,-0.001851159380748868,0.9173870086669922,0.5169878005981445,0.6192911267280579,0.1496606469154358,0.9995806813240051,0.5152344703674316,0.6172466278076172,-0.14956171810626984,0.9994851350784302,0.5321319699287415,0.7104951739311218,0.13306713104248047,0.8866602182388306,0.6291961669921875,0.6655609607696533,-0.15878483653068542,0.9879756569862366,0.5209956169128418,0.797764003276825,0.13620726764202118,0.9515368938446045,0.5236584544181824,0.743322491645813,0.04143921285867691,0.968561589717865,0.5003127455711365,0.8116921782493591,0.12956656515598297,0.9526901245117188,0.4884970784187317,0.7359729409217834,0.06550174206495285,0.9436383843421936,0.5843637585639954,0.8133553862571716,0.07127922028303146,0.9516431093215942,0.5544540882110596,0.7722339630126953,0.09791774302721024,0.964350700378418
IMG_9583 2,66,2185,good,0.5224086046218872,0.4708602726459503,-0.03418421000242233,0.9998912215232849,0.515349805355072,0.46200457215309143,-0.01793144829571247,0.9998416304588318,0.5143157839775085,0.46170511841773987,-0.01793798804283142,0.999829888343811,0.5129306316375732,0.4613412022590637,-0.017874225974082947,0.9998520612716675,0.5121350884437561,0.46244537830352783,-0.06741913408041,0.9998586773872375,0.5089359283447266,0.4624083638191223,-0.06747198104858398,0.9998572468757629,0.5055093169212341,0.4622434973716736,-0.06756214797496796,0.9998689293861389,0.49431729316711426,0.46327489614486694,0.085114486515522,0.9996299147605896,0.48774442076683044,0.4644638001918793,-0.13361398875713348,0.9999135732650757,0.5186737775802612,0.4781990945339203,0.009436502121388912,0.9997703433036804,0.5153369903564453,0.47847381234169006,-0.05430084466934204,0.9998288154602051,0.48637813329696655,0.5083673596382141,0.2400333285331726,0.9998143911361694,0.45871153473854065,0.5076462030410767,-0.22080552577972412,0.9999828934669495,0.5186654925346375,0.5678144097328186,0.14064234495162964,0.07954367995262146,0.49037685990333557,0.5691025257110596,-0.18911883234977722,0.9886968731880188,0.5548422336578369,0.5579745769500732,-0.14878782629966736,0.21837621927261353,0.5416432619094849,0.5266839265823364,-0.0009146817610599101,0.9706898331642151,0.5654973983764648,0.5557774901390076,-0.18374769389629364,0.25957784056663513,0.5483647584915161,0.51242995262146,0.000650458037853241,0.9472148418426514,0.5593130588531494,0.5450459718704224,-0.19494856894016266,0.26359444856643677,0.5432353019714355,0.5082845687866211,3.605974052334204e-05,0.9423238635063171,0.5546758770942688,0.5459583401679993,-0.16487447917461395,0.2619226574897766,0.5406339168548584,0.5115038752555847,0.009769804775714874,0.9164384007453918,0.5177491903305054,0.6193309426307678,0.15183058381080627,0.9995545744895935,0.5121812224388123,0.6183595061302185,-0.15168465673923492,0.9993706941604614,0.5310608744621277,0.7120259404182434,0.13330741226673126,0.8640640377998352,0.6123988628387451,0.6733447313308716,-0.163584902882576,0.9882960915565491,0.5182526707649231,0.7988951206207275,0.14892995357513428,0.9395616054534912,0.4994838535785675,0.745854914188385,0.041635625064373016,0.9645105600357056,0.5005617141723633,0.8140001893043518,0.1428971290588379,0.9399948120117188,0.4684807360172272,0.7361365556716919,0.06558897346258163,0.9393126368522644,0.5840080380439758,0.8146909475326538,0.07428300380706787,0.9450386762619019,0.5226181149482727,0.7783632874488831,0.07822555303573608,0.9622781872749329
IMG_9583 2,67,2218,good,0.5248094797134399,0.4707522690296173,-0.030877897515892982,0.9998773336410522,0.51776522397995,0.46191179752349854,-0.01514777448028326,0.9998208284378052,0.5166292786598206,0.4616031050682068,-0.015177087858319283,0.9998053312301636,0.5151516795158386,0.4612310826778412,-0.015138527378439903,0.9998360276222229,0.5147537589073181,0.46233123540878296,-0.06636790186166763,0.9998394250869751,0.5116258263587952,0.4622570872306824,-0.0664147138595581,0.9998316764831543,0.5083280801773071,0.4620426893234253,-0.06651617586612701,0.9998451471328735,0.4960345923900604,0.46309176087379456,0.08756767213344574,0.9995378851890564,0.490084171295166,0.46397629380226135,-0.13662837445735931,0.9999015927314758,0.5206800103187561,0.47806811332702637,0.013250780291855335,0.9997287392616272,0.5176712870597839,0.4782451093196869,-0.052926793694496155,0.9998015761375427,0.48883023858070374,0.5085382461547852,0.24245885014533997,0.9997981190681458,0.4587075412273407,0.5071524381637573,-0.22349029779434204,0.9999784827232361,0.5211628675460815,0.5675666928291321,0.14581936597824097,0.08076663315296173,0.48671755194664,0.5688096880912781,-0.19631507992744446,0.9882349371910095,0.5551129579544067,0.5337396264076233,-0.14440682530403137,0.24495752155780792,0.5413675308227539,0.526533305644989,-0.01520781870931387,0.9699322581291199,0.561952531337738,0.521500825881958,-0.1789059340953827,0.28805992007255554,0.5486213564872742,0.5124742388725281,-0.01713573932647705,0.9465969204902649,0.5573944449424744,0.5140632390975952,-0.18838979303836823,0.2926589250564575,0.5439361929893494,0.508284866809845,-0.015247385948896408,0.9417871236801147,0.5543220639228821,0.5178443789482117,-0.1602083295583725,0.2898803651332855,0.5410037636756897,0.5114623308181763,-0.00438448041677475,0.9157799482345581,0.5177497863769531,0.6204302310943604,0.1555498093366623,0.9995472431182861,0.5059778094291687,0.6198118329048157,-0.15542499721050262,0.9992835521697998,0.5265345573425293,0.7131243348121643,0.15231645107269287,0.8480096459388733,0.5960700511932373,0.6805331110954285,-0.16270817816257477,0.988900363445282,0.5151343941688538,0.7996732592582703,0.18630515038967133,0.9334917068481445,0.4782668650150299,0.7417765855789185,0.05783703550696373,0.96291184425354,0.4966793358325958,0.8158296942710876,0.18236249685287476,0.9312130808830261,0.44612357020378113,0.7361785173416138,0.08324030786752701,0.9369267225265503,0.5856307148933411,0.8168318867683411,0.11396806687116623,0.9429952502250671,0.4746699631214142,0.7787538766860962,0.08691518008708954,0.9621698260307312
IMG_9583 2,68,2251,good,0.5261098742485046,0.4707772135734558,-0.033232685178518295,0.9998741745948792,0.5193933844566345,0.461879163980484,-0.017649708315730095,0.9998162388801575,0.5182971954345703,0.46155667304992676,-0.017663221806287766,0.9997994303703308,0.5168734788894653,0.46117347478866577,-0.017620941624045372,0.9998321533203125,0.5164014101028442,0.46233224868774414,-0.06987649947404861,0.9998356103897095,0.5132976174354553,0.4622545540332794,-0.069903165102005,0.9998251795768738,0.5099977254867554,0.46201902627944946,-0.07001367956399918,0.9998384118080139,0.49827292561531067,0.462860107421875,0.08730772882699966,0.9995002746582031,0.49247482419013977,0.4635465443134308,-0.14436744153499603,0.9999005198478699,0.5221900939941406,0.4780072271823883,0.012243683449923992,0.9997219443321228,0.5192610025405884,0.4781229794025421,-0.055616073310375214,0.9997995495796204,0.49249178171157837,0.5082865357398987,0.2401140034198761,0.9997885227203369,0.4587319791316986,0.5062668323516846,-0.23357026278972626,0.9999764561653137,0.5222434997558594,0.5654608607292175,0.139107346534729,0.08335301280021667,0.4818178415298462,0.5676173567771912,-0.2093362957239151,0.9882028102874756,0.5550637245178223,0.5305056571960449,-0.1779254972934723,0.27027973532676697,0.5410542488098145,0.526530921459198,-0.025528451427817345,0.970210611820221,0.5606182813644409,0.5152850151062012,-0.21856819093227386,0.314809113740921,0.5490240454673767,0.5126919150352478,-0.030146192759275436,0.9472272396087646,0.5567725896835327,0.5107072591781616,-0.22710682451725006,0.32029959559440613,0.5447931885719299,0.5084420442581177,-0.029464667662978172,0.9425222277641296,0.5535827875137329,0.5150040984153748,-0.1946023404598236,0.31705889105796814,0.5415616631507874,0.5115488171577454,-0.015164719894528389,0.9166737794876099,0.5175415277481079,0.6208042502403259,0.15691013634204865,0.9995392560958862,0.4980776309967041,0.6208364367485046,-0.15681514143943787,0.9992190599441528,0.5263327360153198,0.7121390104293823,0.15825946629047394,0.8351079225540161,0.5729966759681702,0.687491238117218,-0.15565262734889984,0.9894221425056458,0.5145850777626038,0.7993642687797546,0.19401350617408752,0.9274680018424988,0.4598802924156189,0.7434694766998291,0.0751609355211258,0.9612276554107666,0.49281570315361023,0.8157280683517456,0.19002412259578705,0.9232557415962219,0.4303756058216095,0.7398906350135803,0.09999437630176544,0.9341498613357544,0.5812302231788635,0.8160509467124939,0.1171252429485321,0.9405581951141357,0.463394433259964,0.7848737835884094,0.08915826678276062,0.9614166617393494
IMG_9583 2,69,2284,good,0.5278204679489136,0.470231294631958,-0.028727591037750244,0.999880313873291,0.5207095146179199,0.46127164363861084,-0.012708393856883049,0.9998257160186768,0.5195554494857788,0.4609365463256836,-0.012701982632279396,0.9998093843460083,0.5180862545967102,0.46052420139312744,-0.01265578344464302,0.9998410940170288,0.5178693532943726,0.46165597438812256,-0.06534497439861298,0.9998442530632019,0.5148219466209412,0.4615054726600647,-0.06536470353603363,0.9998335242271423,0.5115101933479309,0.4611622393131256,-0.06548624485731125,0.9998459815979004,0.49963995814323425,0.46213462948799133,0.09576558321714401,0.999516487121582,0.49385759234428406,0.4623929560184479,-0.1379341185092926,0.9999062418937683,0.523858904838562,0.4775363802909851,0.017677778378129005,0.9997366666793823,0.5209882259368896,0.47762203216552734,-0.05042345076799393,0.9998109340667725,0.49536624550819397,0.5082606673240662,0.24638549983501434,0.9997838735580444,0.45872941613197327,0.5050944089889526,-0.23002712428569794,0.9999752640724182,0.5231283903121948,0.5645867586135864,0.14067517220973969,0.09032230079174042,0.4783265292644501,0.5666490197181702,-0.20322144031524658,0.9883427619934082,0.5540745258331299,0.5277888774871826,-0.17453575134277344,0.2977832853794098,0.5406997203826904,0.5263534784317017,-0.005897339899092913,0.9703794121742249,0.5590935945510864,0.5142713189125061,-0.2151532769203186,0.34117645025253296,0.5493561029434204,0.5128958821296692,-0.007627721410244703,0.9472870826721191,0.5558714866638184,0.5089126229286194,-0.2198409140110016,0.3472415804862976,0.5455051064491272,0.5084851980209351,-0.013198278844356537,0.9425332546234131,0.5529919862747192,0.5123555064201355,-0.1895008683204651,0.3432276248931885,0.5419772863388062,0.5115681886672974,0.002796250395476818,0.9167502522468567,0.5169150829315186,0.620997428894043,0.1565634310245514,0.9995429515838623,0.48807281255722046,0.6207299828529358,-0.15647248923778534,0.9991948008537292,0.5170605182647705,0.7128480672836304,0.1565040498971939,0.8274351954460144,0.5586879253387451,0.6904318332672119,-0.16331718862056732,0.9897720813751221,0.5049838423728943,0.8002480268478394,0.17463144659996033,0.9258663654327393,0.4487825036048889,0.7514201402664185,0.05456845089793205,0.9600734114646912,0.4812108278274536,0.8160789012908936,0.16482709348201752,0.9203593730926514,0.4167695939540863,0.7479370832443237,0.07771807909011841,0.9320048093795776,0.5672081708908081,0.8168681263923645,0.06667369604110718,0.9409423470497131,0.4710642099380493,0.7878173589706421,0.050484105944633484,0.9611756801605225
IMG_9583 2,70,2317,good,0.5291966199874878,0.4701777398586273,-0.007987814024090767,0.999888002872467,0.5220168828964233,0.4612662196159363,0.00937600526958704,0.9998374581336975,0.5208401679992676,0.4609238803386688,0.009393514133989811,0.9998218417167664,0.5193707942962646,0.4604932963848114,0.009452393278479576,0.9998517632484436,0.5192723870277405,0.4615727663040161,-0.042221978306770325,0.9998545050621033,0.5162293314933777,0.4613652527332306,-0.04226365312933922,0.9998443722724915,0.512794017791748,0.46097397804260254,-0.04237588867545128,0.9998558759689331,0.5005913376808167,0.4619610905647278,0.11862718313932419,0.9995399713516235,0.49435123801231384,0.46223142743110657,-0.11016642302274704,0.9999129772186279,0.5248711705207825,0.47752833366394043,0.03821195289492607,0.9997532963752747,0.5218596458435059,0.47751355171203613,-0.0284002423286438,0.9998230338096619,0.49624180793762207,0.5074461102485657,0.2663906216621399,0.9997864961624146,0.4592241644859314,0.504654049873352,-0.20887628197669983,0.9999757409095764,0.52265864610672,0.5641459226608276,0.1462697684764862,0.0946371853351593,0.47461411356925964,0.5665588974952698,-0.16569079458713531,0.9884960651397705,0.5524197816848755,0.5283846855163574,-0.16669832170009613,0.31131723523139954,0.5400093793869019,0.526375949382782,0.06287544965744019,0.970346212387085,0.5585423111915588,0.515354573726654,-0.2077181190252304,0.354866623878479,0.5494285821914673,0.5134516358375549,0.06597103178501129,0.9471855759620667,0.5552906394004822,0.5093488097190857,-0.21194703876972198,0.36182859539985657,0.5457625985145569,0.5087544322013855,0.06139582023024559,0.9423993825912476,0.5519745945930481,0.5132423639297485,-0.18158556520938873,0.35743099451065063,0.5420346260070801,0.5117915868759155,0.07278178632259369,0.9166144132614136,0.5134633779525757,0.6204069256782532,0.15741707384586334,0.9995486736297607,0.48377934098243713,0.6198409795761108,-0.1573595255613327,0.9991827011108398,0.5183864831924438,0.7120402455329895,0.12953518331050873,0.8165270090103149,0.5467033386230469,0.6963999271392822,-0.1727605164051056,0.9902319312095642,0.5082802772521973,0.7985890507698059,0.15696196258068085,0.9249361753463745,0.42789387702941895,0.7572457790374756,0.002554784994572401,0.9613335728645325,0.49006861448287964,0.8151324391365051,0.14591600000858307,0.9157487750053406,0.39704006910324097,0.7588574290275574,0.01909599080681801,0.932707667350769,0.571057915687561,0.8152222633361816,0.04019143804907799,0.9406390190124512,0.4490028917789459,0.794232964515686,-0.027616038918495178,0.9624882936477661
IMG_9583 2,71,2350,good,0.5299914479255676,0.47025278210639954,-0.010960984043776989,0.9998946785926819,0.52330082654953,0.4613785445690155,0.00550319766625762,0.9998481869697571,0.5222476720809937,0.4610441029071808,0.005528133828192949,0.9998334646224976,0.5209535360336304,0.46062135696411133,0.005602662451565266,0.9998612403869629,0.5207199454307556,0.46167925000190735,-0.04507988318800926,0.9998630881309509,0.5179245471954346,0.46145886182785034,-0.04510464519262314,0.9998539090156555,0.5146936774253845,0.4610320031642914,-0.04521946236491203,0.9998642802238464,0.5024713277816772,0.46207693219184875,0.11195748299360275,0.9995636343955994,0.4961516857147217,0.46229416131973267,-0.11586993932723999,0.9999187588691711,0.5255239009857178,0.47760918736457825,0.03294923156499863,0.9997696280479431,0.5225679278373718,0.4776019752025604,-0.03259245306253433,0.9998346567153931,0.4958666265010834,0.5074416399002075,0.26326632499694824,0.9997892379760742,0.46014678478240967,0.504734218120575,-0.21213287115097046,0.9999760389328003,0.5226040482521057,0.5642905235290527,0.14671076834201813,0.10645020753145218,0.4728870093822479,0.5666145086288452,-0.17100708186626434,0.9888281226158142,0.551194429397583,0.5305544137954712,-0.16921234130859375,0.33059990406036377,0.5394887328147888,0.5265368819236755,0.061887409538030624,0.9709948897361755,0.5577367544174194,0.5171207189559937,-0.21293792128562927,0.3696967661380768,0.54941725730896,0.5139749646186829,0.06332520395517349,0.9478445053100586,0.5545697808265686,0.5111411213874817,-0.21326230466365814,0.37716612219810486,0.5457480549812317,0.5091992616653442,0.05811844393610954,0.9430344104766846,0.5510176420211792,0.5166725516319275,-0.18305237591266632,0.37255752086639404,0.5420045852661133,0.5121744275093079,0.07120834290981293,0.9172530174255371,0.5046272277832031,0.6203578114509583,0.15924374759197235,0.9995425939559937,0.47694748640060425,0.6196632981300354,-0.15925514698028564,0.9991689324378967,0.5163999795913696,0.7118115425109863,0.14171044528484344,0.8119252324104309,0.5181916356086731,0.7024993896484375,-0.19919773936271667,0.9907942414283752,0.510828971862793,0.7976943254470825,0.20648181438446045,0.9267779588699341,0.4038545489311218,0.7747701406478882,-0.09362877160310745,0.9642858505249023,0.4911004602909088,0.8146956562995911,0.20338945090770721,0.9137454032897949,0.37308093905448914,0.7792403697967529,-0.0861305221915245,0.935606837272644,0.5729435682296753,0.8143079280853271,0.11028214544057846,0.942127525806427,0.4213075637817383,0.8156499266624451,-0.1736467182636261,0.9651918411254883
IMG_9583 2,72,2383,good,0.531048059463501,0.47084611654281616,-0.022699134424328804,0.9999014139175415,0.5247164964675903,0.46190789341926575,-0.004310037940740585,0.9998587369918823,0.5235232710838318,0.4615075886249542,-0.004295601509511471,0.9998451471328735,0.5220617055892944,0.4609907567501068,-0.004261120688170195,0.9998703598976135,0.5225006937980652,0.4621128737926483,-0.05465330183506012,0.9998717308044434,0.5197909474372864,0.46179553866386414,-0.054702673107385635,0.9998636245727539,0.5166455507278442,0.4612773656845093,-0.05481216683983803,0.9998727440834045,0.5030485987663269,0.4621182680130005,0.10835953056812286,0.9995909929275513,0.49767082929611206,0.4624656140804291,-0.11881260573863983,0.9999244809150696,0.5261285305023193,0.4780136048793793,0.025978494435548782,0.9997860193252563,0.5234476327896118,0.47784221172332764,-0.039275169372558594,0.9998462200164795,0.4959798753261566,0.5075084567070007,0.25869929790496826,0.9997888207435608,0.459845632314682,0.5048993825912476,-0.21187929809093475,0.9999765753746033,0.5225778818130493,0.5644199848175049,0.13629795610904694,0.12172821164131165,0.4729640483856201,0.5666422843933105,-0.16471926867961884,0.9887698888778687,0.5509854555130005,0.5300458669662476,-0.19639086723327637,0.3481650948524475,0.5394191741943359,0.5268200635910034,0.07944367825984955,0.9711841344833374,0.5582875609397888,0.5167073607444763,-0.24487058818340302,0.38188740611076355,0.5494652986526489,0.5151053667068481,0.08432094007730484,0.9475225210189819,0.5550616383552551,0.511086106300354,-0.23935015499591827,0.3900653123855591,0.5458433032035828,0.5099817514419556,0.07466898113489151,0.9425985217094421,0.5509627461433411,0.5162525177001953,-0.2086895853281021,0.3854375183582306,0.5420852899551392,0.5127692222595215,0.08738122880458832,0.9164549112319946,0.5016303062438965,0.6205313801765442,0.15569716691970825,0.9995130896568298,0.46967777609825134,0.6196261644363403,-0.15576505661010742,0.9991636872291565,0.5098803639411926,0.7105138301849365,0.14354030787944794,0.7976226806640625,0.4944652318954468,0.7070910334587097,-0.19433389604091644,0.9900885224342346,0.5121041536331177,0.7965551614761353,0.21603044867515564,0.9226216673851013,0.39814963936805725,0.7896344661712646,-0.12359178066253662,0.966246485710144,0.49468469619750977,0.8130759596824646,0.21444562077522278,0.9053338170051575,0.3664761185646057,0.7985265254974365,-0.12186030298471451,0.9349569082260132,0.5748074650764465,0.8131111264228821,0.12020725756883621,0.9398145079612732,0.43556952476501465,0.8258111476898193,-0.23800630867481232,0.9666884541511536
IMG_9583 2,73,2417,good,0.531036913394928,0.4723118245601654,-0.03155461698770523,0.999905526638031,0.5249124765396118,0.46307939291000366,-0.01263372227549553,0.9998654127120972,0.523563027381897,0.4625755846500397,-0.012630650773644447,0.9998527765274048,0.5219348073005676,0.4619361460208893,-0.012613235972821712,0.9998753666877747,0.52315753698349,0.46311303973197937,-0.06378359347581863,0.9998760223388672,0.5206200480461121,0.46262162923812866,-0.0638435035943985,0.9998694658279419,0.5177093744277954,0.46194297075271606,-0.0639442577958107,0.9998770356178284,0.5025976300239563,0.4623603820800781,0.10641402006149292,0.9996010661125183,0.4988793134689331,0.4625840187072754,-0.12469611316919327,0.9999278783798218,0.5259362459182739,0.47897860407829285,0.01782604120671749,0.999796986579895,0.5237228870391846,0.47870051860809326,-0.04886682331562042,0.999854326248169,0.4959154427051544,0.5075957775115967,0.25577548146247864,0.9997809529304504,0.45981958508491516,0.5050798058509827,-0.21653498709201813,0.9999769926071167,0.5208210349082947,0.5651538372039795,0.11966065317392349,0.12963224947452545,0.47257885336875916,0.566704511642456,-0.16717788577079773,0.9887483716011047,0.5494483113288879,0.5310935974121094,-0.23002514243125916,0.3631177544593811,0.53900545835495,0.5272419452667236,0.05958013981580734,0.9712029695510864,0.5574548244476318,0.5170297026634216,-0.2825498878955841,0.3940240144729614,0.5494537949562073,0.5158911347389221,0.06203807517886162,0.9472076892852783,0.5544236898422241,0.5124039649963379,-0.2765418589115143,0.40309199690818787,0.545802891254425,0.5106882452964783,0.055172473192214966,0.9422181844711304,0.5501933097839355,0.5163871049880981,-0.2429150938987732,0.39770326018333435,0.5420681238174438,0.5134132504463196,0.06819192320108414,0.9152839183807373,0.4999040961265564,0.6229381561279297,0.1531176120042801,0.99948650598526,0.46616312861442566,0.620326578617096,-0.1532234400510788,0.999173641204834,0.5079890489578247,0.7103758454322815,0.1717417985200882,0.7870907187461853,0.4655461609363556,0.7122098207473755,-0.18439224362373352,0.989884078502655,0.5123748183250427,0.7957543730735779,0.2679974436759949,0.9210954904556274,0.3821726441383362,0.7958246469497681,-0.1195632666349411,0.9684498906135559,0.49650296568870544,0.8124562501907349,0.26921385526657104,0.900399923324585,0.3584262728691101,0.8069654107093811,-0.11883728951215744,0.935549795627594,0.5766419768333435,0.8131269216537476,0.17753510177135468,0.939371645450592,0.43270331621170044,0.8258622884750366,-0.24000678956508636,0.9684577584266663
IMG_9583 2,74,2450,good,0.5305680632591248,0.4736326336860657,-0.04241079464554787,0.9999099969863892,0.5244228839874268,0.4638471007347107,-0.02343825250864029,0.9998723864555359,0.5230546593666077,0.46327295899391174,-0.02342117764055729,0.9998608231544495,0.5213977694511414,0.4625578224658966,-0.023402424529194832,0.9998806118965149,0.5226926803588867,0.46385741233825684,-0.07573270797729492,0.9998806715011597,0.5201609134674072,0.4632672667503357,-0.0757913589477539,0.9998756051063538,0.5172685384750366,0.46247607469558716,-0.07588253170251846,0.9998817443847656,0.5020418763160706,0.46250319480895996,0.0973765030503273,0.9996129274368286,0.4986129701137543,0.4627017676830292,-0.13916637003421783,0.9999311566352844,0.5255475640296936,0.48008236289024353,0.007042663171887398,0.9998082518577576,0.5234058499336243,0.47965747117996216,-0.061407528817653656,0.9998631477355957,0.4954937994480133,0.5080409049987793,0.24660517275333405,0.9997724890708923,0.45963653922080994,0.5050493478775024,-0.2346431463956833,0.9999777674674988,0.5191065669059753,0.5660862922668457,0.10270588099956512,0.1352352648973465,0.46991750597953796,0.5664947032928467,-0.1951010525226593,0.9888017773628235,0.5490061044692993,0.531816303730011,-0.2547976076602936,0.3742785155773163,0.5369141101837158,0.5281050801277161,0.05742005258798599,0.9713094234466553,0.5570087432861328,0.5183236002922058,-0.30888721346855164,0.40220779180526733,0.5484105944633484,0.5169050097465515,0.0561172291636467,0.9468773603439331,0.5542784929275513,0.5131315588951111,-0.30217576026916504,0.4119965434074402,0.545159637928009,0.5116122364997864,0.048406243324279785,0.9417892694473267,0.5499940514564514,0.516868531703949,-0.26787516474723816,0.4063898026943207,0.5411837697029114,0.5143207907676697,0.0666750818490982,0.9138939380645752,0.49787694215774536,0.6258395314216614,0.15262378752231598,0.9994555711746216,0.46040260791778564,0.622325599193573,-0.1527489274740219,0.9991955161094666,0.50718092918396,0.710228443145752,0.20452240109443665,0.779028594493866,0.4459484815597534,0.7155426740646362,-0.19065774977207184,0.9898205399513245,0.513276219367981,0.7955213189125061,0.320727676153183,0.9186921715736389,0.3712086081504822,0.8018132448196411,-0.1507626473903656,0.9703943133354187,0.49770253896713257,0.8121960759162903,0.3244120180606842,0.895555853843689,0.34817126393318176,0.8145350217819214,-0.15231847763061523,0.9356458187103271,0.577728807926178,0.812962532043457,0.23868829011917114,0.938444972038269,0.423941969871521,0.8267301917076111,-0.28093913197517395,0.969978928565979
IMG_9583 2,75,2483,good,0.5302087664604187,0.4743163585662842,-0.04214926064014435,0.9999013543128967,0.5240339636802673,0.4645254611968994,-0.0242917463183403,0.9998603463172913,0.5226158499717712,0.4639701843261719,-0.024278411641716957,0.9998497366905212,0.5209711194038391,0.4632944166660309,-0.024266958236694336,0.9998670220375061,0.5226069688796997,0.46442344784736633,-0.07704169303178787,0.9998643398284912,0.5200150012969971,0.46377819776535034,-0.0771067887544632,0.9998629689216614,0.5169511437416077,0.4629403054714203,-0.07720765471458435,0.9998679757118225,0.5016657710075378,0.46329495310783386,0.0890485942363739,0.9995526075363159,0.49812960624694824,0.4629422128200531,-0.14981500804424286,0.9999217987060547,0.5247794985771179,0.4806501865386963,0.0051022679544985294,0.9997955560684204,0.5231305956840515,0.48017048835754395,-0.06392112374305725,0.9998588562011719,0.4950070381164551,0.508678674697876,0.23046545684337616,0.999692440032959,0.45782169699668884,0.505058765411377,-0.2506711483001709,0.9999757409095764,0.5121081471443176,0.5667858123779297,0.09424802660942078,0.13558253645896912,0.4650281071662903,0.5661159157752991,-0.22670456767082214,0.9887254238128662,0.5456293821334839,0.5324403643608093,-0.23885077238082886,0.3741266131401062,0.5356671214103699,0.5286825895309448,0.006248649209737778,0.9708737134933472,0.55287766456604,0.519461989402771,-0.29055964946746826,0.4008362889289856,0.5478766560554504,0.5171238780021667,0.005605361890047789,0.945607602596283,0.5511306524276733,0.514164924621582,-0.284411758184433,0.41111770272254944,0.5448185205459595,0.5120294690132141,-0.0016609932063147426,0.94029301404953,0.5473922491073608,0.5183703899383545,-0.2518084943294525,0.40514707565307617,0.540730893611908,0.5148280262947083,0.01477076206356287,0.9108619689941406,0.49460840225219727,0.6285392045974731,0.15065385401248932,0.9992957711219788,0.45421338081359863,0.6263793706893921,-0.1507573127746582,0.9991172552108765,0.5079416632652283,0.7101303935050964,0.18587198853492737,0.7679548263549805,0.4343118369579315,0.7159149646759033,-0.18570731580257416,0.9890844821929932,0.5141368508338928,0.7951902151107788,0.28073519468307495,0.9133807420730591,0.370155930519104,0.8006765842437744,-0.1395968645811081,0.9715320467948914,0.4983193278312683,0.8119687438011169,0.2825033366680145,0.8881503939628601,0.348884254693985,0.8143879771232605,-0.14131414890289307,0.934174656867981,0.5784623026847839,0.8126932382583618,0.1991957277059555,0.9356206655502319,0.4205368459224701,0.8259626626968384,-0.270494669675827,0.9705561399459839
IMG_9583 2,76,2516,good,0.5300869941711426,0.4740469753742218,-0.03789278492331505,0.9998947978019714,0.5233196020126343,0.46442824602127075,-0.020019270479679108,0.9998524188995361,0.5217243432998657,0.4639023542404175,-0.02001556195318699,0.9998431205749512,0.5199191570281982,0.46326249837875366,-0.020029796287417412,0.9998587369918823,0.522312581539154,0.46428507566452026,-0.07522830367088318,0.9998527765274048,0.519860565662384,0.46366629004478455,-0.07530917227268219,0.9998543858528137,0.5168332457542419,0.4628710150718689,-0.07543828338384628,0.9998584389686584,0.5010292530059814,0.46334725618362427,0.09240720421075821,0.999513566493988,0.49795442819595337,0.463020384311676,-0.14732293784618378,0.9999160766601562,0.5242412686347961,0.48055970668792725,0.009050782769918442,0.9997876286506653,0.5228008031845093,0.4800185263156891,-0.06297973543405533,0.9998552203178406,0.49454793334007263,0.5095890164375305,0.23173227906227112,0.9996314644813538,0.45385977625846863,0.5051341652870178,-0.24861715734004974,0.9999739527702332,0.5105113983154297,0.5669355392456055,0.10407368838787079,0.13542966544628143,0.460222989320755,0.5661124587059021,-0.2265465408563614,0.9887480735778809,0.5440423488616943,0.5331971645355225,-0.22676871716976166,0.3745475113391876,0.5329965949058533,0.5291659832000732,0.0017394532915204763,0.9710121154785156,0.5518315434455872,0.5194900035858154,-0.2774176299571991,0.4000391960144043,0.5461210608482361,0.517430305480957,0.0021225884556770325,0.9453321099281311,0.5501813292503357,0.5150407552719116,-0.2722465693950653,0.41078922152519226,0.5432782769203186,0.5126438736915588,-0.004290573764592409,0.9398406744003296,0.5462288856506348,0.5191137194633484,-0.24012058973312378,0.40498578548431396,0.5389402508735657,0.5155092477798462,0.010577792301774025,0.9094551205635071,0.49115729331970215,0.6293110251426697,0.15017813444137573,0.9991347789764404,0.4483623504638672,0.6269785165786743,-0.1502688229084015,0.999011218547821,0.5040720701217651,0.710004448890686,0.17596346139907837,0.758844792842865,0.42515429854393005,0.7144968509674072,-0.18509744107723236,0.9882991909980774,0.5141533613204956,0.7956230640411377,0.25157710909843445,0.9097955822944641,0.36690497398376465,0.8018969297409058,-0.12600013613700867,0.9725362062454224,0.49873781204223633,0.8137268424034119,0.2514845132827759,0.8833630681037903,0.34453973174095154,0.8171159029006958,-0.12725484371185303,0.9330636262893677,0.5796041488647461,0.8126815557479858,0.16717106103897095,0.9338264465332031,0.42432549595832825,0.8259368538856506,-0.25757619738578796,0.9710157513618469
IMG_9583 2,77,2549,good,0.5284669399261475,0.4741513133049011,-0.03492831066250801,0.9998618364334106,0.5212233662605286,0.46453309059143066,-0.018218811601400375,0.9998078346252441,0.5194048285484314,0.46402493119239807,-0.01821499690413475,0.9997991323471069,0.5173774361610413,0.463408499956131,-0.018240472301840782,0.9998134970664978,0.520792543888092,0.4643583595752716,-0.0745750442147255,0.9997996687889099,0.5185918807983398,0.4637252390384674,-0.07467011362314224,0.9998083710670471,0.5159173011779785,0.46291184425354004,-0.07484586536884308,0.999811053276062,0.49919167160987854,0.4635004997253418,0.09243708848953247,0.9993264675140381,0.49764856696128845,0.46309173107147217,-0.1482125073671341,0.9998857378959656,0.5221429467201233,0.48061519861221313,0.01090130116790533,0.9997355937957764,0.5215781927108765,0.480037122964859,-0.06287655979394913,0.9998238682746887,0.49196919798851013,0.5102686882019043,0.23235280811786652,0.999504566192627,0.45070335268974304,0.505058228969574,-0.2541157901287079,0.9999687075614929,0.5072015523910522,0.5676397681236267,0.10939132422208786,0.13504107296466827,0.45813828706741333,0.564848005771637,-0.23882392048835754,0.9886515140533447,0.5409318208694458,0.5332925319671631,-0.21950474381446838,0.3774225115776062,0.5310232043266296,0.5291408896446228,-0.01471729762852192,0.971276044845581,0.5488452911376953,0.519712507724762,-0.2676568627357483,0.40096214413642883,0.5443841218948364,0.5174811482429504,-0.01510654203593731,0.9454023838043213,0.5471885800361633,0.515528678894043,-0.2707231342792511,0.41221174597740173,0.5418193936347961,0.5127766728401184,-0.021473322063684464,0.9398331642150879,0.543231725692749,0.5192350149154663,-0.2345115840435028,0.4060681462287903,0.5374783277511597,0.5155578851699829,-0.006357825361192226,0.9088789820671082,0.4864077568054199,0.6315850019454956,0.14971691370010376,0.9989264011383057,0.44374099373817444,0.6289681792259216,-0.14980103075504303,0.9988200068473816,0.5007011294364929,0.7100749611854553,0.1584203690290451,0.7502427697181702,0.41835665702819824,0.7149184346199036,-0.16377687454223633,0.987014651298523,0.5143428444862366,0.7966943979263306,0.22571277618408203,0.9062842130661011,0.36503392457962036,0.8020613193511963,-0.10491235554218292,0.9732393622398376,0.4988624155521393,0.8154950737953186,0.22483013570308685,0.8800891041755676,0.34294232726097107,0.8174470067024231,-0.09984136372804642,0.9316406846046448,0.5809029936790466,0.8131097555160522,0.1309736967086792,0.9324170351028442,0.42544400691986084,0.8263914585113525,-0.21879860758781433,0.9712286591529846
IMG_9583 2,78,2582,good,0.526368260383606,0.4721373915672302,-0.05720684677362442,0.9998571276664734,0.5184367895126343,0.4634781777858734,-0.03971804305911064,0.9998029470443726,0.5168201327323914,0.46310538053512573,-0.03971188887953758,0.999796450138092,0.514997661113739,0.4626503586769104,-0.03970234841108322,0.9998077154159546,0.517633855342865,0.4633655548095703,-0.09393078088760376,0.9997920989990234,0.5153939723968506,0.46288609504699707,-0.09401147812604904,0.9998027682304382,0.5127800107002258,0.462253600358963,-0.0941602811217308,0.9998034834861755,0.4974689185619354,0.4633609652519226,0.07566172629594803,0.9993080496788025,0.4949693977832794,0.46291014552116394,-0.1633986532688141,0.9998815655708313,0.5204313397407532,0.4794648587703705,-0.009045320563018322,0.9997346997261047,0.5192562341690063,0.47884854674339294,-0.07964330911636353,0.9998236894607544,0.49213048815727234,0.5114306211471558,0.21755468845367432,0.9994515180587769,0.4462106227874756,0.5050658583641052,-0.26173344254493713,0.9999668598175049,0.5079293251037598,0.5677255988121033,0.069706492125988,0.14016567170619965,0.45189180970191956,0.5649275779724121,-0.24747952818870544,0.9889214038848877,0.5389602780342102,0.533636212348938,-0.2875443398952484,0.382344514131546,0.5264439582824707,0.5293883681297302,-0.03577776998281479,0.9721248745918274,0.5471195578575134,0.5200323462486267,-0.34117546677589417,0.40169182419776917,0.5399792790412903,0.5178692936897278,-0.038689009845256805,0.9462986588478088,0.5456541776657104,0.5158571600914001,-0.33369579911231995,0.41314369440078735,0.5375630855560303,0.5131218433380127,-0.044221725314855576,0.9406741857528687,0.5413869619369507,0.5196601152420044,-0.3003760874271393,0.40700778365135193,0.5330928564071655,0.5160443186759949,-0.027345919981598854,0.9094349145889282,0.483195960521698,0.6313912272453308,0.14747770130634308,0.9988101720809937,0.4364156424999237,0.6292000412940979,-0.14755326509475708,0.9987600445747375,0.49726244807243347,0.709814727306366,0.16466662287712097,0.7533845901489258,0.4147496223449707,0.713408887386322,-0.15545754134655,0.9870926141738892,0.5143623948097229,0.7965728044509888,0.25321120023727417,0.9080027937889099,0.36474332213401794,0.8017587065696716,-0.1039971336722374,0.9747605323791504,0.498947411775589,0.8152230978012085,0.25410303473472595,0.881058394908905,0.3424038589000702,0.8191913366317749,-0.09086833149194717,0.9324668645858765,0.5810567140579224,0.8132123351097107,0.1548883020877838,0.9342331290245056,0.4245764911174774,0.8262167572975159,-0.22026263177394867,0.9725239872932434
IMG_9583 2,79,2615,good,0.5216745734214783,0.47149452567100525,-0.08797072619199753,0.9998635649681091,0.5131624937057495,0.46304216980934143,-0.07100207358598709,0.999812126159668,0.5117878317832947,0.46276602149009705,-0.07098820060491562,0.9998068809509277,0.5103645324707031,0.4624212384223938,-0.07095536589622498,0.999814510345459,0.5118286609649658,0.4629592001438141,-0.12386583536863327,0.999801516532898,0.5094985365867615,0.4625852704048157,-0.12394033372402191,0.9998124241828918,0.5068562030792236,0.462068110704422,-0.12407493591308594,0.9998109936714172,0.4945967495441437,0.46337729692459106,0.04660886526107788,0.9993382692337036,0.489578515291214,0.46295028924942017,-0.18891018629074097,0.9998871088027954,0.515223503112793,0.47914448380470276,-0.03867163881659508,0.9997503161430359,0.5134418606758118,0.47852039337158203,-0.10751135647296906,0.9998349547386169,0.49241769313812256,0.5132791996002197,0.18979808688163757,0.999436616897583,0.44297972321510315,0.5050478577613831,-0.27803632616996765,0.9999669790267944,0.5083175301551819,0.5694820880889893,0.034227240830659866,0.14965873956680298,0.45087292790412903,0.5649611949920654,-0.25820663571357727,0.9891922473907471,0.5370743274688721,0.5332622528076172,-0.34907492995262146,0.39313575625419617,0.522424578666687,0.5293193459510803,-0.04919731989502907,0.9726826548576355,0.545917272567749,0.5199324488639832,-0.40900346636772156,0.40752631425857544,0.5361431241035461,0.517844557762146,-0.053391095250844955,0.9469404220581055,0.5446155667304993,0.5151861310005188,-0.39850133657455444,0.41950616240501404,0.5341331958770752,0.5130993723869324,-0.06287424266338348,0.9412699341773987,0.5397992134094238,0.5194666981697083,-0.36146318912506104,0.4124698042869568,0.5290296077728271,0.5160138607025146,-0.042284343391656876,0.9096471071243286,0.48079749941825867,0.6337899565696716,0.14426718652248383,0.9988099336624146,0.43282538652420044,0.6317852735519409,-0.14437265694141388,0.9988178014755249,0.4981217086315155,0.7098168730735779,0.20610088109970093,0.7661685943603516,0.4097757637500763,0.7147492170333862,-0.1528785526752472,0.9878609776496887,0.5144975781440735,0.7964057922363281,0.3407346308231354,0.9137929081916809,0.36546167731285095,0.802650511264801,-0.09471004456281662,0.9767860770225525,0.4991234540939331,0.8148979544639587,0.3462824821472168,0.8868623375892639,0.3443693220615387,0.8188832998275757,-0.09056684374809265,0.9357045888900757,0.5812761783599854,0.8133669495582581,0.24559591710567474,0.9384768009185791,0.42146018147468567,0.8270519971847534,-0.24412356317043304,0.9745075702667236
IMG_9583 2,80,2648,good,0.5175949335098267,0.46889522671699524,-0.1001870408654213,0.9998669028282166,0.5084710717201233,0.4613088071346283,-0.08313162624835968,0.999817430973053,0.5073318481445312,0.46114522218704224,-0.08312123268842697,0.9998136162757874,0.5061883926391602,0.4609352946281433,-0.0830896720290184,0.9998173117637634,0.5065046548843384,0.46151983737945557,-0.136215478181839,0.9998063445091248,0.5039239525794983,0.46139955520629883,-0.13629022240638733,0.9998178482055664,0.5010724663734436,0.46116071939468384,-0.13641630113124847,0.9998138546943665,0.4921382665634155,0.46299752593040466,0.03618156537413597,0.9993600845336914,0.48448482155799866,0.46289584040641785,-0.20001043379306793,0.9998906850814819,0.5111697316169739,0.47690659761428833,-0.050041116774082184,0.9997624754905701,0.5086402893066406,0.47686272859573364,-0.11890275776386261,0.9998431205749512,0.49288493394851685,0.513510525226593,0.18302670121192932,0.9994310736656189,0.43938902020454407,0.5048532485961914,-0.2846699655056,0.9999669194221497,0.5083832740783691,0.5697441101074219,0.030270764604210854,0.15547718107700348,0.44814959168434143,0.5650057792663574,-0.2527162730693817,0.9893553853034973,0.5346279144287109,0.5334764719009399,-0.3605135679244995,0.3964982032775879,0.518693745136261,0.5293402075767517,-0.034696146845817566,0.973116934299469,0.5441569089889526,0.5203043818473816,-0.42046284675598145,0.40737104415893555,0.5325642228126526,0.5178783535957336,-0.0371093824505806,0.9474289417266846,0.5422124266624451,0.5153670310974121,-0.409623384475708,0.41986703872680664,0.5309845805168152,0.513067364692688,-0.04692544788122177,0.9417189359664917,0.5377905964851379,0.5195491909980774,-0.37283575534820557,0.41263407468795776,0.5257799029350281,0.5160485506057739,-0.027563003823161125,0.9098145961761475,0.47971609234809875,0.6328912973403931,0.14155204594135284,0.9988093376159668,0.4291662573814392,0.6309340596199036,-0.14167363941669464,0.9988527297973633,0.4950307309627533,0.7094190120697021,0.2015533298254013,0.7729853987693787,0.40870025753974915,0.7133952379226685,-0.142677441239357,0.988067626953125,0.5146753191947937,0.7956843972206116,0.32641705870628357,0.9172715544700623,0.36572134494781494,0.8019079566001892,-0.0699956938624382,0.9781973958015442,0.49922049045562744,0.8139323592185974,0.33116230368614197,0.8892486095428467,0.3457324802875519,0.8180265426635742,-0.07027927041053772,0.9367610812187195,0.5799683332443237,0.8132542371749878,0.23014335334300995,0.9412303566932678,0.4186473488807678,0.8263058066368103,-0.22120141983032227,0.9757805466651917
IMG_9583 2,81,2681,good,0.5153949856758118,0.46892639994621277,-0.08396763354539871,0.9998682737350464,0.506783127784729,0.4613649249076843,-0.06722857058048248,0.9998189806938171,0.5055635571479797,0.461189329624176,-0.06722638010978699,0.9998159408569336,0.5042828321456909,0.4609660506248474,-0.0672043114900589,0.9998172521591187,0.5048022270202637,0.4615688621997833,-0.11987679451704025,0.9998072385787964,0.5021820664405823,0.46143361926078796,-0.11994443833827972,0.9998188614845276,0.4992566704750061,0.46117961406707764,-0.12006731331348419,0.9998134970664978,0.4888075590133667,0.4630093276500702,0.04690784960985184,0.999362051486969,0.481673926115036,0.4629398286342621,-0.18768912553787231,0.9998899102210999,0.5084706544876099,0.4770301282405853,-0.0357782319188118,0.9997689723968506,0.5058664679527283,0.47693637013435364,-0.10418930649757385,0.9998480677604675,0.48632723093032837,0.5136632919311523,0.18924272060394287,0.999400794506073,0.4380122423171997,0.5047616362571716,-0.2762892544269562,0.9999659657478333,0.5058428049087524,0.5706056952476501,0.04419531673192978,0.16071665287017822,0.44471293687820435,0.5652844905853271,-0.2563591003417969,0.9893503189086914,0.5323167443275452,0.5334368944168091,-0.3193536698818207,0.40353816747665405,0.5153336524963379,0.5294548273086548,-0.05611804500222206,0.9734533429145813,0.5423010587692261,0.5204567313194275,-0.3757989704608917,0.41121789813041687,0.5296003818511963,0.518015444278717,-0.06122628599405289,0.9479403495788574,0.5407818555831909,0.5152999758720398,-0.36664867401123047,0.42374032735824585,0.5279785990715027,0.5132032036781311,-0.06900902837514877,0.9421722292900085,0.5355833172798157,0.5196744799613953,-0.3316985070705414,0.4159199297428131,0.5223897695541382,0.5164228081703186,-0.049027249217033386,0.9098874926567078,0.47515133023262024,0.6325931549072266,0.14062954485416412,0.9987553358078003,0.42858824133872986,0.6307186484336853,-0.14073234796524048,0.998863935470581,0.49294862151145935,0.7093198299407959,0.20390726625919342,0.7786970138549805,0.40879103541374207,0.7130496501922607,-0.1463763564825058,0.9883888959884644,0.5148073434829712,0.7954354286193848,0.32742178440093994,0.9200797080993652,0.3650788366794586,0.8032824993133545,-0.08876439183950424,0.9795153737068176,0.4992949962615967,0.8138543963432312,0.33221113681793213,0.8913653492927551,0.3443172872066498,0.8193780779838562,-0.09156151860952377,0.9381887912750244,0.5799136757850647,0.8130456805229187,0.23586678504943848,0.9435250759124756,0.41884392499923706,0.8263947367668152,-0.24522674083709717,0.976966142654419
IMG_9583 2,82,2715,good,0.5126898288726807,0.46896880865097046,-0.08427198231220245,0.9998693466186523,0.5039413571357727,0.4610317349433899,-0.06775971502065659,0.9998191595077515,0.5026373863220215,0.46085843443870544,-0.06775495409965515,0.9998173713684082,0.5012471079826355,0.4606468975543976,-0.06773432344198227,0.9998154640197754,0.5016282796859741,0.4611928164958954,-0.12084716558456421,0.9998074769973755,0.4988209009170532,0.46105727553367615,-0.12091635167598724,0.9998198747634888,0.4956950545310974,0.4608129858970642,-0.12103903293609619,0.9998127818107605,0.48498326539993286,0.4628653824329376,0.04710271209478378,0.9993578791618347,0.47784292697906494,0.46279793977737427,-0.18956021964550018,0.9998891353607178,0.5055963397026062,0.4770788550376892,-0.0357402041554451,0.9997733235359192,0.5028260350227356,0.47695401310920715,-0.10475605726242065,0.9998517632484436,0.48528623580932617,0.513594925403595,0.18968579173088074,0.9993729591369629,0.43424707651138306,0.5046185255050659,-0.2784920930862427,0.9999655485153198,0.5018603801727295,0.5708075165748596,0.038730815052986145,0.16423873603343964,0.44237804412841797,0.5660688281059265,-0.25640761852264404,0.9892016053199768,0.5302603840827942,0.5330129861831665,-0.3385333716869354,0.4051612317562103,0.5137767791748047,0.5294824242591858,-0.048101384192705154,0.9732524752616882,0.5401131510734558,0.5200750231742859,-0.39699915051460266,0.41078028082847595,0.5273057818412781,0.5180230140686035,-0.05230587348341942,0.9474799633026123,0.5382042527198792,0.5146744847297668,-0.3873967230319977,0.42361435294151306,0.5253291130065918,0.5131964087486267,-0.05997951701283455,0.9416232705116272,0.5327239036560059,0.5195088386535645,-0.3511153757572174,0.41552019119262695,0.5202919244766235,0.5164455771446228,-0.04050672426819801,0.908478319644928,0.4735797345638275,0.6327635645866394,0.14015507698059082,0.9986988306045532,0.42666563391685486,0.6311010122299194,-0.14026552438735962,0.9988736510276794,0.49140235781669617,0.7090662121772766,0.21193082630634308,0.7831094264984131,0.4069185256958008,0.7131684422492981,-0.1480129361152649,0.9885074496269226,0.5150142312049866,0.7949665784835815,0.34329602122306824,0.922182023525238,0.3648589253425598,0.8031833171844482,-0.08664075285196304,0.9806166291236877,0.5009620785713196,0.8134233355522156,0.34905269742012024,0.8925386071205139,0.34449365735054016,0.8193337321281433,-0.08799555152654648,0.9392549395561218,0.5788145065307617,0.8130205273628235,0.25333544611930847,0.9453585147857666,0.41704267263412476,0.8274416923522949,-0.2361636906862259,0.9779253602027893
IMG_9583 2,83,2748,good,0.5112482309341431,0.46929991245269775,-0.08090627193450928,0.9998682141304016,0.5025837421417236,0.46120381355285645,-0.06454895436763763,0.9998164772987366,0.5011087656021118,0.46100202202796936,-0.06453338265419006,0.999816358089447,0.4995497465133667,0.46076759696006775,-0.06450560688972473,0.9998102188110352,0.500668466091156,0.4613553285598755,-0.11843197792768478,0.9998049736022949,0.4979586601257324,0.46119484305381775,-0.11850505322217941,0.9998192191123962,0.49498337507247925,0.4609365165233612,-0.11862447112798691,0.9998093247413635,0.4828755557537079,0.4628901183605194,0.049500152468681335,0.999345600605011,0.4768950939178467,0.4628058075904846,-0.19199621677398682,0.9998882412910461,0.5043390393257141,0.47735971212387085,-0.03265227749943733,0.9997732639312744,0.5019506216049194,0.47719383239746094,-0.10279975831508636,0.9998531937599182,0.4798889756202698,0.5133678317070007,0.19199098646640778,0.9993403553962708,0.43226030468940735,0.5044147968292236,-0.28232696652412415,0.9999656081199646,0.4976694881916046,0.5705488920211792,0.047072820365428925,0.16412627696990967,0.44237324595451355,0.5661088228225708,-0.25226715207099915,0.989102840423584,0.5280383229255676,0.5325040817260742,-0.32365918159484863,0.4020523726940155,0.512131929397583,0.5295470356941223,-0.02533472701907158,0.973086953163147,0.5375660061836243,0.5198230743408203,-0.38025420904159546,0.4075954556465149,0.5252528786659241,0.5181207656860352,-0.024608999490737915,0.9473206996917725,0.5354085564613342,0.5143329501152039,-0.3714269995689392,0.4210953712463379,0.5231078863143921,0.5132745504379272,-0.036549944430589676,0.9415509700775146,0.5301770567893982,0.5188944935798645,-0.3363686800003052,0.413515567779541,0.5182968974113464,0.5166189670562744,-0.0180960800498724,0.908046543598175,0.47235387563705444,0.6330339908599854,0.1404809206724167,0.9986557364463806,0.4269447922706604,0.6315464973449707,-0.14058184623718262,0.9988866448402405,0.49145734310150146,0.7090099453926086,0.21146920323371887,0.7862181663513184,0.40525928139686584,0.7143275141716003,-0.14727112650871277,0.9886447787284851,0.5151797533035278,0.7948364615440369,0.33540835976600647,0.9240895509719849,0.36442139744758606,0.8033488988876343,-0.08545717597007751,0.9817586541175842,0.5011014342308044,0.8134035468101501,0.34072619676589966,0.8943096995353699,0.34421470761299133,0.819663405418396,-0.08628521114587784,0.9410730004310608,0.5787744522094727,0.8129515051841736,0.25210699439048767,0.9471959471702576,0.41644278168678284,0.8274194598197937,-0.22832393646240234,0.9789621233940125
IMG_9583 2,84,2781,good,0.50975501537323,0.4694194793701172,-0.09194225072860718,0.9998679757118225,0.5015511512756348,0.46120673418045044,-0.07479695975780487,0.9998161792755127,0.5000149011611938,0.4609805643558502,-0.07477805763483047,0.9998172521591187,0.4983460009098053,0.4607281982898712,-0.07474031299352646,0.9998079538345337,0.4997406601905823,0.46136274933815,-0.12951667606830597,0.9998037219047546,0.49696898460388184,0.46118637919425964,-0.12958753108978271,0.9998188018798828,0.4939875304698944,0.4609168469905853,-0.12969626486301422,0.99980628490448,0.4807772636413574,0.4627031981945038,0.04461728036403656,0.9993414282798767,0.475422203540802,0.46264126896858215,-0.2002316117286682,0.9998875260353088,0.502986490726471,0.4774154722690582,-0.041455548256635666,0.9997736215591431,0.5006415247917175,0.47724005579948425,-0.11280590295791626,0.9998542666435242,0.4774586856365204,0.5131938457489014,0.18934617936611176,0.9993149042129517,0.4301150143146515,0.5044122338294983,-0.28613272309303284,0.9999648332595825,0.49460330605506897,0.5703707933425903,0.043630052357912064,0.16403590142726898,0.44220083951950073,0.5661352276802063,-0.2529459595680237,0.9890581369400024,0.526161253452301,0.5320366621017456,-0.33656051754951477,0.40279337763786316,0.5116976499557495,0.5292796492576599,-0.02490118145942688,0.9732383489608765,0.5355138182640076,0.518621027469635,-0.3947865664958954,0.4083267152309418,0.5239003300666809,0.5180310606956482,-0.024443337693810463,0.9476475119590759,0.5331130027770996,0.513684868812561,-0.3881368339061737,0.4225882589817047,0.5214833617210388,0.5131701827049255,-0.03556867316365242,0.941994309425354,0.5282433032989502,0.5181483626365662,-0.3504832088947296,0.41558191180229187,0.516856849193573,0.5165550112724304,-0.017472386360168457,0.9084831476211548,0.47180700302124023,0.6328811049461365,0.14064253866672516,0.9986239075660706,0.4264678955078125,0.6315724849700928,-0.1407327800989151,0.9988799095153809,0.49120190739631653,0.7089516520500183,0.20521649718284607,0.7886059284210205,0.40738552808761597,0.7140604853630066,-0.13983312249183655,0.9886218309402466,0.5153301954269409,0.7948177456855774,0.3214353621006012,0.9250810742378235,0.36449864506721497,0.802676260471344,-0.05770086124539375,0.9826499819755554,0.5011383891105652,0.8130921125411987,0.3258470594882965,0.8953025341033936,0.3443440794944763,0.8191215991973877,-0.05699201300740242,0.9422537684440613,0.5788598656654358,0.8127967715263367,0.23519472777843475,0.9484885931015015,0.4187439978122711,0.8266947269439697,-0.20220817625522614,0.979770839214325
IMG_9583 2,85,2814,good,0.5084149837493896,0.4696686267852783,-0.06730710715055466,0.9998694062232971,0.5008651614189148,0.46142950654029846,-0.04961789399385452,0.9998186230659485,0.49941468238830566,0.4611622095108032,-0.049588557332754135,0.9998210072517395,0.497770756483078,0.4608668088912964,-0.04954800754785538,0.9998100399971008,0.49894291162490845,0.46157073974609375,-0.10555851459503174,0.9998053312301636,0.49616721272468567,0.46135902404785156,-0.1056373119354248,0.9998217225074768,0.4931392967700958,0.4610675275325775,-0.10575111210346222,0.9998078346252441,0.4794831871986389,0.4627131521701813,0.0673985481262207,0.9993521571159363,0.47404590249061584,0.4627457559108734,-0.18276119232177734,0.9998899698257446,0.5024438500404358,0.47757938504219055,-0.01819150522351265,0.9997767806053162,0.4998050928115845,0.4773980677127838,-0.09107866138219833,0.9998564124107361,0.4752143621444702,0.5131589770317078,0.20360462367534637,0.9992963671684265,0.4283122718334198,0.50455641746521,-0.2835479974746704,0.9999646544456482,0.492977499961853,0.5703408122062683,0.048432737588882446,0.1637394279241562,0.44226232171058655,0.5659632086753845,-0.2524212598800659,0.9893856048583984,0.5251321792602539,0.5318822860717773,-0.32276907563209534,0.40248048305511475,0.5116630792617798,0.528599739074707,-0.007615170441567898,0.9740983247756958,0.534461259841919,0.5187501311302185,-0.37916699051856995,0.40734753012657166,0.523250162601471,0.5178459882736206,-0.005321086384356022,0.9489367008209229,0.5319603681564331,0.513563334941864,-0.37166640162467957,0.4221351444721222,0.5207141637802124,0.5130769610404968,-0.015501135028898716,0.9434298276901245,0.5270178914070129,0.5182628035545349,-0.33616507053375244,0.416154146194458,0.5162079930305481,0.5163114666938782,0.000278011109912768,0.9105036854743958,0.47081008553504944,0.632957398891449,0.14123031497001648,0.9985995888710022,0.42587244510650635,0.6315947771072388,-0.14132869243621826,0.9988617897033691,0.4907176196575165,0.7089866399765015,0.17868421971797943,0.7906900644302368,0.40824154019355774,0.714891791343689,-0.13961516320705414,0.9887372851371765,0.5156461000442505,0.7949625849723816,0.26213616132736206,0.9262902736663818,0.36462053656578064,0.8028193116188049,-0.058926284313201904,0.983574628829956,0.5011847615242004,0.8132895827293396,0.26303642988204956,0.8964266180992126,0.34338515996932983,0.8199754953384399,-0.058179404586553574,0.9433892369270325,0.5801012516021729,0.8129799365997314,0.17089025676250458,0.9496839046478271,0.420409619808197,0.8268631100654602,-0.2002158910036087,0.9805784225463867
IMG_9583 2,86,2847,good,0.5078532695770264,0.46962112188339233,-0.06578986346721649,0.9998626708984375,0.5002300143241882,0.46132680773735046,-0.048487965017557144,0.9998091459274292,0.4987379312515259,0.4610483944416046,-0.04846770688891411,0.9998127818107605,0.49698758125305176,0.4607429504394531,-0.04843263700604439,0.9997991323471069,0.49839159846305847,0.4614526629447937,-0.10458085685968399,0.999794065952301,0.49564796686172485,0.46122056245803833,-0.10465693473815918,0.9998124241828918,0.49261921644210815,0.4609130024909973,-0.10477747023105621,0.9997966289520264,0.4781348407268524,0.4625687003135681,0.06726600229740143,0.9993118643760681,0.473524272441864,0.4626118540763855,-0.18213771283626556,0.999883770942688,0.5021883845329285,0.47747519612312317,-0.017071433365345,0.9997676610946655,0.49966293573379517,0.47723427414894104,-0.0901605561375618,0.9998518228530884,0.47324419021606445,0.5128551721572876,0.20364530384540558,0.9992596507072449,0.42777544260025024,0.5045825242996216,-0.28090864419937134,0.9999634623527527,0.49247610569000244,0.5703036189079285,0.051571186631917953,0.16194678843021393,0.441821426153183,0.5658837556838989,-0.2572309076786041,0.9894355535507202,0.5245682597160339,0.531917929649353,-0.3161567449569702,0.4007470905780792,0.5114377737045288,0.5282120704650879,-0.02741619385778904,0.9745522737503052,0.5330467224121094,0.5188614726066589,-0.372067928314209,0.40570318698883057,0.5228474736213684,0.5174643993377686,-0.028565572574734688,0.9497875571250916,0.5308618545532227,0.5135806798934937,-0.36472225189208984,0.420691579580307,0.5201513767242432,0.5128740072250366,-0.03676193207502365,0.9443563222885132,0.5262124538421631,0.5183154940605164,-0.32947346568107605,0.4153422713279724,0.516060471534729,0.5160498023033142,-0.019327523186802864,0.9115384221076965,0.47092190384864807,0.6328476667404175,0.14185731112957,0.9985532164573669,0.42611080408096313,0.6314747333526611,-0.14195099472999573,0.9988447427749634,0.4911137819290161,0.708966851234436,0.18200737237930298,0.7931030988693237,0.40821266174316406,0.7146780490875244,-0.14129622280597687,0.9888685941696167,0.5157099962234497,0.7950446605682373,0.2778734862804413,0.9276191592216492,0.36434581875801086,0.8028029203414917,-0.060620956122875214,0.9843218326568604,0.5009148120880127,0.8134111762046814,0.28029659390449524,0.8980773687362671,0.3433181047439575,0.8200315833091736,-0.05932077392935753,0.9444016814231873,0.5801244378089905,0.8130820393562317,0.18648172914981842,0.95089191198349,0.4199277460575104,0.8273388147354126,-0.20573757588863373,0.9812654852867126
IMG_9583 2,87,2880,good,0.506936252117157,0.4682403802871704,-0.06898513436317444,0.9998615384101868,0.49844276905059814,0.45995888113975525,-0.05191555246710777,0.9998079538345337,0.49688923358917236,0.45969700813293457,-0.05188774690032005,0.9998128414154053,0.49505874514579773,0.45943769812583923,-0.05185055360198021,0.9997968077659607,0.49657976627349854,0.46016383171081543,-0.10780619829893112,0.9997915029525757,0.49372598528862,0.4599868655204773,-0.10788512229919434,0.9998114109039307,0.49060776829719543,0.4597645699977875,-0.10800265520811081,0.9997936487197876,0.47659748792648315,0.4617551565170288,0.06452726572751999,0.9993128776550293,0.47203385829925537,0.4620087146759033,-0.18417732417583466,0.9998844861984253,0.5017378926277161,0.4760825037956238,-0.01989000104367733,0.9997696876525879,0.4991943836212158,0.4761585295200348,-0.09270358830690384,0.9998531937599182,0.4737125337123871,0.5125415325164795,0.20361141860485077,0.999259889125824,0.42752090096473694,0.5045866370201111,-0.28124862909317017,0.9999638199806213,0.4933517575263977,0.5693918466567993,0.05347069725394249,0.1619047075510025,0.4412970542907715,0.5658634305000305,-0.25689879059791565,0.9896551966667175,0.5247244834899902,0.5317510366439819,-0.3190026879310608,0.3991856873035431,0.5112728476524353,0.5280306935310364,-0.010817310772836208,0.9751328825950623,0.5330339074134827,0.5187700986862183,-0.3755650222301483,0.4035770297050476,0.5227758288383484,0.5171744227409363,-0.009681787341833115,0.9506690502166748,0.5305508375167847,0.5132368206977844,-0.36711910367012024,0.41885000467300415,0.5198086500167847,0.5124991536140442,-0.02003742754459381,0.9453348517417908,0.5258417129516602,0.5183001756668091,-0.33208703994750977,0.4144040048122406,0.5154229402542114,0.5158496499061584,-0.0030623902566730976,0.9128913879394531,0.4713161885738373,0.6326749920845032,0.14262321591377258,0.9985419511795044,0.4267958104610443,0.6313934326171875,-0.14272955060005188,0.998833417892456,0.49116402864456177,0.7089513540267944,0.18235674500465393,0.7917752861976624,0.408781498670578,0.714641273021698,-0.1399957239627838,0.9886926412582397,0.5156894326210022,0.7952616214752197,0.2800113260746002,0.9271208643913269,0.3639174997806549,0.8027041554450989,-0.05628056824207306,0.9847630858421326,0.5005109310150146,0.8138682842254639,0.2825397253036499,0.8972359299659729,0.34250614047050476,0.8202407360076904,-0.054978400468826294,0.9440348148345947,0.5803571939468384,0.8132496476173401,0.18887938559055328,0.9511402249336243,0.42077091336250305,0.8278023600578308,-0.19792266190052032,0.9815798401832581
IMG_9583 2,88,2913,good,0.5069193243980408,0.47075480222702026,-0.08890432119369507,0.999854564666748,0.49848976731300354,0.46125224232673645,-0.07112877815961838,0.9997967481613159,0.4968034029006958,0.4608075022697449,-0.0710960328578949,0.9998021721839905,0.49481201171875,0.46035340428352356,-0.07105131447315216,0.9997818470001221,0.49684059619903564,0.46142154932022095,-0.1273321807384491,0.9997806549072266,0.49404484033584595,0.46103137731552124,-0.12740753591060638,0.9998023509979248,0.4909994602203369,0.46057114005088806,-0.12751944363117218,0.9997818470001221,0.4756603538990021,0.46187976002693176,0.050495490431785583,0.9992626309394836,0.47233471274375916,0.46202516555786133,-0.20130953192710876,0.9998791813850403,0.5014439821243286,0.4780573546886444,-0.03740654140710831,0.9997525811195374,0.4992273449897766,0.4777531027793884,-0.11086881160736084,0.9998460412025452,0.4689330458641052,0.5120890140533447,0.19752073287963867,0.9992185235023499,0.427692711353302,0.504633903503418,-0.2886088192462921,0.9999628067016602,0.49158623814582825,0.5684740543365479,0.056674618273973465,0.15888558328151703,0.4410531222820282,0.5659726858139038,-0.25662150979042053,0.9895614981651306,0.5236560702323914,0.5305001139640808,-0.30566680431365967,0.39606279134750366,0.5102816820144653,0.5283479690551758,-0.012764186598360538,0.9750496745109558,0.5324727296829224,0.5169906616210938,-0.3616429567337036,0.4013561010360718,0.5224698185920715,0.5173698663711548,-0.011878806166350842,0.9505819082260132,0.5295113921165466,0.5122944712638855,-0.3563873767852783,0.4171181917190552,0.5194523930549622,0.5125543475151062,-0.02251136302947998,0.9453490376472473,0.5247671604156494,0.51670902967453,-0.31987088918685913,0.41355517506599426,0.5149248838424683,0.5158724784851074,-0.004948928486555815,0.9128172397613525,0.4712895154953003,0.6330455541610718,0.14383330941200256,0.9984841346740723,0.4276077449321747,0.6322799324989319,-0.1439555287361145,0.9987936019897461,0.4913286566734314,0.7097198367118835,0.18820442259311676,0.7903643846511841,0.40899696946144104,0.7150246500968933,-0.12869948148727417,0.9886574149131775,0.5156286954879761,0.7956430912017822,0.29750850796699524,0.9264234900474548,0.3638852834701538,0.8024860620498657,-0.031009048223495483,0.9854093194007874,0.5000014305114746,0.8142595291137695,0.3014562427997589,0.8967161178588867,0.3420984745025635,0.8201600313186646,-0.028284644708037376,0.9452054500579834,0.5804241895675659,0.8133361339569092,0.2138310968875885,0.9513557553291321,0.4209842383861542,0.8274930119514465,-0.1630903035402298,0.9821536540985107
IMG_9583 2,89,2946,good,0.5054800510406494,0.4714149534702301,-0.0776948481798172,0.9998403787612915,0.49832814931869507,0.46248263120651245,-0.0591631755232811,0.999778151512146,0.4967949688434601,0.4621087908744812,-0.05915864184498787,0.9997831583023071,0.4949510991573334,0.4616956412792206,-0.05913659557700157,0.9997623562812805,0.49664753675460815,0.4624288082122803,-0.11636141687631607,0.9997583031654358,0.4939986765384674,0.4619804620742798,-0.1164240837097168,0.9997825622558594,0.4910533130168915,0.4614642560482025,-0.1165560707449913,0.9997603893280029,0.4758880138397217,0.4626491963863373,0.05992705747485161,0.999180257320404,0.4723801612854004,0.46253502368927,-0.19693654775619507,0.9998655915260315,0.5004386901855469,0.4787682592868805,-0.02731064334511757,0.9997313022613525,0.4982065260410309,0.4782484173774719,-0.1020624190568924,0.9998320937156677,0.47010260820388794,0.5124721527099609,0.20686154067516327,0.9991732835769653,0.42681536078453064,0.5048688650131226,-0.28615033626556396,0.999959409236908,0.4918959438800812,0.5691560506820679,0.07425206154584885,0.15999968349933624,0.4414723217487335,0.5659024119377136,-0.2686920464038849,0.9897089600563049,0.5240421295166016,0.5305830836296082,-0.27735665440559387,0.4017288088798523,0.5099216103553772,0.5276217460632324,-0.04946302995085716,0.9758959412574768,0.5329227447509766,0.5171568393707275,-0.3313846290111542,0.4055047929286957,0.5217445492744446,0.515813410282135,-0.05382530018687248,0.9520259499549866,0.5300286412239075,0.5123534202575684,-0.3239409029483795,0.421188086271286,0.5190169811248779,0.5115199089050293,-0.06147250533103943,0.9468832612037659,0.5251847505569458,0.5167585611343384,-0.29065921902656555,0.41776028275489807,0.5147625803947449,0.514914333820343,-0.04181663319468498,0.914823055267334,0.47161439061164856,0.6330150961875916,0.145220547914505,0.9984412789344788,0.4274061322212219,0.6322186589241028,-0.14531098306179047,0.9987242221832275,0.4914635419845581,0.7093595862388611,0.18513406813144684,0.7863948941230774,0.4089072048664093,0.7148881554603577,-0.1317933052778244,0.9883061647415161,0.5150337815284729,0.7961124777793884,0.2877655029296875,0.9243690967559814,0.3622017800807953,0.8027190566062927,-0.03979421406984329,0.9854723215103149,0.4989040195941925,0.814756453037262,0.29083237051963806,0.8949207067489624,0.34051334857940674,0.8205596208572388,-0.03760525584220886,0.9438092112541199,0.5822931528091431,0.8134761452674866,0.20008939504623413,0.9503331780433655,0.42137807607650757,0.8274906277656555,-0.1740311235189438,0.9820086359977722
IMG_9583 2,90,2979,good,0.504586935043335,0.47145482897758484,-0.06796662509441376,0.9998393654823303,0.4974580407142639,0.46266528964042664,-0.05005363002419472,0.9997776746749878,0.49597805738449097,0.4623236060142517,-0.05003080889582634,0.9997832775115967,0.494194358587265,0.46193641424179077,-0.05000719055533409,0.9997612237930298,0.4958249032497406,0.4625643491744995,-0.10653270781040192,0.9997568130493164,0.4932626783847809,0.4621230959892273,-0.10660208761692047,0.9997825622558594,0.4904029667377472,0.4616205096244812,-0.10673078894615173,0.9997594356536865,0.47548341751098633,0.4630205035209656,0.06726773083209991,0.999178409576416,0.47203344106674194,0.4628675878047943,-0.1865096241235733,0.9998665452003479,0.49966350197792053,0.47886595129966736,-0.018525632098317146,0.9997317790985107,0.49747827649116516,0.47830113768577576,-0.09235981851816177,0.9998327493667603,0.46900349855422974,0.512702465057373,0.21078099310398102,0.9991587400436401,0.4272761344909668,0.5051437020301819,-0.28550317883491516,0.9999594688415527,0.4919261932373047,0.5697811245918274,0.07305347174406052,0.15800917148590088,0.44175028800964355,0.5658882856369019,-0.266743928194046,0.9897637963294983,0.5242522358894348,0.5306273698806763,-0.2815217673778534,0.3984570801258087,0.5101619362831116,0.52762371301651,-0.014242126606404781,0.9759694933891296,0.5322213768959045,0.5173331499099731,-0.33574578166007996,0.4019303321838379,0.5220385789871216,0.5158778429031372,-0.012462268583476543,0.9518553614616394,0.5300315618515015,0.5123942494392395,-0.3291231095790863,0.41791054606437683,0.5192842483520508,0.5116549730300903,-0.021369021385908127,0.9466938376426697,0.5252644419670105,0.517288088798523,-0.2949049472808838,0.41531485319137573,0.5150652527809143,0.515124499797821,-0.005910404957830906,0.9144740104675293,0.4718863368034363,0.6333736777305603,0.14623062312602997,0.9984227418899536,0.4277869760990143,0.6322686076164246,-0.1463341861963272,0.9987096190452576,0.4916441738605499,0.7097364664077759,0.18520115315914154,0.7834493517875671,0.4092641770839691,0.7150365710258484,-0.13361117243766785,0.9880999326705933,0.5147793292999268,0.7964202761650085,0.2871009409427643,0.9232668876647949,0.36239975690841675,0.8029924035072327,-0.0441298745572567,0.9857962727546692,0.49858540296554565,0.8149964213371277,0.2900671362876892,0.8944754004478455,0.3401288390159607,0.8209413290023804,-0.04233074188232422,0.9438368082046509,0.5824345350265503,0.8134623169898987,0.2001471072435379,0.9499214887619019,0.42235809564590454,0.8275074362754822,-0.17906638979911804,0.9821903705596924
IMG_9583 2,91,3013,good,0.5043607354164124,0.4714588522911072,-0.06188938021659851,0.9998331069946289,0.49742138385772705,0.46276894211769104,-0.044834766536951065,0.9997696280479431,0.4959951937198639,0.46245238184928894,-0.044810302555561066,0.9997763633728027,0.49425968527793884,0.4620877206325531,-0.044783227145671844,0.9997521638870239,0.4957250952720642,0.4626375138759613,-0.0995781198143959,0.9997487664222717,0.49318259954452515,0.4621967077255249,-0.09965553879737854,0.9997772574424744,0.49032554030418396,0.46169307827949524,-0.09979890286922455,0.9997537136077881,0.4756615459918976,0.46323612332344055,0.0691312924027443,0.9991468787193298,0.47203853726387024,0.46298837661743164,-0.17639251053333282,0.9998630881309509,0.4996226131916046,0.478912889957428,-0.014050914905965328,0.9997243881225586,0.49739697575569153,0.4783160090446472,-0.08552626520395279,0.9998295903205872,0.4703698456287384,0.5129773020744324,0.2104736566543579,0.9991157650947571,0.42749160528182983,0.5054095387458801,-0.27843722701072693,0.9999589920043945,0.4925136864185333,0.5698661208152771,0.06495312601327896,0.15739154815673828,0.4419901669025421,0.565895676612854,-0.26532357931137085,0.9899834990501404,0.5244364142417908,0.5306731462478638,-0.2954463064670563,0.3963518440723419,0.5107241868972778,0.5276073813438416,-0.019382737576961517,0.9764441847801208,0.532310426235199,0.5174710154533386,-0.3513622283935547,0.39897868037223816,0.5221908688545227,0.5158900022506714,-0.017887145280838013,0.9524616599082947,0.5303300023078918,0.5124451518058777,-0.3417758643627167,0.41489002108573914,0.5194546580314636,0.5116609334945679,-0.025604531168937683,0.9473181366920471,0.5254445672035217,0.5174301862716675,-0.307968407869339,0.41259121894836426,0.5151004791259766,0.5151607990264893,-0.01079296600073576,0.91511470079422,0.47456833720207214,0.6334850192070007,0.14487813413143158,0.9983484148979187,0.42808228731155396,0.6323069930076599,-0.14496339857578278,0.9986891150474548,0.49262645840644836,0.7097223997116089,0.18528886139392853,0.7843896150588989,0.409082293510437,0.7149486541748047,-0.14316052198410034,0.9881618022918701,0.5143958330154419,0.7963953614234924,0.28837135434150696,0.9228555560112,0.3622938394546509,0.802955150604248,-0.0813986212015152,0.9860660433769226,0.4983898103237152,0.8146846890449524,0.2914091646671295,0.8937634825706482,0.3406001031398773,0.8211863040924072,-0.08272580057382584,0.9431667923927307,0.5829541087150574,0.8134893774986267,0.20084308087825775,0.9496995806694031,0.4222785234451294,0.8275161385536194,-0.2267194539308548,0.9823305606842041
IMG_9583 2,92,3046,good,0.5045889019966125,0.47084152698516846,-0.07131773978471756,0.9998211860656738,0.49754276871681213,0.46247315406799316,-0.05401572585105896,0.9997541904449463,0.49612343311309814,0.46219825744628906,-0.05400489270687103,0.9997611045837402,0.4944022297859192,0.4618760943412781,-0.05397908017039299,0.9997363686561584,0.49582603573799133,0.46238917112350464,-0.1079363152384758,0.9997316002845764,0.4932640492916107,0.46201807260513306,-0.10801093280315399,0.9997625350952148,0.4903913736343384,0.46157312393188477,-0.10815174132585526,0.999738872051239,0.47585636377334595,0.4632391333580017,0.061698559671640396,0.9990864992141724,0.4721130430698395,0.4629930257797241,-0.1800198256969452,0.999853253364563,0.4997892677783966,0.47859880328178406,-0.022732539102435112,0.9997098445892334,0.4975602924823761,0.47803691029548645,-0.09300871938467026,0.9998221397399902,0.47143131494522095,0.5132144689559937,0.204940065741539,0.9990666508674622,0.4276340901851654,0.5055193305015564,-0.279338002204895,0.9999562501907349,0.49447983503341675,0.5698890089988708,0.06339835375547409,0.15883614122867584,0.4424525201320648,0.5659449696540833,-0.2695876657962799,0.9901536107063293,0.5259835124015808,0.5307563543319702,-0.2939566969871521,0.3986712098121643,0.5111761093139648,0.5275623798370361,-0.05598179250955582,0.9768526554107666,0.533134937286377,0.5175381302833557,-0.3494938611984253,0.39967966079711914,0.522334098815918,0.5158999562263489,-0.06030398607254028,0.952921450138092,0.5308665037155151,0.5125001072883606,-0.3404705822467804,0.4153206944465637,0.5195693373680115,0.5116271376609802,-0.06630278378725052,0.9477482438087463,0.5264446139335632,0.5174723863601685,-0.30663588643074036,0.4127931296825409,0.5152456164360046,0.5151485204696655,-0.04796043038368225,0.9155105352401733,0.47566816210746765,0.6336132884025574,0.1445772349834442,0.9982657432556152,0.4281921982765198,0.632332980632782,-0.1446487307548523,0.998609721660614,0.4949215352535248,0.708948016166687,0.18497152626514435,0.7846832871437073,0.4094941318035126,0.7148840427398682,-0.14307424426078796,0.9880776405334473,0.5138137936592102,0.796377420425415,0.28943541646003723,0.9218775033950806,0.36191877722740173,0.8029154539108276,-0.07758724689483643,0.9861051440238953,0.4982587993144989,0.8146551251411438,0.2925405502319336,0.8924166560173035,0.34062445163726807,0.8209711313247681,-0.07929161190986633,0.941879391670227,0.5827604532241821,0.8134814500808716,0.20086950063705444,0.9491302967071533,0.4224186837673187,0.8273929357528687,-0.21926341950893402,0.9822804927825928
IMG_9583 2,93,3079,good,0.5047162175178528,0.46927791833877563,-0.07113184779882431,0.9998297691345215,0.4975210726261139,0.4614917039871216,-0.053753577172756195,0.9997668862342834,0.4961184561252594,0.46129006147384644,-0.053740665316581726,0.9997733235359192,0.494430810213089,0.4610692858695984,-0.05371471866965294,0.9997497200965881,0.4957009255886078,0.46159055829048157,-0.10663332045078278,0.99974524974823,0.49306514859199524,0.4613950848579407,-0.10670746862888336,0.9997748732566833,0.4901396632194519,0.4611307680606842,-0.10684126615524292,0.9997526407241821,0.4759640693664551,0.4631992280483246,0.06217244639992714,0.9991341233253479,0.4720735549926758,0.46299976110458374,-0.17163793742656708,0.9998612403869629,0.4999125599861145,0.477453351020813,-0.022603193297982216,0.9997256398200989,0.4976387321949005,0.4771205484867096,-0.09144558012485504,0.9998317956924438,0.47558915615081787,0.5133793354034424,0.2047833800315857,0.9990803599357605,0.4284467101097107,0.5055797696113586,-0.27162444591522217,0.999957263469696,0.5000861883163452,0.5699431896209717,0.05554996803402901,0.16341830790042877,0.4442862570285797,0.5659842491149902,-0.2633221447467804,0.9904645681381226,0.5278903245925903,0.5312579870223999,-0.3013768494129181,0.40193551778793335,0.5137276649475098,0.5275802612304688,-0.053211718797683716,0.9773547649383545,0.5350202322006226,0.5177695155143738,-0.35731834173202515,0.3999558389186859,0.5237380862236023,0.5159185528755188,-0.056425657123327255,0.9533355832099915,0.5322697758674622,0.5126234889030457,-0.346110075712204,0.415290504693985,0.5209869742393494,0.5116313099861145,-0.060576848685741425,0.9480763673782349,0.5282754302024841,0.5178377032279968,-0.3131180703639984,0.4127320945262909,0.5171144008636475,0.5151534676551819,-0.04490084946155548,0.9158608317375183,0.47856202721595764,0.6335591077804565,0.14266011118888855,0.9982873797416687,0.4285207688808441,0.6320518851280212,-0.1427355706691742,0.9986385107040405,0.49884462356567383,0.7086256146430969,0.18494589626789093,0.7891927361488342,0.40969693660736084,0.7148463129997253,-0.14501741528511047,0.9883601069450378,0.513568639755249,0.7963623404502869,0.28953707218170166,0.9232610464096069,0.36180055141448975,0.802972674369812,-0.08290243148803711,0.9864766597747803,0.49786636233329773,0.814643919467926,0.2926487326622009,0.8932396769523621,0.34074708819389343,0.8209699988365173,-0.08436503261327744,0.941179096698761,0.5832546353340149,0.8134784698486328,0.20050238072872162,0.9499207735061646,0.42146769165992737,0.8273788690567017,-0.2297106236219406,0.9826082587242126
IMG_9583 2,94,3112,good,0.5048083066940308,0.46933063864707947,-0.07103423029184341,0.9998367428779602,0.4975956678390503,0.4615015387535095,-0.05369722470641136,0.9997765421867371,0.4961746335029602,0.4612973928451538,-0.0536840558052063,0.9997822642326355,0.494472473859787,0.4610728323459625,-0.05365760251879692,0.9997593760490417,0.4957863688468933,0.4615975022315979,-0.10646355897188187,0.9997568130493164,0.4931506812572479,0.4614008963108063,-0.10653722286224365,0.9997854232788086,0.4902251660823822,0.4611344337463379,-0.10666995495557785,0.9997644424438477,0.4760950803756714,0.46340227127075195,0.06131942942738533,0.9991679191589355,0.47214528918266296,0.4631529152393341,-0.17237694561481476,0.9998677372932434,0.5000341534614563,0.4776529371738434,-0.02253943681716919,0.9997382760047913,0.49774524569511414,0.4772202670574188,-0.09132036566734314,0.9998406171798706,0.47662630677223206,0.5136812925338745,0.20071099698543549,0.9990735650062561,0.430296927690506,0.5058803558349609,-0.2713703215122223,0.9999577403068542,0.505075991153717,0.5698558688163757,0.05499633774161339,0.1681733876466751,0.4474630653858185,0.565999448299408,-0.2618770897388458,0.9906524419784546,0.5301802754402161,0.5311090350151062,-0.2957557439804077,0.40487658977508545,0.5146456956863403,0.5276287198066711,-0.045945510268211365,0.9776580929756165,0.5358757376670837,0.5172469019889832,-0.3518386781215668,0.4002951383590698,0.524167001247406,0.5159332752227783,-0.04826865717768669,0.9536297917366028,0.533517599105835,0.5125457644462585,-0.33916547894477844,0.4153248071670532,0.5215668678283691,0.5116392374038696,-0.05439446493983269,0.9483436942100525,0.5299688577651978,0.5174481272697449,-0.30672991275787354,0.41264474391937256,0.5178748965263367,0.5151976346969604,-0.037857357412576675,0.9160794019699097,0.48217692971229553,0.6339766383171082,0.14121218025684357,0.9982984662055969,0.4316380023956299,0.632500410079956,-0.14129191637039185,0.9986765384674072,0.5070732831954956,0.7082726359367371,0.1918453425168991,0.7955406308174133,0.4098527133464813,0.7148895263671875,-0.1534447818994522,0.9887301921844482,0.513582170009613,0.7956199049949646,0.31051740050315857,0.9253306984901428,0.3618071973323822,0.8033567667007446,-0.1073794886469841,0.9870010018348694,0.49789175391197205,0.8145918846130371,0.3151967227458954,0.8948696851730347,0.34061259031295776,0.8210527300834656,-0.11026785522699356,0.9414328336715698,0.5839264392852783,0.8134660720825195,0.22486938536167145,0.9510883092880249,0.4212610721588135,0.8273280262947083,-0.257078617811203,0.9831022024154663
IMG_9583 2,95,3145,good,0.5052759647369385,0.4681306779384613,-0.04145660251379013,0.9998263716697693,0.4976205825805664,0.46073997020721436,-0.023870961740612984,0.9997638463973999,0.49615946412086487,0.46063148975372314,-0.023885251954197884,0.9997681379318237,0.49441319704055786,0.46051791310310364,-0.023883534595370293,0.9997497200965881,0.49584412574768066,0.4608790874481201,-0.07661669701337814,0.9997433423995972,0.49320751428604126,0.4608210623264313,-0.07670372724533081,0.9997737407684326,0.49028581380844116,0.4607255756855011,-0.07686132192611694,0.9997566342353821,0.4761962294578552,0.4634034037590027,0.08435732126235962,0.9991234540939331,0.47224754095077515,0.46324267983436584,-0.1496303826570511,0.999860405921936,0.5006399154663086,0.47687169909477234,0.0040099481120705605,0.999721348285675,0.49837398529052734,0.47675350308418274,-0.06426576524972916,0.9998300075531006,0.4779168665409088,0.5136738419532776,0.22550125420093536,0.9990008473396301,0.43409213423728943,0.5060868263244629,-0.255948007106781,0.9999538064002991,0.5084854364395142,0.5714588761329651,0.0979701429605484,0.16699367761611938,0.4522140622138977,0.5660238265991211,-0.25689536333084106,0.9907982349395752,0.530194103717804,0.5314925909042358,-0.22388094663619995,0.40530458092689514,0.5181230902671814,0.5279529094696045,-0.052052538841962814,0.9780409932136536,0.5360438227653503,0.5175501704216003,-0.273904949426651,0.4002876579761505,0.5267807841300964,0.5159902572631836,-0.05648639425635338,0.9541456699371338,0.5338202714920044,0.5125945210456848,-0.26353293657302856,0.4145107567310333,0.523776113986969,0.5116672515869141,-0.061788592487573624,0.9487726092338562,0.5305570960044861,0.5174916386604309,-0.2352277636528015,0.410755455493927,0.5205333828926086,0.5152019262313843,-0.044266972690820694,0.9164255857467651,0.4869009554386139,0.6340516209602356,0.14131015539169312,0.9982827305793762,0.43671467900276184,0.6325862407684326,-0.14139026403427124,0.9985864162445068,0.5145484805107117,0.705787181854248,0.11307742446660995,0.7969053387641907,0.4130767583847046,0.7140999436378479,-0.15300501883029938,0.9884091019630432,0.5136498212814331,0.7956260442733765,0.1659555584192276,0.9243738055229187,0.3609578311443329,0.8034605979919434,-0.0971619263291359,0.9864488840103149,0.4979853928089142,0.8145877718925476,0.16335712373256683,0.8935949802398682,0.34064704179763794,0.8210300803184509,-0.09878978133201599,0.9378034472465515,0.5840112566947937,0.8132485747337341,0.06282155960798264,0.9504476189613342,0.42085081338882446,0.8272474408149719,-0.24200108647346497,0.9823632836341858
IMG_9583 2,96,3178,good,0.505298912525177,0.4681834876537323,-0.046932343393564224,0.999806821346283,0.49702537059783936,0.46072110533714294,-0.0285657811909914,0.9997386932373047,0.4955206513404846,0.4606292247772217,-0.02858159877359867,0.9997427463531494,0.493797242641449,0.4605269432067871,-0.028576288372278214,0.9997236132621765,0.49538788199424744,0.46084699034690857,-0.08272384852170944,0.9997183680534363,0.49281322956085205,0.46080198884010315,-0.08280161023139954,0.9997538924217224,0.48996224999427795,0.46072104573249817,-0.08293789625167847,0.999737024307251,0.4762652814388275,0.46356073021888733,0.08004714548587799,0.9990392327308655,0.47231215238571167,0.46339860558509827,-0.1555931121110916,0.9998499155044556,0.5004609227180481,0.4768967926502228,0.0005522095016203821,0.9996973872184753,0.4982759952545166,0.4767351448535919,-0.06958400458097458,0.9998194575309753,0.4779195189476013,0.5136667490005493,0.21670430898666382,0.9989087581634521,0.43906667828559875,0.5060921907424927,-0.2587544620037079,0.9999501705169678,0.507912278175354,0.5714296102523804,0.08970397710800171,0.16448381543159485,0.45777639746665955,0.5660268068313599,-0.24992141127586365,0.9908090233802795,0.531097948551178,0.5314995646476746,-0.24575166404247284,0.4016898274421692,0.5225749015808105,0.5280475616455078,-0.043709687888622284,0.9779179692268372,0.5368068814277649,0.517620325088501,-0.29817208647727966,0.3968069851398468,0.5310971736907959,0.5162107944488525,-0.04691585525870323,0.9537174105644226,0.534746527671814,0.5126266479492188,-0.28929978609085083,0.41093164682388306,0.5277142524719238,0.5117987394332886,-0.055627189576625824,0.9482603669166565,0.53114914894104,0.5179340839385986,-0.2578863501548767,0.40695464611053467,0.5247132778167725,0.5153440833091736,-0.037484847009181976,0.9156941771507263,0.4917522966861725,0.6350033283233643,0.14044614136219025,0.9982035160064697,0.44400903582572937,0.6338027715682983,-0.14051389694213867,0.9984604716300964,0.5204997062683105,0.7051612734794617,0.12581026554107666,0.7983205914497375,0.4177330434322357,0.7140932083129883,-0.13269808888435364,0.9880838990211487,0.5137813091278076,0.7954785227775574,0.19449445605278015,0.9231216311454773,0.3610347807407379,0.8034178018569946,-0.057473886758089066,0.9861290454864502,0.49799302220344543,0.8141838908195496,0.1936596930027008,0.8927980661392212,0.3408021330833435,0.8209948539733887,-0.056720223277807236,0.9353473782539368,0.5840995907783508,0.8132766485214233,0.09843520075082779,0.9495211839675903,0.42065948247909546,0.826795220375061,-0.19221507012844086,0.9817582368850708
IMG_9583 2,97,3211,good,0.5053736567497253,0.468828409910202,-0.04059082642197609,0.9997354745864868,0.4966740310192108,0.4614788591861725,-0.022802377119660378,0.9996424913406372,0.4950989782810211,0.46144819259643555,-0.02281281352043152,0.9996357560157776,0.4933442175388336,0.46143266558647156,-0.02278842218220234,0.9996257424354553,0.4952240586280823,0.46164822578430176,-0.07661253958940506,0.9996254444122314,0.4927104711532593,0.4616929590702057,-0.07670988142490387,0.9996765851974487,0.4899280071258545,0.4617312252521515,-0.07688377052545547,0.9996706247329712,0.4763282537460327,0.4648594558238983,0.08548387140035629,0.9986311197280884,0.4724688231945038,0.4650914669036865,-0.15256154537200928,0.9998008608818054,0.5005114078521729,0.4774143099784851,0.005625041201710701,0.9995793104171753,0.4983222782611847,0.4772351086139679,-0.06411101669073105,0.9997541308403015,0.48028016090393066,0.5137978792190552,0.2295941412448883,0.9987149238586426,0.4423132836818695,0.5062826871871948,-0.2600173056125641,0.999943196773529,0.5077270269393921,0.5714152455329895,0.1295550912618637,0.15613968670368195,0.46338868141174316,0.5658044219017029,-0.2624732255935669,0.9909549355506897,0.5312056541442871,0.5328555107116699,-0.17347367107868195,0.388777494430542,0.5273988246917725,0.5281064510345459,-0.06074602156877518,0.9782246351242065,0.5369575619697571,0.5208532810211182,-0.21890538930892944,0.38710522651672363,0.5356818437576294,0.5162225365638733,-0.06662517786026001,0.954280436038971,0.5351004004478455,0.5148203372955322,-0.21715278923511505,0.40107542276382446,0.5320584177970886,0.5118021368980408,-0.0721089094877243,0.9488513469696045,0.5312680006027222,0.5221659541130066,-0.18782496452331543,0.3964460790157318,0.529147744178772,0.5154397487640381,-0.053281478583812714,0.9163888096809387,0.49846163392066956,0.6357219219207764,0.14207611978054047,0.9981504678726196,0.4544147551059723,0.6347919702529907,-0.14208221435546875,0.9983252882957458,0.5256181359291077,0.7051336765289307,0.10913435369729996,0.7949816584587097,0.4271529018878937,0.7143956422805786,-0.1343320906162262,0.9875484704971313,0.5140314698219299,0.7955645322799683,0.15967194736003876,0.9206665754318237,0.3632435202598572,0.803368330001831,-0.059146665036678314,0.9856788516044617,0.498514860868454,0.8141778111457825,0.15640440583229065,0.8912137150764465,0.3446061313152313,0.8209432363510132,-0.0584276057779789,0.9329588413238525,0.584780216217041,0.8135012984275818,0.055560413748025894,0.9482266306877136,0.4210006296634674,0.8269670605659485,-0.19589900970458984,0.9812703728675842
