video_no,frame,timestamp_ms,good,x0,y0,z0,visibility0,x1,y1,z1,visibility1,x2,y2,z2,visibility2,x3,y3,z3,visibility3,x4,y4,z4,visibility4,x5,y5,z5,visibility5,x6,y6,z6,visibility6,x7,y7,z7,visibility7,x8,y8,z8,visibility8,x9,y9,z9,visibility9,x10,y10,z10,visibility10,x11,y11,z11,visibility11,x12,y12,z12,visibility12,x13,y13,z13,visibility13,x14,y14,z14,visibility14,x15,y15,z15,visibility15,x16,y16,z16,visibility16,x17,y17,z17,visibility17,x18,y18,z18,visibility18,x19,y19,z19,visibility19,x20,y20,z20,visibility20,x21,y21,z21,visibility21,x22,y22,z22,visibility22,x23,y23,z23,visibility23,x24,y24,z24,visibility24,x25,y25,z25,visibility25,x26,y26,z26,visibility26,x27,y27,z27,visibility27,x28,y28,z28,visibility28,x29,y29,z29,visibility29,x30,y30,z30,visibility30,x31,y31,z31,visibility31,x32,y32,z32,visibility32
IMG_9705,1,33,good,0.5036238431930542,0.3415437340736389,-0.3364257514476776,0.9990729093551636,0.5147466063499451,0.3325231671333313,-0.3072013258934021,0.9983887672424316,0.5204194188117981,0.33242368698120117,-0.30729150772094727,0.9985210299491882,0.5259014964103699,0.33236873149871826,-0.3073636293411255,0.9985536932945251,0.49859607219696045,0.3329024314880371,-0.2911773920059204,0.9976457953453064,0.4932922422885895,0.3330155611038208,-0.29117879271507263,0.9969364404678345,0.48807859420776367,0.3330017924308777,-0.29130613803863525,0.9972456693649292,0.541063666343689,0.3379823863506317,-0.12529994547367096,0.9984330534934998,0.480940580368042,0.33656182885169983,-0.05082516372203827,0.9937636256217957,0.5163912177085876,0.3524976074695587,-0.26779457926750183,0.9978674650192261,0.4940602481365204,0.3530839681625366,-0.2475014328956604,0.9973354935646057,0.5875805020332336,0.38734978437423706,-0.10153744369745255,0.9990166425704956,0.4455517530441284,0.39368221163749695,0.0964096188545227,0.9969425797462463,0.5681546926498413,0.4282723069190979,-0.3653090298175812,0.9793557524681091,0.400063157081604,0.4407278597354889,-0.1382090002298355,0.9403773546218872,0.5217029452323914,0.3682069778442383,-0.5970089435577393,0.9748861789703369,0.4558352828025818,0.38435059785842896,-0.5025227069854736,0.9338838458061218,0.5178173780441284,0.3490772247314453,-0.6604586839675903,0.9484239816665649,0.4660881459712982,0.36514997482299805,-0.5731478929519653,0.8430516123771667,0.5236238837242126,0.34481891989707947,-0.6373688578605652,0.9429834485054016,0.4687727689743042,0.3630620837211609,-0.5400354862213135,0.8227545022964478,0.5238982439041138,0.35126274824142456,-0.5926179885864258,0.9121111631393433,0.46884360909461975,0.37021952867507935,-0.5020738244056702,0.7778312563896179,0.5572828650474548,0.5254293084144592,-0.07710858434438705,0.9988040924072266,0.4706023633480072,0.5281161069869995,0.07725384831428528,0.9973306655883789,0.5137130618095398,0.6159641146659851,-0.3696349561214447,0.9520668983459473,0.4989955723285675,0.6305528879165649,-0.01055978238582611,0.7547600269317627,0.5437658429145813,0.7181838154792786,-0.194023996591568,0.9360461831092834,0.5291922688484192,0.7244699001312256,0.2218867987394333,0.8299534320831299,0.5531725287437439,0.7261872887611389,-0.18780173361301422,0.5751006007194519,0.5364890694618225,0.7431220412254333,0.23427057266235352,0.6518020629882812,0.5212810039520264,0.7658706307411194,-0.4447774887084961,0.9290481209754944,0.5125918984413147,0.7648016214370728,0.0066414750181138515,0.8507962226867676
IMG_9705,2,66,good,0.503801167011261,0.34199637174606323,-0.3540101647377014,0.9989931583404541,0.5144919753074646,0.33301493525505066,-0.33621805906295776,0.9982761740684509,0.5200011730194092,0.3328036367893219,-0.3362956643104553,0.9984167814254761,0.5253548622131348,0.33259662985801697,-0.3363933265209198,0.9984239339828491,0.4986991584300995,0.33336201310157776,-0.31329259276390076,0.9975064396858215,0.49357473850250244,0.33342400193214417,-0.3133351504802704,0.9967710971832275,0.48856163024902344,0.33336618542671204,-0.3134593665599823,0.9970889091491699,0.540215015411377,0.3379661440849304,-0.18023231625556946,0.9983673691749573,0.4816994071006775,0.3366806209087372,-0.07188219577074051,0.9936103224754333,0.5164656639099121,0.3524981141090393,-0.290813148021698,0.9977383017539978,0.49469295144081116,0.3531419634819031,-0.26141685247421265,0.9972060918807983,0.5879759192466736,0.3864664137363434,-0.16468581557273865,0.9990221858024597,0.44733893871307373,0.39190855622291565,0.0964130312204361,0.9970529079437256,0.5682238936424255,0.4284738004207611,-0.4215008616447449,0.9797556400299072,0.3991769254207611,0.44075900316238403,-0.13713091611862183,0.9380837082862854,0.5203313231468201,0.3663536310195923,-0.6112349629402161,0.9739257097244263,0.4566495418548584,0.38523900508880615,-0.519618034362793,0.9315654039382935,0.5142560005187988,0.34574705362319946,-0.6717257499694824,0.9469354748725891,0.46704286336898804,0.36851826310157776,-0.5899195075035095,0.839765727519989,0.5206820964813232,0.34189242124557495,-0.644508957862854,0.9413557052612305,0.4699815511703491,0.36450573801994324,-0.5575457811355591,0.8192277550697327,0.5218002796173096,0.3484775722026825,-0.6035805344581604,0.9099020957946777,0.4699794054031372,0.3715181052684784,-0.5200738310813904,0.7743406891822815,0.5573112368583679,0.5247468948364258,-0.10689344257116318,0.9987202286720276,0.4707322418689728,0.5268308520317078,0.1070534884929657,0.9972801208496094,0.5138132572174072,0.6159326434135437,-0.3431709408760071,0.9498324394226074,0.4992506802082062,0.6303604245185852,0.011483998037874699,0.7332486510276794,0.5437428951263428,0.7183687686920166,-0.14976383745670319,0.9337049126625061,0.5260317921638489,0.7252075672149658,0.2355303019285202,0.8212656378746033,0.5533182621002197,0.7248298525810242,-0.1399115025997162,0.5760561227798462,0.5372158288955688,0.7438846826553345,0.2486036866903305,0.6533443927764893,0.5158194899559021,0.7681187987327576,-0.3631781041622162,0.925920844078064,0.5036298632621765,0.7629719376564026,0.037151724100112915,0.8455075621604919
IMG_9705,3,99,good,0.5033422112464905,0.3425949811935425,-0.3237217962741852,0.9989762306213379,0.5138264298439026,0.3342188894748688,-0.303626149892807,0.998285710811615,0.5193843841552734,0.3341488540172577,-0.3037250339984894,0.9984242916107178,0.5248434543609619,0.3340008854866028,-0.3038780391216278,0.998432457447052,0.4976406991481781,0.3342393636703491,-0.27996113896369934,0.9975100755691528,0.49244335293769836,0.3342626690864563,-0.27998867630958557,0.996744692325592,0.4872802197933197,0.33422908186912537,-0.2800743281841278,0.9970622658729553,0.539582371711731,0.3382221758365631,-0.14500854909420013,0.9984320402145386,0.4812908470630646,0.3372533619403839,-0.03050626814365387,0.9936979413032532,0.5161535143852234,0.3526045083999634,-0.25929978489875793,0.9977751970291138,0.4938678443431854,0.3532252907752991,-0.22881408035755157,0.9972376227378845,0.5877755880355835,0.3865309953689575,-0.15022219717502594,0.9990788102149963,0.4477021396160126,0.39184340834617615,0.1526104360818863,0.9971305131912231,0.5686648488044739,0.4282016158103943,-0.4059394598007202,0.9806226491928101,0.39805614948272705,0.4407655596733093,-0.06722081452608109,0.9348344802856445,0.5242061614990234,0.36638906598091125,-0.5694822072982788,0.9743161797523499,0.45666179060935974,0.38528695702552795,-0.4562717378139496,0.9290359020233154,0.5170377492904663,0.3439098298549652,-0.6291322112083435,0.9477131962776184,0.4670388996601105,0.36899104714393616,-0.523645281791687,0.8363305926322937,0.5239672660827637,0.33914807438850403,-0.598183274269104,0.9421749711036682,0.4706062376499176,0.3659915328025818,-0.49099257588386536,0.8155604600906372,0.5241585969924927,0.346228688955307,-0.5596078634262085,0.9109968543052673,0.47071337699890137,0.3725530207157135,-0.45687371492385864,0.7709898352622986,0.5570955276489258,0.5247411131858826,-0.11175654083490372,0.9987296462059021,0.47097334265708923,0.526837944984436,0.11206597834825516,0.9973068237304688,0.5138692259788513,0.6159064769744873,-0.3840400278568268,0.9493178725242615,0.4994048476219177,0.6304053068161011,0.013464006595313549,0.712576687335968,0.5433480143547058,0.7188549041748047,-0.1932869702577591,0.932717502117157,0.5256667137145996,0.7303876876831055,0.2420838177204132,0.8139054775238037,0.5532442331314087,0.7243854403495789,-0.18216368556022644,0.5812700986862183,0.5375339984893799,0.7472360134124756,0.2550835907459259,0.6567829847335815,0.5147485136985779,0.7694044709205627,-0.37496328353881836,0.9242016673088074,0.49918025732040405,0.764069139957428,0.047513511031866074,0.8387691974639893
IMG_9705,4,132,good,0.5014510154724121,0.3444698452949524,-0.3339642584323883,0.9989339113235474,0.5122315287590027,0.3366200625896454,-0.3129079341888428,0.9982433915138245,0.5177353024482727,0.3366747796535492,-0.31300848722457886,0.9983800053596497,0.523223340511322,0.336617112159729,-0.3131520748138428,0.9983944296836853,0.495697021484375,0.3362545073032379,-0.2890875041484833,0.9974428415298462,0.4903744161128998,0.33612486720085144,-0.28912708163261414,0.9966265559196472,0.4851490259170532,0.33593955636024475,-0.2892085611820221,0.9969626069068909,0.5371480584144592,0.33954840898513794,-0.14872267842292786,0.9984307289123535,0.4797506332397461,0.3381350636482239,-0.034182727336883545,0.9935338497161865,0.5142092108726501,0.35394594073295593,-0.2689303159713745,0.9977256059646606,0.4918549060821533,0.35435789823532104,-0.2370612472295761,0.9971566200256348,0.5862621068954468,0.3869938254356384,-0.14209003746509552,0.9991109371185303,0.4474834203720093,0.39210376143455505,0.13764196634292603,0.997144341468811,0.5690930485725403,0.4273296594619751,-0.4085502028465271,0.9811808466911316,0.39805692434310913,0.4412403106689453,-0.08844251930713654,0.9319441318511963,0.5279000401496887,0.3584369719028473,-0.5991106033325195,0.9745573401451111,0.45656365156173706,0.3859120011329651,-0.48341014981269836,0.9277538061141968,0.5225919485092163,0.33895426988601685,-0.6607216000556946,0.9483709931373596,0.4670264720916748,0.36976853013038635,-0.5533352494239807,0.8350961208343506,0.5271545648574829,0.3351174294948578,-0.6279394030570984,0.9428547024726868,0.47060272097587585,0.36737483739852905,-0.5220500230789185,0.814439058303833,0.5279213190078735,0.34188249707221985,-0.5891633629798889,0.9119184017181396,0.4707753360271454,0.372549831867218,-0.48550111055374146,0.7702411413192749,0.5570794343948364,0.52457594871521,-0.113530732691288,0.9986963272094727,0.47099724411964417,0.5266514420509338,0.1138148084282875,0.9972718358039856,0.5138678550720215,0.6158697009086609,-0.37210288643836975,0.9486263394355774,0.500002920627594,0.6302487850189209,0.02900036610662937,0.6971507668495178,0.5428525805473328,0.718123733997345,-0.17438319325447083,0.9324514865875244,0.5251967906951904,0.7300608158111572,0.26473915576934814,0.8106473088264465,0.5532046556472778,0.7218600511550903,-0.16377627849578857,0.5858941674232483,0.540723443031311,0.7471235394477844,0.2780908942222595,0.6638575196266174,0.511756181716919,0.7699709534645081,-0.38173332810401917,0.9233257174491882,0.4981234073638916,0.7640506029129028,0.0713401809334755,0.8370625376701355
IMG_9705,5,165,good,0.5012377500534058,0.3446342349052429,-0.3271820545196533,0.9989530444145203,0.5110546350479126,0.3365890383720398,-0.3048087954521179,0.9982703924179077,0.5164232850074768,0.3365841805934906,-0.3049158453941345,0.9984017014503479,0.5218262672424316,0.33647939562797546,-0.3050583302974701,0.9984148740768433,0.49513810873031616,0.3363783061504364,-0.28261467814445496,0.9974832534790039,0.48984718322753906,0.33630117774009705,-0.2826317548751831,0.9966655373573303,0.48462027311325073,0.3361983597278595,-0.28272661566734314,0.9970014691352844,0.5348950028419495,0.33954718708992004,-0.13473717868328094,0.99849534034729,0.4788786768913269,0.3386233448982239,-0.02893221005797386,0.9937108755111694,0.513878345489502,0.35397443175315857,-0.2600499093532562,0.9977902173995972,0.49174046516418457,0.35449087619781494,-0.23089875280857086,0.9972391128540039,0.5851975679397583,0.3867143392562866,-0.12539079785346985,0.9991530776023865,0.4460609257221222,0.3928336501121521,0.14635196328163147,0.9972647428512573,0.5684965252876282,0.4271574914455414,-0.3855299949645996,0.9816125631332397,0.39784911274909973,0.44172003865242004,-0.07885907590389252,0.9309470653533936,0.5220258831977844,0.35883888602256775,-0.5828565359115601,0.9745352864265442,0.4565679430961609,0.3863799273967743,-0.46886178851127625,0.9268461465835571,0.5159787535667419,0.3396666646003723,-0.6470250487327576,0.9483611583709717,0.4670105278491974,0.3705144226551056,-0.540846586227417,0.833678662776947,0.5223293304443359,0.33534637093544006,-0.6181401610374451,0.9427821636199951,0.47045981884002686,0.36735594272613525,-0.5096078515052795,0.8128563761711121,0.5237978100776672,0.34204429388046265,-0.575106143951416,0.9118841886520386,0.4706166088581085,0.37299636006355286,-0.4709048569202423,0.7689152359962463,0.5565692186355591,0.5246379971504211,-0.1088797077536583,0.9986770749092102,0.47093120217323303,0.5269622206687927,0.10913551598787308,0.9973258972167969,0.513818085193634,0.6163805723190308,-0.361618310213089,0.9471899271011353,0.5012175440788269,0.6304792761802673,0.017688503488898277,0.6879886984825134,0.5424421429634094,0.7170764803886414,-0.10208255052566528,0.9268091917037964,0.5252282023429871,0.7313738465309143,0.261976957321167,0.8074566721916199,0.5532015562057495,0.7219216227531433,-0.08515100926160812,0.5748058557510376,0.5405908823013306,0.7462584972381592,0.27364322543144226,0.6659689545631409,0.5120872259140015,0.7699523568153381,-0.3003396689891815,0.9163799285888672,0.5025899410247803,0.7675666213035583,0.06168949604034424,0.8315355777740479
IMG_9705,6,198,good,0.4996766149997711,0.34542667865753174,-0.32219618558883667,0.9989659190177917,0.5093207955360413,0.337488055229187,-0.297201007604599,0.9982894062995911,0.514716625213623,0.33743682503700256,-0.29729458689689636,0.9984108209609985,0.5201530456542969,0.33725637197494507,-0.2974165380001068,0.9984293580055237,0.4933999478816986,0.337268203496933,-0.2767641544342041,0.9975146651268005,0.48806145787239075,0.33718904852867126,-0.2767917811870575,0.9967024326324463,0.4828786253929138,0.33702021837234497,-0.27690064907073975,0.9970561265945435,0.5329198241233826,0.3398323953151703,-0.1237817257642746,0.9985253214836121,0.4774939715862274,0.33896520733833313,-0.027329299598932266,0.9938295483589172,0.511932373046875,0.35428181290626526,-0.25496718287467957,0.9978228211402893,0.49014413356781006,0.35496005415916443,-0.22830995917320251,0.9972943663597107,0.5837323665618896,0.38671910762786865,-0.10531715303659439,0.9991697669029236,0.4454162120819092,0.3931118845939636,0.13984480500221252,0.9973334670066833,0.5695766806602478,0.4270525574684143,-0.3692627549171448,0.9819197654724121,0.39713576436042786,0.44211405515670776,-0.085820272564888,0.9295423030853271,0.5249878764152527,0.3581353425979614,-0.5787919163703918,0.9747369885444641,0.45476034283638,0.38643521070480347,-0.4952457547187805,0.926996648311615,0.5187684893608093,0.33795320987701416,-0.6428977847099304,0.9487289190292358,0.46570315957069397,0.37106606364250183,-0.5716317296028137,0.8349075317382812,0.523566722869873,0.3346829116344452,-0.6123819351196289,0.9431011080741882,0.4690488874912262,0.36728939414024353,-0.5408050417900085,0.8143982887268066,0.5253984332084656,0.34089499711990356,-0.5707471966743469,0.9124834537506104,0.4691126346588135,0.37315279245376587,-0.4977441728115082,0.7711883187294006,0.5558450222015381,0.524612307548523,-0.1070159524679184,0.9986438155174255,0.4705798923969269,0.526728093624115,0.10726838558912277,0.9973568916320801,0.5131316781044006,0.6164814233779907,-0.3287028670310974,0.9463561177253723,0.5017059445381165,0.6302957534790039,0.005235671065747738,0.68268883228302,0.5406756401062012,0.7163335084915161,-0.07851799577474594,0.9249271750450134,0.5254831910133362,0.7314273118972778,0.24036277830600739,0.8093379139900208,0.5502734780311584,0.7216579914093018,-0.06314393132925034,0.5742850303649902,0.5407480001449585,0.743902862071991,0.2524871528148651,0.6726979613304138,0.5115475058555603,0.7695856690406799,-0.2809961140155792,0.9139418005943298,0.5042363405227661,0.7675579786300659,0.04376683384180069,0.8315107822418213
IMG_9705,7,231,good,0.49897274374961853,0.34624040126800537,-0.3051360249519348,0.9989517331123352,0.5081790685653687,0.338153213262558,-0.2809962034225464,0.9982719421386719,0.5134260654449463,0.3379477262496948,-0.28109636902809143,0.9983846545219421,0.5187206864356995,0.33765390515327454,-0.2812102437019348,0.9984066486358643,0.4926084280014038,0.3381376266479492,-0.2599778473377228,0.9974856972694397,0.4873398244380951,0.33808979392051697,-0.2599996030330658,0.9966442584991455,0.4821412265300751,0.3379286229610443,-0.2600949704647064,0.9970229864120483,0.5310364365577698,0.34013617038726807,-0.1122300997376442,0.9985324740409851,0.4764828085899353,0.33970314264297485,-0.013013402000069618,0.9938405752182007,0.5111110806465149,0.35480889678001404,-0.23989975452423096,0.9978049993515015,0.48979395627975464,0.35582125186920166,-0.21244265139102936,0.9972959756851196,0.5828384160995483,0.3868456780910492,-0.10245070606470108,0.9991973042488098,0.4435839354991913,0.3935038149356842,0.15724177658557892,0.9974250793457031,0.5684040188789368,0.4274386167526245,-0.36516469717025757,0.9821915626525879,0.3961217701435089,0.442681223154068,-0.06564921885728836,0.9291744828224182,0.5246642231941223,0.3589984178543091,-0.5652027130126953,0.9744225144386292,0.4548342227935791,0.3865959346294403,-0.44905543327331543,0.925804853439331,0.5168642401695251,0.33860620856285095,-0.6303004622459412,0.9483205676078796,0.4657568633556366,0.3712126612663269,-0.5225669741630554,0.8326598405838013,0.5231557488441467,0.3350253999233246,-0.6017735600471497,0.9426054954528809,0.4690783619880676,0.36729520559310913,-0.4898597002029419,0.8119391202926636,0.5253235697746277,0.3414120078086853,-0.5582982301712036,0.9118828177452087,0.4691508114337921,0.37330806255340576,-0.4507819712162018,0.7691065073013306,0.5546786785125732,0.5251744389533997,-0.108636274933815,0.9986127614974976,0.4702954590320587,0.52754145860672,0.10890229791402817,0.9973798990249634,0.513134241104126,0.6180687546730042,-0.30502182245254517,0.9452037215232849,0.5025083422660828,0.6308574676513672,0.013426742516458035,0.6757674217224121,0.5376999974250793,0.716809868812561,-0.07846130430698395,0.9243572354316711,0.5255086421966553,0.7327863574028015,0.2411125749349594,0.8095828890800476,0.5500388741493225,0.729081928730011,-0.06534699350595474,0.5772472620010376,0.5407147407531738,0.7441386580467224,0.25324511528015137,0.6794174313545227,0.5107182860374451,0.7697840332984924,-0.2840889096260071,0.912798285484314,0.5050286650657654,0.7679587602615356,0.044035401195287704,0.8314652442932129
IMG_9705,8,265,good,0.4978841245174408,0.3476713299751282,-0.31198352575302124,0.9989911317825317,0.5072298049926758,0.3395673334598541,-0.28686052560806274,0.9983312487602234,0.5124844312667847,0.3393859267234802,-0.28696107864379883,0.9984305500984192,0.5177284479141235,0.33912307024002075,-0.287081778049469,0.9984549880027771,0.49117419123649597,0.33943143486976624,-0.2670917809009552,0.9975772500038147,0.485651433467865,0.3393154442310333,-0.26712918281555176,0.9967597126960754,0.4802641272544861,0.3390803933143616,-0.2672420144081116,0.9971346259117126,0.5296067595481873,0.34142005443573,-0.11290039122104645,0.9985840916633606,0.47389382123947144,0.34070339798927307,-0.01753682643175125,0.9940624833106995,0.5094529986381531,0.3559836447238922,-0.24405062198638916,0.9978893995285034,0.48811307549476624,0.3569449782371521,-0.21799339354038239,0.9974061250686646,0.5809668898582458,0.38766321539878845,-0.10108204185962677,0.9992085695266724,0.44149312376976013,0.39486467838287354,0.14318114519119263,0.9975178241729736,0.5686402320861816,0.42744871973991394,-0.3667241036891937,0.9821385741233826,0.39541926980018616,0.4435988962650299,-0.0998518168926239,0.9292226433753967,0.5244657397270203,0.36039474606513977,-0.6047354936599731,0.974091649055481,0.45390239357948303,0.38684260845184326,-0.5100260972976685,0.9269523620605469,0.5162408351898193,0.3388708829879761,-0.6740884184837341,0.9478129148483276,0.4645703136920929,0.3715411126613617,-0.5853126049041748,0.8357707262039185,0.5227850675582886,0.3356490135192871,-0.6440384984016418,0.9420316219329834,0.4676337242126465,0.3673163950443268,-0.5575647354125977,0.8155884742736816,0.5248047709465027,0.34309208393096924,-0.5977203845977783,0.9111731648445129,0.4679132401943207,0.37345585227012634,-0.5128560662269592,0.7733482718467712,0.5537965297698975,0.5254389643669128,-0.10378026217222214,0.9986346960067749,0.46971532702445984,0.527621865272522,0.10403279960155487,0.9974883198738098,0.5118200182914734,0.6180763840675354,-0.305660218000412,0.9462205171585083,0.502564549446106,0.6308678984642029,0.013626337051391602,0.6819477677345276,0.5358288884162903,0.7155067920684814,-0.06691844016313553,0.9238505363464355,0.5255268812179565,0.7331570386886597,0.2603287398815155,0.8165721297264099,0.5472820997238159,0.7223497033119202,-0.04822618514299393,0.581003725528717,0.5406792759895325,0.7433518767356873,0.27498242259025574,0.6904001832008362,0.5117961168289185,0.7683281302452087,-0.25657662749290466,0.9116436243057251,0.5069440603256226,0.768377423286438,0.06494075804948807,0.8348451256752014
IMG_9705,9,298,good,0.49602434039115906,0.34755489230155945,-0.28980207443237305,0.9989933967590332,0.5048086643218994,0.33939945697784424,-0.2657206356525421,0.9983127117156982,0.5098540186882019,0.3392057418823242,-0.26583194732666016,0.9984157681465149,0.5149816274642944,0.3389410674571991,-0.265956848859787,0.9984400272369385,0.4902399182319641,0.33938494324684143,-0.24399197101593018,0.9975704550743103,0.4851728081703186,0.33931872248649597,-0.24397337436676025,0.996727705001831,0.48006823658943176,0.3391166627407074,-0.2440875619649887,0.9970865249633789,0.5271133184432983,0.341397762298584,-0.0995122492313385,0.99860680103302,0.47390446066856384,0.34077733755111694,0.0021639422047883272,0.9939771294593811,0.507205605506897,0.35595420002937317,-0.22554415464401245,0.9979151487350464,0.4872133731842041,0.3569031357765198,-0.19741791486740112,0.9974656105041504,0.5798885822296143,0.38766464591026306,-0.09498760104179382,0.999232292175293,0.4410451650619507,0.3950151801109314,0.1788988709449768,0.9975752234458923,0.56690913438797,0.42745286226272583,-0.3553844690322876,0.9830964803695679,0.3930889964103699,0.44373053312301636,-0.03344930335879326,0.9252530336380005,0.5161808133125305,0.3604421019554138,-0.5651198029518127,0.9752712845802307,0.4514530301094055,0.38942641019821167,-0.4218032658100128,0.9239397048950195,0.5103008151054382,0.3392717242240906,-0.6307912468910217,0.9499046802520752,0.4623902142047882,0.37422141432762146,-0.4915371239185333,0.831250011920929,0.515590250492096,0.3359605371952057,-0.6030760407447815,0.9443387389183044,0.4658604562282562,0.3719216585159302,-0.4610968232154846,0.8107340335845947,0.5177865624427795,0.34291812777519226,-0.5576118230819702,0.9143903851509094,0.4659217298030853,0.3776871860027313,-0.4238892197608948,0.768380880355835,0.5523433685302734,0.5256813168525696,-0.10306672006845474,0.998666524887085,0.46855172514915466,0.5280779004096985,0.10331524163484573,0.997588038444519,0.5113444328308105,0.6182523965835571,-0.34159788489341736,0.946571946144104,0.5025433897972107,0.631932258605957,0.014597563073039055,0.6830875873565674,0.5346325039863586,0.7106226086616516,-0.08208857476711273,0.9174492359161377,0.52561354637146,0.7394975423812866,0.25303906202316284,0.8218753933906555,0.5455284714698792,0.7178359627723694,-0.0629110038280487,0.574419379234314,0.5468646287918091,0.7572795748710632,0.265145480632782,0.6998980045318604,0.4965398609638214,0.7603291869163513,-0.25454825162887573,0.9058403968811035,0.5089698433876038,0.7729507088661194,0.05881867557764053,0.8363685607910156
IMG_9705,10,331,good,0.49357107281684875,0.3499111235141754,-0.37352073192596436,0.9988862872123718,0.5028614401817322,0.34210631251335144,-0.35347917675971985,0.9981698989868164,0.5080388784408569,0.34208548069000244,-0.35354211926460266,0.9982811808586121,0.5131459832191467,0.3419753313064575,-0.3536493480205536,0.9982993602752686,0.48697593808174133,0.34174251556396484,-0.33241453766822815,0.9973477125167847,0.4816564917564392,0.34161725640296936,-0.3324822187423706,0.9964482188224792,0.47624269127845764,0.3413727879524231,-0.33260583877563477,0.996830403804779,0.5257405638694763,0.34381023049354553,-0.18730391561985016,0.9985090494155884,0.4702983498573303,0.3429615795612335,-0.0877431258559227,0.9935714602470398,0.5050647258758545,0.3583233654499054,-0.30700865387916565,0.997775137424469,0.4842308759689331,0.3594123423099518,-0.27952030301094055,0.9972469806671143,0.5780798196792603,0.38856762647628784,-0.16355586051940918,0.9992368817329407,0.4393913149833679,0.3960149586200714,0.09420211613178253,0.997555673122406,0.566764235496521,0.42754366993904114,-0.43015214800834656,0.9834115505218506,0.39216873049736023,0.4439149796962738,-0.14717882871627808,0.9238904714584351,0.5165501236915588,0.36064931750297546,-0.6369432210922241,0.9750178456306458,0.4510609805583954,0.3893282115459442,-0.5670269131660461,0.9226844310760498,0.5104807615280151,0.3394806981086731,-0.6989715099334717,0.9495648741722107,0.46064502000808716,0.3739984929561615,-0.6396737694740295,0.8299106359481812,0.5159178376197815,0.33607885241508484,-0.6682263016700745,0.9439438581466675,0.46451517939567566,0.3716503083705902,-0.6097610592842102,0.809493362903595,0.5179491639137268,0.3431895673274994,-0.6282058954238892,0.9138413071632385,0.46496468782424927,0.37746626138687134,-0.5693687200546265,0.767501175403595,0.5517270565032959,0.5264120101928711,-0.11207005381584167,0.998588502407074,0.4681767225265503,0.5288683772087097,0.11229324340820312,0.9974967837333679,0.5111693143844604,0.61922687292099,-0.3227791488170624,0.9468783736228943,0.502202033996582,0.6319169402122498,0.042327914386987686,0.6705895066261292,0.5346372723579407,0.7164450287818909,-0.09250372648239136,0.9192182421684265,0.5233033895492554,0.7337623238563538,0.28417614102363586,0.8175618648529053,0.5455543994903564,0.7229069471359253,-0.08373494446277618,0.5821434855461121,0.5400755405426025,0.7464786767959595,0.2979518473148346,0.7035279870033264,0.4987201690673828,0.7674833536148071,-0.304519385099411,0.9070127010345459,0.4991298019886017,0.7695232629776001,0.09033482521772385,0.8353666067123413
IMG_9705,11,364,good,0.4933287501335144,0.34976959228515625,-0.37033611536026,0.9988816976547241,0.5018119812011719,0.3419700264930725,-0.3472733199596405,0.998126208782196,0.5068002939224243,0.34179168939590454,-0.3474070429801941,0.9982345104217529,0.5117950439453125,0.3415030241012573,-0.34754371643066406,0.9982329607009888,0.48696571588516235,0.34161463379859924,-0.32603636384010315,0.9973379969596863,0.4818345308303833,0.34148213267326355,-0.32612013816833496,0.9964306354522705,0.47654515504837036,0.3412262499332428,-0.32618919014930725,0.996799886226654,0.524372398853302,0.34354421496391296,-0.17533357441425323,0.9984812140464783,0.4705767035484314,0.3428516685962677,-0.07591752707958221,0.9935513138771057,0.5047964453697205,0.3582642376422882,-0.30332884192466736,0.9977731704711914,0.4843691289424896,0.3592781722545624,-0.2755173146724701,0.9972986578941345,0.5774392485618591,0.38843196630477905,-0.1525784134864807,0.9992238283157349,0.4386022984981537,0.3959880471229553,0.10095997899770737,0.9976401925086975,0.5660852789878845,0.4301486313343048,-0.4102991223335266,0.983914852142334,0.385560542345047,0.44424968957901,-0.1400316059589386,0.9254591464996338,0.5152544379234314,0.3629007935523987,-0.6272060871124268,0.9753990769386292,0.44906947016716003,0.38983678817749023,-0.5273311138153076,0.923242449760437,0.5077474117279053,0.34286394715309143,-0.6886561512947083,0.9498600363731384,0.459057480096817,0.3743680417537689,-0.5911995768547058,0.8296909332275391,0.5132104754447937,0.3389323353767395,-0.6612427830696106,0.9442182183265686,0.46275216341018677,0.3714806139469147,-0.5541648864746094,0.8089035153388977,0.5145851373672485,0.3458099663257599,-0.6202483773231506,0.9140166640281677,0.46323859691619873,0.37747493386268616,-0.5233933925628662,0.7666562795639038,0.5513058304786682,0.526878297328949,-0.10664290189743042,0.9986032247543335,0.46667346358299255,0.5291001200675964,0.10690827667713165,0.9975816011428833,0.5108779072761536,0.620267927646637,-0.39941656589508057,0.9474599361419678,0.5021923780441284,0.6352164149284363,0.03564697131514549,0.6718580722808838,0.5331575870513916,0.7155468463897705,-0.145383819937706,0.9135159254074097,0.524333119392395,0.7379222512245178,0.27237099409103394,0.8195132613182068,0.5428732633590698,0.7190792560577393,-0.12994512915611267,0.5727522373199463,0.5399971008300781,0.7526015639305115,0.28578540682792664,0.7087778449058533,0.4943171739578247,0.7621585130691528,-0.337289035320282,0.9011876583099365,0.5042082071304321,0.7741134762763977,0.07577472925186157,0.8340914249420166
IMG_9705,12,397,good,0.4926515221595764,0.3512677252292633,-0.4188632667064667,0.9989029765129089,0.5010648369789124,0.3430306613445282,-0.3960842788219452,0.9981581568717957,0.5061641335487366,0.3428952991962433,-0.39616504311561584,0.9982596635818481,0.5111662149429321,0.3426685631275177,-0.39628884196281433,0.9982619285583496,0.48554688692092896,0.34282737970352173,-0.37787356972694397,0.9973801970481873,0.4801498353481293,0.3427521586418152,-0.37791791558265686,0.9964708685874939,0.47474879026412964,0.34257400035858154,-0.37803971767425537,0.9968256950378418,0.5235633850097656,0.34471893310546875,-0.21570774912834167,0.9985076189041138,0.4680235981941223,0.34435707330703735,-0.12914511561393738,0.9936245679855347,0.5042085647583008,0.3597193956375122,-0.346778929233551,0.9978532195091248,0.4832669794559479,0.36080390214920044,-0.32297104597091675,0.9973785877227783,0.5769731402397156,0.3896855115890503,-0.17460204660892487,0.9992430210113525,0.4355858862400055,0.3971702456474304,0.04493414983153343,0.997707188129425,0.5657435655593872,0.43057143688201904,-0.4516941010951996,0.9843076467514038,0.38339194655418396,0.4454335570335388,-0.19970908761024475,0.9276742935180664,0.5153544545173645,0.36364397406578064,-0.7076007127761841,0.9760527610778809,0.44711193442344666,0.3900010883808136,-0.5990687608718872,0.9247749447822571,0.5080118775367737,0.3448997735977173,-0.7768326997756958,0.9509483575820923,0.45762285590171814,0.3742237091064453,-0.6695311665534973,0.8321908712387085,0.5134225487709045,0.34037065505981445,-0.7476348876953125,0.9453945755958557,0.46137306094169617,0.3715237081050873,-0.6376910209655762,0.8117558360099792,0.5147773623466492,0.34687870740890503,-0.7005678415298462,0.9157431721687317,0.46195197105407715,0.37732645869255066,-0.5989407896995544,0.770148515701294,0.5511661767959595,0.5282115340232849,-0.09686946123838425,0.998572051525116,0.46546363830566406,0.5308646559715271,0.09708479791879654,0.9976092576980591,0.5103493928909302,0.6220911145210266,-0.39653778076171875,0.9466102123260498,0.5021746754646301,0.6386987566947937,0.023760946467518806,0.6744694709777832,0.5316992998123169,0.7157070636749268,-0.06621508300304413,0.9094205498695374,0.5243938565254211,0.738420844078064,0.2847651541233063,0.8218151926994324,0.5414395332336426,0.7192736864089966,-0.044852398335933685,0.5634744763374329,0.5393189787864685,0.7521975636482239,0.3021607995033264,0.7130540609359741,0.5035457611083984,0.763403058052063,-0.25805744528770447,0.8959220051765442,0.5066642165184021,0.7752954959869385,0.0829290822148323,0.8342863321304321
IMG_9705,13,430,good,0.49203959107398987,0.3509526252746582,-0.4413435161113739,0.9988963603973389,0.5003046989440918,0.342655211687088,-0.4152566194534302,0.9981416463851929,0.505267322063446,0.3425110876560211,-0.41532573103904724,0.9982418417930603,0.5101585388183594,0.3422802984714508,-0.4154289960861206,0.9982380270957947,0.48533982038497925,0.34251412749290466,-0.3994501829147339,0.997357189655304,0.4800771176815033,0.34245195984840393,-0.3994893729686737,0.9964480996131897,0.4747786819934845,0.34228581190109253,-0.3996420204639435,0.9967732429504395,0.5217030048370361,0.34449806809425354,-0.22933252155780792,0.9984737634658813,0.46771860122680664,0.3441711962223053,-0.15469573438167572,0.9935213923454285,0.5027748942375183,0.3594501316547394,-0.3680436611175537,0.9979051947593689,0.4825357496738434,0.3605501353740692,-0.3477521240711212,0.9974252581596375,0.5756548047065735,0.3899966776371002,-0.18423490226268768,0.9992266297340393,0.4331691265106201,0.39892688393592834,0.007690816652029753,0.9977079629898071,0.5660847425460815,0.4317217469215393,-0.48079946637153625,0.9845443367958069,0.37932783365249634,0.4469011723995209,-0.23974977433681488,0.9301765561103821,0.5153928399085999,0.3640736937522888,-0.7697963714599609,0.9766770005226135,0.44447004795074463,0.39004939794540405,-0.6259106993675232,0.9275325536727905,0.5082600116729736,0.3454689681529999,-0.8408941030502319,0.951744019985199,0.4545717239379883,0.37397831678390503,-0.6931458115577698,0.837067723274231,0.5135749578475952,0.34136682748794556,-0.8069432377815247,0.9462340474128723,0.45790234208106995,0.3712877929210663,-0.6619929671287537,0.8170071840286255,0.5148271918296814,0.3471975028514862,-0.7613790035247803,0.9167911410331726,0.4588437080383301,0.37685760855674744,-0.624462902545929,0.7757540345191956,0.5511248111724854,0.5297114253044128,-0.08397029340267181,0.998562216758728,0.4641646444797516,0.5318737030029297,0.08409414440393448,0.997637152671814,0.5088874101638794,0.6241791248321533,-0.39787575602531433,0.9462429881095886,0.5015010237693787,0.6407001614570618,0.0056211152113974094,0.6796962022781372,0.5311055779457092,0.7160937786102295,-0.06320059299468994,0.9039660096168518,0.5242360234260559,0.7380416393280029,0.2962374985218048,0.8221977949142456,0.5387474298477173,0.7193884253501892,-0.03926946967840195,0.5501886010169983,0.5362347364425659,0.7518122792243958,0.31641125679016113,0.7110289335250854,0.5049594640731812,0.7654463648796082,-0.2611371576786041,0.8896674513816833,0.5074516534805298,0.7759449481964111,0.08727412670850754,0.8327224850654602
IMG_9705,14,463,good,0.49155154824256897,0.3514203131198883,-0.4686985909938812,0.9988831877708435,0.5001266002655029,0.3430599272251129,-0.44208818674087524,0.9980902671813965,0.5051140785217285,0.34288471937179565,-0.44216689467430115,0.9981877207756042,0.510051429271698,0.34262385964393616,-0.4422653019428253,0.9981768131256104,0.4851703345775604,0.34303998947143555,-0.42716455459594727,0.9972988367080688,0.4798907935619354,0.34298720955848694,-0.42721885442733765,0.996392011642456,0.47458615899086,0.3428570330142975,-0.4273839592933655,0.9967035055160522,0.5213333964347839,0.3451143503189087,-0.2505896985530853,0.9983142018318176,0.4669106900691986,0.3448503613471985,-0.1811583787202835,0.9933133721351624,0.5020660161972046,0.3597753942012787,-0.39327701926231384,0.9979103207588196,0.48157206177711487,0.3608914017677307,-0.3743942379951477,0.9974344968795776,0.5756016969680786,0.3914976119995117,-0.18980363011360168,0.9991438388824463,0.4307079017162323,0.40079018473625183,-0.022856416180729866,0.9976475238800049,0.5666069984436035,0.4344465434551239,-0.4913868010044098,0.9843212366104126,0.3774780035018921,0.4495159387588501,-0.265211820602417,0.9328079223632812,0.5155825018882751,0.36768606305122375,-0.8039571046829224,0.9768029451370239,0.4426434636116028,0.39087554812431335,-0.6479540467262268,0.9297375679016113,0.5072900056838989,0.34885406494140625,-0.8788158297538757,0.9514212012290955,0.45314058661460876,0.3740849792957306,-0.7180505990982056,0.8408082127571106,0.5138144493103027,0.3441857695579529,-0.8453418612480164,0.9459068179130554,0.45619362592697144,0.3711402118206024,-0.6865959167480469,0.8211624026298523,0.5150094628334045,0.35031411051750183,-0.7965608239173889,0.9161641001701355,0.4569932520389557,0.3771260976791382,-0.6461764574050903,0.7801423668861389,0.5510793328285217,0.5321253538131714,-0.0669209435582161,0.9984661936759949,0.4635471999645233,0.5341435670852661,0.06697452068328857,0.99755859375,0.5088571906089783,0.6268618106842041,-0.310860276222229,0.9451195597648621,0.5015202164649963,0.6408693194389343,-0.00046594568993896246,0.6909667253494263,0.5302078127861023,0.7189016342163086,0.01989755779504776,0.903195858001709,0.5243914723396301,0.7379411458969116,0.34590840339660645,0.8231230974197388,0.5366630554199219,0.722348153591156,0.04227721318602562,0.5504147410392761,0.5359874367713928,0.7482708692550659,0.371882826089859,0.7055514454841614,0.5065663456916809,0.7668648958206177,-0.20410241186618805,0.888318657875061,0.5111960172653198,0.7756389379501343,0.13310228288173676,0.8310078978538513
IMG_9705,15,497,good,0.4915913939476013,0.3516581952571869,-0.5143287181854248,0.9989232420921326,0.5001992583274841,0.34306561946868896,-0.4899992346763611,0.9981464743614197,0.5051908493041992,0.3428521156311035,-0.49005284905433655,0.9982362985610962,0.5101127624511719,0.3425825238227844,-0.4901145100593567,0.9982135891914368,0.48528751730918884,0.3430996537208557,-0.4736807942390442,0.9973905086517334,0.4800201952457428,0.343013733625412,-0.4737618565559387,0.9965341687202454,0.4746900796890259,0.3428773581981659,-0.47393059730529785,0.9968120455741882,0.5216056108474731,0.34536728262901306,-0.2991803288459778,0.9983006715774536,0.4666946530342102,0.3453567624092102,-0.22238384187221527,0.9935284852981567,0.5021939277648926,0.36044982075691223,-0.43838152289390564,0.9980028867721558,0.4816649258136749,0.36143022775650024,-0.41739755868911743,0.9975330233573914,0.5759834051132202,0.3920093774795532,-0.22803911566734314,0.999122142791748,0.4303807020187378,0.40101832151412964,-0.06163054704666138,0.9976971745491028,0.5693854093551636,0.43669068813323975,-0.5272433757781982,0.9842966198921204,0.37648746371269226,0.45098450779914856,-0.3243407607078552,0.9374359846115112,0.5163754224777222,0.37364962697029114,-0.8375970125198364,0.9769510626792908,0.4427964985370636,0.3913925290107727,-0.7207123637199402,0.933992326259613,0.5074741244316101,0.35420894622802734,-0.911223828792572,0.9511057734489441,0.4533129632472992,0.37346747517585754,-0.789478600025177,0.8485079407691956,0.5139690637588501,0.34949904680252075,-0.8756310939788818,0.9455655217170715,0.45628777146339417,0.36999496817588806,-0.7568384408950806,0.8295791149139404,0.5151100158691406,0.35514751076698303,-0.8286545276641846,0.9152583479881287,0.45716193318367004,0.3768124580383301,-0.7175557017326355,0.7892929315567017,0.5510984063148499,0.5340196490287781,-0.0711524486541748,0.9984531402587891,0.4633670747280121,0.5352299809455872,0.07122272998094559,0.9975343942642212,0.5082700848579407,0.6294547915458679,-0.31800803542137146,0.9459049701690674,0.5015033483505249,0.6414496302604675,0.07719513028860092,0.703136682510376,0.5262435674667358,0.7235739231109619,0.006953089963644743,0.906548023223877,0.5248978137969971,0.7347422242164612,0.45719799399375916,0.8243934512138367,0.5339316725730896,0.7306274175643921,0.01143663004040718,0.5542040467262268,0.5368353128433228,0.7411628365516663,0.4856245815753937,0.7055272459983826,0.5071998238563538,0.7699500322341919,-0.3104270398616791,0.8902653455734253,0.5127350687980652,0.7754475474357605,0.2502307593822479,0.8317976593971252
IMG_9705,16,530,good,0.4916740655899048,0.35345855355262756,-0.5846651792526245,0.9989883303642273,0.500450074672699,0.34474581480026245,-0.563271701335907,0.9982690215110779,0.5055179595947266,0.34458571672439575,-0.5633481740951538,0.9983537793159485,0.5105488896369934,0.3443676233291626,-0.5634685754776001,0.9983313083648682,0.48537495732307434,0.3446531593799591,-0.5446274876594543,0.997553288936615,0.48010241985321045,0.3445253372192383,-0.5447012782096863,0.9967517256736755,0.4746854305267334,0.3443640172481537,-0.5448331832885742,0.9969843029975891,0.5217991471290588,0.3477593660354614,-0.37787488102912903,0.9984045624732971,0.4664209187030792,0.34725889563560486,-0.2904106378555298,0.9939247369766235,0.5022488832473755,0.3634010851383209,-0.509977400302887,0.9981560111045837,0.48178011178970337,0.36413779854774475,-0.4856892228126526,0.9976803660392761,0.576420247554779,0.3945235311985016,-0.3099972605705261,0.9991685748100281,0.4299411177635193,0.403016060590744,-0.12192631512880325,0.9977237582206726,0.5746949911117554,0.4367034137248993,-0.6390768885612488,0.9846566915512085,0.3767792582511902,0.4522193968296051,-0.4068463146686554,0.9409148693084717,0.5221154093742371,0.3728051781654358,-0.9615567922592163,0.9771841764450073,0.4429585635662079,0.3914024531841278,-0.8267987370491028,0.9368265867233276,0.5121296644210815,0.3532642424106598,-1.0368798971176147,0.9511733651161194,0.4534911513328552,0.37212345004081726,-0.8940771818161011,0.853533148765564,0.5172505974769592,0.3489372134208679,-0.9973078966140747,0.9456924796104431,0.456380158662796,0.36852312088012695,-0.8604265451431274,0.8350862860679626,0.5188925266265869,0.3544658124446869,-0.9508742690086365,0.9146870374679565,0.45738041400909424,0.3762127459049225,-0.8239167928695679,0.7945579886436462,0.5511382222175598,0.5361258387565613,-0.07321536540985107,0.9985281229019165,0.4633019268512726,0.5378468036651611,0.07334908097982407,0.9975135922431946,0.5072813034057617,0.6314018964767456,-0.4361901581287384,0.9444447159767151,0.5015334486961365,0.6422218084335327,0.14232270419597626,0.6944133043289185,0.5210794806480408,0.732142448425293,-0.24677152931690216,0.9096509218215942,0.527398407459259,0.7298492789268494,0.5486841201782227,0.8049964904785156,0.5221503376960754,0.7511895298957825,-0.24190294742584229,0.558222770690918,0.5462617874145508,0.7349865436553955,0.5798513293266296,0.6917780041694641,0.501179039478302,0.7731645107269287,-0.5411521196365356,0.8908057808876038,0.514321506023407,0.7679754495620728,0.35239219665527344,0.8168368935585022
IMG_9705,17,563,good,0.4942357838153839,0.353197306394577,-0.5027442574501038,0.9990211129188538,0.5027058720588684,0.3446120619773865,-0.4795348048210144,0.998313844203949,0.5077403783798218,0.34441810846328735,-0.47961288690567017,0.9983964562416077,0.5125664472579956,0.3441518545150757,-0.4797215163707733,0.9983677268028259,0.4867144525051117,0.3446061909198761,-0.46130093932151794,0.9976291060447693,0.48097488284111023,0.34445255994796753,-0.4613560140132904,0.9968706369400024,0.47520315647125244,0.3443027436733246,-0.46149441599845886,0.9970879554748535,0.5228872299194336,0.3474903106689453,-0.3033463656902313,0.9984086155891418,0.4664929211139679,0.34701842069625854,-0.21476832032203674,0.9941911697387695,0.5050329566001892,0.36305534839630127,-0.4305066466331482,0.9982209205627441,0.48325037956237793,0.363797664642334,-0.4073616862297058,0.9977695941925049,0.5774607062339783,0.3947315216064453,-0.2568854093551636,0.9991034865379333,0.4300210475921631,0.4028043746948242,-0.06124265491962433,0.9977389574050903,0.5780526399612427,0.4393393099308014,-0.5938484072685242,0.9843036532402039,0.37641236186027527,0.45459097623825073,-0.3229978084564209,0.9436779618263245,0.5281444191932678,0.37455233931541443,-0.8331540822982788,0.9774802923202515,0.443047434091568,0.3942294418811798,-0.7108752131462097,0.9396493434906006,0.5170007348060608,0.3541869521141052,-0.9044675230979919,0.9512249827384949,0.4536868929862976,0.37316814064979553,-0.7802094221115112,0.8586819767951965,0.5211976766586304,0.3510783910751343,-0.8697003126144409,0.9456962943077087,0.45650455355644226,0.3689107894897461,-0.7454211711883545,0.8407505750656128,0.5233715176582336,0.3560047447681427,-0.8245580792427063,0.9147618412971497,0.45745936036109924,0.3766215443611145,-0.7076966762542725,0.800801157951355,0.5511839985847473,0.5359957814216614,-0.05853419378399849,0.9984346628189087,0.46309778094291687,0.5373871922492981,0.05855974555015564,0.9974984526634216,0.5073013305664062,0.6323262453079224,-0.2855408787727356,0.9444660544395447,0.5006001591682434,0.6425737738609314,0.0295732244849205,0.7102372646331787,0.5195470452308655,0.7303072810173035,-0.017163502052426338,0.9121143221855164,0.5310805439949036,0.7300344705581665,0.34464073181152344,0.8125858902931213,0.5154129862785339,0.7453328371047974,-0.0012731291353702545,0.5675978064537048,0.5527068376541138,0.7362105250358582,0.3654407560825348,0.6938304901123047,0.5064870119094849,0.7736462950706482,-0.25608426332473755,0.8928144574165344,0.5224283933639526,0.7707561254501343,0.12102614343166351,0.8209436535835266
IMG_9705,18,596,good,0.4986138939857483,0.352989137172699,-0.481220543384552,0.9990768432617188,0.5069583058357239,0.34435132145881653,-0.4561823606491089,0.9984121918678284,0.5121695399284363,0.3442649245262146,-0.4562636613845825,0.998489260673523,0.5169913172721863,0.34411612153053284,-0.4563708007335663,0.9984614849090576,0.4895671606063843,0.34426289796829224,-0.44082993268966675,0.997772216796875,0.4831940829753876,0.3440905213356018,-0.4408870339393616,0.997065007686615,0.4767254889011383,0.34394511580467224,-0.4410167932510376,0.9972610473632812,0.5267134308815002,0.347291499376297,-0.2740929126739502,0.9984779953956604,0.4665205478668213,0.34685733914375305,-0.20206153392791748,0.994606614112854,0.5099387168884277,0.36282357573509216,-0.408307284116745,0.9983309507369995,0.48657819628715515,0.3635607957839966,-0.38914158940315247,0.9979077577590942,0.5799441337585449,0.3946714401245117,-0.2285120189189911,0.9991166591644287,0.43014517426490784,0.402919739484787,-0.05917949974536896,0.9978218078613281,0.5818909406661987,0.439442902803421,-0.5274525284767151,0.9839138388633728,0.3753751516342163,0.45526036620140076,-0.3194604218006134,0.9461767673492432,0.5310107469558716,0.3749586343765259,-0.7987262010574341,0.9777546525001526,0.44315528869628906,0.39533138275146484,-0.705052375793457,0.9414306879043579,0.5179222822189331,0.3556148111820221,-0.8691964149475098,0.9513742327690125,0.45411041378974915,0.37430688738822937,-0.7776224613189697,0.8615177869796753,0.5233896374702454,0.3523148000240326,-0.8361245393753052,0.9458138346672058,0.45663538575172424,0.36907196044921875,-0.7408746480941772,0.8437091112136841,0.5257205367088318,0.3576461672782898,-0.7906606793403625,0.9149543046951294,0.45766714215278625,0.3771955668926239,-0.7009875774383545,0.8037325143814087,0.5513854026794434,0.5360778570175171,-0.04540248215198517,0.9984514713287354,0.4630739688873291,0.5370692014694214,0.04540548846125603,0.997511625289917,0.5094690918922424,0.6353731751441956,-0.2395593374967575,0.9387359619140625,0.500272274017334,0.6422834396362305,0.030193140730261803,0.7169604301452637,0.5108569860458374,0.7460107207298279,-0.047913290560245514,0.9108147621154785,0.5375241041183472,0.7295117974281311,0.3307669162750244,0.8078553080558777,0.5058032274246216,0.7603796720504761,-0.03591052442789078,0.5683743357658386,0.5619866251945496,0.7355372309684753,0.35012754797935486,0.6822539567947388,0.5071809887886047,0.7785182595252991,-0.2665473520755768,0.8891922831535339,0.5310496687889099,0.7704403400421143,0.1179351881146431,0.81523197889328
IMG_9705,19,629,good,0.501352846622467,0.35282936692237854,-0.4555234909057617,0.9991002082824707,0.5097789764404297,0.3440040946006775,-0.4278901219367981,0.9984583854675293,0.5150561332702637,0.34396788477897644,-0.4280042350292206,0.9985313415527344,0.5200684070587158,0.34391915798187256,-0.4281247556209564,0.9984970092773438,0.49216100573539734,0.34390294551849365,-0.4171474575996399,0.9978463649749756,0.48542237281799316,0.3437371850013733,-0.4172159731388092,0.9971784353256226,0.47857406735420227,0.3436283469200134,-0.4173414409160614,0.9973629713058472,0.5294100046157837,0.34714561700820923,-0.238222137093544,0.998492956161499,0.4670311510562897,0.34672537446022034,-0.19741356372833252,0.99490886926651,0.5126088261604309,0.36261409521102905,-0.38117122650146484,0.9983819127082825,0.4888109564781189,0.3633987009525299,-0.3689597249031067,0.9979906678199768,0.5826969742774963,0.39470022916793823,-0.17420953512191772,0.9991023540496826,0.4299667477607727,0.4029945135116577,-0.04106192663311958,0.9979050755500793,0.5848944783210754,0.43908342719078064,-0.46274691820144653,0.9831823110580444,0.3744956851005554,0.45578381419181824,-0.30295294523239136,0.9475579857826233,0.5319750905036926,0.3745785057544708,-0.7738352417945862,0.9777284860610962,0.4433419406414032,0.396308034658432,-0.6886014938354492,0.9421414732933044,0.5183902382850647,0.3551028370857239,-0.8473541736602783,0.9509865045547485,0.45456522703170776,0.375230997800827,-0.7637293934822083,0.8625688552856445,0.5239176750183105,0.3521844744682312,-0.8176032304763794,0.945313572883606,0.4572993814945221,0.36936208605766296,-0.7270099520683289,0.8446114659309387,0.5261865258216858,0.357612669467926,-0.7684308290481567,0.9146648645401001,0.4583784341812134,0.37837889790534973,-0.6848173141479492,0.8045780658721924,0.5515561103820801,0.5369041562080383,-0.04075182229280472,0.9984210133552551,0.4627969563007355,0.537163496017456,0.04077598825097084,0.9975233674049377,0.5108235478401184,0.6371076703071594,-0.2049737274646759,0.9269400835037231,0.49775147438049316,0.6430075764656067,-0.0437055341899395,0.715927243232727,0.5119711756706238,0.7434235215187073,0.03365570306777954,0.8990544676780701,0.534452497959137,0.7314828038215637,0.21936729550361633,0.797604501247406,0.5077342391014099,0.7595691680908203,0.04720984026789665,0.5611423254013062,0.5608940124511719,0.7371206283569336,0.23662421107292175,0.6638164520263672,0.508703351020813,0.7812312841415405,-0.19336442649364471,0.8770633935928345,0.5291004180908203,0.7724218368530273,0.004645004402846098,0.8037230372428894
IMG_9705,20,662,good,0.5043947100639343,0.35234421491622925,-0.4777330160140991,0.9991467595100403,0.5124632120132446,0.34320953488349915,-0.45060214400291443,0.9985474348068237,0.5178308486938477,0.34304848313331604,-0.4506997764110565,0.9986132383346558,0.5228995084762573,0.34293287992477417,-0.4508141875267029,0.9985770583152771,0.49438154697418213,0.3433647155761719,-0.43977710604667664,0.9979715347290039,0.48749491572380066,0.34327107667922974,-0.4398629069328308,0.9973465204238892,0.48036956787109375,0.3432531952857971,-0.43999364972114563,0.9975124597549438,0.5327997803688049,0.34667012095451355,-0.25183525681495667,0.9985661506652832,0.46795082092285156,0.34666410088539124,-0.20407207310199738,0.9952626824378967,0.5172002911567688,0.3624923527240753,-0.3989749252796173,0.9984862208366394,0.4929032623767853,0.36328211426734924,-0.3858816921710968,0.9981129169464111,0.5874039530754089,0.3946441411972046,-0.17509013414382935,0.999127984046936,0.43003734946250916,0.40288251638412476,-0.07133238017559052,0.998017430305481,0.590584933757782,0.4388968050479889,-0.47314882278442383,0.9833545088768005,0.3745061755180359,0.45560580492019653,-0.3457390367984772,0.9507020115852356,0.5331255197525024,0.37433645129203796,-0.8214486837387085,0.9786155223846436,0.4442029595375061,0.3971377909183502,-0.7311155200004578,0.9452471137046814,0.5186004638671875,0.3552388846874237,-0.8994351625442505,0.9526252746582031,0.457281231880188,0.3767945170402527,-0.8085833787918091,0.8686810731887817,0.5248672366142273,0.3522047698497772,-0.8701170682907104,0.9471295475959778,0.45972272753715515,0.36987364292144775,-0.7709186673164368,0.851341962814331,0.5274438261985779,0.35770413279533386,-0.8165892362594604,0.9174556136131287,0.4605340361595154,0.37873539328575134,-0.7261590957641602,0.8122037649154663,0.5532026886940002,0.5373914837837219,-0.041368015110492706,0.998482346534729,0.46254295110702515,0.5374237895011902,0.04136791080236435,0.997612476348877,0.5141812562942505,0.6369706392288208,-0.254120796918869,0.9230248928070068,0.4895567297935486,0.6437634229660034,-0.017205502837896347,0.7197986245155334,0.5132490992546082,0.7455965876579285,0.0017739796312525868,0.8947518467903137,0.5330440998077393,0.7346320748329163,0.22361013293266296,0.7918996810913086,0.5108674764633179,0.760277509689331,0.017301250249147415,0.5602535605430603,0.5611258149147034,0.7480196356773376,0.2565329670906067,0.6553779244422913,0.5143143534660339,0.7836408019065857,-0.23062528669834137,0.872974157333374,0.5278749465942383,0.7724813222885132,0.02421822026371956,0.7977206707000732
IMG_9705,21,695,good,0.5082557797431946,0.3510033190250397,-0.46013423800468445,0.9992077946662903,0.5162156224250793,0.34188681840896606,-0.4294278919696808,0.9986571669578552,0.5216189026832581,0.34170857071876526,-0.42950665950775146,0.9987142086029053,0.5268039107322693,0.3416108787059784,-0.42961400747299194,0.998680055141449,0.49771326780319214,0.3419437110424042,-0.42175519466400146,0.9981247186660767,0.490543007850647,0.3418215811252594,-0.42185020446777344,0.9975457787513733,0.48307448625564575,0.34186485409736633,-0.42197006940841675,0.997697114944458,0.536598801612854,0.3458642363548279,-0.2270669788122177,0.9986618757247925,0.4698541462421417,0.3459364175796509,-0.1923574060201645,0.9956581592559814,0.5215172171592712,0.36146557331085205,-0.3800705373287201,0.9986071586608887,0.49663984775543213,0.3623170554637909,-0.37071675062179565,0.9982590079307556,0.5922588109970093,0.39462149143218994,-0.15961389243602753,0.9991760849952698,0.43008142709732056,0.4028037190437317,-0.06218719482421875,0.998146116733551,0.5935683846473694,0.4387211501598358,-0.47503724694252014,0.9836210608482361,0.37382808327674866,0.45541444420814514,-0.34447115659713745,0.9540636539459229,0.5355225801467896,0.3728748857975006,-0.8388102650642395,0.9797539114952087,0.44633662700653076,0.3968890905380249,-0.7102118730545044,0.948664665222168,0.5204316973686218,0.3528982698917389,-0.9197714924812317,0.9549288153648376,0.4600486755371094,0.3755815625190735,-0.7867822647094727,0.8755008578300476,0.5271708369255066,0.349733829498291,-0.8886088728904724,0.9496814608573914,0.4629082977771759,0.369732528924942,-0.7480729222297668,0.858837902545929,0.5300053358078003,0.35587960481643677,-0.8341405987739563,0.9213429093360901,0.4636302888393402,0.37834835052490234,-0.7050219774246216,0.8211124539375305,0.5551997423171997,0.5378749370574951,-0.03976323828101158,0.9985947012901306,0.4620790183544159,0.5373672246932983,0.03974742442369461,0.9977767467498779,0.5178027153015137,0.6381551623344421,-0.2681175172328949,0.9233008623123169,0.47370508313179016,0.6449371576309204,-0.013568447902798653,0.7323083281517029,0.5141013860702515,0.7476794123649597,0.0057100942358374596,0.8950767517089844,0.5315973162651062,0.7344331741333008,0.4008186459541321,0.7873897552490234,0.5126152634620667,0.7618662118911743,0.02422315999865532,0.5666725039482117,0.5600542426109314,0.7450040578842163,0.4356773793697357,0.6492428183555603,0.5189088582992554,0.7855923175811768,-0.2195758819580078,0.8731862902641296,0.5370187759399414,0.7735980153083801,0.2352699339389801,0.79090416431427
IMG_9705,22,729,good,0.5100688338279724,0.3509235382080078,-0.5626833438873291,0.999259889125824,0.5189340114593506,0.3415388762950897,-0.5380692481994629,0.9987533092498779,0.524467408657074,0.34138959646224976,-0.5381145477294922,0.9988003969192505,0.529597818851471,0.3413113057613373,-0.5381901860237122,0.9987671971321106,0.5001477003097534,0.34156692028045654,-0.5294843912124634,0.9982660412788391,0.4927591383457184,0.34144318103790283,-0.5295788645744324,0.9977291822433472,0.4851466417312622,0.3414767384529114,-0.5297218561172485,0.9978635311126709,0.5391566753387451,0.3457273840904236,-0.34224653244018555,0.9987049698829651,0.4717864692211151,0.3456977903842926,-0.30073148012161255,0.9960169196128845,0.5231400728225708,0.36137914657592773,-0.4841524362564087,0.9987244009971619,0.4979214072227478,0.36224615573883057,-0.4728528559207916,0.9984000325202942,0.594414472579956,0.394548624753952,-0.2524765729904175,0.9992349147796631,0.4298398196697235,0.40234580636024475,-0.18488775193691254,0.9982879757881165,0.5982483625411987,0.43856462836265564,-0.5818210244178772,0.9828619956970215,0.37295278906822205,0.45517274737358093,-0.47341299057006836,0.957716166973114,0.5380789637565613,0.37284451723098755,-0.9587240815162659,0.9794987440109253,0.44688406586647034,0.4000168442726135,-0.8426793813705444,0.9519767165184021,0.5212593674659729,0.3520210087299347,-1.034057378768921,0.9550403952598572,0.46219465136528015,0.38290902972221375,-0.9150804877281189,0.8820187449455261,0.527234673500061,0.3494868576526642,-1.0015265941619873,0.9498096704483032,0.4659997820854187,0.3735576868057251,-0.8764634728431702,0.8659600019454956,0.5308740139007568,0.35555675625801086,-0.9525006413459778,0.9213857054710388,0.4656422436237335,0.3806409537792206,-0.8346356153488159,0.8291082382202148,0.5558484792709351,0.537703275680542,-0.040130674839019775,0.9987270832061768,0.46174830198287964,0.5363849997520447,0.04011692479252815,0.9979545474052429,0.5206556916236877,0.6394513249397278,-0.28930342197418213,0.9289888739585876,0.4591953158378601,0.6448856592178345,0.19935207068920135,0.7491886615753174,0.5142077207565308,0.7473111748695374,-0.10113068670034409,0.9028828144073486,0.49431028962135315,0.7040866017341614,0.8583429455757141,0.7689790725708008,0.5165376663208008,0.7637783885002136,-0.09273093938827515,0.5723558664321899,0.5066630244255066,0.7075859308242798,0.91954106092453,0.6265581250190735,0.5184669494628906,0.7845397591590881,-0.3558533489704132,0.8814047574996948,0.48995834589004517,0.7410377860069275,0.7802356481552124,0.783058762550354
IMG_9705,23,762,good,0.510094940662384,0.3506705164909363,-0.5188356041908264,0.9992979764938354,0.5194063782691956,0.34100326895713806,-0.4930221438407898,0.9988298416137695,0.5249837040901184,0.3408147990703583,-0.4930873215198517,0.9988649487495422,0.530087411403656,0.34068652987480164,-0.49317824840545654,0.9988318681716919,0.5005963444709778,0.34109726548194885,-0.48216328024864197,0.9983823895454407,0.49331456422805786,0.34094610810279846,-0.48223498463630676,0.9978805780410767,0.4857662618160248,0.34089866280555725,-0.48237642645835876,0.9980005025863647,0.5394591689109802,0.3451225459575653,-0.3013997972011566,0.9987007975578308,0.4725531041622162,0.34490570425987244,-0.25263798236846924,0.9963386654853821,0.5229175090789795,0.36124223470687866,-0.4425203800201416,0.9988272786140442,0.4979828894138336,0.3619092106819153,-0.42939838767051697,0.9985247850418091,0.5949493646621704,0.3941704332828522,-0.24205517768859863,0.9992771744728088,0.42884308099746704,0.4019465744495392,-0.15880100429058075,0.9984052181243896,0.6050488948822021,0.4373653829097748,-0.5407392978668213,0.9806180596351624,0.3720063269138336,0.4551268517971039,-0.44058799743652344,0.9611007571220398,0.5407959818840027,0.3692290484905243,-0.8978919386863708,0.9778173565864563,0.44779184460639954,0.4006838798522949,-0.779657244682312,0.9547995328903198,0.5238673686981201,0.34746748208999634,-0.9677914381027222,0.9527214765548706,0.4632960259914398,0.38236603140830994,-0.850284218788147,0.8870933651924133,0.528469979763031,0.34413519501686096,-0.9339902997016907,0.9471399188041687,0.4675292372703552,0.37477967143058777,-0.8093912601470947,0.8712437152862549,0.5324276685714722,0.3519473075866699,-0.8909603357315063,0.9178580641746521,0.466816782951355,0.3815446197986603,-0.7708507180213928,0.8348155617713928,0.5560340285301208,0.5401187539100647,-0.025525514036417007,0.9988510608673096,0.4594331383705139,0.5383067727088928,0.025469694286584854,0.9981352090835571,0.5234629511833191,0.6464242935180664,-0.2599116861820221,0.9349962472915649,0.4463902413845062,0.6458019018173218,0.18497493863105774,0.769300103187561,0.5142900347709656,0.7528070211410522,-0.045661330223083496,0.9108749628067017,0.46794044971466064,0.6850250959396362,0.9242337346076965,0.7485248446464539,0.5159245133399963,0.7681903839111328,-0.03311363607645035,0.588495135307312,0.47785288095474243,0.6864545345306396,0.9960866570472717,0.5981038808822632,0.518226146697998,0.7854535579681396,-0.2780593931674957,0.8902411460876465,0.4728812873363495,0.7267680764198303,0.8888951539993286,0.7729818820953369
IMG_9705,24,795,good,0.5118528008460999,0.34692439436912537,-0.28656506538391113,0.9993302226066589,0.521030068397522,0.3368476927280426,-0.24887989461421967,0.9988600611686707,0.5264822244644165,0.3367530405521393,-0.24901987612247467,0.9988795518875122,0.5314168930053711,0.33676454424858093,-0.2490919679403305,0.9988551139831543,0.501930296421051,0.33738958835601807,-0.24476182460784912,0.9984679222106934,0.4945976436138153,0.33758434653282166,-0.24480901658535004,0.9980079531669617,0.48714837431907654,0.3377191424369812,-0.24492743611335754,0.9981313943862915,0.5403759479522705,0.34201890230178833,-0.054301902651786804,0.9984918236732483,0.47329556941986084,0.34194815158843994,-0.03852664679288864,0.9966344237327576,0.5240700840950012,0.35802167654037476,-0.21432481706142426,0.9988561272621155,0.4992436170578003,0.3583393692970276,-0.21031583845615387,0.9986196756362915,0.5954087972640991,0.3930531442165375,-0.019381601363420486,0.9992848038673401,0.4288989305496216,0.39980176091194153,0.013326147571206093,0.9985028505325317,0.6109509468078613,0.43447345495224,-0.3376694619655609,0.980227530002594,0.3697388768196106,0.4550876319408417,-0.2629125714302063,0.9625793099403381,0.5431023240089417,0.3691979646682739,-0.6466194987297058,0.9785919785499573,0.44751936197280884,0.40075811743736267,-0.6044690608978271,0.9551393389701843,0.5263556241989136,0.3474065065383911,-0.7078156471252441,0.9539746046066284,0.46308183670043945,0.3835673928260803,-0.67612624168396,0.8874583840370178,0.5299999713897705,0.3434722125530243,-0.6626395583152771,0.9484468102455139,0.467526912689209,0.3760541081428528,-0.6349002122879028,0.8714521527290344,0.5333873629570007,0.35181570053100586,-0.634415328502655,0.9199025630950928,0.4667668044567108,0.38357865810394287,-0.5949947834014893,0.8353521227836609,0.5565214157104492,0.5399503111839294,-0.011669730767607689,0.9989483952522278,0.4578801691532135,0.5353915095329285,0.011661006137728691,0.9983043074607849,0.5256031155586243,0.6531922817230225,-0.1386578381061554,0.9390125870704651,0.4499378204345703,0.6146182417869568,-0.5882086157798767,0.7913205027580261,0.514860987663269,0.7566201090812683,0.17660853266716003,0.9164217710494995,0.4529254734516144,0.6766103506088257,-0.08292583376169205,0.7544054388999939,0.5143182277679443,0.7703076004981995,0.19991356134414673,0.6004668474197388,0.459053099155426,0.6779059767723083,-0.0326894149184227,0.5887613892555237,0.5196520090103149,0.7869037389755249,-0.004636405035853386,0.8958283066749573,0.4683697819709778,0.7204400897026062,-0.17628154158592224,0.7790376543998718
IMG_9705,25,828,good,0.5116181969642639,0.3458791971206665,-0.2587176561355591,0.9993740916252136,0.5209917426109314,0.33577948808670044,-0.22246003150939941,0.9989239573478699,0.5265133380889893,0.3355735242366791,-0.22258862853050232,0.9989345669746399,0.5315213799476624,0.3354315161705017,-0.222669780254364,0.9989160895347595,0.5018959641456604,0.3363232910633087,-0.21611163020133972,0.998576819896698,0.494668185710907,0.33643707633018494,-0.21615417301654816,0.9981598854064941,0.4872065782546997,0.33651456236839294,-0.21628764271736145,0.9982801079750061,0.5403714776039124,0.3405700922012329,-0.03588632494211197,0.9984308481216431,0.4736509919166565,0.3406509757041931,-0.009267739951610565,0.9969329833984375,0.524402379989624,0.35714924335479736,-0.18918375670909882,0.9989222884178162,0.4993516802787781,0.3573998212814331,-0.18215997517108917,0.9987332224845886,0.5969998240470886,0.39197665452957153,-0.01195546519011259,0.9993066191673279,0.4285982549190521,0.3995772898197174,0.041140180081129074,0.9986245632171631,0.608704149723053,0.43229585886001587,-0.3371555507183075,0.9796889424324036,0.3670024871826172,0.4549761414527893,-0.22954124212265015,0.9640406966209412,0.5439689755439758,0.3621211647987366,-0.6306379437446594,0.979550838470459,0.4468260109424591,0.4008476138114929,-0.5539644956588745,0.9563978314399719,0.5274274945259094,0.3387669026851654,-0.6881470084190369,0.9558912515640259,0.46301567554473877,0.38392606377601624,-0.6189394593238831,0.890141487121582,0.5311527252197266,0.33540433645248413,-0.6416551470756531,0.9504820108413696,0.4678120017051697,0.3757646977901459,-0.5771786570549011,0.8741929531097412,0.5346506834030151,0.3442675769329071,-0.6178677678108215,0.9230345487594604,0.46677425503730774,0.38365188241004944,-0.5435175895690918,0.8386897444725037,0.5567249059677124,0.5402393341064453,-0.011685539968311787,0.9990428686141968,0.45634347200393677,0.5326390266418457,0.011729560792446136,0.9984678626060486,0.527244508266449,0.6576976180076599,-0.12956717610359192,0.9422808885574341,0.4502892792224884,0.573317289352417,-0.7495101094245911,0.8112165331840515,0.5152895450592041,0.7597253918647766,0.20132245123386383,0.9216440916061401,0.4435054659843445,0.6693560481071472,-0.36968520283699036,0.7650576829910278,0.5130959749221802,0.7746161222457886,0.2260090708732605,0.6109545230865479,0.4481981694698334,0.6731398105621338,-0.3318037986755371,0.5920838713645935,0.5220188498497009,0.7895887494087219,0.018723225221037865,0.9010937809944153,0.46461954712867737,0.7081124186515808,-0.5012587308883667,0.7907894253730774
IMG_9705,26,861,good,0.5122419595718384,0.344963401556015,-0.2696673274040222,0.9994161128997803,0.5217345356941223,0.33493438363075256,-0.23153753578662872,0.9989871382713318,0.5273743867874146,0.33477166295051575,-0.23166611790657043,0.9989867806434631,0.5324777960777283,0.3346734941005707,-0.23172980546951294,0.9989737868309021,0.5023964047431946,0.33524656295776367,-0.22916419804096222,0.9986826181411743,0.4950961768627167,0.33534663915634155,-0.22920498251914978,0.9983036518096924,0.48762908577919006,0.33549413084983826,-0.2293180674314499,0.9984193444252014,0.5408502817153931,0.33964642882347107,-0.03703058511018753,0.9983826875686646,0.47418761253356934,0.3397679328918457,-0.02893831767141819,0.9972087740898132,0.5255551338195801,0.3563755750656128,-0.19733929634094238,0.998978853225708,0.4998228847980499,0.35650932788848877,-0.19557331502437592,0.9988359808921814,0.5971842408180237,0.391295462846756,-0.0027039123233407736,0.9993237257003784,0.42787793278694153,0.39939382672309875,0.028206346556544304,0.99873286485672,0.6086859703063965,0.42942923307418823,-0.313475102186203,0.9788411259651184,0.36603066325187683,0.45556706190109253,-0.23710417747497559,0.9655810594558716,0.5437998175621033,0.3565296530723572,-0.6089222431182861,0.9804936051368713,0.44563066959381104,0.4011486768722534,-0.5613706707954407,0.958092212677002,0.5273615121841431,0.33320578932762146,-0.6647158861160278,0.9578137993812561,0.46307292580604553,0.3861476182937622,-0.6235190033912659,0.8940262794494629,0.5311701893806458,0.33024612069129944,-0.6190059185028076,0.9525288343429565,0.46796607971191406,0.37690970301628113,-0.5835027694702148,0.8784319758415222,0.5346997976303101,0.339303195476532,-0.5961202383041382,0.9262064099311829,0.4667902886867523,0.38474148511886597,-0.5506466627120972,0.8436949849128723,0.5567991137504578,0.540404200553894,-0.0025701173581182957,0.9991276860237122,0.45528823137283325,0.530375599861145,0.002601261017844081,0.9986141324043274,0.530394971370697,0.6592994332313538,-0.12020711600780487,0.9457165598869324,0.4514544606208801,0.5644845366477966,-0.7308710217475891,0.8293735980987549,0.5160478353500366,0.7585078477859497,0.19370931386947632,0.9274198412895203,0.43611934781074524,0.6635318994522095,-0.3545113503932953,0.7808297276496887,0.5117541551589966,0.7753872275352478,0.2156778872013092,0.6314598321914673,0.4360765516757965,0.6633052229881287,-0.31755372881889343,0.6082630157470703,0.5290176868438721,0.7912760376930237,0.013602265156805515,0.9077178239822388,0.44959068298339844,0.7009915113449097,-0.4800628125667572,0.8058472871780396
IMG_9705,27,894,good,0.5114440321922302,0.34374168515205383,-0.26678267121315,0.9994577169418335,0.5215879678726196,0.33365604281425476,-0.23026920855045319,0.9990490674972534,0.5272332429885864,0.33346080780029297,-0.23037509620189667,0.9990412592887878,0.5322825908660889,0.33334189653396606,-0.23041558265686035,0.9990330338478088,0.5021369457244873,0.33411818742752075,-0.2253585308790207,0.9987816214561462,0.49471256136894226,0.3342949151992798,-0.22543807327747345,0.9984402656555176,0.487373411655426,0.33452555537223816,-0.22556975483894348,0.9985525608062744,0.5407387614250183,0.3385030925273895,-0.03887353837490082,0.9983580112457275,0.4741794168949127,0.3389395475387573,-0.018675345927476883,0.9974575638771057,0.5253334045410156,0.3551357090473175,-0.19512677192687988,0.9990400671958923,0.4991818368434906,0.3556515872478485,-0.19000861048698425,0.998932421207428,0.5968790650367737,0.3900585174560547,-0.0022281890269368887,0.9993264675140381,0.4273681044578552,0.3994259834289551,0.04336312785744667,0.998832643032074,0.6088347434997559,0.4282892346382141,-0.31222978234291077,0.9776039123535156,0.3663005232810974,0.45547446608543396,-0.21289700269699097,0.9657293558120728,0.5433245897293091,0.3581955134868622,-0.5956060290336609,0.9804525971412659,0.44561025500297546,0.4003148078918457,-0.5257010459899902,0.958473801612854,0.5266512036323547,0.3355630934238434,-0.6460735201835632,0.9576267004013062,0.46258825063705444,0.3853495419025421,-0.5859295129776001,0.8949336409568787,0.5308625102043152,0.33241596817970276,-0.5988295674324036,0.9520752429962158,0.4675683081150055,0.37513938546180725,-0.5474352836608887,0.8791685104370117,0.5346025824546814,0.3409249186515808,-0.5815272927284241,0.9256600737571716,0.4663345515727997,0.38218674063682556,-0.5156937837600708,0.8442838191986084,0.5567519068717957,0.5396541357040405,-0.008347269147634506,0.99920254945755,0.45428332686424255,0.5264444351196289,0.0083886394277215,0.9987475872039795,0.5316525101661682,0.6574205160140991,-0.13431036472320557,0.9487702250480652,0.4492551386356354,0.5393102765083313,-0.847240149974823,0.8457326889038086,0.5165262222290039,0.7582982778549194,0.14886215329170227,0.9326943755149841,0.43155187368392944,0.6578941941261292,-0.5522102117538452,0.7969744205474854,0.5111411213874817,0.773694634437561,0.1667582094669342,0.6455996632575989,0.4331139028072357,0.6624189615249634,-0.5236361026763916,0.6257467269897461,0.529845654964447,0.7923226952552795,-0.05694497749209404,0.9139052033424377,0.442396342754364,0.694212794303894,-0.7199051380157471,0.8216246962547302
IMG_9705,28,927,good,0.5090054869651794,0.34357497096061707,-0.25444889068603516,0.9994924664497375,0.5205618143081665,0.3337037265300751,-0.22118857502937317,0.9990972280502319,0.5265917778015137,0.3334868252277374,-0.22129793465137482,0.9990836977958679,0.5318577289581299,0.33334293961524963,-0.22132696211338043,0.999083399772644,0.5007883906364441,0.3341785669326782,-0.21411816775798798,0.9988632798194885,0.4933302104473114,0.33435508608818054,-0.2142074555158615,0.9985546469688416,0.48621222376823425,0.33457550406455994,-0.2143753468990326,0.9986680150032043,0.5406941175460815,0.3384626805782318,-0.032931920140981674,0.9983250498771667,0.47405415773391724,0.33891960978507996,-0.0033340700902044773,0.9976765513420105,0.5239060521125793,0.35489070415496826,-0.18266169726848602,0.9990888833999634,0.4974350035190582,0.35543060302734375,-0.17486920952796936,0.9990161657333374,0.5968100428581238,0.3896600306034088,0.010995229706168175,0.999352753162384,0.42738568782806396,0.39932340383529663,0.07181593030691147,0.9989282488822937,0.6079845428466797,0.427743524312973,-0.31316208839416504,0.9772750735282898,0.36624637246131897,0.45540815591812134,-0.1791519671678543,0.9655659794807434,0.5432145595550537,0.35647138953208923,-0.62741619348526,0.9811583161354065,0.44250085949897766,0.40108174085617065,-0.5122150182723999,0.9588332176208496,0.526475727558136,0.3355654180049896,-0.6809031367301941,0.9589899778366089,0.4586781859397888,0.38708963990211487,-0.5737020969390869,0.8956909775733948,0.5307883620262146,0.33218321204185486,-0.6346971392631531,0.9534430503845215,0.4653085470199585,0.37682345509529114,-0.5354085564613342,0.8798745274543762,0.5344363451004028,0.33983850479125977,-0.6140734553337097,0.9274860620498657,0.46263203024864197,0.38461223244667053,-0.5026324391365051,0.844820499420166,0.5563108325004578,0.5360122323036194,-0.011143198236823082,0.9992660284042358,0.4539307951927185,0.5190317034721375,0.011195198632776737,0.9988654255867004,0.5313335061073303,0.655683159828186,-0.1347033679485321,0.9495673179626465,0.45060867071151733,0.5187007188796997,-0.8667688369750977,0.8596765398979187,0.516383171081543,0.7580616474151611,0.11790581047534943,0.9362297654151917,0.4286632537841797,0.6457216143608093,-0.6158424019813538,0.809160053730011,0.5081884264945984,0.7721633911132812,0.15173108875751495,0.6504391431808472,0.42847704887390137,0.6527711153030396,-0.5914232730865479,0.6380254030227661,0.5289976000785828,0.7927387952804565,-0.10576268285512924,0.9181327819824219,0.43376868963241577,0.6862096786499023,-0.8028820753097534,0.8353248834609985
IMG_9705,29,961,good,0.5085669159889221,0.34254249930381775,-0.2324807196855545,0.9995219111442566,0.5202129483222961,0.3330439329147339,-0.19737260043621063,0.9991404414176941,0.5264051556587219,0.3328109085559845,-0.19748347997665405,0.9991169571876526,0.531775951385498,0.3325972855091095,-0.19751352071762085,0.9991273283958435,0.5005605220794678,0.3335713744163513,-0.19367285072803497,0.9989387392997742,0.4931420087814331,0.3338314890861511,-0.19377678632736206,0.9986587166786194,0.4861205518245697,0.3341163694858551,-0.19392706453800201,0.9987738132476807,0.5405730605125427,0.33783724904060364,-0.008301948197185993,0.9982544183731079,0.47400936484336853,0.3386225700378418,0.007299361750483513,0.9978721737861633,0.5234577059745789,0.3541383147239685,-0.1605817675590515,0.999110221862793,0.49706941843032837,0.3546947240829468,-0.1568640172481537,0.9990832209587097,0.596693754196167,0.38940316438674927,0.023884432390332222,0.9993569254875183,0.4257940649986267,0.3996502459049225,0.07219622284173965,0.9990043640136719,0.6073176860809326,0.4251801073551178,-0.3074270784854889,0.9748055338859558,0.3656314015388489,0.4555274248123169,-0.18895037472248077,0.9653681516647339,0.5431572794914246,0.3574923872947693,-0.6138184070587158,0.98125159740448,0.4432829022407532,0.3998936414718628,-0.4977512061595917,0.9600415825843811,0.5247002243995667,0.33654165267944336,-0.6640462279319763,0.9594380855560303,0.45916083455085754,0.38267239928245544,-0.5554007291793823,0.8984859585762024,0.5289315581321716,0.3332003057003021,-0.6172639727592468,0.9537200331687927,0.46537911891937256,0.3733692765235901,-0.5142790675163269,0.8828567266464233,0.5320771336555481,0.3406708836555481,-0.6002618670463562,0.9279155135154724,0.46274334192276,0.3824600279331207,-0.48605990409851074,0.8481912612915039,0.5562278032302856,0.5341453552246094,-0.01320619322359562,0.9993242621421814,0.45398199558258057,0.5183919668197632,0.01326537411659956,0.9989718794822693,0.5318887233734131,0.6535919904708862,-0.12790894508361816,0.9507160782814026,0.4520566463470459,0.497895210981369,-0.8463525176048279,0.8718017935752869,0.5161140561103821,0.7571938037872314,0.101318359375,0.9394856095314026,0.42857787013053894,0.6260208487510681,-0.6240565180778503,0.8185201287269592,0.5065064430236816,0.7715683579444885,0.1325673758983612,0.6535845994949341,0.42931604385375977,0.6348044276237488,-0.6023273468017578,0.6461018919944763,0.5284382104873657,0.7925011515617371,-0.11138415336608887,0.9218385815620422,0.42998072504997253,0.6670013666152954,-0.8117863535881042,0.8468097448348999
IMG_9705,30,994,good,0.5066812634468079,0.3426770567893982,-0.23896634578704834,0.9995325207710266,0.5183371305465698,0.33323904871940613,-0.2064652144908905,0.9991553425788879,0.5248451232910156,0.33300650119781494,-0.20657287538051605,0.9991172552108765,0.5305638909339905,0.33274510502815247,-0.2066182643175125,0.9991439580917358,0.4984300434589386,0.3338434100151062,-0.20076623558998108,0.9989818930625916,0.4910508394241333,0.334189772605896,-0.20086082816123962,0.9987223744392395,0.48448994755744934,0.33450841903686523,-0.20099280774593353,0.9988459944725037,0.5398789048194885,0.3379114866256714,-0.025282863527536392,0.9981691837310791,0.4736690819263458,0.33887022733688354,0.0005531450733542442,0.9980154037475586,0.5213080644607544,0.35451623797416687,-0.1699277013540268,0.9991140365600586,0.49536359310150146,0.35532549023628235,-0.16307863593101501,0.9991318583488464,0.5966526865959167,0.3900498151779175,0.0217459537088871,0.9993867874145508,0.42479079961776733,0.4004448652267456,0.0687502920627594,0.9990763664245605,0.6069641709327698,0.425596684217453,-0.27558353543281555,0.971871554851532,0.3657163977622986,0.4568171203136444,-0.1695636361837387,0.96021968126297,0.5430259704589844,0.35801801085472107,-0.5143862962722778,0.980552077293396,0.44139695167541504,0.39985236525535583,-0.46296772360801697,0.9578588008880615,0.5260347723960876,0.33703553676605225,-0.5535938739776611,0.9583228230476379,0.45608967542648315,0.38262075185775757,-0.5136712193489075,0.8950139880180359,0.5294185280799866,0.3343726694583893,-0.5051007270812988,0.9521799087524414,0.46177586913108826,0.3737615942955017,-0.479615718126297,0.8790478110313416,0.5323854684829712,0.34143155813217163,-0.49866074323654175,0.9256806969642639,0.4596305191516876,0.38254985213279724,-0.4540621340274811,0.8442426323890686,0.5543932914733887,0.5337393879890442,-0.006764187011867762,0.9993875622749329,0.4530278146266937,0.5198160409927368,0.006757861003279686,0.999070405960083,0.5311327576637268,0.6522815823554993,-0.121272973716259,0.951406717300415,0.45869043469429016,0.4723651707172394,-0.7824569344520569,0.8811490535736084,0.5153340697288513,0.7568942904472351,0.09398450702428818,0.942730188369751,0.4308856129646301,0.5916683673858643,-0.5368573069572449,0.8219238519668579,0.5054522156715393,0.7706990838050842,0.12341085076332092,0.6577593088150024,0.4296351969242096,0.602155327796936,-0.5124348998069763,0.6480080485343933,0.5279731154441833,0.7928715944290161,-0.11991921812295914,0.9259659647941589,0.42884397506713867,0.6378676295280457,-0.6824285387992859,0.8556689023971558
IMG_9705,31,1027,good,0.5056261420249939,0.3427126109600067,-0.19474947452545166,0.9994939565658569,0.5165601372718811,0.33332350850105286,-0.1633274257183075,0.9990586638450623,0.5229654312133789,0.33304375410079956,-0.1634698212146759,0.9989722371101379,0.528709888458252,0.3327171206474304,-0.16353265941143036,0.999053955078125,0.497810423374176,0.3339593708515167,-0.15443748235702515,0.9989315271377563,0.4908204674720764,0.3342861235141754,-0.15452003479003906,0.9986695051193237,0.4844064712524414,0.3345886170864105,-0.15466275811195374,0.9988404512405396,0.5385207533836365,0.3378412127494812,-0.00033059672568924725,0.9976509809494019,0.47366106510162354,0.3389090895652771,0.03897492215037346,0.9979987740516663,0.5205633640289307,0.3543265163898468,-0.13397984206676483,0.998955488204956,0.4952371120452881,0.35522085428237915,-0.12305676192045212,0.9991067051887512,0.5964100956916809,0.39005568623542786,0.02634480781853199,0.9993919134140015,0.42479678988456726,0.4006848633289337,0.10253867506980896,0.9991329312324524,0.6049355268478394,0.4259393513202667,-0.2617875933647156,0.9690508246421814,0.3658417761325836,0.4573151767253876,-0.11480120569467545,0.9562962651252747,0.5435857772827148,0.35820242762565613,-0.47241657972335815,0.9801250100135803,0.44263124465942383,0.3998403549194336,-0.37759947776794434,0.9568980932235718,0.5270306468009949,0.3376486897468567,-0.5072464942932129,0.9578477740287781,0.4561254382133484,0.3822398781776428,-0.4221002459526062,0.8940562009811401,0.5301318168640137,0.33447012305259705,-0.461986780166626,0.9512242078781128,0.4617278575897217,0.37375444173812866,-0.3853917419910431,0.8779013156890869,0.5332203507423401,0.3415168821811676,-0.45689454674720764,0.9243857264518738,0.4597846567630768,0.38252773880958557,-0.36757367849349976,0.8434486389160156,0.5539946556091309,0.5334181189537048,-0.006028675939887762,0.999437689781189,0.4542558789253235,0.5207571983337402,0.006123719736933708,0.999149739742279,0.5308895707130432,0.6499673128128052,-0.0859389454126358,0.9496908187866211,0.4668867588043213,0.4634581208229065,-0.6767996549606323,0.8863070011138916,0.5136652588844299,0.756490170955658,0.08494226634502411,0.9424864649772644,0.43583759665489197,0.5733088850975037,-0.5172211527824402,0.8165956139564514,0.502771258354187,0.770506739616394,0.09756549447774887,0.6616041660308838,0.43608078360557556,0.5883566737174988,-0.5017138719558716,0.6467333436012268,0.5279259085655212,0.7925401926040649,-0.12092932313680649,0.9267849922180176,0.4303046762943268,0.6077585816383362,-0.6604805588722229,0.8592068552970886
IMG_9705,32,1060,good,0.5054888725280762,0.34373822808265686,-0.22037243843078613,0.9993705153465271,0.5159544944763184,0.33497756719589233,-0.19236044585704803,0.9988501071929932,0.5220232605934143,0.3348754644393921,-0.19258032739162445,0.9987107515335083,0.5273743271827698,0.33468130230903625,-0.1926066279411316,0.9988274574279785,0.49779245257377625,0.33526673913002014,-0.15857240557670593,0.9987421035766602,0.4908190667629242,0.3355388939380646,-0.15883733332157135,0.9984412789344788,0.48444145917892456,0.3358084261417389,-0.15909673273563385,0.99869304895401,0.5358357429504395,0.3396366536617279,-0.03136449307203293,0.9971925020217896,0.4736557602882385,0.34003719687461853,-0.00259436690248549,0.9977879524230957,0.5197286605834961,0.3552614450454712,-0.1645897775888443,0.998649001121521,0.4952192008495331,0.35598549246788025,-0.1280003786087036,0.9989529848098755,0.5952224135398865,0.3905843496322632,0.02238774299621582,0.9992515444755554,0.42538759112358093,0.40098798274993896,0.05381236597895622,0.9991110563278198,0.6024220585823059,0.42939436435699463,-0.215791255235672,0.9678366780281067,0.36627888679504395,0.45833900570869446,-0.20625115931034088,0.9580705761909485,0.5412843823432922,0.3597297966480255,-0.46260014176368713,0.9787604212760925,0.4426817297935486,0.40012088418006897,-0.5399373173713684,0.9563331007957458,0.5238231420516968,0.34156063199043274,-0.5264469385147095,0.9543024301528931,0.45639902353286743,0.3836117088794708,-0.6174213290214539,0.8921732902526855,0.5271690487861633,0.337930828332901,-0.4914049506187439,0.9473438262939453,0.4617811143398285,0.3760163187980652,-0.5858874917030334,0.8758277297019958,0.5313531160354614,0.34257784485816956,-0.45502713322639465,0.9200838208198547,0.4599672257900238,0.38511520624160767,-0.5367916822433472,0.8411720395088196,0.5562446117401123,0.5334995985031128,0.016259390860795975,0.9989880919456482,0.47112223505973816,0.5271889567375183,-0.016161471605300903,0.9988487362861633,0.5307425260543823,0.6497898697853088,-0.021824629977345467,0.93038409948349,0.49424540996551514,0.6349250674247742,-0.15824094414710999,0.8808088302612305,0.5107624530792236,0.753535270690918,0.21303245425224304,0.9225096106529236,0.49735555052757263,0.7350401282310486,0.04932480305433273,0.8178262114524841,0.5008337497711182,0.7676021456718445,0.2257620096206665,0.6525168418884277,0.49475494027137756,0.7493138909339905,0.058968473225831985,0.6392367482185364,0.5307676792144775,0.7883961796760559,0.01760847680270672,0.9088951945304871,0.5172995924949646,0.7723694443702698,-0.1759478896856308,0.8539218902587891
IMG_9705,33,1093,good,0.5051318407058716,0.3441627323627472,-0.32223501801490784,0.9993091821670532,0.5153195858001709,0.33529147505760193,-0.2890861928462982,0.9987326860427856,0.5211448669433594,0.335303395986557,-0.2891709804534912,0.9985799789428711,0.5263731479644775,0.33525511622428894,-0.28919482231140137,0.9986878037452698,0.4975602924823761,0.3354475200176239,-0.2839733362197876,0.9986346960067749,0.4907122552394867,0.33565956354141235,-0.2840307354927063,0.998333215713501,0.4843408167362213,0.33585309982299805,-0.2842050790786743,0.99860018491745,0.5345566868782043,0.34036239981651306,-0.079375721514225,0.9969724416732788,0.47224780917167664,0.3401849567890167,-0.08071570843458176,0.9976667761802673,0.518581211566925,0.3556644022464752,-0.24316725134849548,0.9985412359237671,0.4949456751346588,0.3563261926174164,-0.2382667511701584,0.9988864064216614,0.5916082262992859,0.39041078090667725,0.007296329829841852,0.9991374015808105,0.425418496131897,0.4011281132698059,0.010313666425645351,0.9990451335906982,0.6023563742637634,0.4294046461582184,-0.26164907217025757,0.9671899080276489,0.3680090010166168,0.4586695432662964,-0.24964633584022522,0.9594065546989441,0.5407344698905945,0.3661050796508789,-0.5997779965400696,0.9776428937911987,0.4427834153175354,0.4010542035102844,-0.6150330901145935,0.9569345712661743,0.522222101688385,0.34552669525146484,-0.6919285655021667,0.9514424204826355,0.45648905634880066,0.38654008507728577,-0.692920446395874,0.8931748867034912,0.525530993938446,0.3432523012161255,-0.6615093946456909,0.9443513751029968,0.46121689677238464,0.37962213158607483,-0.6669715046882629,0.8770610690116882,0.5295615792274475,0.3474077582359314,-0.5993605256080627,0.9163828492164612,0.45966944098472595,0.3876340687274933,-0.6122755408287048,0.8419860601425171,0.5567834973335266,0.5305585265159607,0.01599927619099617,0.998731255531311,0.4779217839241028,0.5273198485374451,-0.01599237322807312,0.998517632484436,0.5301077961921692,0.6454370617866516,-0.07135073095560074,0.9060962796211243,0.5080312490463257,0.6471794247627258,-0.06892341375350952,0.8586735725402832,0.5037685632705688,0.7506715655326843,0.16447927057743073,0.9058778882026672,0.5089701414108276,0.7446243166923523,0.16143712401390076,0.808465838432312,0.4926873743534088,0.7598466277122498,0.17739923298358917,0.6468865275382996,0.5033244490623474,0.7564751505851746,0.17278005182743073,0.6277273893356323,0.5224044322967529,0.7835520505905151,-0.044510118663311005,0.8968746066093445,0.5296674966812134,0.7846065759658813,-0.06766656041145325,0.8394572138786316
IMG_9705,34,1126,good,0.5051162838935852,0.34653350710868835,-0.26991915702819824,0.9993392825126648,0.5153350234031677,0.33900362253189087,-0.23467522859573364,0.998815655708313,0.5211212635040283,0.33944395184516907,-0.23482082784175873,0.9986646771430969,0.5263556241989136,0.33963528275489807,-0.2349173128604889,0.9987527132034302,0.4976259469985962,0.33755165338516235,-0.2337680160999298,0.9987273216247559,0.4907483756542206,0.3371547758579254,-0.23381644487380981,0.9984632134437561,0.4843316674232483,0.3367479741573334,-0.23388110101222992,0.9987107515335083,0.5341965556144714,0.3441259562969208,-0.03786579519510269,0.9971420168876648,0.4714933931827545,0.3405207097530365,-0.04531148448586464,0.9978520274162292,0.5174313187599182,0.35767242312431335,-0.195553719997406,0.9985839128494263,0.49383828043937683,0.3570047616958618,-0.196053147315979,0.9989711046218872,0.5852643847465515,0.3906037211418152,0.01597677357494831,0.9991847276687622,0.42507582902908325,0.4020249545574188,0.08842313289642334,0.9991087913513184,0.6022871136665344,0.42759057879447937,-0.27975934743881226,0.9576032161712646,0.3670695126056671,0.4596947729587555,-0.1487235575914383,0.9388139247894287,0.5465909242630005,0.3678652346134186,-0.6180316805839539,0.9645915031433105,0.44105392694473267,0.4120534360408783,-0.566500186920166,0.9421566128730774,0.5362167358398438,0.3514167368412018,-0.6844705939292908,0.9368912577629089,0.44965478777885437,0.4027749001979828,-0.6285920739173889,0.8772848844528198,0.5314591526985168,0.3452221155166626,-0.6567466259002686,0.9260437488555908,0.4610911011695862,0.393096387386322,-0.6206791996955872,0.8590372800827026,0.5366153120994568,0.3537233769893646,-0.615959107875824,0.8932431936264038,0.45935744047164917,0.3970252573490143,-0.5681279301643372,0.8209415674209595,0.5565367937088013,0.5308682918548584,-0.0019665227737277746,0.9988510012626648,0.4756132960319519,0.5269334316253662,0.00281498278491199,0.9986163973808289,0.5299920439720154,0.6456300020217896,-0.04266713559627533,0.8952556252479553,0.472716361284256,0.46762657165527344,-0.48615145683288574,0.8230640292167664,0.5029581785202026,0.7533912062644958,-0.002808504505082965,0.8635375499725342,0.5246298909187317,0.3991050124168396,-0.7361622452735901,0.7439931035041809,0.49205049872398376,0.7607409358024597,-0.006739300675690174,0.6336997747421265,0.5303617119789124,0.40488359332084656,-0.7552134990692139,0.6115591526031494,0.5202570557594299,0.7865537405014038,-0.17294998466968536,0.8735707402229309,0.5698145627975464,0.34654152393341064,-0.9329442977905273,0.8169925808906555
IMG_9705,35,1159,good,0.5043607950210571,0.34686413407325745,-0.26837024092674255,0.9993309378623962,0.5144584774971008,0.3391181528568268,-0.23546987771987915,0.9988248348236084,0.5203046798706055,0.339609831571579,-0.23562735319137573,0.9986732006072998,0.525857150554657,0.3399008512496948,-0.23571832478046417,0.9987320899963379,0.4972228407859802,0.33759480714797974,-0.2277226746082306,0.9987414479255676,0.4905065596103668,0.3371731638908386,-0.22776946425437927,0.9985173940658569,0.4840531051158905,0.3367500603199005,-0.22786352038383484,0.9987461566925049,0.5340398550033569,0.34445613622665405,-0.03847174346446991,0.9971252679824829,0.4706968665122986,0.3406955301761627,-0.02755904011428356,0.9978907108306885,0.5168847441673279,0.3585886061191559,-0.19977352023124695,0.9984768629074097,0.49309760332107544,0.35748136043548584,-0.19256801903247833,0.9989946484565735,0.5850805640220642,0.38990554213523865,-0.030577920377254486,0.9992294311523438,0.42531517148017883,0.4024214446544647,0.10831842571496964,0.9991560578346252,0.5984458923339844,0.4253535568714142,-0.36519405245780945,0.9542822241783142,0.36796876788139343,0.45982104539871216,-0.11725776642560959,0.90534907579422,0.534605085849762,0.367620050907135,-0.6724955439567566,0.9615071415901184,0.43577948212623596,0.4139266312122345,-0.5410622954368591,0.9256519675254822,0.5220441222190857,0.35059311985969543,-0.7223939895629883,0.9337236285209656,0.44560298323631287,0.40131875872612,-0.6014494299888611,0.8593572974205017,0.5222569108009338,0.34514734148979187,-0.6946263909339905,0.9214732646942139,0.4529290199279785,0.3931373059749603,-0.5905646681785583,0.8386200666427612,0.5258356332778931,0.3531967103481293,-0.6651114225387573,0.8854983448982239,0.45437464118003845,0.4005749821662903,-0.5439003109931946,0.797684371471405,0.5565487742424011,0.530945897102356,-0.015924911946058273,0.9989603757858276,0.4740312993526459,0.526515781879425,0.016885612159967422,0.9987137317657471,0.5292674899101257,0.6456023454666138,-0.031147073954343796,0.8856127262115479,0.4636726975440979,0.46193358302116394,-0.486331582069397,0.7946955561637878,0.5023800730705261,0.7551699876785278,-0.0006473982939496636,0.8371292352676392,0.5195032358169556,0.3995359241962433,-0.5834161639213562,0.6878300309181213,0.4909779727458954,0.7619491219520569,-0.0027193932328373194,0.6276067495346069,0.526201069355011,0.4041424095630646,-0.5897009372711182,0.5927885174751282,0.5169736742973328,0.7887331247329712,-0.17952966690063477,0.86014723777771,0.5608149766921997,0.35221338272094727,-0.7581789493560791,0.7933105826377869
IMG_9705,36,1192,good,0.5049211978912354,0.34734204411506653,-0.25860950350761414,0.999350368976593,0.5146755576133728,0.3391945958137512,-0.22423459589481354,0.9988797903060913,0.5203770399093628,0.3395980894565582,-0.22438597679138184,0.998725175857544,0.5258581042289734,0.33982932567596436,-0.22447428107261658,0.9987568259239197,0.4975721538066864,0.3379516303539276,-0.2208394557237625,0.9988119602203369,0.4908505380153656,0.33760377764701843,-0.22091412544250488,0.9986196756362915,0.4843248128890991,0.33723214268684387,-0.22100457549095154,0.9988313913345337,0.5337186455726624,0.3444623053073883,-0.03389929607510567,0.9972541332244873,0.4705290198326111,0.34133484959602356,-0.027149926871061325,0.9980437159538269,0.5169462561607361,0.35937339067459106,-0.18787911534309387,0.9984923005104065,0.49358248710632324,0.3584594130516052,-0.18525353074073792,0.9990584850311279,0.5836402177810669,0.38991424441337585,-0.0041198101826012135,0.9992604851722717,0.42589154839515686,0.4026730954647064,0.08785540610551834,0.9992141723632812,0.5985598564147949,0.423615962266922,-0.34944412112236023,0.9473787546157837,0.3684726059436798,0.4599471688270569,-0.1480182260274887,0.8824449181556702,0.5351055264472961,0.36752086877822876,-0.6528499722480774,0.9544931650161743,0.43607354164123535,0.4134308993816376,-0.5889827013015747,0.9138128757476807,0.5229103565216064,0.35150808095932007,-0.705889880657196,0.9245020151138306,0.4465351998806,0.40045085549354553,-0.6492998600006104,0.8469259738922119,0.5225892066955566,0.34562060236930847,-0.6732907295227051,0.9092846512794495,0.4535926580429077,0.39285722374916077,-0.622344434261322,0.8245428204536438,0.526062548160553,0.3530409634113312,-0.6443815231323242,0.8689526915550232,0.4546191394329071,0.40097588300704956,-0.5849175453186035,0.780767560005188,0.5565409660339355,0.5318101048469543,-0.010196663439273834,0.9990593194961548,0.47278091311454773,0.5265657305717468,0.011132589541375637,0.9988145232200623,0.5291488766670227,0.6490449905395508,-0.017729613929986954,0.883102297782898,0.46436014771461487,0.4518089294433594,-0.5424681901931763,0.7865274548530579,0.5018761157989502,0.7560729384422302,0.02873268909752369,0.8157936930656433,0.5172790288925171,0.4029584527015686,-0.7066044807434082,0.6521026492118835,0.48966076970100403,0.7629766464233398,0.031109029427170753,0.6275004744529724,0.5260490775108337,0.40739890933036804,-0.7197200059890747,0.5887144207954407,0.519032895565033,0.7899059057235718,-0.14613182842731476,0.8495718240737915,0.5476527214050293,0.3554099202156067,-0.8922558426856995,0.7862021923065186
IMG_9705,37,1226,good,0.5050078630447388,0.34760478138923645,-0.26341143250465393,0.9993690848350525,0.5146812796592712,0.3392285108566284,-0.22965019941329956,0.9989315867424011,0.5203638076782227,0.3395872712135315,-0.22979462146759033,0.9987745881080627,0.5258333683013916,0.33978432416915894,-0.22987908124923706,0.9987898468971252,0.49767088890075684,0.33808550238609314,-0.22537951171398163,0.9988707900047302,0.49096786975860596,0.3377772867679596,-0.22544404864311218,0.9987059235572815,0.4843582212924957,0.33745840191841125,-0.2255406230688095,0.9989036917686462,0.5336886644363403,0.3444456160068512,-0.03894840553402901,0.9973542094230652,0.4701536297798157,0.34171923995018005,-0.029004862532019615,0.9981706738471985,0.5169397592544556,0.3597192168235779,-0.19307361543178558,0.9985162615776062,0.49359431862831116,0.3590140640735626,-0.1892559826374054,0.9991207122802734,0.5832539796829224,0.3900808095932007,-0.013173773884773254,0.9992960691452026,0.4262058138847351,0.40271756052970886,0.08901475369930267,0.9992659687995911,0.5985797643661499,0.4231356382369995,-0.35590848326683044,0.9427043795585632,0.36972498893737793,0.4616202414035797,-0.11687678843736649,0.8602903485298157,0.5354954600334167,0.36331236362457275,-0.6690056324005127,0.9502440690994263,0.43344205617904663,0.4207668900489807,-0.4892823398113251,0.9040525555610657,0.5229793190956116,0.34334075450897217,-0.719290554523468,0.9199292659759521,0.4357212483882904,0.4144827723503113,-0.5412456393241882,0.8371132612228394,0.5229265093803406,0.34103071689605713,-0.6886072158813477,0.9029480814933777,0.45170292258262634,0.4023352563381195,-0.5281176567077637,0.8138531446456909,0.526917040348053,0.3488267660140991,-0.6616089344024658,0.8594703078269958,0.4505440890789032,0.4098101556301117,-0.49026501178741455,0.7683337926864624,0.5565069317817688,0.5338620543479919,-0.016771309077739716,0.9991490840911865,0.47193095088005066,0.5268977880477905,0.01773122325539589,0.998900830745697,0.5291066765785217,0.6507819890975952,-0.03287043794989586,0.8801759481430054,0.45917269587516785,0.44267383217811584,-0.5012751221656799,0.7648105025291443,0.5014268755912781,0.758091151714325,0.027563799172639847,0.788940966129303,0.5104798674583435,0.3913060128688812,-0.6589930057525635,0.6093275547027588,0.48975133895874023,0.7661951780319214,0.029760247096419334,0.6213409900665283,0.5180330276489258,0.39967086911201477,-0.6753860116004944,0.5794075131416321,0.5239009261131287,0.7898000478744507,-0.142785906791687,0.8365455269813538,0.5428599119186401,0.33804866671562195,-0.8468374609947205,0.7740663886070251
IMG_9705,38,1259,good,0.5046346187591553,0.349052757024765,-0.23004890978336334,0.9994089603424072,0.514113187789917,0.34033897519111633,-0.19983330368995667,0.9990024566650391,0.5197134017944336,0.34049177169799805,-0.2000117152929306,0.9988526701927185,0.5251514315605164,0.34049510955810547,-0.20012597739696503,0.9988639950752258,0.49739396572113037,0.33976873755455017,-0.19190704822540283,0.998945951461792,0.4908875524997711,0.339633584022522,-0.191910520195961,0.9987996816635132,0.48432719707489014,0.3394167721271515,-0.19199328124523163,0.99898362159729,0.533111572265625,0.34488150477409363,-0.02792290411889553,0.9974926114082336,0.4701593518257141,0.34362152218818665,0.0033293371088802814,0.9983064532279968,0.516491174697876,0.3602183759212494,-0.16521480679512024,0.9985886216163635,0.49358391761779785,0.36000093817710876,-0.15576457977294922,0.9991865754127502,0.5834015011787415,0.39037901163101196,0.007990050129592419,0.9993522763252258,0.4272746443748474,0.403015673160553,0.12088517099618912,0.999329149723053,0.5973681211471558,0.42330312728881836,-0.291237473487854,0.9402254819869995,0.3697341978549957,0.462130606174469,-0.029154470190405846,0.8471116423606873,0.5347679853439331,0.36414071917533875,-0.5927111506462097,0.9485476613044739,0.43286004662513733,0.43603813648223877,-0.3525218963623047,0.8948289752006531,0.5209907293319702,0.3463433086872101,-0.6403912901878357,0.9194454550743103,0.4377991855144501,0.4324612021446228,-0.40087974071502686,0.8276866674423218,0.5223028063774109,0.34212443232536316,-0.6209425926208496,0.9018206000328064,0.4513041377067566,0.4221819341182709,-0.3978273570537567,0.8037095069885254,0.5258462429046631,0.34963077306747437,-0.5890759229660034,0.8567507266998291,0.45058566331863403,0.4242245852947235,-0.3566451668739319,0.7571238875389099,0.5569858551025391,0.5332514643669128,-0.016605179756879807,0.9992321729660034,0.4715866148471832,0.524735152721405,0.017487889155745506,0.9989989995956421,0.5294737219810486,0.6510190367698669,-0.0439327172935009,0.8840471506118774,0.4667157232761383,0.4528881907463074,-0.5324020385742188,0.767929196357727,0.5017787218093872,0.7585329413414001,-0.03644179180264473,0.7874667644500732,0.5083147287368774,0.4147811233997345,-0.7765709161758423,0.593073308467865,0.4895034730434418,0.7684371471405029,-0.040973812341690063,0.6358909606933594,0.5169814229011536,0.42644354701042175,-0.7977064847946167,0.5886815190315247,0.5286837220191956,0.7914277911186218,-0.19026269018650055,0.840401291847229,0.539818286895752,0.3687521517276764,-0.9626947641372681,0.782531201839447
IMG_9705,39,1292,good,0.5046359896659851,0.3491491675376892,-0.20481018722057343,0.9990979433059692,0.5141410827636719,0.34077808260917664,-0.16762594878673553,0.9985480904579163,0.5197129249572754,0.3410717248916626,-0.167764812707901,0.9983054399490356,0.5251376628875732,0.3412458598613739,-0.167860746383667,0.998428463935852,0.497445285320282,0.3400726914405823,-0.16950318217277527,0.9984982013702393,0.4909733533859253,0.33996981382369995,-0.16951508820056915,0.9982445240020752,0.4844348430633545,0.33978939056396484,-0.16963355243206024,0.9986080527305603,0.5325378179550171,0.34576216340065,0.0354393906891346,0.9963374733924866,0.47016236186027527,0.3438832461833954,0.02084229700267315,0.9977288842201233,0.5161780118942261,0.36040782928466797,-0.1285642385482788,0.9976937770843506,0.49341002106666565,0.360068678855896,-0.1327955424785614,0.998612642288208,0.5826649069786072,0.3906477987766266,0.09474979341030121,0.9990723729133606,0.42763131856918335,0.4034329950809479,0.10569940507411957,0.9990829229354858,0.5965903401374817,0.42253321409225464,-0.20668098330497742,0.938224732875824,0.37353265285491943,0.4618530571460724,-0.1474108099937439,0.8525964021682739,0.5349047183990479,0.3639153838157654,-0.5429144501686096,0.9478029012680054,0.4390016496181488,0.4182552993297577,-0.5376399755477905,0.8966503143310547,0.5201268792152405,0.34634363651275635,-0.6161245107650757,0.916479766368866,0.4500473439693451,0.40389299392700195,-0.6186058521270752,0.8287488222122192,0.5220504403114319,0.3424665629863739,-0.582756757736206,0.8992813229560852,0.45637792348861694,0.3958597481250763,-0.5955348014831543,0.8055858016014099,0.5255143046379089,0.34919676184654236,-0.5381714105606079,0.8551136255264282,0.4551286995410919,0.4062018394470215,-0.5374141931533813,0.7595949172973633,0.5582106709480286,0.5313761830329895,0.0003994530998170376,0.99893718957901,0.476178377866745,0.5263780355453491,7.683979674766306e-06,0.998724639415741,0.5277922749519348,0.6509897112846375,-0.022776789963245392,0.8553587794303894,0.503535807132721,0.6376196146011353,-0.17613589763641357,0.7536245584487915,0.4999467730522156,0.7583957314491272,0.09282774478197098,0.7767801880836487,0.5115344524383545,0.7386695146560669,-0.035690657794475555,0.6038177609443665,0.48751023411750793,0.7683289647102356,0.0915936604142189,0.6174585223197937,0.536504864692688,0.7395036816596985,-0.03194503113627434,0.5775827765464783,0.5216105580329895,0.7923473715782166,-0.12551067769527435,0.8233621120452881,0.5358453989028931,0.7730209231376648,-0.25854650139808655,0.7744191288948059
IMG_9705,40,1325,good,0.5038631558418274,0.34962037205696106,-0.12651090323925018,0.9990896582603455,0.5135244131088257,0.34121084213256836,-0.09230823814868927,0.9985193014144897,0.5190393924713135,0.34151485562324524,-0.09247653931379318,0.9982471466064453,0.5245333909988403,0.34166574478149414,-0.09259738773107529,0.9984464049339294,0.4971858263015747,0.3405894339084625,-0.08518416434526443,0.9984882473945618,0.4908795952796936,0.3405619263648987,-0.08523232489824295,0.9982207417488098,0.48441067337989807,0.34047257900238037,-0.08538631349802017,0.9986356496810913,0.532476544380188,0.34636715054512024,0.06900108605623245,0.9960651397705078,0.4704221487045288,0.34492233395576477,0.0977705717086792,0.9977052807807922,0.5155535340309143,0.36096012592315674,-0.06836659461259842,0.9974536895751953,0.4933144450187683,0.3607533574104309,-0.060420479625463486,0.9985640048980713,0.5831811428070068,0.39251965284347534,0.08721383661031723,0.9990459084510803,0.4275977909564972,0.4047837257385254,0.16916924715042114,0.9991012811660767,0.5963520407676697,0.4251953661441803,-0.19451415538787842,0.936599850654602,0.37533247470855713,0.4624784588813782,-0.02914907969534397,0.8551337718963623,0.5346870422363281,0.3638238310813904,-0.3951645791530609,0.9486001133918762,0.43940111994743347,0.4027518630027771,-0.27620387077331543,0.8935285806655884,0.5202218890190125,0.3462148904800415,-0.4313487410545349,0.9167892336845398,0.4531058669090271,0.3833940923213959,-0.32065698504447937,0.8203311562538147,0.5221940875053406,0.3425402045249939,-0.3890276551246643,0.8994244337081909,0.4569011330604553,0.3770594000816345,-0.28426846861839294,0.7961969971656799,0.5256680250167847,0.3492182791233063,-0.38221222162246704,0.8550471663475037,0.4554668962955475,0.3872533142566681,-0.2689472436904907,0.7510671615600586,0.5596336126327515,0.5314680933952332,-0.0026124257128685713,0.9990100264549255,0.4755653738975525,0.5261579155921936,0.0030881687998771667,0.9988083243370056,0.5281498432159424,0.6439078450202942,-0.02871593087911606,0.8543034195899963,0.4967547357082367,0.5009691119194031,-0.49500805139541626,0.7627701163291931,0.5000185966491699,0.7580416202545166,0.02759568579494953,0.7838550209999084,0.4869796335697174,0.6194666028022766,-0.5213755369186401,0.61295086145401,0.4878635108470917,0.7675849199295044,0.021441549062728882,0.617186963558197,0.49282383918762207,0.6195723414421082,-0.5249391198158264,0.5814036130905151,0.528089165687561,0.7927715182304382,-0.1894124150276184,0.8266981840133667,0.5179612636566162,0.6246089339256287,-0.7093377709388733,0.7816494703292847
IMG_9705,41,1358,good,0.5035664439201355,0.34892040491104126,-0.13415077328681946,0.9990571141242981,0.5130789875984192,0.34069621562957764,-0.09713234007358551,0.9984281659126282,0.5184003114700317,0.34096559882164,-0.09728642553091049,0.9981087446212769,0.5236374735832214,0.3410792350769043,-0.09735991060733795,0.9983758926391602,0.49712005257606506,0.3403010368347168,-0.09162020683288574,0.998450517654419,0.49087727069854736,0.34034618735313416,-0.09168385714292526,0.9981716871261597,0.4844045042991638,0.34030383825302124,-0.09186039865016937,0.9986238479614258,0.531616747379303,0.3462847173213959,0.07135039567947388,0.9955440163612366,0.47055551409721375,0.3449012041091919,0.09483470022678375,0.9976226687431335,0.5143671035766602,0.3604052662849426,-0.0731210932135582,0.9972658753395081,0.49290353059768677,0.360525518655777,-0.06674399226903915,0.9985384345054626,0.5832704901695251,0.3933511972427368,0.08619030565023422,0.9989879727363586,0.4249766170978546,0.4058615565299988,0.14599522948265076,0.9991254210472107,0.5929325222969055,0.43319568037986755,-0.20773380994796753,0.9322724938392639,0.3752870261669159,0.46461883187294006,-0.06422482430934906,0.8565881252288818,0.5324131846427917,0.36447039246559143,-0.43236204981803894,0.948933482170105,0.4420832097530365,0.40342265367507935,-0.30046871304512024,0.893765926361084,0.5200320482254028,0.3462471067905426,-0.46916723251342773,0.9170835614204407,0.45821911096572876,0.3823757767677307,-0.3423154652118683,0.8182092308998108,0.522178590297699,0.34254419803619385,-0.43001484870910645,0.8995565176010132,0.46024516224861145,0.37942034006118774,-0.30727142095565796,0.7938732504844666,0.5252136588096619,0.34921973943710327,-0.4207397699356079,0.8551230430603027,0.45834189653396606,0.38688379526138306,-0.2912542223930359,0.7496140003204346,0.558890163898468,0.5327845811843872,0.006590303499251604,0.9990993142127991,0.46922582387924194,0.5280347466468811,-0.006265146192163229,0.9989160895347595,0.5281314253807068,0.6444359421730042,-0.060336627066135406,0.8585240840911865,0.4966602325439453,0.4624633491039276,-0.6088327765464783,0.7800156474113464,0.5014893412590027,0.7585797905921936,0.07455597072839737,0.7949841022491455,0.47965726256370544,0.5884970426559448,-0.5302940011024475,0.6361787915229797,0.4883260726928711,0.7695592045783997,0.08266175538301468,0.6257253289222717,0.47628387808799744,0.6013142466545105,-0.5228475332260132,0.5956833362579346,0.5384595990180969,0.7982413172721863,-0.09250091016292572,0.8342939019203186,0.489602655172348,0.61222904920578,-0.6845629215240479,0.7952425479888916
IMG_9705,42,1391,good,0.5033436417579651,0.347042053937912,-0.1299559473991394,0.9990174174308777,0.5126380920410156,0.3387582004070282,-0.09536959230899811,0.9983428120613098,0.5178713202476501,0.33904391527175903,-0.09552550315856934,0.9979963898658752,0.5231203436851501,0.339211106300354,-0.09559759497642517,0.998333215713501,0.4969800114631653,0.33878427743911743,-0.08638285100460052,0.9983950853347778,0.4907901883125305,0.33905068039894104,-0.08645850419998169,0.9981024861335754,0.48436981439590454,0.33924177289009094,-0.08661706745624542,0.9985927939414978,0.5316564440727234,0.3459489643573761,0.0646466538310051,0.9950703382492065,0.47055861353874207,0.3448388874530792,0.10348810255527496,0.9974941611289978,0.5143109560012817,0.35915231704711914,-0.07235938310623169,0.9970573782920837,0.4927433133125305,0.35971105098724365,-0.06151789799332619,0.9984422326087952,0.5861527919769287,0.3938581347465515,0.06737182289361954,0.9989509582519531,0.424994558095932,0.40651434659957886,0.14679838716983795,0.9991174936294556,0.5878661274909973,0.43505918979644775,-0.22686134278774261,0.9277592301368713,0.37546205520629883,0.4655279517173767,-0.08105920255184174,0.8559615612030029,0.5287827253341675,0.3670201003551483,-0.4167236387729645,0.9496453404426575,0.4437013864517212,0.4014206826686859,-0.3313033878803253,0.8916861414909363,0.5152204036712646,0.3488965928554535,-0.4497258961200714,0.9179010987281799,0.45893898606300354,0.38223713636398315,-0.3756808340549469,0.8129724860191345,0.5210459232330322,0.344526082277298,-0.40874385833740234,0.9005933403968811,0.4607292413711548,0.3779028058052063,-0.33851754665374756,0.7880858778953552,0.5235735774040222,0.35100191831588745,-0.40328890085220337,0.8568205237388611,0.4589788317680359,0.3863164186477661,-0.3224230408668518,0.7447546720504761,0.5584734082221985,0.5358806848526001,0.002039729617536068,0.9991772770881653,0.46604740619659424,0.5288386940956116,-0.0018921078881248832,0.9990130066871643,0.5302242636680603,0.6445314288139343,-0.0743655115365982,0.8640767931938171,0.49550220370292664,0.4667976498603821,-0.6546956896781921,0.7966333627700806,0.5018340349197388,0.7585797905921936,0.07627033442258835,0.8078861832618713,0.4715563952922821,0.5915178060531616,-0.5362604856491089,0.6546974778175354,0.4884634017944336,0.7694321274757385,0.08403392881155014,0.625464916229248,0.47330591082572937,0.6047640442848206,-0.5246928334236145,0.5987828373908997,0.536392331123352,0.7976208329200745,-0.10391964018344879,0.84230637550354,0.4865112900733948,0.6296065449714661,-0.6878358125686646,0.8062987327575684
IMG_9705,43,1424,good,0.5031900405883789,0.34707170724868774,-0.16093771159648895,0.9989444017410278,0.5126349925994873,0.3387151062488556,-0.13008221983909607,0.998171329498291,0.5179421305656433,0.338907927274704,-0.13026396930217743,0.9977656006813049,0.523271381855011,0.33896541595458984,-0.13028620183467865,0.9981676936149597,0.49642592668533325,0.33880510926246643,-0.122168630361557,0.9982842206954956,0.4900592863559723,0.33909904956817627,-0.12228658050298691,0.9979676008224487,0.4835934638977051,0.33935678005218506,-0.12251880764961243,0.998520016670227,0.5324298143386841,0.3454868197441101,0.03445109724998474,0.9941576719284058,0.47055184841156006,0.3448586165904999,0.0708768218755722,0.9973767995834351,0.5148325562477112,0.3591615557670593,-0.09983956813812256,0.9968989491462708,0.49273037910461426,0.35982170701026917,-0.0894484594464302,0.9983805418014526,0.5879510045051575,0.3941430151462555,0.049345530569553375,0.9989245533943176,0.42443785071372986,0.40644559264183044,0.09007187932729721,0.9991214871406555,0.5887397527694702,0.43436726927757263,-0.2510748505592346,0.9258874654769897,0.3752215802669525,0.4656445384025574,-0.17067748308181763,0.8605946898460388,0.5302067399024963,0.36722034215927124,-0.45605745911598206,0.9499695301055908,0.44502362608909607,0.4023529589176178,-0.45348691940307617,0.8927710652351379,0.5174475312232971,0.3490735590457916,-0.46312829852104187,0.9176867008209229,0.46028706431388855,0.3838924765586853,-0.5061900615692139,0.8119612336158752,0.5229452848434448,0.34489020705223083,-0.4436347484588623,0.9004755020141602,0.46194687485694885,0.37809401750564575,-0.46191516518592834,0.7869933843612671,0.5254629850387573,0.35117533802986145,-0.42934221029281616,0.8569239377975464,0.46001750230789185,0.38703256845474243,-0.44107291102409363,0.743910014629364,0.5575461387634277,0.5373493432998657,0.0014577688416466117,0.9992400407791138,0.461153119802475,0.5290607213973999,-0.0013124380493536592,0.9990942478179932,0.5302841663360596,0.648025393486023,-0.09267067909240723,0.868412971496582,0.4936053156852722,0.4729463756084442,-0.7224342823028564,0.8112529516220093,0.5019127130508423,0.7592865228652954,0.07248909771442413,0.8195627331733704,0.46915504336357117,0.5982692241668701,-0.5076332092285156,0.6639866232872009,0.48872458934783936,0.7704800367355347,0.07905177026987076,0.6260661482810974,0.4695807695388794,0.6081231236457825,-0.49938687682151794,0.5978574156761169,0.5345796346664429,0.7974079251289368,-0.10645050555467606,0.8498938083648682,0.48109567165374756,0.6397609114646912,-0.6482839584350586,0.8131611347198486
IMG_9705,44,1458,good,0.5033426284790039,0.3469240367412567,-0.18689768016338348,0.9988934397697449,0.5127852559089661,0.338296115398407,-0.15707294642925262,0.9979749321937561,0.5181023478507996,0.3383013606071472,-0.15725445747375488,0.9975330829620361,0.5233955979347229,0.3382315933704376,-0.15728764235973358,0.9980028867721558,0.4964914917945862,0.33871936798095703,-0.14755117893218994,0.9981217980384827,0.49023884534835815,0.33905738592147827,-0.14763616025447845,0.9977852702140808,0.4838502109050751,0.3393508195877075,-0.1478499323129654,0.998417317867279,0.5326198935508728,0.34445884823799133,0.010127631947398186,0.9931479692459106,0.47082069516181946,0.3448445200920105,0.05679617449641228,0.9971460103988647,0.5152443051338196,0.3589225709438324,-0.12379269301891327,0.9967828392982483,0.4930035173892975,0.35981979966163635,-0.11033554375171661,0.9983169436454773,0.5883331894874573,0.39374276995658875,0.017645375803112984,0.9989186525344849,0.4244413375854492,0.4060708284378052,0.08802374452352524,0.999090850353241,0.5920944213867188,0.4341443181037903,-0.2952995002269745,0.9273802042007446,0.37717247009277344,0.4655681848526001,-0.1630103588104248,0.8666480183601379,0.5330756902694702,0.3690640330314636,-0.5672409534454346,0.9514805674552917,0.4464122951030731,0.40227779746055603,-0.458156943321228,0.8961133360862732,0.5178493857383728,0.3528080880641937,-0.6134158372879028,0.9194568991661072,0.4612819254398346,0.3839333951473236,-0.5169171094894409,0.815349817276001,0.5231027603149414,0.34780454635620117,-0.5760676264762878,0.902710497379303,0.46340328454971313,0.3775307238101959,-0.4788070023059845,0.7909203171730042,0.5256490111351013,0.35404807329177856,-0.5534191727638245,0.8601587414741516,0.4614618718624115,0.38646337389945984,-0.44871100783348083,0.7486419677734375,0.5573943257331848,0.536827027797699,-0.014007721096277237,0.9992672204971313,0.4598480761051178,0.5281288027763367,0.014221013523638248,0.9991546273231506,0.5302533507347107,0.6492265462875366,-0.11885151267051697,0.874919593334198,0.4845806062221527,0.47889620065689087,-0.7211303114891052,0.8245445489883423,0.5015734434127808,0.7593808770179749,0.0739065557718277,0.8300499320030212,0.46827366948127747,0.6128128170967102,-0.5167654156684875,0.676031231880188,0.4889026880264282,0.7703426480293274,0.08284750580787659,0.6176552176475525,0.4730045199394226,0.6378195285797119,-0.49928951263427734,0.6025186777114868,0.5192681550979614,0.7979276180267334,-0.11966247856616974,0.8551152348518372,0.47709909081459045,0.6681779026985168,-0.6761252284049988,0.8199824094772339
IMG_9705,45,1491,good,0.5047669410705566,0.34376394748687744,-0.1614709347486496,0.9989272356033325,0.5136997699737549,0.33461859822273254,-0.12640947103500366,0.9980075359344482,0.5189238786697388,0.3344968855381012,-0.12656785547733307,0.9975785613059998,0.524127185344696,0.3343777656555176,-0.12664201855659485,0.9980473518371582,0.4973908066749573,0.33536210656166077,-0.119221031665802,0.9981420040130615,0.4911268949508667,0.3357267379760742,-0.11926031857728958,0.9978159666061401,0.48471856117248535,0.3360917866230011,-0.11939044296741486,0.9984440207481384,0.5331846475601196,0.3404013514518738,0.05284236744046211,0.9931634068489075,0.47118252515792847,0.34181326627731323,0.08499777317047119,0.997197151184082,0.5166116952896118,0.3550410270690918,-0.09465717524290085,0.9968626499176025,0.494102418422699,0.3563380837440491,-0.08568955957889557,0.9983446002006531,0.5890384912490845,0.3931678533554077,0.061590295284986496,0.9989334940910339,0.4244408905506134,0.40340524911880493,0.1313343495130539,0.9990637898445129,0.5921544432640076,0.43393516540527344,-0.2422729730606079,0.9280136823654175,0.37900757789611816,0.4633893072605133,-0.10752632468938828,0.8711766600608826,0.5382731556892395,0.37182876467704773,-0.5032159686088562,0.9531741142272949,0.4478033483028412,0.39817142486572266,-0.3796243369579315,0.8998719453811646,0.5288347005844116,0.35570481419563293,-0.54977947473526,0.9214812517166138,0.46139970421791077,0.38089197874069214,-0.43484413623809814,0.82003253698349,0.5256639719009399,0.3492392897605896,-0.5115576982498169,0.905301570892334,0.4636758863925934,0.37364035844802856,-0.4016248285770416,0.7960588335990906,0.5275034308433533,0.35515889525413513,-0.4916117489337921,0.8639824390411377,0.4618494212627411,0.38272419571876526,-0.37207865715026855,0.7545478343963623,0.5563163757324219,0.5355862975120544,-0.014697158709168434,0.9993182420730591,0.45649269223213196,0.5235847234725952,0.01495453342795372,0.9992215633392334,0.5302186608314514,0.6492967009544373,-0.1494806855916977,0.8813263773918152,0.47210219502449036,0.4855653643608093,-0.7536675333976746,0.8385421633720398,0.5014054179191589,0.7601620554924011,0.06886929273605347,0.8399377465248108,0.4643138349056244,0.6258706450462341,-0.510596752166748,0.6881017088890076,0.48898398876190186,0.771644651889801,0.08172133564949036,0.6176416277885437,0.467580646276474,0.6394550800323486,-0.49056538939476013,0.6029819846153259,0.5161246061325073,0.7990474700927734,-0.1328638345003128,0.8600761890411377,0.4680019021034241,0.6634886264801025,-0.6676557064056396,0.8258313536643982
IMG_9705,46,1524,good,0.5042904615402222,0.34240686893463135,-0.1693742424249649,0.9989884495735168,0.5135476589202881,0.33349987864494324,-0.13318189978599548,0.9981184601783752,0.5188032984733582,0.3335663378238678,-0.1333366185426712,0.997717022895813,0.5240193009376526,0.3336015045642853,-0.1334097534418106,0.9981611967086792,0.4973125755786896,0.33407673239707947,-0.1256997436285019,0.9982417821884155,0.4910901188850403,0.33452174067497253,-0.12575936317443848,0.9979382753372192,0.48472362756729126,0.3349505662918091,-0.12588699162006378,0.998526394367218,0.533367931842804,0.3398556113243103,0.0508238822221756,0.9935140013694763,0.47214236855506897,0.34086740016937256,0.08545136451721191,0.9973639249801636,0.5164389610290527,0.3539152443408966,-0.10122338682413101,0.9970458149909973,0.49396541714668274,0.3550887405872345,-0.09197912365198135,0.9984252452850342,0.5910980701446533,0.39275041222572327,0.059894442558288574,0.9989752769470215,0.4245185852050781,0.4020935595035553,0.12850841879844666,0.9990852475166321,0.5956412553787231,0.4329844117164612,-0.2721762955188751,0.9299936890602112,0.37931469082832336,0.45929595828056335,-0.13898134231567383,0.8766052722930908,0.5398709774017334,0.37149104475975037,-0.5519567728042603,0.9554243683815002,0.4499058425426483,0.3902550935745239,-0.4147597849369049,0.9039452075958252,0.5285235643386841,0.3546302616596222,-0.6009127497673035,0.9244072437286377,0.4643315374851227,0.366118460893631,-0.473845899105072,0.8248556852340698,0.5269107222557068,0.34899890422821045,-0.5545076131820679,0.9088748097419739,0.46532902121543884,0.36434534192085266,-0.42792508006095886,0.8009958267211914,0.5290325880050659,0.35498306155204773,-0.5380401015281677,0.8689406514167786,0.4638867676258087,0.3733522593975067,-0.40322640538215637,0.7598333358764648,0.5563100576400757,0.5359363555908203,-0.015620081685483456,0.9993781447410583,0.45496562123298645,0.5225102305412292,0.015854578465223312,0.9992940425872803,0.5306649804115295,0.6513290405273438,-0.15038520097732544,0.8885036706924438,0.46199262142181396,0.486361026763916,-0.8350667357444763,0.8526285886764526,0.5032784938812256,0.7608655691146851,0.077550508081913,0.8513863682746887,0.44202953577041626,0.6198801398277283,-0.5828388929367065,0.7044325470924377,0.4907711446285248,0.7722662091255188,0.09193948656320572,0.6255108714103699,0.4367969036102295,0.630137026309967,-0.5574862957000732,0.6080677509307861,0.5167009234428406,0.7991838455200195,-0.1291879117488861,0.8678348064422607,0.4543878138065338,0.662044882774353,-0.743918240070343,0.8341731429100037
IMG_9705,47,1557,good,0.503383994102478,0.34097984433174133,-0.1615968644618988,0.9989915490150452,0.5134695172309875,0.33145835995674133,-0.12813933193683624,0.9981067180633545,0.51882004737854,0.3314192593097687,-0.12830005586147308,0.9977287650108337,0.5242369174957275,0.33140525221824646,-0.1283801943063736,0.9981672763824463,0.49687087535858154,0.33230510354042053,-0.11819852143526077,0.9982364773750305,0.49068954586982727,0.3328576385974884,-0.11827059090137482,0.9979485273361206,0.4845222234725952,0.33341261744499207,-0.11841574311256409,0.9985268115997314,0.5354827046394348,0.3382910490036011,0.04770876467227936,0.9934064149856567,0.4724539518356323,0.3397942781448364,0.09189148247241974,0.9974294304847717,0.516506016254425,0.35317695140838623,-0.09553173929452896,0.9969692230224609,0.49319300055503845,0.3541584014892578,-0.0832187756896019,0.9984048008918762,0.5938345193862915,0.39143261313438416,0.05668732523918152,0.998943030834198,0.424492210149765,0.4002772569656372,0.15409024059772491,0.9991222620010376,0.5956338047981262,0.4327349066734314,-0.27633118629455566,0.9309791922569275,0.3793514668941498,0.45743805170059204,-0.09312742948532104,0.8818373680114746,0.5398439764976501,0.36892303824424744,-0.541351854801178,0.9575453996658325,0.45161113142967224,0.39106637239456177,-0.36750519275665283,0.9083403944969177,0.5269736051559448,0.3481486737728119,-0.5845195055007935,0.9273948669433594,0.46588799357414246,0.3685389757156372,-0.41651782393455505,0.830112874507904,0.5268589854240417,0.3437078297138214,-0.5329791903495789,0.9124046564102173,0.46713751554489136,0.3658847510814667,-0.37230634689331055,0.806165874004364,0.5290319323539734,0.35037457942962646,-0.5240746140480042,0.8734389543533325,0.46636825799942017,0.37251678109169006,-0.3559802174568176,0.765244722366333,0.5562036633491516,0.5359548330307007,-0.021485239267349243,0.9994181990623474,0.4509585201740265,0.5217044353485107,0.02175607532262802,0.9993536472320557,0.5323140025138855,0.6512782573699951,-0.12497133016586304,0.8932071328163147,0.4515603184700012,0.5026422142982483,-0.7856571078300476,0.8633885979652405,0.5056177377700806,0.7619239687919617,0.0681806206703186,0.8606722354888916,0.43410640954971313,0.6247988343238831,-0.6270840764045715,0.7158854007720947,0.4910355806350708,0.7762151956558228,0.07579411566257477,0.6322261095046997,0.42882785201072693,0.6410019993782043,-0.6127593517303467,0.6108472943305969,0.517109751701355,0.7998408079147339,-0.1649341583251953,0.8740784525871277,0.45137593150138855,0.6650134921073914,-0.8327834010124207,0.8414615392684937
IMG_9705,48,1590,good,0.5037708878517151,0.33852607011795044,-0.16779011487960815,0.9990255832672119,0.5138813853263855,0.3291887640953064,-0.1341397613286972,0.9981324076652527,0.5193524360656738,0.32915034890174866,-0.13429582118988037,0.9977694153785706,0.5249114036560059,0.32913902401924133,-0.13437093794345856,0.9981918334960938,0.49709755182266235,0.33002176880836487,-0.12541070580482483,0.9982663989067078,0.49106237292289734,0.3306005299091339,-0.1254800409078598,0.9979960918426514,0.4850402772426605,0.3311547040939331,-0.12562492489814758,0.9985551834106445,0.5359997153282166,0.3363076448440552,0.04225004464387894,0.9932518005371094,0.47301584482192993,0.3378662168979645,0.08064945042133331,0.9974828362464905,0.5168509483337402,0.35090315341949463,-0.10064314305782318,0.9970442056655884,0.49317795038223267,0.3517732322216034,-0.08992785960435867,0.9984216094017029,0.5962584614753723,0.3914172351360321,0.03028479591012001,0.9988816976547241,0.42384177446365356,0.39992961287498474,0.11460128426551819,0.9991254210472107,0.5923692584037781,0.4325237572193146,-0.31104788184165955,0.9311134815216064,0.3792768120765686,0.45479631423950195,-0.1630202829837799,0.8886174559593201,0.5373829007148743,0.36552444100379944,-0.5753061175346375,0.9587835669517517,0.45682141184806824,0.38497334718704224,-0.4249476492404938,0.913515031337738,0.523743212223053,0.3469891846179962,-0.6238630414009094,0.9291442632675171,0.4701646566390991,0.362682968378067,-0.4811294674873352,0.8377529978752136,0.5258684754371643,0.33863505721092224,-0.5773239731788635,0.9146780371665955,0.4701249897480011,0.35861343145370483,-0.43722057342529297,0.8144887089729309,0.5284796357154846,0.3458244502544403,-0.5615310072898865,0.8766255974769592,0.46946024894714355,0.36707600951194763,-0.41388460993766785,0.7745879888534546,0.5561214685440063,0.5366551280021667,-0.021306920796632767,0.9994572401046753,0.44953954219818115,0.5218657851219177,0.021534310653805733,0.9994097948074341,0.5323454141616821,0.6534060835838318,-0.14807526767253876,0.9008687138557434,0.4452366828918457,0.5168649554252625,-0.831065833568573,0.8755379915237427,0.5068883299827576,0.764085590839386,0.0921064168214798,0.8715423345565796,0.4325062334537506,0.6280458569526672,-0.593447208404541,0.7280812859535217,0.4942193031311035,0.7786905765533447,0.10776758193969727,0.6421846747398376,0.43140095472335815,0.6375558972358704,-0.5669465065002441,0.6129482984542847,0.5174722075462341,0.8009645938873291,-0.11132193356752396,0.8818418979644775,0.450524240732193,0.6680768728256226,-0.7290225625038147,0.847076416015625
IMG_9705,49,1623,good,0.5032838582992554,0.33686259388923645,-0.16614054143428802,0.9990419745445251,0.5138710141181946,0.32684892416000366,-0.1303188055753708,0.9981205463409424,0.5193911790847778,0.32687440514564514,-0.13047562539577484,0.997776448726654,0.5250663757324219,0.327017605304718,-0.13054071366786957,0.9981805682182312,0.4969924986362457,0.3278508186340332,-0.11863935738801956,0.9982569217681885,0.490994930267334,0.32848814129829407,-0.11870875954627991,0.9980037808418274,0.4850306212902069,0.3291267454624176,-0.11886309832334518,0.9985449910163879,0.5374591946601868,0.3353578746318817,0.0397462360560894,0.9928953051567078,0.4735121726989746,0.3362884223461151,0.08809804916381836,0.9974638223648071,0.5168643593788147,0.3496032655239105,-0.1035468727350235,0.9970285892486572,0.492340087890625,0.3503628373146057,-0.09071722626686096,0.9984025359153748,0.5971482396125793,0.39102956652641296,0.025073494762182236,0.9987915754318237,0.42415887117385864,0.3984711468219757,0.12051891535520554,0.9991309642791748,0.5925158858299255,0.43239152431488037,-0.30916619300842285,0.9332051873207092,0.3792403042316437,0.4540473520755768,-0.14631430804729462,0.8941968083381653,0.5385762453079224,0.36535394191741943,-0.56705641746521,0.9610285758972168,0.45674023032188416,0.38650962710380554,-0.4163283407688141,0.9185174107551575,0.5238844156265259,0.3451373875141144,-0.6145876049995422,0.9324831962585449,0.4696887135505676,0.3655262589454651,-0.47005000710487366,0.8454568982124329,0.5288695693016052,0.33833998441696167,-0.5691547989845276,0.9187458157539368,0.47009947896003723,0.36067724227905273,-0.4278629422187805,0.8228265643119812,0.5292930006980896,0.34549105167388916,-0.553101122379303,0.8820413947105408,0.4696587324142456,0.36909815669059753,-0.4056226909160614,0.7839059829711914,0.5549510717391968,0.5366204380989075,-0.02089395374059677,0.9994958639144897,0.4490831196308136,0.5220175385475159,0.0211664829403162,0.9994608163833618,0.5319114923477173,0.6531857252120972,-0.13583210110664368,0.9074884653091431,0.4380909502506256,0.5390607714653015,-0.7884291410446167,0.8866698145866394,0.51094651222229,0.7640107870101929,0.11463664472103119,0.8812764286994934,0.428489625453949,0.6305009126663208,-0.5079967379570007,0.7402640581130981,0.4991784989833832,0.77848219871521,0.13091525435447693,0.655165433883667,0.42769619822502136,0.6367903351783752,-0.47446441650390625,0.6152508854866028,0.5225063562393188,0.797447919845581,-0.07329069077968597,0.8886556029319763,0.4454549551010132,0.6677354574203491,-0.6409077644348145,0.8520870804786682
IMG_9705,50,1656,good,0.5039436221122742,0.33423927426338196,-0.2534611225128174,0.9991052150726318,0.514656126499176,0.3249758183956146,-0.21619291603565216,0.9982318878173828,0.5203491449356079,0.3249640464782715,-0.2163419872522354,0.997912585735321,0.5261901617050171,0.32508569955825806,-0.21641871333122253,0.9982830882072449,0.4975319802761078,0.32621729373931885,-0.20511344075202942,0.998359203338623,0.49172917008399963,0.326946884393692,-0.20517511665821075,0.9981245994567871,0.4859720766544342,0.3276573717594147,-0.20531384646892548,0.9986211657524109,0.5398968458175659,0.3332107365131378,-0.03899594023823738,0.9932427406311035,0.476142555475235,0.3349827826023102,0.010363664478063583,0.9976235032081604,0.5180209875106812,0.3473411500453949,-0.18926656246185303,0.9972390532493591,0.4925556182861328,0.34840959310531616,-0.1757802665233612,0.9984996914863586,0.5983506441116333,0.3908272981643677,-0.032022710889577866,0.9988078474998474,0.4262263774871826,0.3965650498867035,0.040747132152318954,0.9991649389266968,0.5962297320365906,0.4323134124279022,-0.3778044879436493,0.9362578392028809,0.37929198145866394,0.4511900842189789,-0.24173134565353394,0.9008263349533081,0.5451501607894897,0.36543411016464233,-0.676522970199585,0.9633082747459412,0.45931538939476013,0.38390228152275085,-0.5666083097457886,0.9235401153564453,0.5311340093612671,0.34377604722976685,-0.7315448522567749,0.9357925057411194,0.471649706363678,0.3594895899295807,-0.6307166814804077,0.853402853012085,0.5351179838180542,0.3378552496433258,-0.6861497759819031,0.9228531122207642,0.47270330786705017,0.3586679995059967,-0.59084153175354,0.8315556645393372,0.5363209247589111,0.34552350640296936,-0.6636713743209839,0.8877162337303162,0.4724614918231964,0.3679841458797455,-0.5580811500549316,0.7938253879547119,0.5542520880699158,0.5367791652679443,-0.017314363270998,0.999538004398346,0.44911184906959534,0.522087812423706,0.017345918342471123,0.9995104074478149,0.5286058187484741,0.655580461025238,-0.13412679731845856,0.9144718647003174,0.436515748500824,0.5484602451324463,-0.7839078307151794,0.8972973227500916,0.5135976672172546,0.7638864517211914,0.19453300535678864,0.8907802700996399,0.4303777515888214,0.641514241695404,-0.3845522701740265,0.7531986236572266,0.5009490251541138,0.7783153057098389,0.21997560560703278,0.6684526801109314,0.4346234202384949,0.6516122817993164,-0.3424406349658966,0.6186631917953491,0.5225829482078552,0.7973175048828125,0.020328177139163017,0.8959222435951233,0.44498932361602783,0.678935170173645,-0.4983145296573639,0.8576349020004272
IMG_9705,51,1690,good,0.5038793683052063,0.3348928391933441,-0.3461796045303345,0.9991168975830078,0.5147781372070312,0.32554855942726135,-0.3125865161418915,0.99823397397995,0.520729124546051,0.32579049468040466,-0.31271249055862427,0.9979304075241089,0.5268242955207825,0.3260979652404785,-0.3128313422203064,0.9982770681381226,0.49752745032310486,0.3263043463230133,-0.3001318871974945,0.9983626008033752,0.4917253255844116,0.32707691192626953,-0.30021968483924866,0.9981384873390198,0.4859663248062134,0.32792234420776367,-0.3003726601600647,0.9986038208007812,0.5416410565376282,0.3344072699546814,-0.13634519279003143,0.9930957555770874,0.4767523407936096,0.33523640036582947,-0.08056911081075668,0.9976522922515869,0.5180428624153137,0.3483591377735138,-0.2807399332523346,0.9973310232162476,0.49248966574668884,0.34861817955970764,-0.2652587592601776,0.9985161423683167,0.6003531217575073,0.3912038505077362,-0.11994282901287079,0.9987593293190002,0.42641475796699524,0.3967183232307434,-0.030526243150234222,0.999178409576416,0.5962117314338684,0.4323578178882599,-0.462613046169281,0.9392372369766235,0.3790021240711212,0.45168638229370117,-0.30825135111808777,0.9064457416534424,0.5463805198669434,0.36546796560287476,-0.744895875453949,0.9653968214988708,0.46017298102378845,0.3851453959941864,-0.6453768014907837,0.9279980659484863,0.5323539972305298,0.34331339597702026,-0.8028717041015625,0.9387681484222412,0.4719293713569641,0.3610776662826538,-0.7148392796516418,0.86062091588974,0.5363412499427795,0.33817434310913086,-0.7596822381019592,0.9266178011894226,0.4733240008354187,0.3595864176750183,-0.6753578782081604,0.8396085500717163,0.5378524661064148,0.3456062078475952,-0.7327587008476257,0.8928402662277222,0.4735722541809082,0.3682786524295807,-0.6376405954360962,0.8027918934822083,0.5536949038505554,0.5392181873321533,-0.018404779955744743,0.9995740056037903,0.44774100184440613,0.5250979065895081,0.01838197372853756,0.9995549917221069,0.5249567031860352,0.6613787412643433,-0.1354866325855255,0.9211862087249756,0.4285743832588196,0.5547991394996643,-0.7770485281944275,0.9067644476890564,0.5135160684585571,0.7654353380203247,0.25015121698379517,0.8994573950767517,0.4254201650619507,0.6454039812088013,-0.3352498710155487,0.7641024589538574,0.5008898973464966,0.7779226899147034,0.2817421853542328,0.6797159910202026,0.43838587403297424,0.6539589762687683,-0.2901736795902252,0.61885666847229,0.5214659571647644,0.7989955544471741,0.07949443906545639,0.9023905396461487,0.44090840220451355,0.6840221881866455,-0.4476909637451172,0.8618009090423584
IMG_9705,52,1723,good,0.5066591501235962,0.3349234461784363,-0.38477176427841187,0.9988553524017334,0.5167897939682007,0.32571980357170105,-0.35267117619514465,0.9975844621658325,0.5227333903312683,0.3259107172489166,-0.35281333327293396,0.9972889423370361,0.5287572741508484,0.32616251707077026,-0.35291773080825806,0.9976112842559814,0.4994886517524719,0.32641881704330444,-0.34245505928993225,0.9977007508277893,0.4936651289463043,0.32707276940345764,-0.3425089120864868,0.9974268674850464,0.4879421591758728,0.3276965320110321,-0.34268537163734436,0.9979285001754761,0.5433365106582642,0.3345656394958496,-0.17571398615837097,0.9905982613563538,0.47794482111930847,0.3348905146121979,-0.12728971242904663,0.9969574809074402,0.5207410454750061,0.3478909432888031,-0.3182299733161926,0.9969943165779114,0.4946287274360657,0.3481168746948242,-0.3047229051589966,0.9980922341346741,0.6030899882316589,0.391208291053772,-0.14493632316589355,0.9987027645111084,0.42809969186782837,0.3954223692417145,-0.06931671500205994,0.999139666557312,0.5958042740821838,0.4322876036167145,-0.47059497237205505,0.9400671720504761,0.37858107686042786,0.4500359892845154,-0.3437778651714325,0.9102205038070679,0.5457184314727783,0.3656866252422333,-0.7614949345588684,0.965909481048584,0.46248865127563477,0.38537919521331787,-0.6922467350959778,0.9300981163978577,0.5306214690208435,0.3425673544406891,-0.8218787908554077,0.939180850982666,0.4733028709888458,0.3619895577430725,-0.7695696949958801,0.8627055883407593,0.535978376865387,0.33750614523887634,-0.7810987234115601,0.9274871349334717,0.47492262721061707,0.3589943051338196,-0.7299210429191589,0.8413910269737244,0.5375694036483765,0.34540995955467224,-0.7510762810707092,0.8934530019760132,0.4752071797847748,0.3671685457229614,-0.6859241724014282,0.804219663143158,0.5518789291381836,0.5414491295814514,-0.01830378733575344,0.999607503414154,0.4453064203262329,0.5288249254226685,0.018262460827827454,0.9995909333229065,0.5222069025039673,0.6605027914047241,-0.10393071174621582,0.9276609420776367,0.4105660915374756,0.5966624021530151,-0.5561724901199341,0.9151512980461121,0.5139599442481995,0.7649219632148743,0.28222009539604187,0.9075888395309448,0.4240286648273468,0.6522979736328125,0.10027975589036942,0.7651062607765198,0.5021920204162598,0.7760040760040283,0.31247925758361816,0.6813451647758484,0.4353247284889221,0.6555051803588867,0.1666102558374405,0.6059828996658325,0.5206908583641052,0.7995092868804932,0.11012054979801178,0.9084864258766174,0.4285605549812317,0.6903561949729919,0.05666984245181084,0.8590038418769836
IMG_9705,53,1756,good,0.5065364837646484,0.33763399720191956,-0.4263990819454193,0.9985077381134033,0.5168404579162598,0.3276195824146271,-0.3993881642818451,0.9969026446342468,0.5228815674781799,0.3278128504753113,-0.3995353579521179,0.996671736240387,0.5289934277534485,0.32796239852905273,-0.39965319633483887,0.9969847202301025,0.4994733929634094,0.3277185559272766,-0.38589340448379517,0.9969931840896606,0.49364617466926575,0.3280481696128845,-0.38594719767570496,0.9966152310371399,0.4879288375377655,0.3283669352531433,-0.3861216604709625,0.9971444606781006,0.5436774492263794,0.3348644971847534,-0.23432913422584534,0.9885324835777283,0.4781584143638611,0.33498889207839966,-0.16932381689548492,0.9961585998535156,0.5206868648529053,0.3505558371543884,-0.36342379450798035,0.9965511560440063,0.49460354447364807,0.3496899902820587,-0.34511473774909973,0.9975265860557556,0.6036484241485596,0.39277249574661255,-0.20173229277133942,0.9985554814338684,0.4280852675437927,0.3956395983695984,-0.09364453703165054,0.9990583062171936,0.5938570499420166,0.4322490394115448,-0.5288119316101074,0.939768373966217,0.37858694791793823,0.4504619836807251,-0.3498983383178711,0.9133906960487366,0.5456617474555969,0.3638819456100464,-0.8101961016654968,0.9650274515151978,0.4643876552581787,0.38515836000442505,-0.6916336417198181,0.9307056665420532,0.5304494500160217,0.3396990895271301,-0.8686746954917908,0.9376043677330017,0.4760725796222687,0.36137446761131287,-0.7658987045288086,0.861640989780426,0.5364242196083069,0.3350816071033478,-0.829571008682251,0.9260861873626709,0.4772643446922302,0.3576880693435669,-0.7222782969474792,0.839468777179718,0.5384817123413086,0.34365755319595337,-0.8004105687141418,0.8907133340835571,0.47722551226615906,0.3659258186817169,-0.6846421957015991,0.8014920949935913,0.5485284924507141,0.548471987247467,-0.01905946061015129,0.9996281266212463,0.442131370306015,0.5382828116416931,0.018943991512060165,0.999611496925354,0.5187059640884399,0.6634202599525452,-0.07569688558578491,0.9339582324028015,0.3984639346599579,0.6218216419219971,-0.4497135877609253,0.9229114055633545,0.5142903923988342,0.764983057975769,0.28421056270599365,0.9155414700508118,0.42354628443717957,0.6572167873382568,0.22992391884326935,0.7671787738800049,0.5036760568618774,0.776096522808075,0.31219276785850525,0.6898849010467529,0.4358372986316681,0.6573324799537659,0.2987495958805084,0.5931698083877563,0.5204030871391296,0.7998798489570618,0.1123887300491333,0.9150709509849548,0.4275510907173157,0.6943846940994263,0.2055976241827011,0.8561679720878601
IMG_9705,54,1789,good,0.5089890360832214,0.3377581834793091,-0.37715765833854675,0.9986287355422974,0.5191431641578674,0.32780104875564575,-0.3455321788787842,0.9971615076065063,0.5253407955169678,0.3279724717140198,-0.34565016627311707,0.9969517588615417,0.5315398573875427,0.32813340425491333,-0.3457193076610565,0.9972344040870667,0.5016636848449707,0.32795295119285583,-0.3327155113220215,0.9972327351570129,0.49576976895332336,0.328284353017807,-0.33274659514427185,0.99687659740448,0.4900394678115845,0.3285912573337555,-0.33289703726768494,0.9973568320274353,0.5456814169883728,0.3352210819721222,-0.16873237490653992,0.9895114898681641,0.4799157679080963,0.3351689577102661,-0.10738764703273773,0.9964409470558167,0.5225766897201538,0.35062524676322937,-0.31209173798561096,0.9968591928482056,0.4965727627277374,0.34976866841316223,-0.2948029935359955,0.9977155327796936,0.6034878492355347,0.39482343196868896,-0.13583333790302277,0.9986380934715271,0.42825719714164734,0.39574384689331055,-0.03932539001107216,0.9990597367286682,0.5939501523971558,0.43518921732902527,-0.48080867528915405,0.9411430954933167,0.37750983238220215,0.44938215613365173,-0.31777867674827576,0.9194212555885315,0.547307550907135,0.36710837483406067,-0.828617513179779,0.9650392532348633,0.4641387164592743,0.3856826424598694,-0.680160403251648,0.9340304136276245,0.5331472158432007,0.3435731530189514,-0.8940708637237549,0.9380274415016174,0.47588297724723816,0.36236217617988586,-0.758027970790863,0.8659506440162659,0.5411022901535034,0.33999842405319214,-0.8612320423126221,0.9270111322402954,0.4771341383457184,0.3582175374031067,-0.7114419937133789,0.8440394401550293,0.5424820184707642,0.3480628728866577,-0.822320818901062,0.8916637301445007,0.4771686792373657,0.3666876256465912,-0.6731074452400208,0.806597113609314,0.5439918041229248,0.5501669645309448,-0.024696946144104004,0.999660313129425,0.43930086493492126,0.5418809652328491,0.02439139224588871,0.9996310472488403,0.5169051289558411,0.663200318813324,-0.11787274479866028,0.9401732087135315,0.39544597268104553,0.6439346075057983,-0.02629631571471691,0.9298139810562134,0.5142250061035156,0.764858603477478,0.20451730489730835,0.9234321117401123,0.4252476394176483,0.664071261882782,0.7646530270576477,0.7645099759101868,0.5043365955352783,0.7762766480445862,0.2320343554019928,0.7060550451278687,0.43641844391822815,0.6631572842597961,0.8451922535896301,0.5786765813827515,0.5159704685211182,0.8014124631881714,0.017519744113087654,0.92234867811203,0.4321621060371399,0.7031395435333252,0.7955395579338074,0.8484221696853638
IMG_9705,55,1822,good,0.5110580325126648,0.33868810534477234,-0.3737235963344574,0.9987395405769348,0.5215882658958435,0.3283180594444275,-0.339409202337265,0.9974039196968079,0.5274292230606079,0.3285072147846222,-0.3395140469074249,0.9972127676010132,0.5332441926002502,0.32874155044555664,-0.3395868241786957,0.9974682927131653,0.504389226436615,0.3282930552959442,-0.32942789793014526,0.997456967830658,0.4983581602573395,0.3285272717475891,-0.32945749163627625,0.9971212148666382,0.4923405945301056,0.32875534892082214,-0.32958194613456726,0.9975538849830627,0.5460362434387207,0.3355523347854614,-0.15034128725528717,0.9904266595840454,0.48084530234336853,0.33530816435813904,-0.10075528919696808,0.9967001080513,0.5230986475944519,0.35134997963905334,-0.30417969822883606,0.9971470236778259,0.49758872389793396,0.3504188358783722,-0.29068952798843384,0.9978986978530884,0.6033098697662354,0.39669686555862427,-0.10895326733589172,0.9987342953681946,0.427805095911026,0.39584317803382874,-0.035659484565258026,0.9990694522857666,0.5939538478851318,0.43968239426612854,-0.44778046011924744,0.9439413547515869,0.37644827365875244,0.4484807550907135,-0.32185059785842896,0.9257031679153442,0.5506567358970642,0.37254220247268677,-0.8060808181762695,0.9664016962051392,0.46420469880104065,0.3858230412006378,-0.6772334575653076,0.9378547072410583,0.5390980839729309,0.35064446926116943,-0.8763893246650696,0.9401794672012329,0.47686445713043213,0.3624971807003021,-0.7560309171676636,0.8716166615486145,0.5451668500900269,0.34906989336013794,-0.8476012349128723,0.9298384785652161,0.4776001572608948,0.35900115966796875,-0.7128763198852539,0.8503783345222473,0.5456844568252563,0.35380062460899353,-0.8020126819610596,0.8955925107002258,0.4771301746368408,0.36739471554756165,-0.6709392070770264,0.813890814781189,0.5412806272506714,0.5509078502655029,-0.024435654282569885,0.9996880888938904,0.43847474455833435,0.5447794198989868,0.024160711094737053,0.9996377825737,0.5131412148475647,0.6634901165962219,-0.12561017274856567,0.9457180500030518,0.4030058979988098,0.6570034623146057,0.06602990627288818,0.9352749586105347,0.5141696333885193,0.7654788494110107,0.12204493582248688,0.9301841259002686,0.4277062714099884,0.6714207530021667,0.8228842616081238,0.7469923496246338,0.5051776766777039,0.7792771458625793,0.13883644342422485,0.7163330912590027,0.43914103507995605,0.6684250235557556,0.8987148404121399,0.5524733662605286,0.5134555101394653,0.8030203580856323,-0.08376084268093109,0.9281681180000305,0.43492594361305237,0.7114241123199463,0.8331056833267212,0.829670250415802
IMG_9705,56,1855,good,0.5109139680862427,0.34164443612098694,-0.3578835725784302,0.9988452196121216,0.5217190384864807,0.3303973972797394,-0.32856765389442444,0.9976326823234558,0.5276289582252502,0.33029261231422424,-0.32867223024368286,0.9974585175514221,0.5334706902503967,0.3303403854370117,-0.32875609397888184,0.9976910948753357,0.5044254064559937,0.33084404468536377,-0.3160018026828766,0.9976660013198853,0.49842044711112976,0.33090469241142273,-0.31601253151893616,0.9973438382148743,0.4924209713935852,0.3309444785118103,-0.31614500284194946,0.9977357983589172,0.5462093949317932,0.3363967835903168,-0.15719471871852875,0.9913038015365601,0.4810889959335327,0.3357892632484436,-0.0957096517086029,0.996947705745697,0.5233511328697205,0.353407084941864,-0.29342809319496155,0.9974129796028137,0.49803251028060913,0.35263675451278687,-0.27691495418548584,0.9980735182762146,0.6031392216682434,0.3970295488834381,-0.11377254873514175,0.9988377690315247,0.42801427841186523,0.39577147364616394,-0.026089033111929893,0.9990922808647156,0.5922172665596008,0.44187232851982117,-0.4393734037876129,0.9469963312149048,0.3751610815525055,0.44871097803115845,-0.29939931631088257,0.9310212135314941,0.5526810884475708,0.37212032079696655,-0.7750678658485413,0.9683825969696045,0.4638731777667999,0.3858129382133484,-0.6377654671669006,0.9408847689628601,0.5447701811790466,0.3501996397972107,-0.8389082551002502,0.9434614181518555,0.47699257731437683,0.36240437626838684,-0.7101502418518066,0.875460684299469,0.5500380396842957,0.3483506739139557,-0.8098636269569397,0.9337906241416931,0.4775366187095642,0.35948309302330017,-0.6674439311027527,0.8545741438865662,0.5504821538925171,0.3533088266849518,-0.7697843313217163,0.9012141823768616,0.476971834897995,0.36660683155059814,-0.6308480501174927,0.8189886212348938,0.5413327813148499,0.550189733505249,-0.02454650029540062,0.9997124075889587,0.4390782117843628,0.5439539551734924,0.024280965328216553,0.9996393322944641,0.5093986988067627,0.6633636355400085,-0.1381976306438446,0.9506304264068604,0.4075491726398468,0.655958354473114,0.09849961847066879,0.9398494362831116,0.5146592259407043,0.7654196619987488,0.10434158146381378,0.9360760450363159,0.4279012978076935,0.6769196391105652,0.8121025562286377,0.7387690544128418,0.5074882507324219,0.7790794968605042,0.12092974781990051,0.7248027920722961,0.43987271189689636,0.6794279217720032,0.8829218745231628,0.5348073244094849,0.5133690237998962,0.8036526441574097,-0.09791215509176254,0.9331709742546082,0.4355050027370453,0.7196834683418274,0.8081929087638855,0.8190572261810303
IMG_9705,57,1888,good,0.5109437704086304,0.3416309356689453,-0.3517235219478607,0.998929500579834,0.5216503739356995,0.3304738998413086,-0.32236355543136597,0.9978135824203491,0.5275399088859558,0.33039209246635437,-0.322542667388916,0.9976521134376526,0.5333778858184814,0.33049342036247253,-0.32266494631767273,0.9978634119033813,0.5045137405395508,0.3308919072151184,-0.3068125545978546,0.9978333711624146,0.4985784590244293,0.33095255494117737,-0.3068571388721466,0.9975231289863586,0.4926317632198334,0.3309935927391052,-0.3069937229156494,0.9978821277618408,0.5460435748100281,0.3366292417049408,-0.15068809688091278,0.9919816851615906,0.4810726046562195,0.335820734500885,-0.08382488787174225,0.9971379041671753,0.5232971906661987,0.35341206192970276,-0.28615856170654297,0.9976348876953125,0.4980267584323883,0.35266292095184326,-0.2671860456466675,0.9982120990753174,0.6010551452636719,0.3968946635723114,-0.09818966686725616,0.9989083409309387,0.42649465799331665,0.39573565125465393,-0.02126867137849331,0.9991063475608826,0.5918650031089783,0.44159597158432007,-0.40926337242126465,0.949020504951477,0.3721614480018616,0.44892898201942444,-0.29813268780708313,0.9362661838531494,0.5522089004516602,0.3724800646305084,-0.7651622295379639,0.9693832993507385,0.46380653977394104,0.3866000771522522,-0.6249986886978149,0.9441412687301636,0.5432273745536804,0.35031336545944214,-0.820087730884552,0.9450857043266296,0.4768052399158478,0.36486974358558655,-0.6982683539390564,0.8802161812782288,0.5491747856140137,0.34780266880989075,-0.7816751599311829,0.9358522295951843,0.47745218873023987,0.36080846190452576,-0.6531251668930054,0.8598513603210449,0.5495672821998596,0.3536134958267212,-0.7517858147621155,0.9044246673583984,0.47677916288375854,0.3681034743785858,-0.6172413229942322,0.8252813816070557,0.5397690534591675,0.5505943298339844,-0.023146986961364746,0.9997334480285645,0.43813613057136536,0.5445034503936768,0.022820087149739265,0.9996398687362671,0.5078871846199036,0.6633844971656799,-0.12305936217308044,0.9550055861473083,0.41020476818084717,0.6609729528427124,0.08335763961076736,0.9435945749282837,0.5148527026176453,0.7653843760490417,0.1167205423116684,0.94110107421875,0.42864930629730225,0.6789513230323792,0.8097609877586365,0.7231374979019165,0.5085316300392151,0.779140055179596,0.1349618285894394,0.7263917326927185,0.44023212790489197,0.6800902485847473,0.8826236128807068,0.5100641250610352,0.5135765075683594,0.8035762310028076,-0.08312278240919113,0.937205970287323,0.43664777278900146,0.7218746542930603,0.8142320513725281,0.802446722984314
IMG_9705,58,1922,good,0.5090014338493347,0.3437013030052185,-0.36315807700157166,0.9989875555038452,0.5206435322761536,0.3323398530483246,-0.33821243047714233,0.9979602098464966,0.526835024356842,0.33205121755599976,-0.33833447098731995,0.9978083372116089,0.5328689813613892,0.3319554924964905,-0.3384464681148529,0.9980053305625916,0.5027750730514526,0.3330559730529785,-0.3243611752986908,0.9979581832885742,0.49660953879356384,0.3330734670162201,-0.324368417263031,0.9976357817649841,0.4905610680580139,0.33300963044166565,-0.3244982063770294,0.9979615807533264,0.5458393692970276,0.33808180689811707,-0.17823061347007751,0.9925752282142639,0.47980770468711853,0.33687272667884827,-0.11451143026351929,0.9972526431083679,0.52195805311203,0.3552824854850769,-0.3021569550037384,0.9978187680244446,0.49671420454978943,0.3548572361469269,-0.28422585129737854,0.998311460018158,0.5993360280990601,0.3969130516052246,-0.1330404281616211,0.9989631772041321,0.4263744354248047,0.3955681622028351,-0.054545674473047256,0.9990946054458618,0.587950587272644,0.44144144654273987,-0.4408710300922394,0.9499891996383667,0.3719336688518524,0.4489206373691559,-0.32903143763542175,0.9406134486198425,0.552124559879303,0.3722873032093048,-0.7571513056755066,0.9699628353118896,0.46359890699386597,0.38645729422569275,-0.6411759257316589,0.9458109140396118,0.5421967506408691,0.35009294748306274,-0.8147205114364624,0.9460264444351196,0.4766790270805359,0.3643803596496582,-0.7083174586296082,0.8813965320587158,0.5480768084526062,0.34733420610427856,-0.7831636071205139,0.937175989151001,0.47732770442962646,0.36090752482414246,-0.6589065790176392,0.8610331416130066,0.5487115383148193,0.353385865688324,-0.7489266395568848,0.9063427448272705,0.47663968801498413,0.368283748626709,-0.6314423680305481,0.8264550566673279,0.5387041568756104,0.5502805709838867,-0.018390897661447525,0.9997500777244568,0.4384278357028961,0.5451185703277588,0.018121441826224327,0.9996291399002075,0.5082341432571411,0.6632373929023743,-0.1386793851852417,0.9584755897521973,0.41489097476005554,0.6613023281097412,0.14347781240940094,0.9457342624664307,0.5148140788078308,0.7653345465660095,0.07746213674545288,0.9451175332069397,0.42995792627334595,0.6861118674278259,0.8345028162002563,0.7128605246543884,0.5080480575561523,0.7789818644523621,0.09212259948253632,0.7309403419494629,0.44095730781555176,0.6894156336784363,0.9024393558502197,0.49001309275627136,0.5143494009971619,0.8032351136207581,-0.12213962525129318,0.9399940967559814,0.4352625906467438,0.7283644080162048,0.8106861114501953,0.7899702191352844
IMG_9705,59,1955,good,0.5067036151885986,0.34547367691993713,-0.4542727470397949,0.9990478754043579,0.5173782706260681,0.33464357256889343,-0.4300389289855957,0.9981009364128113,0.5233912467956543,0.3343108296394348,-0.4301197826862335,0.9979572892189026,0.5292478799819946,0.33414143323898315,-0.4302041828632355,0.9981333017349243,0.49945729970932007,0.3353760838508606,-0.4217308759689331,0.9980853796005249,0.4930068552494049,0.3354165256023407,-0.42175590991973877,0.997765064239502,0.48687630891799927,0.33542758226394653,-0.4218853712081909,0.9980500340461731,0.5413185954093933,0.3394418954849243,-0.2546011507511139,0.9931141138076782,0.4770566523075104,0.3387807607650757,-0.21614305675029755,0.9973652958869934,0.5197039842605591,0.35693976283073425,-0.38545581698417664,0.9979897141456604,0.4945406913757324,0.35654303431510925,-0.37483832240104675,0.9984084963798523,0.5944322347640991,0.39683422446250916,-0.1848791390657425,0.9990081787109375,0.42464932799339294,0.39559048414230347,-0.14661777019500732,0.9990777373313904,0.5819371342658997,0.44123274087905884,-0.476474791765213,0.9503189325332642,0.3706023693084717,0.448665589094162,-0.4496329128742218,0.9450758099555969,0.5498044490814209,0.37136319279670715,-0.7932366132736206,0.969950795173645,0.45908123254776,0.38650068640708923,-0.7834030985832214,0.9486101269721985,0.5410149693489075,0.3492085635662079,-0.856420636177063,0.9455874562263489,0.47370797395706177,0.3643534481525421,-0.8545042276382446,0.8855763077735901,0.546090304851532,0.34639689326286316,-0.8284750580787659,0.9370999336242676,0.47430527210235596,0.36108824610710144,-0.8083720207214355,0.8658192157745361,0.5473257303237915,0.35333946347236633,-0.787868857383728,0.906403660774231,0.4735351502895355,0.36813244223594666,-0.7737322449684143,0.8313108682632446,0.5375288128852844,0.5492393374443054,-0.017678277567029,0.9997664093971252,0.43860796093940735,0.5445601344108582,0.017450392246246338,0.9996285438537598,0.5067476034164429,0.6583487391471863,-0.18785829842090607,0.9618158936500549,0.42352741956710815,0.6504882574081421,0.2456122189760208,0.9480347037315369,0.5147956013679504,0.7613608837127686,0.006322349887341261,0.9496293067932129,0.43021780252456665,0.6981791853904724,0.9126710295677185,0.7264500856399536,0.5076372623443604,0.7749021053314209,0.01693735457956791,0.7442496418952942,0.4417675733566284,0.7018131613731384,0.9755144119262695,0.4968295693397522,0.5149315595626831,0.7987740635871887,-0.2225283831357956,0.9442508220672607,0.43453121185302734,0.7361806035041809,0.8434454798698425,0.79814612865448
IMG_9705,60,1988,good,0.5031709671020508,0.34806954860687256,-0.5039995908737183,0.9991039037704468,0.5148453116416931,0.33716270327568054,-0.4785604476928711,0.9982404112815857,0.5210778713226318,0.3368162214756012,-0.4786283075809479,0.9981082677841187,0.5269896388053894,0.3365849554538727,-0.4787083864212036,0.9982656836509705,0.4960336685180664,0.33796072006225586,-0.4693649709224701,0.9982049465179443,0.48937180638313293,0.3379567861557007,-0.46940746903419495,0.9978895783424377,0.4830133020877838,0.33789029717445374,-0.46952855587005615,0.9981362223625183,0.5392800569534302,0.3417850732803345,-0.29492565989494324,0.9936813712120056,0.4735240936279297,0.34089937806129456,-0.2496042549610138,0.9974899291992188,0.5168626308441162,0.35931161046028137,-0.4319291114807129,0.9981676936149597,0.4912116229534149,0.3593599498271942,-0.41955363750457764,0.9985206723213196,0.5901060104370117,0.39727747440338135,-0.22992269694805145,0.9990841746330261,0.4227081835269928,0.39611464738845825,-0.15252412855625153,0.9990911483764648,0.5783166289329529,0.4412044286727905,-0.5592399835586548,0.9519991874694824,0.367774099111557,0.44823089241981506,-0.4471103250980377,0.9492257833480835,0.5445670485496521,0.3723587989807129,-0.9138215184211731,0.9704433679580688,0.4549679756164551,0.38674870133399963,-0.7977555990219116,0.9515584707260132,0.537250280380249,0.35021114349365234,-0.9825099110603333,0.946386456489563,0.468490332365036,0.3652089536190033,-0.8661792278289795,0.8902929425239563,0.5431502461433411,0.34729453921318054,-0.9478827714920044,0.9381954073905945,0.4695374667644501,0.3621501624584198,-0.8242080211639404,0.8712077140808105,0.5435991883277893,0.3544887602329254,-0.9064225554466248,0.907672107219696,0.4695575535297394,0.3703930079936981,-0.7893853783607483,0.837229311466217,0.5368837118148804,0.5471915602684021,-0.03185015171766281,0.9997838735580444,0.4387850761413574,0.5439382195472717,0.03167303651571274,0.9996224641799927,0.5013353824615479,0.6543894410133362,-0.2711913287639618,0.9649249911308289,0.4263902008533478,0.6479758620262146,0.24488064646720886,0.9481099843978882,0.5147848725318909,0.7576191425323486,-0.05755331367254257,0.9535576105117798,0.4305049777030945,0.6953432559967041,0.958211362361908,0.7163748741149902,0.5086725354194641,0.7670424580574036,-0.045976657420396805,0.736168622970581,0.44290998578071594,0.6967616677284241,1.0267162322998047,0.48393309116363525,0.5131945013999939,0.7973746657371521,-0.304006427526474,0.9472979307174683,0.435030996799469,0.7325521111488342,0.9040462374687195,0.7917339205741882
IMG_9705,61,2021,good,0.49668583273887634,0.34900760650634766,-0.512127161026001,0.9991562962532043,0.5087397694587708,0.33828577399253845,-0.4840502142906189,0.9983660578727722,0.5150271058082581,0.338177889585495,-0.4841301143169403,0.9982436299324036,0.5209309458732605,0.3381604254245758,-0.48420247435569763,0.9983835816383362,0.48961684107780457,0.33846816420555115,-0.4744648039340973,0.9983119368553162,0.4828625023365021,0.338387668132782,-0.4745446741580963,0.9980049133300781,0.4766603708267212,0.3382699191570282,-0.47469449043273926,0.9982187747955322,0.5331140160560608,0.34359726309776306,-0.2945772111415863,0.9942007660865784,0.4673348665237427,0.3416820466518402,-0.24643167853355408,0.9975941181182861,0.5088024139404297,0.36036744713783264,-0.43856915831565857,0.9983302354812622,0.4839734733104706,0.35994333028793335,-0.42544025182724,0.9986221790313721,0.5830926299095154,0.3977130353450775,-0.23899047076702118,0.9991596937179565,0.41536903381347656,0.39724695682525635,-0.1425035297870636,0.999112606048584,0.5737597942352295,0.4413326680660248,-0.5850874781608582,0.9544894099235535,0.3637036681175232,0.4486151337623596,-0.44205325841903687,0.9532565474510193,0.5376394987106323,0.3748019337654114,-0.9624131917953491,0.9716370105743408,0.44258996844291687,0.3881503641605377,-0.8132765293121338,0.9551518559455872,0.5321394205093384,0.35177725553512573,-1.0383929014205933,0.9484400153160095,0.4574586749076843,0.36714038252830505,-0.8834340572357178,0.897172212600708,0.5375856161117554,0.34884780645370483,-1.0017454624176025,0.9406853914260864,0.4594823718070984,0.36323803663253784,-0.8459529280662537,0.8792110681533813,0.5381056666374207,0.35584843158721924,-0.9547834396362305,0.9108412265777588,0.4595068693161011,0.37180429697036743,-0.8066869378089905,0.8466436862945557,0.5362025499343872,0.5448653101921082,-0.051109429448843,0.9997985363006592,0.4389071762561798,0.5438867807388306,0.05106838047504425,0.9996064305305481,0.496487021446228,0.6493290662765503,-0.3341280221939087,0.9671115875244141,0.4321763217449188,0.644580066204071,0.24940285086631775,0.9398523569107056,0.5145330429077148,0.7532373666763306,-0.11791706085205078,0.9560646414756775,0.437654584646225,0.6980220079421997,0.9613691568374634,0.6901479959487915,0.5104870796203613,0.7635790705680847,-0.10702823847532272,0.7137495279312134,0.4507179260253906,0.7011678218841553,1.0291846990585327,0.46660947799682617,0.5063703656196594,0.7945347428321838,-0.37299200892448425,0.948207676410675,0.43618300557136536,0.7323805689811707,0.8989746570587158,0.7740441560745239
IMG_9705,62,2054,good,0.49291494488716125,0.34866639971733093,-0.48209506273269653,0.9991791844367981,0.5046430230140686,0.3380146026611328,-0.45357805490493774,0.9984283447265625,0.5105577111244202,0.33791428804397583,-0.4537254869937897,0.9983130097389221,0.516130805015564,0.33790624141693115,-0.45388108491897583,0.9984362721443176,0.48632174730300903,0.33824440836906433,-0.4450767934322357,0.9983497262001038,0.4798295199871063,0.33819693326950073,-0.44517984986305237,0.9980430006980896,0.4736318588256836,0.33810922503471375,-0.44519898295402527,0.9982404708862305,0.528800904750824,0.3435553014278412,-0.2600058615207672,0.9945117235183716,0.4633900821208954,0.3416643738746643,-0.21685880422592163,0.9976206421852112,0.505010187625885,0.3601677119731903,-0.4055541157722473,0.9984459280967712,0.481370210647583,0.35972458124160767,-0.39379119873046875,0.9986827373504639,0.5782167315483093,0.39767885208129883,-0.2117374986410141,0.9991969466209412,0.4139847457408905,0.397426575422287,-0.11056094616651535,0.9991127252578735,0.5673023462295532,0.4416414797306061,-0.5130670070648193,0.9541870951652527,0.3601612150669098,0.44882071018218994,-0.3664115369319916,0.9566124081611633,0.5270352363586426,0.3762173354625702,-0.8652891516685486,0.9708792567253113,0.43500709533691406,0.392214298248291,-0.7029625177383423,0.9575642943382263,0.5147655606269836,0.3537198305130005,-0.9364171028137207,0.9475302696228027,0.4504786431789398,0.3729856312274933,-0.7702823281288147,0.900976836681366,0.5244383811950684,0.351338267326355,-0.9179831743240356,0.9398018717765808,0.4523943364620209,0.3686029016971588,-0.7299312949180603,0.8835135102272034,0.5264871120452881,0.3569298982620239,-0.8641509413719177,0.9096327424049377,0.4515964686870575,0.375743567943573,-0.6950820088386536,0.8515664339065552,0.5352871417999268,0.541868269443512,-0.04547669366002083,0.9998089075088501,0.43895500898361206,0.5403083562850952,0.045395251363515854,0.9995906949043274,0.49457526206970215,0.6479513645172119,-0.26278412342071533,0.9692071080207825,0.437499463558197,0.6429159045219421,0.17459508776664734,0.9389503002166748,0.5132495760917664,0.7514985203742981,-0.02700604684650898,0.9585004448890686,0.44067177176475525,0.7009175419807434,0.8176407217979431,0.6834595799446106,0.5106395483016968,0.7609227895736694,-0.013185081072151661,0.7007661461830139,0.45179176330566406,0.7027749419212341,0.8787193298339844,0.45383647084236145,0.5029584765434265,0.7936779856681824,-0.25694334506988525,0.9494192004203796,0.4389176666736603,0.7351986169815063,0.7490172386169434,0.7693807482719421
IMG_9705,63,2087,good,0.48703160881996155,0.3501325845718384,-0.46610626578330994,0.9991861581802368,0.4984152913093567,0.3401385545730591,-0.44105643033981323,0.9984642863273621,0.5042442679405212,0.3399335741996765,-0.4411420524120331,0.9983550310134888,0.5098196268081665,0.3397584557533264,-0.4412268400192261,0.9984568357467651,0.48115238547325134,0.3404180407524109,-0.430219441652298,0.9983739256858826,0.47497913241386414,0.34017330408096313,-0.4302942752838135,0.9980650544166565,0.46899259090423584,0.3399020731449127,-0.43045100569725037,0.9982454776763916,0.5226133465766907,0.3444085121154785,-0.2636352777481079,0.9947463870048523,0.4593420624732971,0.3426712453365326,-0.21015481650829315,0.9976375102996826,0.4988652467727661,0.3605782091617584,-0.3962348997592926,0.9985335469245911,0.47583967447280884,0.36075103282928467,-0.38166138529777527,0.9987160563468933,0.5745592713356018,0.39771220088005066,-0.20066672563552856,0.9992021918296814,0.4103061854839325,0.39763709902763367,-0.11303427815437317,0.9991214275360107,0.5564872026443481,0.4427410960197449,-0.501334547996521,0.950486421585083,0.35936230421066284,0.4519413411617279,-0.3705468773841858,0.9595090746879578,0.5172212719917297,0.3765254616737366,-0.828572690486908,0.9664676189422607,0.43452778458595276,0.39622601866722107,-0.7030025124549866,0.9596237540245056,0.5022111535072327,0.354887455701828,-0.8882902264595032,0.9419969320297241,0.4472196102142334,0.3778529167175293,-0.7707434296607971,0.9043809771537781,0.5126507878303528,0.35261446237564087,-0.8759267330169678,0.9338653087615967,0.4487954080104828,0.37185952067375183,-0.729618489742279,0.8873840570449829,0.5161722302436829,0.35779887437820435,-0.8287571668624878,0.9021520018577576,0.4482955038547516,0.379713237285614,-0.6948136687278748,0.8557747602462769,0.5345931649208069,0.5413228869438171,-0.042774002999067307,0.9998198747634888,0.43822968006134033,0.5402050018310547,0.04269125685095787,0.9995862245559692,0.49480563402175903,0.6477743983268738,-0.2693716287612915,0.9708929657936096,0.4398634731769562,0.6436637043952942,0.1766432225704193,0.9371181726455688,0.5103696584701538,0.7525169849395752,-0.046315986663103104,0.9604107737541199,0.445453405380249,0.699672520160675,0.8454322218894958,0.6689862012863159,0.510562002658844,0.7616721987724304,-0.0334552600979805,0.6898277997970581,0.4540460705757141,0.7021996974945068,0.9099921584129333,0.437229186296463,0.5014775991439819,0.7939750552177429,-0.2795175015926361,0.950456440448761,0.4400860369205475,0.7333437204360962,0.7916719913482666,0.7585586309432983
IMG_9705,64,2120,good,0.4843956232070923,0.35094061493873596,-0.5049814581871033,0.9992350339889526,0.49576184153556824,0.34109553694725037,-0.4809205234050751,0.9985677599906921,0.5013946294784546,0.34086328744888306,-0.4809861481189728,0.9984657168388367,0.5069041848182678,0.3407057821750641,-0.4810672402381897,0.9985567331314087,0.4789418578147888,0.34141144156455994,-0.4700678884983063,0.998470664024353,0.47280147671699524,0.34117409586906433,-0.4701322913169861,0.9981715679168701,0.4667056202888489,0.3409067690372467,-0.4702822268009186,0.9983322024345398,0.5191829204559326,0.34516793489456177,-0.29884815216064453,0.9951518177986145,0.45618000626564026,0.34331220388412476,-0.2477341890335083,0.9977428317070007,0.4963439404964447,0.3611641824245453,-0.43308401107788086,0.9986476302146912,0.47257959842681885,0.36133918166160583,-0.4191873073577881,0.9987940192222595,0.5686944127082825,0.3980984687805176,-0.23021744191646576,0.9992443323135376,0.40925711393356323,0.3976622223854065,-0.1268364042043686,0.999132513999939,0.5558645725250244,0.4430283010005951,-0.5263041853904724,0.9517753720283508,0.3567376434803009,0.453571617603302,-0.39474236965179443,0.9616850018501282,0.5186290740966797,0.37702593207359314,-0.8520393371582031,0.9666793346405029,0.43246403336524963,0.3987728953361511,-0.7599629759788513,0.9612811803817749,0.5056815147399902,0.3549477756023407,-0.9188622236251831,0.942165732383728,0.44451627135276794,0.38141098618507385,-0.8286495208740234,0.9072136878967285,0.5125967264175415,0.3529140055179596,-0.8904754519462585,0.9342784881591797,0.4461515247821808,0.3745120167732239,-0.7918332815170288,0.8908305764198303,0.5149181485176086,0.3584711253643036,-0.8462998270988464,0.9025101065635681,0.4457654356956482,0.38261377811431885,-0.7537958025932312,0.8594979643821716,0.5325101613998413,0.5404890775680542,-0.04736890271306038,0.9998263716697693,0.4372275769710541,0.5398603677749634,0.0472768135368824,0.9995664954185486,0.49493318796157837,0.6469093561172485,-0.2869589626789093,0.9711344838142395,0.4499480724334717,0.6421636939048767,0.24337437748908997,0.9272788763046265,0.5067319869995117,0.7531528472900391,-0.10628596693277359,0.9613839387893677,0.4590718448162079,0.705532431602478,0.8449428677558899,0.6642730236053467,0.5106175541877747,0.7637112140655518,-0.09967456758022308,0.6745508909225464,0.4638807475566864,0.7135921716690063,0.9006854891777039,0.432767391204834,0.4980087876319885,0.7941904067993164,-0.36482319235801697,0.9505385160446167,0.4401412606239319,0.7401432394981384,0.7535923719406128,0.756594181060791
IMG_9705,65,2154,good,0.47840502858161926,0.35164064168930054,-0.5556334853172302,0.999250590801239,0.4904923141002655,0.34196874499320984,-0.5364173650741577,0.9986191391944885,0.49657806754112244,0.3418157398700714,-0.5364686846733093,0.9985256791114807,0.5024508833885193,0.34172961115837097,-0.5365537405014038,0.9986016750335693,0.4729708135128021,0.34213367104530334,-0.5234889388084412,0.9985090494155884,0.466945618391037,0.3419113755226135,-0.5235651731491089,0.9982051849365234,0.46101096272468567,0.3416668474674225,-0.5237289071083069,0.9983394742012024,0.5149528384208679,0.3462302088737488,-0.36409053206443787,0.9954086542129517,0.45138421654701233,0.34451013803482056,-0.30303099751472473,0.9977387189865112,0.49104228615760803,0.3615971505641937,-0.4855667054653168,0.998723030090332,0.46641382575035095,0.36178234219551086,-0.4686761796474457,0.998825192451477,0.5645153522491455,0.39822399616241455,-0.28710412979125977,0.9992623925209045,0.4053899645805359,0.39861610531806946,-0.1778963953256607,0.9991251826286316,0.5503005385398865,0.4446432292461395,-0.5828918814659119,0.9511205554008484,0.3537713885307312,0.4569864273071289,-0.4471193850040436,0.9636446237564087,0.5141709446907043,0.37680304050445557,-0.8997344970703125,0.965406596660614,0.4296516478061676,0.4012093245983124,-0.8119918704032898,0.9632427096366882,0.5024557113647461,0.3547722399234772,-0.9638652801513672,0.9405975341796875,0.44123539328575134,0.3823549151420593,-0.8791868090629578,0.9110865592956543,0.507188081741333,0.3524742126464844,-0.9332202672958374,0.9327560067176819,0.44295546412467957,0.3764168322086334,-0.8388379216194153,0.8954042196273804,0.509623646736145,0.3582049608230591,-0.8924282193183899,0.9002802968025208,0.4425162374973297,0.38371384143829346,-0.8036874532699585,0.8644969463348389,0.5287311673164368,0.540271520614624,-0.04682239517569542,0.9998354315757751,0.4336857795715332,0.5397235751152039,0.046722158789634705,0.9995574951171875,0.4946097433567047,0.6455026268959045,-0.29515254497528076,0.9723843932151794,0.4481964707374573,0.6414889693260193,0.2934933006763458,0.9217285513877869,0.504486083984375,0.7535717487335205,-0.10865417122840881,0.9636146426200867,0.45729196071624756,0.7017296552658081,0.949744462966919,0.6653887629508972,0.5070053339004517,0.7634484767913818,-0.10070747882127762,0.6725175380706787,0.46266257762908936,0.7109342813491821,1.0111443996429443,0.4322759211063385,0.49642413854599,0.794404923915863,-0.3633898198604584,0.9526776075363159,0.43851885199546814,0.7377435564994812,0.8728942275047302,0.7594155073165894
IMG_9705,66,2187,good,0.47535642981529236,0.3518171012401581,-0.5094510912895203,0.9992731213569641,0.48708581924438477,0.3422548174858093,-0.48552292585372925,0.9986742734909058,0.49309173226356506,0.3421460688114166,-0.4855930507183075,0.9985817670822144,0.49889954924583435,0.3420863449573517,-0.4856734573841095,0.998650074005127,0.46973246335983276,0.34232527017593384,-0.47409820556640625,0.998558521270752,0.46384456753730774,0.3421206474304199,-0.4741632044315338,0.9982520937919617,0.45804744958877563,0.3418888449668884,-0.47432562708854675,0.998378336429596,0.5107060074806213,0.3464956283569336,-0.3095659017562866,0.9956437945365906,0.4488495886325836,0.34487468004226685,-0.2547541558742523,0.997761070728302,0.4881605803966522,0.3617287278175354,-0.44014060497283936,0.998786985874176,0.4629242718219757,0.361954003572464,-0.4250634014606476,0.9988531470298767,0.5602629780769348,0.39832964539527893,-0.24594944715499878,0.999259889125824,0.40188953280448914,0.400119811296463,-0.14910489320755005,0.9991187453269958,0.5456292629241943,0.44657209515571594,-0.5478924512863159,0.9492576718330383,0.3516053557395935,0.45914018154144287,-0.4213879108428955,0.9653192758560181,0.5131279826164246,0.37696924805641174,-0.8686971068382263,0.9624372124671936,0.42842307686805725,0.4011407792568207,-0.772048830986023,0.9645116329193115,0.5017547011375427,0.35463088750839233,-0.9331203699111938,0.9363296031951904,0.44090327620506287,0.38282206654548645,-0.840393602848053,0.9131056070327759,0.5065999627113342,0.35219109058380127,-0.9018030166625977,0.9282938838005066,0.44277864694595337,0.3764016330242157,-0.7998458743095398,0.897834062576294,0.5089570879936218,0.35829299688339233,-0.8616858720779419,0.8945611715316772,0.44206035137176514,0.38440215587615967,-0.7642120122909546,0.8670409917831421,0.5272637605667114,0.5403778553009033,-0.0469842329621315,0.9998398423194885,0.43128564953804016,0.5397796034812927,0.04688771814107895,0.9995393753051758,0.49432089924812317,0.645369827747345,-0.2885657846927643,0.9718017578125,0.451777845621109,0.6422998905181885,0.27185437083244324,0.9099633097648621,0.502870500087738,0.7529107928276062,-0.11380933225154877,0.9634314775466919,0.4626106023788452,0.707187831401825,0.8935840725898743,0.6548646688461304,0.5050827860832214,0.7630164623260498,-0.10706458985805511,0.6561976671218872,0.46777552366256714,0.7157116532325745,0.9516168832778931,0.4239951968193054,0.4958180785179138,0.7945969700813293,-0.37127265334129333,0.9518026113510132,0.4433632791042328,0.7414094805717468,0.8087683320045471,0.7528154850006104
IMG_9705,67,2220,good,0.47338637709617615,0.3511062562465668,-0.4956836700439453,0.9992941617965698,0.4845258295536041,0.34184303879737854,-0.47464293241500854,0.9987219572067261,0.4902201294898987,0.34177806973457336,-0.47471025586128235,0.9986326098442078,0.49579015374183655,0.34170860052108765,-0.47480565309524536,0.9986922740936279,0.467894971370697,0.34191739559173584,-0.4596104025840759,0.9986024498939514,0.46212735772132874,0.34182196855545044,-0.4596930742263794,0.9982989430427551,0.45656681060791016,0.34166762232780457,-0.45983895659446716,0.9984151721000671,0.5071855187416077,0.34641972184181213,-0.30178335309028625,0.9958207011222839,0.4471784234046936,0.3448503613471985,-0.23795822262763977,0.9978046417236328,0.4859203100204468,0.36060014367103577,-0.42908039689064026,0.9988501667976379,0.46105295419692993,0.3614908456802368,-0.4102257490158081,0.9988930821418762,0.5566613674163818,0.3984144926071167,-0.22330723702907562,0.9992517828941345,0.40023690462112427,0.4007103741168976,-0.13653726875782013,0.9991002082824707,0.5436228513717651,0.44737064838409424,-0.5193251967430115,0.946361243724823,0.3479052484035492,0.4603712856769562,-0.40978485345840454,0.9667913317680359,0.510558545589447,0.37693995237350464,-0.847780168056488,0.9597268104553223,0.4250502288341522,0.4017855226993561,-0.7594533562660217,0.9657540321350098,0.49694564938545227,0.3545607626438141,-0.9132895469665527,0.9327138662338257,0.4384628236293793,0.38331276178359985,-0.8272919058799744,0.9152883887290955,0.5006898045539856,0.351985365152359,-0.884150505065918,0.9245280027389526,0.44056937098503113,0.3767870366573334,-0.7866780757904053,0.9003452062606812,0.5034947991371155,0.35812148451805115,-0.8428658843040466,0.8898012638092041,0.43960899114608765,0.38502785563468933,-0.7521098852157593,0.8696233630180359,0.5247159004211426,0.540452241897583,-0.04397813603281975,0.9998480677604675,0.42892691493034363,0.5397452712059021,0.04388491436839104,0.9995381832122803,0.49448445439338684,0.645463228225708,-0.28451189398765564,0.9730514883995056,0.4540843963623047,0.6423159837722778,0.25953561067581177,0.9081854820251465,0.5016850233078003,0.7530269622802734,-0.08516062796115875,0.9653806090354919,0.4618566632270813,0.7056528925895691,0.8926413059234619,0.6570998430252075,0.5027152299880981,0.7633393406867981,-0.07802094519138336,0.6571443676948547,0.467597097158432,0.7144200801849365,0.9514379501342773,0.41988927125930786,0.4962182641029358,0.7947843670845032,-0.3396320343017578,0.9538577198982239,0.4442189633846283,0.7402950525283813,0.8110476732254028,0.7556658983230591
IMG_9705,68,2253,good,0.4710918068885803,0.3510039150714874,-0.5593577027320862,0.9993023872375488,0.48238953948020935,0.3417441248893738,-0.5343860983848572,0.9987605214118958,0.48833268880844116,0.34174153208732605,-0.5344492793083191,0.9986725449562073,0.4941137135028839,0.34173092246055603,-0.5345233082771301,0.9987240433692932,0.4650331437587738,0.34173011779785156,-0.5256495475769043,0.998637318611145,0.45929816365242004,0.34164413809776306,-0.5257194638252258,0.9983334541320801,0.45358434319496155,0.34150293469429016,-0.5258724689483643,0.9984357953071594,0.5055860280990601,0.3464847505092621,-0.3445940911769867,0.9959608912467957,0.44396519660949707,0.3447849154472351,-0.302834153175354,0.9977834820747375,0.48391300439834595,0.3607180416584015,-0.483920693397522,0.998897135257721,0.4582718312740326,0.3614345192909241,-0.4724859893321991,0.9989058375358582,0.5531006455421448,0.398405522108078,-0.27314621210098267,0.9992476105690002,0.39592117071151733,0.4013961851596832,-0.18460805714130402,0.9990526437759399,0.5408340096473694,0.4472370147705078,-0.5780863761901855,0.9440258741378784,0.3464196026325226,0.46059349179267883,-0.47341781854629517,0.9676278233528137,0.5045194625854492,0.37487494945526123,-0.9041151404380798,0.9561156630516052,0.421941876411438,0.40119966864585876,-0.842885434627533,0.9668505787849426,0.49511030316352844,0.3532220125198364,-0.9751908183097839,0.9279964566230774,0.4361571669578552,0.3816985487937927,-0.9152564406394958,0.917643666267395,0.49775779247283936,0.3498183786869049,-0.941830039024353,0.9197545051574707,0.43789994716644287,0.37639644742012024,-0.8777270317077637,0.903203010559082,0.4996830224990845,0.3569842278957367,-0.8976014852523804,0.8833625316619873,0.4372590184211731,0.38308051228523254,-0.8360964059829712,0.8725296258926392,0.5229374766349792,0.5403862595558167,-0.05168595910072327,0.9998567700386047,0.42551058530807495,0.5397024154663086,0.05161845684051514,0.9995282292366028,0.4918571710586548,0.6438878774642944,-0.29894787073135376,0.9741259813308716,0.45255786180496216,0.6394609808921814,0.37079593539237976,0.8973861932754517,0.5017955303192139,0.7532861828804016,-0.14913076162338257,0.9676548838615417,0.46158337593078613,0.7034834623336792,1.0439772605895996,0.6549467444419861,0.5028012990951538,0.7637001276016235,-0.14558470249176025,0.6603488326072693,0.4672923684120178,0.7113354802131653,1.1070557832717896,0.42059364914894104,0.4947567880153656,0.794915497303009,-0.424580454826355,0.9565843939781189,0.44297242164611816,0.7384767532348633,0.9660740494728088,0.7583138346672058
IMG_9705,69,2286,good,0.46863895654678345,0.3510296642780304,-0.5648547410964966,0.9993220567703247,0.4793579578399658,0.3416793644428253,-0.5385809540748596,0.9988117814064026,0.48512715101242065,0.34162357449531555,-0.5386543869972229,0.9987268447875977,0.4907640814781189,0.34158316254615784,-0.5387222766876221,0.9987708926200867,0.46235498785972595,0.3418683409690857,-0.5292807817459106,0.9986816048622131,0.4565623998641968,0.3418577313423157,-0.5293506979942322,0.9983782768249512,0.45096421241760254,0.3417786955833435,-0.5294992327690125,0.9984631538391113,0.5015982389450073,0.34638822078704834,-0.34508663415908813,0.9961416721343994,0.4412464201450348,0.34527596831321716,-0.3001137971878052,0.9977567195892334,0.4811646640300751,0.3606868386268616,-0.48839467763900757,0.9989545941352844,0.45696666836738586,0.36143389344215393,-0.4761505722999573,0.9989282488822937,0.551481306552887,0.3984226584434509,-0.2795030474662781,0.9992784857749939,0.39457234740257263,0.40208858251571655,-0.17907793819904327,0.9990113377571106,0.5383633375167847,0.4470154941082001,-0.5990583896636963,0.9445998668670654,0.34503796696662903,0.4604484736919403,-0.4772075414657593,0.968479573726654,0.5036261677742004,0.37507954239845276,-0.9385879635810852,0.9554864764213562,0.419772207736969,0.40091875195503235,-0.8628116846084595,0.9678433537483215,0.4920504093170166,0.3536124527454376,-1.0145807266235352,0.9271807074546814,0.434215784072876,0.3801504969596863,-0.9371727108955383,0.9196568131446838,0.49689778685569763,0.35003232955932617,-0.9800502061843872,0.9192087054252625,0.4364713728427887,0.37610435485839844,-0.9019941687583923,0.9057027697563171,0.49875104427337646,0.3573758900165558,-0.9316722750663757,0.8820197582244873,0.43491989374160767,0.3820371925830841,-0.8571932315826416,0.8750725984573364,0.5210295915603638,0.5402190685272217,-0.06247996538877487,0.999865710735321,0.42466941475868225,0.5395990610122681,0.06248244643211365,0.9995182156562805,0.4885820746421814,0.6409743428230286,-0.3409425914287567,0.9748051166534424,0.4514918923377991,0.6374815702438354,0.3843046724796295,0.8823555707931519,0.501628577709198,0.7534754276275635,-0.22292831540107727,0.9695417284965515,0.4605009853839874,0.7022889852523804,1.0706548690795898,0.6456841230392456,0.502974271774292,0.7639159560203552,-0.22280630469322205,0.6596278548240662,0.46691441535949707,0.7098107933998108,1.1348999738693237,0.4191286563873291,0.48932766914367676,0.7948105931282043,-0.5113919973373413,0.9587357044219971,0.4420594871044159,0.7374274134635925,0.993438720703125,0.7563005685806274
IMG_9705,70,2319,good,0.46509692072868347,0.35106489062309265,-0.5551839470863342,0.999336302280426,0.475406676530838,0.3415965735912323,-0.5296105742454529,0.9988523721694946,0.4813007414340973,0.3415132761001587,-0.5296875834465027,0.998772144317627,0.48702189326286316,0.3414895236492157,-0.5297530293464661,0.9988070130348206,0.4579974114894867,0.34193670749664307,-0.5194429159164429,0.9987158179283142,0.45213979482650757,0.34198155999183655,-0.5195115208625793,0.9984139204025269,0.44670796394348145,0.34193021059036255,-0.519670307636261,0.9984821081161499,0.49790507555007935,0.34588223695755005,-0.3365512490272522,0.9962957501411438,0.4385465085506439,0.34544727206230164,-0.28749150037765503,0.9977452754974365,0.47872161865234375,0.3604828119277954,-0.47876688838005066,0.9990094304084778,0.4549369812011719,0.3614006042480469,-0.46537020802497864,0.9989548921585083,0.5488627552986145,0.3982972204685211,-0.26681584119796753,0.9993041157722473,0.3940308690071106,0.4022844135761261,-0.16530701518058777,0.9989966750144958,0.5379008650779724,0.44683948159217834,-0.5882648229598999,0.9440094828605652,0.3436102867126465,0.4605000615119934,-0.4576435089111328,0.9691051840782166,0.503049373626709,0.37506815791130066,-0.9380160570144653,0.9533383846282959,0.4180728793144226,0.40057802200317383,-0.8488194346427917,0.9683754444122314,0.4900093376636505,0.35227376222610474,-1.0130149126052856,0.9245355129241943,0.4331931173801422,0.37996628880500793,-0.922269344329834,0.9206103682518005,0.49475470185279846,0.3496990203857422,-0.9790668487548828,0.9166396856307983,0.4353127181529999,0.3758893609046936,-0.8879377245903015,0.9069665670394897,0.4966152012348175,0.3571750521659851,-0.9312527179718018,0.8778654932975769,0.43383264541625977,0.3821314573287964,-0.8434767127037048,0.8760780096054077,0.5199313759803772,0.5391425490379333,-0.06491702795028687,0.9998741745948792,0.4244568645954132,0.5394551753997803,0.06493714451789856,0.9995186924934387,0.4865333139896393,0.6393283009529114,-0.3409067988395691,0.9760485291481018,0.4508262276649475,0.6365945339202881,0.3634057939052582,0.8779201507568359,0.5017393827438354,0.7534481883049011,-0.22280216217041016,0.9716390371322632,0.46027958393096924,0.7015371918678284,1.0607365369796753,0.6446037888526917,0.5030331015586853,0.7641744017601013,-0.22298303246498108,0.6632758378982544,0.46683597564697266,0.7088990807533264,1.1261435747146606,0.4212130904197693,0.488313227891922,0.7947483658790588,-0.5123738050460815,0.9612241387367249,0.44054439663887024,0.736990213394165,0.9868606925010681,0.7592095136642456
IMG_9705,71,2352,good,0.46094274520874023,0.3512129485607147,-0.5461629033088684,0.9993641376495361,0.4720436930656433,0.3415848910808563,-0.5196478366851807,0.9989082217216492,0.47817444801330566,0.34149524569511414,-0.5197162628173828,0.9988330602645874,0.48407548666000366,0.3414527475833893,-0.5197836756706238,0.9988635778427124,0.4538004994392395,0.3419276475906372,-0.511074960231781,0.9987668395042419,0.44778281450271606,0.3419809341430664,-0.511138379573822,0.9984715580940247,0.4420766532421112,0.3419429659843445,-0.5112826824188232,0.9985260963439941,0.4955228567123413,0.3461693823337555,-0.3269011974334717,0.9964832663536072,0.43420377373695374,0.34575480222702026,-0.2852834165096283,0.997776210308075,0.4745376706123352,0.36052048206329346,-0.4702264070510864,0.9990699887275696,0.4496084153652191,0.3615642786026001,-0.4590021073818207,0.9989932775497437,0.5463438630104065,0.39845433831214905,-0.2566635012626648,0.9993333220481873,0.3910437524318695,0.4034428894519806,-0.16931986808776855,0.998977780342102,0.5362873673439026,0.4473579227924347,-0.5728080868721008,0.9442448616027832,0.3429938852787018,0.4606957733631134,-0.45979368686676025,0.9698648452758789,0.501983106136322,0.3752293586730957,-0.9175912737846375,0.9533839821815491,0.41515618562698364,0.4003363847732544,-0.8390477299690247,0.9691027998924255,0.4891476035118103,0.3529459238052368,-0.990359365940094,0.9245946407318115,0.42926454544067383,0.37974295020103455,-0.9118996262550354,0.9221358895301819,0.4940941035747528,0.3498919606208801,-0.9580427408218384,0.9169508218765259,0.4310382604598999,0.3754148483276367,-0.8774998784065247,0.9088325500488281,0.49398449063301086,0.3573252558708191,-0.9113182425498962,0.8779426217079163,0.42995667457580566,0.3819865882396698,-0.8335568308830261,0.8779075145721436,0.5186945796012878,0.5387269258499146,-0.0643983781337738,0.999881386756897,0.42356154322624207,0.5394054055213928,0.06438582390546799,0.9995203018188477,0.4862399101257324,0.6388434171676636,-0.32744354009628296,0.9770285487174988,0.44971963763237,0.6347624063491821,0.3186684548854828,0.8759498000144958,0.5018251538276672,0.7532697319984436,-0.2009393870830536,0.9732848405838013,0.4599580764770508,0.7013610601425171,0.9997779130935669,0.6421166062355042,0.5026316046714783,0.7640970349311829,-0.19965645670890808,0.6656290888786316,0.46628081798553467,0.7085014581680298,1.063662052154541,0.41902798414230347,0.48856014013290405,0.7947845458984375,-0.47907376289367676,0.9631327390670776,0.4401453733444214,0.736789345741272,0.928862452507019,0.7596190571784973
IMG_9705,72,2385,good,0.45976874232292175,0.3525991439819336,-0.5783399939537048,0.999366044998169,0.47098496556282043,0.34306344389915466,-0.555504560470581,0.9989289045333862,0.4768212139606476,0.34290072321891785,-0.5555477142333984,0.9988531470298767,0.48244160413742065,0.34275463223457336,-0.5556212067604065,0.9988779425621033,0.4533832371234894,0.34350618720054626,-0.5454477071762085,0.998778760433197,0.4473317265510559,0.34356120228767395,-0.545529305934906,0.9984794855117798,0.44160979986190796,0.3434877097606659,-0.5456953644752502,0.9985284805297852,0.4940074682235718,0.3476200997829437,-0.3702589273452759,0.996569037437439,0.43301594257354736,0.3472057580947876,-0.32189705967903137,0.9977677464485168,0.47303909063339233,0.361668199300766,-0.5040098428726196,0.999101996421814,0.4486713409423828,0.3628748655319214,-0.49077215790748596,0.9990025162696838,0.5462642908096313,0.3984847664833069,-0.29110774397850037,0.9993324279785156,0.39016997814178467,0.4047277271747589,-0.20502512156963348,0.9989826679229736,0.5330590605735779,0.44522181153297424,-0.6017441749572754,0.9421365261077881,0.3423042297363281,0.46055668592453003,-0.490094393491745,0.9709634780883789,0.49582162499427795,0.3731570839881897,-0.933002233505249,0.951042890548706,0.4119386076927185,0.4001587927341461,-0.8515593409538269,0.9700127243995667,0.4849567413330078,0.3520409166812897,-1.0025168657302856,0.9218335747718811,0.42554208636283875,0.37972503900527954,-0.9208059906959534,0.9238828420639038,0.4908260107040405,0.34883931279182434,-0.9708265662193298,0.9141386151313782,0.42756667733192444,0.37516269087791443,-0.8854418396949768,0.9109473824501038,0.4916670620441437,0.35573282837867737,-0.9269478917121887,0.8741022348403931,0.42702221870422363,0.382068932056427,-0.8451290726661682,0.8802452087402344,0.518558919429779,0.5374796390533447,-0.06372733414173126,0.9998857975006104,0.4230899512767792,0.5389247536659241,0.06369911134243011,0.9995131492614746,0.4861268699169159,0.6379501819610596,-0.34216365218162537,0.9774355888366699,0.4491293728351593,0.6348723769187927,0.3139082193374634,0.8730328679084778,0.5015907883644104,0.7527162432670593,-0.19857493042945862,0.9743742346763611,0.45948296785354614,0.7011446356773376,0.9787436127662659,0.6334734559059143,0.5024223923683167,0.7628679275512695,-0.19533105194568634,0.6582361459732056,0.46582624316215515,0.7081660032272339,1.041088581085205,0.4112847149372101,0.48898354172706604,0.7940151691436768,-0.47119954228401184,0.9640121459960938,0.44043833017349243,0.7364966869354248,0.9084286689758301,0.7539953589439392
IMG_9705,73,2419,good,0.4591844379901886,0.3525509238243103,-0.5343515276908875,0.9993852972984314,0.46978995203971863,0.34293097257614136,-0.5063120126724243,0.9989692568778992,0.4754240810871124,0.34263119101524353,-0.5064057111740112,0.9988970160484314,0.48086535930633545,0.3423336446285248,-0.5064883232116699,0.9989153742790222,0.45279601216316223,0.3434123992919922,-0.4995797574520111,0.9988131523132324,0.44679373502731323,0.3434485197067261,-0.4996301829814911,0.9985175728797913,0.44116687774658203,0.34336739778518677,-0.49977558851242065,0.9985520839691162,0.4917556643486023,0.34681177139282227,-0.3085474967956543,0.9967217445373535,0.4323069155216217,0.3471865952014923,-0.27494490146636963,0.9978033304214478,0.47209808230400085,0.36135080456733704,-0.456074595451355,0.9991539120674133,0.4477604925632477,0.3628491163253784,-0.4472782611846924,0.999040424823761,0.5448985695838928,0.39787557721138,-0.23516856133937836,0.9993677735328674,0.3870536983013153,0.4046999514102936,-0.15784142911434174,0.9989949464797974,0.5330936312675476,0.44521385431289673,-0.5482771992683411,0.9428333044052124,0.34160181879997253,0.4605467617511749,-0.4327409565448761,0.9718897342681885,0.4952671229839325,0.37438905239105225,-0.9121944904327393,0.9519442915916443,0.41082727909088135,0.4013983905315399,-0.8013793230056763,0.9707534909248352,0.4836326241493225,0.3527500033378601,-0.986729621887207,0.9232233762741089,0.42411449551582336,0.380141943693161,-0.8708072900772095,0.9252648949623108,0.48826950788497925,0.3493540585041046,-0.9556111693382263,0.915788471698761,0.425563782453537,0.37513983249664307,-0.8350051641464233,0.9125568866729736,0.489638090133667,0.3560709059238434,-0.9067827463150024,0.8760490417480469,0.42478883266448975,0.38279977440834045,-0.7942922115325928,0.8817768692970276,0.5182185173034668,0.5372691750526428,-0.06012691929936409,0.9998918175697327,0.42271167039871216,0.5390336513519287,0.06017150729894638,0.9995139837265015,0.48604822158813477,0.6372647881507874,-0.33673831820487976,0.9777124524116516,0.4489121437072754,0.6353225111961365,0.2770824432373047,0.8678621649742126,0.5014246106147766,0.7526304721832275,-0.17539651691913605,0.9747447371482849,0.4590943455696106,0.7016437649726868,0.9532432556152344,0.6216754913330078,0.5023024082183838,0.7642253637313843,-0.17144539952278137,0.6508306860923767,0.46547946333885193,0.7076662182807922,1.0167872905731201,0.4022025465965271,0.48922768235206604,0.7926479578018188,-0.4450862407684326,0.9641339182853699,0.44059455394744873,0.736411988735199,0.8759221434593201,0.7463874816894531
IMG_9705,74,2452,good,0.4586769938468933,0.3532516360282898,-0.5430259704589844,0.9993937611579895,0.4693923890590668,0.3435588777065277,-0.5185434818267822,0.9989869594573975,0.47480684518814087,0.3431129455566406,-0.5185993313789368,0.9989191293716431,0.479982852935791,0.34266218543052673,-0.5186602473258972,0.9989322423934937,0.4527301788330078,0.3442275822162628,-0.5093098282814026,0.998828649520874,0.44671469926834106,0.34419354796409607,-0.5093869566917419,0.9985358119010925,0.4411562979221344,0.3439733386039734,-0.5095514059066772,0.9985665678977966,0.49016109108924866,0.3470315933227539,-0.33190518617630005,0.9967991709709167,0.43138667941093445,0.3473423719406128,-0.2866811454296112,0.9977999329566956,0.4715489149093628,0.3619029223918915,-0.4684063494205475,0.999180018901825,0.44791603088378906,0.36342543363571167,-0.45637181401252747,0.9990535378456116,0.544410228729248,0.39772260189056396,-0.25888246297836304,0.999380350112915,0.38719868659973145,0.4045800268650055,-0.16528472304344177,0.9989960193634033,0.5331026315689087,0.44322073459625244,-0.5666942000389099,0.9435772895812988,0.34062737226486206,0.46051377058029175,-0.4384861886501312,0.9728646278381348,0.4897402226924896,0.37409061193466187,-0.9100407361984253,0.9523104429244995,0.4087989330291748,0.40179765224456787,-0.8086540102958679,0.971656084060669,0.47818195819854736,0.35273200273513794,-0.9812433123588562,0.9238524436950684,0.4222693145275116,0.3806876540184021,-0.8793359398841858,0.927050769329071,0.482234925031662,0.34902411699295044,-0.9503645300865173,0.9165365695953369,0.42360880970954895,0.3751440644264221,-0.8424649834632874,0.9147185683250427,0.4839269518852234,0.3557376265525818,-0.9041203856468201,0.8768308162689209,0.4229859411716461,0.3829731345176697,-0.8015215992927551,0.8842375874519348,0.5173959732055664,0.5369662046432495,-0.05845436081290245,0.9998947978019714,0.4220617413520813,0.5380194187164307,0.0584895983338356,0.9995076060295105,0.4845370352268219,0.6375649571418762,-0.3348415195941925,0.978530764579773,0.44756004214286804,0.6327710747718811,0.2790054380893707,0.8683217763900757,0.5011289119720459,0.7519615292549133,-0.16653002798557281,0.9759427309036255,0.4588454067707062,0.7013123035430908,0.9478678703308105,0.624239981174469,0.5022358298301697,0.7625375390052795,-0.16225695610046387,0.6499143838882446,0.46399450302124023,0.7072895765304565,1.0115448236465454,0.40245676040649414,0.48956355452537537,0.7926753163337708,-0.43439602851867676,0.9654732942581177,0.44034162163734436,0.7363329529762268,0.8720315098762512,0.7491044402122498
IMG_9705,75,2485,good,0.45770615339279175,0.3532176613807678,-0.5415749549865723,0.9994080662727356,0.4683012068271637,0.3434595465660095,-0.5171623229980469,0.9990140795707703,0.47387751936912537,0.34303009510040283,-0.5172147750854492,0.9989481568336487,0.4792194366455078,0.3426007628440857,-0.5172678828239441,0.9989573955535889,0.45137763023376465,0.3441103398799896,-0.5067066550254822,0.9988523125648499,0.4452992081642151,0.3440799415111542,-0.5067874789237976,0.9985620975494385,0.4396708309650421,0.3438742756843567,-0.5069563984870911,0.9985853433609009,0.48975586891174316,0.3469952940940857,-0.32978829741477966,0.9968881011009216,0.4302632808685303,0.34727543592453003,-0.28245073556900024,0.9978272318840027,0.470689982175827,0.3617391288280487,-0.46814560890197754,0.9992181062698364,0.4464266896247864,0.3633478581905365,-0.4544113576412201,0.9990785121917725,0.544363796710968,0.39755794405937195,-0.2495141476392746,0.9993927478790283,0.3860722482204437,0.40456101298332214,-0.16353130340576172,0.9990084767341614,0.5332974195480347,0.44275182485580444,-0.5515714883804321,0.9425035119056702,0.3407052159309387,0.46046286821365356,-0.43395230174064636,0.9735923409461975,0.4889785349369049,0.3746761679649353,-0.9021919965744019,0.9509289264678955,0.40821245312690735,0.4010496139526367,-0.7937509417533875,0.9720948934555054,0.47773227095603943,0.35299888253211975,-0.9728260040283203,0.9218911528587341,0.4206617772579193,0.3802185654640198,-0.8639472126960754,0.9278499484062195,0.48208972811698914,0.3492564857006073,-0.9445672631263733,0.9145666360855103,0.42205291986465454,0.37481653690338135,-0.8286202549934387,0.9156285524368286,0.4841447174549103,0.35580307245254517,-0.8976278901100159,0.8741729855537415,0.4215252697467804,0.3829490542411804,-0.7872977256774902,0.8850291967391968,0.5167111754417419,0.5369957685470581,-0.04970049485564232,0.999899685382843,0.421251505613327,0.5381246209144592,0.04967839643359184,0.9995150566101074,0.48462817072868347,0.6380568146705627,-0.3028816878795624,0.9793060421943665,0.44452595710754395,0.6328402161598206,0.2706228494644165,0.8709428310394287,0.5011319518089294,0.7520026564598083,-0.12140221893787384,0.9770039916038513,0.45575159788131714,0.7010579705238342,0.9461376070976257,0.6252720355987549,0.5017205476760864,0.7639368176460266,-0.11405188590288162,0.6544442772865295,0.45984965562820435,0.7053868770599365,1.0090547800064087,0.3999194800853729,0.4897385835647583,0.7926275134086609,-0.38007158041000366,0.966690182685852,0.4387621581554413,0.7357625961303711,0.8699765205383301,0.7500438094139099
IMG_9705,76,2518,good,0.4563458561897278,0.3530749976634979,-0.5371540784835815,0.9994415044784546,0.4674266278743744,0.34274595975875854,-0.5112047791481018,0.9990713596343994,0.47308242321014404,0.3421669900417328,-0.5112555623054504,0.9990092515945435,0.4784054756164551,0.3415810465812683,-0.5112840533256531,0.9990150928497314,0.45021629333496094,0.34372323751449585,-0.49968504905700684,0.9989125728607178,0.4441589117050171,0.3437482714653015,-0.4997536540031433,0.9986348748207092,0.4384709298610687,0.34360039234161377,-0.49989229440689087,0.9986497759819031,0.48949292302131653,0.3454233705997467,-0.3161488473415375,0.9970771074295044,0.43003931641578674,0.34676191210746765,-0.26482322812080383,0.9979131817817688,0.4697437584400177,0.36138591170310974,-0.4611707925796509,0.9992721676826477,0.4455798268318176,0.36326107382774353,-0.44637250900268555,0.9991302490234375,0.5443547368049622,0.3974447250366211,-0.2380300760269165,0.9994260668754578,0.3862086534500122,0.404051810503006,-0.13851724565029144,0.9990269541740417,0.5338888168334961,0.44186630845069885,-0.5515022277832031,0.9448959827423096,0.3404267430305481,0.46028169989585876,-0.42132139205932617,0.9745575189590454,0.49052882194519043,0.3739437162876129,-0.9091348052024841,0.953288733959198,0.4066905975341797,0.40067821741104126,-0.801723062992096,0.9729804992675781,0.4791582524776459,0.35225561261177063,-0.9828856587409973,0.9252102375030518,0.4184767007827759,0.38014644384384155,-0.8729047775268555,0.9295799136161804,0.48378443717956543,0.34916070103645325,-0.9506651759147644,0.9182431697845459,0.420284628868103,0.37458986043930054,-0.8386777639389038,0.9176867008209229,0.48573997616767883,0.35507479310035706,-0.9029265642166138,0.8787873387336731,0.4198167324066162,0.3829309344291687,-0.796123743057251,0.8873969316482544,0.516772985458374,0.5366461873054504,-0.05144697427749634,0.9999038577079773,0.4214100241661072,0.5380146503448486,0.05141592398285866,0.9995176196098328,0.4848768413066864,0.6369828581809998,-0.32752180099487305,0.9799336194992065,0.4448346793651581,0.6333182454109192,0.2703673541545868,0.871084988117218,0.500914990901947,0.7517799735069275,-0.1664743572473526,0.9779201149940491,0.45564720034599304,0.7008540034294128,0.9435924291610718,0.6252738237380981,0.5011357665061951,0.7631683349609375,-0.1622561812400818,0.6529261469841003,0.4598981738090515,0.7070122957229614,1.006462812423706,0.40243804454803467,0.4896605312824249,0.7923901081085205,-0.4407159090042114,0.9675585627555847,0.4388098120689392,0.7350592017173767,0.8679150938987732,0.7515202760696411
IMG_9705,77,2551,good,0.457101434469223,0.35305139422416687,-0.5376689434051514,0.9994377493858337,0.4681403338909149,0.34268659353256226,-0.5118553638458252,0.9990668296813965,0.47380495071411133,0.3421238660812378,-0.5119159817695618,0.9990032911300659,0.47913461923599243,0.3415590822696686,-0.5119598507881165,0.9990028738975525,0.4507687985897064,0.3436815142631531,-0.5028418302536011,0.9989020824432373,0.4445003569126129,0.3437157869338989,-0.5029078125953674,0.9986180067062378,0.4385002553462982,0.343575656414032,-0.5030584335327148,0.9986264109611511,0.4900640845298767,0.34544914960861206,-0.3172394633293152,0.9970409870147705,0.42941880226135254,0.3466419279575348,-0.2769322395324707,0.9978601932525635,0.47037473320961,0.36136192083358765,-0.46115005016326904,0.9992839694023132,0.44602033495903015,0.36319953203201294,-0.44929423928260803,0.99913090467453,0.5443733930587769,0.39704471826553345,-0.238051638007164,0.9994252324104309,0.38603225350379944,0.4033563733100891,-0.15745070576667786,0.999022901058197,0.5332016348838806,0.4414910078048706,-0.5473342537879944,0.9433602690696716,0.34061378240585327,0.459622323513031,-0.43357527256011963,0.9753863215446472,0.49131932854652405,0.3740922510623932,-0.9082249999046326,0.9526064395904541,0.40688762068748474,0.4000883400440216,-0.8040985465049744,0.9738706350326538,0.47930648922920227,0.35223111510276794,-0.9819329380989075,0.924561619758606,0.41833630204200745,0.37961530685424805,-0.8751683831214905,0.931610107421875,0.48385992646217346,0.3490177094936371,-0.9478054642677307,0.9177151918411255,0.42018923163414,0.3736802041530609,-0.8408796787261963,0.920103907585144,0.48579204082489014,0.35501807928085327,-0.9019238948822021,0.8780405521392822,0.41960248351097107,0.3825755715370178,-0.7981234788894653,0.8902447819709778,0.5166140198707581,0.5362914800643921,-0.0472986064851284,0.9999067187309265,0.4213036298751831,0.5375435948371887,0.0472722165286541,0.9995115399360657,0.4850422739982605,0.6365347504615784,-0.3234279155731201,0.9801908731460571,0.4437178075313568,0.6307981610298157,0.2755323350429535,0.8681138157844543,0.5008708834648132,0.7513942122459412,-0.16347889602184296,0.9786158204078674,0.45355358719825745,0.6993219256401062,0.9503429532051086,0.6231281161308289,0.5011379718780518,0.762327253818512,-0.15959322452545166,0.6553736925125122,0.45629003643989563,0.7044950127601624,1.0134116411209106,0.40162697434425354,0.48984336853027344,0.7924153804779053,-0.43839964270591736,0.9684656262397766,0.4386148750782013,0.7336616516113281,0.8745565414428711,0.7511493563652039
