video_no,frame,timestamp_ms,good,x0,y0,z0,visibility0,x1,y1,z1,visibility1,x2,y2,z2,visibility2,x3,y3,z3,visibility3,x4,y4,z4,visibility4,x5,y5,z5,visibility5,x6,y6,z6,visibility6,x7,y7,z7,visibility7,x8,y8,z8,visibility8,x9,y9,z9,visibility9,x10,y10,z10,visibility10,x11,y11,z11,visibility11,x12,y12,z12,visibility12,x13,y13,z13,visibility13,x14,y14,z14,visibility14,x15,y15,z15,visibility15,x16,y16,z16,visibility16,x17,y17,z17,visibility17,x18,y18,z18,visibility18,x19,y19,z19,visibility19,x20,y20,z20,visibility20,x21,y21,z21,visibility21,x22,y22,z22,visibility22,x23,y23,z23,visibility23,x24,y24,z24,visibility24,x25,y25,z25,visibility25,x26,y26,z26,visibility26,x27,y27,z27,visibility27,x28,y28,z28,visibility28,x29,y29,z29,visibility29,x30,y30,z30,visibility30,x31,y31,z31,visibility31,x32,y32,z32,visibility32
IMG_9584 6,1,33,good,0.45965245366096497,0.4806538224220276,-0.24127626419067383,0.9999761581420898,0.4665844738483429,0.4708707332611084,-0.23356923460960388,0.999968409538269,0.47112464904785156,0.47036346793174744,-0.23364724218845367,0.9999719858169556,0.47537559270858765,0.46985071897506714,-0.23369044065475464,0.9999637603759766,0.455626904964447,0.4707781672477722,-0.2100391387939453,0.9999630451202393,0.4524739384651184,0.47017014026641846,-0.21010471880435944,0.9999550580978394,0.44981062412261963,0.46960169076919556,-0.21011555194854736,0.9999474287033081,0.48426467180252075,0.47169575095176697,-0.11782427132129669,0.9999711513519287,0.4499891996383667,0.47131776809692383,-0.011690490879118443,0.9999032020568848,0.46977388858795166,0.48669934272766113,-0.192384272813797,0.999968409538269,0.4572136104106903,0.4864530563354492,-0.1624300330877304,0.9999408721923828,0.5332571268081665,0.5046981573104858,-0.12097463011741638,0.9999657869338989,0.4211536645889282,0.5166292190551758,0.1687975972890854,0.9998304843902588,0.5129721760749817,0.5615922212600708,-0.30126285552978516,0.99432373046875,0.39729762077331543,0.5722956657409668,-0.015314891934394836,0.9120863080024719,0.4666549563407898,0.5191165804862976,-0.4704001247882843,0.9897698163986206,0.39498260617256165,0.530851423740387,-0.4188152551651001,0.9618945121765137,0.451775461435318,0.5079094171524048,-0.5236046314239502,0.9801006317138672,0.3978654444217682,0.5182123184204102,-0.48019862174987793,0.9306123852729797,0.46039462089538574,0.5015711784362793,-0.5117291808128357,0.9788298606872559,0.3992288112640381,0.5142967104911804,-0.47186315059661865,0.9257970452308655,0.46344515681266785,0.5060262680053711,-0.4660685062408447,0.9635665416717529,0.4031868577003479,0.5176735520362854,-0.426885724067688,0.8958845734596252,0.5102100968360901,0.6257526874542236,-0.13016913831233978,0.9998515844345093,0.4535541534423828,0.6264069676399231,0.13046130537986755,0.9995799660682678,0.4792831838130951,0.712389349937439,-0.2993158996105194,0.9936404824256897,0.49508586525917053,0.7166473269462585,0.21049408614635468,0.8927637338638306,0.4745740592479706,0.8080523610115051,-0.3071790039539337,0.9963181018829346,0.549076497554779,0.7884873151779175,0.4122945964336395,0.9600932002067566,0.48328709602355957,0.8226209878921509,-0.3174092769622803,0.9828513860702515,0.5699691772460938,0.7990359663963318,0.42485857009887695,0.9708254933357239,0.43734467029571533,0.8354794383049011,-0.5103439092636108,0.9911649823188782,0.5071942806243896,0.8112471103668213,0.29801398515701294,0.9530653953552246
IMG_9584 6,2,66,good,0.4617692828178406,0.47838926315307617,-0.20009325444698334,0.9999738335609436,0.46901533007621765,0.469306081533432,-0.18122223019599915,0.9999654293060303,0.47375789284706116,0.4689794182777405,-0.1813112199306488,0.9999690055847168,0.47822266817092896,0.4686363637447357,-0.1813519150018692,0.9999616146087646,0.4566841125488281,0.4691513776779175,-0.164598748087883,0.9999580979347229,0.45298466086387634,0.46864908933639526,-0.16463646292686462,0.9999473094940186,0.4499264061450958,0.4682113826274872,-0.16461849212646484,0.9999407529830933,0.48631054162979126,0.4709993898868561,-0.04179810732603073,0.9999683499336243,0.44904187321662903,0.4704366624355316,0.032629918307065964,0.9998864531517029,0.4711011052131653,0.48479118943214417,-0.1450473815202713,0.9999633431434631,0.4572305381298065,0.48548611998558044,-0.12394310534000397,0.9999310970306396,0.533295214176178,0.5047060251235962,-0.059841666370630264,0.9999650120735168,0.4189082384109497,0.516607940196991,0.20003466308116913,0.9997912049293518,0.5131782293319702,0.5601128935813904,-0.2755665183067322,0.9941850900650024,0.39578455686569214,0.5716484189033508,0.008309761062264442,0.905666708946228,0.46602416038513184,0.51869797706604,-0.4770627021789551,0.990045428276062,0.39597025513648987,0.5266770124435425,-0.3777580261230469,0.9598824381828308,0.45198214054107666,0.5075019598007202,-0.5367487668991089,0.9805711507797241,0.39866554737091064,0.5147969722747803,-0.44298702478408813,0.9278189539909363,0.4603942930698395,0.5011323094367981,-0.5215914845466614,0.9793082475662231,0.40006116032600403,0.5110654234886169,-0.43200090527534485,0.922839343547821,0.4633500277996063,0.505206823348999,-0.4734627604484558,0.9644237756729126,0.40398162603378296,0.5144954919815063,-0.38609784841537476,0.8926880955696106,0.5099912285804749,0.6256412863731384,-0.12003118544816971,0.9998407363891602,0.4511983096599579,0.6264460682868958,0.12032483518123627,0.9995329976081848,0.47958019375801086,0.7124027013778687,-0.2647300362586975,0.9920888543128967,0.48704397678375244,0.7149044871330261,0.1422860324382782,0.8928083181381226,0.47455042600631714,0.8081130385398865,-0.23145908117294312,0.995937168598175,0.5468454360961914,0.7837583422660828,0.35190144181251526,0.9592114090919495,0.4828120470046997,0.8226432204246521,-0.23888371884822845,0.9794859290122986,0.5644547939300537,0.7919353246688843,0.3645392954349518,0.9684438109397888,0.44139954447746277,0.8354285955429077,-0.44312694668769836,0.9911110997200012,0.5127342343330383,0.8102443814277649,0.23810066282749176,0.9531531929969788
IMG_9584 6,3,100,good,0.4663294851779938,0.4775295555591583,-0.1595548391342163,0.9999685287475586,0.47302520275115967,0.46898871660232544,-0.14435867965221405,0.9999585151672363,0.477443665266037,0.46863090991973877,-0.1444540172815323,0.9999627470970154,0.48166441917419434,0.46822789311408997,-0.14453110098838806,0.9999569654464722,0.46044644713401794,0.4688465893268585,-0.12671467661857605,0.9999476671218872,0.45649418234825134,0.46832454204559326,-0.12673717737197876,0.9999311566352844,0.4526243805885315,0.46782323718070984,-0.12674236297607422,0.9999265074729919,0.488466739654541,0.47023501992225647,-0.01776290498673916,0.9999629855155945,0.44924840331077576,0.470003604888916,0.06200437992811203,0.999864399433136,0.47455671429634094,0.483724445104599,-0.10800966620445251,0.9999529719352722,0.45978254079818726,0.4849655330181122,-0.08547952026128769,0.9999097585678101,0.5341340899467468,0.5039442777633667,-0.03836590424180031,0.9999643564224243,0.4189513325691223,0.5158933997154236,0.2294771671295166,0.9997430443763733,0.5132959485054016,0.5562724471092224,-0.25908201932907104,0.9939355850219727,0.39534589648246765,0.57030189037323,0.0821947529911995,0.8918522596359253,0.46604183316230774,0.5155936479568481,-0.47715842723846436,0.9901471734046936,0.396586537361145,0.5251750946044922,-0.24936483800411224,0.953144907951355,0.4527881443500519,0.5051066875457764,-0.5361834168434143,0.9808499813079834,0.3999367356300354,0.5138542056083679,-0.30716174840927124,0.9184754490852356,0.4613834619522095,0.49885571002960205,-0.5217435359954834,0.9795530438423157,0.4017380475997925,0.510360598564148,-0.29937925934791565,0.9131555557250977,0.4640055298805237,0.5021986365318298,-0.4739985167980194,0.9649115204811096,0.40431642532348633,0.5132251381874084,-0.25859835743904114,0.8823065161705017,0.5089303255081177,0.625076174736023,-0.1170017346739769,0.9998296499252319,0.44871243834495544,0.625174880027771,0.1172582358121872,0.9995027780532837,0.47936922311782837,0.7138842940330505,-0.2453312873840332,0.9904123544692993,0.46408170461654663,0.714305579662323,0.05447743088006973,0.8966264128684998,0.47454094886779785,0.8084796071052551,-0.2005080282688141,0.9953798055648804,0.5408822298049927,0.7821431159973145,0.26259341835975647,0.9580094814300537,0.4823833405971527,0.823465883731842,-0.20629636943340302,0.9750099182128906,0.5610685348510742,0.7883296608924866,0.27627503871917725,0.9655724167823792,0.44127193093299866,0.8355566263198853,-0.3974376618862152,0.9906671643257141,0.5108308792114258,0.8098701238632202,0.1694154441356659,0.9521827697753906
IMG_9584 6,4,133,good,0.4665265381336212,0.47423532605171204,-0.138356015086174,0.9999457001686096,0.4732685089111328,0.4665934145450592,-0.12100724130868912,0.9999292492866516,0.47781315445899963,0.4664152264595032,-0.12110044807195663,0.9999357461929321,0.4821811318397522,0.46610453724861145,-0.12118875235319138,0.9999340772628784,0.46059438586235046,0.46626707911491394,-0.10215741395950317,0.9999039769172668,0.45659691095352173,0.4658676087856293,-0.10217820107936859,0.9998701810836792,0.45270419120788574,0.4655052423477173,-0.10220029205083847,0.9998727440834045,0.489182710647583,0.468187153339386,0.003924177028238773,0.9999328851699829,0.4492536783218384,0.4682278633117676,0.09075816720724106,0.9997678995132446,0.4752044081687927,0.4806990921497345,-0.08863823860883713,0.9999253749847412,0.45989733934402466,0.4821983277797699,-0.06396668404340744,0.9998409748077393,0.5351393222808838,0.5033677816390991,-0.009465369395911694,0.999958336353302,0.41749054193496704,0.5158908367156982,0.22636744379997253,0.999652624130249,0.51507568359375,0.5539443492889404,-0.2615804374217987,0.9925083518028259,0.39512529969215393,0.5700725317001343,0.06844793260097504,0.8788780570030212,0.46846821904182434,0.5131422877311707,-0.5208181738853455,0.98943030834198,0.3967500329017639,0.522956907749176,-0.27972760796546936,0.9489743113517761,0.4568743407726288,0.5029042959213257,-0.5838919281959534,0.9799786806106567,0.39993569254875183,0.5120700001716614,-0.34311431646347046,0.9135355949401855,0.4640507996082306,0.497155100107193,-0.566369891166687,0.9785063862800598,0.4017133414745331,0.5085788369178772,-0.33623647689819336,0.9080584645271301,0.46618223190307617,0.5002801418304443,-0.5181978940963745,0.9632958769798279,0.40391474962234497,0.5119814276695251,-0.28953471779823303,0.8767234086990356,0.5065281987190247,0.6250855922698975,-0.09844362735748291,0.9998313784599304,0.4399387538433075,0.6243915557861328,0.09864212572574615,0.999495804309845,0.47871941328048706,0.7167356014251709,-0.25572866201400757,0.9897478818893433,0.44088035821914673,0.7143359184265137,0.003545696148648858,0.9034458994865417,0.4741191864013672,0.8092218637466431,-0.14404088258743286,0.9948449730873108,0.5225260853767395,0.775374710559845,0.32406508922576904,0.9545572400093079,0.4818471372127533,0.8247178792953491,-0.14244402945041656,0.9651708006858826,0.5445592999458313,0.7732822299003601,0.3171728551387787,0.9579640030860901,0.44208022952079773,0.836394190788269,-0.33957287669181824,0.9898577332496643,0.5085407495498657,0.8103411197662354,0.2540683448314667,0.9482086300849915
IMG_9584 6,5,166,good,0.4703720808029175,0.47461676597595215,-0.1149701178073883,0.9999416470527649,0.47707197070121765,0.4667084217071533,-0.09506381303071976,0.9999259114265442,0.4818095564842224,0.4664582908153534,-0.09515900909900665,0.9999327063560486,0.48617666959762573,0.4661702513694763,-0.0952533707022667,0.9999324083328247,0.4636428654193878,0.46641355752944946,-0.07841554284095764,0.9998974204063416,0.4590573012828827,0.46595463156700134,-0.07843448221683502,0.9998589754104614,0.4545193016529083,0.46552902460098267,-0.07843711972236633,0.9998629689216614,0.49246305227279663,0.46828457713127136,0.043262455612421036,0.9999294281005859,0.44928669929504395,0.46830111742019653,0.12057489156723022,0.9997517466545105,0.47910743951797485,0.4810432195663452,-0.059724003076553345,0.9999193549156189,0.46267569065093994,0.48235270380973816,-0.03779091313481331,0.9998214840888977,0.5368852019309998,0.5031923651695251,0.034763678908348083,0.999958872795105,0.4174172282218933,0.5159010291099548,0.24183273315429688,0.9996053576469421,0.5169617533683777,0.5512732863426208,-0.23540522158145905,0.9916510581970215,0.3951343297958374,0.5692170858383179,0.05879881605505943,0.8693186044692993,0.4716643989086151,0.51023930311203,-0.5112262964248657,0.989212155342102,0.39993414282798767,0.5201599597930908,-0.30627143383026123,0.944822371006012,0.46267709136009216,0.49887433648109436,-0.5744363069534302,0.9798476696014404,0.4042050838470459,0.509093701839447,-0.37302982807159424,0.9085215330123901,0.46845853328704834,0.4934239089488983,-0.5587890148162842,0.9783172607421875,0.40622469782829285,0.5058162212371826,-0.3648287355899811,0.9028365015983582,0.46993333101272583,0.4973834753036499,-0.5090365409851074,0.9629910588264465,0.40679383277893066,0.509024977684021,-0.31572672724723816,0.8709967732429504,0.5053969025611877,0.6248655915260315,-0.09194403886795044,0.9998418688774109,0.4359711706638336,0.6239476799964905,0.09218902140855789,0.9995131492614746,0.47811946272850037,0.7162615656852722,-0.2797069549560547,0.9893896579742432,0.4153587520122528,0.714235246181488,0.011100792326033115,0.9094809293746948,0.4734412431716919,0.8092498779296875,-0.19273771345615387,0.9944646954536438,0.5092017650604248,0.7731689810752869,0.3428111672401428,0.950134813785553,0.4793820381164551,0.8253320455551147,-0.199519544839859,0.958152711391449,0.531538724899292,0.7691985368728638,0.33016493916511536,0.9494116306304932,0.4421617388725281,0.8380082249641418,-0.3620479702949524,0.9894125461578369,0.5017337203025818,0.8088852763175964,0.28690606355667114,0.9431820511817932
IMG_9584 6,6,200,good,0.4698340892791748,0.4745737612247467,-0.11476682126522064,0.9999436140060425,0.4765302836894989,0.46645617485046387,-0.09983868896961212,0.9999286532402039,0.48126673698425293,0.46610528230667114,-0.09995251148939133,0.9999353885650635,0.48566311597824097,0.4657033085823059,-0.10004334896802902,0.9999355673789978,0.46339651942253113,0.46647754311561584,-0.0800483301281929,0.9999004602432251,0.4590241611003876,0.46608489751815796,-0.08007566630840302,0.9998631477355957,0.4543149173259735,0.4656751751899719,-0.0801054835319519,0.9998670816421509,0.49235665798187256,0.46790939569473267,0.022415954619646072,0.9999321699142456,0.449269562959671,0.4683598279953003,0.11348208785057068,0.9997615218162537,0.4787197411060333,0.4809844195842743,-0.0653480738401413,0.9999221563339233,0.4625137448310852,0.4824109971523285,-0.03948613628745079,0.9998241066932678,0.5377563834190369,0.5029543042182922,0.005526701919734478,0.9999614953994751,0.4171784520149231,0.5159041881561279,0.24733015894889832,0.9995958209037781,0.5177475810050964,0.5497357249259949,-0.25032418966293335,0.9913479685783386,0.39625808596611023,0.5693375468254089,0.08353698998689651,0.8624932169914246,0.4717376232147217,0.5102761387825012,-0.5298572182655334,0.9893336296081543,0.39987483620643616,0.5204818248748779,-0.2868192493915558,0.9436765909194946,0.46233466267585754,0.4994967579841614,-0.5929208993911743,0.9802406430244446,0.4012034237384796,0.509678065776825,-0.3522860109806061,0.9078930616378784,0.4684812128543854,0.49382591247558594,-0.5784264206886292,0.9787293076515198,0.4023178815841675,0.5062189102172852,-0.34688007831573486,0.9022437930107117,0.470114529132843,0.4974070191383362,-0.5277853012084961,0.9635000824928284,0.4042298197746277,0.5096225142478943,-0.29740944504737854,0.8703799843788147,0.5053576827049255,0.6248621344566345,-0.09671689569950104,0.9998539686203003,0.43546804785728455,0.6239381432533264,0.09695328772068024,0.9995406866073608,0.47765836119651794,0.7164832949638367,-0.3062601089477539,0.9890022873878479,0.39323869347572327,0.7082776427268982,-0.021126549690961838,0.9137136340141296,0.4746314287185669,0.8095512390136719,-0.23566021025180817,0.9939285516738892,0.482694149017334,0.77470862865448,0.3459651470184326,0.9348379969596863,0.4857039153575897,0.8257134556770325,-0.2361832708120346,0.9509042501449585,0.5076078772544861,0.7741963267326355,0.3510996103286743,0.9307073950767517,0.4395599365234375,0.8392260670661926,-0.42206478118896484,0.9889529347419739,0.4716898798942566,0.8117350339889526,0.3010604977607727,0.9293318390846252
IMG_9584 6,7,233,good,0.47303497791290283,0.47458696365356445,-0.1272275149822235,0.9999416470527649,0.4795452058315277,0.46655526757240295,-0.1258569359779358,0.9999268054962158,0.4844074249267578,0.46621137857437134,-0.12596260011196136,0.9999337792396545,0.4889020621776581,0.4658043086528778,-0.12605881690979004,0.9999350309371948,0.4657730162143707,0.4665664732456207,-0.10241631418466568,0.9998968243598938,0.46090400218963623,0.46618571877479553,-0.10246338695287704,0.999857485294342,0.45597830414772034,0.4657808244228363,-0.10245896130800247,0.9998624920845032,0.49482348561286926,0.4679816961288452,-0.0009639580966904759,0.9999271035194397,0.449524849653244,0.4684061110019684,0.0871669128537178,0.9997446537017822,0.4816848337650299,0.4810490310192108,-0.08761280030012131,0.999919056892395,0.4646066427230835,0.48249727487564087,-0.05473373085260391,0.9998117685317993,0.539444088935852,0.5029992461204529,-0.01333052758127451,0.9999614953994751,0.4172017276287079,0.5159063339233398,0.23248636722564697,0.9995280504226685,0.5187122821807861,0.5498464107513428,-0.26652663946151733,0.9909813404083252,0.39761725068092346,0.5693921446800232,0.054278235882520676,0.8535675406455994,0.47268611192703247,0.5092916488647461,-0.5543237328529358,0.9893226623535156,0.40195873379707336,0.5209090709686279,-0.3398539423942566,0.9395874738693237,0.4632984697818756,0.49812114238739014,-0.6161560416221619,0.9803813695907593,0.4047057628631592,0.5097488164901733,-0.40780654549598694,0.9029595255851746,0.4698525071144104,0.49219104647636414,-0.5981112718582153,0.9788806438446045,0.4032696783542633,0.5064716935157776,-0.403473436832428,0.8969399333000183,0.4713585674762726,0.49575236439704895,-0.5507791042327881,0.9635600447654724,0.406201034784317,0.5100085139274597,-0.3508729338645935,0.8645435571670532,0.5012285113334656,0.6260125637054443,-0.09564787894487381,0.9998652935028076,0.4298005998134613,0.6242669820785522,0.0958162248134613,0.9995611310005188,0.47386249899864197,0.7164783477783203,-0.3017681837081909,0.9893050789833069,0.36933082342147827,0.7028510570526123,-0.02397138997912407,0.9192388653755188,0.4746321439743042,0.8094382286071777,-0.23014189302921295,0.9938571453094482,0.4598225951194763,0.7435352206230164,0.4460892975330353,0.9108521938323975,0.4868372678756714,0.8251364231109619,-0.23081445693969727,0.9441430568695068,0.48249298334121704,0.7421596050262451,0.491873562335968,0.9063172340393066,0.43958479166030884,0.8393628597259521,-0.4244040548801422,0.9889571666717529,0.4637710154056549,0.7930564284324646,0.4514777362346649,0.9096007943153381
IMG_9584 6,8,266,good,0.47246190905570984,0.474777489900589,-0.1427687555551529,0.9999218583106995,0.4790134131908417,0.46665436029434204,-0.13360503315925598,0.9999088048934937,0.4838534891605377,0.4662376642227173,-0.1337161809206009,0.9999189376831055,0.4883139729499817,0.4658706486225128,-0.13379332423210144,0.9999238848686218,0.4653962254524231,0.46685150265693665,-0.11044270545244217,0.9998651146888733,0.4606480300426483,0.46658432483673096,-0.11047706753015518,0.9998111128807068,0.45589473843574524,0.4663061797618866,-0.11051511764526367,0.9998213052749634,0.49453526735305786,0.46803075075149536,-0.011852907948195934,0.9999024868011475,0.44990110397338867,0.4687398374080658,0.08308488130569458,0.9996735453605652,0.4812007248401642,0.4811171591281891,-0.09837622195482254,0.9998907446861267,0.46454811096191406,0.4831323027610779,-0.06777560710906982,0.9997267723083496,0.5414004325866699,0.503003716468811,-0.015704546123743057,0.9999582171440125,0.4175046980381012,0.5159825682640076,0.23274919390678406,0.9993804693222046,0.5186832547187805,0.5487391352653503,-0.2922198176383972,0.9902850389480591,0.4011276662349701,0.5704048275947571,0.13668100535869598,0.8285443782806396,0.4725780189037323,0.5047479271888733,-0.5542213916778564,0.9887800216674805,0.40658265352249146,0.5220096111297607,-0.1761084645986557,0.9265140891075134,0.46344947814941406,0.4921780824661255,-0.6107127666473389,0.9797395467758179,0.4071372449398041,0.5100122690200806,-0.22783218324184418,0.8881990909576416,0.46964573860168457,0.4868306517601013,-0.5905253291130066,0.9781783223152161,0.4074242115020752,0.5067346692085266,-0.2258179485797882,0.8815421462059021,0.4711971879005432,0.49026525020599365,-0.5485441088676453,0.9620621800422668,0.40902408957481384,0.5101251006126404,-0.18605026602745056,0.8470445275306702,0.4965111017227173,0.6264523267745972,-0.09594032913446426,0.999868631362915,0.42573457956314087,0.6238422989845276,0.09610133618116379,0.9995194673538208,0.4700140953063965,0.7164462804794312,-0.23218169808387756,0.9889998435974121,0.3456718921661377,0.6883575320243835,-0.005013994872570038,0.9244555830955505,0.4747021198272705,0.8088568449020386,-0.1846117079257965,0.9938935041427612,0.4469415545463562,0.7222239971160889,0.4284864366054535,0.892362654209137,0.48799827694892883,0.8240842819213867,-0.18749462068080902,0.9414353370666504,0.4664941430091858,0.7200645208358765,0.47002071142196655,0.8877829909324646,0.4385291337966919,0.8400201201438904,-0.37258923053741455,0.9890474081039429,0.45680946111679077,0.7719151973724365,0.4356761872768402,0.8924919962882996
IMG_9584 6,9,300,good,0.4728330075740814,0.47430336475372314,-0.200800821185112,0.9998739361763,0.4787871837615967,0.46647459268569946,-0.1822447031736374,0.9998355507850647,0.4835301637649536,0.46615445613861084,-0.18245677649974823,0.999863862991333,0.48797115683555603,0.46583521366119385,-0.18258818984031677,0.999888002872467,0.46551111340522766,0.46664050221443176,-0.16723434627056122,0.9997334480285645,0.46085429191589355,0.46647530794143677,-0.16722390055656433,0.999639630317688,0.45615872740745544,0.4662777781486511,-0.1673082560300827,0.9996604919433594,0.4943307936191559,0.4681777060031891,-0.0530393123626709,0.9998009204864502,0.4507179260253906,0.4688774347305298,0.015059721656143665,0.9994882941246033,0.4813416004180908,0.48095226287841797,-0.1521037369966507,0.9998236298561096,0.46490001678466797,0.4828203320503235,-0.13233254849910736,0.9995737075805664,0.541957676410675,0.503567099571228,-0.06352226436138153,0.9999523758888245,0.4176034927368164,0.5166856646537781,0.15489478409290314,0.9991450905799866,0.5200965404510498,0.5475810766220093,-0.3233238756656647,0.9894465208053589,0.4023672342300415,0.5709022283554077,0.1405130922794342,0.7805408239364624,0.47427815198898315,0.5048319101333618,-0.5693617463111877,0.9883900284767151,0.40650177001953125,0.5262774229049683,-0.05536189675331116,0.8921722769737244,0.466107577085495,0.4917077124118805,-0.6221653819084167,0.979136049747467,0.40685540437698364,0.5134282112121582,-0.09322331845760345,0.8541792631149292,0.4714966416358948,0.48642635345458984,-0.6031703948974609,0.9774897694587708,0.4067556858062744,0.5108889937400818,-0.10018069297075272,0.8465269804000854,0.47325408458709717,0.4906466007232666,-0.5647476315498352,0.960338294506073,0.4088616967201233,0.5153480768203735,-0.06576784700155258,0.8113428950309753,0.4913518726825714,0.6281817555427551,-0.07964771240949631,0.9998543858528137,0.42151346802711487,0.6235855221748352,0.07993865013122559,0.999468982219696,0.4661547839641571,0.7165914177894592,-0.12089281529188156,0.9885466694831848,0.3300706744194031,0.6624772548675537,-0.27650630474090576,0.9308159947395325,0.4747186303138733,0.8088432550430298,-0.07137830555438995,0.9938609600067139,0.43858951330184937,0.7039077877998352,0.061447057873010635,0.888048529624939,0.48786434531211853,0.8240864872932434,-0.07532908767461777,0.9361069202423096,0.4579611122608185,0.7037270665168762,0.09382180869579315,0.8716983199119568,0.4376201033592224,0.8402310013771057,-0.27988165616989136,0.9887568354606628,0.4531744122505188,0.7411085367202759,0.009331890381872654,0.890782356262207
IMG_9584 6,10,333,good,0.4726940095424652,0.47434231638908386,-0.1757676750421524,0.9998623132705688,0.4785066246986389,0.4665217995643616,-0.15341128408908844,0.9998158812522888,0.4832358956336975,0.46619415283203125,-0.15362754464149475,0.9998501539230347,0.48769038915634155,0.4658658504486084,-0.15381193161010742,0.9998819828033447,0.46538856625556946,0.4668734073638916,-0.14386847615242004,0.9996845722198486,0.4607767164707184,0.4668623208999634,-0.14384382963180542,0.9995760917663574,0.4561682939529419,0.46684330701828003,-0.14388826489448547,0.999607503414154,0.49416640400886536,0.4684236943721771,-0.021310118958353996,0.999762773513794,0.4510282874107361,0.46969905495643616,0.023829899728298187,0.9994637966156006,0.48114272952079773,0.48100125789642334,-0.1258496791124344,0.9997984170913696,0.4649069905281067,0.4829337000846863,-0.11580059677362442,0.9995388388633728,0.5426990389823914,0.5035658478736877,-0.028665807098150253,0.9999527335166931,0.41762250661849976,0.5182043313980103,0.1709887683391571,0.9990130066871643,0.5213738083839417,0.5479997396469116,-0.19668760895729065,0.988419771194458,0.4029955565929413,0.5715042948722839,0.35103529691696167,0.7139559984207153,0.47418296337127686,0.5048553347587585,-0.34700894355773926,0.9871803522109985,0.4155845046043396,0.5664486289024353,0.36289605498313904,0.8169523477554321,0.46600860357284546,0.492320716381073,-0.3882679045200348,0.9770674109458923,0.4169817864894867,0.5701290965080261,0.3552210032939911,0.7847788333892822,0.4712933599948883,0.4869730770587921,-0.37492045760154724,0.9752424955368042,0.4130001664161682,0.5646002292633057,0.32717660069465637,0.777752697467804,0.4730430245399475,0.4910387396812439,-0.34353917837142944,0.9562931060791016,0.4146976172924042,0.5630094408988953,0.3503459692001343,0.745852530002594,0.4872587323188782,0.6281736493110657,-0.07569879293441772,0.9998501539230347,0.41942262649536133,0.6211279630661011,0.07619379460811615,0.9994606375694275,0.46332037448883057,0.7151533961296082,-0.13531188666820526,0.9881554841995239,0.3202049136161804,0.6366164684295654,-0.4005989134311676,0.9367531538009644,0.47477999329566956,0.8081077337265015,-0.07811390608549118,0.9939602613449097,0.4217970371246338,0.6890910267829895,-0.16616187989711761,0.8925687670707703,0.48796001076698303,0.8240583539009094,-0.07977175712585449,0.9338233470916748,0.44274353981018066,0.6968403458595276,-0.14407698810100555,0.8686871528625488,0.4381581246852875,0.8393094539642334,-0.2948012948036194,0.9887937307357788,0.4368980824947357,0.7264916896820068,-0.2647874653339386,0.8956099152565002
IMG_9584 6,11,366,good,0.4725339412689209,0.47485825419425964,-0.16125774383544922,0.9998503923416138,0.47842830419540405,0.467284619808197,-0.14142878353595734,0.9997782111167908,0.4831385314464569,0.466975599527359,-0.14161020517349243,0.9998261332511902,0.4875929653644562,0.4666547477245331,-0.14180414378643036,0.9998657703399658,0.4653502106666565,0.4678022563457489,-0.13021989166736603,0.9996276497840881,0.46072402596473694,0.4679260849952698,-0.1302003413438797,0.9995175004005432,0.4561462700366974,0.46801602840423584,-0.13023138046264648,0.9995463490486145,0.49405544996261597,0.46937158703804016,-0.01882840506732464,0.9997002482414246,0.4514094889163971,0.4708070755004883,0.02899046055972576,0.999442994594574,0.481021910905838,0.48158395290374756,-0.1145782619714737,0.9997724890708923,0.46484532952308655,0.48332107067108154,-0.10241608321666718,0.9995094537734985,0.5439878702163696,0.503956139087677,-0.027974244207143784,0.9999535083770752,0.41715070605278015,0.5193186402320862,0.17791664600372314,0.999009907245636,0.5233665704727173,0.5483658313751221,-0.1725751906633377,0.9873746633529663,0.40341413021087646,0.5717511177062988,0.33861613273620605,0.653164267539978,0.47436484694480896,0.5052618980407715,-0.274772584438324,0.9848299622535706,0.4089571237564087,0.5986977219581604,0.3137994408607483,0.7457167506217957,0.46720701456069946,0.49295246601104736,-0.308894544839859,0.972456157207489,0.4043159782886505,0.6150591373443604,0.305829256772995,0.7182750105857849,0.47161364555358887,0.4875307083129883,-0.2964858114719391,0.9701698422431946,0.4016250967979431,0.6134566068649292,0.2711584270000458,0.7116129994392395,0.4731028378009796,0.49149075150489807,-0.27044999599456787,0.9481827616691589,0.40669286251068115,0.6091377139091492,0.2981564402580261,0.6831099390983582,0.48551347851753235,0.627690315246582,-0.07701706141233444,0.999853253364563,0.4189966320991516,0.616150438785553,0.07743451744318008,0.999487578868866,0.4623538553714752,0.7122199535369873,-0.12009924650192261,0.9884703159332275,0.31379997730255127,0.6164259910583496,-0.346192866563797,0.9424259662628174,0.4750562310218811,0.8066386580467224,-0.038587845861911774,0.9942159652709961,0.4049389064311981,0.6791334748268127,-0.12136804312467575,0.8989958763122559,0.48930981755256653,0.8226511478424072,-0.03706860914826393,0.9330365061759949,0.42574504017829895,0.6863076686859131,-0.10042210668325424,0.8708640336990356,0.43826401233673096,0.8387178778648376,-0.2476310133934021,0.9890741109848022,0.3988312780857086,0.720796525478363,-0.20978757739067078,0.9015223979949951
IMG_9584 6,12,400,good,0.4652171730995178,0.474887877702713,-0.1357586681842804,0.9997606873512268,0.473580002784729,0.46819666028022766,-0.12802362442016602,0.999596357345581,0.47817155718803406,0.4681161940097809,-0.12820594012737274,0.9996950626373291,0.48275309801101685,0.46801209449768066,-0.1283831000328064,0.9997755885124207,0.46196645498275757,0.46854689717292786,-0.10685212910175323,0.9993431568145752,0.4583922028541565,0.46871647238731384,-0.10684951394796371,0.9992066025733948,0.4547361731529236,0.46880388259887695,-0.10691925883293152,0.999250590801239,0.4925293028354645,0.471025675535202,-0.040013305842876434,0.9993835091590881,0.45319047570228577,0.47185659408569336,0.041002050042152405,0.9992246031761169,0.47713497281074524,0.48203402757644653,-0.10415255278348923,0.999605655670166,0.4617856740951538,0.48334190249443054,-0.07741912454366684,0.9992352724075317,0.5457655787467957,0.5047412514686584,-0.06110885739326477,0.9999449253082275,0.41720661520957947,0.5204799175262451,0.18240761756896973,0.9988419413566589,0.5262930989265442,0.5478194952011108,-0.20246189832687378,0.9854335784912109,0.40397146344184875,0.572310745716095,0.33344152569770813,0.5940698385238647,0.47538894414901733,0.5055360198020935,-0.36362317204475403,0.9807648658752441,0.4085696339607239,0.5979771018028259,0.30689820647239685,0.6802979111671448,0.46876823902130127,0.4927789866924286,-0.40297719836235046,0.9656975865364075,0.4040681719779968,0.6074864268302917,0.30038943886756897,0.6575333476066589,0.4722341001033783,0.48772597312927246,-0.3891783356666565,0.9626243114471436,0.40127840638160706,0.6048980355262756,0.26593324542045593,0.6514598727226257,0.47447729110717773,0.49178507924079895,-0.35944750905036926,0.9363347291946411,0.40644508600234985,0.6017696857452393,0.2910783290863037,0.6258338093757629,0.4847555160522461,0.6274610161781311,-0.08084601908922195,0.9998447895050049,0.41921499371528625,0.6133302450180054,0.08121536672115326,0.9994989037513733,0.4603910744190216,0.7102425694465637,-0.1386362761259079,0.9883732199668884,0.3198282718658447,0.5917037725448608,-0.3630155920982361,0.946768045425415,0.474777489900589,0.8066698312759399,-0.04970960319042206,0.9942319989204407,0.37919536232948303,0.6708222031593323,-0.2128124237060547,0.904258668422699,0.4870126247406006,0.8224590420722961,-0.047840654850006104,0.9311376214027405,0.40150102972984314,0.6829396486282349,-0.19977779686450958,0.8743159770965576,0.4384571313858032,0.8381444811820984,-0.25624918937683105,0.9888930320739746,0.35077205300331116,0.7101954817771912,-0.32587677240371704,0.906767725944519
IMG_9584 6,13,433,good,0.4676177203655243,0.47678300738334656,-0.1675340086221695,0.9997507929801941,0.47475218772888184,0.46979352831840515,-0.1657300740480423,0.9995996356010437,0.47941848635673523,0.46954402327537537,-0.165950745344162,0.9996983408927917,0.4841064512729645,0.4693043529987335,-0.16614079475402832,0.9997798204421997,0.46256282925605774,0.47066041827201843,-0.14300456643104553,0.9993433952331543,0.458856999874115,0.47101184725761414,-0.14302755892276764,0.9992057085037231,0.4551178812980652,0.4712507724761963,-0.14306539297103882,0.999245285987854,0.49390897154808044,0.4729629158973694,-0.08769166469573975,0.9993900060653687,0.45519551634788513,0.4747101366519928,0.01024593599140644,0.9992445707321167,0.4790709912776947,0.48390650749206543,-0.1382094919681549,0.9996009469032288,0.46341899037361145,0.4855048954486847,-0.10900650173425674,0.9992139935493469,0.5472102761268616,0.507438063621521,-0.10020781308412552,0.99993896484375,0.42035242915153503,0.5231237411499023,0.17989465594291687,0.9985978007316589,0.5303217768669128,0.5445913076400757,-0.3008038103580475,0.9847453236579895,0.40388453006744385,0.5696277022361755,0.43383553624153137,0.5460476279258728,0.4769188165664673,0.5057076215744019,-0.45654717087745667,0.9792669415473938,0.40929076075553894,0.5442786812782288,0.5896559357643127,0.6293051242828369,0.471680611371994,0.493041455745697,-0.48214852809906006,0.9629055261611938,0.4062621295452118,0.5499626398086548,0.61181640625,0.6084421277046204,0.4743604362010956,0.4886343479156494,-0.4814299941062927,0.9593250155448914,0.40412867069244385,0.5466686487197876,0.5953471660614014,0.6023715734481812,0.47574207186698914,0.4922245144844055,-0.45582762360572815,0.9305323958396912,0.40814152359962463,0.5355044007301331,0.5861063599586487,0.5787198543548584,0.4800070822238922,0.627447247505188,-0.08226735144853592,0.9998326301574707,0.4180726706981659,0.6116476058959961,0.08246242254972458,0.9995043873786926,0.45867785811424255,0.7088945508003235,-0.13834136724472046,0.9867532849311829,0.31952303647994995,0.5763289928436279,-0.37253138422966003,0.9504237771034241,0.47361674904823303,0.8067008852958679,-0.06958477944135666,0.9937580823898315,0.3341774344444275,0.6683266162872314,-0.2492598593235016,0.9081825613975525,0.48573657870292664,0.8225172758102417,-0.07074002176523209,0.927729606628418,0.3537946343421936,0.685981273651123,-0.2409186214208603,0.879206657409668,0.43785643577575684,0.8364576101303101,-0.28332996368408203,0.987999439239502,0.2832881808280945,0.6990743279457092,-0.38657787442207336,0.9109337329864502
IMG_9584 6,14,466,good,0.46830829977989197,0.4788229763507843,-0.22275856137275696,0.9997415542602539,0.47500208020210266,0.47165876626968384,-0.23062123358249664,0.9996137619018555,0.47960183024406433,0.4713611900806427,-0.23080594837665558,0.9997113943099976,0.4842168688774109,0.47103559970855713,-0.23102930188179016,0.9997861981391907,0.4633951187133789,0.47276759147644043,-0.19841857254505157,0.9993582367897034,0.460083544254303,0.4732016921043396,-0.19842179119586945,0.9992347359657288,0.4568668305873871,0.4734950363636017,-0.1984325796365738,0.9992645978927612,0.4950542449951172,0.4743930697441101,-0.16982223093509674,0.9994266033172607,0.46011096239089966,0.4768165051937103,-0.02097941003739834,0.9992843270301819,0.4802356958389282,0.4856434166431427,-0.19351598620414734,0.9995936155319214,0.4652649760246277,0.487365186214447,-0.15058505535125732,0.9991821050643921,0.5485308766365051,0.5084549188613892,-0.16487547755241394,0.9999392628669739,0.42874395847320557,0.523517370223999,0.18222478032112122,0.9984316229820251,0.5313470363616943,0.5436806082725525,-0.3955492079257965,0.9851211905479431,0.40484753251075745,0.5527380704879761,0.42693275213241577,0.5219369530677795,0.47842836380004883,0.5058813691139221,-0.5206261873245239,0.9777727127075195,0.4263176918029785,0.5118585824966431,0.5977928638458252,0.6014798283576965,0.47587850689888,0.49323052167892456,-0.5463939309120178,0.957606852054596,0.4359751343727112,0.49464261531829834,0.6267901062965393,0.574148952960968,0.47771018743515015,0.489978551864624,-0.5360069274902344,0.9526605606079102,0.44063642621040344,0.49145689606666565,0.6289743781089783,0.5660149455070496,0.4777837097644806,0.49451354146003723,-0.5158085823059082,0.9193984270095825,0.43735331296920776,0.49888285994529724,0.6021896004676819,0.5429898500442505,0.47442394495010376,0.6278520822525024,-0.10749463737010956,0.99983811378479,0.4179302155971527,0.6104528307914734,0.10791998356580734,0.9995405673980713,0.4572337865829468,0.7092325687408447,-0.14759542047977448,0.9875320196151733,0.319452702999115,0.5695779323577881,-0.3173395097255707,0.9541652202606201,0.47362494468688965,0.806652843952179,-0.13938169181346893,0.9939889311790466,0.2770897150039673,0.6627732515335083,-0.2579769194126129,0.9142604470252991,0.4857781231403351,0.82329922914505,-0.14475072920322418,0.9315429925918579,0.28670504689216614,0.6832953095436096,-0.25852498412132263,0.8885381817817688,0.43777701258659363,0.8367206454277039,-0.37006521224975586,0.9884196519851685,0.20964115858078003,0.6759417653083801,-0.4144258201122284,0.9172644019126892
IMG_9584 6,15,500,good,0.4682687520980835,0.48096251487731934,-0.1367875188589096,0.9997320771217346,0.4750024378299713,0.4732576012611389,-0.15105020999908447,0.9996263980865479,0.47955694794654846,0.4728553891181946,-0.1511891782283783,0.9997181296348572,0.48405778408050537,0.47238674759864807,-0.15136580169200897,0.9997888207435608,0.4643048048019409,0.4744594991207123,-0.11215411126613617,0.9993798136711121,0.4618232548236847,0.47487667202949524,-0.11216486990451813,0.9992634057998657,0.4595068395137787,0.4751620292663574,-0.11219396442174911,0.999281644821167,0.4952096939086914,0.4752057194709778,-0.11615410447120667,0.9994611144065857,0.46485355496406555,0.4782724976539612,0.062396395951509476,0.9992899894714355,0.4802051782608032,0.4883248805999756,-0.11793997138738632,0.9995936155319214,0.4670359492301941,0.48947253823280334,-0.0660882219672203,0.9991658329963684,0.5527921915054321,0.5093159675598145,-0.12086040526628494,0.9999383091926575,0.43323490023612976,0.5235052108764648,0.21491841971874237,0.998443603515625,0.5318610668182373,0.5442586541175842,-0.38064631819725037,0.9841745495796204,0.40481698513031006,0.5533077716827393,0.18981462717056274,0.5053365230560303,0.478512167930603,0.5069063305854797,-0.5168399214744568,0.9751014113426208,0.43784698843955994,0.5090988278388977,0.0008544914308004081,0.5910364389419556,0.4758653938770294,0.4936683773994446,-0.5483324527740479,0.95307457447052,0.450358122587204,0.48820236325263977,-0.021367328241467476,0.5588811635971069,0.4778333306312561,0.4926181137561798,-0.5279686450958252,0.9468955397605896,0.4538212716579437,0.48862117528915405,-0.0006351977935992181,0.548112154006958,0.47825267910957336,0.4976406395435333,-0.5076258182525635,0.9098415374755859,0.4492807984352112,0.4961070120334625,0.0019239818211644888,0.5249744057655334,0.47176724672317505,0.6283127665519714,-0.10878274589776993,0.999842643737793,0.41789165139198303,0.608523428440094,0.10912954062223434,0.9995666146278381,0.4571201205253601,0.709267795085907,-0.15842600166797638,0.98867267370224,0.3208051323890686,0.5623946785926819,-0.29069995880126953,0.9579564332962036,0.47377967834472656,0.8066705465316772,-0.18771253526210785,0.9944383502006531,0.22805292904376984,0.6404474973678589,-0.18989360332489014,0.9211241602897644,0.4832286834716797,0.8234243988990784,-0.19668841361999512,0.9355091452598572,0.22955425083637238,0.6634561419487,-0.19113634526729584,0.8975385427474976,0.44185033440589905,0.8367472887039185,-0.417050302028656,0.9891012907028198,0.15246163308620453,0.6310877799987793,-0.32630056142807007,0.9237310886383057
IMG_9584 6,16,533,good,0.46749910712242126,0.4823353886604309,-0.1055140420794487,0.9997296333312988,0.47389405965805054,0.47431573271751404,-0.11672361940145493,0.9996444582939148,0.47824469208717346,0.4738190770149231,-0.11688566952943802,0.9997284412384033,0.4825296998023987,0.47324249148368835,-0.11703471094369888,0.9997955560684204,0.46429380774497986,0.4756883978843689,-0.08076512813568115,0.9994097352027893,0.4619493782520294,0.4761205017566681,-0.08079759031534195,0.9993011951446533,0.4600433111190796,0.47643062472343445,-0.08086740970611572,0.9993135929107666,0.49517759680747986,0.47532379627227783,-0.10915589332580566,0.9994964599609375,0.4670107662677765,0.47937852144241333,0.08616713434457779,0.9993122816085815,0.480074405670166,0.48962926864624023,-0.08656375110149384,0.9996025562286377,0.46797624230384827,0.49057987332344055,-0.038395144045352936,0.9991897940635681,0.5547972321510315,0.5097092986106873,-0.10647371411323547,0.9999398589134216,0.4370773136615753,0.5234513282775879,0.21779677271842957,0.9985126852989197,0.5314894914627075,0.5453511476516724,-0.3774198293685913,0.9833288788795471,0.40493714809417725,0.5561986565589905,0.15144027769565582,0.4812700152397156,0.4784843623638153,0.5071735978126526,-0.5448908805847168,0.973374605178833,0.436949759721756,0.5147871375083923,-0.08168776333332062,0.5675121545791626,0.47540080547332764,0.4938918650150299,-0.5850308537483215,0.9508398175239563,0.4449537992477417,0.4983689785003662,-0.11082202941179276,0.5342063307762146,0.47786492109298706,0.49335840344429016,-0.5592806339263916,0.9440625309944153,0.45207083225250244,0.49725452065467834,-0.10197778791189194,0.5226263403892517,0.4782675802707672,0.49777400493621826,-0.5346762537956238,0.9039598107337952,0.4506344795227051,0.5019015073776245,-0.0856110006570816,0.4998120069503784,0.46907955408096313,0.6293280720710754,-0.10728117823600769,0.9998515248298645,0.4167686700820923,0.6079217791557312,0.1076405867934227,0.9995977878570557,0.45700713992118835,0.7106002569198608,-0.1598035991191864,0.9897298812866211,0.3206961154937744,0.557780921459198,-0.2706158459186554,0.9613611102104187,0.47379070520401,0.8066067099571228,-0.17457215487957,0.9948660135269165,0.1881842315196991,0.6139200329780579,-0.3159940540790558,0.9278724193572998,0.4819338619709015,0.8233240842819214,-0.18220746517181396,0.9393300414085388,0.17822708189487457,0.6267355680465698,-0.3249800503253937,0.9061254858970642,0.4425455331802368,0.8362697958946228,-0.3954918682575226,0.9897456169128418,0.11444675177335739,0.5902097225189209,-0.4651695787906647,0.9302089810371399
IMG_9584 6,17,566,good,0.4674950838088989,0.48241856694221497,-0.0710260421037674,0.9997453093528748,0.4740244150161743,0.4745352268218994,-0.07486824691295624,0.9996718168258667,0.47845470905303955,0.4740457236766815,-0.0750744417309761,0.9997485280036926,0.4828968644142151,0.4734707772731781,-0.07521101832389832,0.9998096227645874,0.46448448300361633,0.47592079639434814,-0.04103952273726463,0.9994547963142395,0.4621524512767792,0.4763837158679962,-0.04107312485575676,0.999358594417572,0.46027809381484985,0.47676774859428406,-0.04112531244754791,0.9993685483932495,0.496152400970459,0.4756765067577362,-0.04031801596283913,0.9995418190956116,0.4683168828487396,0.4799622893333435,0.12860307097434998,0.9993633031845093,0.4801924526691437,0.48967647552490234,-0.04942413419485092,0.9996324181556702,0.4684221148490906,0.4908672273159027,-0.004109781235456467,0.9992533922195435,0.5558558106422424,0.5105929374694824,-0.06340336054563522,0.9999450445175171,0.4386652410030365,0.5242539048194885,0.25433510541915894,0.9986390471458435,0.5311471223831177,0.545711874961853,-0.3517923951148987,0.9833617806434631,0.40554967522621155,0.5573264956474304,0.15631498396396637,0.4581858813762665,0.47957855463027954,0.5087047219276428,-0.5520951747894287,0.9720152020454407,0.43287065625190735,0.5210310220718384,-0.1226569265127182,0.5349085330963135,0.4761732220649719,0.4952116906642914,-0.5944229364395142,0.9492829442024231,0.44192448258399963,0.508637011051178,-0.16054964065551758,0.5026759505271912,0.4789257049560547,0.49465855956077576,-0.5665909647941589,0.9421796798706055,0.4440297782421112,0.5041460394859314,-0.15208736062049866,0.4912421703338623,0.47916385531425476,0.4988365173339844,-0.5413868427276611,0.8995824456214905,0.4444234371185303,0.5105664134025574,-0.12869608402252197,0.46891045570373535,0.4691758453845978,0.6293266415596008,-0.1059141755104065,0.9998616576194763,0.4164820611476898,0.6077871918678284,0.10608740150928497,0.9996303915977478,0.45678359270095825,0.7106961011886597,-0.18559867143630981,0.9906365871429443,0.31619274616241455,0.56806480884552,-0.3721048831939697,0.9646921753883362,0.47378718852996826,0.8061338663101196,-0.23597504198551178,0.9947748780250549,0.1464669108390808,0.5892677307128906,-0.6161178946495056,0.9344780445098877,0.4822714924812317,0.8231070041656494,-0.24682453274726868,0.9361725449562073,0.12066221982240677,0.6023882627487183,-0.6429505944252014,0.914566695690155,0.4440236985683441,0.8359926342964172,-0.4525107443332672,0.9894953370094299,0.10769324004650116,0.5432098507881165,-0.8131261467933655,0.9367818832397461
IMG_9584 6,18,600,good,0.46703627705574036,0.48328810930252075,-0.07962456345558167,0.9997612237930298,0.4740006923675537,0.47529271245002747,-0.08170310407876968,0.9996941089630127,0.4783480167388916,0.47484561800956726,-0.08191662281751633,0.9997649788856506,0.4827984869480133,0.47435489296913147,-0.08205445855855942,0.9998198747634888,0.4650748372077942,0.47639894485473633,-0.04908145219087601,0.9994916319847107,0.46344897150993347,0.4767366647720337,-0.04911110922694206,0.9994080066680908,0.46185043454170227,0.47695910930633545,-0.049159158021211624,0.9994164705276489,0.49634841084480286,0.4764217138290405,-0.04137234389781952,0.9995787143707275,0.4705991744995117,0.48009592294692993,0.11482811719179153,0.9994099140167236,0.4797070026397705,0.4908306300640106,-0.05836214870214462,0.9996587038040161,0.46885946393013,0.4916885793209076,-0.015153776854276657,0.9993160963058472,0.5569609999656677,0.5115419030189514,-0.06266770511865616,0.9999497532844543,0.4384286105632782,0.5241121053695679,0.2410988062620163,0.9987674355506897,0.5304498672485352,0.5488619208335876,-0.33898600935935974,0.9832762479782104,0.40523889660835266,0.5601822137832642,0.18017548322677612,0.42863261699676514,0.47838687896728516,0.5097882151603699,-0.5280762314796448,0.9702533483505249,0.4289660155773163,0.554653525352478,-0.06724120676517487,0.49290746450424194,0.4744085669517517,0.49634453654289246,-0.5709370374679565,0.9472739696502686,0.4389433264732361,0.5539775490760803,-0.09995462000370026,0.4647125005722046,0.47837206721305847,0.49480393528938293,-0.5461297631263733,0.9400184750556946,0.42327165603637695,0.5527217984199524,-0.10853417217731476,0.45438167452812195,0.4788597822189331,0.49880263209342957,-0.5188551545143127,0.8945528864860535,0.42650511860847473,0.550234854221344,-0.07833821326494217,0.433297723531723,0.46972519159317017,0.6293171644210815,-0.09715795516967773,0.9998708367347717,0.41510871052742004,0.6064583659172058,0.09725344181060791,0.9996629953384399,0.45694679021835327,0.711115300655365,-0.18573573231697083,0.9912847280502319,0.3170141279697418,0.5738495588302612,-0.5127033591270447,0.9676353931427002,0.4743363559246063,0.8061486482620239,-0.2289789468050003,0.9939537048339844,0.14199014008045197,0.5762870907783508,-0.8200692534446716,0.9403725266456604,0.4823249578475952,0.8232414722442627,-0.2394823133945465,0.9279844760894775,0.1127670556306839,0.5884182453155518,-0.851897120475769,0.9220553636550903,0.4462495744228363,0.8360180854797363,-0.43858689069747925,0.9886051416397095,0.10806933790445328,0.5284885168075562,-1.0390208959579468,0.9427984356880188
IMG_9584 6,19,633,good,0.46704381704330444,0.4838874042034149,-0.10109107941389084,0.9997680187225342,0.4742421507835388,0.4759128987789154,-0.10041186213493347,0.9997068643569946,0.4785178303718567,0.4754960834980011,-0.10059573501348495,0.9997740983963013,0.4829091429710388,0.47503793239593506,-0.10073529928922653,0.9998235702514648,0.46574729681015015,0.47677189111709595,-0.07109673321247101,0.9995117783546448,0.46430233120918274,0.47696951031684875,-0.07112102210521698,0.999441385269165,0.46290653944015503,0.4771021604537964,-0.07116516679525375,0.9994479417800903,0.49668312072753906,0.47686588764190674,-0.04686548188328743,0.9996081590652466,0.47073283791542053,0.48017892241477966,0.09832776337862015,0.9994327425956726,0.47968563437461853,0.4916636049747467,-0.07375819236040115,0.9996752142906189,0.46926960349082947,0.4921167492866516,-0.03453109413385391,0.9993630051612854,0.5576888918876648,0.512906014919281,-0.06398402154445648,0.9999534487724304,0.4386262595653534,0.5240259766578674,0.23420612514019012,0.9988741278648376,0.5282294750213623,0.550001323223114,-0.3338988721370697,0.9824736714363098,0.40561434626579285,0.5618227124214172,0.1711057871580124,0.3983675539493561,0.47746479511260986,0.5111649632453918,-0.5256147384643555,0.9675226807594299,0.4333013594150543,0.552604615688324,-0.10151184350252151,0.4529373049736023,0.4719262421131134,0.4981229305267334,-0.5676082968711853,0.9440738558769226,0.44369107484817505,0.5506294965744019,-0.1380036622285843,0.42839327454566956,0.4772072732448578,0.49532511830329895,-0.544102132320404,0.9366024732589722,0.43708881735801697,0.5456403493881226,-0.14083172380924225,0.4188756048679352,0.4774003326892853,0.49950844049453735,-0.5163136720657349,0.8877863883972168,0.436416894197464,0.5459216833114624,-0.1105237603187561,0.39897283911705017,0.47061097621917725,0.6288623809814453,-0.0964244082570076,0.9998759031295776,0.4151598811149597,0.6056231260299683,0.09651676565408707,0.9996907711029053,0.457093745470047,0.7113077640533447,-0.17853419482707977,0.9919707775115967,0.31502243876457214,0.5770344734191895,-0.5242864489555359,0.9705061912536621,0.47484084963798523,0.8062127232551575,-0.20811958611011505,0.9935261607170105,0.1461082249879837,0.5714097619056702,-0.8606032729148865,0.9459226131439209,0.48437002301216125,0.8224512338638306,-0.2174416482448578,0.9184964895248413,0.10925580561161041,0.5809007287025452,-0.8961765170097351,0.9290760159492493,0.4466764032840729,0.8371222615242004,-0.4220477342605591,0.9880350828170776,0.105864018201828,0.5249818563461304,-1.0909209251403809,0.9483182430267334
IMG_9584 6,20,666,good,0.4713074564933777,0.48445382714271545,-0.12478592246770859,0.9997875690460205,0.4790407419204712,0.4765545725822449,-0.11576223373413086,0.9997316598892212,0.4831959009170532,0.47624674439430237,-0.11599705368280411,0.9997925162315369,0.4873174726963043,0.47586002945899963,-0.11613193154335022,0.9998372793197632,0.47053495049476624,0.4769947826862335,-0.09146007895469666,0.999553918838501,0.4685779809951782,0.4770126938819885,-0.09150635451078415,0.9994911551475525,0.4665413498878479,0.477011501789093,-0.09157174825668335,0.9994975924491882,0.5000251531600952,0.4775393605232239,-0.045302823185920715,0.999642550945282,0.47144052386283875,0.4799990952014923,0.09408636391162872,0.9994821548461914,0.4815521240234375,0.4920560419559479,-0.08187428116798401,0.9997033476829529,0.47115641832351685,0.4921969771385193,-0.04958689957857132,0.9994226098060608,0.5578836798667908,0.5138459205627441,-0.04233985021710396,0.9999573826789856,0.4380672872066498,0.5239048004150391,0.2319338470697403,0.9989829659461975,0.5268347859382629,0.55080646276474,-0.2791293263435364,0.982060968875885,0.40514981746673584,0.5646679997444153,0.14819350838661194,0.3829296827316284,0.4764379858970642,0.511247992515564,-0.5152934193611145,0.9665435552597046,0.4046882092952728,0.5668984651565552,-0.17424309253692627,0.4251898527145386,0.4709453880786896,0.49812355637550354,-0.5629947185516357,0.9432665705680847,0.4086863100528717,0.5779654383659363,-0.22225217521190643,0.4041995108127594,0.4767380356788635,0.49527326226234436,-0.5388376116752625,0.9359056353569031,0.41018837690353394,0.5687317848205566,-0.23832157254219055,0.39586687088012695,0.4768945872783661,0.49945199489593506,-0.5096060633659363,0.8860272169113159,0.4183613955974579,0.5665279030799866,-0.1892620027065277,0.37633129954338074,0.47126689553260803,0.627151370048523,-0.08766230940818787,0.999883770942688,0.41471049189567566,0.6041343212127686,0.08766394108533859,0.9997185468673706,0.4571528136730194,0.7114073634147644,-0.17979796230793,0.9925269484519958,0.31371599435806274,0.5798993110656738,-0.5508013963699341,0.9730724692344666,0.4754520654678345,0.8063648343086243,-0.23097744584083557,0.9931178092956543,0.1425172984600067,0.5774340033531189,-0.9039793014526367,0.9508458971977234,0.48460766673088074,0.8223388195037842,-0.24382740259170532,0.9109360575675964,0.10584927350282669,0.5881179571151733,-0.940565288066864,0.9351808428764343,0.4479653239250183,0.8374086022377014,-0.4522024989128113,0.9876209497451782,0.10467636585235596,0.528904139995575,-1.1387717723846436,0.9532560110092163
IMG_9584 6,21,700,good,0.471848726272583,0.48429903388023376,-0.14411981403827667,0.9998083710670471,0.48021894693374634,0.4764792323112488,-0.13384030759334564,0.9997580051422119,0.484518438577652,0.47609806060791016,-0.13407811522483826,0.9998127222061157,0.48891404271125793,0.47566699981689453,-0.13420605659484863,0.9998530745506287,0.4713517129421234,0.4766687750816345,-0.10954425483942032,0.9995977878570557,0.46930813789367676,0.4765320420265198,-0.10961504280567169,0.9995414018630981,0.46726784110069275,0.47640955448150635,-0.1096651554107666,0.9995473027229309,0.5022040605545044,0.4774162173271179,-0.0473826639354229,0.9996775388717651,0.4723115861415863,0.4798789918422699,0.08578376471996307,0.9995333552360535,0.48203688859939575,0.4919714629650116,-0.09932514280080795,0.9997324347496033,0.47142893075942993,0.49174681305885315,-0.06773112714290619,0.9994798898696899,0.5581133961677551,0.5139747858047485,-0.030215444043278694,0.9999613165855408,0.4377160668373108,0.5227392911911011,0.20142534375190735,0.9990841150283813,0.5246492624282837,0.5510096549987793,-0.27841851115226746,0.982574462890625,0.4037046432495117,0.564468264579773,0.08233962953090668,0.4061709940433502,0.4752362370491028,0.5112589001655579,-0.5319501757621765,0.9675868153572083,0.3977205157279968,0.5680777430534363,-0.2693561017513275,0.43349984288215637,0.46952030062675476,0.4982343316078186,-0.5901538729667664,0.9450632929801941,0.39452388882637024,0.5797228813171387,-0.32608431577682495,0.4101249873638153,0.47592830657958984,0.4952138066291809,-0.5693507194519043,0.9379985928535461,0.4055026173591614,0.5708392262458801,-0.3407452404499054,0.40208280086517334,0.47670891880989075,0.4994293749332428,-0.5268986821174622,0.8889216780662537,0.41031578183174133,0.5678515434265137,-0.2837841808795929,0.3798882067203522,0.47146841883659363,0.6260734796524048,-0.07358848303556442,0.9998939037322998,0.4132377505302429,0.6038685441017151,0.0735686719417572,0.9997458457946777,0.457275927066803,0.711430549621582,-0.1986091285943985,0.9929452538490295,0.3094981014728546,0.5832054018974304,-0.6147695779800415,0.9754621982574463,0.47515174746513367,0.806714653968811,-0.28030216693878174,0.9922616481781006,0.13613060116767883,0.5912202596664429,-1.0014899969100952,0.9552255272865295,0.47478654980659485,0.8253313302993774,-0.2980491816997528,0.9046713709831238,0.10143175721168518,0.6020429730415344,-1.0419055223464966,0.9404684901237488,0.4566948711872101,0.835695743560791,-0.5103167295455933,0.986678957939148,0.10658523440361023,0.5428932309150696,-1.2545506954193115,0.9577018618583679
IMG_9584 6,22,733,good,0.472603440284729,0.48414233326911926,-0.15651367604732513,0.999825119972229,0.4810909032821655,0.47619250416755676,-0.1499248892068863,0.9997789859771729,0.4855598211288452,0.47577929496765137,-0.1501603126525879,0.9998283982276917,0.49017831683158875,0.47531092166900635,-0.15027835965156555,0.9998648762702942,0.4717181622982025,0.4763209819793701,-0.12524102628231049,0.9996335506439209,0.46955370903015137,0.4761238396167755,-0.12530140578746796,0.9995832443237305,0.46747025847435,0.47596117854118347,-0.12535881996154785,0.9995892643928528,0.5034404993057251,0.47672775387763977,-0.058353595435619354,0.9997053742408752,0.4723898470401764,0.47934532165527344,0.06618186831474304,0.9995751976966858,0.48327499628067017,0.4916955530643463,-0.1133798360824585,0.9997563362121582,0.47197747230529785,0.49129509925842285,-0.08075353503227234,0.9995294809341431,0.5585595369338989,0.513752818107605,-0.036176811903715134,0.9999645352363586,0.43801724910736084,0.5201740264892578,0.20018690824508667,0.9991743564605713,0.5246033668518066,0.5521200299263,-0.2644404470920563,0.9825836420059204,0.40400323271751404,0.5650327205657959,0.12710796296596527,0.41249075531959534,0.4744779169559479,0.5114119648933411,-0.49615636467933655,0.9668877124786377,0.3994424641132355,0.5699074864387512,-0.16138580441474915,0.4370688498020172,0.4688622057437897,0.498222291469574,-0.5492987632751465,0.9442777037620544,0.39725369215011597,0.5757502913475037,-0.20647332072257996,0.41413384675979614,0.47573593258857727,0.495040625333786,-0.527513325214386,0.9371762275695801,0.40628719329833984,0.5719695687294006,-0.22145335376262665,0.4067132771015167,0.47617271542549133,0.4993670582771301,-0.4893414080142975,0.8866623640060425,0.4102094769477844,0.5693430304527283,-0.174410879611969,0.38113319873809814,0.4717443287372589,0.6258857250213623,-0.07505206018686295,0.9999011158943176,0.4132135212421417,0.6039760708808899,0.07506927102804184,0.9997696280479431,0.4572794437408447,0.7114402055740356,-0.15677572786808014,0.9932898283004761,0.3055098056793213,0.586356520652771,-0.5770809054374695,0.9774567484855652,0.47515180706977844,0.8066134452819824,-0.1737750619649887,0.9917351603507996,0.134349063038826,0.6007822751998901,-0.9113247394561768,0.958996593952179,0.47581085562705994,0.8240570425987244,-0.1830166131258011,0.8934280276298523,0.10573156177997589,0.6138226985931396,-0.9452771544456482,0.9445722699165344,0.4554539918899536,0.8357157707214355,-0.3894708752632141,0.9856823682785034,0.09705336391925812,0.5600107312202454,-1.1482343673706055,0.9615771174430847
IMG_9584 6,23,766,good,0.47968247532844543,0.4820181429386139,-0.13159050047397614,0.999841034412384,0.4873620569705963,0.4740971624851227,-0.11759576201438904,0.9997990131378174,0.49219444394111633,0.4735908806324005,-0.11780596524477005,0.9998434782028198,0.4968228340148926,0.47307318449020386,-0.11796138435602188,0.9998767375946045,0.47582030296325684,0.4747408926486969,-0.09897953271865845,0.9996673464775085,0.4727935492992401,0.47471973299980164,-0.09902103990316391,0.9996218085289001,0.4700222611427307,0.47467243671417236,-0.09901843965053558,0.9996278882026672,0.508921205997467,0.4746600389480591,-0.003986592870205641,0.9997307062149048,0.4727586805820465,0.47815755009651184,0.09141301363706589,0.999613344669342,0.4912051260471344,0.4890108108520508,-0.08220909535884857,0.9997779726982117,0.47590360045433044,0.4897242784500122,-0.056893184781074524,0.9995738863945007,0.5591638088226318,0.5130395293235779,0.00912505853921175,0.9999668598175049,0.4382234215736389,0.5189482569694519,0.23752281069755554,0.9992536902427673,0.5245285034179688,0.5524057745933533,-0.2031746506690979,0.9824408292770386,0.4047066867351532,0.565220832824707,0.2669678330421448,0.4245864450931549,0.4745849668979645,0.5101360082626343,-0.39173808693885803,0.9672365188598633,0.4015566110610962,0.5711107850074768,0.08292340487241745,0.44737133383750916,0.46942439675331116,0.4959558844566345,-0.43720731139183044,0.9451389312744141,0.4003167748451233,0.5758657455444336,0.05371113494038582,0.42301100492477417,0.4758259952068329,0.4933180510997772,-0.419344961643219,0.9381038546562195,0.40705862641334534,0.5663941502571106,0.03512919321656227,0.4162784814834595,0.4763176739215851,0.4973856508731842,-0.3863544166088104,0.8879278898239136,0.4104069173336029,0.5643148422241211,0.07117117941379547,0.3880549669265747,0.4724762737751007,0.6258957386016846,-0.07569698244333267,0.9999064803123474,0.41381263732910156,0.604335606098175,0.0757749080657959,0.9997892379760742,0.45740175247192383,0.7114639282226562,-0.15895549952983856,0.9933996200561523,0.30721309781074524,0.5933766961097717,-0.5074700117111206,0.9792033433914185,0.4751458168029785,0.8074195981025696,-0.15426217019557953,0.991750180721283,0.14521802961826324,0.6286906003952026,-0.720665454864502,0.9622465968132019,0.4748670756816864,0.8253775835037231,-0.15999364852905273,0.8890610933303833,0.1206900104880333,0.649819016456604,-0.7437644600868225,0.9471981525421143,0.4549982249736786,0.8357082009315491,-0.36178022623062134,0.9854205250740051,0.08723374456167221,0.5909515619277954,-0.9236574172973633,0.9646981954574585
IMG_9584 6,24,800,good,0.48105350136756897,0.48164287209510803,-0.13168850541114807,0.9998548030853271,0.4885328412055969,0.4733600914478302,-0.12003973871469498,0.9998152256011963,0.49334412813186646,0.4727914035320282,-0.12025526911020279,0.999855101108551,0.4979887902736664,0.47218531370162964,-0.12040916830301285,0.9998859763145447,0.47661590576171875,0.47415637969970703,-0.09938246756792068,0.9996960759162903,0.4734029471874237,0.4741548001766205,-0.09942605346441269,0.9996544122695923,0.4703560471534729,0.4740886986255646,-0.09943947196006775,0.9996610879898071,0.5094865560531616,0.4734802842140198,-0.017547130584716797,0.9997482299804688,0.4727163314819336,0.47698646783828735,0.0888432189822197,0.9996450543403625,0.4921511709690094,0.4884120523929596,-0.08625830709934235,0.9997962117195129,0.47666093707084656,0.48933282494544983,-0.058145489543676376,0.9996126294136047,0.5594059824943542,0.5125934481620789,-0.011416641995310783,0.9999685883522034,0.438046395778656,0.5178552865982056,0.24492809176445007,0.9993255734443665,0.5249364376068115,0.5523816347122192,-0.2358541637659073,0.982880175113678,0.40533044934272766,0.5649908185005188,0.26701611280441284,0.43207454681396484,0.47678861021995544,0.5098751187324524,-0.4444817900657654,0.967872679233551,0.4017515182495117,0.5728392004966736,0.04320904240012169,0.45632147789001465,0.47391512989997864,0.49598217010498047,-0.51200270652771,0.9462438225746155,0.3951614797115326,0.5837430953979492,0.007771074306219816,0.43113967776298523,0.48018351197242737,0.4933047294616699,-0.5006664991378784,0.9394137263298035,0.40647193789482117,0.5754523277282715,-0.015199150890111923,0.42568036913871765,0.47941046953201294,0.4973893165588379,-0.44790181517601013,0.8895882368087769,0.40998855233192444,0.5727226734161377,0.027952874079346657,0.39589110016822815,0.4730035066604614,0.6261283159255981,-0.0814073383808136,0.9999091625213623,0.41387489438056946,0.6044265627861023,0.08146943897008896,0.9998071193695068,0.4575057029724121,0.7115798592567444,-0.14516247808933258,0.9935455322265625,0.30572381615638733,0.6023317575454712,-0.4436511993408203,0.9807253479957581,0.4757249057292938,0.8076632618904114,-0.09825443476438522,0.9920260310173035,0.16004984080791473,0.6594222784042358,-0.5320584177970886,0.9652002453804016,0.47645869851112366,0.8253213763237,-0.10128645598888397,0.8876796960830688,0.1431066393852234,0.6830245852470398,-0.5453969240188599,0.950022280216217,0.4525161385536194,0.8358842134475708,-0.3115738332271576,0.9856500029563904,0.09284936636686325,0.6352629065513611,-0.7233636379241943,0.9674195051193237
IMG_9584 6,25,833,good,0.4833967387676239,0.48154813051223755,-0.132144957780838,0.9998661875724792,0.4904366433620453,0.4732973873615265,-0.12187109887599945,0.9998288154602051,0.495237797498703,0.4727241098880768,-0.12207923084497452,0.9998645186424255,0.49991852045059204,0.47213131189346313,-0.12222862243652344,0.9998936653137207,0.4775693416595459,0.47409579157829285,-0.10005835443735123,0.9997209310531616,0.4740099608898163,0.4741078019142151,-0.10009676963090897,0.9996820688247681,0.4705698490142822,0.4740302264690399,-0.10011196881532669,0.999689519405365,0.5102669596672058,0.47339460253715515,-0.02285461686551571,0.999762237071991,0.4725356101989746,0.47664064168930054,0.08878940343856812,0.9996733069419861,0.4940858483314514,0.4879555404186249,-0.08814158290624619,0.9998090863227844,0.47736844420433044,0.48929598927497864,-0.058357689529657364,0.9996439218521118,0.5592836141586304,0.5104959607124329,-0.014366296119987965,0.9999698400497437,0.4377122223377228,0.5170198082923889,0.25202250480651855,0.9993873834609985,0.5254396200180054,0.5478678345680237,-0.26447349786758423,0.983488917350769,0.40531444549560547,0.5634129047393799,0.2882848083972931,0.44956889748573303,0.4769953489303589,0.5080603361129761,-0.4743005335330963,0.9691897034645081,0.4009054899215698,0.5732987523078918,0.10160558670759201,0.478595107793808,0.4740266799926758,0.49392813444137573,-0.5387649536132812,0.9484455585479736,0.3911702334880829,0.5852218866348267,0.07385572791099548,0.4485134780406952,0.480007141828537,0.49156489968299866,-0.5252724289894104,0.9418749213218689,0.40607011318206787,0.5775035619735718,0.04933289811015129,0.4433337450027466,0.4799653887748718,0.4955196678638458,-0.47567886114120483,0.8935644030570984,0.4091428518295288,0.5750135183334351,0.08687182515859604,0.4128604531288147,0.47587132453918457,0.6254158020019531,-0.09122487157583237,0.999912679195404,0.4162346422672272,0.6046566367149353,0.09135635942220688,0.9998219013214111,0.4578501880168915,0.7109535932540894,-0.15856923162937164,0.9937141537666321,0.3063531517982483,0.6072066426277161,-0.331316739320755,0.9819856286048889,0.4761505722999573,0.8079982399940491,-0.1300845891237259,0.9923353791236877,0.17383605241775513,0.6821924448013306,-0.31303319334983826,0.9677647948265076,0.47663256525993347,0.8254584670066833,-0.13524508476257324,0.8899146914482117,0.17592661082744598,0.70616614818573,-0.31583383679389954,0.9524154663085938,0.45174574851989746,0.8359094858169556,-0.34422457218170166,0.9859119057655334,0.10670138895511627,0.6800351738929749,-0.48358771204948425,0.9694875478744507
IMG_9584 6,26,866,good,0.4858587086200714,0.47982749342918396,-0.12824493646621704,0.9998781681060791,0.4921337068080902,0.4719558656215668,-0.1151452288031578,0.9998430609703064,0.4970596730709076,0.47156888246536255,-0.11531544476747513,0.9998754858970642,0.5018043518066406,0.4711180031299591,-0.11546223610639572,0.9999022483825684,0.47829899191856384,0.4726601541042328,-0.09588699042797089,0.9997456073760986,0.47433510422706604,0.4727611541748047,-0.0959249958395958,0.9997100234031677,0.4706268012523651,0.472737193107605,-0.09592839330434799,0.9997173547744751,0.5110114812850952,0.47261297702789307,-0.0014638788998126984,0.9997788667678833,0.4723674952983856,0.475014865398407,0.09066491574048996,0.9997023940086365,0.4965612292289734,0.4856196939945221,-0.08118384331464767,0.9998242259025574,0.4779926538467407,0.48787641525268555,-0.0555318258702755,0.9996761679649353,0.5591421723365784,0.5084181427955627,-0.006828701123595238,0.999971330165863,0.4369489848613739,0.5165595412254333,0.26450520753860474,0.9994447231292725,0.5249599814414978,0.5480782985687256,-0.2354789525270462,0.9843571782112122,0.40539929270744324,0.5632606148719788,0.3714807331562042,0.4565608501434326,0.4772905111312866,0.5071271061897278,-0.445774644613266,0.9708493947982788,0.39669346809387207,0.5771985650062561,0.26521727442741394,0.4857748746871948,0.47425344586372375,0.49396637082099915,-0.5029351711273193,0.9510527849197388,0.3875630497932434,0.5892433524131775,0.2466762363910675,0.45169296860694885,0.4806364178657532,0.49125856161117554,-0.49010059237480164,0.9448270797729492,0.3983563780784607,0.5851873159408569,0.21426892280578613,0.44667261838912964,0.48072299361228943,0.494964063167572,-0.4449740946292877,0.8986226320266724,0.4034997820854187,0.5794003009796143,0.24961768090724945,0.41630852222442627,0.47838619351387024,0.6244663000106812,-0.09373549371957779,0.9999156594276428,0.41933774948120117,0.6047857999801636,0.09398044645786285,0.999836802482605,0.4579178988933563,0.7101720571517944,-0.14608415961265564,0.9934073686599731,0.30936646461486816,0.6095351576805115,-0.3694087564945221,0.9829114675521851,0.4762420058250427,0.8080913424491882,-0.06857814639806747,0.9922664761543274,0.21742209792137146,0.6980550289154053,-0.346895307302475,0.9697258472442627,0.48165538907051086,0.8252671957015991,-0.06837842613458633,0.8889955878257751,0.22586588561534882,0.7177800536155701,-0.3460223376750946,0.9535654187202454,0.44543513655662537,0.8361170291900635,-0.273809015750885,0.9855176210403442,0.13864052295684814,0.7129058241844177,-0.5312439203262329,0.971027672290802
IMG_9584 6,27,900,good,0.4858871400356293,0.47809898853302,-0.14473874866962433,0.99988853931427,0.491993248462677,0.4702710211277008,-0.1276308000087738,0.9998544454574585,0.4969664514064789,0.46994391083717346,-0.12778644263744354,0.9998844265937805,0.5017786622047424,0.4695563316345215,-0.12788772583007812,0.9999089241027832,0.47807589173316956,0.47094184160232544,-0.11203837394714355,0.9997657537460327,0.47412562370300293,0.4710674285888672,-0.11206971853971481,0.9997331500053406,0.47053664922714233,0.4710458517074585,-0.11207757890224457,0.9997409582138062,0.5109974145889282,0.47122955322265625,-0.010429714806377888,0.9997910857200623,0.47155681252479553,0.4732320308685303,0.0742448940873146,0.9997281432151794,0.4969566762447357,0.483629047870636,-0.09277573972940445,0.9998371005058289,0.4779287278652191,0.4863643944263458,-0.07249180972576141,0.9997047185897827,0.5588926076889038,0.5069142580032349,-0.006337255239486694,0.9999729990959167,0.43585437536239624,0.5161255598068237,0.25522518157958984,0.9994978904724121,0.5245696306228638,0.5482189059257507,-0.2266724407672882,0.9852604269981384,0.4055052101612091,0.5633001327514648,0.430448055267334,0.47329404950141907,0.4772771894931793,0.5065031051635742,-0.4518182873725891,0.9727977514266968,0.3923089802265167,0.5842406749725342,0.40493303537368774,0.5046933889389038,0.47419077157974243,0.4939500391483307,-0.5100014209747314,0.9540618062019348,0.38287147879600525,0.5971401333808899,0.39611634612083435,0.4660613238811493,0.48049214482307434,0.49087291955947876,-0.5051931738853455,0.9482495188713074,0.3937801122665405,0.5910462141036987,0.36094963550567627,0.4612039029598236,0.4806578457355499,0.49440523982048035,-0.45116472244262695,0.9044657349586487,0.4012146294116974,0.5881559252738953,0.391230046749115,0.4300388693809509,0.4804646670818329,0.6235557198524475,-0.09076360613107681,0.9999186992645264,0.4207570552825928,0.6051720976829529,0.09110551327466965,0.999850869178772,0.458477258682251,0.7081699967384338,-0.1510746330022812,0.9923230409622192,0.3162049651145935,0.6146089434623718,-0.4720369875431061,0.9838122129440308,0.4766840636730194,0.8081309795379639,-0.07519656419754028,0.9915661811828613,0.2571474015712738,0.7154276967048645,-0.41646555066108704,0.9711013436317444,0.4864184260368347,0.8252463340759277,-0.07554799318313599,0.8777744174003601,0.26679620146751404,0.7359251976013184,-0.4173944890499115,0.9524646997451782,0.44186580181121826,0.8361667990684509,-0.29317507147789,0.9844415783882141,0.19560232758522034,0.7398465275764465,-0.6190163493156433,0.9722968935966492
IMG_9584 6,28,933,good,0.48535144329071045,0.4726548492908478,-0.11410293728113174,0.9998968243598938,0.49150508642196655,0.46548089385032654,-0.09733732044696808,0.9998629093170166,0.49643605947494507,0.46523937582969666,-0.09749840945005417,0.9998915791511536,0.5012125968933105,0.46500107645988464,-0.09763146191835403,0.9999145865440369,0.47787266969680786,0.46598371863365173,-0.08167818188667297,0.999779462814331,0.474018394947052,0.46603021025657654,-0.08170083165168762,0.9997490048408508,0.47041213512420654,0.46602633595466614,-0.08168711513280869,0.9997570514678955,0.5106821656227112,0.46810147166252136,0.01263330690562725,0.9998033046722412,0.47112125158309937,0.4694013297557831,0.08891871571540833,0.9997484683990479,0.49631816148757935,0.4789891541004181,-0.068514883518219,0.9998472929000854,0.4777053892612457,0.4816606640815735,-0.04865780472755432,0.9997273087501526,0.5586116313934326,0.505739688873291,0.011404437944293022,0.9999747276306152,0.43438366055488586,0.5151540040969849,0.257487416267395,0.999537467956543,0.5219208598136902,0.5485049486160278,-0.14685574173927307,0.9857341051101685,0.40706080198287964,0.563563346862793,0.45166903734207153,0.44503846764564514,0.47736024856567383,0.5055948495864868,-0.2869478464126587,0.9740903377532959,0.4129074513912201,0.5849562883377075,0.47334444522857666,0.47302860021591187,0.47409588098526,0.49191349744796753,-0.3267229497432709,0.9560198187828064,0.40964341163635254,0.5931735634803772,0.47214412689208984,0.43791866302490234,0.48088622093200684,0.4876469075679779,-0.3150559961795807,0.9504392743110657,0.409333735704422,0.5884771943092346,0.4393612742424011,0.43308398127555847,0.48114538192749023,0.492561399936676,-0.28387123346328735,0.908193051815033,0.4131962060928345,0.5854238271713257,0.46042925119400024,0.404317170381546,0.48244860768318176,0.6227037906646729,-0.08558746427297592,0.9999186992645264,0.4215526580810547,0.6052498817443848,0.08612838387489319,0.9998607635498047,0.45954012870788574,0.7067957520484924,-0.1355908215045929,0.9919849038124084,0.32594406604766846,0.6170706748962402,-0.5075511932373047,0.9850297570228577,0.4773729741573334,0.8082212805747986,-0.029854554682970047,0.9914267063140869,0.30015790462493896,0.7175538539886475,-0.41349318623542786,0.972653865814209,0.4881274104118347,0.825221598148346,-0.02849036082625389,0.8646514415740967,0.3205453157424927,0.7358037829399109,-0.4096655249595642,0.9509962797164917,0.43701308965682983,0.8378397822380066,-0.26318463683128357,0.983866274356842,0.26150721311569214,0.7554571628570557,-0.6115631461143494,0.9736530780792236
IMG_9584 6,29,966,good,0.4808783531188965,0.47310152649879456,-0.11799366772174835,0.9999023675918579,0.48846960067749023,0.4654475152492523,-0.10044459253549576,0.9998679757118225,0.4937501549720764,0.46508651971817017,-0.10047072917222977,0.9998950362205505,0.4989503026008606,0.4647383987903595,-0.10052128881216049,0.9999175667762756,0.47484487295150757,0.46608948707580566,-0.08335092663764954,0.9997878074645996,0.47100022435188293,0.46612727642059326,-0.08340068906545639,0.9997557997703552,0.4673466682434082,0.46609073877334595,-0.08342236280441284,0.9997652173042297,0.5102547407150269,0.4671185314655304,-0.02071121148765087,0.9998094439506531,0.4698010981082916,0.46875688433647156,0.08116816729307175,0.9997568130493164,0.4927133619785309,0.47923365235328674,-0.07039087265729904,0.9998534917831421,0.4750242531299591,0.48168158531188965,-0.05025560036301613,0.9997398257255554,0.5581236481666565,0.5047397017478943,-0.014476731419563293,0.9999746084213257,0.43624547123908997,0.5143561959266663,0.2546122074127197,0.9995608925819397,0.5193929076194763,0.550352931022644,-0.18831604719161987,0.9858408570289612,0.40855857729911804,0.5638800859451294,0.37447425723075867,0.437359094619751,0.4764575660228729,0.5057204365730286,-0.3311680853366852,0.9755553603172302,0.4168366491794586,0.5351328253746033,0.3261418044567108,0.4847959280014038,0.47153109312057495,0.4926303029060364,-0.3625856339931488,0.9581154584884644,0.41635826230049133,0.5236916542053223,0.3175710141658783,0.44297873973846436,0.4797672927379608,0.4882635176181793,-0.35189953446388245,0.9527413845062256,0.415745347738266,0.5198094248771667,0.3095102906227112,0.43581873178482056,0.47953495383262634,0.49300968647003174,-0.3266012966632843,0.9121569395065308,0.42016515135765076,0.5247005224227905,0.3202468156814575,0.4064093232154846,0.48529133200645447,0.6224103569984436,-0.0838407427072525,0.9999048709869385,0.4240324795246124,0.6061035394668579,0.08436403423547745,0.9998555779457092,0.4607470631599426,0.7063784003257751,-0.1300770342350006,0.9922338724136353,0.3278716206550598,0.6227061152458191,-0.402486652135849,0.9862517714500427,0.4761500060558319,0.8071023225784302,-0.029548123478889465,0.9918764233589172,0.33529335260391235,0.7155638337135315,-0.23858778178691864,0.9742924571037292,0.48860087990760803,0.8240777850151062,-0.0287043247371912,0.8670516610145569,0.3584754168987274,0.7280236482620239,-0.22866518795490265,0.9512869715690613,0.42807668447494507,0.8382890224456787,-0.2545138895511627,0.9844837784767151,0.30841565132141113,0.7577286958694458,-0.3971843421459198,0.9748988151550293
IMG_9584 6,30,1000,good,0.47776439785957336,0.4728003740310669,-0.14356103539466858,0.9998764395713806,0.48598384857177734,0.4647716283798218,-0.14047884941101074,0.9998077750205994,0.49152126908302307,0.4643188714981079,-0.14057216048240662,0.9998487234115601,0.4967121183872223,0.46386370062828064,-0.14066165685653687,0.9998820424079895,0.4725421369075775,0.4656141996383667,-0.118721604347229,0.9996966123580933,0.468732625246048,0.46567419171333313,-0.11873149126768112,0.9996376633644104,0.46528562903404236,0.4656640887260437,-0.11878468841314316,0.9996548295021057,0.5089851021766663,0.4660324156284332,-0.06967432051897049,0.9997195601463318,0.4683588743209839,0.46832209825515747,0.03694424405694008,0.9996610283851624,0.49048879742622375,0.47866636514663696,-0.10811468958854675,0.9998130798339844,0.4731236398220062,0.4814359247684479,-0.08001793920993805,0.9996590614318848,0.5574023723602295,0.5028578639030457,-0.060378964990377426,0.9999718070030212,0.43621206283569336,0.5134899020195007,0.20384490489959717,0.9995363354682922,0.5188277363777161,0.5503948926925659,-0.20474673807621002,0.9849340319633484,0.4118121862411499,0.5646666288375854,0.3585679531097412,0.4151453375816345,0.47525855898857117,0.5058014988899231,-0.35892316699028015,0.9757049679756165,0.4170696437358856,0.5245760083198547,0.35211750864982605,0.4774921238422394,0.4703519344329834,0.4927498400211334,-0.38807958364486694,0.9581748247146606,0.4174734354019165,0.5130844116210938,0.34979161620140076,0.43489041924476624,0.47865867614746094,0.48825475573539734,-0.37798914313316345,0.9527570605278015,0.4189160168170929,0.5076177716255188,0.3416734039783478,0.4261140823364258,0.47865384817123413,0.4924898147583008,-0.3543068766593933,0.9118411540985107,0.4208763539791107,0.5137547850608826,0.346926212310791,0.3962700068950653,0.4869590997695923,0.6221596598625183,-0.07987374812364578,0.9998822808265686,0.4243183135986328,0.6071218252182007,0.08034579455852509,0.9998269081115723,0.4623924493789673,0.7065012454986572,-0.12652994692325592,0.992517352104187,0.3292463421821594,0.6310994625091553,-0.3653419315814972,0.9873497486114502,0.47505098581314087,0.8067596554756165,-0.05025504156947136,0.9923946857452393,0.36318615078926086,0.7168928384780884,-0.13665512204170227,0.9750139117240906,0.4885334074497223,0.8230302333831787,-0.05193434655666351,0.8716798424720764,0.3850027918815613,0.7249797582626343,-0.11866438388824463,0.9494317173957825,0.42805612087249756,0.8385505080223083,-0.27276256680488586,0.9852800965309143,0.3460075557231903,0.7604802250862122,-0.25347593426704407,0.9753236174583435
IMG_9584 6,31,1033,good,0.4748718738555908,0.46984022855758667,-0.158778578042984,0.9998741745948792,0.4841027855873108,0.46228793263435364,-0.15046706795692444,0.9997939467430115,0.48956650495529175,0.4620276391506195,-0.15059559047222137,0.9998390078544617,0.4948773980140686,0.46175074577331543,-0.15070085227489471,0.9998756051063538,0.4705992043018341,0.46277400851249695,-0.13083213567733765,0.9996746778488159,0.46674489974975586,0.4628700017929077,-0.13081757724285126,0.9996060729026794,0.4631040394306183,0.46290093660354614,-0.1308627724647522,0.9996215105056763,0.5074793100357056,0.46485045552253723,-0.06321731209754944,0.9996908903121948,0.4660429358482361,0.4662342965602875,0.02973112463951111,0.9996419548988342,0.4868159592151642,0.4764440953731537,-0.12148986011743546,0.9998046159744263,0.4698968827724457,0.47885072231292725,-0.09603606164455414,0.999642014503479,0.5554946064949036,0.5013697147369385,-0.06657817214727402,0.9999715089797974,0.43588173389434814,0.5135905146598816,0.1932601034641266,0.9995291233062744,0.5184934139251709,0.55040043592453,-0.21210002899169922,0.9842408895492554,0.4127185046672821,0.5655890107154846,0.3919963240623474,0.3890164792537689,0.47430142760276794,0.5056336522102356,-0.36678290367126465,0.9765541553497314,0.41672569513320923,0.5380685329437256,0.4288500249385834,0.4603707790374756,0.46802905201911926,0.49285730719566345,-0.40420427918434143,0.9597227573394775,0.4244566261768341,0.5208809971809387,0.4298473000526428,0.42260119318962097,0.47727835178375244,0.4882594645023346,-0.39722591638565063,0.9546038508415222,0.42060497403144836,0.5094556212425232,0.40757209062576294,0.41385170817375183,0.47776782512664795,0.49219393730163574,-0.3607465326786041,0.9149488806724548,0.4209628999233246,0.5288609266281128,0.4192162752151489,0.3846207857131958,0.4913388788700104,0.621896505355835,-0.0774049311876297,0.9998738169670105,0.42681685090065,0.6086322665214539,0.07781137526035309,0.9998134970664978,0.46592581272125244,0.7066519260406494,-0.12089405953884125,0.9924494624137878,0.3313395082950592,0.6391369700431824,-0.3494989275932312,0.9883067011833191,0.4749082326889038,0.8065865635871887,-0.031851254403591156,0.9927862286567688,0.3891257047653198,0.7185785174369812,-0.07668875902891159,0.9749088287353516,0.4884381890296936,0.8223606944084167,-0.031866639852523804,0.8755133152008057,0.4103409945964813,0.7242767214775085,-0.05401657894253731,0.945406973361969,0.4286927878856659,0.8385431170463562,-0.24891750514507294,0.9858386516571045,0.3758554458618164,0.7627997398376465,-0.17272183299064636,0.9747167825698853
IMG_9584 6,32,1066,good,0.4702991247177124,0.4703013598918915,-0.16261829435825348,0.9998732805252075,0.47959432005882263,0.46219852566719055,-0.1548948884010315,0.9997865557670593,0.48477935791015625,0.4618595242500305,-0.15504787862300873,0.9998343586921692,0.4900379180908203,0.46151983737945557,-0.15516571700572968,0.9998723864555359,0.46740686893463135,0.4628431797027588,-0.13426901400089264,0.9996621012687683,0.4638819098472595,0.46293362975120544,-0.1342516988515854,0.9995874166488647,0.4605250954627991,0.462955117225647,-0.13430169224739075,0.9996013045310974,0.5035915970802307,0.4642151892185211,-0.06675001978874207,0.9996761083602905,0.4638444483280182,0.465770423412323,0.027916545048356056,0.9996389746665955,0.48122701048851013,0.4767287075519562,-0.1259012222290039,0.9997997879981995,0.4663771986961365,0.4789554476737976,-0.09923648834228516,0.9996350407600403,0.5534030199050903,0.5003441572189331,-0.07781214267015457,0.9999715685844421,0.43365615606307983,0.5136721134185791,0.191203311085701,0.9995280504226685,0.5185992121696472,0.5500994920730591,-0.2496803253889084,0.9834421873092651,0.4144902229309082,0.567371129989624,0.4127017557621002,0.3616570234298706,0.472661554813385,0.505253255367279,-0.42529046535491943,0.976775050163269,0.422437459230423,0.5531747341156006,0.47033998370170593,0.4371427297592163,0.46543294191360474,0.49254679679870605,-0.4670509696006775,0.9604564905166626,0.42571067810058594,0.546256422996521,0.4740343391895294,0.405748575925827,0.47554638981819153,0.48733365535736084,-0.46497148275375366,0.9555739164352417,0.4210651218891144,0.5359514951705933,0.4492630660533905,0.39760923385620117,0.4765772521495819,0.4910426735877991,-0.42542827129364014,0.9165184497833252,0.422574520111084,0.5458626747131348,0.4600709080696106,0.3696814775466919,0.492641419172287,0.6219127178192139,-0.07796651870012283,0.999870240688324,0.42786526679992676,0.6112051606178284,0.07835587114095688,0.999805212020874,0.46717098355293274,0.7067915797233582,-0.12250851094722748,0.9917941093444824,0.3357647657394409,0.6480674743652344,-0.35634174942970276,0.9889588356018066,0.4749840497970581,0.8067169189453125,-0.04395998641848564,0.9929828643798828,0.4065013825893402,0.7214186787605286,-0.09906574338674545,0.973457396030426,0.4883054494857788,0.8224160075187683,-0.0446515828371048,0.8792795538902283,0.4311768710613251,0.7263861298561096,-0.07733422517776489,0.9401964545249939,0.42950043082237244,0.8385344743728638,-0.2565920650959015,0.986117422580719,0.3981655240058899,0.7630237340927124,-0.19191592931747437,0.9731805920600891
IMG_9584 6,33,1100,good,0.47071585059165955,0.47034332156181335,-0.0923181101679802,0.9998648166656494,0.47966381907463074,0.4621439278125763,-0.08164995908737183,0.9997638463973999,0.484647274017334,0.46180298924446106,-0.08182154595851898,0.9998164772987366,0.48957309126853943,0.46141600608825684,-0.08194305747747421,0.9998610615730286,0.4676257073879242,0.4627555012702942,-0.06186419725418091,0.999619722366333,0.46406522393226624,0.46283987164497375,-0.06184712052345276,0.9995309114456177,0.46064040064811707,0.4628369212150574,-0.06192475184798241,0.9995577931404114,0.5010331869125366,0.46406158804893494,0.003324809717014432,0.9996375441551208,0.46369919180870056,0.4657386541366577,0.09281153976917267,0.9996007680892944,0.48151618242263794,0.47665971517562866,-0.05846089497208595,0.9997685551643372,0.4667137563228607,0.47900378704071045,-0.0330035500228405,0.9995905160903931,0.5520104169845581,0.4992625117301941,-0.028395436704158783,0.9999707937240601,0.4323846995830536,0.5138252377510071,0.2165173441171646,0.9994987845420837,0.5186716318130493,0.549069344997406,-0.21398161351680756,0.9830102324485779,0.41475120186805725,0.5684047341346741,0.3905457556247711,0.33954793214797974,0.47123050689697266,0.5046672224998474,-0.37868502736091614,0.9773935675621033,0.4212009012699127,0.5532603859901428,0.3771704435348511,0.4212374985218048,0.46225401759147644,0.4926162660121918,-0.4238743782043457,0.9614736437797546,0.4237978756427765,0.5580235123634338,0.36660608649253845,0.39401763677597046,0.47143420577049255,0.48733267188072205,-0.41578593850135803,0.9568137526512146,0.4209347665309906,0.5491124987602234,0.34007829427719116,0.38688603043556213,0.47452789545059204,0.49081721901893616,-0.3776252269744873,0.9188631176948547,0.42233437299728394,0.553622841835022,0.3636586368083954,0.3603878617286682,0.49351930618286133,0.6219744682312012,-0.07518161833286285,0.9998648166656494,0.4281553328037262,0.614234209060669,0.07558055967092514,0.9998002648353577,0.4696216583251953,0.7068953514099121,-0.12669430673122406,0.9908369779586792,0.3445378839969635,0.6546537280082703,-0.39348095655441284,0.9893110990524292,0.4750794470310211,0.806470513343811,-0.04901062324643135,0.9927330017089844,0.41976627707481384,0.7315771579742432,-0.17554143071174622,0.9717332720756531,0.4881983995437622,0.8224321007728577,-0.049496401101350784,0.874987006187439,0.4386044442653656,0.735625147819519,-0.15643203258514404,0.932033360004425,0.43046119809150696,0.8385599255561829,-0.2602492570877075,0.9856613278388977,0.4171198904514313,0.7708285450935364,-0.28844499588012695,0.9717086553573608
IMG_9584 6,34,1133,good,0.4707581698894501,0.4705014228820801,-0.0978751853108406,0.9998181462287903,0.47925975918769836,0.46229302883148193,-0.09062913805246353,0.9996767640113831,0.48409202694892883,0.4619734287261963,-0.09080574661493301,0.9997524619102478,0.488747775554657,0.46165916323661804,-0.09092993289232254,0.9998120069503784,0.467716783285141,0.4628489911556244,-0.06789927929639816,0.9994511008262634,0.46422049403190613,0.46288979053497314,-0.06788524985313416,0.9993220567703247,0.4608171880245209,0.4629371762275696,-0.0679778978228569,0.9993787407875061,0.499183714389801,0.4643619954586029,-0.008425833657383919,0.999555766582489,0.4636790454387665,0.46606484055519104,0.09345614165067673,0.9994105100631714,0.4808397591114044,0.4769231677055359,-0.06454348564147949,0.9996817708015442,0.4666692018508911,0.4792432487010956,-0.0352000817656517,0.9994251728057861,0.5503523945808411,0.49907270073890686,-0.028797771781682968,0.9999690651893616,0.4324006736278534,0.5139937996864319,0.21696250140666962,0.9994341135025024,0.5190216898918152,0.5490374565124512,-0.2403966337442398,0.9830206632614136,0.4146377444267273,0.5686662197113037,0.2415911853313446,0.32676443457603455,0.4711272716522217,0.5047191977500916,-0.4054250121116638,0.9780763387680054,0.4176292419433594,0.5426034927368164,0.03782576695084572,0.4234190285205841,0.4618538022041321,0.4927680194377899,-0.4536082148551941,0.9625020623207092,0.41871657967567444,0.5391665101051331,-0.0019037427846342325,0.39753851294517517,0.47130969166755676,0.4874139726161957,-0.4407688081264496,0.9580279588699341,0.4169125556945801,0.5287318229675293,-0.019057001918554306,0.39097726345062256,0.47417688369750977,0.4908716380596161,-0.40219661593437195,0.9212124347686768,0.4186190962791443,0.5318268537521362,0.02208280935883522,0.36432892084121704,0.4937993884086609,0.6220121383666992,-0.07568667829036713,0.9998555779457092,0.4282316565513611,0.6164984703063965,0.07606029510498047,0.9997839331626892,0.4699251353740692,0.7069503664970398,-0.1531742364168167,0.9900674819946289,0.35489919781684875,0.6685640215873718,-0.35689982771873474,0.9887765049934387,0.4760950803756714,0.8042730689048767,-0.08457089215517044,0.9922158122062683,0.4343831241130829,0.7400135397911072,-0.14493106305599213,0.9682113528251648,0.49041110277175903,0.8214592933654785,-0.08692334592342377,0.8653647303581238,0.4487638771533966,0.7469070553779602,-0.12809844315052032,0.9204707741737366,0.43193966150283813,0.8376775979995728,-0.28954896330833435,0.9847349524497986,0.4346708357334137,0.7817409038543701,-0.25720152258872986,0.9693427681922913
IMG_9584 6,35,1166,good,0.4689745008945465,0.47061142325401306,-0.10607729107141495,0.999799907207489,0.47736263275146484,0.46258148550987244,-0.09887184202671051,0.9996598362922668,0.4820919334888458,0.4622846841812134,-0.09905561804771423,0.9997375011444092,0.4868185520172119,0.461961567401886,-0.09919701516628265,0.9997971653938293,0.46659451723098755,0.4630517363548279,-0.07650081813335419,0.9994262456893921,0.4635012447834015,0.4629746675491333,-0.0764988511800766,0.9992794394493103,0.4604644477367401,0.46308720111846924,-0.07657899707555771,0.9993403553962708,0.49826106429100037,0.4645659625530243,-0.031441111117601395,0.999553382396698,0.46359118819236755,0.46619656682014465,0.09005732089281082,0.9993188977241516,0.47958582639694214,0.477131187915802,-0.07163403183221817,0.9996488690376282,0.466181218624115,0.4793035686016083,-0.04056345298886299,0.9993143081665039,0.5496594309806824,0.4992327094078064,-0.05695238709449768,0.9999647736549377,0.43252378702163696,0.5142214894294739,0.21857723593711853,0.9993272423744202,0.5185121297836304,0.5488517880439758,-0.27335286140441895,0.9827890992164612,0.4145987331867218,0.5687307119369507,0.13711713254451752,0.33866575360298157,0.46850335597991943,0.5048785209655762,-0.4433330297470093,0.978132426738739,0.4173765778541565,0.5238898992538452,-0.18270178139209747,0.454598605632782,0.4584793150424957,0.4938414990901947,-0.48661085963249207,0.9627333879470825,0.4184732437133789,0.5127558708190918,-0.2371322363615036,0.42534908652305603,0.4666925072669983,0.48815685510635376,-0.4719063341617584,0.9583373069763184,0.4180513620376587,0.5083467364311218,-0.23520325124263763,0.41808003187179565,0.4706457853317261,0.49099200963974,-0.43726569414138794,0.9222358465194702,0.41908735036849976,0.5131074786186218,-0.1940978318452835,0.38892579078674316,0.4946729838848114,0.6221359372138977,-0.09010264277458191,0.9998480677604675,0.4284055233001709,0.6186017990112305,0.09035611152648926,0.9997314810752869,0.47570663690567017,0.7071001529693604,-0.21323375403881073,0.9898121953010559,0.3630015552043915,0.6825121641159058,-0.07828840613365173,0.9871853590011597,0.47692492604255676,0.8042259216308594,-0.19946220517158508,0.9922162890434265,0.44691798090934753,0.7468572854995728,0.22406268119812012,0.9601796269416809,0.4913501441478729,0.8214915990829468,-0.20711460709571838,0.8671151399612427,0.460819810628891,0.748717725276947,0.250558465719223,0.909935474395752,0.4328649342060089,0.8373363018035889,-0.40023529529571533,0.9850116968154907,0.4436265230178833,0.7886971235275269,0.17583097517490387,0.9623004198074341
IMG_9584 6,36,1200,good,0.46731775999069214,0.4721108675003052,-0.1306334286928177,0.9997984766960144,0.4751611649990082,0.463261216878891,-0.13555070757865906,0.9996673464775085,0.47979339957237244,0.4627419412136078,-0.13569115102291107,0.9997425675392151,0.4844842553138733,0.4622441530227661,-0.1357896625995636,0.999798059463501,0.4650389850139618,0.4640715718269348,-0.10312918573617935,0.9994396567344666,0.46222418546676636,0.46417272090911865,-0.10313817858695984,0.9992893934249878,0.4594687521457672,0.4642677903175354,-0.10322409123182297,0.9993448257446289,0.49735909700393677,0.4646990895271301,-0.07658396661281586,0.9995768666267395,0.46312835812568665,0.4664344787597656,0.07535383850336075,0.999294638633728,0.47824418544769287,0.478033185005188,-0.10175033658742905,0.999658465385437,0.4655056595802307,0.4805530905723572,-0.05853668600320816,0.9993059635162354,0.5488101840019226,0.49932733178138733,-0.09253164380788803,0.9999637007713318,0.43303221464157104,0.5137695670127869,0.21864964067935944,0.9992778301239014,0.5179178714752197,0.5488703846931458,-0.3141033351421356,0.9829732775688171,0.4145471751689911,0.5687159895896912,0.12177270650863647,0.3543786108493805,0.4663473069667816,0.505920946598053,-0.5035535097122192,0.9782535433769226,0.4153696596622467,0.5219327211380005,-0.23614586889743805,0.4873708188533783,0.45652586221694946,0.4955088794231415,-0.5500929951667786,0.9630517959594727,0.4161960780620575,0.5114297866821289,-0.2901003956794739,0.45607566833496094,0.4645785987377167,0.48944130539894104,-0.5333964228630066,0.9587592482566833,0.41666722297668457,0.5080707669258118,-0.2908434271812439,0.44826892018318176,0.46716222167015076,0.49263203144073486,-0.4963717460632324,0.9231845140457153,0.417601078748703,0.5105267763137817,-0.24884626269340515,0.4165562093257904,0.49595731496810913,0.6221621036529541,-0.10611525923013687,0.999851405620575,0.4288559556007385,0.6192703247070312,0.10637927055358887,0.9996973276138306,0.4807616174221039,0.7071551084518433,-0.2970889210700989,0.9900085926055908,0.3755214810371399,0.6907631158828735,0.0277409628033638,0.9843376278877258,0.4776960611343384,0.8041363954544067,-0.3470645844936371,0.9925147891044617,0.4592757523059845,0.7601353526115417,0.32934674620628357,0.9488750696182251,0.49189677834510803,0.8215078711509705,-0.36065801978111267,0.8741825222969055,0.48120880126953125,0.7718558311462402,0.35506629943847656,0.8990088701248169,0.43300119042396545,0.8372442722320557,-0.5658151507377625,0.9857686161994934,0.4403887987136841,0.8024498224258423,0.28259626030921936,0.9522969722747803
IMG_9584 6,37,1233,good,0.467629075050354,0.4722178280353546,-0.15180253982543945,0.9998126029968262,0.4754457175731659,0.4633861482143402,-0.14971160888671875,0.9996932744979858,0.48006564378738403,0.4628433287143707,-0.14984427392482758,0.999762237071991,0.48466894030570984,0.4623244106769562,-0.1499374508857727,0.9998126029968262,0.4651664197444916,0.46420031785964966,-0.12101621180772781,0.9994850158691406,0.4622765779495239,0.46427664160728455,-0.12103435397148132,0.9993452429771423,0.4594353139400482,0.46433261036872864,-0.12107665091753006,0.9993937611579895,0.49773016571998596,0.4647245407104492,-0.06697474420070648,0.9996135234832764,0.4628853499889374,0.4663639962673187,0.06927011162042618,0.9993401765823364,0.4784238040447235,0.478028804063797,-0.11449182033538818,0.9996857047080994,0.46560513973236084,0.48063594102859497,-0.07636401057243347,0.9993550181388855,0.5482017397880554,0.4994073808193207,-0.08235886693000793,0.99996417760849,0.43438124656677246,0.5130480527877808,0.21853895485401154,0.999274730682373,0.5179302096366882,0.5485808253288269,-0.3166641294956207,0.9835949540138245,0.41445139050483704,0.5682852268218994,0.07437221705913544,0.38744035363197327,0.46578019857406616,0.5069004893302917,-0.5345356464385986,0.9789573550224304,0.41362085938453674,0.521122932434082,-0.3062099814414978,0.5251431465148926,0.45613253116607666,0.4972621500492096,-0.5904577970504761,0.9641726016998291,0.4154055416584015,0.510697066783905,-0.3676608204841614,0.4923906624317169,0.46351584792137146,0.49127185344696045,-0.5765849947929382,0.9600659012794495,0.4163668155670166,0.5071488618850708,-0.36573609709739685,0.48429545760154724,0.4659973978996277,0.49390193819999695,-0.5300647616386414,0.9258133172988892,0.4169533848762512,0.5095062851905823,-0.31850507855415344,0.45095136761665344,0.49888572096824646,0.6226895451545715,-0.10581306368112564,0.9998586773872375,0.4312916696071625,0.6208264231681824,0.1061117947101593,0.9996823668479919,0.48740261793136597,0.7077248692512512,-0.3077496588230133,0.9900134205818176,0.3919520974159241,0.6979275941848755,0.08950512111186981,0.9803131222724915,0.47811928391456604,0.8064501285552979,-0.35846996307373047,0.9925803542137146,0.46847230195999146,0.7693471908569336,0.3990665078163147,0.9360655546188354,0.4917817711830139,0.824992299079895,-0.373366117477417,0.8798062801361084,0.48774826526641846,0.7815675735473633,0.42364251613616943,0.886350691318512,0.43545305728912354,0.8369796276092529,-0.59129399061203,0.9862518310546875,0.4402236044406891,0.806470513343811,0.33639129996299744,0.9403245449066162
IMG_9584 6,38,1266,good,0.46585118770599365,0.4723075032234192,-0.11877603828907013,0.9998173713684082,0.47468599677085876,0.4635053277015686,-0.12631408870220184,0.9997075796127319,0.47919994592666626,0.46295365691185,-0.1264343410730362,0.9997719526290894,0.48377081751823425,0.4624272584915161,-0.12653353810310364,0.9998185038566589,0.4650331735610962,0.4643336534500122,-0.09262482076883316,0.9995126724243164,0.4623369872570038,0.46438494324684143,-0.09265370666980743,0.9993789196014404,0.4594933092594147,0.4643602967262268,-0.09272473305463791,0.9994226694107056,0.4974149465560913,0.4647996127605438,-0.06291170418262482,0.9996380805969238,0.4633934795856476,0.46644043922424316,0.0771421417593956,0.9993538856506348,0.47645241022109985,0.47811105847358704,-0.09340681880712509,0.9996899962425232,0.4649738371372223,0.48069754242897034,-0.050566621124744415,0.9993513226509094,0.5474921464920044,0.4994819760322571,-0.08365436643362045,0.999958336353302,0.4349781572818756,0.5128364562988281,0.21850912272930145,0.9992161393165588,0.5173369646072388,0.5485939383506775,-0.30073273181915283,0.983210563659668,0.41440093517303467,0.5679472088813782,0.04026537016034126,0.3958342671394348,0.46526357531547546,0.5075810551643372,-0.5185441970825195,0.9787375330924988,0.41111794114112854,0.5231158137321472,-0.36053523421287537,0.5472294092178345,0.45594921708106995,0.4978112280368805,-0.579043984413147,0.9637768268585205,0.41121968626976013,0.5138821005821228,-0.42396584153175354,0.5130928158760071,0.46354538202285767,0.49172261357307434,-0.5723931789398193,0.9596984386444092,0.41414323449134827,0.5100098848342896,-0.41780513525009155,0.5045494437217712,0.46567556262016296,0.49470099806785583,-0.5099999904632568,0.9258288741111755,0.41490641236305237,0.5118221044540405,-0.3725150525569916,0.4687400758266449,0.5004514455795288,0.6222355961799622,-0.10383416712284088,0.9998478293418884,0.43314823508262634,0.6202477812767029,0.10409878194332123,0.9996421933174133,0.48774731159210205,0.7073307633399963,-0.26721829175949097,0.9897079467773438,0.411401629447937,0.7010571956634521,0.06188315525650978,0.977056622505188,0.478921115398407,0.8054140210151672,-0.2829040288925171,0.9925727248191833,0.48130330443382263,0.780027449131012,0.2522113621234894,0.9370118975639343,0.491652250289917,0.824928879737854,-0.29435789585113525,0.8853897452354431,0.500053346157074,0.7853580713272095,0.2640632390975952,0.8869719505310059,0.44241970777511597,0.8363479971885681,-0.4979824423789978,0.9866968989372253,0.4483209252357483,0.8173664808273315,0.15521709620952606,0.9406482577323914
IMG_9584 6,39,1300,good,0.46375977993011475,0.474396675825119,-0.1468571573495865,0.9998020529747009,0.4727817475795746,0.4650363028049469,-0.15642571449279785,0.9996974468231201,0.47722291946411133,0.4644162058830261,-0.15652969479560852,0.9997599720954895,0.48186954855918884,0.46379226446151733,-0.15664508938789368,0.9998012185096741,0.46419453620910645,0.4655036926269531,-0.12338992953300476,0.9995033144950867,0.4619530141353607,0.4652967154979706,-0.12340767681598663,0.9993622899055481,0.45946061611175537,0.46502476930618286,-0.12343867123126984,0.999397337436676,0.49684199690818787,0.46542567014694214,-0.10290439426898956,0.9996513724327087,0.46400585770606995,0.4664725363254547,0.04237719997763634,0.9992814660072327,0.4737778306007385,0.48093312978744507,-0.1207309141755104,0.9996746182441711,0.4640248417854309,0.48229289054870605,-0.0782206654548645,0.9993058443069458,0.5469223856925964,0.5001687407493591,-0.11630258709192276,0.9999446272850037,0.4349651336669922,0.5125088691711426,0.19289417564868927,0.9991727471351624,0.5166735649108887,0.5545395016670227,-0.2745681405067444,0.9825196266174316,0.41436049342155457,0.5676954984664917,0.03341081738471985,0.39239194989204407,0.46459585428237915,0.5104345679283142,-0.34367284178733826,0.9770956635475159,0.41107890009880066,0.5221077799797058,-0.3505324423313141,0.5547484159469604,0.4558834135532379,0.4997408986091614,-0.379896879196167,0.9608322381973267,0.41128745675086975,0.5126176476478577,-0.40920186042785645,0.519493579864502,0.46311771869659424,0.49368730187416077,-0.3727373778820038,0.9565741419792175,0.41420212388038635,0.508263349533081,-0.4065224826335907,0.5102789402008057,0.4653378129005432,0.4966067373752594,-0.33774349093437195,0.9223582148551941,0.4149170219898224,0.5116810202598572,-0.36373165249824524,0.4733307957649231,0.501724362373352,0.6216147541999817,-0.10337713360786438,0.9997659921646118,0.43545880913734436,0.6204546689987183,0.10363876074552536,0.9995235800743103,0.4881431758403778,0.7069871425628662,-0.19839681684970856,0.9893093705177307,0.4331705868244171,0.7074039578437805,0.08759681135416031,0.9733666181564331,0.4810144007205963,0.8005486130714417,-0.12731458246707916,0.9922957420349121,0.4903784394264221,0.7866492867469788,0.241916686296463,0.9397809505462646,0.4915958642959595,0.8200451731681824,-0.13072343170642853,0.8898093104362488,0.5087666511535645,0.7981568574905396,0.24848732352256775,0.8909603953361511,0.44726237654685974,0.832828164100647,-0.31674957275390625,0.986858606338501,0.45157453417778015,0.8176583051681519,0.12353067845106125,0.9431547522544861
IMG_9584 6,40,1333,good,0.4640500843524933,0.47795313596725464,-0.190267875790596,0.9997721314430237,0.4730149209499359,0.4675900340080261,-0.19322168827056885,0.9996700286865234,0.4775065779685974,0.4669569730758667,-0.19334091246128082,0.999737560749054,0.48219045996665955,0.46629762649536133,-0.19345447421073914,0.9997732043266296,0.4642493724822998,0.4682711660861969,-0.16527380049228668,0.9994597434997559,0.46210506558418274,0.46790656447410583,-0.16528666019439697,0.9993005394935608,0.45970335602760315,0.4674392640590668,-0.16531364619731903,0.9993082880973816,0.4967215061187744,0.4674978256225586,-0.11232178658246994,0.9996541142463684,0.46399688720703125,0.4683927595615387,0.01482616551220417,0.9991346597671509,0.4742596745491028,0.4837403893470764,-0.15187177062034607,0.999652624130249,0.4641134440898895,0.4852074086666107,-0.11578018218278885,0.9992344379425049,0.5461794137954712,0.5016162395477295,-0.11421319097280502,0.9999349117279053,0.4329838156700134,0.5125401616096497,0.17605410516262054,0.9991375207901001,0.5147173404693604,0.5570905208587646,-0.2917647957801819,0.9813205003738403,0.41395625472068787,0.567643940448761,0.03159460052847862,0.39932093024253845,0.46374598145484924,0.5118569731712341,-0.39951398968696594,0.9758000373840332,0.4110945761203766,0.5225221514701843,-0.3327544927597046,0.5696486234664917,0.45534461736679077,0.5008365511894226,-0.4427275061607361,0.9590600728988647,0.41127997636795044,0.5129328370094299,-0.38872119784355164,0.5335395336151123,0.4622247815132141,0.4948822557926178,-0.43733829259872437,0.9546988010406494,0.4141918122768402,0.5086706876754761,-0.3868411183357239,0.524226188659668,0.464126855134964,0.49780550599098206,-0.39425140619277954,0.9202795624732971,0.4149351716041565,0.5110201239585876,-0.345304399728775,0.4854089021682739,0.5036277770996094,0.6233039498329163,-0.10015442967414856,0.9997321367263794,0.4376068413257599,0.624115526676178,0.10044945031404495,0.99942946434021,0.48853763937950134,0.7078539133071899,-0.20029184222221375,0.9887615442276001,0.45144835114479065,0.7106342911720276,0.09849509596824646,0.9718784689903259,0.47891172766685486,0.8028181791305542,-0.15194906294345856,0.9921667575836182,0.5110945105552673,0.7818723320960999,0.27785319089889526,0.9428854584693909,0.4817572236061096,0.8201875686645508,-0.15720213949680328,0.8949159383773804,0.5291413068771362,0.7910033464431763,0.2875027060508728,0.8965594172477722,0.4501607418060303,0.8318349719047546,-0.3555417060852051,0.9867392778396606,0.4960957169532776,0.8129678964614868,0.1627645641565323,0.9451078772544861
IMG_9584 6,41,1366,good,0.4711667001247406,0.47499799728393555,-0.20306800305843353,0.9997864365577698,0.4796609878540039,0.466083824634552,-0.18848545849323273,0.9996923804283142,0.4842226505279541,0.4658008813858032,-0.18859371542930603,0.9997550845146179,0.4887470304965973,0.4654655158519745,-0.18868345022201538,0.9997867941856384,0.4686053991317749,0.46599406003952026,-0.17032456398010254,0.999497652053833,0.4654048979282379,0.4655053913593292,-0.17034116387367249,0.9993497133255005,0.46221330761909485,0.4649975299835205,-0.17030562460422516,0.9993525147438049,0.49863433837890625,0.4674835503101349,-0.06594471633434296,0.9996828436851501,0.4638000726699829,0.46719714999198914,0.023683274164795876,0.9991716146469116,0.47982051968574524,0.48230278491973877,-0.14921610057353973,0.9996730089187622,0.4662728011608124,0.48343369364738464,-0.12644068896770477,0.9992799758911133,0.5444334745407104,0.502699077129364,-0.1074351817369461,0.999933660030365,0.4313250482082367,0.5127208828926086,0.17786140739917755,0.9990978240966797,0.5140153765678406,0.5572812557220459,-0.2767000198364258,0.9822668433189392,0.4139162302017212,0.5676556825637817,0.02051381953060627,0.41389966011047363,0.4629300534725189,0.5133860111236572,-0.39647984504699707,0.9768266677856445,0.42132970690727234,0.5183640122413635,-0.34665125608444214,0.5913832187652588,0.4536483585834503,0.5033373236656189,-0.4450105130672455,0.9604153633117676,0.4269789159297943,0.5067442655563354,-0.40558916330337524,0.5527157187461853,0.4606810510158539,0.49723660945892334,-0.43417200446128845,0.9562979340553284,0.43299049139022827,0.5011283159255981,-0.3982834219932556,0.5429247617721558,0.46365344524383545,0.5001182556152344,-0.3915180563926697,0.92368084192276,0.4302227199077606,0.5063881874084473,-0.3567759394645691,0.5034089684486389,0.507153332233429,0.6233014464378357,-0.10983269661664963,0.9997221231460571,0.44336092472076416,0.6241632699966431,0.11014223098754883,0.9994089603424072,0.48774459958076477,0.7090327739715576,-0.20535707473754883,0.9890468120574951,0.46478796005249023,0.712627649307251,0.08322389423847198,0.9697233438491821,0.48047032952308655,0.8025166392326355,-0.14072376489639282,0.9922747015953064,0.5250385999679565,0.7886846661567688,0.2597680985927582,0.946222722530365,0.48317769169807434,0.8185421228408813,-0.14291585981845856,0.9017298221588135,0.5419148206710815,0.7992396950721741,0.2682121694087982,0.9034920334815979,0.4498414099216461,0.831719160079956,-0.3297828137874603,0.9868903756141663,0.491313636302948,0.8165290355682373,0.13592647016048431,0.9471202492713928
IMG_9584 6,42,1400,good,0.4722742736339569,0.47539588809013367,-0.19290032982826233,0.9997993111610413,0.48055702447891235,0.4665772020816803,-0.18353071808815002,0.9997128844261169,0.4850553274154663,0.4662765860557556,-0.18364253640174866,0.9997711777687073,0.4895220696926117,0.4658944308757782,-0.18374894559383392,0.9997991919517517,0.47003528475761414,0.46639981865882874,-0.16167812049388885,0.9995325803756714,0.4668847322463989,0.46586620807647705,-0.1616927683353424,0.9993950724601746,0.4639263451099396,0.4652765691280365,-0.16167330741882324,0.9993941783905029,0.4986898899078369,0.4680127501487732,-0.06734570860862732,0.9997093081474304,0.46400725841522217,0.4675334393978119,0.029102904722094536,0.9992125034332275,0.48030662536621094,0.4827868938446045,-0.1444164663553238,0.9996929168701172,0.4670463800430298,0.48393839597702026,-0.11712674796581268,0.999325156211853,0.5430849194526672,0.5032458305358887,-0.1088247075676918,0.9999348521232605,0.43146005272865295,0.5128452181816101,0.20957177877426147,0.9990916848182678,0.5131258368492126,0.5591468214988708,-0.27613335847854614,0.9830435514450073,0.41394349932670593,0.5676294565200806,0.05022471770644188,0.42665043473243713,0.4617704451084137,0.5158164501190186,-0.36569538712501526,0.97743159532547,0.42208966612815857,0.5198130011558533,-0.3135016858577728,0.6096245050430298,0.45298638939857483,0.5049819350242615,-0.40877610445022583,0.9611666798591614,0.42960643768310547,0.5071609020233154,-0.36725547909736633,0.5682865977287292,0.4608006775379181,0.498654305934906,-0.3984372913837433,0.9572267532348633,0.43657979369163513,0.5009363293647766,-0.35793814063072205,0.5577627420425415,0.4633805453777313,0.5017006397247314,-0.359771192073822,0.9259032011032104,0.43320971727371216,0.5062922239303589,-0.3222852051258087,0.5174363851547241,0.5094825029373169,0.6234249472618103,-0.12607789039611816,0.999721884727478,0.44906070828437805,0.6248528957366943,0.12641103565692902,0.9994018077850342,0.48729535937309265,0.7112886905670166,-0.2445802241563797,0.9883374571800232,0.4725954830646515,0.7120700478553772,0.10020331293344498,0.9588463306427002,0.4802510440349579,0.8036409020423889,-0.2090904861688614,0.9919885993003845,0.5246363878250122,0.7887218594551086,0.25876057147979736,0.9455732703208923,0.4842766225337982,0.8188360929489136,-0.2143518477678299,0.9073861837387085,0.5439630150794983,0.8013057708740234,0.2660215497016907,0.9069019556045532,0.4486473798751831,0.8317740559577942,-0.3959142863750458,0.9868040084838867,0.4834747314453125,0.8162238001823425,0.14219333231449127,0.9465067386627197
IMG_9584 6,43,1433,good,0.4725542664527893,0.4760185182094574,-0.22378705441951752,0.9998078942298889,0.4810653626918793,0.4670221209526062,-0.21543927490711212,0.999727189540863,0.48554569482803345,0.4668070673942566,-0.2155526578426361,0.9997817873954773,0.4900009036064148,0.4665337800979614,-0.21567165851593018,0.9998065233230591,0.4706161916255951,0.46677666902542114,-0.19294701516628265,0.9995569586753845,0.46759334206581116,0.4662637412548065,-0.1929633617401123,0.9994252324104309,0.46471408009529114,0.4656836688518524,-0.192928746342659,0.9994199275970459,0.49875515699386597,0.46924760937690735,-0.09855914860963821,0.9997321963310242,0.4642876088619232,0.46810075640678406,0.0003274788905400783,0.9992228746414185,0.4804188013076782,0.48374998569488525,-0.17524948716163635,0.9997086524963379,0.4673321545124054,0.4843440651893616,-0.14735102653503418,0.9993632435798645,0.5419281125068665,0.5039424896240234,-0.13520270586013794,0.9999349117279053,0.4320552349090576,0.5136682987213135,0.2089734822511673,0.9990834593772888,0.5125924348831177,0.5613939166069031,-0.27879995107650757,0.9841893315315247,0.4148937165737152,0.5676884055137634,0.06476911157369614,0.43591710925102234,0.460879921913147,0.5188019871711731,-0.3609600365161896,0.9785770177841187,0.422658234834671,0.52066969871521,-0.2929038107395172,0.6260843276977539,0.4519117772579193,0.5074350237846375,-0.4029841125011444,0.9627264142036438,0.4308759272098541,0.5082054734230042,-0.34339818358421326,0.5830597877502441,0.458950936794281,0.5013104677200317,-0.39323747158050537,0.9590381979942322,0.4369560480117798,0.5031301975250244,-0.33646756410598755,0.5720371603965759,0.460874080657959,0.5043279528617859,-0.35470935702323914,0.9292983412742615,0.43446528911590576,0.5067644119262695,-0.30230361223220825,0.5314640402793884,0.5110613107681274,0.6234342455863953,-0.12861283123493195,0.9996939897537231,0.4531562626361847,0.6251434683799744,0.128929004073143,0.9993680715560913,0.48749232292175293,0.7113775014877319,-0.23343154788017273,0.9871259927749634,0.4774225354194641,0.7131544351577759,0.08846244215965271,0.9402252435684204,0.48439013957977295,0.8023040890693665,-0.15515205264091492,0.9910984635353088,0.5150582790374756,0.7961819767951965,0.21218957006931305,0.9428758025169373,0.49127277731895447,0.8173887729644775,-0.1548578441143036,0.9114256501197815,0.5354843735694885,0.8104860186576843,0.21927013993263245,0.9063758850097656,0.4489542841911316,0.8316113948822021,-0.3220726251602173,0.9864137768745422,0.4678037464618683,0.8239756226539612,0.11232519149780273,0.9449421167373657
IMG_9584 6,44,1466,good,0.4726932942867279,0.47988831996917725,-0.2037297487258911,0.9998127818107605,0.4811080992221832,0.47032058238983154,-0.19671975076198578,0.9997379779815674,0.4854965806007385,0.46986544132232666,-0.19684073328971863,0.9997893571853638,0.4899824261665344,0.4693440794944763,-0.1969534307718277,0.9998112916946411,0.47110384702682495,0.4700610637664795,-0.17333438992500305,0.9995751976966858,0.4682992696762085,0.46938374638557434,-0.1733478307723999,0.9994490146636963,0.46555572748184204,0.4685828983783722,-0.17334239184856415,0.9994403123855591,0.4979417622089386,0.4710805416107178,-0.09408264607191086,0.9997504949569702,0.464425653219223,0.4697871506214142,0.013709396123886108,0.9992318749427795,0.48041602969169617,0.48629212379455566,-0.15874458849430084,0.9997196793556213,0.4678448736667633,0.4869539141654968,-0.12920092046260834,0.9993892908096313,0.5410652160644531,0.5046535730361938,-0.12873008847236633,0.999934196472168,0.43225646018981934,0.5150420665740967,0.21327218413352966,0.9990675449371338,0.5126060247421265,0.5633832216262817,-0.2650512158870697,0.9847930669784546,0.4150030016899109,0.5681355595588684,0.06964998692274094,0.4478490650653839,0.4603414535522461,0.520468533039093,-0.32189491391181946,0.9785986542701721,0.4220571219921112,0.5215752124786377,-0.293465793132782,0.6363146305084229,0.45100927352905273,0.5093671083450317,-0.35834476351737976,0.9624841809272766,0.429775208234787,0.5104162096977234,-0.3420417904853821,0.5911220908164978,0.45767027139663696,0.5033990144729614,-0.3468281030654907,0.9589201807975769,0.43500712513923645,0.5053070783615112,-0.3355019986629486,0.579515278339386,0.4595462381839752,0.505873441696167,-0.3138613998889923,0.929773211479187,0.4331170618534088,0.5083465576171875,-0.3026279807090759,0.5384433269500732,0.5114468932151794,0.6237475872039795,-0.13080629706382751,0.9996780157089233,0.45568230748176575,0.626051127910614,0.1311282068490982,0.9993294477462769,0.4872595965862274,0.7132498621940613,-0.231129452586174,0.9847639799118042,0.48214828968048096,0.714401364326477,0.11849790811538696,0.9130110740661621,0.4842635989189148,0.8039628863334656,-0.17740853130817413,0.989980936050415,0.5158202052116394,0.7953997850418091,0.23112210631370544,0.9336654543876648,0.4940263032913208,0.8177691102027893,-0.1788315773010254,0.914422869682312,0.5313650369644165,0.8079438209533691,0.23438522219657898,0.8997830152511597,0.44682303071022034,0.8336216807365417,-0.3385431170463562,0.9855501651763916,0.47004014253616333,0.8229362964630127,0.11015763878822327,0.9386959671974182
IMG_9584 6,45,1500,good,0.4708265960216522,0.47887086868286133,-0.2007216066122055,0.9998177289962769,0.47872331738471985,0.4697830080986023,-0.19593580067157745,0.9997488856315613,0.4828057885169983,0.46944278478622437,-0.196061372756958,0.9997973442077637,0.48701635003089905,0.4690379500389099,-0.19617220759391785,0.9998170137405396,0.4697500467300415,0.4695446491241455,-0.16962429881095886,0.9995930790901184,0.46738380193710327,0.4689810872077942,-0.1696406751871109,0.999471127986908,0.4647568464279175,0.46830934286117554,-0.16963274776935577,0.9994590878486633,0.49644023180007935,0.4709666669368744,-0.10382711887359619,0.9997671842575073,0.4644303023815155,0.46974581480026245,0.014858545735478401,0.9992298483848572,0.4788336157798767,0.48613038659095764,-0.16084006428718567,0.9997313022613525,0.4672061800956726,0.48648813366889954,-0.12760111689567566,0.9994116425514221,0.540614664554596,0.5048654675483704,-0.1382443904876709,0.999933123588562,0.43280065059661865,0.5160181522369385,0.21277976036071777,0.9990141987800598,0.5126573443412781,0.5639675259590149,-0.2651338577270508,0.985510528087616,0.4156425893306732,0.5698978304862976,0.07367400079965591,0.4486140012741089,0.4595351815223694,0.5214649438858032,-0.33539310097694397,0.9789232015609741,0.42168185114860535,0.5236945748329163,-0.29914119839668274,0.6413302421569824,0.44892618060112,0.5102338790893555,-0.3743491470813751,0.9627885818481445,0.4295813739299774,0.5123159289360046,-0.35106757283210754,0.5955129265785217,0.4565890431404114,0.5041798949241638,-0.3636738061904907,0.9593951106071472,0.4344509541988373,0.5073611736297607,-0.3454599678516388,0.5835584402084351,0.4583643078804016,0.5067716240882874,-0.3277670443058014,0.9308817386627197,0.4321106970310211,0.5090557932853699,-0.30898335576057434,0.5416245460510254,0.5126896500587463,0.6236956715583801,-0.1311713308095932,0.9996609687805176,0.45687705278396606,0.6259042024612427,0.13150565326213837,0.999274730682373,0.4872075319290161,0.7130843997001648,-0.23818102478981018,0.9820228219032288,0.48687827587127686,0.7125927209854126,0.12421472370624542,0.8869031667709351,0.48314017057418823,0.8043853640556335,-0.19353917241096497,0.9891788363456726,0.5229364037513733,0.7932199835777283,0.2529711127281189,0.9267882108688354,0.49390909075737,0.8179113864898682,-0.1967751830816269,0.9167279601097107,0.5351042151451111,0.807702362537384,0.25689083337783813,0.8963785171508789,0.44126027822494507,0.8348613381385803,-0.3656129539012909,0.9849288463592529,0.47850674390792847,0.8236812949180603,0.12463299930095673,0.9342552423477173
IMG_9584 6,46,1533,good,0.4695453643798828,0.4799805283546448,-0.1968752145767212,0.9998273253440857,0.47690337896347046,0.4709551930427551,-0.19364868104457855,0.9997645020484924,0.4807226061820984,0.4704599678516388,-0.19376671314239502,0.9998090863227844,0.48462581634521484,0.4699033498764038,-0.19388724863529205,0.9998269081115723,0.46872714161872864,0.47089630365371704,-0.1663479506969452,0.9996196627616882,0.4666525721549988,0.47035467624664307,-0.1663680225610733,0.9995040893554688,0.4641765356063843,0.4697220027446747,-0.16635772585868835,0.9994904398918152,0.49537262320518494,0.4712521433830261,-0.1051325798034668,0.9997850060462952,0.4644330143928528,0.47061437368392944,0.017434701323509216,0.9992578625679016,0.47743088006973267,0.48646992444992065,-0.15807104110717773,0.9997486472129822,0.4668070375919342,0.4870939552783966,-0.1238015666604042,0.9994457364082336,0.5404402613639832,0.5053263902664185,-0.13477011024951935,0.9999344944953918,0.4345749020576477,0.51711106300354,0.21376343071460724,0.9990148544311523,0.513118326663971,0.5654415488243103,-0.25558993220329285,0.9860072135925293,0.41697776317596436,0.570891797542572,0.07422637939453125,0.4471381902694702,0.45931893587112427,0.5224843621253967,-0.29656898975372314,0.9784974455833435,0.42111387848854065,0.5260447859764099,-0.3082432150840759,0.6404552459716797,0.4486687481403351,0.5111919641494751,-0.3291507959365845,0.9618285298347473,0.42674720287323,0.5140058994293213,-0.35757026076316833,0.5940663814544678,0.45549947023391724,0.5055093169212341,-0.3155011832714081,0.9585813283920288,0.4306732416152954,0.5100566744804382,-0.3532181680202484,0.5819487571716309,0.4574947655200958,0.507882297039032,-0.28649115562438965,0.9298942685127258,0.42914193868637085,0.5133810043334961,-0.3183763027191162,0.5391650795936584,0.514213502407074,0.6231745481491089,-0.132388174533844,0.9996774196624756,0.4581809937953949,0.6256474852561951,0.13273954391479492,0.9992778897285461,0.4875642657279968,0.7127663493156433,-0.32040998339653015,0.9812083840370178,0.4890631139278412,0.7107055187225342,0.1878795027732849,0.857758641242981,0.4818781018257141,0.8051352500915527,-0.35448601841926575,0.9891146421432495,0.5239773392677307,0.7908046841621399,0.3493470251560211,0.9159853458404541,0.49221745133399963,0.8187265396118164,-0.3650844991207123,0.9210222959518433,0.5366321206092834,0.8049126863479614,0.3570590615272522,0.8918297290802002,0.4394267201423645,0.8357427716255188,-0.5534420609474182,0.9848266839981079,0.4813060760498047,0.81927090883255,0.23616258800029755,0.9257898330688477
IMG_9584 6,47,1566,good,0.469092458486557,0.48000431060791016,-0.17800943553447723,0.9998366832733154,0.4760320484638214,0.47099769115448,-0.17785456776618958,0.9997790455818176,0.4796515703201294,0.47052088379859924,-0.17794816195964813,0.999819815158844,0.48327353596687317,0.46997198462486267,-0.17805111408233643,0.9998356103897095,0.4682042598724365,0.470922589302063,-0.14868241548538208,0.9996448159217834,0.4660850465297699,0.4704151749610901,-0.14872919023036957,0.9995363354682922,0.46379733085632324,0.46981388330459595,-0.14871850609779358,0.9995220303535461,0.49399974942207336,0.47131460905075073,-0.10391763597726822,0.9998003244400024,0.46441179513931274,0.47075557708740234,0.02747255563735962,0.9992892146110535,0.4769153594970703,0.48634466528892517,-0.14427879452705383,0.9997639060020447,0.46669748425483704,0.48700040578842163,-0.10773620754480362,0.9994758367538452,0.540069043636322,0.5054043531417847,-0.1293581873178482,0.99993497133255,0.4349879324436188,0.5175309777259827,0.21499744057655334,0.9990242123603821,0.5134284496307373,0.5663349628448486,-0.23895828425884247,0.9863107800483704,0.4175463318824768,0.5710237622261047,0.05422234162688255,0.4579330384731293,0.4593227803707123,0.5227518081665039,-0.2753935158252716,0.9779901504516602,0.420385479927063,0.5262740254402161,-0.3386223614215851,0.6497873663902283,0.4483222961425781,0.5115542411804199,-0.3075971305370331,0.9606879949569702,0.4264985918998718,0.5144749283790588,-0.390043705701828,0.6015812754631042,0.45531144738197327,0.5058287382125854,-0.2913299798965454,0.9575294852256775,0.4300975799560547,0.5103148818016052,-0.38406702876091003,0.5892883539199829,0.4572816789150238,0.5080682635307312,-0.2644209861755371,0.9286531805992126,0.42831164598464966,0.513433575630188,-0.3481285572052002,0.5451521277427673,0.5148231387138367,0.6221861839294434,-0.13316290080547333,0.9996923208236694,0.4585656225681305,0.6255815029144287,0.13353170454502106,0.9992819428443909,0.488343745470047,0.7120957970619202,-0.3448047637939453,0.9812890291213989,0.49182242155075073,0.7096561193466187,0.21236898005008698,0.8369274735450745,0.4815765917301178,0.805117130279541,-0.3947761654853821,0.9892978072166443,0.5281068086624146,0.7883518934249878,0.3946027159690857,0.9080786108970642,0.4916832149028778,0.8187985420227051,-0.407101035118103,0.9256299138069153,0.5396286845207214,0.8016369342803955,0.40503638982772827,0.8900500535964966,0.4391680955886841,0.8357300758361816,-0.5990012288093567,0.9848597645759583,0.48473289608955383,0.817531943321228,0.28740912675857544,0.9188315868377686
IMG_9584 6,48,1600,good,0.4677736163139343,0.4798261225223541,-0.17368149757385254,0.9998455047607422,0.4743475317955017,0.4708419144153595,-0.1760697066783905,0.9997930526733398,0.47785866260528564,0.47037777304649353,-0.1761702299118042,0.9998303651809692,0.4812617599964142,0.46984022855758667,-0.1762845814228058,0.9998446106910706,0.46711137890815735,0.47079747915267944,-0.14466926455497742,0.9996691346168518,0.4649720788002014,0.47031766176223755,-0.14470843970775604,0.9995665550231934,0.4629742205142975,0.4697417616844177,-0.144692063331604,0.9995516538619995,0.4922008812427521,0.47127264738082886,-0.1037462130188942,0.9998152852058411,0.4643508493900299,0.47079572081565857,0.030140791088342667,0.9993211627006531,0.47546032071113586,0.48618343472480774,-0.14331412315368652,0.9997792840003967,0.46610569953918457,0.48692718148231506,-0.10362914949655533,0.9995064735412598,0.5396450161933899,0.5053902864456177,-0.13386394083499908,0.9999369978904724,0.4355182647705078,0.5179606080055237,0.2177191525697708,0.9990383386611938,0.5134420990943909,0.5664422512054443,-0.24556991457939148,0.9866736531257629,0.418267160654068,0.5716053247451782,0.062224749475717545,0.4601488411426544,0.4590280055999756,0.5226525664329529,-0.2834433615207672,0.9772031903266907,0.4199164807796478,0.5271263122558594,-0.33207204937934875,0.6500594615936279,0.44787701964378357,0.5113911628723145,-0.31704145669937134,0.9591679573059082,0.42179667949676514,0.5157893896102905,-0.3841925263404846,0.6007219552993774,0.4551280438899994,0.5056182742118835,-0.3014720380306244,0.9560620188713074,0.4271952509880066,0.511527955532074,-0.3789362907409668,0.5881956219673157,0.4569714367389679,0.5078018307685852,-0.27239546179771423,0.9264262318611145,0.42649298906326294,0.5140611529350281,-0.34213942289352417,0.5424938201904297,0.5149246454238892,0.6215507984161377,-0.13537776470184326,0.9997127056121826,0.45954132080078125,0.6254993677139282,0.13580678403377533,0.9993007779121399,0.48842766880989075,0.710518479347229,-0.38304972648620605,0.981427788734436,0.4936388432979584,0.7087565660476685,0.24824662506580353,0.810752272605896,0.48018765449523926,0.8057042956352234,-0.4635012447834015,0.9895426034927368,0.5321892499923706,0.7870575189590454,0.4510549008846283,0.897101879119873,0.4907200038433075,0.8190780282020569,-0.4783724844455719,0.9301502704620361,0.5428088307380676,0.8000930547714233,0.4636404514312744,0.8869437575340271,0.43878647685050964,0.8357198238372803,-0.6736466884613037,0.9850373864173889,0.4882635474205017,0.8171816468238831,0.35151582956314087,0.9103303551673889
IMG_9584 6,49,1633,good,0.46823063492774963,0.4797617197036743,-0.19392244517803192,0.9998539686203003,0.47474929690361023,0.47080013155937195,-0.18805977702140808,0.9998056888580322,0.4782291054725647,0.47030937671661377,-0.1881686896085739,0.9998401999473572,0.4816395044326782,0.4697548449039459,-0.18829399347305298,0.9998531341552734,0.4672355651855469,0.4707552492618561,-0.1624799370765686,0.9996910095214844,0.4650309681892395,0.4702865481376648,-0.16251115500926971,0.9995937347412109,0.4629501700401306,0.4697223901748657,-0.16248543560504913,0.9995774030685425,0.49234533309936523,0.471286416053772,-0.10088028013706207,0.9998290538787842,0.46388667821884155,0.4708130657672882,0.023480115458369255,0.999345064163208,0.4756864905357361,0.48610520362854004,-0.1522453874349594,0.9997926950454712,0.46615609526634216,0.48682162165641785,-0.12003540992736816,0.9995326399803162,0.5392270684242249,0.5053814053535461,-0.1254003494977951,0.9999386668205261,0.43560680747032166,0.5182196497917175,0.2134912759065628,0.9990351796150208,0.5136630535125732,0.5660415291786194,-0.23713085055351257,0.9870507717132568,0.4187345504760742,0.5717340707778931,0.05065922439098358,0.46920856833457947,0.45907771587371826,0.5227991938591003,-0.29455316066741943,0.9772964119911194,0.419761061668396,0.5271467566490173,-0.3406156897544861,0.6599535346031189,0.448000967502594,0.5113856196403503,-0.3310502767562866,0.9591788649559021,0.4217098355293274,0.5155593156814575,-0.39390239119529724,0.6101500988006592,0.45502951741218567,0.5057671070098877,-0.3181045651435852,0.9562267661094666,0.4269410967826843,0.5109002590179443,-0.38905492424964905,0.5977491140365601,0.45674359798431396,0.5082215666770935,-0.28551185131073,0.9269136786460876,0.4264453053474426,0.5141834020614624,-0.35054364800453186,0.5509900450706482,0.5161455869674683,0.6209909915924072,-0.13362525403499603,0.9997303485870361,0.46083372831344604,0.6254396438598633,0.13402242958545685,0.9993160367012024,0.48936671018600464,0.7100340127944946,-0.3650074601173401,0.980898380279541,0.49324995279312134,0.7089832425117493,0.2119465470314026,0.7891810536384583,0.47999483346939087,0.8057184815406799,-0.4246940016746521,0.9894397258758545,0.5329686403274536,0.7867103219032288,0.3957003355026245,0.8879936933517456,0.49068552255630493,0.8223881125450134,-0.4379764497280121,0.933230459690094,0.5435903072357178,0.7997853755950928,0.40561455488204956,0.8824543356895447,0.43847495317459106,0.8357108235359192,-0.6331771016120911,0.9849247336387634,0.48888668417930603,0.8164249658584595,0.2848834991455078,0.9018016457557678
IMG_9584 6,50,1666,good,0.46976980566978455,0.47920337319374084,-0.1921616941690445,0.9998636841773987,0.4762628674507141,0.4703435003757477,-0.18682193756103516,0.9998194575309753,0.47978734970092773,0.4699864685535431,-0.18693824112415314,0.9998511672019958,0.48322704434394836,0.46954622864723206,-0.1870662122964859,0.9998626708984375,0.4681127965450287,0.47025972604751587,-0.16077296435832977,0.9997147917747498,0.4657086730003357,0.4698649048805237,-0.16080357134342194,0.9996247291564941,0.46340206265449524,0.46937617659568787,-0.16078291833400726,0.9996082186698914,0.49240389466285706,0.4712512493133545,-0.08203399181365967,0.9998422861099243,0.4637073874473572,0.4708077013492584,0.024178408086299896,0.9993817210197449,0.47651535272598267,0.48580625653266907,-0.15124909579753876,0.9998061656951904,0.4664769470691681,0.4864884316921234,-0.11845631897449493,0.9995607137680054,0.5392029881477356,0.5053660273551941,-0.1101466566324234,0.9999393820762634,0.4356174170970917,0.5193881392478943,0.21258200705051422,0.9990406632423401,0.5142428278923035,0.5656957030296326,-0.23009686172008514,0.9872748851776123,0.41905397176742554,0.57207190990448,0.03230910003185272,0.4791053533554077,0.4591146409511566,0.5225158333778381,-0.2907826602458954,0.9771170616149902,0.41970154643058777,0.5271555781364441,-0.3599182367324829,0.669731080532074,0.44811728596687317,0.5111302733421326,-0.32804080843925476,0.9588799476623535,0.4218478202819824,0.5153953433036804,-0.41492706537246704,0.6188549995422363,0.4549722969532013,0.5055168271064758,-0.3158051371574402,0.9560465812683105,0.4267522692680359,0.510919988155365,-0.40752747654914856,0.6064261794090271,0.45685461163520813,0.5079360604286194,-0.2824607491493225,0.9269593954086304,0.42701151967048645,0.5142431259155273,-0.3687962293624878,0.5586915612220764,0.5175902247428894,0.6209297776222229,-0.13236315548419952,0.9997485280036926,0.46265366673469543,0.6252634525299072,0.13275238871574402,0.9993429780006409,0.4907093644142151,0.7100164294242859,-0.36335617303848267,0.9816737174987793,0.49525949358940125,0.709384560585022,0.22254718840122223,0.782749593257904,0.4795379042625427,0.8064327239990234,-0.42693808674812317,0.9899364113807678,0.5347960591316223,0.7872679233551025,0.41099411249160767,0.8886011838912964,0.489572137594223,0.822456419467926,-0.44128644466400146,0.9376084804534912,0.546099841594696,0.8011391758918762,0.42144837975502014,0.8850542902946472,0.435236394405365,0.835701048374176,-0.6364890336990356,0.98543781042099,0.4859257936477661,0.8154542446136475,0.3051866888999939,0.9011176824569702
IMG_9584 6,51,1700,good,0.4690419137477875,0.4805670380592346,-0.22839075326919556,0.9998657703399658,0.47519582509994507,0.47167935967445374,-0.23215362429618835,0.9998236298561096,0.47845888137817383,0.47127628326416016,-0.23224015533924103,0.999853253364563,0.4817151725292206,0.47074857354164124,-0.23233339190483093,0.9998623728752136,0.4678369164466858,0.4716252088546753,-0.20030120015144348,0.9997259974479675,0.46563997864723206,0.47125324606895447,-0.20036467909812927,0.9996399879455566,0.4633980095386505,0.47077134251594543,-0.20040437579154968,0.9996218085289001,0.49179133772850037,0.4721004068851471,-0.15870331227779388,0.9998453855514526,0.46393394470214844,0.4720272719860077,-0.017186282202601433,0.9993882775306702,0.4757382869720459,0.4865760803222656,-0.19454863667488098,0.9998099207878113,0.4664328992366791,0.4872168302536011,-0.15416470170021057,0.9995675086975098,0.5392319560050964,0.5054388046264648,-0.17001694440841675,0.9999303221702576,0.4358968138694763,0.5196019411087036,0.16385507583618164,0.9990593791007996,0.514960527420044,0.5658042430877686,-0.30273526906967163,0.9870589971542358,0.4192272424697876,0.5725376605987549,-0.005654628854244947,0.49704229831695557,0.4591352939605713,0.522287130355835,-0.3682233393192291,0.976154088973999,0.41710174083709717,0.52801114320755,-0.40727993845939636,0.6825123429298401,0.4486963152885437,0.5110273957252502,-0.4029478430747986,0.9576113224029541,0.4187512695789337,0.5167050957679749,-0.459039568901062,0.629755437374115,0.4551517963409424,0.5054084658622742,-0.3882347345352173,0.9547761082649231,0.42429694533348083,0.5124889016151428,-0.45391494035720825,0.6173964142799377,0.4570416808128357,0.5077598094940186,-0.3587797284126282,0.9248890280723572,0.42443639039993286,0.5154553651809692,-0.41687554121017456,0.5683953762054443,0.5177596807479858,0.6227751970291138,-0.13369768857955933,0.9997463822364807,0.46346718072891235,0.626545250415802,0.13407233357429504,0.999323844909668,0.4907321035861969,0.7125300168991089,-0.3421832025051117,0.9825049042701721,0.4972791373729706,0.7120261788368225,0.2477729469537735,0.7849701642990112,0.4767724573612213,0.8086790442466736,-0.389262318611145,0.9904497861862183,0.5379710793495178,0.7877554893493652,0.4555024802684784,0.8919373750686646,0.484416663646698,0.8231736421585083,-0.4027204215526581,0.9418041706085205,0.548768162727356,0.8005765080451965,0.4688814878463745,0.8902918696403503,0.43421339988708496,0.8361613154411316,-0.5960389375686646,0.9857076406478882,0.4913954436779022,0.8147336840629578,0.35335391759872437,0.9030436277389526
IMG_9584 6,52,1733,good,0.4683283269405365,0.4822753965854645,-0.22824575006961823,0.9998546838760376,0.47426480054855347,0.4729451835155487,-0.2329089492559433,0.9998103380203247,0.4776238203048706,0.47233325242996216,-0.23300155997276306,0.999841034412384,0.48089417815208435,0.4716172516345978,-0.23309722542762756,0.9998466372489929,0.46693769097328186,0.47303566336631775,-0.20136386156082153,0.9997109174728394,0.46481356024742126,0.47254830598831177,-0.20141907036304474,0.999622106552124,0.46248918771743774,0.47197145223617554,-0.201446995139122,0.9995960593223572,0.4913332462310791,0.4723157584667206,-0.16265690326690674,0.9998369812965393,0.46358805894851685,0.47266364097595215,-0.02215685322880745,0.9993114471435547,0.4754725694656372,0.48762980103492737,-0.1948833167552948,0.9997953772544861,0.46615996956825256,0.48842674493789673,-0.15495498478412628,0.9995294809341431,0.5392583012580872,0.5054500102996826,-0.1759512573480606,0.9999241232872009,0.43593740463256836,0.5195359587669373,0.16362476348876953,0.9990326762199402,0.5153549909591675,0.5660457611083984,-0.31154370307922363,0.9869771599769592,0.4194071590900421,0.5730965733528137,0.0047915480099618435,0.5020982027053833,0.4590829908847809,0.5224955677986145,-0.37949827313423157,0.9756190776824951,0.4161686301231384,0.5287981033325195,-0.3946731984615326,0.688594400882721,0.44837185740470886,0.5111915469169617,-0.41709184646606445,0.9566783308982849,0.4172218143939972,0.5174003839492798,-0.44575056433677673,0.6351851224899292,0.4551781713962555,0.5055030584335327,-0.3999148905277252,0.9538379907608032,0.42181217670440674,0.5132091641426086,-0.4420080780982971,0.6229700446128845,0.45703959465026855,0.5080147385597229,-0.36905455589294434,0.9234122633934021,0.4237016439437866,0.5165857076644897,-0.40486940741539,0.5733251571655273,0.5196700692176819,0.622654914855957,-0.13311994075775146,0.9997354745864868,0.4644888937473297,0.6263846755027771,0.13348597288131714,0.9992822408676147,0.49109095335006714,0.7124314308166504,-0.33228009939193726,0.9830829501152039,0.49729788303375244,0.7114865183830261,0.21986986696720123,0.785170316696167,0.47679591178894043,0.8077536225318909,-0.36648085713386536,0.9908576011657715,0.5373392701148987,0.7876403331756592,0.4042448401451111,0.894731342792511,0.4845340847969055,0.8222949504852295,-0.3780042231082916,0.9455565810203552,0.5482576489448547,0.8001526594161987,0.4151606261730194,0.8941503167152405,0.43370288610458374,0.836204469203949,-0.5543052554130554,0.9859330058097839,0.4932585060596466,0.8145132660865784,0.29886314272880554,0.9037337899208069
IMG_9584 6,53,1766,good,0.4662639796733856,0.48097285628318787,-0.2606131136417389,0.9998612403869629,0.47257664799690247,0.4721439480781555,-0.2587316334247589,0.9998195171356201,0.4761415719985962,0.4716312289237976,-0.2588253319263458,0.9998481869697571,0.4796088933944702,0.47100138664245605,-0.25889891386032104,0.9998523592948914,0.4654271602630615,0.472216933965683,-0.22968508303165436,0.9997272491455078,0.46343082189559937,0.471811980009079,-0.2297528088092804,0.9996435046195984,0.4615092873573303,0.4713245928287506,-0.2297729253768921,0.9996164441108704,0.49099335074424744,0.4719845652580261,-0.17188997566699982,0.999843955039978,0.4635922908782959,0.47242534160614014,-0.042624689638614655,0.9993298053741455,0.47465819120407104,0.48709866404533386,-0.22332724928855896,0.9998053312301636,0.4654671251773834,0.4877256751060486,-0.18655060231685638,0.9995498657226562,0.5392624735832214,0.5054633617401123,-0.18910540640354156,0.9999192357063293,0.4359617233276367,0.5195486545562744,0.1438111662864685,0.9990226030349731,0.5161126255989075,0.5661917328834534,-0.33993008732795715,0.9873257279396057,0.41951560974121094,0.5733926296234131,-0.022449029609560966,0.5207043290138245,0.4592571556568146,0.5224358439445496,-0.4384057819843292,0.9758440256118774,0.41518235206604004,0.5290464162826538,-0.42865505814552307,0.7020449042320251,0.44847995042800903,0.5113185048103333,-0.4815044701099396,0.9569754600524902,0.4157552421092987,0.5176769495010376,-0.48284003138542175,0.6474958658218384,0.4552319049835205,0.505584180355072,-0.4669816493988037,0.9542906880378723,0.41917169094085693,0.5144081115722656,-0.4769980013370514,0.6352565288543701,0.4571027457714081,0.5081647038459778,-0.4299045205116272,0.9239770174026489,0.422295480966568,0.5170435905456543,-0.4379664659500122,0.5844835638999939,0.5208950638771057,0.6229822635650635,-0.13359224796295166,0.9997354745864868,0.4659416079521179,0.6267170906066895,0.1339539885520935,0.9992559552192688,0.4917312562465668,0.7124507427215576,-0.3433663547039032,0.9834799766540527,0.49821725487709045,0.7114415168762207,0.2578394412994385,0.781967282295227,0.4771060645580292,0.8077080249786377,-0.39228466153144836,0.9912717938423157,0.5384514927864075,0.787327229976654,0.48949891328811646,0.8946041464805603,0.4846840798854828,0.8222827315330505,-0.4066613018512726,0.948685884475708,0.5494138598442078,0.8001174926757812,0.5047228932380676,0.8961213827133179,0.43380090594291687,0.83597731590271,-0.605621874332428,0.9863174557685852,0.4953022003173828,0.8107414245605469,0.38639259338378906,0.9041306376457214
IMG_9584 6,54,1800,good,0.463331401348114,0.480236291885376,-0.24690426886081696,0.9998637437820435,0.4696258306503296,0.4716646671295166,-0.23831583559513092,0.9998233318328857,0.47314372658729553,0.4711911380290985,-0.23841536045074463,0.9998508095741272,0.47658368945121765,0.47061458230018616,-0.23850558698177338,0.9998531937599182,0.4633687436580658,0.47181978821754456,-0.21377308666706085,0.9997370839118958,0.46191707253456116,0.4714888036251068,-0.2138076275587082,0.9996567964553833,0.46033796668052673,0.4710997939109802,-0.2137918919324875,0.9996287226676941,0.48984602093696594,0.4716941714286804,-0.17093098163604736,0.9998457431793213,0.46372342109680176,0.4723176658153534,-0.02506515383720398,0.9993324875831604,0.47258901596069336,0.4867735207080841,-0.20259390771389008,0.9998084902763367,0.46435320377349854,0.48739439249038696,-0.16987323760986328,0.9995567798614502,0.5392653346061707,0.5054522752761841,-0.19422300159931183,0.9999143481254578,0.43769004940986633,0.5195345878601074,0.1595936417579651,0.9990163445472717,0.5169005990028381,0.5663182139396667,-0.3416764736175537,0.9874865412712097,0.41943687200546265,0.5734900236129761,-0.0004578106745611876,0.5300989151000977,0.45945921540260315,0.5227295756340027,-0.4180060923099518,0.9757214188575745,0.41393986344337463,0.529337465763092,-0.4071725308895111,0.7125149369239807,0.44895362854003906,0.5112864971160889,-0.45874667167663574,0.9568993449211121,0.41538485884666443,0.5178689360618591,-0.4599475860595703,0.6571714878082275,0.4553285241127014,0.505754828453064,-0.4437745213508606,0.9542694687843323,0.4191683530807495,0.5144755244255066,-0.452994704246521,0.6449147462844849,0.4575067162513733,0.5083260536193848,-0.40853777527809143,0.9235880970954895,0.42150047421455383,0.5174269080162048,-0.4161367416381836,0.5931428074836731,0.5210967063903809,0.6228931546211243,-0.13838863372802734,0.9997380375862122,0.46744680404663086,0.6266157627105713,0.13875442743301392,0.9992396831512451,0.49202361702919006,0.7124792337417603,-0.35590749979019165,0.9841588735580444,0.4978027939796448,0.7112994194030762,0.27795884013175964,0.7776961922645569,0.4772633910179138,0.8076607584953308,-0.4286370873451233,0.9917449355125427,0.538145899772644,0.7871040105819702,0.49724504351615906,0.8949320316314697,0.4849877953529358,0.8222832083702087,-0.4447419345378876,0.9520434737205505,0.5499417185783386,0.799796462059021,0.5118791460990906,0.8988070487976074,0.432646781206131,0.8360700607299805,-0.638796865940094,0.9867641925811768,0.49298354983329773,0.8106952905654907,0.40487998723983765,0.9040780067443848
IMG_9584 6,55,1833,good,0.46094346046447754,0.47815120220184326,-0.24393056333065033,0.9998704195022583,0.46773919463157654,0.4700365960597992,-0.24250270426273346,0.999832034111023,0.4713788330554962,0.4696756601333618,-0.24258388578891754,0.9998577833175659,0.4751642942428589,0.46922042965888977,-0.2426486611366272,0.9998587369918823,0.4612787663936615,0.4702472984790802,-0.21295444667339325,0.9997523427009583,0.4599393308162689,0.4700290262699127,-0.21300570666790009,0.9996770024299622,0.4585733115673065,0.4697560667991638,-0.2130405157804489,0.9996486306190491,0.4894738793373108,0.47085773944854736,-0.1697893589735031,0.9998528957366943,0.4633709490299225,0.47155633568763733,-0.02852182649075985,0.9993590116500854,0.4709131717681885,0.4851810932159424,-0.20865869522094727,0.9998193383216858,0.4628170132637024,0.4858037531375885,-0.17053590714931488,0.9995802640914917,0.5390694737434387,0.505394458770752,-0.1954091191291809,0.9999127388000488,0.4378528594970703,0.5195083618164062,0.15697219967842102,0.9990346431732178,0.5170766115188599,0.5663707852363586,-0.3388146460056305,0.9880450367927551,0.4187474548816681,0.5733845829963684,-0.006110866088420153,0.547200620174408,0.4599146246910095,0.5228285789489746,-0.42246007919311523,0.9764992594718933,0.41390085220336914,0.5277180075645447,-0.4165542721748352,0.7275612950325012,0.4494744837284088,0.5112950205802917,-0.46234485507011414,0.9581321477890015,0.4160153269767761,0.5168948769569397,-0.4694633483886719,0.6717777252197266,0.4555624723434448,0.5058280825614929,-0.4490979015827179,0.9556093215942383,0.41998326778411865,0.5133161544799805,-0.46072375774383545,0.6594003438949585,0.4579153060913086,0.5084383487701416,-0.41364309191703796,0.9256948828697205,0.42159730195999146,0.5159875750541687,-0.4244527518749237,0.6070260405540466,0.5211504697799683,0.6232038140296936,-0.141124427318573,0.9997426271438599,0.4676608741283417,0.6268497109413147,0.141501784324646,0.9992339015007019,0.4919739365577698,0.7125141620635986,-0.3704632520675659,0.9851108193397522,0.4984542429447174,0.7113571763038635,0.29147279262542725,0.7741640210151672,0.47780242562294006,0.8076262474060059,-0.44643914699554443,0.9921661019325256,0.5383976697921753,0.786694347858429,0.5312085747718811,0.8949491381645203,0.48692354559898376,0.8222169876098633,-0.46325644850730896,0.9550578594207764,0.5495991110801697,0.7995947599411011,0.5470941662788391,0.9019051790237427,0.43275174498558044,0.8360652327537537,-0.6646612286567688,0.9872336387634277,0.49173712730407715,0.8097543716430664,0.4354662597179413,0.9054656028747559
IMG_9584 6,56,1866,good,0.45845216512680054,0.476305216550827,-0.24686163663864136,0.9998716711997986,0.46589428186416626,0.4683201014995575,-0.24957694113254547,0.9998332858085632,0.4695787727832794,0.4681108295917511,-0.24966540932655334,0.9998581409454346,0.4734993278980255,0.467832088470459,-0.2497318685054779,0.9998568892478943,0.45933449268341064,0.4683936834335327,-0.21713754534721375,0.9997593760490417,0.45808520913124084,0.46823492646217346,-0.21720747649669647,0.999687671661377,0.4568530321121216,0.46805739402770996,-0.21725217998027802,0.9996587038040161,0.4884946048259735,0.47015947103500366,-0.1858571618795395,0.9998498558998108,0.4629423916339874,0.47074776887893677,-0.03817520663142204,0.9993583559989929,0.46876516938209534,0.4839285612106323,-0.21696314215660095,0.9998186826705933,0.46043282747268677,0.4844171702861786,-0.17538303136825562,0.9995819330215454,0.5388850569725037,0.5053975582122803,-0.204557865858078,0.9999026656150818,0.43734291195869446,0.5194293260574341,0.13999050855636597,0.9990367889404297,0.5170783400535583,0.566478431224823,-0.35545822978019714,0.9880388379096985,0.41468775272369385,0.5733577609062195,-0.027229584753513336,0.5689626932144165,0.459917813539505,0.5229554772377014,-0.44737014174461365,0.9763239026069641,0.412248820066452,0.5277050137519836,-0.4358724355697632,0.7437204718589783,0.4495680034160614,0.5112422704696655,-0.49015164375305176,0.957791268825531,0.4148671627044678,0.5167866945266724,-0.4900321662425995,0.6876072287559509,0.4557815492153168,0.5057874917984009,-0.4754781723022461,0.9552625417709351,0.4184032380580902,0.5132623314857483,-0.48045265674591064,0.6753523349761963,0.45839035511016846,0.5084206461906433,-0.43854081630706787,0.9248993396759033,0.4203106462955475,0.5158173441886902,-0.44337424635887146,0.6229616403579712,0.5214195251464844,0.622946560382843,-0.14007307589054108,0.9997283220291138,0.467589795589447,0.6268184781074524,0.14044485986232758,0.9991948008537292,0.4926464557647705,0.712523341178894,-0.3677096962928772,0.985272228717804,0.4985944926738739,0.7114918231964111,0.27216213941574097,0.7711203694343567,0.4778093695640564,0.8071624636650085,-0.4366263449192047,0.9924042224884033,0.5372723937034607,0.7869784832000732,0.49856555461883545,0.8950252532958984,0.4868338108062744,0.8223965167999268,-0.4470531940460205,0.9569643139839172,0.5489165186882019,0.7996470332145691,0.5135176777839661,0.9033908247947693,0.4330703020095825,0.835823118686676,-0.6363803148269653,0.9873572587966919,0.49094611406326294,0.80976802110672,0.39972400665283203,0.9055294394493103
IMG_9584 6,57,1900,good,0.4588320255279541,0.4765818417072296,-0.24993927776813507,0.9998735785484314,0.46629083156585693,0.4684123694896698,-0.2535974383354187,0.9998341202735901,0.46998223662376404,0.46818044781684875,-0.2536836266517639,0.999858558177948,0.47386330366134644,0.46784135699272156,-0.2537633180618286,0.9998554587364197,0.4595794975757599,0.46852388978004456,-0.22139526903629303,0.9997659921646118,0.4582451283931732,0.46836140751838684,-0.22146537899971008,0.9996968507766724,0.4568355679512024,0.4680836796760559,-0.2215002328157425,0.9996664524078369,0.4882259666919708,0.47024038434028625,-0.18545746803283691,0.9998502731323242,0.4621600806713104,0.4707906246185303,-0.04121474176645279,0.9993554353713989,0.4690296947956085,0.4840218126773834,-0.2185065746307373,0.9998178482055664,0.46056485176086426,0.4844920039176941,-0.17747287452220917,0.999581515789032,0.5388598442077637,0.5053834319114685,-0.20267640054225922,0.99989253282547,0.43648120760917664,0.5194138288497925,0.1414782553911209,0.9990421533584595,0.5171048045158386,0.5664530396461487,-0.34130164980888367,0.9879820942878723,0.4132208824157715,0.5730600357055664,-0.021114934235811234,0.5841900706291199,0.45992374420166016,0.5231313109397888,-0.43041619658470154,0.9757208228111267,0.41187822818756104,0.5275499224662781,-0.42278996109962463,0.7553539276123047,0.4495880901813507,0.5111945867538452,-0.4793414771556854,0.9569360613822937,0.41488802433013916,0.5158066153526306,-0.4754645526409149,0.6986907720565796,0.4559192955493927,0.5057573318481445,-0.4587134122848511,0.954407811164856,0.41845107078552246,0.5123940110206604,-0.4668838083744049,0.6866310834884644,0.45841434597969055,0.5084394216537476,-0.4210691750049591,0.9236074686050415,0.42022958397865295,0.5155942440032959,-0.4306648075580597,0.6341553926467896,0.5217117667198181,0.622938871383667,-0.1393795758485794,0.9997227191925049,0.46726807951927185,0.6267832517623901,0.1397458165884018,0.9991897344589233,0.49377113580703735,0.7126959562301636,-0.35551580786705017,0.985869288444519,0.4987486004829407,0.7120565176010132,0.2614594101905823,0.7730640172958374,0.4777698516845703,0.8069484233856201,-0.41038867831230164,0.9927580952644348,0.5365511775016785,0.7884438633918762,0.47254952788352966,0.8979158401489258,0.4867337942123413,0.8225565552711487,-0.4228000044822693,0.9593666791915894,0.5487616658210754,0.8010644316673279,0.4858093857765198,0.9065815210342407,0.43320509791374207,0.8359276056289673,-0.6152858734130859,0.9876771569252014,0.4887799918651581,0.8109902739524841,0.37077680230140686,0.9070447087287903
IMG_9584 6,58,1933,good,0.4591430127620697,0.4742625951766968,-0.27232301235198975,0.9998816251754761,0.4665328562259674,0.4665161073207855,-0.2665621340274811,0.9998443126678467,0.47012627124786377,0.46646231412887573,-0.26664894819259644,0.9998669028282166,0.4739450216293335,0.4663131535053253,-0.26670753955841064,0.9998632669448853,0.45954400300979614,0.46635279059410095,-0.23976437747478485,0.9997823238372803,0.45788565278053284,0.46619242429733276,-0.23982739448547363,0.9997180700302124,0.45629265904426575,0.4659777283668518,-0.23984785377979279,0.9996891021728516,0.48827046155929565,0.4694627821445465,-0.17481787502765656,0.9998589158058167,0.4603837728500366,0.4693157970905304,-0.048305410891771317,0.999391496181488,0.46918705105781555,0.4820493757724762,-0.23115670680999756,0.9998286366462708,0.45994073152542114,0.48238492012023926,-0.19711700081825256,0.9996079802513123,0.5386382937431335,0.5053803324699402,-0.1947738081216812,0.9998913407325745,0.4338151812553406,0.51898592710495,0.13822440803050995,0.9990761280059814,0.5170606970787048,0.5666360855102539,-0.33540016412734985,0.9884102940559387,0.409353643655777,0.5729018449783325,-0.033107854425907135,0.6103943586349487,0.46080300211906433,0.5234957337379456,-0.4458569586277008,0.9767445921897888,0.41061222553253174,0.5266838073730469,-0.4409414231777191,0.7737060189247131,0.44987624883651733,0.5112330913543701,-0.49264493584632874,0.9585028290748596,0.4146333336830139,0.5150976777076721,-0.4974159002304077,0.7184630036354065,0.4570106267929077,0.5057852864265442,-0.4803929626941681,0.9560937881469727,0.4182736575603485,0.511553943157196,-0.48758402466773987,0.7067999839782715,0.4593139588832855,0.508517861366272,-0.4391542673110962,0.9263441562652588,0.419464647769928,0.5145652294158936,-0.4480859935283661,0.6557815670967102,0.5222371220588684,0.622863233089447,-0.1377779096364975,0.9997141361236572,0.46709927916526794,0.6267877817153931,0.13810080289840698,0.9991747140884399,0.4945393204689026,0.7130221724510193,-0.33150219917297363,0.9854260683059692,0.49937739968299866,0.7135633826255798,0.2556581497192383,0.7678292989730835,0.4777691960334778,0.8069424629211426,-0.349471777677536,0.9926408529281616,0.5369353294372559,0.7890674471855164,0.46171021461486816,0.896245539188385,0.48670750856399536,0.8230929374694824,-0.3614041805267334,0.959334671497345,0.5492234230041504,0.8015575408935547,0.474702388048172,0.9060705304145813,0.4324001371860504,0.8365086913108826,-0.561538815498352,0.9875460267066956,0.4886026978492737,0.8126806616783142,0.36975783109664917,0.9067173600196838
IMG_9584 6,59,1966,good,0.4593869745731354,0.4743754267692566,-0.2597463130950928,0.9998858571052551,0.46675848960876465,0.46661052107810974,-0.2567566931247711,0.9998487234115601,0.47037163376808167,0.4665355086326599,-0.2568504512310028,0.9998696446418762,0.47414252161979675,0.46636176109313965,-0.25692781805992126,0.9998646974563599,0.45951005816459656,0.46647369861602783,-0.22846682369709015,0.9997912645339966,0.45772963762283325,0.4663085639476776,-0.22852574288845062,0.9997296333312988,0.4557341933250427,0.4660778045654297,-0.22854387760162354,0.999701738357544,0.48823079466819763,0.46947181224823,-0.17046251893043518,0.9998610019683838,0.45929399132728577,0.46930503845214844,-0.04080185666680336,0.9994064569473267,0.4693222939968109,0.48211419582366943,-0.22154410183429718,0.99983149766922,0.4599058926105499,0.4824826419353485,-0.1856195628643036,0.9996199607849121,0.5384820699691772,0.5053683519363403,-0.1910393387079239,0.9998801946640015,0.4307512044906616,0.5180491209030151,0.14098142087459564,0.9991056323051453,0.5166500210762024,0.5666833519935608,-0.3224432170391083,0.9883301258087158,0.4057497978210449,0.5722737908363342,-0.024098578840494156,0.6331080794334412,0.46080803871154785,0.5234677791595459,-0.4345543682575226,0.9770742654800415,0.4093213379383087,0.5259106159210205,-0.42524027824401855,0.7889363765716553,0.4499048888683319,0.5112189054489136,-0.4767169654369354,0.9589501023292542,0.4145348370075226,0.5144217610359192,-0.47976192831993103,0.7341956496238708,0.45708709955215454,0.5057699680328369,-0.4607400894165039,0.9565643668174744,0.41827529668807983,0.5105254650115967,-0.47124457359313965,0.7227912545204163,0.45932090282440186,0.5084999203681946,-0.424348384141922,0.9273890852928162,0.41888731718063354,0.5133573412895203,-0.4331737160682678,0.6730830073356628,0.5225617289543152,0.6232837438583374,-0.1336188018321991,0.9996706247329712,0.4664992690086365,0.6271868944168091,0.13390061259269714,0.9991293549537659,0.4971427023410797,0.7139854431152344,-0.2783459424972534,0.9843120574951172,0.499138206243515,0.7163035273551941,0.22494085133075714,0.7679759860038757,0.4777750074863434,0.8070527911186218,-0.26017653942108154,0.9922176599502563,0.5365597009658813,0.7905394434928894,0.4243125915527344,0.8969485759735107,0.48611828684806824,0.8230365514755249,-0.2690216600894928,0.9587676525115967,0.5520873069763184,0.802919864654541,0.4355509579181671,0.9060548543930054,0.43722429871559143,0.836488664150238,-0.4620063602924347,0.9871963858604431,0.488787442445755,0.8154208064079285,0.30843374133110046,0.9083147048950195
IMG_9584 6,60,2000,good,0.45858052372932434,0.47384172677993774,-0.25375646352767944,0.9998893141746521,0.46683964133262634,0.46573689579963684,-0.25307193398475647,0.9998520016670227,0.47056999802589417,0.4657723307609558,-0.253156453371048,0.999871015548706,0.4743117094039917,0.46572697162628174,-0.2532561421394348,0.999864935874939,0.45886367559432983,0.46526920795440674,-0.2230946570634842,0.9997977018356323,0.4569151997566223,0.46500489115715027,-0.22315725684165955,0.999738872051239,0.454744815826416,0.46475353837013245,-0.22317294776439667,0.9997125267982483,0.4882637858390808,0.4690777361392975,-0.15910564363002777,0.9998621344566345,0.4585464894771576,0.46816179156303406,-0.03698870167136192,0.999424397945404,0.468889445066452,0.48186159133911133,-0.21788275241851807,0.9998337030410767,0.4580558240413666,0.4820067286491394,-0.18002185225486755,0.9996343851089478,0.5377177000045776,0.5054194927215576,-0.16688081622123718,0.9998651742935181,0.42700716853141785,0.5167651176452637,0.1420021802186966,0.9991365671157837,0.5162209272384644,0.5670436024665833,-0.31860223412513733,0.988262951374054,0.40354642271995544,0.5719922184944153,-0.0219098087400198,0.6558656096458435,0.4608323276042938,0.5235140919685364,-0.4555862843990326,0.97784823179245,0.4088802933692932,0.5245088338851929,-0.4249397814273834,0.8038927912712097,0.45000678300857544,0.5112043023109436,-0.5064772367477417,0.9598570466041565,0.4145433008670807,0.5130746364593506,-0.4761797785758972,0.7498044967651367,0.45791196823120117,0.50575190782547,-0.49438369274139404,0.9574957489967346,0.41830939054489136,0.5088657140731812,-0.47045212984085083,0.7385419011116028,0.4599142372608185,0.5084754824638367,-0.45026513934135437,0.9291876554489136,0.41874387860298157,0.5119491219520569,-0.4307955205440521,0.6902209520339966,0.522716224193573,0.6232842803001404,-0.1178586557507515,0.9995250701904297,0.46540477871894836,0.6273596882820129,0.11811250448226929,0.9990258812904358,0.4993788003921509,0.7144043445587158,-0.17666788399219513,0.9800917506217957,0.4993191063404083,0.7169271111488342,0.1409631073474884,0.7724829316139221,0.47741496562957764,0.8060874342918396,-0.06507199257612228,0.9899942874908447,0.5363317131996155,0.7931885719299316,0.30929937958717346,0.8987429738044739,0.48219186067581177,0.8210554122924805,-0.06428994238376617,0.956365704536438,0.5496489405632019,0.804032027721405,0.31712082028388977,0.9049577713012695,0.4471941292285919,0.8349829316139221,-0.23796267807483673,0.9852395057678223,0.4925004839897156,0.8197590708732605,0.17560625076293945,0.9093520641326904
IMG_9584 6,61,2033,good,0.45872652530670166,0.47397205233573914,-0.18444690108299255,0.9998810291290283,0.46692803502082825,0.46573635935783386,-0.1916513442993164,0.9998385906219482,0.47065338492393494,0.46574586629867554,-0.19173862040042877,0.9998566508293152,0.47440287470817566,0.4656844139099121,-0.1917993426322937,0.9998481869697571,0.4589427709579468,0.46529316902160645,-0.15908914804458618,0.9997841119766235,0.456951379776001,0.465009868144989,-0.15912485122680664,0.9997239112854004,0.45488476753234863,0.4647398591041565,-0.15919438004493713,0.9997010827064514,0.48766738176345825,0.46903038024902344,-0.14218859374523163,0.9998457431793213,0.4586072564125061,0.46810728311538696,-0.0017882512183859944,0.9994003176689148,0.4688687026500702,0.4819613993167877,-0.16154788434505463,0.9998071193695068,0.45817744731903076,0.48217788338661194,-0.12041719257831573,0.9996050596237183,0.537140429019928,0.5054176449775696,-0.162579745054245,0.9998486638069153,0.4265013337135315,0.5155702233314514,0.1557805985212326,0.9991533160209656,0.5150301456451416,0.5671985149383545,-0.3036409020423889,0.9877259731292725,0.401437908411026,0.5715054273605347,0.009770479053258896,0.6722363829612732,0.4603346288204193,0.5231942534446716,-0.40981006622314453,0.9779286980628967,0.4080074429512024,0.5234827399253845,-0.34430593252182007,0.8149706721305847,0.44998398423194885,0.5107880234718323,-0.45766180753707886,0.9597485065460205,0.4142886996269226,0.5123114585876465,-0.39310336112976074,0.7602766752243042,0.4580115079879761,0.5052850246429443,-0.44463351368904114,0.9572495818138123,0.41827088594436646,0.5080528259277344,-0.38391581177711487,0.7490160465240479,0.45992016792297363,0.507811427116394,-0.4044036865234375,0.929213285446167,0.41832786798477173,0.5111504197120667,-0.35111746191978455,0.7017920613288879,0.5222470760345459,0.6230526566505432,-0.11919377744197845,0.9993600845336914,0.46352511644363403,0.6271828413009644,0.11946550756692886,0.9988942742347717,0.5001646876335144,0.714318573474884,-0.18309703469276428,0.976028561592102,0.499015748500824,0.7168117761611938,0.15269044041633606,0.7675244212150574,0.47743692994117737,0.8055059909820557,-0.11245965212583542,0.9880394339561462,0.5360102653503418,0.7927257418632507,0.2983599007129669,0.897265613079071,0.48184096813201904,0.8192822337150574,-0.1147664412856102,0.9542375206947327,0.5522534847259521,0.8040751814842224,0.3047376275062561,0.9025357961654663,0.44686174392700195,0.8348256945610046,-0.279153972864151,0.983535885810852,0.49206191301345825,0.8189606070518494,0.18205878138542175,0.908750057220459
IMG_9584 6,62,2066,good,0.45761072635650635,0.47318845987319946,-0.19988539814949036,0.9998796582221985,0.4665091931819916,0.46481943130493164,-0.2027616798877716,0.9998371601104736,0.47034722566604614,0.46481525897979736,-0.20284834504127502,0.9998543858528137,0.4742424190044403,0.46474435925483704,-0.20290407538414001,0.9998446106910706,0.4583563804626465,0.4643658399581909,-0.17211024463176727,0.9997836947441101,0.4564753472805023,0.46406519412994385,-0.17215196788311005,0.9997230768203735,0.45432335138320923,0.4637746214866638,-0.172202929854393,0.9997004866600037,0.4874080419540405,0.46814531087875366,-0.14315007627010345,0.9998468160629272,0.45857125520706177,0.46722468733787537,-0.005437667015939951,0.9994033575057983,0.46798568964004517,0.481356680393219,-0.17112895846366882,0.9998080730438232,0.45736873149871826,0.48164722323417664,-0.13222140073776245,0.9996112585067749,0.5362697243690491,0.5053871870040894,-0.16876201331615448,0.9998530149459839,0.42509931325912476,0.5146136283874512,0.16555903851985931,0.9991880655288696,0.5133584141731262,0.5675417184829712,-0.323381632566452,0.9879744648933411,0.39825403690338135,0.5707086324691772,0.012651857919991016,0.6881417036056519,0.460162490606308,0.5232125520706177,-0.4424007833003998,0.9786157011985779,0.4069926142692566,0.5224058628082275,-0.3614024221897125,0.8258524537086487,0.44991546869277954,0.5105929374694824,-0.4914838373661041,0.9609498381614685,0.4141945242881775,0.5113580822944641,-0.4119303524494171,0.7714415788650513,0.45801466703414917,0.5051190853118896,-0.4805191457271576,0.9584993720054626,0.4182870090007782,0.5070619583129883,-0.4042627513408661,0.7602720856666565,0.4598924517631531,0.5076987147331238,-0.4370412826538086,0.9311174750328064,0.4179770350456238,0.5101068615913391,-0.3690078854560852,0.7138128876686096,0.5210144519805908,0.6230462193489075,-0.12810339033603668,0.9993488192558289,0.46128109097480774,0.6271600723266602,0.12843772768974304,0.9988640546798706,0.5000020265579224,0.7142778038978577,-0.21556542813777924,0.9749640822410583,0.49756646156311035,0.7159508466720581,0.15340925753116608,0.7573963403701782,0.4777924120426178,0.8061197400093079,-0.1519375443458557,0.9875500202178955,0.5359193086624146,0.7924432754516602,0.34320321679115295,0.8926277756690979,0.4817367494106293,0.819342851638794,-0.15838690102100372,0.9532433748245239,0.5518338680267334,0.8041653037071228,0.3538968861103058,0.901550829410553,0.4458983540534973,0.8354113698005676,-0.3075050115585327,0.9829644560813904,0.49013733863830566,0.818673312664032,0.2322172373533249,0.906572163105011
IMG_9584 6,63,2100,good,0.46389055252075195,0.47309044003486633,-0.26466092467308044,0.999876081943512,0.4722898006439209,0.4646851122379303,-0.2546514868736267,0.9998310804367065,0.4760400950908661,0.4646822512149811,-0.2547311782836914,0.9998490214347839,0.4796472489833832,0.4646163284778595,-0.2547953724861145,0.9998371601104736,0.46208295226097107,0.46420031785964966,-0.23485715687274933,0.9997763633728027,0.45888587832450867,0.46385329961776733,-0.23491598665714264,0.9997157454490662,0.456133097410202,0.46347588300704956,-0.23495084047317505,0.9996920228004456,0.4877587854862213,0.4679778516292572,-0.1440301537513733,0.9998438954353333,0.45778754353523254,0.4665541350841522,-0.04585153982043266,0.9993921518325806,0.4715748429298401,0.48109734058380127,-0.21402160823345184,0.9998033046722412,0.4588581919670105,0.48149481415748596,-0.1894775778055191,0.9996110796928406,0.5353356599807739,0.5053322315216064,-0.16045774519443512,0.9998559951782227,0.42116859555244446,0.5139101147651672,0.146824911236763,0.999211847782135,0.5126261115074158,0.5680432915687561,-0.3341292440891266,0.9882404208183289,0.39556336402893066,0.570115327835083,-0.027353037148714066,0.7050226926803589,0.45955103635787964,0.5232040882110596,-0.5175101161003113,0.9794493913650513,0.40615230798721313,0.5223747491836548,-0.41348278522491455,0.8350982666015625,0.4489334225654602,0.5105865001678467,-0.5771929621696472,0.9622899293899536,0.41419991850852966,0.5113695859909058,-0.47259771823883057,0.7799332141876221,0.4566343128681183,0.5050910115242004,-0.5665808320045471,0.9599139094352722,0.4183780252933502,0.5071273446083069,-0.46395090222358704,0.7688542604446411,0.4587559401988983,0.5076901316642761,-0.514768660068512,0.9333854913711548,0.4180099666118622,0.510033130645752,-0.4215624928474426,0.7229018807411194,0.5195282101631165,0.6231527328491211,-0.1253388375043869,0.9993207454681396,0.45743027329444885,0.627217173576355,0.12567315995693207,0.9988256096839905,0.49992111325263977,0.7142677307128906,-0.23038288950920105,0.9754278063774109,0.4952600598335266,0.7156835794448853,0.1468830555677414,0.7656112909317017,0.4775543808937073,0.8064867854118347,-0.17464832961559296,0.9876484870910645,0.5358837246894836,0.7922973036766052,0.31806671619415283,0.8963919878005981,0.480525940656662,0.8194583058357239,-0.17996805906295776,0.952667772769928,0.5517430901527405,0.8046973943710327,0.325413316488266,0.9038849472999573,0.4459995925426483,0.8356455564498901,-0.37154626846313477,0.9830249547958374,0.4874524176120758,0.8209567070007324,0.1808769255876541,0.9093368649482727
IMG_9584 6,64,2133,good,0.4605167806148529,0.46904027462005615,-0.2624967396259308,0.9998739957809448,0.4705289900302887,0.4612329602241516,-0.25140318274497986,0.9998265504837036,0.4745425283908844,0.4612794816493988,-0.25149545073509216,0.9998448491096497,0.4785411059856415,0.4612927734851837,-0.2515757381916046,0.9998309016227722,0.4606257379055023,0.4607178270816803,-0.2336750328540802,0.9997737407684326,0.4578818380832672,0.4604297876358032,-0.2337484210729599,0.9997154474258423,0.45546677708625793,0.46010085940361023,-0.23382803797721863,0.9996923804283142,0.4875584840774536,0.4657486081123352,-0.1546822190284729,0.999838650226593,0.4577215909957886,0.4638764560222626,-0.04427149519324303,0.9993912577629089,0.4699656665325165,0.477899968624115,-0.2110830843448639,0.9997979402542114,0.4574042558670044,0.4778716266155243,-0.18614144623279572,0.9996101260185242,0.5345535278320312,0.5053249001502991,-0.18263040482997894,0.9998529553413391,0.42090198397636414,0.5129778981208801,0.15364742279052734,0.9992353320121765,0.5126056671142578,0.5684540867805481,-0.35378703474998474,0.9884328842163086,0.3939039409160614,0.5696662664413452,-0.014265719801187515,0.718841552734375,0.4589388072490692,0.5240697860717773,-0.5073965191841125,0.9800156354904175,0.40467050671577454,0.522400975227356,-0.4125484228134155,0.8442938327789307,0.4482300877571106,0.5109837651252747,-0.5620547533035278,0.9631573557853699,0.4142211973667145,0.511427104473114,-0.47098979353904724,0.7892952561378479,0.45602479577064514,0.5051730871200562,-0.5495604276657104,0.960800051689148,0.4191935062408447,0.5069853663444519,-0.46168601512908936,0.7782174348831177,0.45811164379119873,0.5078817009925842,-0.5023112297058105,0.9346600770950317,0.4180096685886383,0.5098240971565247,-0.42087581753730774,0.7328601479530334,0.5179610252380371,0.6231493353843689,-0.13227081298828125,0.9992681741714478,0.4551759660243988,0.6272056102752686,0.13255490362644196,0.9987914562225342,0.4981517791748047,0.714265763759613,-0.23693060874938965,0.975391685962677,0.49287062883377075,0.7156333923339844,0.16469977796077728,0.7689271569252014,0.47803357243537903,0.8054548501968384,-0.177963986992836,0.987523078918457,0.5358086228370667,0.7921336889266968,0.3437633812427521,0.8972058892250061,0.4817444384098053,0.8196454048156738,-0.18213611841201782,0.9528508186340332,0.551690399646759,0.8046272993087769,0.35260650515556335,0.9053845405578613,0.4432953894138336,0.8360670804977417,-0.3677862286567688,0.9826417565345764,0.48536935448646545,0.8203719854354858,0.21860933303833008,0.9099662899971008
IMG_9584 6,65,2166,good,0.45862847566604614,0.46846824884414673,-0.2557295262813568,0.999876856803894,0.46960142254829407,0.46067243814468384,-0.2520613670349121,0.9998298287391663,0.4741000831127167,0.46077653765678406,-0.2521474361419678,0.9998472929000854,0.47847068309783936,0.4608510136604309,-0.2522187829017639,0.9998322129249573,0.45920130610466003,0.46014416217803955,-0.2270912230014801,0.9997795224189758,0.45670202374458313,0.45990821719169617,-0.22715674340724945,0.9997237324714661,0.4545115828514099,0.4596397280693054,-0.2272161990404129,0.9997016787528992,0.48765864968299866,0.46518000960350037,-0.16504336893558502,0.9998441934585571,0.4573259949684143,0.46313250064849854,-0.04063841328024864,0.9994170665740967,0.4697798788547516,0.4773210287094116,-0.21212241053581238,0.999806821346283,0.45645323395729065,0.4770772159099579,-0.180746927857399,0.999629557132721,0.5338618755340576,0.5052067041397095,-0.18089625239372253,0.9998592734336853,0.4211329519748688,0.5119224786758423,0.15775395929813385,0.999282956123352,0.5141371488571167,0.5688539147377014,-0.3484398424625397,0.9887331128120422,0.39275309443473816,0.5693079829216003,-0.0011920726392418146,0.7308908104896545,0.4545886218547821,0.5281965732574463,-0.5172466039657593,0.9804190397262573,0.4032644033432007,0.5224509239196777,-0.4086480736732483,0.8524141907691956,0.44233909249305725,0.5163957476615906,-0.5732723474502563,0.9636291265487671,0.41442254185676575,0.511888325214386,-0.46530991792678833,0.7979750037193298,0.44753140211105347,0.5096433162689209,-0.5606476068496704,0.9612663984298706,0.4194382131099701,0.5071220397949219,-0.45629066228866577,0.7868430614471436,0.4498583674430847,0.5129928588867188,-0.5118170380592346,0.9351764917373657,0.41801783442497253,0.5099263787269592,-0.4168556034564972,0.741442859172821,0.5158446431159973,0.6231842637062073,-0.1321852207183838,0.9992659687995911,0.4517252743244171,0.6271278858184814,0.13246415555477142,0.9988077282905579,0.4963877499103546,0.7143824696540833,-0.24320997297763824,0.9750598073005676,0.4872894883155823,0.7154744863510132,0.15975522994995117,0.7763031125068665,0.4783789813518524,0.8062859773635864,-0.18418468534946442,0.9873509407043457,0.5361447930335999,0.792098343372345,0.3467414975166321,0.8991104960441589,0.48180457949638367,0.8200127482414246,-0.1882902979850769,0.9529377222061157,0.5513885617256165,0.8039414286613464,0.356270968914032,0.9065309166908264,0.44389447569847107,0.8361414670944214,-0.3811355233192444,0.9825671911239624,0.4895698130130768,0.8202923536300659,0.2203235775232315,0.9115340709686279
IMG_9584 6,66,2200,good,0.45809459686279297,0.46863266825675964,-0.28384286165237427,0.9998621344566345,0.46934258937835693,0.46090781688690186,-0.2867858409881592,0.9998052716255188,0.47404661774635315,0.4609943926334381,-0.28686127066612244,0.9998248219490051,0.4784764051437378,0.46105268597602844,-0.28696107864379883,0.9998056888580322,0.45855358242988586,0.46040186285972595,-0.25827908515930176,0.9997507929801941,0.4560565650463104,0.46015241742134094,-0.2583426237106323,0.9996923804283142,0.4538923501968384,0.45986053347587585,-0.25839293003082275,0.9996697902679443,0.48807671666145325,0.4649611711502075,-0.19992229342460632,0.9998318552970886,0.4570973217487335,0.46276479959487915,-0.07100937515497208,0.9993788003921509,0.46976932883262634,0.47725942730903625,-0.24244791269302368,0.9998016357421875,0.45593756437301636,0.47684338688850403,-0.2066250443458557,0.9996219873428345,0.5336668491363525,0.5052068829536438,-0.18458586931228638,0.9998617768287659,0.42149221897125244,0.5097577571868896,0.13010889291763306,0.9993181228637695,0.5187371969223022,0.569373369216919,-0.3461041748523712,0.9885120987892151,0.39142677187919617,0.5672933459281921,-0.02590593881905079,0.7308812141418457,0.45152923464775085,0.5334410667419434,-0.516131579875946,0.9796399474143982,0.4033679962158203,0.5267894864082336,-0.43846046924591064,0.8529940247535706,0.43817245960235596,0.5225293636322021,-0.5714412927627563,0.961915910243988,0.4147712290287018,0.5175389051437378,-0.5004457235336304,0.7978025078773499,0.44124695658683777,0.5155209302902222,-0.5592815279960632,0.9593361020088196,0.4196549952030182,0.5111765265464783,-0.4937988221645355,0.7862971425056458,0.4451351463794708,0.5188368558883667,-0.5105703473091125,0.9318497776985168,0.41820278763771057,0.5134186744689941,-0.4474293887615204,0.7393442988395691,0.5131001472473145,0.622949481010437,-0.11608345061540604,0.9992457628250122,0.4466162323951721,0.6257678270339966,0.11629286408424377,0.9988162517547607,0.4953582286834717,0.7147045731544495,-0.22627344727516174,0.9752429723739624,0.4817158877849579,0.7153958082199097,0.10349525511264801,0.7908976674079895,0.47844305634498596,0.8077320456504822,-0.1330549716949463,0.9874997735023499,0.5359852313995361,0.7919163107872009,0.2907210886478424,0.9054965972900391,0.48080432415008545,0.8214901685714722,-0.1349981278181076,0.9512596130371094,0.5512422919273376,0.8025783896446228,0.30014878511428833,0.9098322987556458,0.44710808992385864,0.8363558650016785,-0.33740049600601196,0.9825797080993652,0.4933660328388214,0.8200677037239075,0.1542709916830063,0.9163973927497864
IMG_9584 6,67,2233,good,0.45758697390556335,0.4677709937095642,-0.2727307975292206,0.9998647570610046,0.46870121359825134,0.46038615703582764,-0.2742675244808197,0.9998081922531128,0.47357919812202454,0.46047449111938477,-0.27433842420578003,0.9998270869255066,0.47826194763183594,0.4605286717414856,-0.27442070841789246,0.9998093843460083,0.45786991715431213,0.45992231369018555,-0.2468852549791336,0.999751627445221,0.45551982522010803,0.4596955478191376,-0.24692998826503754,0.9996929168701172,0.4533982276916504,0.4594237506389618,-0.24695228040218353,0.9996716976165771,0.4881475269794464,0.4640631079673767,-0.18867792189121246,0.9998390674591064,0.4571056067943573,0.4620830714702606,-0.061432406306266785,0.9993861317634583,0.46965813636779785,0.47655877470970154,-0.23214823007583618,0.9998126029968262,0.45542073249816895,0.4757108986377716,-0.1968061774969101,0.9996373653411865,0.5337691903114319,0.5052147507667542,-0.14872823655605316,0.9998699426651001,0.4217217266559601,0.5070585608482361,0.12868927419185638,0.999347448348999,0.5233988165855408,0.5695558786392212,-0.25677865743637085,0.9881837964057922,0.39013606309890747,0.5614054203033447,-0.018991367891430855,0.7190467119216919,0.4502522349357605,0.5387595295906067,-0.40462440252304077,0.9787143468856812,0.4036468267440796,0.5341030359268188,-0.4043205976486206,0.8420627117156982,0.43526801466941833,0.5290984511375427,-0.45124122500419617,0.9597511291503906,0.41393139958381653,0.5266503095626831,-0.4714283347129822,0.7855188250541687,0.4371015429496765,0.5219356417655945,-0.44565075635910034,0.9569141268730164,0.41931262612342834,0.5198391079902649,-0.4732830822467804,0.7735848426818848,0.44141775369644165,0.5245470404624939,-0.39997702836990356,0.9284523129463196,0.4181331396102905,0.5219452381134033,-0.41600099205970764,0.7256666421890259,0.5077690482139587,0.6229026317596436,-0.09207707643508911,0.9992571473121643,0.4409726560115814,0.6242612600326538,0.09213853627443314,0.9988385438919067,0.4927435517311096,0.715142548084259,-0.16157621145248413,0.9760158658027649,0.4700296223163605,0.7153164148330688,0.054783742874860764,0.8091434240341187,0.4780384302139282,0.807709276676178,-0.011021203361451626,0.9879778623580933,0.5327031016349792,0.7900206446647644,0.24499022960662842,0.9132753610610962,0.4777151048183441,0.8215670585632324,-0.008323606103658676,0.9484834671020508,0.5498692393302917,0.7981287240982056,0.2552463710308075,0.9143736958503723,0.4487400949001312,0.8357637524604797,-0.21370287239551544,0.9830107092857361,0.5033599138259888,0.8199520707130432,0.11295600235462189,0.9225749373435974
IMG_9584 6,68,2266,good,0.4579693675041199,0.4663633108139038,-0.2790752649307251,0.9998385906219482,0.4689110815525055,0.4590826630592346,-0.27083301544189453,0.9997720122337341,0.47401633858680725,0.4591767191886902,-0.2708978056907654,0.9997963905334473,0.47902199625968933,0.45922616124153137,-0.2710001766681671,0.9997863173484802,0.45788612961769104,0.45877376198768616,-0.25255802273750305,0.9996863603591919,0.4555242359638214,0.45866602659225464,-0.25257232785224915,0.9996074438095093,0.4533659815788269,0.45850229263305664,-0.2525433301925659,0.9995796084403992,0.48894602060317993,0.46272554993629456,-0.14997145533561707,0.9998283982276917,0.45686963200569153,0.4613081216812134,-0.06853391230106354,0.9992297291755676,0.470569908618927,0.47541722655296326,-0.22884228825569153,0.9998090863227844,0.4554673731327057,0.47491997480392456,-0.20515020191669464,0.9995970129966736,0.5346758961677551,0.5059279203414917,-0.09606822580099106,0.9998787641525269,0.4216081202030182,0.5071911215782166,0.08765225112438202,0.9993085861206055,0.5343800783157349,0.569649875164032,-0.16963481903076172,0.9876922369003296,0.38982805609703064,0.5579779148101807,-0.032191917300224304,0.6933138370513916,0.45055773854255676,0.5489357113838196,-0.29749247431755066,0.9760809540748596,0.4119125306606293,0.5446733236312866,-0.3704524040222168,0.801763117313385,0.4325222373008728,0.5439820885658264,-0.34274739027023315,0.9544147253036499,0.428533136844635,0.5435534715652466,-0.4377410113811493,0.7466379404067993,0.4336673319339752,0.535201907157898,-0.3393438458442688,0.9513469338417053,0.4223026931285858,0.5333715081214905,-0.44217801094055176,0.7345536947250366,0.4397306740283966,0.5358743667602539,-0.2939881682395935,0.9209641218185425,0.4234420955181122,0.5347499847412109,-0.3825267255306244,0.6875056028366089,0.505004346370697,0.6228945255279541,-0.06668898463249207,0.9992814064025879,0.43595612049102783,0.6234518885612488,0.06676491349935532,0.9988333582878113,0.492720365524292,0.7151283621788025,-0.11097203195095062,0.9767720103263855,0.4555104672908783,0.7143451571464539,0.05754297971725464,0.8253398537635803,0.47803667187690735,0.8076719045639038,0.05977962538599968,0.9883233904838562,0.5252524614334106,0.7877028584480286,0.27846410870552063,0.919926643371582,0.477860689163208,0.8210558891296387,0.06462768465280533,0.9405149817466736,0.5460236668586731,0.7945575714111328,0.2914004921913147,0.915751039981842,0.44975295662879944,0.8357662558555603,-0.14887069165706635,0.9831029772758484,0.5053589344024658,0.8169251084327698,0.15021319687366486,0.9277348518371582
