video_no,frame,timestamp_ms,good,x0,y0,z0,visibility0,x1,y1,z1,visibility1,x2,y2,z2,visibility2,x3,y3,z3,visibility3,x4,y4,z4,visibility4,x5,y5,z5,visibility5,x6,y6,z6,visibility6,x7,y7,z7,visibility7,x8,y8,z8,visibility8,x9,y9,z9,visibility9,x10,y10,z10,visibility10,x11,y11,z11,visibility11,x12,y12,z12,visibility12,x13,y13,z13,visibility13,x14,y14,z14,visibility14,x15,y15,z15,visibility15,x16,y16,z16,visibility16,x17,y17,z17,visibility17,x18,y18,z18,visibility18,x19,y19,z19,visibility19,x20,y20,z20,visibility20,x21,y21,z21,visibility21,x22,y22,z22,visibility22,x23,y23,z23,visibility23,x24,y24,z24,visibility24,x25,y25,z25,visibility25,x26,y26,z26,visibility26,x27,y27,z27,visibility27,x28,y28,z28,visibility28,x29,y29,z29,visibility29,x30,y30,z30,visibility30,x31,y31,z31,visibility31,x32,y32,z32,visibility32
kick5_cl_3,1,33,bad,0.5242215991020203,0.17529034614562988,-0.0826934278011322,0.9999955892562866,0.5287975072860718,0.1577150523662567,-0.09815453737974167,0.9999961853027344,0.5313940644264221,0.1564752757549286,-0.09814180433750153,0.9999963045120239,0.5342791676521301,0.15507856011390686,-0.09813482314348221,0.9999959468841553,0.524787962436676,0.15897521376609802,-0.06626150757074356,0.9999963045120239,0.5244043469429016,0.15856507420539856,-0.06629735231399536,0.9999947547912598,0.523922860622406,0.1579831838607788,-0.06632914394140244,0.9999958276748657,0.5504251718521118,0.15626102685928345,-0.11560080945491791,0.9999949932098389,0.5367472767829895,0.1573435664176941,0.026056068018078804,0.9999933242797852,0.5314880013465881,0.188643217086792,-0.08567831665277481,0.9999891519546509,0.5266280174255371,0.19201144576072693,-0.04468495398759842,0.99998939037323,0.5816172361373901,0.247096449136734,-0.16295062005519867,0.9999117851257324,0.5336716771125793,0.2659781873226166,0.12843284010887146,0.9998941421508789,0.5286740064620972,0.30011966824531555,-0.2169882357120514,0.9911210536956787,0.47540023922920227,0.3213600516319275,0.05150245502591133,0.9531332850456238,0.5112503170967102,0.18587055802345276,-0.15486298501491547,0.9667086005210876,0.48751938343048096,0.2190636694431305,-0.14404399693012238,0.9471549987792969,0.5065519213676453,0.15995603799819946,-0.17096446454524994,0.9445720911026001,0.4878700077533722,0.18806296586990356,-0.17248500883579254,0.8840650916099548,0.5124222636222839,0.15278136730194092,-0.17258121073246002,0.9387989640235901,0.49049121141433716,0.18289077281951904,-0.15793609619140625,0.8737692832946777,0.5158411264419556,0.16298452019691467,-0.15210416913032532,0.9147915244102478,0.4928443133831024,0.19044947624206543,-0.14550070464611053,0.851767897605896,0.5640386939048767,0.5179876089096069,-0.10682425647974014,0.9998939037322998,0.5474741458892822,0.5212447643280029,0.10689722746610641,0.9997606873512268,0.5148375630378723,0.711805522441864,-0.18958112597465515,0.9626156091690063,0.560429036617279,0.6992411613464355,0.19870997965335846,0.540482223033905,0.5102578997612,0.930827260017395,-0.23978880047798157,0.9896210432052612,0.6016875505447388,0.8741401433944702,0.2936992943286896,0.7723823189735413,0.5212699770927429,0.9635897278785706,-0.24950094521045685,0.979036271572113,0.6166890859603882,0.9003427028656006,0.3006129264831543,0.8605721592903137,0.4602225422859192,0.981740415096283,-0.3504236340522766,0.9883288145065308,0.5601251125335693,0.9091497659683228,0.2607309818267822,0.85372394323349
kick5_cl_3,2,66,bad,0.5228933095932007,0.17497117817401886,-0.06491079926490784,0.9999956488609314,0.5280770063400269,0.1574813723564148,-0.0816631019115448,0.9999962449073792,0.5306159257888794,0.15626592934131622,-0.08165320754051208,0.9999963641166687,0.5334638953208923,0.15484711527824402,-0.08163979649543762,0.9999960064888,0.5243621468544006,0.15862633287906647,-0.04804150387644768,0.9999963045120239,0.5241796374320984,0.15821042656898499,-0.048083145171403885,0.9999948143959045,0.523872971534729,0.15760573744773865,-0.04809471219778061,0.9999958276748657,0.5504263043403625,0.15624414384365082,-0.10632041841745377,0.9999950528144836,0.5367644429206848,0.15719543397426605,0.043860360980033875,0.9999932050704956,0.5304596424102783,0.18862445652484894,-0.07040867954492569,0.9999890923500061,0.526056170463562,0.19178900122642517,-0.026999566704034805,0.9999890923500061,0.5818782448768616,0.2470904290676117,-0.15729767084121704,0.9999160170555115,0.5341784954071045,0.2664714455604553,0.14234255254268646,0.9998943209648132,0.5288242101669312,0.3004302382469177,-0.21767738461494446,0.9910110235214233,0.47421714663505554,0.3213415741920471,0.04942536726593971,0.9500377178192139,0.5083401799201965,0.188127338886261,-0.1601179540157318,0.9663276076316833,0.48686155676841736,0.21783079206943512,-0.17800985276699066,0.9459402561187744,0.5046473145484924,0.16277801990509033,-0.1755404770374298,0.9443114995956421,0.4878314435482025,0.18786197900772095,-0.20984117686748505,0.8832959532737732,0.5114067196846008,0.15530455112457275,-0.1761385053396225,0.9386385083198547,0.4905005395412445,0.18281187117099762,-0.19334401190280914,0.8728839159011841,0.514315128326416,0.16781246662139893,-0.15658803284168243,0.9142130613327026,0.49282896518707275,0.19044511020183563,-0.1795189529657364,0.8504208326339722,0.5625793933868408,0.517987072467804,-0.10797300189733505,0.9998986124992371,0.5465959310531616,0.5206345319747925,0.10801123827695847,0.9997673630714417,0.5118066668510437,0.7120996713638306,-0.20174391567707062,0.9637067914009094,0.5580703020095825,0.699616014957428,0.20059822499752045,0.5371711254119873,0.5106695890426636,0.9312229752540588,-0.26572421193122864,0.9899429082870483,0.6007213592529297,0.8739553689956665,0.3000839650630951,0.7728627920150757,0.5221125483512878,0.9640387892723083,-0.27618274092674255,0.9795107245445251,0.6166170239448547,0.9004144668579102,0.30779069662094116,0.8620525002479553,0.46026450395584106,0.9823123216629028,-0.37670183181762695,0.9886810779571533,0.5603237152099609,0.9101688861846924,0.2716923952102661,0.8555911779403687
kick5_cl_3,3,100,bad,0.5228139162063599,0.174245223402977,-0.06615537405014038,0.999995768070221,0.5280982851982117,0.15666094422340393,-0.08238302916288376,0.9999963641166687,0.5306246876716614,0.1555539220571518,-0.0823710635304451,0.9999964833259583,0.5334694981575012,0.15424492955207825,-0.08235792815685272,0.9999961256980896,0.524361789226532,0.1577073335647583,-0.04874173551797867,0.9999963641166687,0.5241777896881104,0.1572943478822708,-0.04878862202167511,0.9999949336051941,0.5238744020462036,0.15672516822814941,-0.04879406839609146,0.9999958872795105,0.550427258014679,0.15609411895275116,-0.10390878468751907,0.999995231628418,0.5367726683616638,0.15669892728328705,0.047301944345235825,0.9999932646751404,0.5303281545639038,0.1882525533437729,-0.07034151256084442,0.9999891519546509,0.5258524417877197,0.19106553494930267,-0.026870770379900932,0.9999889731407166,0.5817481875419617,0.24735452234745026,-0.15768256783485413,0.999920666217804,0.5341604948043823,0.2664681077003479,0.15046246349811554,0.9998960494995117,0.5258437395095825,0.3004313111305237,-0.22599981725215912,0.9909735918045044,0.472298800945282,0.32072344422340393,0.042219601571559906,0.9471343755722046,0.5041629076004028,0.18934325873851776,-0.1680472493171692,0.9664647579193115,0.48663845658302307,0.21678529679775238,-0.2075973004102707,0.9451107382774353,0.5001912713050842,0.16444182395935059,-0.183407723903656,0.9448621273040771,0.48799610137939453,0.1876383274793625,-0.2412789762020111,0.8833912014961243,0.5051498413085938,0.1578289270401001,-0.1824224889278412,0.9393354654312134,0.4910697340965271,0.1827985942363739,-0.22351643443107605,0.8729020357131958,0.5081153512001038,0.17011842131614685,-0.16363947093486786,0.9147927165031433,0.49309825897216797,0.19039283692836761,-0.20916138589382172,0.8501743674278259,0.5600744485855103,0.5198282599449158,-0.11155794560909271,0.9999027252197266,0.5447409749031067,0.521129310131073,0.11154484748840332,0.9997751116752625,0.5064507126808167,0.7131627798080444,-0.19796299934387207,0.9651049971580505,0.5529358386993408,0.7005188465118408,0.20084787905216217,0.5381672978401184,0.5106619596481323,0.9312808513641357,-0.24531860649585724,0.9903259873390198,0.5975006818771362,0.87373948097229,0.2995198369026184,0.777910053730011,0.5223017334938049,0.9647175073623657,-0.25306183099746704,0.9801883697509766,0.6141492128372192,0.9001092314720154,0.30713987350463867,0.866508960723877,0.4593786895275116,0.9860115051269531,-0.3456033170223236,0.9890668392181396,0.5552165508270264,0.9103043675422668,0.27210453152656555,0.8598102927207947
kick5_cl_3,4,133,bad,0.5221262574195862,0.1740628033876419,-0.06081937253475189,0.9999959468841553,0.5278703570365906,0.1564277559518814,-0.0751815140247345,0.999996542930603,0.5304394960403442,0.15534643828868866,-0.07516146451234818,0.9999966621398926,0.5332803130149841,0.1540510058403015,-0.07514292746782303,0.9999963641166687,0.5237882137298584,0.15746185183525085,-0.04264558479189873,0.9999964833259583,0.5234980583190918,0.1570528894662857,-0.042696595191955566,0.9999951124191284,0.5231320261955261,0.15648861229419708,-0.0426819883286953,0.9999960660934448,0.5502616763114929,0.1560789793729782,-0.08909080177545547,0.9999954700469971,0.535984218120575,0.1564902365207672,0.05706031247973442,0.9999934434890747,0.5295978784561157,0.1882089525461197,-0.06238679587841034,0.9999896287918091,0.5247853398323059,0.19093234837055206,-0.02024724707007408,0.9999892711639404,0.581464409828186,0.2473919689655304,-0.14253012835979462,0.9999264478683472,0.5325502753257751,0.26642999053001404,0.15767483413219452,0.9998987913131714,0.5259047150611877,0.30034300684928894,-0.22346188127994537,0.9910898208618164,0.46984341740608215,0.31967398524284363,0.04142994433641434,0.9457773566246033,0.5029873847961426,0.18969815969467163,-0.16811248660087585,0.9671379923820496,0.4858878254890442,0.2151745706796646,-0.2068522870540619,0.9449781179428101,0.49953028559684753,0.1646776646375656,-0.1834476888179779,0.9461488127708435,0.4879676103591919,0.1863047480583191,-0.24090181291103363,0.8842417001724243,0.5040973424911499,0.15827405452728271,-0.18146102130413055,0.9408137202262878,0.49107256531715393,0.18154212832450867,-0.22246120870113373,0.8735855221748352,0.507637083530426,0.17027197778224945,-0.16320332884788513,0.9164028167724609,0.49307867884635925,0.18954388797283173,-0.20794038474559784,0.8507347702980042,0.5579684376716614,0.5198194980621338,-0.11356034874916077,0.9999099969863892,0.5406365990638733,0.520968496799469,0.11354296654462814,0.999788224697113,0.5023889541625977,0.7143760919570923,-0.21454395353794098,0.9672313332557678,0.5486233234405518,0.701091468334198,0.21082541346549988,0.541461169719696,0.5087307095527649,0.9318796992301941,-0.28424036502838135,0.9909941554069519,0.5969943404197693,0.8733912110328674,0.3155703842639923,0.7853395342826843,0.5220401287078857,0.9648343920707703,-0.2941801846027374,0.9812281727790833,0.6127175688743591,0.8991922736167908,0.32455307245254517,0.8712084889411926,0.4584375023841858,0.9906063675880432,-0.3930782079696655,0.989824116230011,0.5530343651771545,0.9130874872207642,0.29185187816619873,0.866413950920105
kick5_cl_3,5,166,bad,0.5216686725616455,0.1729043871164322,-0.05288859084248543,0.9999961853027344,0.5275604724884033,0.15560545027256012,-0.0669570043683052,0.9999967813491821,0.5301206111907959,0.15446144342422485,-0.06693043559789658,0.9999969005584717,0.5329946875572205,0.15325017273426056,-0.06690575927495956,0.9999966025352478,0.523507833480835,0.15668220818042755,-0.033881474286317825,0.9999967217445374,0.5232445001602173,0.1562574803829193,-0.033940695226192474,0.9999954104423523,0.5229318737983704,0.15568582713603973,-0.03391554206609726,0.9999963045120239,0.5501859188079834,0.15573649108409882,-0.08247558027505875,0.999995768070221,0.53551185131073,0.15594802796840668,0.06611744314432144,0.9999938011169434,0.5291104316711426,0.18736834824085236,-0.05521653965115547,0.9999902248382568,0.5243932604789734,0.189507395029068,-0.012501463294029236,0.9999897480010986,0.5813302993774414,0.24765051901340485,-0.13809843361377716,0.999931275844574,0.5293043851852417,0.2663366198539734,0.16337159276008606,0.9999022483825684,0.5260111093521118,0.3002758026123047,-0.2106936126947403,0.9909669160842896,0.4662957787513733,0.31914833188056946,0.042070191353559494,0.9453752636909485,0.5029820203781128,0.18991783261299133,-0.14708106219768524,0.9664895534515381,0.48443537950515747,0.21381200850009918,-0.2090112566947937,0.9459481239318848,0.49964502453804016,0.16462674736976624,-0.15942169725894928,0.9455928802490234,0.4870964586734772,0.1847246289253235,-0.2432345598936081,0.8871206045150757,0.5046461820602417,0.1586725264787674,-0.1553262621164322,0.9403418302536011,0.49030396342277527,0.18012666702270508,-0.22513525187969208,0.8766832947731018,0.5079780220985413,0.17081917822360992,-0.14080214500427246,0.9156150817871094,0.4921759366989136,0.18826143443584442,-0.21002739667892456,0.8539382219314575,0.5561074614524841,0.5199674963951111,-0.11623509228229523,0.9999167323112488,0.5355013012886047,0.5209898352622986,0.11620636284351349,0.9998019337654114,0.4993867576122284,0.714965283870697,-0.2276148647069931,0.9697080254554749,0.544895589351654,0.701094925403595,0.2193225473165512,0.5548124313354492,0.5067498683929443,0.9324957132339478,-0.30238983035087585,0.9917028546333313,0.5960039496421814,0.8731871843338013,0.32925286889076233,0.7964587807655334,0.5206760764122009,0.9651722311973572,-0.3128371238708496,0.9824756383895874,0.612843930721283,0.8989620208740234,0.33888810873031616,0.8780329823493958,0.45844608545303345,0.9928275942802429,-0.4145078957080841,0.9905596971511841,0.549034833908081,0.9147520661354065,0.3064965605735779,0.8737263679504395
kick5_cl_3,6,200,bad,0.5205256342887878,0.17207272350788116,-0.05192914977669716,0.9999964237213135,0.5265001058578491,0.15489110350608826,-0.06460994482040405,0.9999969601631165,0.5291294455528259,0.15375101566314697,-0.06458470970392227,0.999997079372406,0.5320448875427246,0.15261399745941162,-0.06456302106380463,0.9999967813491821,0.52230304479599,0.15604089200496674,-0.03245602920651436,0.9999969005584717,0.5219438672065735,0.1556559056043625,-0.03251729905605316,0.9999956488609314,0.5215649604797363,0.15513192117214203,-0.03249174728989601,0.9999964833259583,0.5495980978012085,0.1555270552635193,-0.07447714358568192,0.9999960064888,0.5338791012763977,0.15558460354804993,0.06976024061441422,0.9999940395355225,0.5279534459114075,0.18684405088424683,-0.05239738151431084,0.999990701675415,0.5231115818023682,0.18886715173721313,-0.010889503173530102,0.9999901056289673,0.5808972716331482,0.24871665239334106,-0.1262686848640442,0.9999354481697083,0.524945855140686,0.26613718271255493,0.1644851714372635,0.999904215335846,0.5255656838417053,0.29954028129577637,-0.20173868536949158,0.9908519983291626,0.4616389274597168,0.31894928216934204,0.040403835475444794,0.945456862449646,0.5023508667945862,0.18992501497268677,-0.14571353793144226,0.9666163921356201,0.4826950132846832,0.21085359156131744,-0.2133728414773941,0.9471907019615173,0.4993993043899536,0.16430863738059998,-0.15902414917945862,0.9461187720298767,0.48625341057777405,0.18246984481811523,-0.249063640832901,0.8902403116226196,0.5047218203544617,0.1586049199104309,-0.15390731394290924,0.9410363435745239,0.4893055558204651,0.1779893934726715,-0.22910404205322266,0.8799260258674622,0.5074679255485535,0.17079424858093262,-0.139413982629776,0.916428804397583,0.49085912108421326,0.1859235316514969,-0.21365393698215485,0.8573713302612305,0.5534697771072388,0.5213193893432617,-0.11601512879133224,0.9999234080314636,0.5290704369544983,0.5217620730400085,0.11599235981702805,0.9998152852058411,0.4988994002342224,0.7163759469985962,-0.23722980916500092,0.9718752503395081,0.5403384566307068,0.7013227343559265,0.23174238204956055,0.5611194968223572,0.5052130222320557,0.9329239726066589,-0.3164474070072174,0.9923195242881775,0.5938348174095154,0.8714641332626343,0.3583186864852905,0.8040149807929993,0.5202881693840027,0.9651578664779663,-0.3269573748111725,0.9835557341575623,0.6124082803726196,0.8955513834953308,0.3699082136154175,0.882815420627594,0.46053817868232727,0.9939115047454834,-0.4295462667942047,0.991221010684967,0.5490313768386841,0.9151991009712219,0.33945831656455994,0.8794202208518982
kick5_cl_3,7,233,bad,0.5192572474479675,0.17030012607574463,-0.0557560920715332,0.9999962449073792,0.5254069566726685,0.15309783816337585,-0.06915213167667389,0.9999967813491821,0.5281167030334473,0.1520383656024933,-0.06913542002439499,0.9999969601631165,0.5311298966407776,0.15094591677188873,-0.06911670416593552,0.9999966025352478,0.5212340950965881,0.1543145477771759,-0.03704683855175972,0.9999966621398926,0.5210005044937134,0.15399427711963654,-0.03710209205746651,0.9999952912330627,0.5207660794258118,0.15352149307727814,-0.03708937019109726,0.9999961853027344,0.5493139028549194,0.15471231937408447,-0.08143741637468338,0.9999956488609314,0.5333881378173828,0.15439246594905853,0.06275785714387894,0.9999935030937195,0.526985764503479,0.1855098456144333,-0.0569014698266983,0.9999902248382568,0.5222539305686951,0.18759433925151825,-0.015437197871506214,0.9999890923500061,0.5807895064353943,0.2492290884256363,-0.1296672821044922,0.9999378323554993,0.5213987827301025,0.26511818170547485,0.15445701777935028,0.9999018907546997,0.5258916616439819,0.2989579439163208,-0.219451442360878,0.9906641840934753,0.4602999687194824,0.3169700801372528,0.020143993198871613,0.9458566904067993,0.5021631717681885,0.18855993449687958,-0.2214093655347824,0.9676296710968018,0.4802674651145935,0.20838342607021332,-0.2363206446170807,0.9491013884544373,0.499171644449234,0.1625186949968338,-0.24239666759967804,0.9479921460151672,0.48481711745262146,0.1786888986825943,-0.27304208278656006,0.8939948678016663,0.5048319101333618,0.1566353738307953,-0.23508892953395844,0.9431688785552979,0.48768851161003113,0.17380720376968384,-0.25322020053863525,0.883833110332489,0.5073734521865845,0.16854658722877502,-0.21588893234729767,0.9188162088394165,0.4889831244945526,0.18237091600894928,-0.23632840812206268,0.8614190816879272,0.550044059753418,0.5230427980422974,-0.11402889341115952,0.9999290108680725,0.5214434862136841,0.5221392512321472,0.11400782316923141,0.9998247027397156,0.49962887167930603,0.7163180112838745,-0.2399081289768219,0.9738328456878662,0.5349006056785583,0.7020817995071411,0.27247756719589233,0.5627094507217407,0.5046451687812805,0.9328897595405579,-0.3218640387058258,0.9928571581840515,0.5866787433624268,0.8640421628952026,0.44515886902809143,0.8027857542037964,0.5177637934684753,0.9651250839233398,-0.3333236873149872,0.9841296076774597,0.6061076521873474,0.8852344155311584,0.4614226520061493,0.8832200169563293,0.46077054738998413,0.9938117265701294,-0.44418129324913025,0.9917463064193726,0.5491704344749451,0.9097533822059631,0.43212759494781494,0.8816474080085754
kick5_cl_3,8,266,bad,0.5181936621665955,0.1686009168624878,-0.056734003126621246,0.9999959468841553,0.5241404175758362,0.1512330174446106,-0.07095528393983841,0.999996542930603,0.526811957359314,0.15013454854488373,-0.07094404101371765,0.9999967813491821,0.5298058986663818,0.14891400933265686,-0.07092639803886414,0.9999963641166687,0.5201992392539978,0.15263479948043823,-0.03887967765331268,0.9999962449073792,0.5201155543327332,0.1524444818496704,-0.03893762081861496,0.9999948740005493,0.5200513005256653,0.15208417177200317,-0.038941264152526855,0.999995768070221,0.548839807510376,0.1531549096107483,-0.0841815248131752,0.9999952912330627,0.5331563353538513,0.1530165672302246,0.059435948729515076,0.9999930262565613,0.52605140209198,0.18444329500198364,-0.05879724770784378,0.9999896287918091,0.5215680003166199,0.1868821084499359,-0.017239581793546677,0.9999880790710449,0.5807264447212219,0.2493501752614975,-0.13378861546516418,0.9999399781227112,0.5205836892127991,0.26417168974876404,0.14696000516414642,0.999900221824646,0.5260284543037415,0.2989123463630676,-0.2210327535867691,0.9902312159538269,0.45901721715927124,0.31536582112312317,0.016178566962480545,0.9456105828285217,0.5023439526557922,0.18744607269763947,-0.20861048996448517,0.9682376980781555,0.478565514087677,0.204946368932724,-0.2301667034626007,0.9504750370979309,0.49961042404174805,0.1608613133430481,-0.2268783301115036,0.9493992924690247,0.48305436968803406,0.1762801855802536,-0.2661686837673187,0.8971563577651978,0.5057131052017212,0.15387164056301117,-0.22124071419239044,0.9448015093803406,0.48614150285720825,0.17163561284542084,-0.2466103732585907,0.887183427810669,0.5089104175567627,0.16691897809505463,-0.20325475931167603,0.9208878874778748,0.4874706268310547,0.18036708235740662,-0.230453759431839,0.865077555179596,0.5464724898338318,0.5293055176734924,-0.11265496164560318,0.9999330043792725,0.5173280239105225,0.5258262157440186,0.11261790245771408,0.9998303651809692,0.50002521276474,0.7243243455886841,-0.2153603434562683,0.9755963683128357,0.5304657220840454,0.7147391438484192,0.25913697481155396,0.5738242268562317,0.5044953227043152,0.9356032609939575,-0.2519773840904236,0.9932888746261597,0.585243284702301,0.8605037927627563,0.43182188272476196,0.8048133850097656,0.5172739624977112,0.9651132225990295,-0.25939780473709106,0.9844239354133606,0.6012783050537109,0.8762491941452026,0.4487529397010803,0.8844801187515259,0.46026307344436646,0.9935228228569031,-0.36542508006095886,0.992113471031189,0.5498908758163452,0.9113909602165222,0.4241902530193329,0.8848745822906494
kick5_cl_3,9,300,bad,0.5183069705963135,0.16140654683113098,-0.042910099029541016,0.9999950528144836,0.5242117643356323,0.14397764205932617,-0.053738079965114594,0.9999960064888,0.5268389582633972,0.1430082768201828,-0.05373823270201683,0.9999962449073792,0.529923141002655,0.14207759499549866,-0.053731467574834824,0.9999957084655762,0.5202779173851013,0.1450769454240799,-0.02288668043911457,0.9999954104423523,0.5201590657234192,0.14503870904445648,-0.022949356585741043,0.9999938607215881,0.5200482606887817,0.14485618472099304,-0.02298033982515335,0.9999949336051941,0.5490077137947083,0.14824676513671875,-0.05609174445271492,0.9999945759773254,0.5329519510269165,0.14727167785167694,0.08262447267770767,0.9999918937683105,0.5260983109474182,0.1787000596523285,-0.04030586779117584,0.9999876618385315,0.5214510560035706,0.18101179599761963,-0.0003108160162810236,0.9999852180480957,0.5807408094406128,0.2492213249206543,-0.1064416915178299,0.9999390244483948,0.5180052518844604,0.26125672459602356,0.1694646179676056,0.9998852014541626,0.5260487198829651,0.2977012097835541,-0.21623015403747559,0.9897574782371521,0.45794442296028137,0.31505411863327026,0.022090403363108635,0.9441016316413879,0.5019873976707458,0.18427152931690216,-0.21352353692054749,0.9697416424751282,0.4774805009365082,0.20322079956531525,-0.23096472024917603,0.9521450996398926,0.498261958360672,0.1592472791671753,-0.23531951010227203,0.9517437815666199,0.4815514385700226,0.17551405727863312,-0.2719421982765198,0.9009252786636353,0.5049123764038086,0.1513695865869522,-0.22885312139987946,0.9473090171813965,0.4849744737148285,0.1711861491203308,-0.25054386258125305,0.8911192417144775,0.5077257752418518,0.1647825390100479,-0.20855911076068878,0.9243879318237305,0.4864502251148224,0.17983798682689667,-0.2318940907716751,0.8696539402008057,0.5426133275032043,0.5343956351280212,-0.10561487078666687,0.9999327063560486,0.5082899332046509,0.5279943943023682,0.10553297400474548,0.9998264312744141,0.5005664229393005,0.7384040951728821,-0.17337314784526825,0.9751251339912415,0.5097060203552246,0.7264654040336609,0.1620328575372696,0.5900875926017761,0.5043284296989441,0.9360676407814026,-0.12255820631980896,0.9926254749298096,0.5679195523262024,0.8505401611328125,0.4019431173801422,0.798245906829834,0.5173950791358948,0.9643428325653076,-0.12194755673408508,0.9820926785469055,0.5839694738388062,0.8559924960136414,0.4173754155635834,0.8793396353721619,0.4599056541919708,0.9943950772285461,-0.22150298953056335,0.9913615584373474,0.5406815409660339,0.9113695025444031,0.37045586109161377,0.881144642829895
kick5_cl_3,10,333,bad,0.5178444981575012,0.1590665876865387,-0.03298984467983246,0.9999947547912598,0.5242128372192383,0.14116474986076355,-0.04435402899980545,0.9999955892562866,0.5268562436103821,0.1401926577091217,-0.04437153786420822,0.9999958276748657,0.5299616456031799,0.13931262493133545,-0.04436725750565529,0.9999954104423523,0.5200450420379639,0.14231877028942108,-0.011330338194966316,0.9999945759773254,0.519806444644928,0.14209051430225372,-0.011381642892956734,0.9999927282333374,0.5195738673210144,0.14174436032772064,-0.011430208571255207,0.9999942183494568,0.5488816499710083,0.1460656374692917,-0.04947257786989212,0.9999939799308777,0.5317671895027161,0.14446638524532318,0.09973113983869553,0.9999909400939941,0.525400698184967,0.17566095292568207,-0.03126486390829086,0.9999864101409912,0.5206183195114136,0.17776206135749817,0.011548129841685295,0.9999820590019226,0.5805727243423462,0.2474491000175476,-0.09914782643318176,0.9999409914016724,0.5155113935470581,0.2571399509906769,0.19437550008296967,0.999872088432312,0.5280620455741882,0.2957029640674591,-0.23051020503044128,0.9900466799736023,0.45803388953208923,0.3153051435947418,0.08988475054502487,0.9438667893409729,0.5020519495010376,0.17995338141918182,-0.2729772627353668,0.9722064137458801,0.4749157726764679,0.20346055924892426,-0.15824581682682037,0.9542118310928345,0.49843257665634155,0.15293283760547638,-0.2976955771446228,0.955519437789917,0.47732511162757874,0.17650432884693146,-0.20145554840564728,0.9051737785339355,0.5049406886100769,0.1439611315727234,-0.2908427119255066,0.951333224773407,0.4803345501422882,0.17134155333042145,-0.179676353931427,0.8958342671394348,0.5078393220901489,0.15745756030082703,-0.268389493227005,0.9298697113990784,0.482183575630188,0.18035908043384552,-0.1611633449792862,0.8752002716064453,0.5415151119232178,0.5375348329544067,-0.09815355390310287,0.9999157786369324,0.5015187859535217,0.5282565355300903,0.09796221554279327,0.9997897744178772,0.5009045004844666,0.7469545602798462,-0.15144082903862,0.9752985835075378,0.46739906072616577,0.7198436260223389,0.020660018548369408,0.6275063157081604,0.5027338266372681,0.9382214546203613,-0.046256400644779205,0.9923449158668518,0.5478507280349731,0.815277099609375,0.22055412828922272,0.8077611327171326,0.5135402083396912,0.9642848372459412,-0.04123114421963692,0.9775834083557129,0.568242609500885,0.8075902462005615,0.24133560061454773,0.8835138082504272,0.45994335412979126,0.9941727519035339,-0.14955119788646698,0.9907432198524475,0.5361762642860413,0.910995602607727,0.22027768194675446,0.8840036392211914
kick5_cl_3,11,367,bad,0.5177082419395447,0.15529020130634308,-0.03947620838880539,0.999993085861206,0.524159848690033,0.1369580775499344,-0.05242351442575455,0.9999935030937195,0.526828944683075,0.13609886169433594,-0.052428487688302994,0.9999939799308777,0.5299897193908691,0.13535378873348236,-0.052419763058423996,0.9999938607215881,0.5198675990104675,0.13794711232185364,-0.019832314923405647,0.9999914765357971,0.5194875001907349,0.13763196766376495,-0.019884534180164337,0.9999890327453613,0.5190801024436951,0.13722579181194305,-0.01991763897240162,0.9999916553497314,0.5488672256469727,0.1423480063676834,-0.059668295085430145,0.9999909996986389,0.5306905508041382,0.14053170382976532,0.08800478279590607,0.9999874234199524,0.5249833464622498,0.17218321561813354,-0.03959520533680916,0.9999809861183167,0.5199657082557678,0.1739921122789383,0.0026061583776026964,0.9999707341194153,0.5805943608283997,0.2439061552286148,-0.11087347567081451,0.9999406933784485,0.5144046545028687,0.25459447503089905,0.18350496888160706,0.9998490810394287,0.5287911295890808,0.2955453097820282,-0.25926485657691956,0.9900208115577698,0.4585943818092346,0.327468603849411,0.0915907472372055,0.9386100769042969,0.5015665292739868,0.1778409779071808,-0.3203221261501312,0.9742702841758728,0.4728117287158966,0.20551452040672302,-0.15712912380695343,0.9552469253540039,0.49638831615448,0.14879220724105835,-0.3483952283859253,0.9586947560310364,0.4734923541545868,0.17997200787067413,-0.19908857345581055,0.9081970453262329,0.5020524859428406,0.13913840055465698,-0.33989396691322327,0.9546846747398376,0.47622066736221313,0.1730986386537552,-0.18417134881019592,0.8993510007858276,0.5053227543830872,0.15066827833652496,-0.3156726062297821,0.9342324733734131,0.4785156548023224,0.18246248364448547,-0.16213145852088928,0.8791457414627075,0.5412753820419312,0.5412836074829102,-0.0963093489408493,0.9999051094055176,0.4982410669326782,0.5302302241325378,0.09608808159828186,0.9997804164886475,0.5009742379188538,0.7483763098716736,-0.15831977128982544,0.9754106402397156,0.4433736801147461,0.6915020942687988,-0.06587844341993332,0.6621543169021606,0.502807080745697,0.9387889504432678,-0.026402266696095467,0.9915434122085571,0.5327376127243042,0.8069130778312683,0.12201268970966339,0.8150749206542969,0.5127214789390564,0.9643011093139648,-0.01888967677950859,0.9645872712135315,0.5517550110816956,0.8061667084693909,0.1418849527835846,0.8838193416595459,0.4596483111381531,0.9940162897109985,-0.13353852927684784,0.9892287254333496,0.5198262929916382,0.9109044671058655,0.1111471951007843,0.8860481977462769
kick5_cl_3,12,400,bad,0.5170037150382996,0.1494516283273697,-0.015033832751214504,0.9999880790710449,0.5236080288887024,0.13185515999794006,-0.022832242771983147,0.999984860420227,0.526295006275177,0.13127902150154114,-0.02289322018623352,0.9999856948852539,0.5294848680496216,0.13061606884002686,-0.022915346547961235,0.9999876618385315,0.5190722942352295,0.1316881626844406,0.007142575923353434,0.9999818801879883,0.5186139345169067,0.13123801350593567,0.007098381873220205,0.9999774098396301,0.518196702003479,0.13063864409923553,0.007016281131654978,0.9999845027923584,0.5482349991798401,0.13835079967975616,-0.021219316869974136,0.99997478723526,0.5301061868667603,0.1355588138103485,0.11333383619785309,0.9999761581420898,0.5238452553749084,0.1680324226617813,-0.012150288559496403,0.9999512434005737,0.5187410712242126,0.1694580763578415,0.026444993913173676,0.9999327659606934,0.5805861949920654,0.24000470340251923,-0.08882151544094086,0.9999297857284546,0.5123997926712036,0.2496061474084854,0.2145329862833023,0.9998130798339844,0.5288286805152893,0.29951971769332886,-0.21893495321273804,0.9890651106834412,0.4602073132991791,0.3405079245567322,0.18149319291114807,0.9196609854698181,0.4955902397632599,0.17937502264976501,-0.25963667035102844,0.975688099861145,0.46884971857070923,0.21115753054618835,0.016226910054683685,0.95347660779953,0.48797422647476196,0.1515132337808609,-0.27005380392074585,0.9606125950813293,0.4685209095478058,0.18701401352882385,-0.00823967531323433,0.9062125086784363,0.49328696727752686,0.13956302404403687,-0.2494160681962967,0.9565615653991699,0.471358984708786,0.17596793174743652,0.0015028739580884576,0.8973788619041443,0.4963858723640442,0.15119194984436035,-0.24781298637390137,0.9361177682876587,0.4740314483642578,0.18558181822299957,0.012249122373759747,0.877348005771637,0.5404433608055115,0.5427634716033936,-0.08964799344539642,0.9998303651809692,0.49495652318000793,0.5290478467941284,0.0895470604300499,0.9997314810752869,0.5012215971946716,0.7472898960113525,-0.1118113175034523,0.9719347357749939,0.41950473189353943,0.6376359462738037,-0.1406613290309906,0.6929764151573181,0.502026379108429,0.9416264891624451,-0.001369607518427074,0.9882583022117615,0.49830013513565063,0.7977477312088013,-0.008000308647751808,0.8215080499649048,0.5116393566131592,0.9655423760414124,0.003905255114659667,0.9380958676338196,0.5162786245346069,0.8250758647918701,0.004441014025360346,0.8784441947937012,0.4599173367023468,0.9938018918037415,-0.1128932312130928,0.9849771857261658,0.4846840500831604,0.9017717838287354,-0.04940756410360336,0.8877439498901367
kick5_cl_3,13,433,bad,0.5146525502204895,0.1446084976196289,-0.026581669226288795,0.999984622001648,0.5217785835266113,0.12658406794071198,-0.03659714385867119,0.9999768137931824,0.5243455171585083,0.12600912153720856,-0.03662754222750664,0.9999776482582092,0.5275764465332031,0.12521009147167206,-0.03663550317287445,0.9999814629554749,0.5168850421905518,0.12650007009506226,-0.005514351651072502,0.9999752640724182,0.5163503289222717,0.1260848492383957,-0.0055590360425412655,0.9999701380729675,0.5159271359443665,0.1255870759487152,-0.005605969112366438,0.9999791383743286,0.5467877984046936,0.13287271559238434,-0.03935285657644272,0.9999613165855408,0.5282472968101501,0.1310638189315796,0.10282231122255325,0.9999651312828064,0.5217000246047974,0.1626792997121811,-0.024593310430645943,0.9999323487281799,0.5164210200309753,0.16376233100891113,0.01566549390554428,0.9999004602432251,0.5801082849502563,0.23521766066551208,-0.0905764028429985,0.9999065399169922,0.5109743475914001,0.2453736513853073,0.19676049053668976,0.9997391700744629,0.5305284261703491,0.30996277928352356,-0.20283721387386322,0.9889672994613647,0.4634684920310974,0.35485023260116577,0.1323283612728119,0.8913946747779846,0.4896165132522583,0.1915210485458374,-0.16553813219070435,0.9772122502326965,0.4609583020210266,0.22710295021533966,-0.07588552683591843,0.9504252076148987,0.47868749499320984,0.16724202036857605,-0.1705206334590912,0.9625481963157654,0.45852357149124146,0.20287925004959106,-0.10423677414655685,0.9023666381835938,0.48061180114746094,0.15357820689678192,-0.16131407022476196,0.9584914445877075,0.4619658291339874,0.1915740668773651,-0.09379110485315323,0.8931034207344055,0.48523056507110596,0.1637546420097351,-0.1562998741865158,0.9382814168930054,0.46583595871925354,0.20054185390472412,-0.08034317195415497,0.8733628988265991,0.536584198474884,0.5425184369087219,-0.08504317700862885,0.9997479319572449,0.49156326055526733,0.5211480259895325,0.0849485695362091,0.9996849894523621,0.5020737051963806,0.7457665801048279,-0.10705692321062088,0.973689615726471,0.40252718329429626,0.5838577747344971,-0.08678151667118073,0.7223917841911316,0.5024943947792053,0.9414674043655396,-0.01745862513780594,0.9882869124412537,0.4588174521923065,0.7729178667068481,0.05671262368559837,0.8343742489814758,0.5119196176528931,0.9636216759681702,-0.014761116355657578,0.9318207502365112,0.4769769310951233,0.7952215075492859,0.06930068880319595,0.8821360468864441,0.46318235993385315,0.9912155866622925,-0.1326279193162918,0.9845268726348877,0.41876277327537537,0.8318029642105103,0.022799987345933914,0.8938696980476379
kick5_cl_3,14,467,bad,0.5104835629463196,0.14266206324100494,0.008600626140832901,0.9999815225601196,0.5186883807182312,0.12543824315071106,-0.0028336753603070974,0.9999726414680481,0.5214846730232239,0.12462679296731949,-0.0028614467009902,0.9999733567237854,0.5244802832603455,0.12366505712270737,-0.002860208274796605,0.999978244304657,0.5146733522415161,0.1255335807800293,0.028977449983358383,0.9999722242355347,0.5147027373313904,0.1250254213809967,0.028918538242578506,0.999967098236084,0.5148869156837463,0.12445790320634842,0.0288383848965168,0.999976634979248,0.5427844524383545,0.13066734373569489,-0.01847756654024124,0.9999544620513916,0.5281497240066528,0.13052965700626373,0.12562939524650574,0.999957263469696,0.5181307196617126,0.16020917892456055,0.00472541619092226,0.999913215637207,0.5135366916656494,0.16113579273223877,0.04608982801437378,0.9998550415039062,0.5786855816841125,0.23406356573104858,-0.08888740092515945,0.9999001622200012,0.5101627707481384,0.24491840600967407,0.21580664813518524,0.999630868434906,0.5330752730369568,0.3280247747898102,-0.19273804128170013,0.9885879158973694,0.466872900724411,0.36198681592941284,0.14014777541160583,0.8642083406448364,0.47930046916007996,0.2250867784023285,-0.17889194190502167,0.9784011244773865,0.45342525839805603,0.2450823187828064,-0.08433278650045395,0.9453309178352356,0.46427246928215027,0.20274147391319275,-0.19162848591804504,0.9639984965324402,0.4491765797138214,0.2191915065050125,-0.1139654740691185,0.8960613012313843,0.46746936440467834,0.18777836859226227,-0.18348583579063416,0.9598864912986755,0.45280730724334717,0.20657582581043243,-0.10893214493989944,0.8863803744316101,0.4727211892604828,0.19696587324142456,-0.17119836807250977,0.9393061399459839,0.45724043250083923,0.21511369943618774,-0.09147486090660095,0.8669599294662476,0.5332874059677124,0.531365156173706,-0.0879456028342247,0.9997535943984985,0.4894252121448517,0.5109788179397583,0.08787333965301514,0.9996873736381531,0.5027263164520264,0.7140913605690002,-0.21881262958049774,0.976097047328949,0.39149728417396545,0.5195071697235107,-0.030982639640569687,0.7486413717269897,0.5028861165046692,0.9279260039329529,-0.19878405332565308,0.9890989065170288,0.4205213189125061,0.7231972813606262,0.08219753205776215,0.8468404412269592,0.5113005042076111,0.952948808670044,-0.20199693739414215,0.9345252513885498,0.43512824177742004,0.767774760723114,0.09140428900718689,0.8876546025276184,0.4622056186199188,0.9821795225143433,-0.32728737592697144,0.9853805899620056,0.36013638973236084,0.7567181587219238,0.051771391183137894,0.9001249670982361
kick5_cl_3,15,500,bad,0.5088979601860046,0.14250878989696503,-0.009658241644501686,0.9999771118164062,0.5168582201004028,0.12607350945472717,-0.020414957776665688,0.9999679327011108,0.5197541117668152,0.1251698136329651,-0.020418763160705566,0.9999687671661377,0.5228702425956726,0.12378419935703278,-0.020397668704390526,0.9999745488166809,0.5128564834594727,0.12640352547168732,0.010067043825984001,0.9999673962593079,0.5130171179771423,0.1259821206331253,0.010012929327785969,0.9999620914459229,0.5134522914886475,0.12545129656791687,0.009948455728590488,0.9999706745147705,0.54143226146698,0.12903980910778046,-0.053334347903728485,0.999951958656311,0.5279944539070129,0.1304677128791809,0.10976247489452362,0.9999448657035828,0.5172225832939148,0.15970060229301453,-0.010397716425359249,0.999903678894043,0.5128089785575867,0.16116684675216675,0.02924479730427265,0.9998183250427246,0.5781484246253967,0.23449388146400452,-0.14259813725948334,0.9999046325683594,0.511061429977417,0.24111811816692352,0.2065487802028656,0.9995133876800537,0.5363903641700745,0.35393714904785156,-0.21394853293895721,0.988872230052948,0.47141095995903015,0.35605087876319885,0.12654906511306763,0.8017753958702087,0.47305479645729065,0.2611064612865448,-0.17875607311725616,0.9797312617301941,0.44718796014785767,0.26051875948905945,-0.09457112103700638,0.9097145199775696,0.4544687569141388,0.24165527522563934,-0.19430920481681824,0.9657319188117981,0.4405118227005005,0.2509368658065796,-0.11907286196947098,0.8598390221595764,0.4581660032272339,0.22576379776000977,-0.18786795437335968,0.9617759585380554,0.446214497089386,0.23309993743896484,-0.14977525174617767,0.8502485752105713,0.46417224407196045,0.23003597557544708,-0.1709107756614685,0.941278874874115,0.45029914379119873,0.23373006284236908,-0.12207303941249847,0.8333804607391357,0.5281471610069275,0.5277445912361145,-0.09502759575843811,0.9997565150260925,0.4869067370891571,0.49995169043540955,0.09500077366828918,0.9996842741966248,0.5011016726493835,0.7161234617233276,-0.16720901429653168,0.9783504009246826,0.3834977447986603,0.4700685143470764,0.007238877471536398,0.7722317576408386,0.5026148557662964,0.9376513957977295,-0.1182311400771141,0.9899380207061768,0.37269115447998047,0.6785512566566467,0.13911768794059753,0.859795331954956,0.5101432204246521,0.9633036255836487,-0.11929746717214584,0.9383122324943542,0.38394081592559814,0.7280574440956116,0.15022839605808258,0.8953307867050171,0.4589175879955292,0.9823548197746277,-0.24091076850891113,0.9861795902252197,0.3049808740615845,0.6733641624450684,0.11240314692258835,0.9070595502853394
kick5_cl_3,16,533,bad,0.5071251392364502,0.14096492528915405,-0.04312697798013687,0.9999709129333496,0.5147428512573242,0.12436967343091965,-0.06251120567321777,0.9999630451202393,0.5175565481185913,0.12346009165048599,-0.06257069855928421,0.9999628067016602,0.5207143425941467,0.12215874344110489,-0.06260421872138977,0.9999697804450989,0.5113874673843384,0.12479157745838165,-0.02614060416817665,0.9999617338180542,0.5118082761764526,0.12431947141885757,-0.02615240588784218,0.9999565482139587,0.5124620795249939,0.1238122433423996,-0.026174400001764297,0.9999651908874512,0.5395363569259644,0.1273060142993927,-0.09798780083656311,0.9999494552612305,0.528082549571991,0.12900477647781372,0.06999151408672333,0.9999330639839172,0.5154880881309509,0.15897324681282043,-0.05192863196134567,0.9999035000801086,0.5116062760353088,0.16061022877693176,-0.0047902073711156845,0.999813437461853,0.5772273540496826,0.23809556663036346,-0.16509610414505005,0.9999099969863892,0.5115304589271545,0.23727530241012573,0.18298205733299255,0.9994956254959106,0.5402719378471375,0.3778262436389923,-0.2138495147228241,0.9892680644989014,0.4759604036808014,0.3534003794193268,0.12904566526412964,0.7325417995452881,0.47080883383750916,0.3110441565513611,-0.17037692666053772,0.9804427623748779,0.44049060344696045,0.3069274425506592,-0.10641954094171524,0.8555396199226379,0.4459182620048523,0.3052558898925781,-0.18900342285633087,0.9660069942474365,0.42848289012908936,0.3025832176208496,-0.13435062766075134,0.8111141920089722,0.44965898990631104,0.28228676319122314,-0.17888490855693817,0.9620801210403442,0.4328288435935974,0.2829093337059021,-0.1549466997385025,0.8028110265731812,0.4593275487422943,0.2824806869029999,-0.16086715459823608,0.9406230449676514,0.4389306604862213,0.2817123234272003,-0.12503211200237274,0.7883852124214172,0.5219932794570923,0.5206107497215271,-0.09644611179828644,0.9997360110282898,0.48314860463142395,0.47881367802619934,0.0964738056063652,0.9996695518493652,0.49809038639068604,0.7167273759841919,-0.1127777099609375,0.9804280400276184,0.3829619288444519,0.4250929653644562,-0.08404359966516495,0.7936649918556213,0.5022032856941223,0.94239342212677,-0.05631014332175255,0.9908024072647095,0.3351392447948456,0.6182114481925964,-0.052311938256025314,0.8724705576896667,0.5103662014007568,0.9688662886619568,-0.05699590966105461,0.942268967628479,0.3383919894695282,0.674712598323822,-0.05266392603516579,0.9035701155662537,0.45780858397483826,0.9835285544395447,-0.18136821687221527,0.9870294332504272,0.2690252661705017,0.5850083827972412,-0.1153995543718338,0.9148317575454712
kick5_cl_3,17,567,bad,0.5054031610488892,0.14201229810714722,-0.05702844634652138,0.9999080300331116,0.5114009976387024,0.1253083199262619,-0.07050910592079163,0.9999019503593445,0.514143168926239,0.12441837042570114,-0.07064865529537201,0.9998890161514282,0.5172300934791565,0.1231396421790123,-0.07077480852603912,0.9999232292175293,0.5082948803901672,0.1257897913455963,-0.03472812473773956,0.9998838901519775,0.5084413886070251,0.12535308301448822,-0.03470461443066597,0.9998682737350464,0.5087922215461731,0.12483849376440048,-0.03474748134613037,0.9999014735221863,0.5362861156463623,0.12788869440555573,-0.08866138011217117,0.9998900294303894,0.5267623662948608,0.1296345591545105,0.07195322960615158,0.9997624158859253,0.5139071345329285,0.1591482162475586,-0.05913897976279259,0.9998776316642761,0.5100170969963074,0.1611165702342987,-0.011806722730398178,0.999764084815979,0.5755974650382996,0.24010546505451202,-0.15923894941806793,0.9999170899391174,0.5147998332977295,0.23845449090003967,0.20452503859996796,0.9994861483573914,0.5516618490219116,0.3934926688671112,-0.1801133006811142,0.9886717796325684,0.49204021692276,0.37966635823249817,0.2687767446041107,0.6608071327209473,0.47092026472091675,0.3727410137653351,-0.14684076607227325,0.9730914235115051,0.4758376479148865,0.4687197506427765,0.15303976833820343,0.7709692120552063,0.4445992112159729,0.3702336549758911,-0.1700173169374466,0.9523546099662781,0.4677993953227997,0.49530062079429626,0.1383163183927536,0.7313802242279053,0.44430333375930786,0.3519088327884674,-0.15823982656002045,0.9471406936645508,0.46558257937431335,0.4833179712295532,0.10795004665851593,0.7239111661911011,0.4577217102050781,0.35471394658088684,-0.13724905252456665,0.9149293303489685,0.4690106213092804,0.47259020805358887,0.13624832034111023,0.7110196948051453,0.5215927362442017,0.5115872621536255,-0.09672053903341293,0.9997305870056152,0.4840554893016815,0.4712056517601013,0.0968329980969429,0.9996680021286011,0.49585792422294617,0.711543619632721,-0.10095810890197754,0.9818034768104553,0.3856748342514038,0.3939102590084076,-0.19096516072750092,0.80980384349823,0.502126157283783,0.9422950744628906,-0.06754326075315475,0.9902462363243103,0.2779299020767212,0.5217597484588623,-0.32124996185302734,0.8806669116020203,0.5105375647544861,0.9697495102882385,-0.07097885757684708,0.9309026598930359,0.2689589560031891,0.564915120601654,-0.33897730708122253,0.9069235920906067,0.4574044942855835,0.9836603403091431,-0.20286384224891663,0.9843106865882874,0.22067375481128693,0.4638838469982147,-0.4397546947002411,0.9204288125038147
kick5_cl_3,18,600,bad,0.502801239490509,0.14266616106033325,-0.04208817705512047,0.9999043345451355,0.5086089968681335,0.12561079859733582,-0.0598386749625206,0.9999019503593445,0.5111582279205322,0.12479649484157562,-0.05999661237001419,0.9998883605003357,0.5142385363578796,0.12366551905870438,-0.06018369644880295,0.9999221563339233,0.5054081678390503,0.1262485682964325,-0.022619538009166718,0.9998807311058044,0.5053241848945618,0.12591952085494995,-0.02253563515841961,0.999866247177124,0.5053826570510864,0.12548816204071045,-0.022515906020998955,0.9998977184295654,0.5329041481018066,0.12852610647678375,-0.08428092300891876,0.9998949766159058,0.5234816670417786,0.13009633123874664,0.07372535765171051,0.999758243560791,0.5113877654075623,0.16053007543087006,-0.05205724388360977,0.9998844861984253,0.5072371959686279,0.1623559147119522,-0.00234287534840405,0.999775230884552,0.5734109282493591,0.242362841963768,-0.14976750314235687,0.9999251961708069,0.5148616433143616,0.23869970440864563,0.2005624771118164,0.9995112419128418,0.5574732422828674,0.3982350826263428,-0.19023460149765015,0.9894252419471741,0.4978688359260559,0.38062044978141785,0.21929602324962616,0.5980314612388611,0.4714389741420746,0.4279267191886902,-0.15827623009681702,0.9729437232017517,0.47422170639038086,0.4427776634693146,0.07548432797193527,0.6967077851295471,0.45298609137535095,0.4445578455924988,-0.17842254042625427,0.9499915242195129,0.46672117710113525,0.4585363566875458,0.06079910323023796,0.6620122790336609,0.4538373053073883,0.42939475178718567,-0.16149453818798065,0.9444894790649414,0.46546414494514465,0.45096153020858765,0.03935350850224495,0.6553370952606201,0.46304967999458313,0.42222991585731506,-0.14650006592273712,0.9098889231681824,0.4689297676086426,0.4443381726741791,0.06144874915480614,0.6436575055122375,0.5171621441841125,0.5121825337409973,-0.0989503562450409,0.9997519254684448,0.48392581939697266,0.4691648483276367,0.09903179854154587,0.999681830406189,0.4939318001270294,0.7109450101852417,-0.10547336935997009,0.9835508465766907,0.38181036710739136,0.38662704825401306,-0.08348535746335983,0.8243244290351868,0.5013672709465027,0.9421477317810059,-0.0660543218255043,0.9908366799354553,0.24165043234825134,0.41781267523765564,-0.1620229184627533,0.8903685212135315,0.5101649165153503,0.9697699546813965,-0.06550189107656479,0.9328840970993042,0.2294471114873886,0.46458858251571655,-0.17354418337345123,0.9125648140907288,0.45653942227363586,0.9866126179695129,-0.171537846326828,0.9846469163894653,0.19228728115558624,0.32525819540023804,-0.23779235780239105,0.9267222881317139
kick5_cl_3,19,633,bad,0.498654305934906,0.14301088452339172,-0.03180045634508133,0.9999120831489563,0.5047183632850647,0.12510304152965546,-0.04443581774830818,0.9999101758003235,0.5074669718742371,0.12419252842664719,-0.04454396665096283,0.9998980760574341,0.5104030966758728,0.1231178566813469,-0.044671688228845596,0.9999286532402039,0.5010215044021606,0.12614427506923676,-0.01051192358136177,0.9998894929885864,0.5009750127792358,0.12599249184131622,-0.010474128648638725,0.999876856803894,0.5011451244354248,0.1257084459066391,-0.010453102178871632,0.9999051690101624,0.5293585062026978,0.1285228729248047,-0.07021336257457733,0.9999047517776489,0.5192952752113342,0.13026197254657745,0.08264396339654922,0.9997768998146057,0.5074634552001953,0.16080673038959503,-0.04033781960606575,0.9998948574066162,0.5032200813293457,0.16255351901054382,0.005218407604843378,0.9997949004173279,0.5725221633911133,0.2437385618686676,-0.13240113854408264,0.9999326467514038,0.5108904242515564,0.24070607125759125,0.19543671607971191,0.9995400905609131,0.5613785982131958,0.39486265182495117,-0.17195996642112732,0.9899803996086121,0.49287542700767517,0.37925368547439575,0.20448660850524902,0.5423345565795898,0.49395132064819336,0.4873177409172058,-0.1640401929616928,0.9722933173179626,0.4587453305721283,0.45631927251815796,0.07894732803106308,0.6287882328033447,0.48137813806533813,0.5245165824890137,-0.1841605007648468,0.948130190372467,0.4539232850074768,0.4996708035469055,0.06433442234992981,0.598151683807373,0.46813657879829407,0.5131040811538696,-0.16563312709331512,0.9426279067993164,0.4522700905799866,0.492734432220459,0.041155505925416946,0.5922262668609619,0.47023385763168335,0.5004708170890808,-0.15533114969730377,0.9072778224945068,0.4555322229862213,0.48146960139274597,0.06467556208372116,0.5818611979484558,0.512157678604126,0.5104678869247437,-0.09286518394947052,0.9997711777687073,0.47173193097114563,0.4644806981086731,0.09292277693748474,0.9996970295906067,0.49292096495628357,0.7076489329338074,-0.11951229721307755,0.9849584698677063,0.37089434266090393,0.3827510476112366,-0.171793594956398,0.8386232256889343,0.5010907649993896,0.9410804510116577,-0.09840305149555206,0.9902358651161194,0.24029037356376648,0.33734238147735596,-0.3441047668457031,0.8984625935554504,0.5101057291030884,0.969642698764801,-0.10004174709320068,0.9259857535362244,0.21222925186157227,0.374355673789978,-0.36266574263572693,0.9181002974510193,0.45467767119407654,0.9870155453681946,-0.21890851855278015,0.9823707342147827,0.19699740409851074,0.21988220512866974,-0.4428901970386505,0.9322114586830139
kick5_cl_3,20,667,bad,0.49602946639060974,0.1432032585144043,-0.05970229208469391,0.9999188184738159,0.5021854639053345,0.12477573752403259,-0.07371076941490173,0.9999165534973145,0.5049270391464233,0.12396010011434555,-0.07373882830142975,0.9999054670333862,0.50789874792099,0.12293654680252075,-0.07381024956703186,0.9999331831932068,0.4985145628452301,0.12564732134342194,-0.04143422842025757,0.9998962879180908,0.4984232485294342,0.12551136314868927,-0.04146212339401245,0.9998855590820312,0.4985004663467407,0.12531621754169464,-0.04149920493364334,0.9999115467071533,0.5267662405967712,0.12798266112804413,-0.09844943135976791,0.9999125003814697,0.5161727070808411,0.13026699423789978,0.053144607692956924,0.9997929334640503,0.5043662190437317,0.1612958163022995,-0.06496657431125641,0.9999037384986877,0.500099241733551,0.16311237215995789,-0.021572234109044075,0.9998127222061157,0.5718726515769958,0.24631474912166595,-0.13588947057724,0.9999393224716187,0.5045753717422485,0.24111109972000122,0.1442604809999466,0.999580442905426,0.5632980465888977,0.402763694524765,-0.16811460256576538,0.9900923371315002,0.4842219054698944,0.3957430124282837,0.1827458292245865,0.5012741088867188,0.5257283449172974,0.5327564477920532,-0.1660788506269455,0.9703817963600159,0.4442704916000366,0.4991622865200043,0.06179087981581688,0.5759827494621277,0.5237220525741577,0.5796515941619873,-0.1846626251935959,0.9444649815559387,0.4298267960548401,0.5304383635520935,0.04839581623673439,0.5491315722465515,0.5102871060371399,0.5738266110420227,-0.17596730589866638,0.9388880133628845,0.431000679731369,0.5289472937583923,0.019458046182990074,0.543944239616394,0.5070153474807739,0.554851770401001,-0.15911146998405457,0.9030898213386536,0.4372638463973999,0.5185682773590088,0.046439047902822495,0.5348057150840759,0.5113164782524109,0.5109302997589111,-0.0889139473438263,0.9997854828834534,0.47019198536872864,0.46344509720802307,0.08888601511716843,0.9997081756591797,0.4934990704059601,0.7056161761283875,-0.12537497282028198,0.9863324761390686,0.3664914071559906,0.38097792863845825,-0.13103121519088745,0.8521108627319336,0.5012468695640564,0.9348307251930237,-0.10778672248125076,0.989932119846344,0.24770355224609375,0.26771020889282227,-0.30579090118408203,0.9064288139343262,0.5102546811103821,0.9661152958869934,-0.11122585088014603,0.9183595776557922,0.22334128618240356,0.29221969842910767,-0.32445651292800903,0.9241124987602234,0.45472845435142517,0.9857659339904785,-0.2266656905412674,0.9809503555297852,0.22124376893043518,0.15260332822799683,-0.39269545674324036,0.9377303719520569
kick5_cl_3,21,700,bad,0.4930015504360199,0.14342905580997467,-0.15034465491771698,0.9999231696128845,0.4990847706794739,0.12468727678060532,-0.1656082421541214,0.999920129776001,0.501809298992157,0.12382948398590088,-0.16562022268772125,0.9999096393585205,0.5047529935836792,0.12277010828256607,-0.16568367183208466,0.9999346733093262,0.49541857838630676,0.12570394575595856,-0.13416503369808197,0.9998979568481445,0.4953427016735077,0.12564079463481903,-0.13420136272907257,0.9998895525932312,0.49540144205093384,0.12549880146980286,-0.1342468112707138,0.9999129176139832,0.5234236717224121,0.12755723297595978,-0.18561984598636627,0.9999183416366577,0.5128864049911499,0.13042116165161133,-0.03767595440149307,0.9997988343238831,0.5013657808303833,0.16168348491191864,-0.1533789187669754,0.9999109506607056,0.49714308977127075,0.16347408294677734,-0.1111927404999733,0.9998271465301514,0.5699387788772583,0.25019675493240356,-0.21101292967796326,0.9999452829360962,0.5006174445152283,0.24283729493618011,0.06389407068490982,0.999616801738739,0.5619456768035889,0.4159809947013855,-0.22109228372573853,0.9900531768798828,0.4798867404460907,0.40301287174224854,0.09933634847402573,0.46412041783332825,0.5496655106544495,0.5661207437515259,-0.20408716797828674,0.9679598212242126,0.4452569782733917,0.5271399021148682,0.018478862941265106,0.5249421000480652,0.5544121861457825,0.6177589297294617,-0.22061672806739807,0.9393540620803833,0.43422237038612366,0.5561466217041016,-0.0013070732820779085,0.5013607740402222,0.5434650778770447,0.6130301356315613,-0.2298937886953354,0.9338644742965698,0.43638619780540466,0.5531010627746582,-0.005050612147897482,0.49687284231185913,0.5390093922615051,0.5933818817138672,-0.20440171658992767,0.8984736204147339,0.4414970576763153,0.5426632165908813,0.012704574503004551,0.48907482624053955,0.5119842290878296,0.522889256477356,-0.08949196338653564,0.9998034238815308,0.4703424572944641,0.46433407068252563,0.08941563218832016,0.9997280240058899,0.4939052164554596,0.7064582109451294,-0.16666457056999207,0.9875315427780151,0.37230461835861206,0.3813428282737732,-0.15357360243797302,0.8620572686195374,0.50169837474823,0.9324325323104858,-0.1029290184378624,0.9889904856681824,0.25517430901527405,0.23663654923439026,-0.2999478280544281,0.9121499061584473,0.5103200674057007,0.9640690684318542,-0.1001407727599144,0.9104318618774414,0.22768332064151764,0.25245216488838196,-0.3153027296066284,0.9283312559127808,0.4553806185722351,0.9843931794166565,-0.20906616747379303,0.9788636565208435,0.24577315151691437,0.13112260401248932,-0.3876689076423645,0.9420384168624878
kick5_cl_3,22,734,bad,0.4918273389339447,0.1433984339237213,-0.16386832296848297,0.9999264478683472,0.4983912706375122,0.124180868268013,-0.17964288592338562,0.9999250769615173,0.5013566613197327,0.12309403717517853,-0.1796647012233734,0.9999152421951294,0.5045168995857239,0.12189223617315292,-0.17976932227611542,0.9999383091926575,0.49403122067451477,0.12553654611110687,-0.1461164355278015,0.9999030232429504,0.4936103820800781,0.12553687393665314,-0.14613404870033264,0.9998952746391296,0.4933415353298187,0.1254199594259262,-0.14613233506679535,0.9999160170555115,0.5232498049736023,0.1264583319425583,-0.19095316529273987,0.9999247789382935,0.5114680528640747,0.1293272227048874,-0.03675552085042,0.9998095035552979,0.5002831220626831,0.16170312464237213,-0.16285577416419983,0.9999172687530518,0.49548646807670593,0.1637202948331833,-0.11897268146276474,0.9998406767845154,0.5667906999588013,0.25000008940696716,-0.21712495386600494,0.9999505877494812,0.5020908117294312,0.24244160950183868,0.09678958356380463,0.9996384382247925,0.5622425675392151,0.4135034382343292,-0.23882468044757843,0.9904658198356628,0.5012041926383972,0.4080548882484436,0.18864090740680695,0.41945967078208923,0.5711699724197388,0.5690586566925049,-0.21994610130786896,0.9687529802322388,0.4928625226020813,0.5289359092712402,0.17282257974147797,0.47391277551651,0.5818804502487183,0.621590793132782,-0.23635537922382355,0.939998209476471,0.4846583306789398,0.5404437184333801,0.17820701003074646,0.45331093668937683,0.574209451675415,0.6222485899925232,-0.2421605885028839,0.9346253275871277,0.4779406785964966,0.536678671836853,0.14586766064167023,0.44927284121513367,0.5694394707679749,0.604178786277771,-0.2190650999546051,0.9002029895782471,0.4784528315067291,0.5330710411071777,0.1586499810218811,0.44226738810539246,0.510129988193512,0.517265796661377,-0.09023921936750412,0.999820351600647,0.4707023501396179,0.4694010615348816,0.09016964584589005,0.9997429251670837,0.49273303151130676,0.7077168822288513,-0.15376701951026917,0.9885639548301697,0.3763474225997925,0.3659055233001709,-0.13549698889255524,0.869962751865387,0.5000776052474976,0.9327266812324524,-0.08905962854623795,0.9880623817443848,0.26110050082206726,0.20991389453411102,-0.29604727029800415,0.9156919717788696,0.5103639960289001,0.9640542268753052,-0.0861315056681633,0.9004351496696472,0.22821679711341858,0.240923672914505,-0.3130780756473541,0.9288937449455261,0.4557071030139923,0.9844719767570496,-0.19946281611919403,0.9764660000801086,0.25265467166900635,0.11244809627532959,-0.39193862676620483,0.9447973966598511
kick5_cl_3,23,767,bad,0.48775795102119446,0.14286713302135468,-0.12026417255401611,0.9999318718910217,0.4946141541004181,0.12334642559289932,-0.13554325699806213,0.9999305605888367,0.4975705146789551,0.12230590730905533,-0.1355748176574707,0.9999217391014099,0.5006169080734253,0.12114442884922028,-0.13563555479049683,0.9999426007270813,0.49070093035697937,0.1248261034488678,-0.10176466405391693,0.9999094009399414,0.49064719676971436,0.12492227554321289,-0.10178567469120026,0.9999029040336609,0.4907402992248535,0.12487173825502396,-0.10180608928203583,0.9999212622642517,0.5202478766441345,0.1259632408618927,-0.15772117674350739,0.999930739402771,0.5092387795448303,0.12918828427791595,0.0018230461282655597,0.9998235106468201,0.49625256657600403,0.16136038303375244,-0.12261015921831131,0.9999239444732666,0.4916231334209442,0.1630367487668991,-0.07824590802192688,0.9998540282249451,0.5658777356147766,0.2506198585033417,-0.157087504863739,0.9999551773071289,0.4968477785587311,0.24259482324123383,0.10852591693401337,0.9996558427810669,0.5705707669258118,0.4156862795352936,-0.15780258178710938,0.9903501868247986,0.496587872505188,0.40132978558540344,0.19456961750984192,0.3834312856197357,0.5939799547195435,0.561813473701477,-0.1369820237159729,0.9648318290710449,0.48458853363990784,0.5115641951560974,0.1666996330022812,0.4289020299911499,0.6050640344619751,0.6080504059791565,-0.14735658466815948,0.93274986743927,0.481918066740036,0.5374945998191833,0.16698256134986877,0.41123491525650024,0.6003318428993225,0.6090063452720642,-0.16215349733829498,0.92771315574646,0.4777120053768158,0.5440477728843689,0.13397057354450226,0.40773501992225647,0.595717191696167,0.5952375531196594,-0.1403828114271164,0.8935216665267944,0.4785151481628418,0.5208497643470764,0.1520826667547226,0.4015895426273346,0.5081691145896912,0.5169301629066467,-0.08574911952018738,0.9998303651809692,0.46614283323287964,0.47171345353126526,0.08570153266191483,0.9997497797012329,0.49022454023361206,0.7085677981376648,-0.11335579305887222,0.989512026309967,0.3746386766433716,0.36320960521698,-0.16131117939949036,0.8805162310600281,0.5001091361045837,0.9307833909988403,-0.08354295790195465,0.9879212379455566,0.2509864270687103,0.22847050428390503,-0.3595418930053711,0.9215840101242065,0.5109832882881165,0.9637647867202759,-0.08418790996074677,0.8994807600975037,0.22442474961280823,0.24635832011699677,-0.3803476095199585,0.9333834648132324,0.4557150602340698,0.983060359954834,-0.19337047636508942,0.9748812317848206,0.24993334710597992,0.12844453752040863,-0.45838454365730286,0.9483550786972046
kick5_cl_3,24,800,bad,0.4854370951652527,0.1396309733390808,-0.11029906570911407,0.9999371767044067,0.4921949803829193,0.11955302208662033,-0.12234217673540115,0.9999361634254456,0.49516502022743225,0.11837995052337646,-0.12239305675029755,0.9999282360076904,0.4982793927192688,0.1171223595738411,-0.12249048799276352,0.999947190284729,0.48835891485214233,0.12131233513355255,-0.0908636823296547,0.999916136264801,0.48825007677078247,0.12151414155960083,-0.09089086204767227,0.9999104738235474,0.48829013109207153,0.12155931442975998,-0.09089553356170654,0.9999266862869263,0.5184538960456848,0.12318543344736099,-0.15325765311717987,0.9999366402626038,0.5071743130683899,0.1269524246454239,0.013671696186065674,0.9998371005058289,0.49370676279067993,0.15960529446601868,-0.10987219959497452,0.9999304413795471,0.48910823464393616,0.16160570085048676,-0.06842637062072754,0.9998667240142822,0.5647441148757935,0.2510698735713959,-0.1338803768157959,0.999959409236908,0.4936736226081848,0.24219518899917603,0.1200045719742775,0.9996691942214966,0.5756375193595886,0.41143539547920227,-0.14368173480033875,0.9907178282737732,0.4930332601070404,0.3989451229572296,0.24035263061523438,0.349051833152771,0.6074694395065308,0.5523688197135925,-0.1406916230916977,0.9646651148796082,0.48055508732795715,0.4949941039085388,0.23400765657424927,0.387836217880249,0.6174045205116272,0.5946329236030579,-0.15432395040988922,0.9317477345466614,0.47739773988723755,0.5237299203872681,0.2380330115556717,0.3727343678474426,0.6112969517707825,0.5934311747550964,-0.1682218611240387,0.9271755218505859,0.4765104353427887,0.5339909195899963,0.2033587545156479,0.36965858936309814,0.6059633493423462,0.5814769268035889,-0.14402899146080017,0.8935394287109375,0.47601380944252014,0.5212082862854004,0.21950653195381165,0.36419790983200073,0.5062492489814758,0.5141743421554565,-0.08376278728246689,0.9998406171798706,0.46366798877716064,0.4705275893211365,0.08380313962697983,0.999760091304779,0.48955774307250977,0.7088934183120728,-0.08932361006736755,0.9903358221054077,0.37227070331573486,0.36120712757110596,-0.17514418065547943,0.8900718688964844,0.5001856088638306,0.9315178394317627,-0.04671275615692139,0.987762451171875,0.24146133661270142,0.25197935104370117,-0.3579791486263275,0.9268887042999268,0.510974109172821,0.9638404846191406,-0.04640179127454758,0.8982238173484802,0.21515481173992157,0.2751167416572571,-0.3777003586292267,0.9369595646858215,0.4577614963054657,0.9835007190704346,-0.15835027396678925,0.9724563956260681,0.2318117916584015,0.1410319209098816,-0.4638611078262329,0.9512260556221008
kick5_cl_3,25,834,bad,0.4830881953239441,0.13459116220474243,-0.11913438141345978,0.9999420642852783,0.4894832968711853,0.11382762342691422,-0.12757046520709991,0.999941349029541,0.4924529194831848,0.11243081092834473,-0.12767361104488373,0.9999343752861023,0.49569031596183777,0.11111779510974884,-0.12781821191310883,0.9999514818191528,0.48531779646873474,0.11631250381469727,-0.09756995737552643,0.999921977519989,0.48509180545806885,0.11686114966869354,-0.09759509563446045,0.9999171495437622,0.48506465554237366,0.11718713492155075,-0.09758303314447403,0.999931275844574,0.5162596702575684,0.11823932826519012,-0.13881686329841614,0.9999423027038574,0.5045025944709778,0.12339495867490768,0.015262204222381115,0.9998495578765869,0.49172407388687134,0.15583045780658722,-0.11446868628263474,0.9999367594718933,0.48690685629844666,0.1586509644985199,-0.07454080879688263,0.9998786449432373,0.5645907521247864,0.25051620602607727,-0.12198378145694733,0.9999633431434631,0.49172013998031616,0.24221764504909515,0.12142374366521835,0.9996829628944397,0.5833979845046997,0.40761056542396545,-0.13182063400745392,0.9910867214202881,0.4905337691307068,0.3987550139427185,0.2470560073852539,0.31782302260398865,0.6161279082298279,0.5389071702957153,-0.14321133494377136,0.9644559621810913,0.47826141119003296,0.48881661891937256,0.23964062333106995,0.35062021017074585,0.6255167722702026,0.5800716876983643,-0.15884056687355042,0.930778443813324,0.4742494225502014,0.5230519771575928,0.24224011600017548,0.3378787338733673,0.6190089583396912,0.5812776684761047,-0.17513136565685272,0.9267387390136719,0.4750724136829376,0.5330276489257812,0.20375370979309082,0.3352241516113281,0.613289475440979,0.5685833096504211,-0.14794911444187164,0.8931598663330078,0.4752022922039032,0.5222402811050415,0.22348259389400482,0.33041366934776306,0.5033840537071228,0.513808012008667,-0.0794551745057106,0.999849796295166,0.4587893486022949,0.46684321761131287,0.07956937700510025,0.9997677206993103,0.4889104962348938,0.7095613479614258,-0.10963676869869232,0.990919828414917,0.3684861361980438,0.36647817492485046,-0.23049160838127136,0.8993773460388184,0.49968454241752625,0.9316025376319885,-0.11793985962867737,0.9869096875190735,0.23733863234519958,0.2850908637046814,-0.489907443523407,0.931488037109375,0.509142279624939,0.9635157585144043,-0.1235816553235054,0.8964864611625671,0.2079462856054306,0.31632381677627563,-0.5178967714309692,0.9404107332229614,0.4621334373950958,0.9828780293464661,-0.23819643259048462,0.969450056552887,0.21001802384853363,0.18488606810569763,-0.6113296151161194,0.9543182253837585
kick5_cl_3,26,867,bad,0.48179906606674194,0.13114605844020844,-0.05615866184234619,0.9999464154243469,0.4880272448062897,0.10997055470943451,-0.06267768144607544,0.9999458193778992,0.49104487895965576,0.10855469107627869,-0.062823586165905,0.9999399185180664,0.49423182010650635,0.10713987052440643,-0.06295882910490036,0.9999553561210632,0.48379039764404297,0.11235127598047256,-0.03220168873667717,0.9999269247055054,0.483632892370224,0.11290543526411057,-0.032202478498220444,0.9999229907989502,0.4836970567703247,0.11327607929706573,-0.032181061804294586,0.99993497133255,0.5142372250556946,0.11460905522108078,-0.07034230977296829,0.9999474287033081,0.5031976103782654,0.12026799470186234,0.07571712881326675,0.9998599886894226,0.490835964679718,0.1533026248216629,-0.056488316506147385,0.9999421238899231,0.485970675945282,0.15597876906394958,-0.01541853602975607,0.9998878240585327,0.5646207928657532,0.24857072532176971,-0.08189597725868225,0.9999669194221497,0.4915691316127777,0.24250736832618713,0.16229960322380066,0.9996787905693054,0.5897906422615051,0.4021095633506775,-0.10336697846651077,0.991553008556366,0.4888543486595154,0.39798489212989807,0.2801283001899719,0.2882329523563385,0.6240853071212769,0.5334325432777405,-0.12007483839988708,0.9663758277893066,0.47670021653175354,0.5011743307113647,0.27119603753089905,0.3176041841506958,0.6339998245239258,0.5727967619895935,-0.13492070138454437,0.9340620636940002,0.470561683177948,0.5378210544586182,0.2736908793449402,0.30719465017318726,0.6275968551635742,0.5749196410179138,-0.15493892133235931,0.9305418133735657,0.4667993187904358,0.5374264121055603,0.23752173781394958,0.3050214350223541,0.622390866279602,0.5613276362419128,-0.1259154975414276,0.8987041711807251,0.46842190623283386,0.5271199941635132,0.25544729828834534,0.3008836805820465,0.5002875328063965,0.5151132941246033,-0.0786147490143776,0.9998524785041809,0.45493361353874207,0.46649083495140076,0.0787123590707779,0.9997547268867493,0.4889409840106964,0.7097727060317993,-0.13435544073581696,0.9916166663169861,0.3587137460708618,0.37466490268707275,-0.21215461194515228,0.9077425003051758,0.4993326961994171,0.9316701889038086,-0.17917309701442719,0.9872578978538513,0.22414156794548035,0.32099056243896484,-0.45513808727264404,0.935766875743866,0.5080776810646057,0.9630284905433655,-0.18965031206607819,0.8999538421630859,0.2010396420955658,0.34937113523483276,-0.48303788900375366,0.9433489441871643,0.4625011384487152,0.9827590584754944,-0.3105802536010742,0.9695444703102112,0.188473641872406,0.2195497304201126,-0.5736334919929504,0.9572361707687378
kick5_cl_3,27,900,bad,0.4819091260433197,0.126686692237854,-0.03896136209368706,0.9999493360519409,0.48819684982299805,0.10536257922649384,-0.04603872448205948,0.9999487996101379,0.4913049340248108,0.1041291356086731,-0.04620672017335892,0.9999442100524902,0.4944579303264618,0.10303214192390442,-0.046351298689842224,0.9999583959579468,0.48372742533683777,0.10804636031389236,-0.012529391795396805,0.9999297261238098,0.4834790527820587,0.10866963118314743,-0.012515914626419544,0.9999265074729919,0.4834612309932709,0.10910770297050476,-0.0124968895688653,0.9999364018440247,0.5142055153846741,0.10990283638238907,-0.05189169943332672,0.9999517798423767,0.5029666423797607,0.11565819382667542,0.10681070387363434,0.9998661875724792,0.4910617470741272,0.14935532212257385,-0.03901684656739235,0.9999464154243469,0.4860321581363678,0.15264803171157837,0.006158431060612202,0.9998945593833923,0.5647405982017517,0.24484340846538544,-0.07671023160219193,0.9999701380729675,0.4913719892501831,0.2424413114786148,0.21546335518360138,0.999660313129425,0.595117449760437,0.38760119676589966,-0.11262563616037369,0.9921635389328003,0.48780757188796997,0.39646032452583313,0.328579843044281,0.2606853246688843,0.628718376159668,0.5247893929481506,-0.1336069256067276,0.9688414335250854,0.4760185480117798,0.504760205745697,0.28871721029281616,0.28711700439453125,0.6382481455802917,0.565031111240387,-0.1504519283771515,0.9384948015213013,0.46893420815467834,0.5504022836685181,0.2883804142475128,0.2784971296787262,0.6315126419067383,0.5663053393363953,-0.1647682636976242,0.935330867767334,0.46692296862602234,0.5293949842453003,0.24973516166210175,0.2766845226287842,0.6266247034072876,0.551874041557312,-0.13724011182785034,0.9051974415779114,0.46835002303123474,0.5233709216117859,0.27101796865463257,0.273101806640625,0.49800053238868713,0.5167738795280457,-0.0795762836933136,0.9998467564582825,0.45213136076927185,0.4665461480617523,0.07962241768836975,0.9997303485870361,0.488908588886261,0.7152366638183594,-0.15021775662899017,0.9922793507575989,0.35182827711105347,0.3818797171115875,-0.2524776756763458,0.9158572554588318,0.4992009699344635,0.9390873312950134,-0.21208758652210236,0.9877945780754089,0.2127511352300644,0.3678857088088989,-0.523550808429718,0.9402811527252197,0.5080568790435791,0.9645829796791077,-0.22563734650611877,0.9034703969955444,0.19785529375076294,0.4167400002479553,-0.5548545122146606,0.946705162525177,0.4625323712825775,0.9837306141853333,-0.3627573549747467,0.9703494310379028,0.17482176423072815,0.240077406167984,-0.6615167260169983,0.9603320360183716
kick5_cl_3,28,934,bad,0.4813060164451599,0.12364565581083298,-0.05293921008706093,0.9999516606330872,0.487609326839447,0.10241495817899704,-0.06142992898821831,0.999951183795929,0.49080905318260193,0.10128112137317657,-0.06158061698079109,0.999947726726532,0.49397435784339905,0.10030490159988403,-0.061721134930849075,0.9999609589576721,0.48287665843963623,0.10519158840179443,-0.02696176990866661,0.9999319911003113,0.4825577437877655,0.1058277040719986,-0.026952287182211876,0.9999289512634277,0.4824700355529785,0.10628275573253632,-0.026935426518321037,0.9999376535415649,0.5135824680328369,0.10647739470005035,-0.0656963661313057,0.9999555349349976,0.5015832185745239,0.11236590147018433,0.10129169374704361,0.9998704791069031,0.49070215225219727,0.14647597074508667,-0.052247803658246994,0.9999504685401917,0.48531976342201233,0.14981864392757416,-0.005651869345456362,0.9999014735221863,0.5647716522216797,0.24217179417610168,-0.0861717164516449,0.9999730587005615,0.49066784977912903,0.23947247862815857,0.22769424319267273,0.9996612071990967,0.5979169011116028,0.3796105980873108,-0.12317517399787903,0.992791473865509,0.487799733877182,0.3903912305831909,0.3564189374446869,0.23594485223293304,0.6319109797477722,0.5174056887626648,-0.13638003170490265,0.9712246656417847,0.47526904940605164,0.5011242628097534,0.3063525855541229,0.25980260968208313,0.6415327191352844,0.5586269497871399,-0.1599922776222229,0.9428154826164246,0.46835723519325256,0.5288453102111816,0.30422264337539673,0.25271663069725037,0.6346257925033569,0.5592013001441956,-0.1800309270620346,0.9399425387382507,0.46585363149642944,0.5312427282333374,0.262421190738678,0.2512519061565399,0.6295685172080994,0.5452271103858948,-0.14040443301200867,0.9112440347671509,0.4676944315433502,0.5215541124343872,0.28705742955207825,0.2481829822063446,0.4970899522304535,0.5174667239189148,-0.08197040110826492,0.9998438954353333,0.45067504048347473,0.4669969081878662,0.08216040581464767,0.9997319579124451,0.4886016845703125,0.7187554240226746,-0.1458497941493988,0.9928750395774841,0.3470850884914398,0.4041712284088135,-0.28866109251976013,0.9233778119087219,0.4992181956768036,0.9457960724830627,-0.17351920902729034,0.9883180856704712,0.21004213392734528,0.44996342062950134,-0.5602677464485168,0.9448205232620239,0.5087887644767761,0.9695669412612915,-0.1838916838169098,0.9040158987045288,0.19137176871299744,0.4968547821044922,-0.5922982692718506,0.9496716856956482,0.4631945490837097,0.9869272708892822,-0.3234677314758301,0.9711989164352417,0.16096846759319305,0.3485279977321625,-0.7149655222892761,0.963407576084137
kick5_cl_3,29,967,bad,0.48080164194107056,0.12027297168970108,-0.05850367620587349,0.9999467730522156,0.4869867265224457,0.09940177947282791,-0.0682620257139206,0.9999445080757141,0.4900784492492676,0.09849187731742859,-0.06839850544929504,0.9999442100524902,0.4932423532009125,0.09737416356801987,-0.06853052228689194,0.999958336353302,0.48230186104774475,0.1017243042588234,-0.03305191174149513,0.9999204277992249,0.48197776079177856,0.10234621912240982,-0.033041346818208694,0.9999169111251831,0.48188313841819763,0.1028369814157486,-0.03302832692861557,0.9999252557754517,0.5130089521408081,0.10231936722993851,-0.07260061055421829,0.9999549984931946,0.5010526180267334,0.108866848051548,0.09404264390468597,0.9998435378074646,0.49036505818367004,0.1429840624332428,-0.05856718495488167,0.9999504089355469,0.4849955439567566,0.1464177519083023,-0.01092180423438549,0.9998977780342102,0.5648917555809021,0.2399262636899948,-0.08773723244667053,0.9999755620956421,0.49084344506263733,0.23393575847148895,0.21999825537204742,0.9996275305747986,0.6001564264297485,0.37387168407440186,-0.14869965612888336,0.9933505654335022,0.4901355803012848,0.38620227575302124,0.3298376202583313,0.21357087790966034,0.6321101784706116,0.5129945874214172,-0.1806909143924713,0.9733867049217224,0.4717026948928833,0.5016564726829529,0.26167982816696167,0.23534362018108368,0.6418788433074951,0.5543737411499023,-0.20710133016109467,0.9467500448226929,0.4675220847129822,0.5234671235084534,0.2573918104171753,0.22956253588199615,0.6352880001068115,0.5538179278373718,-0.22105342149734497,0.9441203474998474,0.46025052666664124,0.5339353680610657,0.2146587073802948,0.2284594178199768,0.6305398941040039,0.5402875542640686,-0.18414440751075745,0.9166334867477417,0.46335893869400024,0.523131787776947,0.24103030562400818,0.22588664293289185,0.4954715371131897,0.5189933776855469,-0.08450213819742203,0.9998311400413513,0.4479636251926422,0.46754270792007446,0.0847240760922432,0.9997203946113586,0.48845231533050537,0.7204066514968872,-0.12458338588476181,0.9933486580848694,0.33736875653266907,0.44602400064468384,-0.24772189557552338,0.9296398758888245,0.5002310276031494,0.9479844570159912,-0.13152828812599182,0.9890197515487671,0.21264143288135529,0.5299651026725769,-0.44694340229034424,0.94863361120224,0.5102113485336304,0.9706947803497314,-0.14141014218330383,0.9037835001945496,0.19588275253772736,0.5824276208877563,-0.4713838994503021,0.9511724710464478,0.4631207287311554,0.9880521297454834,-0.30250284075737,0.9724765419960022,0.15668320655822754,0.45205989480018616,-0.5870252847671509,0.9657256603240967
kick5_cl_3,30,1001,bad,0.480560839176178,0.119774229824543,-0.07055611908435822,0.99991774559021,0.48682424426078796,0.09992503374814987,-0.07956653088331223,0.999887228012085,0.4899943768978119,0.09901965409517288,-0.07973901182413101,0.9999048113822937,0.49336495995521545,0.09760279208421707,-0.07986786216497421,0.9999247789382935,0.481990247964859,0.10167133808135986,-0.045789431780576706,0.9998558163642883,0.48160091042518616,0.10219594091176987,-0.0457642488181591,0.9998518824577332,0.48141857981681824,0.10263076424598694,-0.045755937695503235,0.9998549818992615,0.5130030512809753,0.10197991132736206,-0.07505939155817032,0.999927282333374,0.4999898672103882,0.10853450745344162,0.09009972959756851,0.9996991753578186,0.49008992314338684,0.14192593097686768,-0.06782746315002441,0.999920666217804,0.4843074083328247,0.1457507312297821,-0.02101915515959263,0.999814510345459,0.5649639368057251,0.23901285231113434,-0.09831495583057404,0.9999772310256958,0.4904748797416687,0.22990140318870544,0.19628389179706573,0.999538242816925,0.6000591516494751,0.37108203768730164,-0.14579270780086517,0.9938005805015564,0.4903194010257721,0.3826886713504791,0.28553834557533264,0.1938614547252655,0.6325666904449463,0.5101989507675171,-0.17982003092765808,0.974783182144165,0.4689403772354126,0.5049001574516296,0.19420361518859863,0.21433214843273163,0.6438401341438293,0.5501843094825745,-0.20047736167907715,0.9489180445671082,0.4657513201236725,0.5213988423347473,0.18097847700119019,0.20981286466121674,0.6371882557868958,0.5494092702865601,-0.21160131692886353,0.9466485381126404,0.4565749168395996,0.5378366112709045,0.13757173717021942,0.2091234177350998,0.6319490075111389,0.5367044806480408,-0.1800806224346161,0.9199081063270569,0.46067821979522705,0.5270856022834778,0.171905517578125,0.20706681907176971,0.49515679478645325,0.5209174156188965,-0.08395020663738251,0.9998081922531128,0.44631943106651306,0.46856823563575745,0.0841297134757042,0.999701201915741,0.48828455805778503,0.7187497615814209,-0.1191544458270073,0.9938129186630249,0.33818158507347107,0.47249430418014526,-0.24152348935604095,0.9352931380271912,0.5005654096603394,0.9476534128189087,-0.0968543067574501,0.9897814393043518,0.22045032680034637,0.6045435667037964,-0.29023629426956177,0.9524213671684265,0.5102219581604004,0.9706288576126099,-0.10134647786617279,0.9044786095619202,0.208817258477211,0.6702057719230652,-0.3031294643878937,0.9523712396621704,0.4630228579044342,0.9879973530769348,-0.24303175508975983,0.9739980101585388,0.16010881960391998,0.5506132245063782,-0.41203784942626953,0.9676468968391418
kick5_cl_3,31,1034,bad,0.4800558388233185,0.117677241563797,-0.06886433809995651,0.9999160170555115,0.48656389117240906,0.09881997853517532,-0.07820673286914825,0.9998782277107239,0.48978301882743835,0.09809841215610504,-0.07836724817752838,0.9999003410339355,0.4931113123893738,0.09715790301561356,-0.07848376780748367,0.9999198913574219,0.4817112982273102,0.10084573179483414,-0.04445583000779152,0.9998469948768616,0.48131063580513,0.10147296637296677,-0.04445203021168709,0.9998455047607422,0.48109209537506104,0.10204732418060303,-0.044451262801885605,0.999848484992981,0.5121505856513977,0.10219339281320572,-0.07857309281826019,0.9999235272407532,0.4986667335033417,0.10867434740066528,0.08343232423067093,0.999686598777771,0.4894898533821106,0.13929688930511475,-0.06690365821123123,0.9999178647994995,0.483553946018219,0.14335064589977264,-0.020446445792913437,0.9998071193695068,0.5650758147239685,0.23814013600349426,-0.09387529641389847,0.9999789595603943,0.48867806792259216,0.2305724024772644,0.19141294062137604,0.9995281100273132,0.599163830280304,0.37192732095718384,-0.13128675520420074,0.9942437410354614,0.48575446009635925,0.38328123092651367,0.2837381958961487,0.1774163842201233,0.6315194964408875,0.5097765326499939,-0.1640636920928955,0.9761576652526855,0.4454311430454254,0.5115716457366943,0.18959318101406097,0.19704896211624146,0.6426554918289185,0.5492596626281738,-0.1876991093158722,0.9510063529014587,0.43620097637176514,0.5390622019767761,0.17716071009635925,0.19363756477832794,0.6369607448577881,0.5483580231666565,-0.20865191519260406,0.9490693807601929,0.42822834849357605,0.5410773754119873,0.13135334849357605,0.19363796710968018,0.6320092082023621,0.5363393425941467,-0.17082668840885162,0.9228687882423401,0.4345521330833435,0.5314598679542542,0.16617010533809662,0.19206127524375916,0.49554547667503357,0.5232064127922058,-0.08186806738376617,0.9997751712799072,0.44426876306533813,0.47192442417144775,0.08199424296617508,0.9996985197067261,0.48871341347694397,0.718744158744812,-0.10855784267187119,0.9941882491111755,0.339284211397171,0.5113926529884338,-0.24072851240634918,0.9411592483520508,0.5013219118118286,0.9465864896774292,-0.07072341442108154,0.9903901219367981,0.22709721326828003,0.6734172701835632,-0.32709163427352905,0.9563122391700745,0.5107839703559875,0.9702579975128174,-0.07415536791086197,0.9017513394355774,0.21283873915672302,0.727150022983551,-0.34332937002182007,0.9532109498977661,0.46331602334976196,0.9878873229026794,-0.2171902060508728,0.9752293229103088,0.16686837375164032,0.6490179300308228,-0.44481149315834045,0.9698435068130493
kick5_cl_3,32,1067,bad,0.47910770773887634,0.1185421571135521,-0.07828930020332336,0.9999055862426758,0.48556530475616455,0.09958481788635254,-0.08799869567155838,0.999846339225769,0.48879489302635193,0.09882575273513794,-0.08814180642366409,0.999880313873291,0.49216678738594055,0.09784858673810959,-0.0882490873336792,0.9999005198478699,0.48083677887916565,0.10154075920581818,-0.054960012435913086,0.9998139142990112,0.48047158122062683,0.10208869725465775,-0.05495551601052284,0.99981290102005,0.48023539781570435,0.10260206460952759,-0.05497089773416519,0.9998153448104858,0.5105503797531128,0.10285968333482742,-0.08704254776239395,0.9999081492424011,0.49717992544174194,0.10914761573076248,0.07209430634975433,0.9996210336685181,0.4885982275009155,0.13980092108249664,-0.07510968297719955,0.9998960494995117,0.4824676215648651,0.14368285238742828,-0.029515398666262627,0.9997474551200867,0.5651915669441223,0.23768319189548492,-0.09854704886674881,0.9999799132347107,0.48725825548171997,0.23087991774082184,0.1746586412191391,0.9994527697563171,0.5972532033920288,0.37247833609580994,-0.13550207018852234,0.9946222901344299,0.48490744829177856,0.3843299448490143,0.2529434561729431,0.16288012266159058,0.6279800534248352,0.5116360783576965,-0.1723797470331192,0.9772883057594299,0.4464786648750305,0.5138098001480103,0.16312986612319946,0.18301422894001007,0.6388275027275085,0.5497764945030212,-0.19866648316383362,0.9526341557502747,0.43717825412750244,0.5428043603897095,0.147709459066391,0.18061886727809906,0.634728729724884,0.5487993955612183,-0.21973885595798492,0.9510215520858765,0.4307669997215271,0.5420594215393066,0.10254665464162827,0.18137508630752563,0.6298126578330994,0.5374715924263,-0.18082009255886078,0.9253010153770447,0.43681082129478455,0.5328570604324341,0.13978362083435059,0.18022429943084717,0.4954618811607361,0.5268835425376892,-0.08213958889245987,0.9997293949127197,0.4422520101070404,0.47951212525367737,0.08227872103452682,0.9996964335441589,0.48984888195991516,0.7205507755279541,-0.09944687783718109,0.9945440888404846,0.33948197960853577,0.5564438104629517,-0.21323901414871216,0.9465909004211426,0.5034439563751221,0.9454300403594971,-0.010552119463682175,0.9909520149230957,0.24421928822994232,0.7408948540687561,-0.20376728475093842,0.960023820400238,0.5134740471839905,0.9691171050071716,-0.008547378703951836,0.8963227272033691,0.2401096075773239,0.7953078150749207,-0.209767147898674,0.9536346793174744,0.4648045003414154,0.9877181649208069,-0.14922712743282318,0.9762757420539856,0.17688575387001038,0.7336446642875671,-0.32633814215660095,0.9717512130737305
kick5_cl_3,33,1101,bad,0.47858408093452454,0.11892722547054291,-0.11830205470323563,0.9998961687088013,0.4851331412792206,0.10004568099975586,-0.12855829298496246,0.9998180866241455,0.4884255528450012,0.09916901588439941,-0.12867935001850128,0.9998651742935181,0.4919411242008209,0.09801529347896576,-0.12879015505313873,0.9998835921287537,0.48022446036338806,0.10192845016717911,-0.09627649933099747,0.9997769594192505,0.47982558608055115,0.10237012803554535,-0.09624803066253662,0.9997749328613281,0.47953641414642334,0.10275942832231522,-0.09625770896673203,0.9997652769088745,0.5096878409385681,0.102773517370224,-0.1225222647190094,0.9999014735221863,0.495451956987381,0.10871349275112152,0.03213488310575485,0.9995436668395996,0.48791876435279846,0.1395457535982132,-0.11181262880563736,0.9998787045478821,0.4815739691257477,0.14327383041381836,-0.06753861159086227,0.9996684789657593,0.5652295351028442,0.2368001639842987,-0.12497934699058533,0.9999809265136719,0.48353829979896545,0.23061227798461914,0.14201444387435913,0.9993369579315186,0.5960219502449036,0.3760601580142975,-0.15348607301712036,0.9949820637702942,0.48047706484794617,0.38441768288612366,0.2130691409111023,0.15098105370998383,0.6242135167121887,0.5211331248283386,-0.20327025651931763,0.9785327315330505,0.44784387946128845,0.5103615522384644,0.12003126740455627,0.17411357164382935,0.6339159607887268,0.5568654537200928,-0.23508521914482117,0.9547221064567566,0.4394327402114868,0.53929603099823,0.10145337879657745,0.1726536899805069,0.6302316784858704,0.5555426478385925,-0.25940757989883423,0.9534364342689514,0.4343363642692566,0.5380945801734924,0.0572596900165081,0.17429468035697937,0.6256065368652344,0.544572651386261,-0.2136809080839157,0.9288302659988403,0.4408039152622223,0.5278306603431702,0.09682711213827133,0.1732996106147766,0.49576669931411743,0.528346061706543,-0.08386663347482681,0.9996924996376038,0.4405634105205536,0.4863671064376831,0.08391330391168594,0.9996606707572937,0.4909830391407013,0.7220374345779419,-0.1191951110959053,0.9948796033859253,0.34110769629478455,0.6139223575592041,-0.06407004594802856,0.951301634311676,0.504214346408844,0.9451497793197632,-0.013573749922215939,0.9915228486061096,0.26624542474746704,0.8032439351081848,0.020954174920916557,0.9633076786994934,0.5137708783149719,0.9690493941307068,-0.009517906233668327,0.8943039178848267,0.27172455191612244,0.8468950390815735,0.022916357964277267,0.953213632106781,0.46519508957862854,0.9877229928970337,-0.14907898008823395,0.9775152206420898,0.20062342286109924,0.8195984959602356,-0.08104945719242096,0.9731290936470032
kick5_cl_3,34,1134,bad,0.47765541076660156,0.11795174330472946,-0.14345616102218628,0.9998989701271057,0.4844364523887634,0.09932933002710342,-0.14986833930015564,0.9998171329498291,0.4879346787929535,0.09808677434921265,-0.14997224509716034,0.9998665452003479,0.4915553629398346,0.09673643112182617,-0.15006808936595917,0.9998831152915955,0.4790218472480774,0.10145111382007599,-0.12178110331296921,0.999774158000946,0.47855204343795776,0.10188397765159607,-0.1217605397105217,0.9997720122337341,0.4782121777534485,0.10227107256650925,-0.12175648659467697,0.9997581839561462,0.5088579058647156,0.10193978995084763,-0.1305631548166275,0.9999037981033325,0.49269962310791016,0.10816110670566559,0.005077569745481014,0.9995379447937012,0.48701074719429016,0.1383667141199112,-0.13203851878643036,0.9998781681060791,0.4802755117416382,0.14158892631530762,-0.0934707298874855,0.9996564984321594,0.5652300119400024,0.23686181008815765,-0.12403859198093414,0.9999815225601196,0.47590503096580505,0.2311893254518509,0.10191097110509872,0.99931800365448,0.5942105650901794,0.3841366767883301,-0.14740248024463654,0.9952445030212402,0.4719156324863434,0.3849318325519562,0.16217392683029175,0.14568881690502167,0.6212305426597595,0.5293557047843933,-0.1917000561952591,0.979220449924469,0.4448266327381134,0.507859468460083,0.06581242382526398,0.17203126847743988,0.6295092105865479,0.5678581595420837,-0.21822617948055267,0.9555472135543823,0.43240833282470703,0.5372690558433533,0.0426730252802372,0.1705678552389145,0.6268282532691956,0.5672402381896973,-0.23988084495067596,0.9547151327133179,0.4318193793296814,0.5360161662101746,0.001824386534281075,0.17331117391586304,0.6227349042892456,0.5552147626876831,-0.19879457354545593,0.9311872720718384,0.4369385838508606,0.5254819393157959,0.04417302832007408,0.17182502150535583,0.49610280990600586,0.5286318063735962,-0.07925354689359665,0.9996432662010193,0.4402381181716919,0.4952158033847809,0.07926749438047409,0.9996355772018433,0.4906962215900421,0.721129834651947,-0.11640011519193649,0.9948930740356445,0.3479537069797516,0.6498240232467651,-0.07130331546068192,0.955361008644104,0.5044695138931274,0.9449458122253418,0.0236356258392334,0.991593062877655,0.2967081367969513,0.8498525023460388,0.019709836691617966,0.9660587906837463,0.5140978693962097,0.9674994349479675,0.03018714115023613,0.8824824690818787,0.3059878945350647,0.8892364501953125,0.02227204665541649,0.9501330852508545,0.46687519550323486,0.9890144467353821,-0.10880424827337265,0.9776999950408936,0.24847550690174103,0.8965533375740051,-0.09296723455190659,0.9740803241729736
kick5_cl_3,35,1167,bad,0.4769197106361389,0.11679932475090027,-0.22676101326942444,0.9999032616615295,0.48409131169319153,0.09820456057786942,-0.23208867013454437,0.9998197555541992,0.4877023994922638,0.0973709374666214,-0.23216374218463898,0.9998700618743896,0.4914572536945343,0.09642812609672546,-0.23224405944347382,0.9998855590820312,0.4783410131931305,0.10006477683782578,-0.20768626034259796,0.9997735023498535,0.4775925278663635,0.10044775903224945,-0.20765657722949982,0.9997692704200745,0.47686511278152466,0.10082360357046127,-0.20765084028244019,0.999748170375824,0.5086575746536255,0.10208035260438919,-0.19796082377433777,0.9999070167541504,0.49058377742767334,0.1075940653681755,-0.07926387339830399,0.9995095133781433,0.48615896701812744,0.13792240619659424,-0.20919464528560638,0.999882698059082,0.4784928560256958,0.13884912431240082,-0.17540320754051208,0.9996556043624878,0.5644502639770508,0.23726165294647217,-0.1686760038137436,0.9999823570251465,0.4684637486934662,0.23132489621639252,0.023791605606675148,0.9992800354957581,0.5880535840988159,0.3927091956138611,-0.16410858929157257,0.9954750537872314,0.4592161476612091,0.3853338956832886,0.09155809879302979,0.14422012865543365,0.6056116223335266,0.5406652092933655,-0.2043105959892273,0.9798257350921631,0.4379989802837372,0.5077369809150696,0.0024295926559716463,0.17429974675178528,0.6136728525161743,0.5813133716583252,-0.2330067753791809,0.9563016891479492,0.4277799427509308,0.5448223352432251,-0.02170349471271038,0.17242754995822906,0.6083528995513916,0.5784958600997925,-0.26295626163482666,0.9558345079421997,0.4277607500553131,0.54349285364151,-0.06384319067001343,0.1760682761669159,0.6034439206123352,0.5650449395179749,-0.21552279591560364,0.9335206747055054,0.43458402156829834,0.5273458361625671,-0.01896207220852375,0.17430225014686584,0.49593067169189453,0.5299383401870728,-0.0729549378156662,0.9996321201324463,0.4381680190563202,0.504125714302063,0.07293055206537247,0.9995998740196228,0.4907359778881073,0.7266952395439148,-0.07077925652265549,0.9952172040939331,0.362129807472229,0.690784752368927,0.08739964663982391,0.959295928478241,0.5046778917312622,0.9463399052619934,0.08282147347927094,0.9921876788139343,0.336324006319046,0.877230167388916,0.2617637515068054,0.9689434170722961,0.515225887298584,0.9700514078140259,0.0887177512049675,0.8808474540710449,0.34818246960639954,0.9145517349243164,0.2720494866371155,0.9494417905807495,0.4688417613506317,0.9913576245307922,-0.06596127897500992,0.979200005531311,0.28602394461631775,0.9416283965110779,0.16337719559669495,0.9756875038146973
kick5_cl_3,36,1201,bad,0.47514277696609497,0.11708193272352219,-0.25646471977233887,0.9998986721038818,0.4829140901565552,0.09847211837768555,-0.259784072637558,0.9997975826263428,0.48664340376853943,0.0978270024061203,-0.2598472237586975,0.9998571276664734,0.49046242237091064,0.09709985554218292,-0.25990790128707886,0.999872624874115,0.4763391613960266,0.10023950785398483,-0.2392658293247223,0.9997352957725525,0.4752831757068634,0.10067065060138702,-0.2392265647649765,0.9997234344482422,0.4743073582649231,0.10106263309717178,-0.23922769725322723,0.9996795058250427,0.5073899030685425,0.1028633862733841,-0.21838940680027008,0.9998971223831177,0.4866446554660797,0.10775256901979446,-0.11712717264890671,0.9993611574172974,0.4839777946472168,0.13815610110759735,-0.23648479580879211,0.9998815059661865,0.4758043885231018,0.13903608918190002,-0.20771506428718567,0.9996361136436462,0.5610590577125549,0.24107889831066132,-0.17261582612991333,0.9999817609786987,0.4626050591468811,0.23166458308696747,-0.026157641783356667,0.9992195963859558,0.5780032873153687,0.4034430682659149,-0.16360454261302948,0.9954220652580261,0.44790545105934143,0.3856779932975769,0.0440751276910305,0.1496870517730713,0.5920100808143616,0.5525923371315002,-0.1996973305940628,0.9782682657241821,0.4318547248840332,0.5083500742912292,-0.02649727277457714,0.1764233112335205,0.5970619916915894,0.5969922542572021,-0.23251573741436005,0.9528531432151794,0.42461803555488586,0.5477703809738159,-0.04740913212299347,0.17350319027900696,0.589130699634552,0.5944579243659973,-0.2465502917766571,0.9529072046279907,0.4247008264064789,0.5466720461845398,-0.08745875954627991,0.17772431671619415,0.5855442881584167,0.5821143388748169,-0.20520634949207306,0.9316269159317017,0.4308561086654663,0.5292319059371948,-0.0461377315223217,0.17637602984905243,0.4955653250217438,0.5313935279846191,-0.053316570818424225,0.9995792508125305,0.4365221858024597,0.5103735327720642,0.05336471647024155,0.9994553923606873,0.4909886121749878,0.7301540374755859,-0.06202072650194168,0.9954889416694641,0.38185247778892517,0.7118260860443115,0.10771556943655014,0.9627015590667725,0.5045808553695679,0.9472331404685974,0.06331752240657806,0.9926345944404602,0.3677748143672943,0.8975292444229126,0.28294846415519714,0.971226155757904,0.5150006413459778,0.9699887633323669,0.06575526297092438,0.877467155456543,0.3778947591781616,0.9278652667999268,0.293334037065506,0.9463080167770386,0.4694458842277527,0.9950957298278809,-0.0928790271282196,0.98020339012146,0.33462685346603394,0.9647254943847656,0.18115238845348358,0.976632833480835
kick5_cl_3,37,1234,bad,0.4723043441772461,0.11791110783815384,-0.24367929995059967,0.9998902678489685,0.48084625601768494,0.09990369528532028,-0.24728582799434662,0.9997577667236328,0.4846175014972687,0.09961695224046707,-0.24735264480113983,0.9998325705528259,0.48882395029067993,0.09909290820360184,-0.24741505086421967,0.9998470544815063,0.4733448922634125,0.10030707716941833,-0.2246962934732437,0.9996598958969116,0.47197896242141724,0.10085931420326233,-0.22465911507606506,0.999638557434082,0.4708506762981415,0.10125868767499924,-0.224653422832489,0.9995534420013428,0.5057986974716187,0.10419243574142456,-0.2087077498435974,0.9998750686645508,0.48337316513061523,0.10790467262268066,-0.09843969345092773,0.9990471005439758,0.4808843433856964,0.13910019397735596,-0.22451360523700714,0.9998735189437866,0.47207891941070557,0.13935156166553497,-0.19317643344402313,0.999591052532196,0.55619877576828,0.24635188281536102,-0.17770884931087494,0.9999817609786987,0.4563954174518585,0.232402965426445,0.006796672940254211,0.999189555644989,0.5698219537734985,0.40732860565185547,-0.16300725936889648,0.995439350605011,0.4346027672290802,0.38300010561943054,0.08103521913290024,0.15585274994373322,0.5776488780975342,0.5578418970108032,-0.19659264385700226,0.9776444435119629,0.4206169843673706,0.49820899963378906,0.002590841380879283,0.18525096774101257,0.5807316303253174,0.6090791821479797,-0.22404146194458008,0.9518211483955383,0.4131620228290558,0.5391877889633179,-0.018087826669216156,0.1810743659734726,0.5724846124649048,0.604584276676178,-0.25067028403282166,0.9522947072982788,0.4148091673851013,0.5398479700088501,-0.058346226811409,0.18596084415912628,0.5699799060821533,0.5917872786521912,-0.20633278787136078,0.9320069551467896,0.4191541075706482,0.5234321355819702,-0.017625702545046806,0.18445543944835663,0.493191659450531,0.5326523780822754,-0.06007762625813484,0.9995601773262024,0.4351891577243805,0.5150342583656311,0.060121238231658936,0.9993793964385986,0.4913408160209656,0.736691415309906,-0.051246386021375656,0.9956158399581909,0.40503990650177,0.718153715133667,0.16182370483875275,0.9651206135749817,0.5045489072799683,0.9478226900100708,0.06812037527561188,0.9930409789085388,0.40147411823272705,0.8921532034873962,0.351117879152298,0.9731246829032898,0.515000581741333,0.970387876033783,0.06999703496694565,0.8774413466453552,0.41194093227386475,0.9215226769447327,0.36234328150749207,0.9459694027900696,0.468581885099411,0.9949113726615906,-0.0911170244216919,0.9814558029174805,0.363421231508255,0.960978090763092,0.2567923665046692,0.9778901934623718
kick5_cl_3,38,1267,bad,0.4698479473590851,0.11847162246704102,-0.22764626145362854,0.9998956918716431,0.4786272943019867,0.10114055871963501,-0.22894568741321564,0.9997598528862,0.4826566278934479,0.10118766874074936,-0.22898082435131073,0.9998325705528259,0.4868530035018921,0.10082490742206573,-0.2290288507938385,0.9998446106910706,0.47065868973731995,0.10075605660676956,-0.20640923082828522,0.9996632933616638,0.468730092048645,0.1011035293340683,-0.2064034789800644,0.99964439868927,0.46698224544525146,0.10133343189954758,-0.20640431344509125,0.9995623230934143,0.5025995969772339,0.1074291244149208,-0.18882830440998077,0.9998692274093628,0.4773173928260803,0.10854572802782059,-0.07821545004844666,0.9990553259849548,0.47786808013916016,0.1393718123435974,-0.20834897458553314,0.9998815059661865,0.4684533178806305,0.13957002758979797,-0.17715080082416534,0.9996175765991211,0.5484792590141296,0.2520820200443268,-0.1653437614440918,0.9999828338623047,0.4481516182422638,0.23412105441093445,0.022020135074853897,0.9992581009864807,0.5604597926139832,0.4085198938846588,-0.16059905290603638,0.995476245880127,0.4231811761856079,0.38295701146125793,0.08726982772350311,0.20337095856666565,0.5604850649833679,0.5588296055793762,-0.21298852562904358,0.9776013493537903,0.4006294310092926,0.4992316961288452,-0.005792338866740465,0.24834002554416656,0.5587971806526184,0.6110449433326721,-0.24329309165477753,0.9520034790039062,0.3923182785511017,0.5404605269432068,-0.033156007528305054,0.23838414251804352,0.5506530404090881,0.6052641868591309,-0.27520957589149475,0.952717661857605,0.39581984281539917,0.5418300628662109,-0.07065500319004059,0.24377891421318054,0.548533022403717,0.5920060873031616,-0.22573770582675934,0.933357834815979,0.3995748460292816,0.5298347473144531,-0.025211822241544724,0.24091605842113495,0.4917227327823639,0.5325430631637573,-0.061864156275987625,0.9995850324630737,0.43408647179603577,0.5198577046394348,0.061624329537153244,0.9994029998779297,0.491253525018692,0.7360479235649109,-0.06793548911809921,0.9955613613128662,0.41223278641700745,0.7053627967834473,0.1385788768529892,0.9648218154907227,0.5057628154754639,0.9434484839439392,0.07527335733175278,0.9932325482368469,0.43144509196281433,0.8869310617446899,0.378970742225647,0.9734115600585938,0.5167733430862427,0.9667080640792847,0.08320663124322891,0.8738172650337219,0.4455949664115906,0.9133032560348511,0.3963285982608795,0.9434172511100769,0.46929770708084106,0.9947695136070251,-0.07720363885164261,0.9823338985443115,0.38125988841056824,0.9535672664642334,0.29686489701271057,0.9782170057296753
kick5_cl_3,39,1301,bad,0.4664965569972992,0.11863402277231216,-0.22696276009082794,0.9999005198478699,0.4752855598926544,0.10119663178920746,-0.22797726094722748,0.9997649192810059,0.47885945439338684,0.10136211663484573,-0.2280256450176239,0.9998335242271423,0.48305943608283997,0.10115525871515274,-0.2280718833208084,0.9998441338539124,0.46720054745674133,0.10095249861478806,-0.20540329813957214,0.9996716380119324,0.465394526720047,0.10125024616718292,-0.20540441572666168,0.9996528625488281,0.46372145414352417,0.1014445424079895,-0.20540949702262878,0.9995747208595276,0.4988034963607788,0.10852979123592377,-0.18601934611797333,0.9998639822006226,0.47145694494247437,0.10877525806427002,-0.07886099815368652,0.9990749955177307,0.47380784153938293,0.1395389586687088,-0.20780567824840546,0.9998888373374939,0.4645666778087616,0.13974229991436005,-0.1772756278514862,0.9996442794799805,0.5395764112472534,0.2527579069137573,-0.17245705425739288,0.9999838471412659,0.44113689661026,0.23415923118591309,0.0322616808116436,0.9993232488632202,0.5518625378608704,0.4086526930332184,-0.16956529021263123,0.9955251812934875,0.4125063121318817,0.3798164129257202,0.09721378982067108,0.2542647123336792,0.546169102191925,0.5560533404350281,-0.23597876727581024,0.9776466488838196,0.38740384578704834,0.49905699491500854,0.0003190024581272155,0.3090629279613495,0.5450673699378967,0.6059732437133789,-0.26933786273002625,0.9522933959960938,0.3777856230735779,0.5406172871589661,-0.024170292541384697,0.29444798827171326,0.5355437994003296,0.6000894904136658,-0.29978105425834656,0.9532142281532288,0.382467120885849,0.5421674251556396,-0.06363631039857864,0.30024489760398865,0.5331432223320007,0.58695387840271,-0.24810923635959625,0.9346871972084045,0.38642317056655884,0.5310952067375183,-0.019617987796664238,0.29583123326301575,0.4887617230415344,0.5308867692947388,-0.06974053382873535,0.9996079802513123,0.43296018242836,0.520179271697998,0.0695309266448021,0.9994197487831116,0.48892030119895935,0.7357797026634216,-0.10479633510112762,0.9945058822631836,0.4231035113334656,0.708208441734314,0.1594018042087555,0.9572626352310181,0.5054003596305847,0.9430103898048401,0.027602950111031532,0.9927534461021423,0.4381977915763855,0.8913418054580688,0.38237375020980835,0.9692726135253906,0.516675591468811,0.9664474129676819,0.03248602896928787,0.8715907335281372,0.45176050066947937,0.9182845950126648,0.3973579704761505,0.9364906549453735,0.469571053981781,0.9963542819023132,-0.13745638728141785,0.9821869730949402,0.3883768320083618,0.95079505443573,0.2984844446182251,0.9760982990264893
kick5_cl_3,40,1334,bad,0.46475592255592346,0.1180829331278801,-0.26083457469940186,0.9999035596847534,0.4735618531703949,0.10063572973012924,-0.25621312856674194,0.9997659921646118,0.4774828851222992,0.10093467682600021,-0.2562747597694397,0.9998306035995483,0.4821009039878845,0.10086451470851898,-0.25632110238075256,0.9998405575752258,0.46505770087242126,0.10024268180131912,-0.23814526200294495,0.99967360496521,0.4626624286174774,0.10038495808839798,-0.238141730427742,0.9996522068977356,0.46006882190704346,0.1005106121301651,-0.23813438415527344,0.9995764493942261,0.49748775362968445,0.10888134688138962,-0.1939498782157898,0.9998571872711182,0.4648379981517792,0.10886609554290771,-0.10781968384981155,0.9990595579147339,0.4714825451374054,0.13961687684059143,-0.23502062261104584,0.9998944401741028,0.46152085065841675,0.1393319070339203,-0.21056577563285828,0.9996659159660339,0.5328499674797058,0.2527190148830414,-0.1786433756351471,0.9999843835830688,0.43407323956489563,0.23441238701343536,0.010109733790159225,0.9993780255317688,0.5437861084938049,0.40963664650917053,-0.17554709315299988,0.9955248832702637,0.40517428517341614,0.3791238069534302,0.07535362988710403,0.29943519830703735,0.5311641693115234,0.5530627965927124,-0.25205153226852417,0.9777191281318665,0.37434038519859314,0.4976816773414612,-0.024119220674037933,0.36329689621925354,0.5309497117996216,0.6010673642158508,-0.2876766324043274,0.9526738524436951,0.3619254529476166,0.539925217628479,-0.048919323831796646,0.34475091099739075,0.5215539932250977,0.5964994430541992,-0.3158172369003296,0.9537237882614136,0.3663586974143982,0.5414402484893799,-0.0918009802699089,0.35099533200263977,0.5195248126983643,0.5831976532936096,-0.2636279761791229,0.9360207915306091,0.37123623490333557,0.530419647693634,-0.045396313071250916,0.34600669145584106,0.48413869738578796,0.5290119051933289,-0.07005894929170609,0.9996232390403748,0.42840006947517395,0.5193229913711548,0.06990616023540497,0.9994282126426697,0.4843154847621918,0.7358248829841614,-0.10417548567056656,0.992250382900238,0.4225097894668579,0.7114017605781555,0.1287916600704193,0.9469399452209473,0.5030158758163452,0.9426734447479248,0.04473758116364479,0.9910600781440735,0.43468841910362244,0.8994250297546387,0.3394377827644348,0.963972270488739,0.5136604309082031,0.9650018811225891,0.04991598054766655,0.8590776324272156,0.4481823146343231,0.927240252494812,0.35274654626846313,0.9274253845214844,0.4699306786060333,0.9971546530723572,-0.10533079504966736,0.9800782203674316,0.38721412420272827,0.9538132548332214,0.24636712670326233,0.9725624918937683
kick5_cl_3,41,1368,bad,0.46084585785865784,0.11749104410409927,-0.2735947072505951,0.9999015927314758,0.46972447633743286,0.1003095805644989,-0.2704712450504303,0.999753475189209,0.47408202290534973,0.10055407881736755,-0.270548939704895,0.99981689453125,0.4790214002132416,0.10048884153366089,-0.2705989480018616,0.9998266100883484,0.46085822582244873,0.09987185150384903,-0.25143614411354065,0.9996557831764221,0.45840010046958923,0.09993850439786911,-0.25143569707870483,0.9996288418769836,0.4555318057537079,0.09996819496154785,-0.25144344568252563,0.9995532631874084,0.4937514066696167,0.1092015951871872,-0.21043585240840912,0.9998419880867004,0.4601500630378723,0.10895998030900955,-0.12059891223907471,0.9989820122718811,0.4673486351966858,0.13972096145153046,-0.24891239404678345,0.9998970627784729,0.4571755826473236,0.13929803669452667,-0.2230224907398224,0.9996787309646606,0.5261566638946533,0.25236016511917114,-0.20404258370399475,0.999984860420227,0.4289950430393219,0.23503968119621277,0.006154749076813459,0.9994255900382996,0.532645046710968,0.40861108899116516,-0.2155621498823166,0.9952599406242371,0.4023197889328003,0.37906694412231445,0.07421629130840302,0.3351188898086548,0.5139825940132141,0.5509015321731567,-0.2997995913028717,0.9766532778739929,0.36338216066360474,0.49426400661468506,-0.027756178751587868,0.4101425111293793,0.5120469927787781,0.5975742936134338,-0.3386501371860504,0.9512710571289062,0.3495998978614807,0.5384256839752197,-0.05150095373392105,0.3880857527256012,0.5047101974487305,0.5898910760879517,-0.3653409779071808,0.9525290727615356,0.35288429260253906,0.5404465794563293,-0.09722121804952621,0.39516666531562805,0.5031543374061584,0.5777052640914917,-0.311117559671402,0.9350496530532837,0.35815244913101196,0.5302053689956665,-0.0506964810192585,0.39005810022354126,0.48026880621910095,0.5284233689308167,-0.07123859971761703,0.9996369481086731,0.4260680079460144,0.520288348197937,0.07109702378511429,0.9994387030601501,0.4786262810230255,0.7355594038963318,-0.10168842226266861,0.9909929633140564,0.41678088903427124,0.7082937955856323,0.13660767674446106,0.9403073191642761,0.5016165971755981,0.939034104347229,0.05345722660422325,0.9905098080635071,0.43123358488082886,0.8929832577705383,0.3577105402946472,0.9615658521652222,0.5126022100448608,0.9620828032493591,0.05891003459692001,0.854041576385498,0.4432905912399292,0.9211024641990662,0.3719066083431244,0.922420859336853,0.4695633351802826,0.9970859289169312,-0.09566902369260788,0.9797582030296326,0.3835034966468811,0.9512268304824829,0.26684054732322693,0.9710351824760437
kick5_cl_3,42,1401,bad,0.4566253125667572,0.11670419573783875,-0.22247937321662903,0.9999048113822937,0.4652010202407837,0.09979364275932312,-0.21529777348041534,0.9997608661651611,0.46988585591316223,0.09992069005966187,-0.2154274731874466,0.9998204708099365,0.4749816358089447,0.09986614435911179,-0.2154717892408371,0.9998307824134827,0.4559626579284668,0.099345862865448,-0.1962239295244217,0.9996626973152161,0.4534132182598114,0.09937869012355804,-0.19617260992527008,0.9996313452720642,0.45051637291908264,0.09934370219707489,-0.196180522441864,0.9995602369308472,0.48943662643432617,0.10924005508422852,-0.15899629890918732,0.9998465776443481,0.4544450640678406,0.10901136696338654,-0.06543255597352982,0.9989915490150452,0.46362873911857605,0.1396072804927826,-0.19887839257717133,0.9999036192893982,0.45258644223213196,0.13892611861228943,-0.17364268004894257,0.9996991157531738,0.521618664264679,0.2519114911556244,-0.19720537960529327,0.9999858736991882,0.4256647527217865,0.23581573367118835,0.06661943346261978,0.9994690418243408,0.5234712362289429,0.4083003103733063,-0.20680645108222961,0.9949683547019958,0.3991716802120209,0.37900179624557495,0.13460682332515717,0.3567170798778534,0.49801886081695557,0.5363218188285828,-0.29714807868003845,0.9770902991294861,0.3549623489379883,0.48814675211906433,0.007365523837506771,0.4529680013656616,0.492736279964447,0.5831382274627686,-0.33865949511528015,0.9528075456619263,0.33857840299606323,0.5327531695365906,-0.022567564621567726,0.4293133318424225,0.4853948652744293,0.5734590888023376,-0.36154672503471375,0.9539719223976135,0.3396107256412506,0.5340874195098877,-0.08323076367378235,0.4370311200618744,0.48469194769859314,0.5611723065376282,-0.3067097067832947,0.9368623495101929,0.3448715806007385,0.5245336294174194,-0.023370472714304924,0.43228602409362793,0.47669336199760437,0.5324333906173706,-0.07492761313915253,0.9996592402458191,0.42339715361595154,0.5264542102813721,0.07484634220600128,0.9994655847549438,0.475254088640213,0.7385339140892029,-0.10148536413908005,0.9908078908920288,0.41054949164390564,0.7163838744163513,0.12820932269096375,0.9400097131729126,0.5011759400367737,0.9379314184188843,0.06408771872520447,0.9905067086219788,0.4255676567554474,0.8928757309913635,0.3519951403141022,0.961898922920227,0.5125676989555359,0.9613175988197327,0.07142309844493866,0.8530992865562439,0.4399701654911041,0.9200039505958557,0.36661356687545776,0.9218069911003113,0.46953263878822327,0.9969691634178162,-0.07726478576660156,0.9802365303039551,0.3831177353858948,0.954930305480957,0.2708960771560669,0.9711045622825623
kick5_cl_3,43,1434,bad,0.4522605836391449,0.11558327078819275,-0.20650386810302734,0.9999033808708191,0.46099165081977844,0.09808296710252762,-0.20203472673892975,0.9997584819793701,0.4656331241130829,0.09847728908061981,-0.20217475295066833,0.9998167753219604,0.4707864224910736,0.09875375777482986,-0.20223259925842285,0.999828577041626,0.45143958926200867,0.09717021882534027,-0.18101540207862854,0.9996495246887207,0.4488288164138794,0.09708675742149353,-0.18095898628234863,0.9996095895767212,0.4458218216896057,0.09702298045158386,-0.18096515536308289,0.9995396137237549,0.4852326214313507,0.10914155095815659,-0.1537569910287857,0.9998480081558228,0.4495227634906769,0.10851279646158218,-0.05204619839787483,0.9989418983459473,0.4595765173435211,0.13916292786598206,-0.1858948916196823,0.9999078512191772,0.44834190607070923,0.13828274607658386,-0.157962828874588,0.9997105002403259,0.517478883266449,0.2502744197845459,-0.186677947640419,0.9999868273735046,0.4208728075027466,0.23591755330562592,0.08048371225595474,0.9995049834251404,0.5160602927207947,0.40434032678604126,-0.22624357044696808,0.9946566820144653,0.39306721091270447,0.3790329694747925,0.15136560797691345,0.3717499375343323,0.484978586435318,0.5282328724861145,-0.3242112398147583,0.9775499701499939,0.34347090125083923,0.4839392900466919,0.031539902091026306,0.49010327458381653,0.48033031821250916,0.577373206615448,-0.3673335611820221,0.9544097781181335,0.3268912732601166,0.5244070291519165,0.0049234176985919476,0.46531808376312256,0.47181370854377747,0.5688334703445435,-0.38934311270713806,0.9554757475852966,0.32592979073524475,0.5242068767547607,-0.056620799005031586,0.47393113374710083,0.47090858221054077,0.5565251708030701,-0.33352184295654297,0.9387127161026001,0.33215659856796265,0.5146945714950562,0.0002799230860546231,0.4696463346481323,0.47196951508522034,0.5333481431007385,-0.07902052998542786,0.9996788501739502,0.4175805449485779,0.5284613966941833,0.07897374778985977,0.9994892477989197,0.47181007266044617,0.7382861971855164,-0.10109232366085052,0.9908657073974609,0.4087594449520111,0.7181357145309448,0.12340185046195984,0.9412923455238342,0.5008402466773987,0.9363545179367065,0.08364585787057877,0.9907047748565674,0.42546001076698303,0.8952997326850891,0.34366676211357117,0.963165819644928,0.5125499963760376,0.9585576057434082,0.09306977689266205,0.8540593385696411,0.4382963180541992,0.923578143119812,0.35773563385009766,0.9229471683502197,0.4701472520828247,0.9958160519599915,-0.05360031500458717,0.9809953570365906,0.3814603388309479,0.955045223236084,0.2624683976173401,0.9719299077987671
kick5_cl_3,44,1468,bad,0.4474535286426544,0.11446159332990646,-0.20396283268928528,0.9999077916145325,0.4564315974712372,0.09617187082767487,-0.20062896609306335,0.9997707009315491,0.4610327184200287,0.09675466269254684,-0.20075061917304993,0.9998254776000977,0.4661417603492737,0.09731674939393997,-0.20079654455184937,0.9998367428779602,0.4468338191509247,0.09499326348304749,-0.17883600294589996,0.9996631741523743,0.44421249628067017,0.09490008652210236,-0.1787901520729065,0.99962317943573,0.4412248730659485,0.09481053054332733,-0.17878657579421997,0.9995561242103577,0.4805990159511566,0.10883693397045135,-0.15555444359779358,0.9998566508293152,0.4448331892490387,0.10754016786813736,-0.050411537289619446,0.9989771246910095,0.4548377990722656,0.13850964605808258,-0.18453152477741241,0.9999145269393921,0.4436255395412445,0.13749726116657257,-0.15557529032230377,0.9997302293777466,0.5139974355697632,0.2489347904920578,-0.18333037197589874,0.999987781047821,0.41691407561302185,0.235943004488945,0.07703961431980133,0.9995415210723877,0.5112558007240295,0.4035753309726715,-0.22109133005142212,0.9946548938751221,0.38977542519569397,0.3791980743408203,0.1479654610157013,0.38741421699523926,0.4731268584728241,0.5235242247581482,-0.31088417768478394,0.9785353541374207,0.3389524221420288,0.4787595272064209,0.030875902622938156,0.5249341130256653,0.46503525972366333,0.571705162525177,-0.35250529646873474,0.9566521644592285,0.3215365707874298,0.5140278339385986,0.004817397799342871,0.4993826448917389,0.4572345018386841,0.5633208155632019,-0.3740633428096771,0.9576118588447571,0.32044944167137146,0.5115615129470825,-0.04871327802538872,0.5085498094558716,0.45728549361228943,0.5510252714157104,-0.31941232085227966,0.9414129853248596,0.3270508646965027,0.5034618973731995,0.0019042430212721229,0.5042104721069336,0.46668770909309387,0.5341199636459351,-0.07926342636346817,0.99969881772995,0.4130972623825073,0.5304440259933472,0.07922326773405075,0.9995121955871582,0.47070446610450745,0.7380395531654358,-0.09874208271503448,0.9912684559822083,0.40700969099998474,0.718463659286499,0.14086513221263885,0.9437123537063599,0.501144289970398,0.9357828497886658,0.06607627123594284,0.9911757111549377,0.4238359332084656,0.8974035978317261,0.35003015398979187,0.964901328086853,0.5125862956047058,0.9585858583450317,0.0724949762225151,0.8577640056610107,0.43759265542030334,0.9280425906181335,0.3627104163169861,0.9244966506958008,0.47291502356529236,0.9954004287719727,-0.07783470302820206,0.9820672273635864,0.3782873749732971,0.9547199606895447,0.26690560579299927,0.9731317758560181
kick5_cl_3,45,1501,bad,0.44303053617477417,0.11405879259109497,-0.20979484915733337,0.9999133348464966,0.45188388228416443,0.09514903277158737,-0.20758141577243805,0.9997847676277161,0.4565306007862091,0.09570249915122986,-0.20767952501773834,0.9998360872268677,0.46148961782455444,0.09635916352272034,-0.2076985388994217,0.9998466968536377,0.44254615902900696,0.09410206973552704,-0.1853378713130951,0.9996809959411621,0.43994206190109253,0.09408953785896301,-0.18529658019542694,0.9996421337127686,0.4369778335094452,0.09404493868350983,-0.1852874606847763,0.9995781183242798,0.4761781394481659,0.10829728096723557,-0.16386598348617554,0.9998664259910583,0.44109824299812317,0.10710976272821426,-0.05734926089644432,0.9990239143371582,0.45046916604042053,0.1380435973405838,-0.1914992332458496,0.9999212026596069,0.439386248588562,0.1371765285730362,-0.16143065690994263,0.9997498393058777,0.5105399489402771,0.24721284210681915,-0.19335384666919708,0.9999886751174927,0.4148705303668976,0.23593777418136597,0.0755840465426445,0.9995726346969604,0.5061514973640442,0.4034925401210785,-0.23158225417137146,0.9948307871818542,0.3890315592288971,0.37987130880355835,0.14445938169956207,0.40004441142082214,0.46273747086524963,0.5224322080612183,-0.31602421402931213,0.9799484014511108,0.3388468027114868,0.4725780785083771,0.024463435634970665,0.5563806295394897,0.4504528045654297,0.5690891742706299,-0.35606813430786133,0.9595403671264648,0.32046836614608765,0.506896436214447,-0.0010980074293911457,0.5301026701927185,0.44166699051856995,0.559874951839447,-0.37655308842658997,0.9603873491287231,0.32026636600494385,0.5037326812744141,-0.05024419724941254,0.539638876914978,0.44290170073509216,0.5483152270317078,-0.3233993947505951,0.9449938535690308,0.3271051049232483,0.49534961581230164,-0.0023940359242260456,0.5351148247718811,0.4656062126159668,0.5347908139228821,-0.07920365780591965,0.999715268611908,0.4097435176372528,0.5316706299781799,0.07916302233934402,0.9995315670967102,0.47082260251045227,0.7378172874450684,-0.09322139620780945,0.9918763041496277,0.40322473645210266,0.7200878262519836,0.13412167131900787,0.947711169719696,0.5025827884674072,0.9306303858757019,0.0704660415649414,0.9917856454849243,0.4214940369129181,0.8976565599441528,0.33907249569892883,0.967337965965271,0.5151839852333069,0.9568160176277161,0.07663758099079132,0.8621965646743774,0.43523308634757996,0.9272428750991821,0.35160166025161743,0.927550733089447,0.47530004382133484,0.9910386800765991,-0.07717092335224152,0.9833147525787354,0.37546011805534363,0.9565995931625366,0.2568475604057312,0.9747986197471619
kick5_cl_3,46,1534,bad,0.43866318464279175,0.11340920627117157,-0.21067054569721222,0.9999192953109741,0.44731849431991577,0.0942615196108818,-0.2099505215883255,0.9998002648353577,0.45182180404663086,0.09481173008680344,-0.21003524959087372,0.9998476505279541,0.45669493079185486,0.09541869163513184,-0.21004676818847656,0.9998576641082764,0.43822038173675537,0.09341539442539215,-0.18689507246017456,0.9997023940086365,0.43567004799842834,0.09346649050712585,-0.18685390055179596,0.9996651411056519,0.4326745569705963,0.09351617097854614,-0.18683750927448273,0.9996050596237183,0.4717836081981659,0.10732220858335495,-0.17089249193668365,0.9998767375946045,0.43729686737060547,0.10681428760290146,-0.06043277308344841,0.9990863800048828,0.4462352395057678,0.1373307853937149,-0.1936480849981308,0.9999277591705322,0.4355100095272064,0.13672207295894623,-0.16247563064098358,0.999769926071167,0.5066671967506409,0.2447012960910797,-0.19888176023960114,0.9999895691871643,0.41295555233955383,0.2360149621963501,0.07323057949542999,0.9996044039726257,0.5018002986907959,0.40283918380737305,-0.23663170635700226,0.995077908039093,0.38767439126968384,0.38071197271347046,0.14197179675102234,0.4131377339363098,0.4550224244594574,0.5210768580436707,-0.3160792589187622,0.9813793301582336,0.33962929248809814,0.4685445725917816,0.024332692846655846,0.5849969387054443,0.4427275061607361,0.5659188628196716,-0.35618075728416443,0.9623799920082092,0.32091274857521057,0.5032721161842346,-0.0002377182390773669,0.5576481223106384,0.43332844972610474,0.556623101234436,-0.37481823563575745,0.9631202816963196,0.32102927565574646,0.4998552203178406,-0.047758255153894424,0.5674030184745789,0.43429723381996155,0.544980525970459,-0.3223958909511566,0.9485132694244385,0.3277246654033661,0.49081018567085266,-0.0014857376227155328,0.5623754262924194,0.46327725052833557,0.5338877439498901,-0.07922670990228653,0.9997336268424988,0.40764474868774414,0.5303036570549011,0.07918690145015717,0.9995551109313965,0.4715023338794708,0.7376390695571899,-0.09493787586688995,0.9924280047416687,0.4010499119758606,0.7181206941604614,0.13880300521850586,0.9513953328132629,0.5025832056999207,0.9306051135063171,0.05294341593980789,0.9923731088638306,0.4203634560108185,0.8966739177703857,0.3413027822971344,0.969646155834198,0.514909029006958,0.956894040107727,0.05635631084442139,0.868435263633728,0.4340924918651581,0.926325261592865,0.35338136553764343,0.9307685494422913,0.47491466999053955,0.9909436106681824,-0.10212824493646622,0.9845325350761414,0.3754083812236786,0.9564236402511597,0.2604862451553345,0.9764365553855896
kick5_cl_3,47,1568,bad,0.43523943424224854,0.11267702281475067,-0.21419881284236908,0.999925434589386,0.44352248311042786,0.09346147626638412,-0.2134850174188614,0.9998161792755127,0.44801464676856995,0.09388355165719986,-0.21357092261314392,0.9998596906661987,0.452941358089447,0.09443921595811844,-0.2135952115058899,0.9998691082000732,0.43440186977386475,0.09305685013532639,-0.19057893753051758,0.9997243285179138,0.43150296807289124,0.09321632981300354,-0.19053392112255096,0.9996890425682068,0.42823106050491333,0.09339627623558044,-0.1905054748058319,0.9996328353881836,0.4674728214740753,0.10614347457885742,-0.17231732606887817,0.9998871684074402,0.4319082796573639,0.10674354434013367,-0.06313515454530716,0.999148428440094,0.442844957113266,0.13617528975009918,-0.19649648666381836,0.999934196472168,0.431791752576828,0.13601168990135193,-0.16550685465335846,0.9997895359992981,0.5025705099105835,0.24148981273174286,-0.1987522542476654,0.9999905228614807,0.40998321771621704,0.2360582947731018,0.07098652422428131,0.9996323585510254,0.49788612127304077,0.4017612934112549,-0.23215962946414948,0.9953530430793762,0.38653475046157837,0.3816332221031189,0.14121082425117493,0.4202094078063965,0.4489280879497528,0.5204212665557861,-0.30793681740760803,0.9828550219535828,0.3393765985965729,0.46928513050079346,0.023692922666668892,0.609039843082428,0.43884602189064026,0.5633496046066284,-0.3484202027320862,0.9652894139289856,0.32030418515205383,0.5047081112861633,-0.0004249056219123304,0.5813204646110535,0.42943671345710754,0.5540566444396973,-0.3665655255317688,0.9659464359283447,0.32039621472358704,0.5009253621101379,-0.04709906131029129,0.5913567543029785,0.4292987287044525,0.5430052876472473,-0.3139227032661438,0.9522484540939331,0.32696545124053955,0.4919816851615906,-0.0014826408587396145,0.5856778621673584,0.4625503122806549,0.5324662923812866,-0.07918801158666611,0.9997526407241821,0.4072020649909973,0.5298244953155518,0.07914894074201584,0.999576210975647,0.4719715714454651,0.7375741600990295,-0.10098036378622055,0.9928732514381409,0.39992648363113403,0.7202664017677307,0.1411842554807663,0.9540278911590576,0.5025953054428101,0.9308249950408936,0.05192524939775467,0.9928346276283264,0.4199063181877136,0.8989764451980591,0.34622323513031006,0.97135329246521,0.5148845314979553,0.9570047855377197,0.05561945587396622,0.8725618124008179,0.4331054091453552,0.927855908870697,0.3589276671409607,0.9321842193603516,0.4764017164707184,0.9906434416770935,-0.10207699984312057,0.9855172634124756,0.3760088086128235,0.9578249454498291,0.26476889848709106,0.977623701095581
kick5_cl_3,48,1601,bad,0.4311107397079468,0.11197764426469803,-0.21205681562423706,0.9999308586120605,0.43946874141693115,0.09267236292362213,-0.21183037757873535,0.9998303651809692,0.44379350543022156,0.09309946000576019,-0.2119116336107254,0.9998703598976135,0.44866105914115906,0.09364572167396545,-0.211932972073555,0.9998792409896851,0.43027976155281067,0.09237542748451233,-0.18834172189235687,0.999744176864624,0.4275642931461334,0.09260465949773788,-0.18829087913036346,0.9997106194496155,0.42436084151268005,0.0928831472992897,-0.1882520616054535,0.9996581077575684,0.46333491802215576,0.10558321326971054,-0.17211762070655823,0.9998965859413147,0.42827096581459045,0.10648516565561295,-0.06148661673069,0.9992059469223022,0.43876737356185913,0.1353483498096466,-0.19521693885326385,0.9999399185180664,0.4277280569076538,0.1353449523448944,-0.16357508301734924,0.9998070001602173,0.49909713864326477,0.23910191655158997,-0.19805994629859924,0.9999913573265076,0.40746191143989563,0.2361213117837906,0.07423098385334015,0.9996576905250549,0.49510857462882996,0.4005160331726074,-0.2295880764722824,0.9956074953079224,0.38620075583457947,0.38243141770362854,0.14564797282218933,0.42726588249206543,0.44635868072509766,0.520291268825531,-0.2999504804611206,0.9841845631599426,0.3410037159919739,0.47059816122055054,0.025698401033878326,0.6313340067863464,0.4375390410423279,0.5633665919303894,-0.33920818567276,0.9679021835327148,0.32345011830329895,0.5061692595481873,0.0012531866086646914,0.6030972599983215,0.4272046387195587,0.5542420744895935,-0.3590235710144043,0.9684800505638123,0.32299041748046875,0.5031087398529053,-0.04539227858185768,0.6133732199668884,0.4262765347957611,0.5431802272796631,-0.30730143189430237,0.955604076385498,0.32912176847457886,0.49395984411239624,0.0004171167383901775,0.6071494817733765,0.46152904629707336,0.5312173366546631,-0.08008895814418793,0.9997681379318237,0.4068751335144043,0.5293089747428894,0.08005349338054657,0.999596118927002,0.4717923104763031,0.7371121644973755,-0.10072063654661179,0.9932716488838196,0.39896494150161743,0.7211672067642212,0.13547949492931366,0.9568010568618774,0.5024744868278503,0.9309292435646057,0.060188569128513336,0.993253767490387,0.4197026789188385,0.899323582649231,0.33739036321640015,0.9731954336166382,0.5143088698387146,0.9564520716667175,0.0659533366560936,0.8765988349914551,0.4330950379371643,0.9281648397445679,0.3496563136577606,0.9347020387649536,0.4760884642601013,0.9906498789787292,-0.08619318157434464,0.9864095449447632,0.3763476014137268,0.9583785533905029,0.25598523020744324,0.9788995981216431
