video_no,frame,timestamp_ms,good,x0,y0,z0,visibility0,x1,y1,z1,visibility1,x2,y2,z2,visibility2,x3,y3,z3,visibility3,x4,y4,z4,visibility4,x5,y5,z5,visibility5,x6,y6,z6,visibility6,x7,y7,z7,visibility7,x8,y8,z8,visibility8,x9,y9,z9,visibility9,x10,y10,z10,visibility10,x11,y11,z11,visibility11,x12,y12,z12,visibility12,x13,y13,z13,visibility13,x14,y14,z14,visibility14,x15,y15,z15,visibility15,x16,y16,z16,visibility16,x17,y17,z17,visibility17,x18,y18,z18,visibility18,x19,y19,z19,visibility19,x20,y20,z20,visibility20,x21,y21,z21,visibility21,x22,y22,z22,visibility22,x23,y23,z23,visibility23,x24,y24,z24,visibility24,x25,y25,z25,visibility25,x26,y26,z26,visibility26,x27,y27,z27,visibility27,x28,y28,z28,visibility28,x29,y29,z29,visibility29,x30,y30,z30,visibility30,x31,y31,z31,visibility31,x32,y32,z32,visibility32
IMG_9678,1,32,good,0.533443808555603,0.4533616304397583,-0.07509248703718185,0.9999959468841553,0.5415034294128418,0.4468255937099457,-0.07153862714767456,0.9999970197677612,0.5467693209648132,0.44675469398498535,-0.07161311060190201,0.9999972581863403,0.5520491600036621,0.44666939973831177,-0.07171662151813507,0.9999973773956299,0.5306020379066467,0.4467632472515106,-0.04217461496591568,0.9999957084655762,0.5274401903152466,0.4466930031776428,-0.04222395271062851,0.9999935626983643,0.5250550508499146,0.4466492533683777,-0.04211127385497093,0.9999934434890747,0.5657099485397339,0.4494800567626953,0.0038454479072242975,0.9999980926513672,0.5290519595146179,0.44928479194641113,0.13117124140262604,0.9999871253967285,0.5430454611778259,0.4618269205093384,-0.042760055512189865,0.9999912977218628,0.5304341316223145,0.4617754817008972,-0.0066239978186786175,0.999982476234436,0.5966865420341492,0.4812557101249695,-0.07263503223657608,0.9999760389328003,0.5309833884239197,0.49809685349464417,0.3054809272289276,0.9997518658638,0.5712900161743164,0.5300257802009583,-0.19153255224227905,0.9801532030105591,0.5028663873672485,0.5427069067955017,0.138044074177742,0.4688805043697357,0.5116400122642517,0.4884297847747803,-0.1595349758863449,0.9404157400131226,0.4954342246055603,0.513840913772583,-0.20981429517269135,0.5922269225120544,0.5041570663452148,0.4781785309314728,-0.1830664724111557,0.9224869012832642,0.4940141439437866,0.5059046745300293,-0.2546796500682831,0.5697144269943237,0.5091906189918518,0.4760183095932007,-0.17587615549564362,0.9186172485351562,0.5011183619499207,0.503932774066925,-0.24545890092849731,0.5580615401268005,0.5141772627830505,0.4795403480529785,-0.15219521522521973,0.8947259783744812,0.5029043555259705,0.5042304396629333,-0.2181408554315567,0.5324755311012268,0.6018139123916626,0.5955656170845032,-0.14875343441963196,0.9999661445617676,0.5670458078384399,0.6004528999328613,0.1490573137998581,0.9998241066932678,0.5533886551856995,0.6783245801925659,-0.3021765947341919,0.9757506251335144,0.6083773970603943,0.6780529022216797,0.19699572026729584,0.6698664426803589,0.5519341230392456,0.7765473127365112,-0.3430894911289215,0.9911198019981384,0.6946090459823608,0.7437266707420349,0.31342947483062744,0.8573790788650513,0.5656499266624451,0.7887316942214966,-0.351920485496521,0.9771046042442322,0.7121791243553162,0.7492141723632812,0.32155707478523254,0.9056863188743591,0.4899008274078369,0.7960205674171448,-0.4874706566333771,0.9822909832000732,0.6814553141593933,0.7689902782440186,0.25121596455574036,0.8393722176551819
IMG_9678,2,65,good,0.5348959565162659,0.4531376361846924,-0.13639599084854126,0.9999961256980896,0.5427605509757996,0.446744441986084,-0.12593166530132294,0.9999971389770508,0.5479760766029358,0.4466809034347534,-0.12599685788154602,0.9999973773956299,0.5532036423683167,0.44659459590911865,-0.1260780692100525,0.9999974370002747,0.5314235687255859,0.4465720057487488,-0.09888041019439697,0.9999959468841553,0.5282171964645386,0.4465078115463257,-0.09892164915800095,0.9999938607215881,0.5256757140159607,0.44647249579429626,-0.0988355502486229,0.9999937415122986,0.5662380456924438,0.4494808316230774,-0.02098497375845909,0.999998152256012,0.5290595293045044,0.449215292930603,0.09655240178108215,0.9999877214431763,0.5447779893875122,0.46115872263908386,-0.09411880373954773,0.9999917149543762,0.530999481678009,0.46124494075775146,-0.060890842229127884,0.9999833106994629,0.5967280268669128,0.4815705716609955,-0.09823860228061676,0.9999758005142212,0.5288636088371277,0.49743521213531494,0.2902332544326782,0.9997578859329224,0.5591486096382141,0.5247673988342285,-0.2237260788679123,0.980852484703064,0.5023667216300964,0.5420418381690979,0.13323241472244263,0.474676251411438,0.5118806958198547,0.48847880959510803,-0.21395152807235718,0.9429309964179993,0.4954662322998047,0.5135681629180908,-0.2121514230966568,0.6028557419776917,0.504142165184021,0.47809886932373047,-0.24221539497375488,0.9256294369697571,0.49429452419281006,0.5057116746902466,-0.25616931915283203,0.5783076286315918,0.5093128085136414,0.4756854176521301,-0.23831094801425934,0.9219593405723572,0.5011275410652161,0.5021637678146362,-0.24584288895130157,0.5666024088859558,0.5142213702201843,0.4794614017009735,-0.2081274539232254,0.8984498977661133,0.5030599236488342,0.5041657090187073,-0.21936868131160736,0.5397807955741882,0.6025879979133606,0.5960308313369751,-0.149820938706398,0.9999668598175049,0.566979706287384,0.600911557674408,0.15014499425888062,0.9998289346694946,0.5533724427223206,0.6785071492195129,-0.3307305574417114,0.9775359630584717,0.606153666973114,0.6794527769088745,0.22187456488609314,0.6834012269973755,0.5519327521324158,0.7763307094573975,-0.38058823347091675,0.9916893839836121,0.6944670677185059,0.7437224388122559,0.373993843793869,0.8658517599105835,0.5656110048294067,0.7888891696929932,-0.39055606722831726,0.9786059260368347,0.712118923664093,0.7490966320037842,0.38475489616394043,0.9123141169548035,0.4877084195613861,0.7962949872016907,-0.5327156186103821,0.983197808265686,0.6776184439659119,0.7691013216972351,0.3107384443283081,0.8477768898010254
IMG_9678,3,98,good,0.5363103747367859,0.45299479365348816,-0.14967305958271027,0.9999961853027344,0.5441737771034241,0.44671663641929626,-0.1373724490404129,0.9999971985816956,0.5493022799491882,0.44666653871536255,-0.1374366581439972,0.9999974370002747,0.5544601678848267,0.44659075140953064,-0.1375306397676468,0.9999974370002747,0.5325771570205688,0.4464472532272339,-0.11193069070577621,0.9999960660934448,0.5292708873748779,0.4463348984718323,-0.11196645349264145,0.9999940395355225,0.5262957811355591,0.4463007152080536,-0.11188359558582306,0.9999939203262329,0.5667663812637329,0.449596643447876,-0.02794499695301056,0.999998152256012,0.5293713808059692,0.44918906688690186,0.08113083243370056,0.9999880194664001,0.5461723208427429,0.4608466923236847,-0.10641977190971375,0.9999918341636658,0.5315157771110535,0.4610520303249359,-0.07563815265893936,0.9999837279319763,0.5965681672096252,0.4817294180393219,-0.10604394972324371,0.9999740123748779,0.5283809900283813,0.4969850778579712,0.27816811203956604,0.999754011631012,0.5550369620323181,0.5234904885292053,-0.22078312933444977,0.9814602732658386,0.5028526186943054,0.541672945022583,0.12738896906375885,0.4732661247253418,0.5117762684822083,0.48845821619033813,-0.2008301466703415,0.9452172517776489,0.49722036719322205,0.512916624546051,-0.2153702974319458,0.6060069799423218,0.5037895441055298,0.47814980149269104,-0.22737543284893036,0.9283277988433838,0.4970923066139221,0.5053784251213074,-0.25767409801483154,0.5804892182350159,0.5091315507888794,0.4755382239818573,-0.22238357365131378,0.9247934818267822,0.5020254254341125,0.5022038817405701,-0.24776679277420044,0.5686381459236145,0.5139663815498352,0.4786733388900757,-0.19442704319953918,0.9018705487251282,0.5038700103759766,0.5039560794830322,-0.22223331034183502,0.5411916971206665,0.6022297739982605,0.5966779589653015,-0.14967726171016693,0.9999656081199646,0.567193329334259,0.6009778380393982,0.15000833570957184,0.9998250007629395,0.552733838558197,0.6795774698257446,-0.3249903917312622,0.9783686995506287,0.6063531041145325,0.6794286966323853,0.21848303079605103,0.6828137636184692,0.551399827003479,0.7763164639472961,-0.3716217577457428,0.9916039705276489,0.6944653391838074,0.7439383864402771,0.3648461401462555,0.8669907450675964,0.5655679702758789,0.7887066602706909,-0.38145652413368225,0.9792364835739136,0.7133213877677917,0.7491260766983032,0.3751817047595978,0.9155830144882202,0.48791471123695374,0.7961065173149109,-0.528096616268158,0.9826558828353882,0.674365222454071,0.7690815925598145,0.3020560145378113,0.8478329181671143
IMG_9678,4,131,good,0.537617564201355,0.45256316661834717,-0.14056514203548431,0.9999963045120239,0.5455353856086731,0.44652917981147766,-0.12929627299308777,0.9999973177909851,0.5507769584655762,0.44656383991241455,-0.12934260070323944,0.9999975562095642,0.5559341907501221,0.44654080271720886,-0.12944413721561432,0.9999974966049194,0.5336207151412964,0.4462626278400421,-0.10341687500476837,0.9999962449073792,0.53021240234375,0.4462182819843292,-0.10345063358545303,0.9999943375587463,0.5268996357917786,0.4462094306945801,-0.10338771343231201,0.999994158744812,0.567409873008728,0.4496281147003174,-0.023130876943469048,0.9999982118606567,0.529370129108429,0.44914916157722473,0.08824510872364044,0.9999886155128479,0.5474156141281128,0.4604097604751587,-0.09797453880310059,0.9999921321868896,0.5320788025856018,0.460802286863327,-0.06672026216983795,0.9999845623970032,0.596566379070282,0.48178738355636597,-0.10268405079841614,0.9999740123748779,0.5275328755378723,0.4964044690132141,0.2829010486602783,0.9997588396072388,0.5539416074752808,0.5239265561103821,-0.19192622601985931,0.982338547706604,0.5022792816162109,0.5416778922080994,0.12798747420310974,0.4751114249229431,0.5118354558944702,0.4888502061367035,-0.12041093409061432,0.9479166865348816,0.4986712336540222,0.5127019882202148,-0.21659480035305023,0.612942636013031,0.5034611225128174,0.47877708077430725,-0.1420755237340927,0.9314407706260681,0.49867603182792664,0.5052673816680908,-0.25996026396751404,0.5862035155296326,0.5087878704071045,0.4758061468601227,-0.14255358278751373,0.9280456304550171,0.5025687217712402,0.5007994771003723,-0.24898837506771088,0.5740842819213867,0.5137439370155334,0.47871026396751404,-0.1146966740489006,0.9060813188552856,0.5068154335021973,0.5038335919380188,-0.22314630448818207,0.5457502603530884,0.6020194888114929,0.5969991683959961,-0.150035560131073,0.9999660849571228,0.5672307014465332,0.6010167598724365,0.15040095150470734,0.999829888343811,0.5525319576263428,0.6812652945518494,-0.32423534989356995,0.9799661040306091,0.606138288974762,0.6795328259468079,0.2172461748123169,0.6882525086402893,0.5516844987869263,0.7763170003890991,-0.3668631315231323,0.9918680787086487,0.6944661736488342,0.7439346313476562,0.36622515320777893,0.8724149465560913,0.5657085180282593,0.7889791131019592,-0.37626683712005615,0.9802885055541992,0.7133514881134033,0.7494208216667175,0.3762601613998413,0.9202253222465515,0.48794397711753845,0.7961958646774292,-0.5179479718208313,0.9831219911575317,0.6698227524757385,0.7694274187088013,0.3030620813369751,0.8538393974304199
IMG_9678,5,164,good,0.5386271476745605,0.45253774523735046,-0.1331314891576767,0.9999964237213135,0.546570897102356,0.4465300738811493,-0.1219954565167427,0.9999974370002747,0.5517540574073792,0.44656991958618164,-0.1220463216304779,0.999997615814209,0.5568686723709106,0.4465528428554535,-0.12215399742126465,0.9999975562095642,0.5345372557640076,0.44620731472969055,-0.09597115963697433,0.9999964237213135,0.5311628580093384,0.4461210072040558,-0.09600257128477097,0.9999945759773254,0.5277482271194458,0.4460892379283905,-0.09592143446207047,0.9999943375587463,0.5680850744247437,0.4497358500957489,-0.021219970658421516,0.9999982714653015,0.5298717021942139,0.44897326827049255,0.09431041032075882,0.9999890327453613,0.5483507513999939,0.4603739380836487,-0.09090089797973633,0.9999923706054688,0.5327247381210327,0.46071380376815796,-0.059435661882162094,0.9999851584434509,0.5964100956916809,0.4818139672279358,-0.09914351254701614,0.9999740123748779,0.5274356603622437,0.49510201811790466,0.2852238714694977,0.9997552633285522,0.5530887246131897,0.5238491296768188,-0.18052352964878082,0.9830302000045776,0.5028868913650513,0.5412731766700745,0.14489364624023438,0.4643903076648712,0.5118367671966553,0.48884209990501404,-0.10821133852005005,0.9500627517700195,0.5008494853973389,0.5136296153068542,-0.1820446401834488,0.6049890518188477,0.5033354163169861,0.4788471460342407,-0.12934498488903046,0.9338682293891907,0.5008687973022461,0.5070841908454895,-0.22208769619464874,0.5791856646537781,0.5087592601776123,0.4758010804653168,-0.12691332399845123,0.9306095838546753,0.5035179853439331,0.5009375810623169,-0.21345536410808563,0.5670868754386902,0.5137025117874146,0.47859230637550354,-0.10167321562767029,0.9093570709228516,0.5088799595832825,0.5035435557365417,-0.18928804993629456,0.5390202403068542,0.6016436219215393,0.5969911217689514,-0.15016575157642365,0.9999663233757019,0.5672324895858765,0.6009008288383484,0.15054374933242798,0.999830961227417,0.5524408221244812,0.6811761856079102,-0.32331788539886475,0.9810925722122192,0.6058618426322937,0.6795176863670349,0.21546854078769684,0.6905091404914856,0.5516844391822815,0.7760403156280518,-0.36433103680610657,0.9920589327812195,0.6942676305770874,0.7439493536949158,0.3579472601413727,0.8759341835975647,0.5657005906105042,0.7886844873428345,-0.37354087829589844,0.9810531139373779,0.7133811116218567,0.7493172883987427,0.367512047290802,0.9234721660614014,0.48751798272132874,0.796201229095459,-0.5134789943695068,0.9835379719734192,0.6680223941802979,0.7696961164474487,0.2948310673236847,0.8580381870269775
IMG_9678,6,197,good,0.5390805006027222,0.4525199234485626,-0.13673135638237,0.9999966025352478,0.5470833778381348,0.4465096592903137,-0.12548160552978516,0.9999975562095642,0.5522052049636841,0.44655391573905945,-0.12553349137306213,0.9999977350234985,0.557320773601532,0.4465450048446655,-0.12563815712928772,0.9999976754188538,0.535072922706604,0.44608184695243835,-0.09872094541788101,0.9999966025352478,0.5316426157951355,0.4459327161312103,-0.0987510159611702,0.9999948740005493,0.5281423926353455,0.4458894729614258,-0.09865095466375351,0.9999946355819702,0.5684683918952942,0.44976210594177246,-0.020354077219963074,0.9999983310699463,0.5300959944725037,0.44885382056236267,0.09583089500665665,0.9999895095825195,0.5487240552902222,0.4603378474712372,-0.09365399181842804,0.9999927282333374,0.5330026149749756,0.46063920855522156,-0.061217788606882095,0.9999858736991882,0.5964080095291138,0.481952041387558,-0.10045000165700912,0.9999746084213257,0.527265727519989,0.4946270287036896,0.2925299108028412,0.9997588992118835,0.5520449876785278,0.5238503813743591,-0.18347018957138062,0.9836761355400085,0.502882719039917,0.5409119725227356,0.15400321781635284,0.45926156640052795,0.5118178129196167,0.48882007598876953,-0.12203522771596909,0.951972246170044,0.5009069442749023,0.5131130218505859,-0.18218141794204712,0.6041830778121948,0.5032317042350769,0.4793923795223236,-0.14420491456985474,0.936111569404602,0.5013052225112915,0.5076112151145935,-0.22268278896808624,0.5788432955741882,0.5086827278137207,0.47580045461654663,-0.1406499445438385,0.9330047369003296,0.5037581920623779,0.5010071992874146,-0.21384702622890472,0.5667434334754944,0.5136176943778992,0.4786883294582367,-0.11503291875123978,0.9121688604354858,0.5093441009521484,0.5033631324768066,-0.18954245746135712,0.5383478999137878,0.6016732454299927,0.5970290303230286,-0.15287472307682037,0.9999675750732422,0.5669394731521606,0.6009190082550049,0.15325410664081573,0.9998367428779602,0.5520303249359131,0.6811025738716125,-0.3339327573776245,0.9824740886688232,0.6047883629798889,0.6798449158668518,0.21932944655418396,0.7010959386825562,0.5516993403434753,0.7759641408920288,-0.3782046139240265,0.9925600290298462,0.6945995092391968,0.7439520359039307,0.3601556420326233,0.8827864527702332,0.5659145712852478,0.7887920141220093,-0.3869694173336029,0.9823006987571716,0.7140038013458252,0.7493236064910889,0.3695174753665924,0.9282159209251404,0.48726093769073486,0.7962855696678162,-0.5229295492172241,0.9844703078269958,0.6687932014465332,0.7700864672660828,0.2983996570110321,0.864972710609436
IMG_9678,7,230,good,0.5394104719161987,0.4524691700935364,-0.13554061949253082,0.9999966621398926,0.5474628806114197,0.44647496938705444,-0.12439609318971634,0.999997615814209,0.5525330901145935,0.44653233885765076,-0.12446040660142899,0.9999977946281433,0.557629406452179,0.44653818011283875,-0.12456030398607254,0.9999977350234985,0.5354756116867065,0.4459361732006073,-0.09739100188016891,0.9999966621398926,0.5320029258728027,0.4457480311393738,-0.09742356091737747,0.9999949336051941,0.5284424424171448,0.4457072615623474,-0.09730629622936249,0.9999947547912598,0.5687108635902405,0.44983232021331787,-0.020456943660974503,0.9999983310699463,0.53029865026474,0.44880086183547974,0.09628981351852417,0.9999895095825195,0.5489487648010254,0.4602850079536438,-0.09352613985538483,0.9999927878379822,0.5332016348838806,0.46057000756263733,-0.060598067939281464,0.9999860525131226,0.5963597893714905,0.482058048248291,-0.10143160074949265,0.9999747276306152,0.5272834897041321,0.4944458603858948,0.2929290235042572,0.999752402305603,0.5515367388725281,0.5238378643989563,-0.1886676847934723,0.983963131904602,0.5028430223464966,0.5408778190612793,0.14724566042423248,0.4563397765159607,0.5116539001464844,0.4888181686401367,-0.12864525616168976,0.9531748294830322,0.5010057091712952,0.512530505657196,-0.19581080973148346,0.6027529835700989,0.5029237270355225,0.479753315448761,-0.15177996456623077,0.9375811219215393,0.5014429688453674,0.506410539150238,-0.23921184241771698,0.5770663619041443,0.5079527497291565,0.4758164882659912,-0.14764946699142456,0.9345710277557373,0.5041466951370239,0.5010878443717957,-0.22968168556690216,0.5648709535598755,0.5133554339408875,0.4787502884864807,-0.12211427837610245,0.9139127135276794,0.5098626017570496,0.5029460787773132,-0.20353296399116516,0.536609411239624,0.6016605496406555,0.5969852209091187,-0.1530170440673828,0.999967634677887,0.5667744278907776,0.6008766293525696,0.1533757597208023,0.999836266040802,0.5525793433189392,0.681067943572998,-0.31265977025032043,0.9826273322105408,0.6026045083999634,0.6801897883415222,0.21448002755641937,0.7060304880142212,0.5513098835945129,0.7759398818016052,-0.33691781759262085,0.9928207397460938,0.6944957971572876,0.7438886165618896,0.3403084874153137,0.8868452906608582,0.5651435852050781,0.7888080477714539,-0.3439584970474243,0.9828576445579529,0.7139424085617065,0.7491378784179688,0.3489062190055847,0.9311934113502502,0.4864797592163086,0.7962957620620728,-0.4766446650028229,0.9849749207496643,0.6698656678199768,0.7701301574707031,0.2814238667488098,0.8693214058876038
IMG_9678,8,263,good,0.5397747755050659,0.4525293707847595,-0.1415342539548874,0.9999967813491821,0.5477404594421387,0.44648686051368713,-0.13021306693553925,0.9999977350234985,0.5527614951133728,0.44654032588005066,-0.13026964664459229,0.9999978542327881,0.5578597784042358,0.44656169414520264,-0.13036756217479706,0.9999977946281433,0.5359593033790588,0.44593966007232666,-0.10342499613761902,0.9999967813491821,0.5324461460113525,0.44574737548828125,-0.10344957560300827,0.9999951124191284,0.5288071632385254,0.4457012414932251,-0.10332532972097397,0.9999949336051941,0.5688759088516235,0.44990018010139465,-0.022051654756069183,0.9999983906745911,0.5304210782051086,0.4487989544868469,0.09406208992004395,0.9999898672103882,0.5493316650390625,0.46028730273246765,-0.09770295023918152,0.999993085861206,0.533519446849823,0.4605703055858612,-0.06499303132295609,0.9999865889549255,0.5963833928108215,0.48213160037994385,-0.10156284272670746,0.9999756217002869,0.5269084572792053,0.4939076602458954,0.2931211590766907,0.9997573494911194,0.5518530607223511,0.5235916972160339,-0.20140817761421204,0.9845178723335266,0.5024373531341553,0.5402912497520447,0.15841326117515564,0.4530869722366333,0.5120139122009277,0.4888259768486023,-0.1615474373102188,0.9552049040794373,0.501372754573822,0.5119209289550781,-0.16912558674812317,0.6031466126441956,0.5029656887054443,0.4799724221229553,-0.1868174523115158,0.9402172565460205,0.5019550919532776,0.5066600441932678,-0.20942376554012299,0.5779008865356445,0.5080748796463013,0.4758119285106659,-0.18179593980312347,0.9373459815979004,0.5045615434646606,0.5010919570922852,-0.2010442465543747,0.5658333897590637,0.5134146809577942,0.47881388664245605,-0.15436266362667084,0.9171527624130249,0.5105826258659363,0.5025651454925537,-0.1765241026878357,0.5373902320861816,0.6019543409347534,0.5969797372817993,-0.1540849357843399,0.9999691247940063,0.5664730668067932,0.6008761525154114,0.1544502079486847,0.9998422861099243,0.550769567489624,0.6796660423278809,-0.331760972738266,0.9838985204696655,0.6015267372131348,0.6803966760635376,0.2234211266040802,0.7173654437065125,0.551314115524292,0.7758335471153259,-0.37397080659866333,0.9933093190193176,0.6944050788879395,0.7438816428184509,0.36249566078186035,0.8934545516967773,0.5653232932090759,0.788859486579895,-0.38224467635154724,0.9839558601379395,0.7139365077018738,0.74913489818573,0.37187355756759644,0.9354909658432007,0.4867609739303589,0.796409547328949,-0.5174793601036072,0.9858991503715515,0.6702739596366882,0.7701442837715149,0.3041474521160126,0.8761835098266602
IMG_9678,9,296,good,0.5403677225112915,0.45260336995124817,-0.1397448033094406,0.9999967813491821,0.5481597781181335,0.4465240240097046,-0.12332060188055038,0.9999977350234985,0.5531342625617981,0.4465758502483368,-0.1233869343996048,0.9999978542327881,0.5582360029220581,0.446628600358963,-0.12348512560129166,0.9999977946281433,0.5365431904792786,0.44596150517463684,-0.09883757680654526,0.9999967813491821,0.5330013632774353,0.4457534849643707,-0.09885022789239883,0.9999950528144836,0.5292654633522034,0.44570061564445496,-0.09868782758712769,0.9999948740005493,0.5690363645553589,0.4500199854373932,-0.006814047694206238,0.9999983906745911,0.5305046439170837,0.44880467653274536,0.10288482904434204,0.9999896287918091,0.5498291254043579,0.46028921008110046,-0.09076391905546188,0.999993085861206,0.5339459180831909,0.4605708718299866,-0.06064267456531525,0.9999865889549255,0.5964208245277405,0.48220622539520264,-0.08677255362272263,0.9999760985374451,0.5268146395683289,0.4936509132385254,0.30016273260116577,0.999751627445221,0.5522881746292114,0.5233992338180542,-0.20127037167549133,0.9847491979598999,0.5023897290229797,0.5401839017868042,0.15923243761062622,0.44809940457344055,0.5120112895965576,0.48895972967147827,-0.17618970572948456,0.9564253091812134,0.5022568702697754,0.5130343437194824,-0.1684407740831375,0.5973832011222839,0.5029001832008362,0.4804466664791107,-0.20417870581150055,0.9418503046035767,0.5026153922080994,0.507234513759613,-0.21094122529029846,0.5723472833633423,0.5076624155044556,0.4759795665740967,-0.19713351130485535,0.9390729665756226,0.5050209164619446,0.5011118650436401,-0.20270708203315735,0.5603190660476685,0.5133102536201477,0.4790429174900055,-0.16891808807849884,0.9190258979797363,0.5114917159080505,0.5041946768760681,-0.17627330124378204,0.5321427583694458,0.6020423173904419,0.5969361066818237,-0.15400169789791107,0.9999699592590332,0.5661646723747253,0.6008398532867432,0.15437260270118713,0.9998435974121094,0.5526164770126343,0.6794216632843018,-0.3297489881515503,0.9842692613601685,0.6003741025924683,0.6804137229919434,0.21744199097156525,0.7210661172866821,0.5511505603790283,0.7756434679031372,-0.36713045835494995,0.9935769438743591,0.6942558288574219,0.7437605857849121,0.35785216093063354,0.8971647620201111,0.5646533370018005,0.7886339426040649,-0.37442508339881897,0.9844352006912231,0.7139100432395935,0.7488404512405396,0.36741262674331665,0.938023030757904,0.48613014817237854,0.7963497638702393,-0.5141730904579163,0.9864699840545654,0.6711519360542297,0.7701433300971985,0.29491862654685974,0.8804661631584167
IMG_9678,10,329,good,0.5403238534927368,0.45260435342788696,-0.1383926123380661,0.9999967813491821,0.5481340289115906,0.4465204179286957,-0.12405223399400711,0.9999977350234985,0.5531051158905029,0.44657447934150696,-0.12412700057029724,0.9999978542327881,0.5582060813903809,0.4466327130794525,-0.12422293424606323,0.9999977946281433,0.5365722179412842,0.44592612981796265,-0.09878423810005188,0.9999967813491821,0.533054530620575,0.44567790627479553,-0.09880255907773972,0.9999950528144836,0.5293292999267578,0.44557344913482666,-0.09864573180675507,0.9999948143959045,0.5690379738807678,0.4500695765018463,-0.008518021553754807,0.9999983906745911,0.5307719111442566,0.4487548768520355,0.10075096786022186,0.9999893307685852,0.5497925281524658,0.4602806866168976,-0.09237945079803467,0.9999932050704956,0.5339434146881104,0.460554838180542,-0.06139212101697922,0.9999867081642151,0.5964838266372681,0.48251238465309143,-0.08743546903133392,0.9999768137931824,0.5266351699829102,0.49369654059410095,0.298864483833313,0.9997501373291016,0.5536081790924072,0.5234367847442627,-0.21671254932880402,0.9851208329200745,0.5024124979972839,0.5400570034980774,0.16432268917560577,0.4446469247341156,0.5124157667160034,0.4890751540660858,-0.20976552367210388,0.9580931663513184,0.5024462342262268,0.5142368674278259,-0.15225015580654144,0.5958801507949829,0.5029423236846924,0.4805515706539154,-0.2396334856748581,0.9440889358520508,0.5026727318763733,0.5080283880233765,-0.1929323673248291,0.5714473128318787,0.5077700018882751,0.47597187757492065,-0.23167847096920013,0.9414580464363098,0.5050428509712219,0.5016070604324341,-0.18616239726543427,0.5596427321434021,0.5133435726165771,0.47909659147262573,-0.20241756737232208,0.9216272830963135,0.5115784406661987,0.505591869354248,-0.16027362644672394,0.5315297245979309,0.6025301218032837,0.5969933867454529,-0.15371926128864288,0.999971330165863,0.5660896301269531,0.6010648012161255,0.15409250557422638,0.9998472332954407,0.5518218874931335,0.6787393689155579,-0.33479389548301697,0.9847438335418701,0.5992661714553833,0.6805596351623535,0.22078156471252441,0.7265250086784363,0.5511425137519836,0.7755916714668274,-0.37765780091285706,0.993925154209137,0.694252610206604,0.7436497211456299,0.3675009310245514,0.9009292721748352,0.5644899010658264,0.7885392904281616,-0.38583970069885254,0.9850795269012451,0.7141042351722717,0.7485133409500122,0.3778151273727417,0.9404931664466858,0.48680153489112854,0.7963904738426208,-0.5273462533950806,0.987148106098175,0.6725185513496399,0.7698995471000671,0.30553632974624634,0.8845597505569458
IMG_9678,11,362,good,0.5404998660087585,0.4526202082633972,-0.1501743346452713,0.9999969005584717,0.5482853651046753,0.4465741515159607,-0.13720691204071045,0.9999977946281433,0.5532628893852234,0.44664186239242554,-0.13727809488773346,0.9999979138374329,0.5583578944206238,0.4466904401779175,-0.1373775452375412,0.9999978542327881,0.5366196036338806,0.44594424962997437,-0.11195765435695648,0.9999969005584717,0.5331109166145325,0.44569677114486694,-0.1119789108633995,0.9999951720237732,0.5294049382209778,0.44560152292251587,-0.11184480041265488,0.9999949336051941,0.5691148638725281,0.45013856887817383,-0.022228382527828217,0.9999984502792358,0.5308265686035156,0.44877323508262634,0.08575858920812607,0.9999895691871643,0.5499876737594604,0.46028339862823486,-0.10466699302196503,0.9999934434890747,0.5341660380363464,0.46055468916893005,-0.07393600046634674,0.9999871850013733,0.5964694023132324,0.4825717508792877,-0.09443826228380203,0.9999773502349854,0.5266280174255371,0.49369460344314575,0.2885264456272125,0.9997525811195374,0.5549309849739075,0.5234746336936951,-0.21655364334583282,0.985478401184082,0.5023223757743835,0.5399054288864136,0.157972514629364,0.44240957498550415,0.5129309892654419,0.4891466498374939,-0.19848676025867462,0.9594844579696655,0.5032766461372375,0.5149291157722473,-0.1612008661031723,0.594810962677002,0.5035890936851501,0.4806794226169586,-0.22526195645332336,0.9458839893341064,0.5035549998283386,0.5084956288337708,-0.20042374730110168,0.5708580613136292,0.5082398056983948,0.47604480385780334,-0.21703144907951355,0.9433915615081787,0.5083786845207214,0.5018558502197266,-0.19725005328655243,0.5591744780540466,0.5137041807174683,0.47920283675193787,-0.19069139659404755,0.9239330887794495,0.5127369165420532,0.5065521597862244,-0.16939468681812286,0.5309973955154419,0.6026570200920105,0.5969719886779785,-0.153656467795372,0.9999720454216003,0.5662153959274292,0.6010370254516602,0.1540365368127823,0.9998495578765869,0.5528562068939209,0.678726077079773,-0.33629274368286133,0.9853339195251465,0.5995021462440491,0.6804831624031067,0.22479771077632904,0.7274687886238098,0.5511376261711121,0.7755597233772278,-0.38154712319374084,0.9941484928131104,0.6942498683929443,0.7436414957046509,0.37531352043151855,0.9029504656791687,0.5644813179969788,0.7884337902069092,-0.39014118909835815,0.9856522679328918,0.7142756581306458,0.748508095741272,0.38596466183662415,0.9425002932548523,0.48655033111572266,0.7963910698890686,-0.5287541747093201,0.987531304359436,0.6730746030807495,0.769909679889679,0.31318727135658264,0.886635959148407
IMG_9678,12,395,good,0.54048091173172,0.45259717106819153,-0.14591388404369354,0.9999969005584717,0.5482861399650574,0.4465668499469757,-0.12983226776123047,0.9999977946281433,0.553271472454071,0.4466378688812256,-0.12988412380218506,0.9999979138374329,0.5583710074424744,0.4466870427131653,-0.12996447086334229,0.9999978542327881,0.5366106629371643,0.44592002034187317,-0.10660450905561447,0.9999969601631165,0.5331186652183533,0.4456687569618225,-0.10662494599819183,0.999995231628418,0.5294349193572998,0.4455791115760803,-0.10651383548974991,0.9999949932098389,0.5691670179367065,0.4501524865627289,-0.012614501640200615,0.9999984502792358,0.530930757522583,0.44873249530792236,0.08955860137939453,0.9999897480010986,0.5499809980392456,0.46026912331581116,-0.09864787012338638,0.9999935030937195,0.5341867804527283,0.46051719784736633,-0.0709269791841507,0.9999874830245972,0.5965114831924438,0.48281753063201904,-0.08909069746732712,0.9999772310256958,0.5265917778015137,0.4937148094177246,0.2892567813396454,0.9997555017471313,0.5557458996772766,0.5236418843269348,-0.20844446122646332,0.9856903553009033,0.5023150444030762,0.5399384498596191,0.1551678329706192,0.44762495160102844,0.5129754543304443,0.4892141819000244,-0.19704648852348328,0.9607235193252563,0.5032267570495605,0.5148283243179321,-0.1675756722688675,0.6018243432044983,0.5035706162452698,0.4806181788444519,-0.2221503108739853,0.9474959373474121,0.503706157207489,0.5093491077423096,-0.20782999694347382,0.5766795873641968,0.5082576870918274,0.47608718276023865,-0.2160840481519699,0.9450644850730896,0.5083144307136536,0.5031713843345642,-0.20317178964614868,0.5647895932197571,0.513703465461731,0.47918638586997986,-0.18938975036144257,0.9260028004646301,0.5126187205314636,0.5064520239830017,-0.17601895332336426,0.5361500382423401,0.6027981638908386,0.597013533115387,-0.15284666419029236,0.9999725222587585,0.5662155151367188,0.6010577082633972,0.153235524892807,0.9998513460159302,0.5535403490066528,0.6796847581863403,-0.33512455224990845,0.9860329031944275,0.6001600027084351,0.6804752349853516,0.22351205348968506,0.7312518358230591,0.5515833497047424,0.7756062746047974,-0.3772144317626953,0.9943549036979675,0.6944337487220764,0.7433900833129883,0.3756175935268402,0.9057884216308594,0.5647578239440918,0.7886037230491638,-0.3852924108505249,0.9861341714859009,0.7144969701766968,0.7477636337280273,0.3868533968925476,0.9447441101074219,0.4870024025440216,0.7964351177215576,-0.5230038166046143,0.9878196120262146,0.6745699048042297,0.7697579264640808,0.31452324986457825,0.8895714282989502
IMG_9678,13,428,good,0.5405654311180115,0.45259881019592285,-0.14310114085674286,0.9999969005584717,0.548402726650238,0.4465649724006653,-0.12842275202274323,0.9999977350234985,0.55338454246521,0.4466373920440674,-0.12847793102264404,0.9999978542327881,0.5584993362426758,0.44669103622436523,-0.12856720387935638,0.9999977946281433,0.5366888642311096,0.44589731097221375,-0.10428562015295029,0.9999969005584717,0.5331995487213135,0.44562575221061707,-0.10430891066789627,0.9999951720237732,0.5295008420944214,0.44552817940711975,-0.10419385880231857,0.9999949336051941,0.5692426562309265,0.4502113461494446,-0.012831633910536766,0.9999983906745911,0.5310540795326233,0.44872498512268066,0.0905425176024437,0.9999895691871643,0.5500569939613342,0.4602716267108917,-0.09752845019102097,0.9999935030937195,0.5342394113540649,0.4605177044868469,-0.06850701570510864,0.9999874830245972,0.5965662002563477,0.4829303026199341,-0.08940131217241287,0.9999770522117615,0.5265941023826599,0.49372372031211853,0.28870609402656555,0.9997506141662598,0.556694746017456,0.5238543748855591,-0.19515389204025269,0.9860537648200989,0.5036339163780212,0.5402403473854065,0.15207843482494354,0.4447052776813507,0.5129781365394592,0.4893319606781006,-0.1519239842891693,0.9617361426353455,0.5036347508430481,0.5156878232955933,-0.1697552651166916,0.5980948805809021,0.5035008788108826,0.4807566702365875,-0.1761271357536316,0.948517382144928,0.5038924217224121,0.5095677971839905,-0.21098816394805908,0.5725085735321045,0.5081996917724609,0.47609636187553406,-0.16920197010040283,0.9461347460746765,0.5082507133483887,0.5033357739448547,-0.2076854258775711,0.5605253577232361,0.513642430305481,0.4793448746204376,-0.14388155937194824,0.927372932434082,0.5126861333847046,0.5073297619819641,-0.1788705587387085,0.5321354269981384,0.6030775308609009,0.5969563722610474,-0.1523590087890625,0.9999721646308899,0.5663160681724548,0.6009839773178101,0.15275487303733826,0.9998498558998108,0.5538745522499084,0.6796402931213379,-0.32798901200294495,0.9862181544303894,0.6003711819648743,0.6804702281951904,0.21758829057216644,0.7297391295433044,0.5515817999839783,0.77553391456604,-0.3569914996623993,0.9943452477455139,0.6944428086280823,0.7435783743858337,0.37013527750968933,0.9066011309623718,0.5646772980690002,0.788470983505249,-0.36405831575393677,0.9862653613090515,0.7146122455596924,0.7478902339935303,0.381104052066803,0.9459308981895447,0.4869348108768463,0.7964164614677429,-0.5023236274719238,0.9877257943153381,0.6745936274528503,0.7698973417282104,0.30252960324287415,0.8903833031654358
IMG_9678,14,461,good,0.540553629398346,0.4525839388370514,-0.1412195861339569,0.9999969005584717,0.5483933091163635,0.44653967022895813,-0.12799657881259918,0.9999977350234985,0.5533767342567444,0.44661155343055725,-0.12805210053920746,0.9999978542327881,0.5584933161735535,0.4466701149940491,-0.12815508246421814,0.9999977946281433,0.5366837978363037,0.4458416700363159,-0.10274781286716461,0.9999969005584717,0.5331937670707703,0.4455567002296448,-0.10277336835861206,0.9999951720237732,0.5294932723045349,0.4454595744609833,-0.10265748202800751,0.9999949336051941,0.5692523717880249,0.4502128064632416,-0.011392696760594845,0.9999983310699463,0.5310739874839783,0.4486677050590515,0.09175194799900055,0.9999895095825195,0.5500453114509583,0.46026092767715454,-0.09685681760311127,0.9999935030937195,0.534231960773468,0.46051034331321716,-0.06650617718696594,0.9999875426292419,0.5967069864273071,0.4829866588115692,-0.08884625136852264,0.999977171421051,0.5264525413513184,0.4937395453453064,0.2886892259120941,0.9997506737709045,0.5567991733551025,0.5239705443382263,-0.2006203532218933,0.9861648678779602,0.5036247968673706,0.540398120880127,0.15144707262516022,0.445803165435791,0.5129901766777039,0.4894762933254242,-0.180711030960083,0.962744414806366,0.5035954117774963,0.5165032744407654,-0.17284353077411652,0.6018428206443787,0.5034719109535217,0.48079484701156616,-0.20875273644924164,0.949953019618988,0.5038555860519409,0.5100601315498352,-0.21442678570747375,0.5760137438774109,0.5082007050514221,0.4761067032814026,-0.20133577287197113,0.9476459622383118,0.5080727934837341,0.5039702653884888,-0.20893080532550812,0.5640100836753845,0.5136451721191406,0.4794767200946808,-0.17347845435142517,0.9291408061981201,0.5126237273216248,0.5081354379653931,-0.18127526342868805,0.5352316498756409,0.6034645438194275,0.5971682071685791,-0.1514395773410797,0.9999728798866272,0.5663361549377441,0.6012061834335327,0.1518322080373764,0.9998511075973511,0.5549294948577881,0.6799463629722595,-0.32931235432624817,0.9869353175163269,0.6011794805526733,0.6804799437522888,0.22124047577381134,0.7359947562217712,0.5519733428955078,0.7756826877593994,-0.36486831307411194,0.9946267008781433,0.6954386234283447,0.7432727217674255,0.38326016068458557,0.9098808765411377,0.5652033686637878,0.7885944843292236,-0.3729790449142456,0.9868118166923523,0.7156285643577576,0.7474931478500366,0.3950924873352051,0.9480640292167664,0.4874815344810486,0.7964624166488647,-0.5129092931747437,0.9881903529167175,0.6761577129364014,0.7697725892066956,0.322257936000824,0.8936728835105896
IMG_9678,15,494,good,0.5405408143997192,0.45259809494018555,-0.13063473999500275,0.9999969601631165,0.5483765006065369,0.44654688239097595,-0.11762922257184982,0.9999977350234985,0.5533527731895447,0.446617066860199,-0.11768218129873276,0.9999978542327881,0.5584571361541748,0.44667741656303406,-0.11778266727924347,0.9999977946281433,0.53667813539505,0.44584015011787415,-0.0922716036438942,0.9999969601631165,0.5331884622573853,0.4455544650554657,-0.09230070561170578,0.999995231628418,0.5294903516769409,0.4454571306705475,-0.09218373894691467,0.9999949932098389,0.5692484974861145,0.45023927092552185,-0.007630581501871347,0.9999983310699463,0.5310815572738647,0.44866397976875305,0.09778952598571777,0.9999895095825195,0.5500373840332031,0.4602942168712616,-0.08835163712501526,0.9999935030937195,0.5342407822608948,0.4605274498462677,-0.057968735694885254,0.9999876618385315,0.5966760516166687,0.4830136001110077,-0.0886082872748375,0.9999769330024719,0.5267429351806641,0.4937467873096466,0.2933689057826996,0.9997471570968628,0.5564294457435608,0.5240386724472046,-0.18964113295078278,0.9863055348396301,0.5045410990715027,0.5405683517456055,0.15235185623168945,0.4436464309692383,0.5129950642585754,0.48957234621047974,-0.14066123962402344,0.9633567333221436,0.5038763880729675,0.5165802836418152,-0.17451569437980652,0.6004212498664856,0.5034508109092712,0.48069751262664795,-0.16435235738754272,0.9506311416625977,0.5039995312690735,0.510191023349762,-0.21630515158176422,0.574950098991394,0.5082083344459534,0.4761882424354553,-0.1577296108007431,0.9483401775360107,0.5079578757286072,0.5041323900222778,-0.2099495232105255,0.5628708600997925,0.5136460661888123,0.4796537458896637,-0.13293056190013885,0.9301235675811768,0.5126518607139587,0.5074588060379028,-0.1826222687959671,0.5347822904586792,0.6035237908363342,0.5969398617744446,-0.15151740610599518,0.9999725818634033,0.5669001936912537,0.6006681323051453,0.15190710127353668,0.9998491406440735,0.5550797581672668,0.6799134612083435,-0.32308530807495117,0.9871275424957275,0.6014043092727661,0.6801128387451172,0.21755720674991608,0.7324220538139343,0.5521179437637329,0.7756880521774292,-0.3542284667491913,0.9946051836013794,0.6957987546920776,0.7433539032936096,0.362476110458374,0.9090449213981628,0.5652154088020325,0.7886034846305847,-0.36153513193130493,0.9868587255477905,0.7160203456878662,0.7476517558097839,0.3724495470523834,0.948018491268158,0.48680588603019714,0.7961511611938477,-0.49572980403900146,0.9881218075752258,0.6762430667877197,0.7694182991981506,0.3003171384334564,0.8927902579307556
IMG_9678,16,527,good,0.540454089641571,0.45257341861724854,-0.14375154674053192,0.9999969601631165,0.5483381748199463,0.4465172290802002,-0.13055962324142456,0.9999977350234985,0.5533196330070496,0.44658058881759644,-0.13061635196208954,0.9999978542327881,0.5584239363670349,0.4466342031955719,-0.13068072497844696,0.9999977350234985,0.5365995168685913,0.44580212235450745,-0.10601288080215454,0.9999969601631165,0.5330865383148193,0.4455241560935974,-0.10603941977024078,0.9999952912330627,0.5294408798217773,0.4454312026500702,-0.1059558242559433,0.9999949932098389,0.5692430138587952,0.45021653175354004,-0.018534088507294655,0.9999982714653015,0.5310823321342468,0.4486134350299835,0.08579456061124802,0.9999896287918091,0.5499820113182068,0.46024611592292786,-0.10004591941833496,0.999993622303009,0.5342040061950684,0.4604923129081726,-0.0702684298157692,0.9999879002571106,0.5968557000160217,0.4830241799354553,-0.09562833607196808,0.9999769330024719,0.5266151428222656,0.4938160181045532,0.27543097734451294,0.9997532963752747,0.558169960975647,0.5240589380264282,-0.2196708470582962,0.9866313338279724,0.5045297741889954,0.541796088218689,0.12733320891857147,0.45693638920783997,0.5136714577674866,0.4895298480987549,-0.2197076976299286,0.9647492170333862,0.5038589835166931,0.516948938369751,-0.19936306774616241,0.6152138113975525,0.5036643743515015,0.4798824191093445,-0.24904251098632812,0.9523888826370239,0.504158616065979,0.5106142163276672,-0.241286039352417,0.5874686241149902,0.5088407397270203,0.4758370816707611,-0.2421795278787613,0.9501489996910095,0.507878303527832,0.5051003098487854,-0.23075784742832184,0.5752176642417908,0.5140953063964844,0.478967547416687,-0.2129797786474228,0.9323115944862366,0.5127540230751038,0.5084190964698792,-0.205169215798378,0.5459310412406921,0.6045024991035461,0.5974720120429993,-0.15044909715652466,0.9999731183052063,0.5671781301498413,0.6014372110366821,0.1508219689130783,0.9998502731323242,0.5553627610206604,0.6802531480789185,-0.33541861176490784,0.9879695177078247,0.6027856469154358,0.6806623339653015,0.23838698863983154,0.7414107322692871,0.5521158576011658,0.7757395505905151,-0.39051488041877747,0.9949246048927307,0.6967800855636597,0.7430096864700317,0.41325223445892334,0.9129250645637512,0.5653151869773865,0.7887976169586182,-0.40127792954444885,0.9875282049179077,0.716113805770874,0.7468318939208984,0.4263325035572052,0.9506142735481262,0.4866335690021515,0.7964056730270386,-0.5460876226425171,0.9886354207992554,0.6789662837982178,0.7686542272567749,0.3551989793777466,0.8970229625701904
IMG_9678,17,560,good,0.5395198464393616,0.45259779691696167,-0.1455131620168686,0.9999970197677612,0.5474924445152283,0.4465276896953583,-0.13470104336738586,0.9999977350234985,0.5525028109550476,0.4465867280960083,-0.13474568724632263,0.9999978542327881,0.5575847029685974,0.4466351568698883,-0.1348017007112503,0.9999977350234985,0.5359271168708801,0.44581830501556396,-0.10901772230863571,0.9999969601631165,0.5324920415878296,0.44555824995040894,-0.10905591398477554,0.9999953508377075,0.5290414094924927,0.44547945261001587,-0.10898217558860779,0.9999950528144836,0.5688982009887695,0.45021629333496094,-0.033335406333208084,0.9999982714653015,0.5310302376747131,0.4486158788204193,0.07791098207235336,0.9999897480010986,0.5492610931396484,0.46027395129203796,-0.10437976568937302,0.9999937415122986,0.5337982773780823,0.4605444669723511,-0.07313613593578339,0.9999881982803345,0.596859872341156,0.4830256998538971,-0.11013871431350708,0.9999766945838928,0.526615560054779,0.49383652210235596,0.26574403047561646,0.9997583031654358,0.5581909418106079,0.5240753293037415,-0.216358944773674,0.9868619441986084,0.5050833225250244,0.5417859554290771,0.11343635618686676,0.4606364071369171,0.5135148763656616,0.48948654532432556,-0.16777066886425018,0.9656891226768494,0.5040212273597717,0.5157105922698975,-0.21776358783245087,0.6225703954696655,0.503589928150177,0.47977495193481445,-0.18805861473083496,0.9535115957260132,0.50421142578125,0.5105763673782349,-0.25875410437583923,0.5940389037132263,0.5087460279464722,0.4754842221736908,-0.182708278298378,0.9512994885444641,0.5078307390213013,0.505121111869812,-0.25027480721473694,0.5817398428916931,0.5139369368553162,0.478800892829895,-0.15988729894161224,0.9339219331741333,0.5127330422401428,0.5077706575393677,-0.22466209530830383,0.5523883104324341,0.6046709418296814,0.5972766280174255,-0.1504502296447754,0.999972403049469,0.567858874797821,0.6008201837539673,0.15082140266895294,0.9998481869697571,0.555299699306488,0.6802148222923279,-0.32316508889198303,0.988544225692749,0.6078473329544067,0.6802191734313965,0.2371508777141571,0.745011568069458,0.5526609420776367,0.7755622267723083,-0.38100916147232056,0.9950826168060303,0.6982681155204773,0.7427689433097839,0.3982860743999481,0.9144834280014038,0.5660878419876099,0.7885773777961731,-0.39287278056144714,0.9879251718521118,0.7178217768669128,0.7467094659805298,0.41013917326927185,0.9521906971931458,0.4857403337955475,0.796261727809906,-0.5383291840553284,0.9887533187866211,0.6799736022949219,0.7685652375221252,0.3406367599964142,0.8985804915428162
IMG_9678,18,593,good,0.5376101732254028,0.45265838503837585,-0.15702517330646515,0.9999971389770508,0.5458523631095886,0.4465399384498596,-0.14679528772830963,0.9999977946281433,0.5509256720542908,0.4465903043746948,-0.14684775471687317,0.9999979138374329,0.5560293197631836,0.4466336667537689,-0.14689818024635315,0.9999977350234985,0.534521758556366,0.44585737586021423,-0.12042650580406189,0.9999970197677612,0.5312822461128235,0.44562000036239624,-0.12045169621706009,0.9999954700469971,0.5282287001609802,0.4455479085445404,-0.12039674818515778,0.9999951720237732,0.5682650804519653,0.4501662254333496,-0.04283703491091728,0.9999982714653015,0.5308185815811157,0.4486137628555298,0.07085562497377396,0.9999901056289673,0.5475071668624878,0.46031343936920166,-0.11529773473739624,0.9999940395355225,0.5326604843139648,0.46061214804649353,-0.08312095701694489,0.9999886751174927,0.596900224685669,0.4830542206764221,-0.1181829497218132,0.999977171421051,0.5263196229934692,0.49385103583335876,0.26079651713371277,0.9997669458389282,0.5595081448554993,0.5243701934814453,-0.256184846162796,0.987366795539856,0.5050048232078552,0.5417498350143433,0.11454267054796219,0.4698234796524048,0.513840913772583,0.48987728357315063,-0.27780404686927795,0.9674206376075745,0.5040084719657898,0.5166239142417908,-0.21856620907783508,0.6345174908638,0.5037307143211365,0.4794502258300781,-0.3093743920326233,0.9557375311851501,0.5042593479156494,0.5111599564552307,-0.2583785951137543,0.6044586896896362,0.5091984272003174,0.4754805862903595,-0.3023647665977478,0.9536200761795044,0.5077708959579468,0.5057891011238098,-0.24944356083869934,0.5920884013175964,0.5141667723655701,0.4787105619907379,-0.2711639702320099,0.9366949796676636,0.5127742886543274,0.5088856220245361,-0.22493529319763184,0.5614225268363953,0.6060494780540466,0.5981118083000183,-0.15030500292778015,0.999973475933075,0.5689824223518372,0.601858913898468,0.1506710946559906,0.9998519420623779,0.5553791522979736,0.6811099648475647,-0.34700825810432434,0.9893917441368103,0.6091283559799194,0.6811296343803406,0.2638145685195923,0.7523247003555298,0.5526596903800964,0.775902509689331,-0.42903441190719604,0.9953855276107788,0.6982660889625549,0.7427698373794556,0.4518510699272156,0.9172202944755554,0.5671828389167786,0.7886831760406494,-0.44252070784568787,0.9886536002159119,0.7180777192115784,0.7466654777526855,0.4660790264606476,0.9543415307998657,0.48729321360588074,0.7963091731071472,-0.592133104801178,0.9892246723175049,0.6809395551681519,0.7685627937316895,0.39525341987609863,0.9015466570854187
IMG_9678,19,626,good,0.534794807434082,0.45358267426490784,-0.15381847321987152,0.9999971389770508,0.5427942276000977,0.4469486474990845,-0.14293275773525238,0.9999977350234985,0.5475921630859375,0.4469297528266907,-0.1429874151945114,0.9999979138374329,0.5526648759841919,0.4468995928764343,-0.1430526226758957,0.9999977350234985,0.5325339436531067,0.4465261995792389,-0.11621799319982529,0.9999970197677612,0.5298020243644714,0.4463532269001007,-0.11624524742364883,0.9999954104423523,0.5273324251174927,0.4462661147117615,-0.11617498844861984,0.9999951124191284,0.566901683807373,0.4502209424972534,-0.052522096782922745,0.9999982714653015,0.5308181047439575,0.44888848066329956,0.07063800096511841,0.9999900460243225,0.5450849533081055,0.46106597781181335,-0.11183147877454758,0.9999939799308777,0.5316460132598877,0.4614555239677429,-0.07924728095531464,0.9999884963035583,0.596619188785553,0.4830463230609894,-0.12542268633842468,0.999975860118866,0.5269072651863098,0.4938659965991974,0.2597157061100006,0.9997611045837402,0.5576761364936829,0.5250231623649597,-0.2348838746547699,0.9870652556419373,0.5072615742683411,0.541652262210846,0.10701075196266174,0.459816038608551,0.5134495496749878,0.49031710624694824,-0.16506485641002655,0.9663791656494141,0.5046180486679077,0.5166462063789368,-0.2368471622467041,0.6214768886566162,0.5039159655570984,0.4794623553752899,-0.18229559063911438,0.9543426632881165,0.5042997002601624,0.5111114978790283,-0.27637630701065063,0.5928181409835815,0.5092874765396118,0.475517213344574,-0.1792314052581787,0.9522224068641663,0.5077248811721802,0.5055615901947021,-0.2690299153327942,0.5805389285087585,0.5142602920532227,0.47865891456604004,-0.15759386122226715,0.9350730180740356,0.5127894878387451,0.5072218179702759,-0.24471718072891235,0.550447404384613,0.6061034202575684,0.5980992913246155,-0.15030306577682495,0.9999718070030212,0.5708666443824768,0.6016682982444763,0.1506686955690384,0.9998461604118347,0.5554060935974121,0.6810842156410217,-0.3427464962005615,0.9892199635505676,0.6138851046562195,0.6806406378746033,0.25353795289993286,0.7460484504699707,0.552638828754425,0.7759149670600891,-0.40915048122406006,0.9952170252799988,0.6982368230819702,0.7433722019195557,0.4223877787590027,0.9131301045417786,0.5680717825889587,0.7886595726013184,-0.420335590839386,0.988554060459137,0.7199172973632812,0.7474119663238525,0.4326590597629547,0.9530564546585083,0.48728930950164795,0.7963420152664185,-0.5647330284118652,0.988840639591217,0.6800888776779175,0.7689605355262756,0.3737819194793701,0.8974010348320007
IMG_9678,20,659,good,0.5316773056983948,0.4541670083999634,-0.1521281749010086,0.9999972581863403,0.5391137003898621,0.4472810626029968,-0.14869873225688934,0.9999977946281433,0.5433591604232788,0.44722411036491394,-0.14876671135425568,0.9999980330467224,0.5481841564178467,0.447133868932724,-0.1488274335861206,0.9999977946281433,0.5302016735076904,0.44707706570625305,-0.1172296404838562,0.9999971389770508,0.5282989740371704,0.4469347298145294,-0.1172681599855423,0.9999955892562866,0.5264151692390442,0.44682955741882324,-0.11720310151576996,0.9999952912330627,0.5648176074028015,0.4502374529838562,-0.0806184709072113,0.9999983310699463,0.5307040214538574,0.4491890072822571,0.06377194076776505,0.9999904036521912,0.5414994359016418,0.4615863859653473,-0.1181148886680603,0.9999942779541016,0.5304455757141113,0.4619416892528534,-0.07931725680828094,0.9999889731407166,0.5965427160263062,0.48304805159568787,-0.1494436115026474,0.9999764561653137,0.5277028679847717,0.4939920902252197,0.2488405853509903,0.9997665882110596,0.5563111901283264,0.5258832573890686,-0.25009503960609436,0.9871976375579834,0.5071762800216675,0.5416434407234192,0.08709129691123962,0.45793330669403076,0.5137119889259338,0.49065646529197693,-0.20071160793304443,0.9663876295089722,0.5044935345649719,0.5160311460494995,-0.27517250180244446,0.6167902946472168,0.5047089457511902,0.47940680384635925,-0.2198713719844818,0.9542836546897888,0.5042543411254883,0.5110888481140137,-0.3169478476047516,0.5871620774269104,0.5100173950195312,0.47520095109939575,-0.21752537786960602,0.9521889090538025,0.5076497197151184,0.5055456161499023,-0.30798622965812683,0.5748361945152283,0.5150846838951111,0.4785897433757782,-0.1932181566953659,0.9346025586128235,0.5116775035858154,0.5067526698112488,-0.28285840153694153,0.5441827178001404,0.6068314909934998,0.5980897545814514,-0.15088346600532532,0.999972403049469,0.5717788934707642,0.6016626358032227,0.15122142434120178,0.9998476505279541,0.5559698343276978,0.6810554265975952,-0.3484610915184021,0.9898042678833008,0.6153284907341003,0.6804215312004089,0.2803814113140106,0.7500472068786621,0.5527456998825073,0.7759765982627869,-0.442265123128891,0.9955065250396729,0.6985577940940857,0.7434306144714355,0.4565373659133911,0.9142879843711853,0.5683696269989014,0.788722038269043,-0.45723384618759155,0.9891429543495178,0.7210351228713989,0.7473875284194946,0.47021549940109253,0.9542967677116394,0.48459309339523315,0.796439528465271,-0.6094397306442261,0.9892922043800354,0.6830968856811523,0.7685573101043701,0.4073254466056824,0.8985273838043213
IMG_9678,21,692,good,0.5302019119262695,0.45457854866981506,-0.1553346961736679,0.9999972581863403,0.5371235609054565,0.447614461183548,-0.15608243644237518,0.9999977946281433,0.5410886406898499,0.4475647807121277,-0.1561630666255951,0.9999980330467224,0.5456564426422119,0.4474918246269226,-0.15623943507671356,0.9999977946281433,0.5289328098297119,0.44744873046875,-0.12168648093938828,0.9999971389770508,0.5274397730827332,0.44729411602020264,-0.12172780930995941,0.9999955892562866,0.5258843302726746,0.44716113805770874,-0.12166677415370941,0.9999952912330627,0.5629265308380127,0.4503823518753052,-0.09281319379806519,0.9999983310699463,0.530584990978241,0.449469655752182,0.059362348169088364,0.9999904036521912,0.5396217703819275,0.4619365930557251,-0.12592677772045135,0.9999943971633911,0.5296210050582886,0.4622008800506592,-0.08313293755054474,0.9999889731407166,0.5962880849838257,0.4830322265625,-0.16176563501358032,0.9999760389328003,0.5279830694198608,0.49401769042015076,0.24740026891231537,0.9997613430023193,0.5545586943626404,0.5269253849983215,-0.24957196414470673,0.9869885444641113,0.5072354078292847,0.5418060421943665,0.09376028925180435,0.442914217710495,0.5137273669242859,0.49073830246925354,-0.19546695053577423,0.964313268661499,0.5045801997184753,0.5179725885391235,-0.2614017426967621,0.5947139859199524,0.5047047734260559,0.47930970788002014,-0.21291996538639069,0.9515516757965088,0.5055340528488159,0.5175308585166931,-0.30152273178100586,0.5669339895248413,0.5103951692581177,0.4751986265182495,-0.2121243178844452,0.9494660496711731,0.5091075897216797,0.5116350650787354,-0.2949429750442505,0.5550923943519592,0.5152942538261414,0.4783979058265686,-0.18806903064250946,0.9306913614273071,0.5117992758750916,0.5092504024505615,-0.2700141370296478,0.5249370336532593,0.6068229675292969,0.5981239080429077,-0.1518048495054245,0.9999716281890869,0.5724537372589111,0.6016666889190674,0.15212133526802063,0.9998443722724915,0.5568050742149353,0.6813665628433228,-0.34662917256355286,0.9897335767745972,0.6178280115127563,0.6804274320602417,0.2776382267475128,0.7469305396080017,0.5527963638305664,0.7760109305381775,-0.43329712748527527,0.9955931901931763,0.6985365748405457,0.7439380884170532,0.44556012749671936,0.912082850933075,0.5683692097663879,0.7887566685676575,-0.44751840829849243,0.9893053770065308,0.7217265963554382,0.7476360201835632,0.4587712287902832,0.9540634155273438,0.4827388525009155,0.7966785430908203,-0.5991092920303345,0.9892516136169434,0.6843694448471069,0.7682897448539734,0.3937470018863678,0.8960201740264893
IMG_9678,22,725,good,0.5291219353675842,0.45470359921455383,-0.11449574679136276,0.9999971389770508,0.5359278917312622,0.44778692722320557,-0.11296158283948898,0.9999976754188538,0.5397756099700928,0.4477479159832001,-0.11303772777318954,0.9999979138374329,0.544289767742157,0.4476964473724365,-0.11312168836593628,0.9999977350234985,0.5278846621513367,0.4476221203804016,-0.08081035315990448,0.9999969601631165,0.5265629291534424,0.44746148586273193,-0.08085782825946808,0.9999953508377075,0.5252061486244202,0.44731834530830383,-0.08079475164413452,0.9999949336051941,0.5612618327140808,0.45048895478248596,-0.050881121307611465,0.9999982714653015,0.529920756816864,0.4496503174304962,0.09343890845775604,0.9999898672103882,0.5382384061813354,0.4620341360569,-0.08592627942562103,0.9999942779541016,0.5285753607749939,0.46227577328681946,-0.04606546461582184,0.9999884963035583,0.5961645841598511,0.4830266833305359,-0.13359031081199646,0.9999758005142212,0.5264285206794739,0.49402913451194763,0.26163938641548157,0.9997527003288269,0.5545140504837036,0.526915431022644,-0.24703194200992584,0.9866647124290466,0.5090996026992798,0.5418250560760498,0.12010728567838669,0.4274767339229584,0.5139688849449158,0.49074456095695496,-0.1921810358762741,0.9616802334785461,0.5061541795730591,0.5238662958145142,-0.19808544218540192,0.5684180855751038,0.5046941041946411,0.4792000949382782,-0.2118426412343979,0.948442280292511,0.5076825022697449,0.5246654748916626,-0.2351723313331604,0.5438644886016846,0.5104595422744751,0.4752580225467682,-0.20952677726745605,0.9463562369346619,0.511415958404541,0.5193611979484558,-0.23187889158725739,0.5326686501502991,0.515303909778595,0.4783933460712433,-0.1849527806043625,0.9264659881591797,0.5146557688713074,0.5194959044456482,-0.2077377438545227,0.5038621425628662,0.6079534888267517,0.5976842045783997,-0.15166151523590088,0.9999724626541138,0.572412371635437,0.6016414761543274,0.15199014544487,0.9998463988304138,0.55852872133255,0.6800065040588379,-0.3635401725769043,0.9898078441619873,0.6178169250488281,0.6798460483551025,0.2698870301246643,0.7421841025352478,0.5529989004135132,0.7759561538696289,-0.45716336369514465,0.9957090020179749,0.6985226273536682,0.7439013123512268,0.44222453236579895,0.9097703695297241,0.5683870315551758,0.7886910438537598,-0.4717382490634918,0.9893903732299805,0.7220214605331421,0.7476170063018799,0.4554634094238281,0.9526610374450684,0.48279130458831787,0.7967354655265808,-0.6306518316268921,0.9895061254501343,0.684863805770874,0.7682361602783203,0.3848895728588104,0.8944377303123474
IMG_9678,23,758,good,0.5265820622444153,0.4552527964115143,-0.13896599411964417,0.999997079372406,0.5335130095481873,0.44798117876052856,-0.1434834748506546,0.999997615814209,0.5373064279556274,0.44790130853652954,-0.14356502890586853,0.9999978542327881,0.541886031627655,0.4478187561035156,-0.14362676441669464,0.9999976754188538,0.5256540775299072,0.4479582607746124,-0.1085217297077179,0.9999968409538269,0.5244892239570618,0.4478130638599396,-0.10857382416725159,0.9999951720237732,0.5233731865882874,0.4476778507232666,-0.10854925960302353,0.999994695186615,0.5598422288894653,0.45051878690719604,-0.0873967632651329,0.9999982118606567,0.5298007726669312,0.4498080909252167,0.06299042701721191,0.9999896287918091,0.536273181438446,0.4624186158180237,-0.11494920402765274,0.9999943375587463,0.5267626643180847,0.46286606788635254,-0.07114168256521225,0.999988317489624,0.5961245894432068,0.48302727937698364,-0.1568816751241684,0.9999755620956421,0.5261664986610413,0.49415889382362366,0.2314266413450241,0.9997535943984985,0.5540489554405212,0.5269848704338074,-0.26287052035331726,0.9867859482765198,0.5093563795089722,0.5417622327804565,0.08458007127046585,0.4228314459323883,0.5137539505958557,0.4907429814338684,-0.2218802571296692,0.9612953066825867,0.5066038966178894,0.522939920425415,-0.24843575060367584,0.5591022372245789,0.5039608478546143,0.47918811440467834,-0.24533389508724213,0.9479072690010071,0.5100991725921631,0.5242013335227966,-0.28802749514579773,0.5348284840583801,0.5100479125976562,0.47505974769592285,-0.24244630336761475,0.9458454847335815,0.5132822394371033,0.5186752080917358,-0.2848014533519745,0.5240451097488403,0.5149167776107788,0.4783712327480316,-0.2150658667087555,0.9255030155181885,0.5167524218559265,0.5196259617805481,-0.25791773200035095,0.49519845843315125,0.6082255244255066,0.598897397518158,-0.1505572497844696,0.9999723434448242,0.5725918412208557,0.6031126976013184,0.15086206793785095,0.9998475313186646,0.5582915544509888,0.6813932657241821,-0.343406081199646,0.9897952079772949,0.6207777857780457,0.680768609046936,0.2750498354434967,0.7415621876716614,0.5526546835899353,0.7765131592750549,-0.446806937456131,0.9958153367042542,0.6985886693000793,0.7438976764678955,0.4522309899330139,0.9096121191978455,0.5684970617294312,0.7890740633010864,-0.46744799613952637,0.9895855784416199,0.7230216860771179,0.7476137280464172,0.4665224552154541,0.9532169699668884,0.482815146446228,0.7971779704093933,-0.6127157807350159,0.989585280418396,0.6848434805870056,0.7686023116111755,0.399456650018692,0.8945826888084412
IMG_9678,24,791,good,0.525568962097168,0.45523956418037415,-0.13742825388908386,0.9999968409538269,0.5325369238853455,0.4479816257953644,-0.14272920787334442,0.9999973773956299,0.536377489566803,0.4479014575481415,-0.14280593395233154,0.9999976754188538,0.5409098267555237,0.44781821966171265,-0.14286990463733673,0.9999974966049194,0.5248448252677917,0.4479771852493286,-0.10746210813522339,0.999996542930603,0.5237129926681519,0.44784149527549744,-0.10752127319574356,0.9999947547912598,0.5226398706436157,0.4477158188819885,-0.10749321430921555,0.999994158744812,0.5590753555297852,0.4505198895931244,-0.08904425799846649,0.9999980330467224,0.5294543504714966,0.44982925057411194,0.06422047317028046,0.9999886751174927,0.5353561639785767,0.46248772740364075,-0.11398130655288696,0.9999940395355225,0.5260546803474426,0.46294501423835754,-0.07046336680650711,0.9999872446060181,0.5955172181129456,0.48302456736564636,-0.16315793991088867,0.9999748468399048,0.5268346667289734,0.4943627119064331,0.23400801420211792,0.9997390508651733,0.5536555051803589,0.5271158218383789,-0.2690025866031647,0.9864000678062439,0.5102855563163757,0.5419458746910095,0.07978446781635284,0.41428980231285095,0.5137435793876648,0.48988237977027893,-0.21999715268611908,0.9592984914779663,0.5066009759902954,0.522304356098175,-0.25614771246910095,0.5419155359268188,0.5042641162872314,0.47865086793899536,-0.2427399754524231,0.9455164074897766,0.510834813117981,0.5231269598007202,-0.2950212359428406,0.5181096792221069,0.5107442140579224,0.4740505516529083,-0.2384425401687622,0.9433876276016235,0.5138737559318542,0.5174888372421265,-0.28974369168281555,0.5077930688858032,0.515317976474762,0.47766172885894775,-0.21271800994873047,0.922016441822052,0.5173763036727905,0.5187824368476868,-0.2650025188922882,0.4794110953807831,0.6080546975135803,0.5989267826080322,-0.15105846524238586,0.9999710917472839,0.5736653804779053,0.6030688285827637,0.15136130154132843,0.9998379349708557,0.5582026839256287,0.6807672381401062,-0.34996163845062256,0.989549458026886,0.6209940314292908,0.6807646751403809,0.2927722930908203,0.7355652451515198,0.5524894595146179,0.776913583278656,-0.45401284098625183,0.9958533644676208,0.698721706867218,0.7431111335754395,0.47755470871925354,0.9041398763656616,0.5679939985275269,0.7892345190048218,-0.47083526849746704,0.989447832107544,0.7229369282722473,0.7463564276695251,0.49315574765205383,0.9515304565429688,0.4823920428752899,0.797598123550415,-0.6293213367462158,0.9893888235092163,0.6883285641670227,0.7667511105537415,0.4296451508998871,0.8889257311820984
IMG_9678,25,824,good,0.5252528786659241,0.45535045862197876,-0.1528296321630478,0.9999968409538269,0.5322412848472595,0.4480620324611664,-0.15726211667060852,0.9999973773956299,0.5362449288368225,0.44798845052719116,-0.1573534607887268,0.9999976754188538,0.5407705903053284,0.44791653752326965,-0.15743359923362732,0.9999974966049194,0.5246090292930603,0.44810065627098083,-0.12038538604974747,0.999996542930603,0.5234642624855042,0.44798362255096436,-0.12043271958827972,0.9999947547912598,0.5223474502563477,0.4478794038295746,-0.12038041651248932,0.9999940991401672,0.5587360858917236,0.45065173506736755,-0.09962546080350876,0.9999980926513672,0.5293519496917725,0.44996753334999084,0.059675343334674835,0.9999886155128479,0.5351633429527283,0.4627433717250824,-0.12760519981384277,0.9999940991401672,0.5257439613342285,0.4631737470626831,-0.08150692284107208,0.9999869465827942,0.5951874256134033,0.48302093148231506,-0.16987109184265137,0.999974250793457,0.5272261500358582,0.494459867477417,0.2376272976398468,0.9997271299362183,0.5529719591140747,0.5269942879676819,-0.2670460343360901,0.9860789775848389,0.5117982625961304,0.5420379638671875,0.08764998614788055,0.39633145928382874,0.514120876789093,0.48869433999061584,-0.21554751694202423,0.9569593667984009,0.5073260068893433,0.5261779427528381,-0.24948953092098236,0.5173097252845764,0.5053350329399109,0.47649264335632324,-0.23278799653053284,0.9425522685050964,0.5116989612579346,0.525750994682312,-0.28828614950180054,0.49677202105522156,0.5113790035247803,0.4728688597679138,-0.2293817549943924,0.9404556751251221,0.5144285559654236,0.5204159021377563,-0.2832607626914978,0.4871894121170044,0.5164400339126587,0.4753689765930176,-0.20723353326320648,0.9180044531822205,0.5180522203445435,0.5218029618263245,-0.2586476802825928,0.45965808629989624,0.6077278256416321,0.5991293787956238,-0.15238265693187714,0.9999707937240601,0.5737961530685425,0.6031280159950256,0.1526642143726349,0.9998350739479065,0.5581563711166382,0.6809418797492981,-0.3496435284614563,0.9897686839103699,0.6216252446174622,0.6811985373497009,0.2913075089454651,0.7396201491355896,0.5519383549690247,0.7771784067153931,-0.44485193490982056,0.9960360527038574,0.6997434496879578,0.7436973452568054,0.46917974948883057,0.9057196378707886,0.5676973462104797,0.7893513441085815,-0.4600284993648529,0.989815354347229,0.7242133617401123,0.7469760179519653,0.4839300215244293,0.9526402354240417,0.48248857259750366,0.7979605197906494,-0.6136948466300964,0.9895594120025635,0.6893447041511536,0.7667734026908875,0.42136356234550476,0.8891927003860474
IMG_9678,26,857,good,0.525370180606842,0.4552324712276459,-0.14627449214458466,0.9999968409538269,0.53228759765625,0.44797956943511963,-0.1537119299173355,0.9999973773956299,0.5362886786460876,0.4479009807109833,-0.15378905832767487,0.9999976754188538,0.5407289266586304,0.4478413462638855,-0.15385566651821136,0.9999974966049194,0.5246542692184448,0.44807806611061096,-0.11549309641122818,0.999996542930603,0.5234620571136475,0.44797468185424805,-0.11554853618144989,0.9999947547912598,0.5222949385643005,0.4478735327720642,-0.11552054435014725,0.9999940991401672,0.5584056377410889,0.45061683654785156,-0.09009779244661331,0.9999980926513672,0.5292256474494934,0.449960857629776,0.06171219423413277,0.9999887347221375,0.5351839065551758,0.4626559317111969,-0.12706749141216278,0.999994158744812,0.5257180333137512,0.46312376856803894,-0.0784326046705246,0.9999868869781494,0.595051109790802,0.48270922899246216,-0.16296160221099854,0.9999741911888123,0.5275252461433411,0.494506299495697,0.23656205832958221,0.9997260570526123,0.5529088973999023,0.5262860655784607,-0.2605738043785095,0.986017644405365,0.511935830116272,0.5421096086502075,0.08519881218671799,0.3857579529285431,0.514587938785553,0.4862411916255951,-0.20555810630321503,0.956652045249939,0.5070686936378479,0.5260016918182373,-0.2516636550426483,0.5028192400932312,0.5062364339828491,0.47453755140304565,-0.22149038314819336,0.9419977068901062,0.5116274952888489,0.5252586603164673,-0.2899359166622162,0.4838918447494507,0.5126667618751526,0.4700721502304077,-0.21903178095817566,0.939845621585846,0.5142555236816406,0.519795298576355,-0.28532934188842773,0.47458136081695557,0.5171747207641602,0.4735545814037323,-0.1981302946805954,0.9173791408538818,0.5180156230926514,0.5211976170539856,-0.26100555062294006,0.4477376937866211,0.6078233122825623,0.5991180539131165,-0.1520463079214096,0.999969482421875,0.5741866827011108,0.6030026078224182,0.15231776237487793,0.9998305439949036,0.5581855773925781,0.680974543094635,-0.3187389075756073,0.9898571372032166,0.6213665008544922,0.6811926960945129,0.27483588457107544,0.7400328516960144,0.5519793033599854,0.7772266268730164,-0.3878099322319031,0.9961002469062805,0.7016841173171997,0.7436940670013428,0.43323948979377747,0.9062605500221252,0.5676623582839966,0.7895416617393494,-0.4009248912334442,0.9898600578308105,0.7243313193321228,0.7472689747810364,0.445485919713974,0.953101396560669,0.4833863377571106,0.7980104684829712,-0.5519596934318542,0.9895763993263245,0.6892149448394775,0.766814112663269,0.3834875822067261,0.8901362419128418
IMG_9678,27,890,good,0.5248667597770691,0.4551759660243988,-0.14938613772392273,0.9999967813491821,0.5313155651092529,0.4478834271430969,-0.1590857356786728,0.9999973177909851,0.5352123975753784,0.4477826952934265,-0.1591719686985016,0.999997615814209,0.5394489169120789,0.44771745800971985,-0.1592421978712082,0.9999974370002747,0.5243558883666992,0.44804033637046814,-0.11944718658924103,0.9999964833259583,0.523260772228241,0.44794976711273193,-0.11950068920850754,0.9999946355819702,0.5221397876739502,0.44785961508750916,-0.11947285383939743,0.9999939203262329,0.5577489733695984,0.45054078102111816,-0.12157426029443741,0.9999980926513672,0.529304563999176,0.4499450623989105,0.05074469372630119,0.9999885559082031,0.5344905257225037,0.46263396739959717,-0.13196736574172974,0.9999940395355225,0.5255716443061829,0.463119238615036,-0.08182688802480698,0.9999863505363464,0.5949284434318542,0.4826909005641937,-0.19519378244876862,0.9999738931655884,0.5302963852882385,0.4946148693561554,0.22765058279037476,0.9997117519378662,0.5518431067466736,0.5267065763473511,-0.28711962699890137,0.9861065745353699,0.5131529569625854,0.5425055623054504,0.07606397569179535,0.37295210361480713,0.514237105846405,0.4864077568054199,-0.21489930152893066,0.9560344219207764,0.5068707466125488,0.5248928070068359,-0.2721129357814789,0.4843055307865143,0.5055325031280518,0.4746541380882263,-0.23257489502429962,0.9409080743789673,0.5124413967132568,0.5245990753173828,-0.30920225381851196,0.4667528569698334,0.5122981667518616,0.4700261354446411,-0.22828400135040283,0.938723623752594,0.5145651698112488,0.5193961262702942,-0.30465444922447205,0.45770904421806335,0.5170813798904419,0.47349944710731506,-0.2063339203596115,0.9154193997383118,0.5173797607421875,0.5182380676269531,-0.2817675769329071,0.4311845004558563,0.6078790426254272,0.5993611216545105,-0.1534591168165207,0.9999676942825317,0.5752912163734436,0.6030411720275879,0.15373112261295319,0.9998204708099365,0.5591830611228943,0.682806134223938,-0.32227200269699097,0.9895675182342529,0.6230953335762024,0.6812780499458313,0.2900703251361847,0.7319639921188354,0.5521184206008911,0.7778566479682922,-0.39449381828308105,0.996126115322113,0.7016182541847229,0.7437426447868347,0.46418488025665283,0.902316689491272,0.5679961442947388,0.7903185486793518,-0.40598878264427185,0.9898725748062134,0.7253178954124451,0.7473002672195435,0.47870996594429016,0.9520525932312012,0.4833010137081146,0.7979834079742432,-0.5563064813613892,0.989509105682373,0.6896475553512573,0.7667096853256226,0.42164820432662964,0.8869006037712097
IMG_9678,28,923,good,0.523468554019928,0.4552772045135498,-0.1248624175786972,0.9999966025352478,0.5294054746627808,0.4479345381259918,-0.14129728078842163,0.9999971985816956,0.5327057242393494,0.4478137195110321,-0.14138305187225342,0.9999974966049194,0.5363295674324036,0.4477379620075226,-0.1414482295513153,0.9999973177909851,0.5236830115318298,0.4481228291988373,-0.0979745015501976,0.9999963045120239,0.5227115750312805,0.4480454921722412,-0.0980420857667923,0.9999944567680359,0.5216503739356995,0.4479750990867615,-0.09803380817174911,0.9999936819076538,0.5554240345954895,0.45056775212287903,-0.11729372292757034,0.9999979734420776,0.5293115973472595,0.4501506984233856,0.052859771996736526,0.9999880790710449,0.532501757144928,0.4627118408679962,-0.11876305192708969,0.999993622303009,0.5248212814331055,0.4632396697998047,-0.06341875344514847,0.9999853372573853,0.5944273471832275,0.48268747329711914,-0.19830390810966492,0.9999721646308899,0.5318350791931152,0.4950757920742035,0.23128388822078705,0.9996953010559082,0.5503559708595276,0.5270681977272034,-0.2805081307888031,0.9858907461166382,0.5133334398269653,0.5436661243438721,0.07400694489479065,0.36065277457237244,0.5141895413398743,0.486917644739151,-0.18184328079223633,0.9537383317947388,0.5062054991722107,0.5244323015213013,-0.28790926933288574,0.46922847628593445,0.505459725856781,0.47479352355003357,-0.1951938271522522,0.9376017451286316,0.5084286332130432,0.5245121121406555,-0.3254559338092804,0.4535335600376129,0.5123308300971985,0.4697139859199524,-0.19210246205329895,0.9352376461029053,0.511288583278656,0.5187165141105652,-0.31853851675987244,0.444612056016922,0.5170828104019165,0.47346797585487366,-0.1727597564458847,0.9106261730194092,0.5139261484146118,0.5173851847648621,-0.2970438301563263,0.41833779215812683,0.6078969836235046,0.5995303392410278,-0.15395142138004303,0.9999659657478333,0.5766803026199341,0.6030769944190979,0.1542029231786728,0.9998148083686829,0.5596663951873779,0.6834284067153931,-0.32447725534439087,0.988929271697998,0.6243689060211182,0.6812359690666199,0.29147234559059143,0.7177355289459229,0.5519285798072815,0.7781791090965271,-0.4114701449871063,0.9960567951202393,0.7015898823738098,0.7438744902610779,0.4578012228012085,0.8961143493652344,0.5678422451019287,0.7908093333244324,-0.4267430901527405,0.9897765517234802,0.7257276773452759,0.7475437521934509,0.471722811460495,0.9493299126625061,0.4828431308269501,0.7980048060417175,-0.5727245211601257,0.9894908666610718,0.6894568204879761,0.7672098278999329,0.4153636395931244,0.8829382658004761
IMG_9678,29,955,good,0.5211125612258911,0.45546755194664,-0.0814284235239029,0.9999964237213135,0.526782751083374,0.4479871690273285,-0.10328559577465057,0.999997079372406,0.5293463468551636,0.44783806800842285,-0.1033586636185646,0.9999974370002747,0.5322166681289673,0.4477485418319702,-0.10343357175588608,0.9999972581863403,0.5224519371986389,0.4482303261756897,-0.05803003907203674,0.9999961853027344,0.5217984914779663,0.4481602907180786,-0.0580940805375576,0.9999943375587463,0.5210009813308716,0.44810763001441956,-0.058085668832063675,0.9999935626983643,0.5515470504760742,0.4505685269832611,-0.11257006227970123,0.9999979138374329,0.5293511748313904,0.4502963125705719,0.07241931557655334,0.9999878406524658,0.5297000408172607,0.4628556966781616,-0.08360869437456131,0.9999932646751404,0.5237271189689636,0.46344029903411865,-0.026137949898838997,0.9999843835830688,0.5938315987586975,0.4826456606388092,-0.20101071894168854,0.9999721050262451,0.5331847071647644,0.49541395902633667,0.23359577357769012,0.9996833205223083,0.5499808192253113,0.5278416872024536,-0.27477583289146423,0.9858819842338562,0.5141034126281738,0.5447892546653748,0.08299469202756882,0.3422839641571045,0.5136149525642395,0.48855680227279663,-0.14493054151535034,0.9525189399719238,0.5061435103416443,0.523905336856842,-0.2836170196533203,0.4464837610721588,0.5047492980957031,0.4765825867652893,-0.15691377222537994,0.9355050921440125,0.5052599906921387,0.5239368081092834,-0.31084465980529785,0.43365705013275146,0.5120279788970947,0.4707030653953552,-0.1528857946395874,0.9329484105110168,0.5083807110786438,0.5181195735931396,-0.30893340706825256,0.4250461459159851,0.5167825222015381,0.4749756455421448,-0.13488565385341644,0.9070432782173157,0.5123974084854126,0.5174609422683716,-0.2951478660106659,0.3999713957309723,0.6079686284065247,0.59937584400177,-0.15500327944755554,0.9999647736549377,0.577843964099884,0.6030098795890808,0.1552451252937317,0.9998089075088501,0.5597498416900635,0.6835371255874634,-0.32573530077934265,0.9887063503265381,0.6256381273269653,0.6805411577224731,0.30215248465538025,0.7014124989509583,0.5517612099647522,0.7784111499786377,-0.43093204498291016,0.9960508346557617,0.701835036277771,0.7438850998878479,0.4600629508495331,0.890335738658905,0.5673637390136719,0.7912051677703857,-0.4480193257331848,0.9897961616516113,0.7270408272743225,0.7477579116821289,0.4733313322067261,0.9461823105812073,0.4824957251548767,0.7978903651237488,-0.5880330801010132,0.98968505859375,0.6879727840423584,0.767695426940918,0.4286351203918457,0.8799453973770142
IMG_9678,30,988,good,0.5210140943527222,0.455595999956131,-0.05957375839352608,0.9999964833259583,0.5264983773231506,0.44813281297683716,-0.07353532314300537,0.9999971389770508,0.5290448665618896,0.4479510188102722,-0.07360724359750748,0.9999974966049194,0.5319275856018066,0.4478342533111572,-0.07370070368051529,0.9999973773956299,0.5222302079200745,0.44838666915893555,-0.03223017603158951,0.9999963045120239,0.521568775177002,0.4483126699924469,-0.032292332500219345,0.9999944567680359,0.5207622051239014,0.44826361536979675,-0.03225729987025261,0.9999937415122986,0.5506339073181152,0.450592964887619,-0.06835134327411652,0.9999979734420776,0.5291590094566345,0.4504801332950592,0.1132497563958168,0.9999880194664001,0.5293225049972534,0.46288350224494934,-0.05171588435769081,0.9999933242797852,0.523361086845398,0.4634902775287628,0.00014458681107498705,0.9999843835830688,0.5936678051948547,0.4826231002807617,-0.17176777124404907,0.9999729990959167,0.5330626964569092,0.4958614408969879,0.28069865703582764,0.9996719360351562,0.5497896671295166,0.5278604626655579,-0.23384208977222443,0.9861149191856384,0.5140060782432556,0.5456003546714783,0.11500591784715652,0.32863694429397583,0.5124149322509766,0.4899105727672577,-0.08904082328081131,0.951652467250824,0.5040454268455505,0.520811915397644,-0.25312045216560364,0.42785578966140747,0.5018519759178162,0.4783391058444977,-0.099329374730587,0.9337614178657532,0.5004989504814148,0.5211309790611267,-0.28627750277519226,0.41700372099876404,0.5094491243362427,0.47182947397232056,-0.0959329679608345,0.9310709834098816,0.5041383504867554,0.5151272416114807,-0.2781884968280792,0.4082189202308655,0.5158358216285706,0.47622692584991455,-0.07865522056818008,0.9041338562965393,0.5095789432525635,0.5160263180732727,-0.2630906105041504,0.3840424716472626,0.608478307723999,0.5993590354919434,-0.1559700071811676,0.9999658465385437,0.5781670808792114,0.6030173897743225,0.15624472498893738,0.9998122453689575,0.5600618124008179,0.683485746383667,-0.3469666540622711,0.9885980486869812,0.6267967224121094,0.6807702779769897,0.2990053594112396,0.6870741248130798,0.5519195199012756,0.7784966826438904,-0.4696500301361084,0.9960227608680725,0.7018717527389526,0.7440654635429382,0.4621579051017761,0.8839285373687744,0.5675559043884277,0.7917628884315491,-0.4875294864177704,0.9896776676177979,0.7278247475624084,0.7479222416877747,0.475722998380661,0.9418956637382507,0.482943058013916,0.7978044748306274,-0.6344506740570068,0.9899057745933533,0.687859296798706,0.7688000798225403,0.42778804898262024,0.8765240907669067
IMG_9678,31,1021,good,0.5209119319915771,0.4555318057537079,-0.06295941770076752,0.9999964833259583,0.5262845754623413,0.4481160640716553,-0.0774872899055481,0.9999971389770508,0.529025673866272,0.4479387402534485,-0.07754319161176682,0.9999974966049194,0.5321319699287415,0.44782790541648865,-0.07767073065042496,0.9999973773956299,0.5218914151191711,0.44836312532424927,-0.03370252624154091,0.9999963045120239,0.5211856961250305,0.4482946991920471,-0.03372936323285103,0.9999945163726807,0.5203126668930054,0.44825059175491333,-0.03363405540585518,0.9999938011169434,0.5507056713104248,0.45061227679252625,-0.07291858643293381,0.9999979734420776,0.5288020372390747,0.4504964351654053,0.09648589789867401,0.9999880194664001,0.5290326476097107,0.46286702156066895,-0.059062857180833817,0.9999933838844299,0.5228756666183472,0.4634554982185364,-0.011473696678876877,0.9999845027923584,0.5932912826538086,0.4827294945716858,-0.17180195450782776,0.9999724626541138,0.5325177311897278,0.49633094668388367,0.2596983313560486,0.9996698498725891,0.5493096709251404,0.528100311756134,-0.23481762409210205,0.9860789179801941,0.5132452845573425,0.5460664629936218,0.08271591365337372,0.32689183950424194,0.5114611387252808,0.49099892377853394,-0.10984470695257187,0.9505402445793152,0.5014368891716003,0.5195642709732056,-0.28588560223579407,0.4253007471561432,0.5013629198074341,0.4798062741756439,-0.1250624805688858,0.9320980310440063,0.49804168939590454,0.5200281739234924,-0.3257477581501007,0.41421282291412354,0.5075573325157166,0.47324249148368835,-0.11930248141288757,0.92934650182724,0.5014634728431702,0.5140805244445801,-0.3163265883922577,0.40494173765182495,0.5147140622138977,0.47744911909103394,-0.10052715241909027,0.901742696762085,0.5074784159660339,0.5156775116920471,-0.2943706810474396,0.38057953119277954,0.6095500588417053,0.5993778705596924,-0.15374742448329926,0.9999665021896362,0.578896164894104,0.6031650900840759,0.15400724112987518,0.9998155832290649,0.5600430369377136,0.6832922697067261,-0.3457505404949188,0.9880918264389038,0.6284086108207703,0.6806463003158569,0.2962719798088074,0.6757527589797974,0.5514717698097229,0.7784945368766785,-0.4540095627307892,0.9959333539009094,0.7026489973068237,0.7440614700317383,0.4683230221271515,0.8784006237983704,0.5670012831687927,0.7917492985725403,-0.4702349603176117,0.9894765019416809,0.7300933003425598,0.747925341129303,0.4826911687850952,0.9390401244163513,0.48337092995643616,0.7978909611701965,-0.6184697151184082,0.9898686408996582,0.6878306865692139,0.7690290808677673,0.4288656413555145,0.8734415173530579
IMG_9678,32,1054,good,0.5203148126602173,0.45553305745124817,-0.12264759093523026,0.9999961853027344,0.5258368253707886,0.448161780834198,-0.13735422492027283,0.9999967813491821,0.5288091897964478,0.448003351688385,-0.13742677867412567,0.9999971985816956,0.5321019887924194,0.44792747497558594,-0.13748469948768616,0.999997079372406,0.521227240562439,0.4483761489391327,-0.09750639647245407,0.9999958872795105,0.5205556154251099,0.4483012855052948,-0.09756743907928467,0.9999940395355225,0.5197433829307556,0.44825446605682373,-0.09754573553800583,0.9999932050704956,0.5505223870277405,0.450820654630661,-0.12428300827741623,0.9999976754188538,0.5284594893455505,0.4505141079425812,0.043149836361408234,0.9999871850013733,0.5283414125442505,0.4629130959510803,-0.11525581777095795,0.999993085861206,0.5221511125564575,0.4634694755077362,-0.0670599713921547,0.9999839663505554,0.5928488969802856,0.48313915729522705,-0.2020360678434372,0.9999709725379944,0.5322927832603455,0.4965743124485016,0.20667965710163116,0.9996693134307861,0.5491198897361755,0.5288219451904297,-0.30133670568466187,0.9862877726554871,0.5109462141990662,0.546045184135437,0.03362620994448662,0.3380916118621826,0.511332631111145,0.49113529920578003,-0.24640892446041107,0.9508786797523499,0.4997450113296509,0.5197890400886536,-0.335107684135437,0.4315938651561737,0.5007498264312744,0.47972220182418823,-0.269363671541214,0.9323667883872986,0.4972124397754669,0.5200042724609375,-0.37786078453063965,0.4175979197025299,0.5073662996292114,0.47374847531318665,-0.26438507437705994,0.929579496383667,0.5008677840232849,0.5140679478645325,-0.36887264251708984,0.40796589851379395,0.5140643119812012,0.47743189334869385,-0.23856811225414276,0.9016751050949097,0.5068192481994629,0.5156869292259216,-0.34336936473846436,0.38265863060951233,0.6112446784973145,0.6005292534828186,-0.1509198248386383,0.9999650716781616,0.5815268158912659,0.6045427322387695,0.15117217600345612,0.9998122453689575,0.5600935220718384,0.6833208799362183,-0.3321222960948944,0.9872925281524658,0.6324679851531982,0.6809216141700745,0.2941164970397949,0.6641280651092529,0.5515782237052917,0.7784865498542786,-0.43091529607772827,0.9957401752471924,0.7040557265281677,0.7451083064079285,0.4680631458759308,0.8704920411109924,0.5674474835395813,0.7916796803474426,-0.4470851719379425,0.9889806509017944,0.7303158044815063,0.7497212886810303,0.4823972284793854,0.9358015656471252,0.4881379306316376,0.7980127930641174,-0.5990360379219055,0.9894526600837708,0.6878039836883545,0.7703540325164795,0.4243232309818268,0.8680983185768127
IMG_9678,33,1087,good,0.5199148058891296,0.45561277866363525,-0.11878834664821625,0.9999961853027344,0.5257077813148499,0.4485793113708496,-0.1289561241865158,0.9999967217445374,0.5288466811180115,0.4484827518463135,-0.12901875376701355,0.9999971389770508,0.5322954654693604,0.4484989643096924,-0.12907028198242188,0.9999970197677612,0.5206691026687622,0.4487287998199463,-0.09184397011995316,0.9999958872795105,0.5198970437049866,0.4486577808856964,-0.09190332144498825,0.9999940395355225,0.5189910531044006,0.44861897826194763,-0.09186296164989471,0.9999932646751404,0.5502918362617493,0.45161229372024536,-0.10330528765916824,0.9999975562095642,0.5272203683853149,0.45100274682044983,0.04890725761651993,0.9999872446060181,0.5278511643409729,0.46312960982322693,-0.10747528821229935,0.999993085861206,0.5211954712867737,0.4635721743106842,-0.062137775123119354,0.9999843239784241,0.5920082330703735,0.4832494556903839,-0.1805374026298523,0.9999706149101257,0.5306121706962585,0.49756181240081787,0.20729127526283264,0.9996832609176636,0.5490634441375732,0.5291454195976257,-0.2781541049480438,0.9863436818122864,0.5088488459587097,0.5464438796043396,0.040667325258255005,0.35729336738586426,0.5113423466682434,0.4912302792072296,-0.23736640810966492,0.9517382979393005,0.4970892369747162,0.5197917819023132,-0.3142051696777344,0.44964027404785156,0.500585675239563,0.48028090596199036,-0.25408434867858887,0.9332113862037659,0.4941948354244232,0.520366370677948,-0.3520667254924774,0.43140387535095215,0.5074000954627991,0.4745544493198395,-0.24455145001411438,0.9303760528564453,0.4990619719028473,0.5143614411354065,-0.34921377897262573,0.4213968515396118,0.5138913989067078,0.4782353639602661,-0.22413362562656403,0.9025864601135254,0.5051254630088806,0.5161844491958618,-0.32596975564956665,0.39522576332092285,0.6132601499557495,0.6005038619041443,-0.14759217202663422,0.9999632835388184,0.5839241743087769,0.6045036315917969,0.14782728254795074,0.9998146891593933,0.5610540509223938,0.6813083291053772,-0.31925392150878906,0.9854009747505188,0.6361967325210571,0.6816675066947937,0.25009864568710327,0.6584761738777161,0.553391695022583,0.7782163619995117,-0.39138197898864746,0.9953563213348389,0.7067017555236816,0.7453904151916504,0.39813292026519775,0.8689445853233337,0.5696272850036621,0.7904424667358398,-0.40445035696029663,0.9877288341522217,0.7316365838050842,0.7499553561210632,0.40910086035728455,0.9340391159057617,0.4896659553050995,0.7973742485046387,-0.5499691963195801,0.9890297651290894,0.6960263848304749,0.7746431827545166,0.3394453823566437,0.8683838844299316
IMG_9678,34,1120,good,0.5180405974388123,0.4552522599697113,-0.07963624596595764,0.9999963641166687,0.5246452689170837,0.4485777020454407,-0.083247110247612,0.9999969005584717,0.5278151631355286,0.44848698377609253,-0.08329907059669495,0.9999972581863403,0.5313236117362976,0.4485267400741577,-0.08335219323635101,0.9999971985816956,0.5193251371383667,0.44872602820396423,-0.047620125114917755,0.9999961256980896,0.5184851884841919,0.4486539959907532,-0.04767685383558273,0.9999943375587463,0.5175950527191162,0.4486202001571655,-0.04760493338108063,0.9999936819076538,0.5488436222076416,0.4521850347518921,-0.04577558860182762,0.9999976754188538,0.5255811214447021,0.45116671919822693,0.106644406914711,0.9999879598617554,0.5253398418426514,0.4629059433937073,-0.0642181783914566,0.9999934434890747,0.5186134576797485,0.46324998140335083,-0.020134348422288895,0.9999852180480957,0.590734601020813,0.4833938181400299,-0.1404985785484314,0.9999716281890869,0.5272843241691589,0.49832883477211,0.2679392993450165,0.9996979832649231,0.5488564372062683,0.5291485786437988,-0.25535258650779724,0.9865487217903137,0.504508376121521,0.5464214086532593,0.09763933718204498,0.36766332387924194,0.5104106068611145,0.4924255907535553,-0.2254846841096878,0.9526016116142273,0.49249085783958435,0.5206382274627686,-0.2659025192260742,0.4586338400840759,0.49899473786354065,0.48095959424972534,-0.24570584297180176,0.9340269565582275,0.4861146807670593,0.5205025672912598,-0.3062276244163513,0.43797919154167175,0.5061959028244019,0.4753997325897217,-0.23757174611091614,0.9311854839324951,0.4915868639945984,0.5145542621612549,-0.2973244786262512,0.4274607002735138,0.5120720863342285,0.47922787070274353,-0.21709206700325012,0.9031490087509155,0.4982575476169586,0.5163805484771729,-0.2746337950229645,0.40114349126815796,0.6159763932228088,0.6004534959793091,-0.14782270789146423,0.9999648332595825,0.5854885578155518,0.6044994592666626,0.14806216955184937,0.9998247027397156,0.5624943375587463,0.6808950901031494,-0.3391678035259247,0.9848813414573669,0.6400390267372131,0.6821104884147644,0.2547386586666107,0.651573657989502,0.5556037425994873,0.7779318690299988,-0.4225437045097351,0.9952141046524048,0.7076655626296997,0.7456978559494019,0.41315242648124695,0.8658118844032288,0.572883665561676,0.7901825308799744,-0.4377899467945099,0.9861800074577332,0.733458936214447,0.7500196099281311,0.4248962700366974,0.92894047498703,0.49140891432762146,0.7973106503486633,-0.596322774887085,0.9890264272689819,0.6958503127098083,0.7744044065475464,0.35350579023361206,0.868488073348999
IMG_9678,35,1153,good,0.5161417722702026,0.45531654357910156,-0.08021339774131775,0.9999962449073792,0.5233189463615417,0.44879767298698425,-0.08441273123025894,0.9999967813491821,0.5266619920730591,0.4487653076648712,-0.08438027650117874,0.999997079372406,0.5305507183074951,0.44887271523475647,-0.08436906337738037,0.9999970197677612,0.5174979567527771,0.4489426910877228,-0.048022449016571045,0.9999960064888,0.516448438167572,0.44890084862709045,-0.04806601256132126,0.999994158744812,0.515411376953125,0.44888830184936523,-0.047963012009859085,0.999993622303009,0.548072099685669,0.45296990871429443,-0.05887388065457344,0.9999974370002747,0.5241349935531616,0.4515000581741333,0.09776552021503448,0.999987781047821,0.5240759253501892,0.4632105231285095,-0.07168837636709213,0.9999932646751404,0.5166829228401184,0.4634372889995575,-0.02619693987071514,0.9999851584434509,0.5897105932235718,0.48429983854293823,-0.144329234957695,0.9999681115150452,0.5248940587043762,0.4993869662284851,0.2511688768863678,0.9997056722640991,0.5483095049858093,0.5307946801185608,-0.27207377552986145,0.9863768815994263,0.4991414248943329,0.5468189120292664,0.06854966282844543,0.39449718594551086,0.508102297782898,0.49414536356925964,-0.2405846267938614,0.9524759650230408,0.48553556203842163,0.5203244686126709,-0.31106969714164734,0.4790050983428955,0.49674224853515625,0.4838997721672058,-0.26599422097206116,0.9339057207107544,0.4821537733078003,0.5137579441070557,-0.35712525248527527,0.4521055221557617,0.5044925212860107,0.47844570875167847,-0.26300209760665894,0.9309576153755188,0.48827317357063293,0.5074023008346558,-0.34214481711387634,0.44094955921173096,0.5099804401397705,0.4821583330631256,-0.23447132110595703,0.9023104906082153,0.49313342571258545,0.512347400188446,-0.31759127974510193,0.41405412554740906,0.6186855435371399,0.6005929112434387,-0.14640310406684875,0.9999620318412781,0.5875405073165894,0.6048642992973328,0.14663706719875336,0.9998250603675842,0.5624132752418518,0.680875837802887,-0.3396056592464447,0.9845687747001648,0.6392288208007812,0.6830017566680908,0.25736311078071594,0.6503952145576477,0.5548746585845947,0.7774864435195923,-0.42353853583335876,0.9951019287109375,0.7082657217979431,0.7464818358421326,0.4176175594329834,0.8633159399032593,0.5715304613113403,0.789700984954834,-0.4387379288673401,0.9852308034896851,0.7331898212432861,0.7514525055885315,0.42947468161582947,0.9256933331489563,0.4914049506187439,0.7972861528396606,-0.5969417095184326,0.9889399409294128,0.6952633261680603,0.7750509977340698,0.35396698117256165,0.8673788905143738
IMG_9678,36,1186,good,0.5141506195068359,0.45558109879493713,-0.08203742653131485,0.9999961853027344,0.5215491056442261,0.449256956577301,-0.09478285908699036,0.9999966621398926,0.5247527360916138,0.44926291704177856,-0.09479857236146927,0.9999970197677612,0.5285496711730957,0.4494052827358246,-0.0948195829987526,0.9999969601631165,0.5164272785186768,0.44935259222984314,-0.054304495453834534,0.9999959468841553,0.5156452059745789,0.449336439371109,-0.05437025800347328,0.9999940991401672,0.5148255228996277,0.4493430554866791,-0.054329775273799896,0.999993622303009,0.5462441444396973,0.45394366979599,-0.10012869536876678,0.9999972581863403,0.5241830348968506,0.4522798955440521,0.0965854823589325,0.9999878406524658,0.5222190022468567,0.46383240818977356,-0.07836074382066727,0.9999930262565613,0.5152789354324341,0.4640238583087921,-0.028487255796790123,0.9999847412109375,0.5890007019042969,0.48553699254989624,-0.18842968344688416,0.9999644756317139,0.5246725082397461,0.5003265738487244,0.22788357734680176,0.9997069239616394,0.5482913851737976,0.5320155024528503,-0.28446057438850403,0.9861721992492676,0.49661052227020264,0.5471428036689758,0.04814767464995384,0.40810808539390564,0.5064531564712524,0.49556848406791687,-0.22275972366333008,0.9517874717712402,0.48338374495506287,0.5201098918914795,-0.32730767130851746,0.4891526997089386,0.4960407316684723,0.4846677780151367,-0.24564793705940247,0.932696521282196,0.47990140318870544,0.511896014213562,-0.36929449439048767,0.457658052444458,0.5030337572097778,0.48055320978164673,-0.2421770989894867,0.9295883774757385,0.4866619408130646,0.5051167607307434,-0.358040988445282,0.4468729794025421,0.5085466504096985,0.48285892605781555,-0.21580757200717926,0.9001906514167786,0.49085482954978943,0.5078014731407166,-0.3352248966693878,0.42015573382377625,0.6191113591194153,0.6011653542518616,-0.14661090075969696,0.9999591708183289,0.5889805555343628,0.6053861379623413,0.14684805274009705,0.9998254179954529,0.5623510479927063,0.6804869174957275,-0.34128454327583313,0.9844391345977783,0.6405491232872009,0.6840121746063232,0.2734748423099518,0.6423094272613525,0.5551063418388367,0.7774963974952698,-0.4459977149963379,0.9949858784675598,0.7096738219261169,0.7473583817481995,0.4204907715320587,0.85748291015625,0.5719366669654846,0.7897061109542847,-0.4631248712539673,0.9842941761016846,0.7331486344337463,0.7544280886650085,0.434040367603302,0.9202830195426941,0.4916166067123413,0.7972874641418457,-0.6165792346000671,0.9888055920600891,0.6929122805595398,0.7752413153648376,0.3620855212211609,0.8637436628341675
IMG_9678,37,1219,good,0.513794481754303,0.4564730226993561,-0.07755313068628311,0.9999961256980896,0.5214709639549255,0.45028528571128845,-0.09208439290523529,0.999996542930603,0.524787187576294,0.4502856731414795,-0.09209766983985901,0.9999969005584717,0.5286936163902283,0.4504104256629944,-0.09212059527635574,0.9999968409538269,0.516151487827301,0.45033541321754456,-0.05246726796030998,0.9999958872795105,0.5153362154960632,0.4503220021724701,-0.05254090577363968,0.9999940395355225,0.5144766569137573,0.45031070709228516,-0.05251449719071388,0.9999936819076538,0.5463013052940369,0.4548405408859253,-0.09834180027246475,0.999997079372406,0.5241542458534241,0.45302075147628784,0.09293020516633987,0.9999879598617554,0.5223346948623657,0.4648955166339874,-0.07439915090799332,0.9999926090240479,0.5150353908538818,0.46499931812286377,-0.024985872209072113,0.9999843835830688,0.588378369808197,0.48596346378326416,-0.18331150710582733,0.9999599456787109,0.5245956778526306,0.5012532472610474,0.22140054404735565,0.9997178316116333,0.5488381385803223,0.5319808125495911,-0.2569200396537781,0.9860755205154419,0.4931503236293793,0.547311007976532,0.04635859653353691,0.4402712285518646,0.5057713389396667,0.4957301616668701,-0.1704270988702774,0.9520028829574585,0.48161259293556213,0.5180709362030029,-0.31371039152145386,0.5158326625823975,0.49581897258758545,0.485444575548172,-0.18718063831329346,0.9324584603309631,0.4785747528076172,0.5084335207939148,-0.355924516916275,0.4784243106842041,0.5027209520339966,0.4806928336620331,-0.18482257425785065,0.9290845394134521,0.4856831729412079,0.5021034479141235,-0.3435707092285156,0.4674800634384155,0.507667601108551,0.4834882318973541,-0.16369637846946716,0.8999795317649841,0.4893747866153717,0.5060595870018005,-0.32085350155830383,0.4407082200050354,0.6188852787017822,0.6011569499969482,-0.14251911640167236,0.9999532699584961,0.5889874696731567,0.6053807139396667,0.14268341660499573,0.9998220205307007,0.5603588819503784,0.6808027029037476,-0.2987038791179657,0.9834659099578857,0.6402771472930908,0.6840378642082214,0.23275013267993927,0.6400024890899658,0.5546556711196899,0.7774884104728699,-0.36978277564048767,0.9946568608283997,0.709503710269928,0.7476215958595276,0.3421497344970703,0.8561055064201355,0.5705081820487976,0.7896493077278137,-0.3828641176223755,0.9830963611602783,0.7323939204216003,0.7547013759613037,0.3496468961238861,0.9169092178344727,0.4914790391921997,0.7975899577140808,-0.519090473651886,0.9884870052337646,0.6903172731399536,0.7758143544197083,0.2830146849155426,0.8627726435661316
IMG_9678,38,1252,good,0.5140818953514099,0.45646318793296814,-0.10921946913003922,0.9999958276748657,0.521550714969635,0.4503045678138733,-0.11723627150058746,0.9999962449073792,0.5251976251602173,0.45031794905662537,-0.1172545775771141,0.9999966025352478,0.5294073820114136,0.45044970512390137,-0.11728369444608688,0.9999964833259583,0.5162877440452576,0.4503139853477478,-0.0825626477599144,0.9999956488609314,0.5154479742050171,0.45029693841934204,-0.0826391950249672,0.9999936819076538,0.5145356059074402,0.4502844512462616,-0.08260324597358704,0.9999933838844299,0.5464398860931396,0.4549127519130707,-0.0975097194314003,0.9999967217445374,0.5240035653114319,0.4529936611652374,0.06516042351722717,0.9999874234199524,0.5225487351417542,0.46488282084465027,-0.09609954804182053,0.9999919533729553,0.5152075886726379,0.46498918533325195,-0.05288195610046387,0.9999836683273315,0.5882828831672668,0.48619285225868225,-0.17676350474357605,0.9999524354934692,0.5220127105712891,0.5011138916015625,0.21163254976272583,0.9997245669364929,0.549747884273529,0.532119631767273,-0.254896879196167,0.9859999418258667,0.48663026094436646,0.5471112132072449,0.029979165643453598,0.4740839898586273,0.5044064521789551,0.4972887933254242,-0.18126271665096283,0.9506557583808899,0.4801669716835022,0.5147947669029236,-0.3335602283477783,0.5393369197845459,0.49414509534835815,0.4875379502773285,-0.2037741094827652,0.9301425814628601,0.4780927896499634,0.5057845115661621,-0.38173750042915344,0.49565577507019043,0.5009178519248962,0.48358041048049927,-0.2041282206773758,0.9265933036804199,0.48511239886283875,0.49989765882492065,-0.36446139216423035,0.48434948921203613,0.5056074261665344,0.48636847734451294,-0.17728039622306824,0.8971475958824158,0.48833730816841125,0.5023173689842224,-0.33903661370277405,0.45717450976371765,0.6176740527153015,0.6011382341384888,-0.14049032330513,0.9999457597732544,0.5880056023597717,0.6051920652389526,0.1406574696302414,0.9998170733451843,0.5568573474884033,0.6808077692985535,-0.29707133769989014,0.9825416207313538,0.6309759616851807,0.6838488578796387,0.21523800492286682,0.6413094401359558,0.5546355843544006,0.7762417793273926,-0.3485087454319,0.9943024516105652,0.7068601846694946,0.7475798726081848,0.3318312466144562,0.8570860028266907,0.5704599022865295,0.7871143817901611,-0.359494686126709,0.9821429252624512,0.7267031073570251,0.7545214891433716,0.3390848934650421,0.916502833366394,0.49527978897094727,0.7970409393310547,-0.49802613258361816,0.9879631996154785,0.6866592764854431,0.7757279276847839,0.26060131192207336,0.8621225953102112
IMG_9678,39,1285,good,0.5142908692359924,0.4558974802494049,-0.11460909247398376,0.9999951720237732,0.5217427015304565,0.4496961534023285,-0.13030558824539185,0.9999956488609314,0.525364339351654,0.4497016966342926,-0.13032229244709015,0.9999960064888,0.5295119881629944,0.44981417059898376,-0.13035523891448975,0.9999958276748657,0.5163351893424988,0.4495750665664673,-0.09052272886037827,0.9999950528144836,0.5155360698699951,0.44946518540382385,-0.09058915823698044,0.9999929070472717,0.5147384405136108,0.44932782649993896,-0.09057522565126419,0.9999927282333374,0.5466312170028687,0.4540519416332245,-0.13276778161525726,0.9999960660934448,0.5247614979743958,0.4518173933029175,0.04691173881292343,0.9999865293502808,0.5227785706520081,0.4641391932964325,-0.10962184518575668,0.9999909996986389,0.5153595805168152,0.463998019695282,-0.05964953824877739,0.9999823570251465,0.5883326530456543,0.48629167675971985,-0.20007802546024323,0.999944269657135,0.5207831859588623,0.49941620230674744,0.197443425655365,0.9997344017028809,0.5504312515258789,0.53284752368927,-0.25927457213401794,0.9857805371284485,0.4842035472393036,0.545948326587677,0.029419977217912674,0.50004643201828,0.5034275650978088,0.49747434258461,-0.18075421452522278,0.9483721852302551,0.4783726930618286,0.5132373571395874,-0.3297869563102722,0.5599939823150635,0.4937790334224701,0.4873789846897125,-0.2010161578655243,0.9270246624946594,0.47724613547325134,0.504546582698822,-0.3764035403728485,0.5116528868675232,0.5001911520957947,0.4837276041507721,-0.20268219709396362,0.9233969449996948,0.4845263361930847,0.4986055791378021,-0.36104467511177063,0.501030445098877,0.504912793636322,0.48649099469184875,-0.17625032365322113,0.8934249877929688,0.48743411898612976,0.500650942325592,-0.3355742394924164,0.4732505977153778,0.6147752404212952,0.6008877158164978,-0.14108151197433472,0.9999372959136963,0.5825019478797913,0.6038750410079956,0.14126040041446686,0.9998152256011963,0.552786648273468,0.6807563304901123,-0.30460017919540405,0.9828981757164001,0.6209266185760498,0.6838386058807373,0.23152337968349457,0.6476464867591858,0.5538249015808105,0.7739101052284241,-0.37029126286506653,0.994250476360321,0.703701376914978,0.7473654747009277,0.363692969083786,0.8588864803314209,0.5699880123138428,0.7839581370353699,-0.3824561536312103,0.9817121624946594,0.7245287895202637,0.7544565200805664,0.3725603222846985,0.916780948638916,0.4963054656982422,0.7968081831932068,-0.5212739109992981,0.9878737926483154,0.6822283267974854,0.7755758166313171,0.300594300031662,0.8631600737571716
IMG_9678,40,1318,good,0.515056848526001,0.45423081517219543,-0.11593355238437653,0.9999945759773254,0.5228586792945862,0.4481893479824066,-0.13063941895961761,0.9999951720237732,0.5266231298446655,0.44819000363349915,-0.13066644966602325,0.9999954700469971,0.5308436751365662,0.44827747344970703,-0.13070307672023773,0.9999952912330627,0.5174410939216614,0.44800230860710144,-0.09192851930856705,0.9999944567680359,0.5166714787483215,0.44785624742507935,-0.09199084341526031,0.9999920725822449,0.5159021615982056,0.44767504930496216,-0.09197188913822174,0.9999920129776001,0.5483488440513611,0.45236679911613464,-0.12261075526475906,0.9999955296516418,0.5266137719154358,0.449712872505188,0.04807977378368378,0.9999856352806091,0.5237850546836853,0.46253642439842224,-0.10841677337884903,0.9999902248382568,0.5159770846366882,0.4622595012187958,-0.05964476242661476,0.9999814629554749,0.5893930792808533,0.48594003915786743,-0.19309815764427185,0.9999427199363708,0.5209654569625854,0.4972632825374603,0.2001936286687851,0.9997462630271912,0.5500300526618958,0.5320121645927429,-0.26562896370887756,0.9855245351791382,0.48388054966926575,0.542348325252533,0.02610088139772415,0.5254808068275452,0.5035024285316467,0.495604932308197,-0.20742203295230865,0.9471643567085266,0.47911715507507324,0.5087772011756897,-0.33575865626335144,0.5819949507713318,0.4939228296279907,0.48606815934181213,-0.23042653501033783,0.925823986530304,0.47838661074638367,0.49967941641807556,-0.3855440616607666,0.5306146144866943,0.5003668665885925,0.483350932598114,-0.23250170052051544,0.9221614003181458,0.48516252636909485,0.4942905604839325,-0.3692695200443268,0.5200954079627991,0.5051426291465759,0.4861530065536499,-0.20355947315692902,0.8920448422431946,0.4885430932044983,0.4953325092792511,-0.34157389402389526,0.49127212166786194,0.609743058681488,0.6007872223854065,-0.14076600968837738,0.9999366998672485,0.5749322772026062,0.6037454009056091,0.14093340933322906,0.9998183250427246,0.5500701069831848,0.6809427738189697,-0.2933422327041626,0.9824573993682861,0.6154784560203552,0.6843457818031311,0.23224802315235138,0.6502176523208618,0.5529638528823853,0.7740938067436218,-0.35162314772605896,0.9942144751548767,0.6986251473426819,0.7462933659553528,0.37194713950157166,0.8603902459144592,0.5692885518074036,0.7844563722610474,-0.36329662799835205,0.9813812375068665,0.7350238561630249,0.7544246912002563,0.381899893283844,0.9179081916809082,0.4970690608024597,0.7971949577331543,-0.5035256147384644,0.9878958463668823,0.6824137568473816,0.7754377126693726,0.3125316798686981,0.8656318783760071
IMG_9678,41,1351,good,0.5213346481323242,0.45242592692375183,-0.11458678543567657,0.9999937415122986,0.5301888585090637,0.4464164078235626,-0.11666850745677948,0.9999944567680359,0.53471440076828,0.4464149475097656,-0.11671258509159088,0.999994695186615,0.5393548011779785,0.4465160071849823,-0.11671911925077438,0.9999946355819702,0.5226181149482727,0.4462442696094513,-0.08482552319765091,0.9999934434890747,0.5211700201034546,0.44606807827949524,-0.08490169793367386,0.9999905824661255,0.5197528004646301,0.4458675980567932,-0.08491816371679306,0.9999910593032837,0.5552644729614258,0.45069313049316406,-0.059737056493759155,0.9999945759773254,0.5286250114440918,0.44786152243614197,0.07921189814805984,0.9999836087226868,0.5305694341659546,0.46087348461151123,-0.09249552339315414,0.99998939037323,0.5206402540206909,0.4605381488800049,-0.05210702121257782,0.9999802708625793,0.5924721360206604,0.48569855093955994,-0.1293053776025772,0.9999433159828186,0.5198259353637695,0.4940890371799469,0.22455887496471405,0.999752938747406,0.5526984930038452,0.5290184020996094,-0.2795071601867676,0.9851053357124329,0.48145046830177307,0.5390915274620056,0.033329181373119354,0.5592674612998962,0.5050598382949829,0.4921211898326874,-0.3311937153339386,0.9489168524742126,0.4793696701526642,0.5038555860519409,-0.3274005949497223,0.6119359135627747,0.49589312076568604,0.4823693335056305,-0.3695630729198456,0.9285122156143188,0.4791126251220703,0.49437662959098816,-0.3793392479419708,0.558346152305603,0.5022187829017639,0.4803314507007599,-0.3634755313396454,0.924835741519928,0.48569172620773315,0.49076947569847107,-0.3606894612312317,0.547725260257721,0.5065370202064514,0.48212605714797974,-0.32787004113197327,0.8954817652702332,0.48924392461776733,0.4918712079524994,-0.33360329270362854,0.5187216401100159,0.6048606634140015,0.6006973385810852,-0.1404649317264557,0.9999361038208008,0.5636091232299805,0.6034348011016846,0.1406252533197403,0.9998049139976501,0.5467480421066284,0.6820908188819885,-0.2740080952644348,0.9821192622184753,0.5909929871559143,0.6839772462844849,0.2274750918149948,0.6644559502601624,0.552708089351654,0.774482011795044,-0.2518247067928314,0.9944615364074707,0.6796799898147583,0.7310203313827515,0.41651812195777893,0.8671622276306152,0.5673847794532776,0.7853699922561646,-0.25733238458633423,0.981041669845581,0.7035093903541565,0.7281014323234558,0.4343700408935547,0.9219621419906616,0.4910203218460083,0.7977095246315002,-0.41974854469299316,0.9884653687477112,0.682259202003479,0.7696564197540283,0.3566455841064453,0.8739227056503296
IMG_9678,42,1384,good,0.5256705284118652,0.4506339728832245,-0.08427198976278305,0.9999933838844299,0.5347828269004822,0.4443420469760895,-0.09047193080186844,0.9999939203262329,0.5393601059913635,0.4443991482257843,-0.09049326926469803,0.9999940991401672,0.5439795851707458,0.44459784030914307,-0.09048738330602646,0.9999942779541016,0.5270977020263672,0.4441918730735779,-0.055108603090047836,0.9999926090240479,0.52553391456604,0.44405487179756165,-0.05516880005598068,0.9999894499778748,0.5239664912223816,0.443907767534256,-0.055207546800374985,0.9999905228614807,0.5601679086685181,0.44877660274505615,-0.05916015803813934,0.9999938011169434,0.5332199931144714,0.4459473192691803,0.09646009653806686,0.9999825954437256,0.5350028276443481,0.4588969051837921,-0.07009552419185638,0.9999878406524658,0.5244643092155457,0.4588301181793213,-0.025454938411712646,0.9999784231185913,0.5965665578842163,0.4848005473613739,-0.13599900901317596,0.9999439716339111,0.5200149416923523,0.4925786256790161,0.24156838655471802,0.9997581243515015,0.5526320338249207,0.5233990550041199,-0.2852330207824707,0.9853626489639282,0.4797632396221161,0.5355809926986694,0.07216817140579224,0.5886243581771851,0.5073965787887573,0.4884742796421051,-0.3098953068256378,0.9525700807571411,0.4820404052734375,0.49652791023254395,-0.2480705827474594,0.640603244304657,0.4987451136112213,0.4793054163455963,-0.34181538224220276,0.9334384799003601,0.484345942735672,0.4866947829723358,-0.29980960488319397,0.5858274102210999,0.5052921175956726,0.47618475556373596,-0.34001341462135315,0.9298598766326904,0.49283844232559204,0.4816053807735443,-0.27097001671791077,0.5750704407691956,0.5093389749526978,0.4792857766151428,-0.3069835603237152,0.9021065831184387,0.49651291966438293,0.4853243827819824,-0.2510989010334015,0.546384334564209,0.6011787056922913,0.6012062430381775,-0.13336464762687683,0.9999218583106995,0.5536656379699707,0.6037129759788513,0.13336780667304993,0.9997867345809937,0.549102246761322,0.6845141053199768,-0.19484154880046844,0.9802531003952026,0.5500691533088684,0.6853572726249695,0.09442325681447983,0.6918898820877075,0.5526723861694336,0.7750338315963745,-0.128111332654953,0.9941962361335754,0.6643390655517578,0.7300578951835632,0.26950904726982117,0.8753384351730347,0.5666914582252502,0.7860890626907349,-0.1297309845685959,0.9774470925331116,0.6762807369232178,0.7181957960128784,0.28502392768859863,0.9246242046356201,0.48718562722206116,0.7986500859260559,-0.2783134877681732,0.9885994791984558,0.672728955745697,0.7630196809768677,0.23031611740589142,0.881924033164978
IMG_9678,43,1417,good,0.5309852957725525,0.44771793484687805,-0.10079047083854675,0.9999918937683105,0.5405690670013428,0.44182202219963074,-0.10162068158388138,0.9999912977218628,0.5449857115745544,0.4419117569923401,-0.10163601487874985,0.9999909996986389,0.5497942566871643,0.44213855266571045,-0.10161542892456055,0.9999915957450867,0.5326634049415588,0.4417341649532318,-0.07047109305858612,0.9999899864196777,0.5308798551559448,0.4416988492012024,-0.07050831615924835,0.9999857544898987,0.5292211174964905,0.4416510760784149,-0.07061786949634552,0.9999879598617554,0.5663062334060669,0.4469585418701172,-0.06578943133354187,0.9999918341636658,0.5377517342567444,0.44409075379371643,0.0914079025387764,0.9999772310256958,0.5397472381591797,0.4559274911880493,-0.0762084349989891,0.9999839663505554,0.5291317701339722,0.45567309856414795,-0.037080295383930206,0.9999755620956421,0.6011266112327576,0.48396825790405273,-0.13873916864395142,0.9999402165412903,0.5199167132377625,0.48947957158088684,0.23960407078266144,0.9997678399085999,0.5529865026473999,0.5153549313545227,-0.2948668897151947,0.9861478805541992,0.47794291377067566,0.530167281627655,0.06252771615982056,0.6188796758651733,0.5142778158187866,0.4858625531196594,-0.32549330592155457,0.9562563300132751,0.48841020464897156,0.49379003047943115,-0.2637077569961548,0.669989824295044,0.5054592490196228,0.47409671545028687,-0.36206966638565063,0.9381325244903564,0.4932252764701843,0.4854220449924469,-0.30687415599823,0.6143414974212646,0.5132043957710266,0.4725698232650757,-0.3609316945075989,0.9346786737442017,0.5019670724868774,0.4812842309474945,-0.29160064458847046,0.6036907434463501,0.5173192620277405,0.4772140085697174,-0.3236369490623474,0.9084237813949585,0.5056967735290527,0.48331019282341003,-0.270155131816864,0.5757720470428467,0.5956915616989136,0.6018041968345642,-0.1262395679950714,0.9999088048934937,0.5433741211891174,0.6039323806762695,0.1261274516582489,0.9997929930686951,0.5501092076301575,0.687686026096344,-0.19893087446689606,0.9809455275535583,0.5236232280731201,0.6860641837120056,0.06849715858697891,0.7171394228935242,0.5909423232078552,0.7647257447242737,0.013541992753744125,0.991832435131073,0.5570037961006165,0.7621310353279114,0.18596282601356506,0.8845570683479309,0.5775870084762573,0.7835612893104553,0.029093792662024498,0.9612705111503601,0.5730445981025696,0.7747219800949097,0.19139881432056427,0.924285352230072,0.5522181391716003,0.7938365340232849,-0.09079375118017197,0.9869124889373779,0.5060036778450012,0.7866823673248291,0.08862172067165375,0.8904107213020325
IMG_9678,44,1450,good,0.5379464626312256,0.4467615485191345,-0.04404766112565994,0.9999913573265076,0.5471420884132385,0.44059279561042786,-0.04996184632182121,0.9999908804893494,0.5515685677528381,0.44068390130996704,-0.04998201131820679,0.9999906420707703,0.5563191175460815,0.44089066982269287,-0.05000610649585724,0.9999914765357971,0.5390331149101257,0.4406570792198181,-0.011958957649767399,0.9999890327453613,0.5371811985969543,0.4406430423259735,-0.012011097744107246,0.9999845623970032,0.535415530204773,0.4406149387359619,-0.01205277256667614,0.9999873042106628,0.5734171271324158,0.44541943073272705,-0.016854364424943924,0.9999914169311523,0.544353187084198,0.4428762197494507,0.15412984788417816,0.9999759793281555,0.5472461581230164,0.4546065628528595,-0.027142111212015152,0.9999819397926331,0.535612940788269,0.4546475410461426,0.020981449633836746,0.9999716281890869,0.6066375970840454,0.4834284484386444,-0.1033233180642128,0.9999409914016724,0.522847056388855,0.48844248056411743,0.3039625883102417,0.9997621774673462,0.5485560297966003,0.5145410895347595,-0.25302353501319885,0.9856959581375122,0.47925448417663574,0.5284618735313416,0.12833629548549652,0.6378364562988281,0.5158726572990417,0.48083677887916565,-0.23268821835517883,0.9587924480438232,0.4980698823928833,0.4928336441516876,-0.1863589584827423,0.6921689510345459,0.5097602605819702,0.4692835211753845,-0.25683513283729553,0.9415205717086792,0.5038341879844666,0.483029305934906,-0.23530292510986328,0.6349532604217529,0.5171586275100708,0.4679583013057709,-0.2559443414211273,0.9380766749382019,0.5151373147964478,0.47955965995788574,-0.20675377547740936,0.6242613792419434,0.5207033157348633,0.4726294279098511,-0.2292747050523758,0.9128863215446472,0.5156477093696594,0.481290340423584,-0.1899130791425705,0.5963196754455566,0.5898432731628418,0.6022130846977234,-0.12748698890209198,0.9998987317085266,0.5371653437614441,0.6035045981407166,0.12741996347904205,0.9997758865356445,0.5496315360069275,0.6893482804298401,-0.19738084077835083,0.9804948568344116,0.49774599075317383,0.6824628710746765,0.016399843618273735,0.7428778409957886,0.5707876682281494,0.7703405618667603,-0.05568868666887283,0.9917638897895813,0.5930009484291077,0.7419411540031433,0.2403269112110138,0.891181230545044,0.568017303943634,0.7873342037200928,-0.050425343215465546,0.9546362161636353,0.6159653067588806,0.7412202954292297,0.2594781517982483,0.925106406211853,0.5147067308425903,0.7949245572090149,-0.19774077832698822,0.9870235919952393,0.5828582644462585,0.7791619300842285,0.20231516659259796,0.8966113328933716
IMG_9678,45,1483,good,0.5447023510932922,0.4462701082229614,-0.10285858809947968,0.9999850988388062,0.5549070835113525,0.4400469660758972,-0.10873421281576157,0.9999856352806091,0.5595299601554871,0.44020354747772217,-0.10886677354574203,0.9999862313270569,0.5646145939826965,0.44042035937309265,-0.10895681381225586,0.9999879598617554,0.5457854866981506,0.43972525000572205,-0.07114250212907791,0.9999813437461853,0.5438023209571838,0.43963730335235596,-0.07117248326539993,0.9999744296073914,0.5420172214508057,0.43952247500419617,-0.07129921764135361,0.9999783635139465,0.5823748111724854,0.4448220133781433,-0.05124709755182266,0.9999871253967285,0.549719512462616,0.4418906271457672,0.1228894516825676,0.9999620318412781,0.5535139441490173,0.4544643461704254,-0.07805085927248001,0.9999676942825317,0.541433572769165,0.45422956347465515,-0.030237480998039246,0.9999469518661499,0.6123085618019104,0.4825076758861542,-0.11110637336969376,0.9999300837516785,0.5280582904815674,0.48580169677734375,0.2843300402164459,0.9996970891952515,0.5486277341842651,0.5139088034629822,-0.3221008777618408,0.9844616055488586,0.4826306402683258,0.5262224078178406,0.10400646179914474,0.6383023858070374,0.5245988965034485,0.4777539074420929,-0.36845847964286804,0.9590853452682495,0.506165087223053,0.49140092730522156,-0.2294766902923584,0.700114905834198,0.5209090113639832,0.4651924967765808,-0.3984821140766144,0.9420516490936279,0.5125731229782104,0.48317059874534607,-0.2769952118396759,0.6411594748497009,0.5287612676620483,0.4636407196521759,-0.3971068561077118,0.9384316205978394,0.5232376456260681,0.4773082733154297,-0.25429782271385193,0.6299324631690979,0.5308192372322083,0.4686560332775116,-0.36535149812698364,0.9125805497169495,0.5236616730690002,0.47862371802330017,-0.2339668720960617,0.6008268594741821,0.5840504169464111,0.6021164059638977,-0.12848596274852753,0.999884307384491,0.5300737619400024,0.6002478003501892,0.12845909595489502,0.999747097492218,0.5480761528015137,0.6904900074005127,-0.22640438377857208,0.9728022813796997,0.46334508061408997,0.6664795279502869,-0.017536234110593796,0.7564740180969238,0.5569151639938354,0.773248016834259,-0.16769881546497345,0.9873226284980774,0.5539652109146118,0.7420215010643005,0.15518926084041595,0.8752605319023132,0.559777021408081,0.7891989946365356,-0.16944098472595215,0.9384151101112366,0.574894368648529,0.7439467906951904,0.16956093907356262,0.9072526097297668,0.48959457874298096,0.7949789762496948,-0.30116721987724304,0.9827706217765808,0.5327620506286621,0.77825927734375,0.1013326346874237,0.8854279518127441
IMG_9678,46,1516,good,0.5515080690383911,0.44642478227615356,-0.18556824326515198,0.9999182224273682,0.5616881847381592,0.4401879906654358,-0.1911524534225464,0.9999278783798218,0.5662696361541748,0.44035694003105164,-0.1913088858127594,0.9999432563781738,0.571196973323822,0.440594345331192,-0.19140636920928955,0.9999515414237976,0.5526741147041321,0.43979620933532715,-0.1573052555322647,0.9998994469642639,0.5508101582527161,0.4396427869796753,-0.15733611583709717,0.9998694062232971,0.5490652322769165,0.4394887685775757,-0.15746860206127167,0.9998831152915955,0.5897018313407898,0.44497910141944885,-0.13700121641159058,0.9999151825904846,0.5557001233100891,0.44206899404525757,0.016529878601431847,0.9998654723167419,0.5593634247779846,0.45450836420059204,-0.16040542721748352,0.9998515248298645,0.547508180141449,0.45416828989982605,-0.11671880632638931,0.9997565150260925,0.6186389327049255,0.4823833107948303,-0.1783415824174881,0.9998766779899597,0.5304322242736816,0.48508748412132263,0.19116073846817017,0.9993849396705627,0.5501695871353149,0.513456404209137,-0.38483718037605286,0.9798380732536316,0.4899185299873352,0.5227789282798767,0.21534615755081177,0.6214603185653687,0.5334870219230652,0.4760695695877075,-0.4876079559326172,0.9533554911613464,0.5205946564674377,0.4880061149597168,0.12708234786987305,0.681593120098114,0.5295820832252502,0.46466460824012756,-0.5209109783172607,0.9366041421890259,0.5323484539985657,0.4815395474433899,0.11170806735754013,0.6222097277641296,0.5383267402648926,0.4630506932735443,-0.5219733119010925,0.9324392080307007,0.540180504322052,0.4763893485069275,0.12591223418712616,0.6100738644599915,0.5408207774162292,0.46637898683547974,-0.48715922236442566,0.9028989672660828,0.5361965298652649,0.47836601734161377,0.12778709828853607,0.5801206231117249,0.5751412510871887,0.6022123694419861,-0.1251140981912613,0.9998287558555603,0.5199469923973083,0.5986416935920715,0.1253080517053604,0.9995842576026917,0.5452961921691895,0.6922757625579834,-0.18669845163822174,0.9685298800468445,0.4297434687614441,0.6385726928710938,-0.05848543345928192,0.7740458250045776,0.5501754283905029,0.7747876048088074,-0.15197934210300446,0.9862031936645508,0.5242297649383545,0.7007970213890076,0.20081064105033875,0.8516902923583984,0.5583044290542603,0.7899592518806458,-0.15671880543231964,0.9303621053695679,0.5441551804542542,0.7028294205665588,0.2243695855140686,0.8851320743560791,0.48337656259536743,0.7951029539108276,-0.31745755672454834,0.9811288714408875,0.5093210935592651,0.7302436828613281,0.16913533210754395,0.8692359328269958
IMG_9678,47,1549,good,0.5599642992019653,0.4460795521736145,-0.1608278453350067,0.9999064803123474,0.5712200403213501,0.44015511870384216,-0.16094626486301422,0.9999112486839294,0.5762225389480591,0.44043174386024475,-0.1610923856496811,0.9999297261238098,0.5812983512878418,0.44072750210762024,-0.16118869185447693,0.9999425411224365,0.5613453984260559,0.4394580125808716,-0.1322004646062851,0.9998748302459717,0.5590620636940002,0.4392123818397522,-0.13222430646419525,0.9998396635055542,0.5569931864738464,0.4389803409576416,-0.1323021650314331,0.9998602867126465,0.5988494157791138,0.4451691508293152,-0.09480748325586319,0.9998828172683716,0.5628501772880554,0.4419553875923157,0.0326012559235096,0.999848484992981,0.5677840113639832,0.45418626070022583,-0.13329407572746277,0.9998226165771484,0.554477870464325,0.4535801410675049,-0.09631572663784027,0.999737560749054,0.6242871880531311,0.4823459982872009,-0.11741038411855698,0.9998669624328613,0.5337194800376892,0.48519182205200195,0.2016545832157135,0.9993166923522949,0.560790479183197,0.5106418132781982,-0.30585357546806335,0.9785012602806091,0.4968651533126831,0.5222329497337341,0.3884482681751251,0.6086716055870056,0.5384432077407837,0.4774579703807831,-0.3792363703250885,0.9538531303405762,0.5310028791427612,0.48644378781318665,0.5157176852226257,0.6632715463638306,0.5347561240196228,0.4665791392326355,-0.40832382440567017,0.9362709522247314,0.5429903864860535,0.48245781660079956,0.5281276106834412,0.5996617078781128,0.5431102514266968,0.4646874666213989,-0.4117216467857361,0.9317743182182312,0.5461757183074951,0.47817927598953247,0.5333463549613953,0.5871174931526184,0.5452603101730347,0.46810537576675415,-0.3795420527458191,0.9007213711738586,0.5409623384475708,0.4805048108100891,0.518975019454956,0.5584282875061035,0.5703697204589844,0.6021760702133179,-0.0952233374118805,0.9998013377189636,0.5159721970558167,0.5954571962356567,0.09576831012964249,0.9995852708816528,0.5433273911476135,0.6934643387794495,-0.11339884251356125,0.9680643677711487,0.42114394903182983,0.6125165224075317,-0.3512006402015686,0.7953892350196838,0.5478812456130981,0.7765583395957947,-0.011727700009942055,0.985447108745575,0.49734824895858765,0.688264012336731,-0.26395660638809204,0.8607196807861328,0.5529340505599976,0.7899801135063171,-0.009792539291083813,0.9231013059616089,0.5114479064941406,0.7068629264831543,-0.25945937633514404,0.8849875926971436,0.49477487802505493,0.7945719361305237,-0.19601640105247498,0.9795511364936829,0.4818449318408966,0.726954460144043,-0.4047984480857849,0.877413272857666
IMG_9678,48,1582,good,0.5668268799781799,0.4463236331939697,-0.14745666086673737,0.9998947381973267,0.5782155990600586,0.4403238892555237,-0.14915210008621216,0.999894380569458,0.5832998156547546,0.4405493438243866,-0.14925925433635712,0.9999155402183533,0.5887002944946289,0.44078701734542847,-0.14933228492736816,0.9999334812164307,0.56754469871521,0.4396400451660156,-0.1190921887755394,0.9998478889465332,0.5651604533195496,0.4393857717514038,-0.11911947280168533,0.9998055696487427,0.5629329681396484,0.4391062259674072,-0.11916834861040115,0.9998337030410767,0.6071194410324097,0.4453152120113373,-0.0734294056892395,0.9998420476913452,0.5693807601928711,0.44204774498939514,0.04261501505970955,0.9998276829719543,0.5759403705596924,0.4544720947742462,-0.1235659271478653,0.999793291091919,0.5608440637588501,0.4538937211036682,-0.0839410200715065,0.9997081160545349,0.6325028538703918,0.483178049325943,-0.1028919667005539,0.9998617768287659,0.5369883179664612,0.4849731922149658,0.20783546566963196,0.9992648959159851,0.5692936182022095,0.5113903880119324,-0.2783466875553131,0.9773476123809814,0.5005964040756226,0.5241761803627014,0.430612176656723,0.5782496929168701,0.5448588728904724,0.47813522815704346,-0.35474643111228943,0.9553024768829346,0.5245755910873413,0.49219465255737305,0.5697088837623596,0.6398008465766907,0.5413054823875427,0.4673345685005188,-0.38078004121780396,0.9374947547912598,0.5319386720657349,0.4987668991088867,0.5879481434822083,0.5768824815750122,0.5489055514335632,0.4656689465045929,-0.3821468949317932,0.9328527450561523,0.5368341207504272,0.4951857626438141,0.5846911668777466,0.5642236471176147,0.5511549115180969,0.4688795804977417,-0.35417667031288147,0.9011467099189758,0.534213662147522,0.49730584025382996,0.5709466934204102,0.5368419289588928,0.5634246468544006,0.6023960113525391,-0.08863868564367294,0.9997905492782593,0.5074245929718018,0.592014729976654,0.08913715928792953,0.9995856285095215,0.5380032658576965,0.6927580237388611,-0.12103012949228287,0.9686630368232727,0.40283527970314026,0.5975306034088135,-0.3569832444190979,0.8148954510688782,0.5476465821266174,0.7766120433807373,-0.053792279213666916,0.9858876466751099,0.478621244430542,0.6683003902435303,-0.21378929913043976,0.8693318963050842,0.5541914701461792,0.7900403141975403,-0.054163917899131775,0.9209056496620178,0.49712857604026794,0.6766768097877502,-0.20241577923297882,0.8860166072845459,0.5045222043991089,0.7939922213554382,-0.24109505116939545,0.9798352122306824,0.4669361114501953,0.6976906061172485,-0.3285394310951233,0.8850408792495728
IMG_9678,49,1615,good,0.5720677375793457,0.44637393951416016,-0.15754179656505585,0.9998968839645386,0.5827526450157166,0.44070732593536377,-0.16206416487693787,0.9998941421508789,0.5876643657684326,0.44105157256126404,-0.16221195459365845,0.9999157190322876,0.5929850339889526,0.44141215085983276,-0.16234734654426575,0.999933660030365,0.5736870169639587,0.43996354937553406,-0.13177773356437683,0.9998475313186646,0.5718062520027161,0.43969589471817017,-0.13179948925971985,0.9998060464859009,0.569776177406311,0.4394108057022095,-0.13183753192424774,0.9998312592506409,0.6127490401268005,0.4461079239845276,-0.10385072976350784,0.9998424649238586,0.5772315263748169,0.44264310598373413,0.027394648641347885,0.9998295903205872,0.5799484252929688,0.4545559585094452,-0.13325323164463043,0.9997972249984741,0.5672904849052429,0.45403188467025757,-0.09439781308174133,0.9997096657752991,0.6376098394393921,0.48511335253715515,-0.1323022097349167,0.9998627305030823,0.543178915977478,0.4846593737602234,0.19614702463150024,0.9992707967758179,0.5768150687217712,0.5130506157875061,-0.3018122613430023,0.9752404093742371,0.5029094219207764,0.5249578356742859,0.3232932984828949,0.5430803298950195,0.5541011095046997,0.478809654712677,-0.3431042730808258,0.9541807174682617,0.5290180444717407,0.4976559579372406,0.34450894594192505,0.6059950590133667,0.5530657768249512,0.4680522680282593,-0.3694125711917877,0.9350425601005554,0.5356849431991577,0.5073298215866089,0.35206443071365356,0.5476240515708923,0.5583046078681946,0.4660084843635559,-0.370772123336792,0.9300749897956848,0.5437398552894592,0.504635214805603,0.35780900716781616,0.5342901945114136,0.5615019798278809,0.46941670775413513,-0.3408927023410797,0.8961901664733887,0.5432751774787903,0.5062478184700012,0.34628188610076904,0.5082346200942993,0.555549144744873,0.6023881435394287,-0.09700334817171097,0.9997910261154175,0.5002718567848206,0.5891675353050232,0.09739813953638077,0.9996033310890198,0.5290526747703552,0.6913117170333862,-0.13667315244674683,0.9702917337417603,0.38313645124435425,0.5832153558731079,-0.1900169998407364,0.8326898813247681,0.5521013140678406,0.7759561538696289,-0.08168461918830872,0.9867132902145386,0.43006008863449097,0.6605436205863953,-0.010954882949590683,0.8791279196739197,0.566091001033783,0.7881872057914734,-0.08260904252529144,0.9226352572441101,0.4553152918815613,0.6714934706687927,0.0036474077496677637,0.8908292055130005,0.5059166550636292,0.79396653175354,-0.2673773169517517,0.9807935953140259,0.3982904851436615,0.6844832897186279,-0.09876780956983566,0.8926486968994141
IMG_9678,50,1648,good,0.5772169232368469,0.447885662317276,-0.1543080359697342,0.9999053478240967,0.5880092978477478,0.44242724776268005,-0.15365025401115417,0.9999027848243713,0.5923612117767334,0.4428730607032776,-0.1537831723690033,0.999922513961792,0.5972481369972229,0.4433669149875641,-0.15389510989189148,0.9999390840530396,0.5790499448776245,0.4415014982223511,-0.12493844330310822,0.9998602867126465,0.5769858956336975,0.4411763548851013,-0.12495850771665573,0.999822199344635,0.5749030709266663,0.4408811628818512,-0.1250399500131607,0.9998447299003601,0.6175635457038879,0.44862252473831177,-0.11054559051990509,0.9998565316200256,0.5823469758033752,0.4441646337509155,0.03204789757728577,0.9998437762260437,0.583497166633606,0.45603156089782715,-0.12613411247730255,0.9998136162757874,0.572403073310852,0.4554368853569031,-0.09371159970760345,0.9997311234474182,0.640535831451416,0.4878474771976471,-0.1469191610813141,0.999869167804718,0.5496801137924194,0.4844721853733063,0.20021601021289825,0.999299943447113,0.5780852437019348,0.5137358903884888,-0.23577682673931122,0.9733949303627014,0.507297933101654,0.5224438309669495,0.25047171115875244,0.509499728679657,0.5577824711799622,0.48079222440719604,-0.08251082897186279,0.9474520683288574,0.5304995775222778,0.5101937651634216,0.16760306060314178,0.5661054849624634,0.5586930513381958,0.46852007508277893,-0.07732425630092621,0.9238499999046326,0.5333666205406189,0.5126350522041321,0.18792593479156494,0.5130754709243774,0.5629221200942993,0.46607330441474915,-0.07757093012332916,0.9179226756095886,0.544114351272583,0.5117231011390686,0.19461387395858765,0.4992454946041107,0.5654907822608948,0.47159773111343384,-0.07294764369726181,0.8803924322128296,0.5452544093132019,0.5131018161773682,0.16812360286712646,0.47546395659446716,0.5486493110656738,0.6022752523422241,-0.09964544326066971,0.9998034238815308,0.4943592846393585,0.5861014723777771,0.09999076277017593,0.9996325969696045,0.5236053466796875,0.6893054246902466,-0.17377246916294098,0.9728012681007385,0.37236252427101135,0.5712504982948303,-0.07891661673784256,0.8489709496498108,0.5535883903503418,0.7755945920944214,-0.16738951206207275,0.9878159165382385,0.39683154225349426,0.6568573713302612,0.14810311794281006,0.889596700668335,0.5710148215293884,0.7880529761314392,-0.17135246098041534,0.9276626706123352,0.41858983039855957,0.6715933680534363,0.16661189496517181,0.8980061411857605,0.5074037909507751,0.7937981486320496,-0.3575859069824219,0.9822964668273926,0.3386063873767853,0.6745567321777344,0.09069779515266418,0.9009367823600769
IMG_9678,51,1681,good,0.5825912356376648,0.4519215524196625,-0.09841812402009964,0.9999105334281921,0.5934900045394897,0.447170615196228,-0.10775104910135269,0.9999071359634399,0.597884476184845,0.447658896446228,-0.10782322287559509,0.9999252557754517,0.6028546690940857,0.4481599032878876,-0.10796106606721878,0.9999411702156067,0.5845555663108826,0.4457385540008545,-0.07241401821374893,0.9998676776885986,0.5822665095329285,0.4453364908695221,-0.07242699712514877,0.9998312592506409,0.5801520347595215,0.44495975971221924,-0.07241275906562805,0.9998512864112854,0.6233729720115662,0.45338720083236694,-0.07761009782552719,0.9998633861541748,0.5871772170066833,0.4481005370616913,0.08670645207166672,0.9998496770858765,0.5882672071456909,0.46021392941474915,-0.07953288406133652,0.9998152852058411,0.5777134895324707,0.45935583114624023,-0.034693602472543716,0.9997285008430481,0.6461595892906189,0.4915119409561157,-0.10745792835950851,0.9998641610145569,0.5537158846855164,0.4846692681312561,0.22816742956638336,0.9992943406105042,0.5872371196746826,0.5141294002532959,-0.1584840565919876,0.9702182412147522,0.506012499332428,0.5223512649536133,0.20534539222717285,0.5115641355514526,0.5609986186027527,0.48289376497268677,-0.0032186415046453476,0.9432253837585449,0.5362536311149597,0.5086842179298401,0.08195400983095169,0.564505934715271,0.5601144433021545,0.4712791442871094,0.008314814418554306,0.9159964323043823,0.5457196831703186,0.5114930868148804,0.08074043691158295,0.5052605271339417,0.5656318664550781,0.471110075712204,0.011574906297028065,0.9091286659240723,0.5567616820335388,0.5096687078475952,0.10474076122045517,0.4890192747116089,0.5659052133560181,0.47694000601768494,0.007948096841573715,0.8697001338005066,0.5553209781646729,0.51148521900177,0.08679205924272537,0.4663061201572418,0.541838526725769,0.6022897958755493,-0.10294699668884277,0.9998114109039307,0.48907995223999023,0.582952082157135,0.10322082787752151,0.9996570348739624,0.5202611088752747,0.6885716915130615,-0.21881310641765594,0.9750182628631592,0.36523887515068054,0.561525285243988,-0.060611505061388016,0.8635417222976685,0.5540927648544312,0.7757587432861328,-0.21215343475341797,0.9886975288391113,0.34950605034828186,0.6448149085044861,0.15146003663539886,0.8990545272827148,0.570593535900116,0.7880297899246216,-0.21571747958660126,0.9316152930259705,0.3635285198688507,0.6649025082588196,0.1694025993347168,0.9053750038146973,0.5095301866531372,0.7938290238380432,-0.3843056559562683,0.9833373427391052,0.28960171341896057,0.6537095904350281,0.10076924413442612,0.9080716967582703
IMG_9678,52,1714,good,0.5883287191390991,0.4583441913127899,-0.024507446214556694,0.9999104142189026,0.5994521975517273,0.45343953371047974,-0.0422913022339344,0.9999039173126221,0.6036679744720459,0.4539690315723419,-0.042317479848861694,0.9999208450317383,0.6084626913070679,0.4544942080974579,-0.042435456067323685,0.9999364018440247,0.5906797051429749,0.45206183195114136,-0.0021920627914369106,0.9998669028282166,0.5884563326835632,0.45163822174072266,-0.0021966220811009407,0.9998306035995483,0.5863356590270996,0.4512762129306793,-0.002184964483603835,0.9998490214347839,0.6288791298866272,0.4595146179199219,-0.04117344319820404,0.9998614192008972,0.5927750468254089,0.45439454913139343,0.14343176782131195,0.9998433589935303,0.5933896899223328,0.4664676785469055,-0.016440140083432198,0.9997876286506653,0.5831401348114014,0.46605655550956726,0.035623639822006226,0.9996833801269531,0.6502957344055176,0.4970933794975281,-0.08859825879335403,0.9998603463172913,0.5592952370643616,0.4853771924972534,0.27549511194229126,0.9992698431015015,0.5858031511306763,0.5203064680099487,-0.10314847528934479,0.9678919315338135,0.5058152079582214,0.5227559804916382,0.20626407861709595,0.510028064250946,0.5612596869468689,0.4854241609573364,0.10330052673816681,0.9398241639137268,0.5362738370895386,0.5091019868850708,0.0540008507668972,0.5578622221946716,0.5603768825531006,0.47579407691955566,0.11754316836595535,0.9087138772010803,0.5441968441009521,0.5146110653877258,0.03900708258152008,0.4936123490333557,0.5669742226600647,0.47381487488746643,0.121793732047081,0.9008599519729614,0.5553262233734131,0.5121081471443176,0.057744573801755905,0.47579291462898254,0.5674083232879639,0.4795038402080536,0.11582506448030472,0.8601071834564209,0.554017961025238,0.5138494372367859,0.054968591779470444,0.4558406174182892,0.5343486070632935,0.6025189757347107,-0.10841148346662521,0.9998035430908203,0.4823831617832184,0.5818828344345093,0.10837957262992859,0.9996696710586548,0.517198383808136,0.6885677576065063,-0.21870054304599762,0.9770659804344177,0.36306652426719666,0.5531951785087585,-0.028446989133954048,0.8761207461357117,0.5530698895454407,0.776307225227356,-0.2053169459104538,0.9893587827682495,0.30008456110954285,0.6297435760498047,0.155146524310112,0.9067775011062622,0.5707398653030396,0.7891120314598083,-0.20776787400245667,0.9333633184432983,0.31196263432502747,0.6523638367652893,0.17198887467384338,0.9117898344993591,0.5047603845596313,0.7940366864204407,-0.3707081377506256,0.9839064478874207,0.23516122996807098,0.6332077980041504,0.11075031757354736,0.9132280349731445
IMG_9678,53,1747,good,0.5943286418914795,0.46453070640563965,-0.03371252492070198,0.9999101758003235,0.6062900424003601,0.4596147835254669,-0.04973037913441658,0.9999008178710938,0.6104879379272461,0.4602203667163849,-0.049759842455387115,0.9999160170555115,0.6154376864433289,0.46088626980781555,-0.04985964298248291,0.9999310970306396,0.597038745880127,0.45816436409950256,-0.009297385811805725,0.999864399433136,0.5946757793426514,0.45769134163856506,-0.009305723011493683,0.999828040599823,0.5924656987190247,0.4573467969894409,-0.009317886084318161,0.9998457431793213,0.6357534527778625,0.4660298824310303,-0.043549682945013046,0.9998580813407898,0.5985557436943054,0.46041640639305115,0.14297814667224884,0.9998305439949036,0.5992899537086487,0.4729119539260864,-0.024279681965708733,0.9997606873512268,0.5885878801345825,0.4723876714706421,0.028398606926202774,0.9996439814567566,0.655105471611023,0.505060076713562,-0.08030921220779419,0.9998554587364197,0.5650927424430847,0.48833346366882324,0.2722451388835907,0.9992770552635193,0.5885545611381531,0.5292813181877136,-0.12507550418376923,0.9671027660369873,0.5070003867149353,0.523228645324707,0.16931955516338348,0.5137172937393188,0.5679807066917419,0.48963654041290283,0.015590641647577286,0.9406013488769531,0.5359506607055664,0.5090493559837341,-0.06765218079090118,0.56327223777771,0.5688846707344055,0.4788931608200073,0.018091846257448196,0.9084807634353638,0.5455734729766846,0.5130003094673157,-0.09584812819957733,0.49467626214027405,0.5745176076889038,0.47780662775039673,0.028930403292179108,0.9002310633659363,0.5571433901786804,0.510068416595459,-0.08375661075115204,0.4755513668060303,0.5752213597297668,0.48146647214889526,0.028655461966991425,0.858296811580658,0.5525975823402405,0.5134888887405396,-0.07115596532821655,0.4567866921424866,0.530182421207428,0.6028079986572266,-0.10897005349397659,0.9997830390930176,0.47879305481910706,0.5800652503967285,0.10903087258338928,0.9996805191040039,0.5151413679122925,0.6877954602241516,-0.21561002731323242,0.9790650606155396,0.35948678851127625,0.5492856502532959,-0.05128363147377968,0.8878065347671509,0.5524449348449707,0.7762535214424133,-0.19418947398662567,0.9900603890419006,0.25533822178840637,0.6121190786361694,0.08444810658693314,0.9148465394973755,0.570101261138916,0.7892321944236755,-0.1973717212677002,0.9351547360420227,0.2573714852333069,0.6328343152999878,0.09665736556053162,0.9186157584190369,0.5091187357902527,0.7933286428451538,-0.36871692538261414,0.9845873713493347,0.1883525848388672,0.605289101600647,0.01788746751844883,0.9194228649139404
IMG_9678,54,1780,good,0.6010790467262268,0.4695465564727783,-0.029651924967765808,0.9999030828475952,0.6133482456207275,0.46487078070640564,-0.04341067746281624,0.9998933672904968,0.6176427602767944,0.46540603041648865,-0.043479010462760925,0.9999076128005981,0.6222243905067444,0.46589094400405884,-0.04359103739261627,0.9999225735664368,0.6036330461502075,0.46365419030189514,-0.0021628164686262608,0.9998526573181152,0.6013001799583435,0.46332016587257385,-0.0021576988510787487,0.9998151659965515,0.598970353603363,0.46300727128982544,-0.002181481570005417,0.999830424785614,0.6418179273605347,0.4709516167640686,-0.03532932326197624,0.9998552799224854,0.6055165529251099,0.46595150232315063,0.1558445245027542,0.9997993111610413,0.606916069984436,0.47766414284706116,-0.020098350942134857,0.999722421169281,0.5954727530479431,0.4773366153240204,0.03367817774415016,0.9995853900909424,0.658843994140625,0.5132318735122681,-0.077238067984581,0.999859631061554,0.5710359811782837,0.4909610450267792,0.28384512662887573,0.9992972016334534,0.5894057154655457,0.5403910875320435,-0.15521635115146637,0.966529130935669,0.511940598487854,0.5233111381530762,0.17871065437793732,0.4867595434188843,0.5715279579162598,0.4968022406101227,-0.05491546913981438,0.9385757446289062,0.5382080078125,0.5256308913230896,-0.07409655302762985,0.5357639193534851,0.5710994005203247,0.48679327964782715,-0.06375224143266678,0.9056288003921509,0.5433329939842224,0.5280261635780334,-0.10293656587600708,0.47245875000953674,0.5797136425971985,0.48520466685295105,-0.04987965151667595,0.8970922231674194,0.5545845627784729,0.5253420472145081,-0.10144802182912827,0.4541337192058563,0.5792905688285828,0.48941564559936523,-0.04217294976115227,0.8516761660575867,0.5522106885910034,0.5259270071983337,-0.082170769572258,0.4371632933616638,0.5261768102645874,0.6031590700149536,-0.11110445857048035,0.9997862577438354,0.47530269622802734,0.5775102972984314,0.1111120879650116,0.9997017979621887,0.5139259099960327,0.6876771450042725,-0.2240910530090332,0.9809736609458923,0.3564065992832184,0.5479077696800232,-0.09095112234354019,0.8980675339698792,0.5499556660652161,0.7762651443481445,-0.20529940724372864,0.9908021688461304,0.21797198057174683,0.5892988443374634,-0.019973937422037125,0.9224495887756348,0.5621756911277771,0.7891528010368347,-0.20724067091941833,0.9376441836357117,0.20925858616828918,0.6078423261642456,-0.01579505391418934,0.925021231174469,0.51302570104599,0.7931315898895264,-0.37040621042251587,0.9854754209518433,0.15376031398773193,0.5674458742141724,-0.121164970099926,0.9258341789245605
IMG_9678,55,1813,good,0.6064386367797852,0.47488367557525635,-0.050103168934583664,0.9998956322669983,0.6178659796714783,0.4703657627105713,-0.06308584660291672,0.9998895525932312,0.6224804520606995,0.4707547724246979,-0.06316695362329483,0.9999008774757385,0.6274233460426331,0.4710637927055359,-0.06327415257692337,0.9999170303344727,0.6080315113067627,0.4693561792373657,-0.02468976192176342,0.999842643737793,0.6056865453720093,0.46894869208335876,-0.024699948728084564,0.9998005032539368,0.6033063530921936,0.46852990984916687,-0.024719450622797012,0.999819815158844,0.6465284824371338,0.47570809721946716,-0.023607587441802025,0.9998565316200256,0.6092780232429504,0.4711158573627472,0.14900429546833038,0.999760627746582,0.6120202541351318,0.48315462470054626,-0.036892931908369064,0.9997193217277527,0.6007466912269592,0.4821181893348694,0.012521601282060146,0.9995788931846619,0.6594280004501343,0.5198783874511719,-0.04653230682015419,0.9998669028282166,0.5718618035316467,0.4947950541973114,0.28110501170158386,0.9993447661399841,0.5927104353904724,0.5441713929176331,-0.23797141015529633,0.9615428447723389,0.5118639469146729,0.5271657109260559,0.12399318814277649,0.46183404326438904,0.573267936706543,0.5065783262252808,-0.34207800030708313,0.9312565326690674,0.5463622212409973,0.5271739363670349,-0.22935251891613007,0.5163475871086121,0.5731988549232483,0.496508926153183,-0.3820158839225769,0.8992030620574951,0.5517272353172302,0.5282348394393921,-0.278424471616745,0.4601561427116394,0.5795196890830994,0.49622055888175964,-0.3608800172805786,0.8900466561317444,0.5627903938293457,0.5252127647399902,-0.27501964569091797,0.44241103529930115,0.5800400972366333,0.4985782504081726,-0.3322027027606964,0.8385719060897827,0.5606117248535156,0.5259287357330322,-0.23841753602027893,0.4244447946548462,0.521340012550354,0.6042869687080383,-0.10909318923950195,0.9997893571853638,0.47074440121650696,0.5780270099639893,0.10906806588172913,0.999722957611084,0.5121011137962341,0.6881716847419739,-0.24288785457611084,0.9825555086135864,0.3454623818397522,0.5517459511756897,-0.23547548055648804,0.9074548482894897,0.5496134757995605,0.7762866020202637,-0.2392236441373825,0.991399347782135,0.19555489718914032,0.567631721496582,-0.2937535345554352,0.9294224977493286,0.5588290095329285,0.789162814617157,-0.24356494843959808,0.9384714961051941,0.17520824074745178,0.5848823189735413,-0.3024563491344452,0.9306573867797852,0.5214382410049438,0.7931661605834961,-0.42181679606437683,0.9860708713531494,0.14692354202270508,0.5332837700843811,-0.44349581003189087,0.9320204854011536
IMG_9678,56,1846,good,0.608893632888794,0.4784214198589325,-0.08804643899202347,0.9998842477798462,0.6203452348709106,0.4738467037677765,-0.08330158144235611,0.9998815655708313,0.624826192855835,0.4743112027645111,-0.08347700536251068,0.9998899698257446,0.6296982169151306,0.47467395663261414,-0.08358148485422134,0.9999069571495056,0.6107760667800903,0.47281718254089355,-0.051564767956733704,0.9998275637626648,0.6084741353988647,0.4724251627922058,-0.05154780298471451,0.999782145023346,0.606162965297699,0.47200807929039,-0.05162475258111954,0.9998050928115845,0.6494137048721313,0.47960609197616577,-0.022995682433247566,0.9998505711555481,0.6128959059715271,0.4747372269630432,0.13601051270961761,0.9997338056564331,0.6138454675674438,0.4872981607913971,-0.04994960501790047,0.9997168779373169,0.6030732989311218,0.48602601885795593,-0.00807975884526968,0.9995872378349304,0.6597904562950134,0.5253726243972778,-0.021754639223217964,0.9998754262924194,0.5747142434120178,0.4965322017669678,0.2783769965171814,0.9994044303894043,0.5939974188804626,0.5547581911087036,-0.24284280836582184,0.9537060260772705,0.5181928873062134,0.5274379849433899,0.1293017715215683,0.43489331007003784,0.5719920992851257,0.5167791247367859,-0.4026295840740204,0.9123040437698364,0.5432066321372986,0.5458124876022339,-0.1908370554447174,0.4812352657318115,0.5713242888450623,0.5064541697502136,-0.4540488123893738,0.8819527626037598,0.549537181854248,0.5531305074691772,-0.23907089233398438,0.4335756301879883,0.5751120448112488,0.5084931254386902,-0.4309922456741333,0.8720687031745911,0.559892475605011,0.5508156418800354,-0.24670715630054474,0.4172223210334778,0.5780090093612671,0.5086826086044312,-0.39469534158706665,0.8114425539970398,0.5577763319015503,0.5487834811210632,-0.2028975486755371,0.3997134566307068,0.5176413059234619,0.6049843430519104,-0.09374197572469711,0.999795138835907,0.4665415585041046,0.578309178352356,0.09382309019565582,0.9997442364692688,0.5084742903709412,0.6881666779518127,-0.23728728294372559,0.9835717082023621,0.34732380509376526,0.5536794066429138,-0.3037217855453491,0.9158826470375061,0.5483211874961853,0.776146411895752,-0.222521111369133,0.9916496872901917,0.1924341320991516,0.545313835144043,-0.4284806251525879,0.93556147813797,0.5588858723640442,0.788530707359314,-0.22709748148918152,0.9381457567214966,0.16373999416828156,0.5589823722839355,-0.44297516345977783,0.9352738857269287,0.5491318702697754,0.790996789932251,-0.40169966220855713,0.9861320853233337,0.15439100563526154,0.506497323513031,-0.5966752767562866,0.9377931356430054
IMG_9678,57,1879,good,0.6135703921318054,0.48192843794822693,-0.14521583914756775,0.9998863935470581,0.6252137422561646,0.47728756070137024,-0.13432739675045013,0.9998849630355835,0.6293797492980957,0.47788381576538086,-0.13453048467636108,0.9998928904533386,0.634083092212677,0.4784812927246094,-0.13464200496673584,0.9999086260795593,0.6145997047424316,0.47601190209388733,-0.11042214930057526,0.9998309016227722,0.6117933988571167,0.47556668519973755,-0.11045198887586594,0.9997894167900085,0.6089661121368408,0.47500842809677124,-0.11053493618965149,0.9998114109039307,0.6517502665519714,0.48331817984580994,-0.030964599922299385,0.9998547434806824,0.6132645606994629,0.4774954915046692,0.083522729575634,0.9997362494468689,0.6181039214134216,0.49106183648109436,-0.10184995830059052,0.9997313022613525,0.6063010096549988,0.4893961250782013,-0.07007833570241928,0.9996117353439331,0.6598711609840393,0.5287914276123047,-0.007858906872570515,0.9998836517333984,0.5730378031730652,0.49989765882492065,0.18985949456691742,0.9994590878486633,0.5980687737464905,0.5567442774772644,-0.22623446583747864,0.947517991065979,0.5164908766746521,0.5311159491539001,0.058359988033771515,0.41846731305122375,0.5723822116851807,0.5226343870162964,-0.40331077575683594,0.8934596180915833,0.5416146516799927,0.5418357253074646,-0.26924100518226624,0.45306825637817383,0.5713504552841187,0.5158777236938477,-0.4501104950904846,0.8665823936462402,0.547162652015686,0.5465229749679565,-0.32320520281791687,0.4139857888221741,0.572750449180603,0.5178327560424805,-0.4376624822616577,0.8563220500946045,0.5572805404663086,0.54215008020401,-0.33118805289268494,0.39886966347694397,0.5789255499839783,0.5160487294197083,-0.39952659606933594,0.7887284755706787,0.5554952621459961,0.5413961410522461,-0.2809904217720032,0.38072988390922546,0.5141585469245911,0.6064409613609314,-0.06096973270177841,0.9997961521148682,0.46062153577804565,0.5788872241973877,0.061027053743600845,0.9997618794441223,0.5046612024307251,0.6878790259361267,-0.15234851837158203,0.9843794703483582,0.3442328870296478,0.558927595615387,-0.40553343296051025,0.9236781597137451,0.5484037399291992,0.7748579978942871,-0.2116091251373291,0.9914187788963318,0.19404008984565735,0.5313897132873535,-0.6796731948852539,0.9407013058662415,0.5587486028671265,0.7880385518074036,-0.22081829607486725,0.9333978295326233,0.1581335812807083,0.5392463207244873,-0.7085185647010803,0.9375550150871277,0.5569331645965576,0.7888187170028687,-0.38489022850990295,0.985106348991394,0.17618444561958313,0.49221616983413696,-0.8659531474113464,0.9430530071258545
IMG_9678,58,1911,good,0.6134746670722961,0.48371779918670654,-0.16712047159671783,0.9998939037322998,0.62516850233078,0.47887352108955383,-0.1602563112974167,0.9998924136161804,0.629478931427002,0.4794453978538513,-0.16043496131896973,0.9998998045921326,0.6340212225914001,0.47994229197502136,-0.1605348438024521,0.9999141693115234,0.6148480772972107,0.4777626097202301,-0.1343819499015808,0.9998410940170288,0.6120613813400269,0.47730353474617004,-0.13441430032253265,0.9998034834861755,0.6093613505363464,0.47680342197418213,-0.13447992503643036,0.9998236298561096,0.6514188647270203,0.48492497205734253,-0.0631692185997963,0.9998638033866882,0.6140948534011841,0.4796145260334015,0.05579962953925133,0.9997491240501404,0.6182127594947815,0.49288085103034973,-0.12768767774105072,0.9997509717941284,0.6068310737609863,0.4913390576839447,-0.0932651162147522,0.9996411204338074,0.6600751876831055,0.5304365158081055,-0.028108710423111916,0.9998922944068909,0.5733885169029236,0.5027421712875366,0.16990946233272552,0.9995077848434448,0.5967165231704712,0.5585681796073914,-0.224306121468544,0.9449164271354675,0.5154901742935181,0.534103274345398,0.05243370682001114,0.39725974202156067,0.5714588165283203,0.5244857668876648,-0.3947983682155609,0.8851152062416077,0.5412622690200806,0.5411057472229004,-0.2666800320148468,0.42252862453460693,0.5701844096183777,0.5138481855392456,-0.4360845386981964,0.8604834079742432,0.5461077094078064,0.5444456934928894,-0.3178653120994568,0.39075541496276855,0.5736250877380371,0.5151272416114807,-0.42431700229644775,0.8502299785614014,0.5557609796524048,0.539638102054596,-0.3259904384613037,0.3769295811653137,0.5772345066070557,0.5163238048553467,-0.39026522636413574,0.7774195075035095,0.5541344881057739,0.5394144654273987,-0.27863261103630066,0.35872772336006165,0.51237553358078,0.6082332134246826,-0.05655032396316528,0.9997955560684204,0.46013399958610535,0.5792995691299438,0.056584663689136505,0.9997773766517639,0.5024778842926025,0.689163863658905,-0.1381797045469284,0.9855116605758667,0.3498654365539551,0.5596500635147095,-0.4126260578632355,0.9309296011924744,0.548446774482727,0.7749358415603638,-0.20737361907958984,0.9917232990264893,0.19725090265274048,0.5247805118560791,-0.7072890400886536,0.9459189176559448,0.5590008497238159,0.7884059548377991,-0.21550807356834412,0.9317173361778259,0.15871791541576385,0.5286712050437927,-0.7379791140556335,0.9413818120956421,0.5643234848976135,0.7884496450424194,-0.3820418119430542,0.9853308200836182,0.19056621193885803,0.484205037355423,-0.885236382484436,0.9482546448707581
IMG_9678,59,1944,good,0.6128293871879578,0.4846215844154358,-0.14430205523967743,0.9999008178710938,0.6243028044700623,0.48001134395599365,-0.14017170667648315,0.9998996257781982,0.628864049911499,0.48067140579223633,-0.1403183490037918,0.9999064207077026,0.6337935924530029,0.4812365770339966,-0.14042124152183533,0.9999196529388428,0.6142950654029846,0.4787626266479492,-0.11091173440217972,0.9998508095741272,0.6114481687545776,0.4782809615135193,-0.11092735081911087,0.9998161196708679,0.6086910367012024,0.47776010632514954,-0.11098001897335052,0.999834418296814,0.6511698961257935,0.48697057366371155,-0.04099017381668091,0.9998729825019836,0.6136552691459656,0.4808512032032013,0.06241108849644661,0.9997607469558716,0.6174330711364746,0.49385786056518555,-0.10974141210317612,0.9997678399085999,0.6060170531272888,0.4922439754009247,-0.07130419462919235,0.999666154384613,0.6591701507568359,0.5318670868873596,-0.010830922052264214,0.9999011754989624,0.5721604824066162,0.5043209195137024,0.19550807774066925,0.9995517730712891,0.5957392454147339,0.5612210035324097,-0.22357220947742462,0.9435474872589111,0.5147583484649658,0.5360907912254333,0.08833269774913788,0.37310895323753357,0.570169985294342,0.5292812585830688,-0.40811580419540405,0.880623459815979,0.5410606861114502,0.54632967710495,-0.21457135677337646,0.39271309971809387,0.568993091583252,0.5160152912139893,-0.45402097702026367,0.8575290441513062,0.5451921820640564,0.5506400465965271,-0.2608462870121002,0.3676336705684662,0.5730491876602173,0.5176196098327637,-0.435840904712677,0.8472886085510254,0.5554491877555847,0.5455594062805176,-0.27179133892059326,0.3550522029399872,0.5760049223899841,0.5187951922416687,-0.40188658237457275,0.7703145146369934,0.5536783933639526,0.5449231863021851,-0.22738590836524963,0.33735010027885437,0.5104731321334839,0.6092872619628906,-0.06108976900577545,0.9998044967651367,0.4585054814815521,0.5795338749885559,0.061154138296842575,0.9997939467430115,0.5019019842147827,0.6897348165512085,-0.1457764208316803,0.9864713549613953,0.3501322567462921,0.5596020221710205,-0.3723968267440796,0.937385082244873,0.5485109686851501,0.7749477624893188,-0.2049226462841034,0.9918617010116577,0.19459658861160278,0.5248825550079346,-0.6416692137718201,0.9505395889282227,0.5597673058509827,0.7884229421615601,-0.2136169821023941,0.9305942058563232,0.15768501162528992,0.5294525623321533,-0.6695871353149414,0.9449536204338074,0.5728735327720642,0.7874787449836731,-0.37854769825935364,0.9853641390800476,0.18414898216724396,0.4835895895957947,-0.8116569519042969,0.9528601169586182
IMG_9678,60,1977,good,0.6132545471191406,0.48538753390312195,-0.07869529724121094,0.9999046325683594,0.6248207688331604,0.4808732867240906,-0.06523288786411285,0.9999039173126221,0.6296543478965759,0.4815138280391693,-0.0654376819729805,0.9999106526374817,0.6347704529762268,0.48205476999282837,-0.06553692370653152,0.9999234080314636,0.6142875552177429,0.4795372486114502,-0.04002608358860016,0.9998555183410645,0.6111740469932556,0.47903576493263245,-0.039993491023778915,0.9998224377632141,0.6080917119979858,0.47845566272735596,-0.040042292326688766,0.9998387098312378,0.6509796380996704,0.487854927778244,0.0321221798658371,0.9998800158500671,0.6120611429214478,0.48139601945877075,0.15185564756393433,0.9997565150260925,0.6179062128067017,0.4947076141834259,-0.039106015115976334,0.9997772574424744,0.6055745482444763,0.49304020404815674,-0.005027605686336756,0.9996772408485413,0.6584147810935974,0.5308455228805542,0.016799241304397583,0.9999098777770996,0.5712320804595947,0.5061226487159729,0.27043312788009644,0.9995884299278259,0.5948817133903503,0.5560722947120667,-0.24432098865509033,0.9433542490005493,0.5149802565574646,0.5353347659111023,0.124042809009552,0.3520592749118805,0.5710410475730896,0.5259572863578796,-0.4614731967449188,0.8804352879524231,0.5407577753067017,0.5343745946884155,-0.18871259689331055,0.37294405698776245,0.569387674331665,0.5185848474502563,-0.5101203918457031,0.858942449092865,0.5472509860992432,0.548991858959198,-0.23372793197631836,0.3549986183643341,0.5739979147911072,0.516105592250824,-0.4899051785469055,0.8486195206642151,0.5557758808135986,0.5413778424263,-0.23822012543678284,0.34285256266593933,0.575252115726471,0.5189222097396851,-0.45510098338127136,0.7687094807624817,0.553921639919281,0.5441865921020508,-0.19999565184116364,0.3245904743671417,0.510848343372345,0.6091984510421753,-0.06874512135982513,0.9998151659965515,0.45918068289756775,0.5799160003662109,0.06881851702928543,0.9998084306716919,0.5019056797027588,0.6897520422935486,-0.19837062060832977,0.9873839020729065,0.3535979092121124,0.5546481609344482,-0.3698497712612152,0.9431465864181519,0.5486819744110107,0.7749571800231934,-0.29049351811408997,0.9920873641967773,0.20069371163845062,0.5291221141815186,-0.6017376184463501,0.9544798135757446,0.5621464252471924,0.7884241342544556,-0.3031368553638458,0.9319039583206177,0.16416750848293304,0.5356677770614624,-0.6256450414657593,0.9485034942626953,0.5721699595451355,0.7876107692718506,-0.46791812777519226,0.9856895804405212,0.1737944781780243,0.4882812201976776,-0.766221284866333,0.9567951560020447
IMG_9678,61,2010,good,0.6137285232543945,0.4846698045730591,-0.08077557384967804,0.9999086260795593,0.6252480745315552,0.4801798462867737,-0.07896639406681061,0.9999082088470459,0.6301118731498718,0.4806588292121887,-0.07914143055677414,0.9999139308929443,0.6352232694625854,0.48117169737815857,-0.07924768328666687,0.9999262690544128,0.6139758825302124,0.47888991236686707,-0.0487041138112545,0.9998614192008972,0.6108241081237793,0.4784849286079407,-0.04868143051862717,0.9998297095298767,0.6075671911239624,0.47795742750167847,-0.04873824864625931,0.9998451471328735,0.6509078741073608,0.48668405413627625,0.013556129299104214,0.9998868703842163,0.6109227538108826,0.4806341528892517,0.13673776388168335,0.9997586607933044,0.6186732053756714,0.4937160611152649,-0.05162668600678444,0.9997909069061279,0.6055653095245361,0.49222731590270996,-0.013232061639428139,0.9996959567070007,0.6581825017929077,0.5302318334579468,0.006940585095435381,0.9999169707298279,0.5707629323005676,0.5054299235343933,0.25820884108543396,0.9996213912963867,0.5962759256362915,0.5554991364479065,-0.2610132396221161,0.9433590769767761,0.5145968198776245,0.534517765045166,0.07913784682750702,0.34411850571632385,0.572031557559967,0.5315160155296326,-0.47203996777534485,0.8816958069801331,0.54218989610672,0.5206746459007263,-0.2827630043029785,0.37309202551841736,0.5692656636238098,0.5263882279396057,-0.5194799304008484,0.8601658344268799,0.5466424226760864,0.5276613831520081,-0.33720216155052185,0.35961487889289856,0.5733320116996765,0.5214634537696838,-0.49902281165122986,0.8496537804603577,0.5551053285598755,0.5225333571434021,-0.3387024700641632,0.34769806265830994,0.5751439332962036,0.521991491317749,-0.46560901403427124,0.7686426043510437,0.5533918142318726,0.5260708928108215,-0.29414618015289307,0.3282102644443512,0.5110793709754944,0.6091986894607544,-0.07183899730443954,0.9998165965080261,0.46089160442352295,0.5801759362220764,0.07191433757543564,0.9998182058334351,0.5031365752220154,0.689979076385498,-0.20027992129325867,0.9884627461433411,0.356741726398468,0.5474837422370911,-0.32717400789260864,0.9485562443733215,0.5483518838882446,0.7751281261444092,-0.25400662422180176,0.9926104545593262,0.20257596671581268,0.5381191372871399,-0.49011191725730896,0.9585902094841003,0.5631999373435974,0.7883604764938354,-0.2634589374065399,0.9346436262130737,0.17046856880187988,0.5501391887664795,-0.5077028870582581,0.9525851607322693,0.566674530506134,0.787786066532135,-0.4330994188785553,0.9863733649253845,0.16506384313106537,0.5020654797554016,-0.6472583413124084,0.9605551958084106
IMG_9678,62,2043,good,0.6136826872825623,0.4835517108440399,-0.04605730250477791,0.9999067187309265,0.6251875758171082,0.47882920503616333,-0.034818343818187714,0.9999068379402161,0.6301090717315674,0.479352205991745,-0.03496016561985016,0.9999125003814697,0.6350381970405579,0.47993728518486023,-0.03505675494670868,0.9999256730079651,0.6134777665138245,0.47762686014175415,-0.008383018895983696,0.9998589158058167,0.6102107763290405,0.47723010182380676,-0.008339883759617805,0.9998255372047424,0.6068181395530701,0.4767208397388458,-0.008342218585312366,0.9998394846916199,0.6504260897636414,0.4855054020881653,0.058216605335474014,0.9998900890350342,0.6099170446395874,0.47943931818008423,0.1842031478881836,0.9997451901435852,0.618709921836853,0.4925616383552551,-0.009281301870942116,0.9997944235801697,0.6051263809204102,0.491072416305542,0.02629844844341278,0.9996957778930664,0.6577252745628357,0.5292173027992249,0.02372957207262516,0.9999240040779114,0.5698864459991455,0.5052042603492737,0.30302494764328003,0.9996487498283386,0.5962786674499512,0.5630565285682678,-0.25978365540504456,0.9464603066444397,0.5143328905105591,0.5348896384239197,0.17593568563461304,0.32174673676490784,0.5714637041091919,0.526613175868988,-0.46077483892440796,0.8875872492790222,0.529918909072876,0.5343384146690369,-0.14108838140964508,0.35157880187034607,0.5688097476959229,0.5205332040786743,-0.5159292221069336,0.8661037683486938,0.5268467664718628,0.5381147265434265,-0.18831518292427063,0.34270182251930237,0.5728935599327087,0.5164491534233093,-0.48438528180122375,0.855808675289154,0.5341867804527283,0.5340162515640259,-0.20218205451965332,0.3315509557723999,0.5747952461242676,0.5175418257713318,-0.4506637156009674,0.7750158905982971,0.5348353385925293,0.5349976420402527,-0.15709789097309113,0.3131859302520752,0.5122723579406738,0.60911625623703,-0.08273018896579742,0.999824583530426,0.461751252412796,0.5802474617958069,0.08284658193588257,0.9998307228088379,0.5038536190986633,0.6899303197860718,-0.1997276097536087,0.9894684553146362,0.35854512453079224,0.544029712677002,-0.3081219494342804,0.9533846378326416,0.5478946566581726,0.7750931978225708,-0.21392971277236938,0.993106484413147,0.20663562417030334,0.5494662523269653,-0.4739796817302704,0.9622353315353394,0.5624451637268066,0.7882837653160095,-0.21734951436519623,0.9370471835136414,0.18395844101905823,0.5582643747329712,-0.4777924716472626,0.9561048746109009,0.5491776466369629,0.7872128486633301,-0.4051024615764618,0.9870470762252808,0.15993137657642365,0.518308699131012,-0.5917825102806091,0.9638547301292419
IMG_9678,63,2076,good,0.6124659776687622,0.48286452889442444,-0.05351832136511803,0.9998829960823059,0.6240031123161316,0.47801512479782104,-0.041063662618398666,0.9998795986175537,0.6288772821426392,0.4784267246723175,-0.041192810982465744,0.9998865127563477,0.6338332295417786,0.47895145416259766,-0.041286032646894455,0.9999043345451355,0.6124815940856934,0.477032870054245,-0.016907254233956337,0.9998205900192261,0.6092427968978882,0.47670263051986694,-0.016867222264409065,0.999775230884552,0.6059434413909912,0.4761480689048767,-0.016877062618732452,0.9997890591621399,0.6493784785270691,0.4844818711280823,0.05578896775841713,0.9998644590377808,0.6097261905670166,0.47886955738067627,0.1729019582271576,0.9996705055236816,0.6177065372467041,0.4920823276042938,-0.014516607858240604,0.9997410774230957,0.6041542887687683,0.4904533326625824,0.018511038273572922,0.999592125415802,0.6576132774353027,0.528022825717926,0.022016173228621483,0.9999275803565979,0.5688413977622986,0.5048969388008118,0.28776130080223083,0.9996598958969116,0.59589022397995,0.559839129447937,-0.25560569763183594,0.9479806423187256,0.5141416192054749,0.5348983407020569,0.18729159235954285,0.30350953340530396,0.5702011585235596,0.5213340520858765,-0.41201624274253845,0.8901458978652954,0.5246588587760925,0.55263751745224,-0.06214996799826622,0.33350884914398193,0.5661293268203735,0.514544665813446,-0.46041277050971985,0.8673961758613586,0.5209270715713501,0.5595569610595703,-0.10098398476839066,0.3270958364009857,0.5722811222076416,0.5092381834983826,-0.4342717230319977,0.8571778535842896,0.5281244516372681,0.5558627843856812,-0.11497654020786285,0.3162337839603424,0.5739602446556091,0.5116140842437744,-0.40371930599212646,0.7755087018013,0.5290698409080505,0.5540428161621094,-0.07574115693569183,0.29919466376304626,0.5134314298629761,0.6090660095214844,-0.08773365616798401,0.9998247027397156,0.46282196044921875,0.5804364085197449,0.08794080466032028,0.9998380541801453,0.5043834447860718,0.6901038885116577,-0.18994402885437012,0.9903272390365601,0.35963258147239685,0.5417689681053162,-0.27411437034606934,0.9575138092041016,0.5462026000022888,0.7751922011375427,-0.15824560821056366,0.9935725927352905,0.21611608564853668,0.5638285279273987,-0.20597627758979797,0.9652784466743469,0.5567729473114014,0.7883024215698242,-0.16024921834468842,0.9391436576843262,0.19663310050964355,0.5826011896133423,-0.20277142524719238,0.9586819410324097,0.5374674797058105,0.7876003384590149,-0.35318732261657715,0.9877087473869324,0.16247034072875977,0.5419037938117981,-0.35038232803344727,0.9664422273635864
IMG_9678,64,2109,good,0.6117972731590271,0.48029208183288574,-0.05673443153500557,0.9998891949653625,0.6232338547706604,0.47628799080848694,-0.04801488667726517,0.9998854398727417,0.6281768083572388,0.47679656744003296,-0.04811009392142296,0.9998916983604431,0.6331188082695007,0.47719475626945496,-0.048205047845840454,0.9999087452888489,0.6118190288543701,0.47465816140174866,-0.02237510308623314,0.999829888343811,0.6086096167564392,0.4738651514053345,-0.022363604977726936,0.9997857809066772,0.605408251285553,0.47316470742225647,-0.02234623208642006,0.9997985363006592,0.6488080024719238,0.4829651415348053,0.039253443479537964,0.9998711347579956,0.6082940697669983,0.4755510687828064,0.16267640888690948,0.9996860027313232,0.6170668601989746,0.4897306561470032,-0.020302334800362587,0.9997506141662598,0.6036086082458496,0.4881318509578705,0.014111408963799477,0.9996044635772705,0.6572291851043701,0.5251907706260681,0.012203396297991276,0.9999306201934814,0.5680692195892334,0.5035181045532227,0.28167587518692017,0.9996711611747742,0.5940415263175964,0.5536044836044312,-0.16045036911964417,0.95030277967453,0.5122779607772827,0.5348331928253174,0.18653267621994019,0.301143079996109,0.5694477558135986,0.5124620795249939,-0.18080630898475647,0.895581841468811,0.5240359306335449,0.5489288568496704,-0.0375966802239418,0.33135518431663513,0.5659407377243042,0.5015167593955994,-0.2113986760377884,0.8719329237937927,0.5217140913009644,0.5545411109924316,-0.07192586362361908,0.3232994079589844,0.5721468925476074,0.49951064586639404,-0.18684032559394836,0.8618487119674683,0.5302120447158813,0.5510753989219666,-0.07682610303163528,0.31173789501190186,0.5739260315895081,0.5026065111160278,-0.16877834498882294,0.7825409770011902,0.5307393074035645,0.5497934222221375,-0.046905338764190674,0.29620489478111267,0.5141419172286987,0.6090673208236694,-0.09242445230484009,0.9998274445533752,0.46355488896369934,0.5805593132972717,0.0926118940114975,0.9998445510864258,0.5048046708106995,0.6906264424324036,-0.21073803305625916,0.9910330176353455,0.3599053919315338,0.5429551005363464,-0.19323934614658356,0.9610257148742676,0.5457655191421509,0.7758638858795166,-0.1649470031261444,0.9938763976097107,0.21934019029140472,0.5857601761817932,-0.07513096183538437,0.9676027297973633,0.5496464371681213,0.7890412211418152,-0.17583033442497253,0.9408419728279114,0.21544067561626434,0.6068674325942993,-0.06642836332321167,0.9603153467178345,0.5282660126686096,0.7887150049209595,-0.35514283180236816,0.9881477952003479,0.16797904670238495,0.5715683698654175,-0.18944641947746277,0.9679428339004517
IMG_9678,65,2142,good,0.6116272807121277,0.4754593074321747,0.0311257503926754,0.999896228313446,0.6223793029785156,0.47144246101379395,0.037131961435079575,0.9998925924301147,0.6272532939910889,0.47180676460266113,0.037110336124897,0.9998975992202759,0.6324660778045654,0.47229063510894775,0.037051793187856674,0.9999139904975891,0.6102432012557983,0.47041311860084534,0.06491337716579437,0.9998420476913452,0.6069103479385376,0.4698932468891144,0.06488814204931259,0.9998006224632263,0.6040109992027283,0.4694458842277527,0.06493357568979263,0.999813973903656,0.6467977166175842,0.47716912627220154,0.09757716953754425,0.9998786449432373,0.6057500839233398,0.471721887588501,0.2293877750635147,0.99970942735672,0.61664879322052,0.4841063618659973,0.05634709447622299,0.999755322933197,0.6035475730895996,0.4831259846687317,0.09328658133745193,0.9996165037155151,0.6565189361572266,0.5180341005325317,0.04350592941045761,0.9999313950538635,0.567381739616394,0.5018483400344849,0.3172219693660736,0.9996767044067383,0.5939194560050964,0.5422269105911255,-0.05140675976872444,0.9509393572807312,0.5095633268356323,0.5347185134887695,0.2104864865541458,0.317615807056427,0.5633841156959534,0.504794716835022,0.03994085267186165,0.8991219401359558,0.5240362882614136,0.5453639030456543,0.025852026417851448,0.35029199719429016,0.5586304068565369,0.49414318799972534,0.025918927043676376,0.8727543950080872,0.523369550704956,0.5501840710639954,-0.010308767668902874,0.3334277272224426,0.5644956827163696,0.4941176474094391,0.04456610605120659,0.8619772791862488,0.531970739364624,0.5466764569282532,-0.005665120203047991,0.32020652294158936,0.5670785903930664,0.4967993497848511,0.05218353495001793,0.7851800918579102,0.532200038433075,0.545947253704071,0.02028842456638813,0.30714723467826843,0.5155492424964905,0.6089639067649841,-0.09727480262517929,0.9998255968093872,0.4643937945365906,0.5806477069854736,0.09727688878774643,0.9998501539230347,0.5075002312660217,0.6907129287719727,-0.20729820430278778,0.9915231466293335,0.357963889837265,0.54509437084198,-0.1900796741247177,0.9643236398696899,0.5457930564880371,0.7762237191200256,-0.14924819767475128,0.9937748908996582,0.248308002948761,0.6106030941009521,-0.08881326019763947,0.9693691730499268,0.5504003167152405,0.7892820835113525,-0.14952804148197174,0.9362650513648987,0.2572355270385742,0.6324050426483154,-0.08009706437587738,0.9610140919685364,0.5085954666137695,0.7907079458236694,-0.3195956349372864,0.9874085783958435,0.17128069698810577,0.6040510535240173,-0.18100783228874207,0.9683758020401001
IMG_9678,66,2175,good,0.6089699268341064,0.4717199504375458,-0.08211328834295273,0.9999001622200012,0.6192577481269836,0.4673675298690796,-0.07442488521337509,0.9998958110809326,0.6238763332366943,0.46781501173973083,-0.07445263862609863,0.9998992085456848,0.629092812538147,0.4684121608734131,-0.074528768658638,0.9999158978462219,0.6067714691162109,0.46653449535369873,-0.047669075429439545,0.9998488426208496,0.6032078266143799,0.4662225842475891,-0.047694556415081024,0.9998071193695068,0.6004157662391663,0.4659382402896881,-0.04767683520913124,0.9998216032981873,0.6428044438362122,0.4727834165096283,0.010420756414532661,0.9998802542686462,0.6015241742134094,0.4677125811576843,0.13663703203201294,0.9997255206108093,0.6147670745849609,0.4800156056880951,-0.04707086831331253,0.9997580647468567,0.6011051535606384,0.47919514775276184,-0.01166731957346201,0.9996252059936523,0.6548675298690796,0.512837827205658,-0.017397353425621986,0.9999229907989502,0.5662716627120972,0.49646493792533875,0.25036540627479553,0.9996830821037292,0.5937747955322266,0.5377796292304993,-0.09427088499069214,0.9496847987174988,0.5076714754104614,0.5296144485473633,0.15865473449230194,0.32128676772117615,0.5621814131736755,0.5013185143470764,-0.16784586012363434,0.9002943634986877,0.518879771232605,0.5449813008308411,-0.0413508377969265,0.35597503185272217,0.5580505132675171,0.4898141026496887,-0.19583220779895782,0.8725987672805786,0.5157322883605957,0.5499304533004761,-0.08058887720108032,0.3345192074775696,0.5637656450271606,0.4889560043811798,-0.17679433524608612,0.8614401817321777,0.5244028568267822,0.5447765588760376,-0.08110613375902176,0.32073643803596497,0.5663442015647888,0.4942556917667389,-0.15828494727611542,0.7849989533424377,0.5256635546684265,0.5442578196525574,-0.04956933483481407,0.309179425239563,0.5189846754074097,0.6085488200187683,-0.0963405966758728,0.9998024106025696,0.4659130275249481,0.5806493163108826,0.09631986916065216,0.9998493790626526,0.5098817348480225,0.6906882524490356,-0.17980554699897766,0.9916973114013672,0.3569745421409607,0.5493268966674805,-0.19241783022880554,0.9674097299575806,0.5458270311355591,0.7765806317329407,-0.10582718253135681,0.9936416149139404,0.2897294759750366,0.6298980116844177,-0.10648329555988312,0.9709871411323547,0.551184356212616,0.7896520495414734,-0.1053297370672226,0.9307140111923218,0.30160921812057495,0.6492334008216858,-0.0954606905579567,0.9617807269096375,0.5116416811943054,0.7921568155288696,-0.28789177536964417,0.9866657257080078,0.22156620025634766,0.6347680687904358,-0.21073739230632782,0.9691005349159241
IMG_9678,67,2208,good,0.6049447655677795,0.4676341116428375,-0.06535600125789642,0.9999051094055176,0.6144100427627563,0.46303075551986694,-0.05865619331598282,0.9999004006385803,0.6190511584281921,0.4636101722717285,-0.058697111904621124,0.99990314245224,0.6239452362060547,0.4641357362270355,-0.0588022880256176,0.999920129776001,0.6027870774269104,0.4620197117328644,-0.03143671900033951,0.9998552203178406,0.5990200638771057,0.4616871178150177,-0.031471412628889084,0.9998130202293396,0.5959129333496094,0.46150079369544983,-0.03141159936785698,0.9998293519020081,0.637585461139679,0.46840807795524597,0.02026936039328575,0.9998858571052551,0.5965187549591064,0.4633335471153259,0.14641456305980682,0.9997406601905823,0.61152184009552,0.47553274035453796,-0.033026497811079025,0.9997702240943909,0.597175121307373,0.4747186005115509,0.0025020616594702005,0.9996432065963745,0.652759850025177,0.5066924095153809,-0.016933780163526535,0.9999264478683472,0.5622542500495911,0.4941788613796234,0.2883197069168091,0.9996867179870605,0.5903879404067993,0.5274431109428406,-0.12318100780248642,0.9511750340461731,0.5034666657447815,0.5292590260505676,0.24410538375377655,0.3226200342178345,0.5611820220947266,0.49258220195770264,-0.08389024436473846,0.9048599004745483,0.5140950679779053,0.5388909578323364,0.08899980783462524,0.3555106818675995,0.5580620765686035,0.48089587688446045,-0.09994758665561676,0.8757079839706421,0.513579785823822,0.5400879383087158,0.06374040991067886,0.3274882733821869,0.5637477040290833,0.4793451428413391,-0.08202029764652252,0.8641700744628906,0.519727885723114,0.5363522171974182,0.06381364911794662,0.31254222989082336,0.565127432346344,0.48495006561279297,-0.0727095752954483,0.789176344871521,0.5210889577865601,0.5369600057601929,0.08177954703569412,0.3023393154144287,0.5243934392929077,0.6069495677947998,-0.0962829664349556,0.9998006224632263,0.4698197543621063,0.5806819796562195,0.09630442410707474,0.9998427629470825,0.5127205848693848,0.6899999976158142,-0.19486212730407715,0.991280198097229,0.35749340057373047,0.5586545467376709,-0.21339771151542664,0.9696744680404663,0.545441210269928,0.7765920162200928,-0.12547814846038818,0.9929124712944031,0.3263077139854431,0.6427358984947205,-0.04734573885798454,0.9699373841285706,0.5507581233978271,0.7895549535751343,-0.12377849221229553,0.9205654263496399,0.34488579630851746,0.6585863828659058,-0.031677085906267166,0.9586072564125061,0.5076364874839783,0.7939537763595581,-0.3076423406600952,0.9848583340644836,0.26814982295036316,0.6610392928123474,-0.14150722324848175,0.9661417603492737
IMG_9678,68,2241,good,0.5993512272834778,0.46362292766571045,-0.036009155213832855,0.9999125599861145,0.6082350015640259,0.4588199555873871,-0.031994305551052094,0.9999082088470459,0.6130051612854004,0.459200918674469,-0.032041285187006,0.9999107122421265,0.6177422404289246,0.4593271017074585,-0.03216070681810379,0.9999266862869263,0.59781813621521,0.4580196440219879,-0.003817368531599641,0.9998660683631897,0.5941101908683777,0.45773351192474365,-0.0038276526611298323,0.9998258352279663,0.5907241106033325,0.4575555622577667,-0.0037410082295536995,0.9998419284820557,0.6322741508483887,0.46362897753715515,0.0379493311047554,0.9998955726623535,0.5916271805763245,0.4595174193382263,0.16790620982646942,0.9997609853744507,0.6066970825195312,0.47096577286720276,-0.006690597161650658,0.9997895956039429,0.592531144618988,0.47027796506881714,0.029978420585393906,0.9996718764305115,0.6492388248443604,0.501541256904602,-0.009458394721150398,0.9999326467514038,0.5586442351341248,0.49175235629081726,0.3224012553691864,0.9997004270553589,0.5851154327392578,0.5270023345947266,-0.1014530286192894,0.9535737633705139,0.5002232193946838,0.5293356776237488,0.27819979190826416,0.32119759917259216,0.5569071173667908,0.49029433727264404,-0.04482197389006615,0.9104834198951721,0.5152084827423096,0.5223876237869263,0.11261077225208282,0.3580182194709778,0.5562224984169006,0.47741615772247314,-0.05497533828020096,0.8809089660644531,0.5147271156311035,0.5254893898963928,0.08828101307153702,0.32418355345726013,0.5611084699630737,0.4767500162124634,-0.03904043138027191,0.8692337274551392,0.5224472880363464,0.5215569138526917,0.09540306031703949,0.30748897790908813,0.5624284148216248,0.4822193682193756,-0.0330735482275486,0.796521008014679,0.5233950018882751,0.5232572555541992,0.10766558349132538,0.2980625629425049,0.5316491723060608,0.6028454303741455,-0.09610000997781754,0.9998132586479187,0.476083368062973,0.5807181596755981,0.09614742547273636,0.9998447895050049,0.516215980052948,0.6891009211540222,-0.22060459852218628,0.9916998744010925,0.3576328754425049,0.572065532207489,-0.14858511090278625,0.9721016883850098,0.5464571714401245,0.7770984172821045,-0.1760559380054474,0.9932597279548645,0.36484605073928833,0.6549018621444702,0.03593578562140465,0.9709398746490479,0.5544493198394775,0.7901859283447266,-0.17607241868972778,0.9208939671516418,0.3882577121257782,0.6680396795272827,0.05172150954604149,0.9579100608825684,0.508941650390625,0.794007420539856,-0.3747069239616394,0.9855455756187439,0.31732502579689026,0.6837365627288818,-0.05200939252972603,0.9663687348365784
IMG_9678,69,2274,good,0.5951365232467651,0.46066638827323914,-0.0075322529301047325,0.9999192357063293,0.6040664315223694,0.455378919839859,-0.004716109484434128,0.9999148845672607,0.6084184646606445,0.45576995611190796,-0.004759719595313072,0.9999172687530518,0.613017737865448,0.4560561776161194,-0.004861950408667326,0.9999323487281799,0.5933124423027039,0.454756498336792,0.02248424105346203,0.9998753666877747,0.5897442102432251,0.4545848071575165,0.022475015372037888,0.999836802482605,0.5861377120018005,0.45435264706611633,0.02257818914949894,0.9998529553413391,0.6275030970573425,0.45966407656669617,0.06079885736107826,0.999904215335846,0.5870240926742554,0.45611584186553955,0.18614265322685242,0.9997782707214355,0.6023331880569458,0.4681467115879059,0.020611707121133804,0.9998064041137695,0.5882511734962463,0.46757495403289795,0.0558708980679512,0.9996967315673828,0.6441494226455688,0.49596887826919556,0.0019182856194674969,0.9999382495880127,0.5561708807945251,0.4903678596019745,0.34539252519607544,0.9997127652168274,0.5789650678634644,0.5224926471710205,-0.0644344761967659,0.9548112750053406,0.4971413016319275,0.529586672782898,0.30725014209747314,0.3201885223388672,0.5499224662780762,0.4869370758533478,0.03098154440522194,0.9149125814437866,0.5162050127983093,0.5071369409561157,0.14858686923980713,0.3693649172782898,0.5491577982902527,0.47530385851860046,0.03039468824863434,0.8848795890808105,0.5189113616943359,0.5001766681671143,0.12697085738182068,0.33023497462272644,0.5569053888320923,0.4733753204345703,0.041942767798900604,0.8728606104850769,0.522639274597168,0.49644413590431213,0.13915644586086273,0.31135907769203186,0.5570869445800781,0.47877180576324463,0.04242948442697525,0.8022287487983704,0.527778685092926,0.49912208318710327,0.14529453217983246,0.3019346594810486,0.5363264679908752,0.6013057827949524,-0.09591472893953323,0.9998217225074768,0.48262107372283936,0.5814352631568909,0.09595990926027298,0.9998409748077393,0.520463764667511,0.6888493895530701,-0.2143637090921402,0.9921795129776001,0.3608803451061249,0.5825011730194092,-0.13172897696495056,0.9745630621910095,0.5504813194274902,0.777099609375,-0.1580771803855896,0.9936728477478027,0.4019789695739746,0.6636753082275391,0.04637843742966652,0.9726383090019226,0.5636462569236755,0.7902703285217285,-0.15796156227588654,0.9219962358474731,0.43116840720176697,0.6754716634750366,0.0616580955684185,0.9584168791770935,0.5072609186172485,0.7945774793624878,-0.3487197756767273,0.9864055514335632,0.36378607153892517,0.6992950439453125,-0.031224660575389862,0.9677711725234985
IMG_9678,70,2307,good,0.5907430648803711,0.4579147398471832,0.00677265552803874,0.9999239444732666,0.5991625785827637,0.45249393582344055,0.01003926433622837,0.9999179244041443,0.6031468510627747,0.4528142213821411,0.009994558058679104,0.9999204277992249,0.6080570816993713,0.45312023162841797,0.009921001270413399,0.999935507774353,0.5880457758903503,0.45189499855041504,0.03481418639421463,0.9998794794082642,0.5849077105522156,0.45184561610221863,0.034804657101631165,0.999840497970581,0.5814769268035889,0.4517730176448822,0.03488703817129135,0.9998582601547241,0.6226007342338562,0.45642030239105225,0.07304327934980392,0.9999085664749146,0.5821495652198792,0.45347464084625244,0.18765966594219208,0.9997867941856384,0.5979800820350647,0.46516847610473633,0.033908288925886154,0.9998155832290649,0.5839967131614685,0.4648067355155945,0.06601513177156448,0.9997088313102722,0.6409149169921875,0.4925830066204071,0.01442825235426426,0.9999426007270813,0.5529317259788513,0.48873770236968994,0.3277020752429962,0.9997199177742004,0.5761721730232239,0.5203890204429626,-0.07026487588882446,0.955154538154602,0.49370574951171875,0.5296599864959717,0.27179238200187683,0.32418134808540344,0.5453753471374512,0.48722970485687256,-0.004761716350913048,0.9196139574050903,0.5168415307998657,0.500693142414093,0.10324603319168091,0.39227211475372314,0.5418963432312012,0.4755716025829315,-0.005744346417486668,0.8894301056861877,0.5195800065994263,0.4918377697467804,0.07928889244794846,0.3471730649471283,0.550446093082428,0.4732725918292999,0.00992902647703886,0.8772689700126648,0.5250587463378906,0.4869368076324463,0.09465719014406204,0.32594287395477295,0.5510198473930359,0.4781816005706787,0.007546768523752689,0.8088119029998779,0.5286552906036377,0.4911419749259949,0.10102397948503494,0.31470760703086853,0.5420975089073181,0.6012833118438721,-0.08558198064565659,0.9998264312744141,0.4868764281272888,0.5838785767555237,0.08570517599582672,0.999836266040802,0.5236712694168091,0.688339352607727,-0.15685029327869415,0.9925721287727356,0.3674210011959076,0.5977650880813599,-0.1624709814786911,0.9768927097320557,0.5533850193023682,0.7758605480194092,-0.0929328128695488,0.9940277338027954,0.4274073839187622,0.6702601909637451,0.044327326118946075,0.9742818474769592,0.5691474676132202,0.7885122299194336,-0.09275749325752258,0.9208141565322876,0.45560526847839355,0.678364634513855,0.06325474381446838,0.9582427144050598,0.5088866353034973,0.7945079207420349,-0.2794313132762909,0.987097978591919,0.40501832962036133,0.7052441239356995,-0.024626383557915688,0.9692848920822144
IMG_9678,71,2340,good,0.5851513147354126,0.45362168550491333,-0.012382515706121922,0.9999291300773621,0.593445897102356,0.44862255454063416,-0.0068294694647192955,0.9999224543571472,0.5977239608764648,0.4487621784210205,-0.00688983965665102,0.9999249577522278,0.6029413938522339,0.4490693211555481,-0.006978897377848625,0.9999394416809082,0.5821163654327393,0.44796809554100037,0.01935523748397827,0.9998860359191895,0.5793412923812866,0.447876513004303,0.019347600638866425,0.9998483657836914,0.5762366652488708,0.4478446841239929,0.019397256895899773,0.9998661279678345,0.6180332899093628,0.4533277153968811,0.06553854048252106,0.9999136328697205,0.5771801471710205,0.449852854013443,0.1716606765985489,0.9997993111610413,0.592038631439209,0.4607512652873993,0.018369918689131737,0.9998271465301514,0.578485369682312,0.4600832760334015,0.053213417530059814,0.999726414680481,0.6369606256484985,0.48977604508399963,-0.008217289112508297,0.9999463558197021,0.5479850769042969,0.4863336980342865,0.3249748647212982,0.9997287392616272,0.5722702145576477,0.5221139788627625,-0.0975317731499672,0.9556386470794678,0.49144574999809265,0.5296708345413208,0.25624147057533264,0.34214091300964355,0.5434854030609131,0.4872165322303772,-0.0772189348936081,0.9248918890953064,0.5171229243278503,0.5002639293670654,0.03015398420393467,0.42504531145095825,0.5400254726409912,0.4751533567905426,-0.08794602751731873,0.8955027461051941,0.5202984809875488,0.4910154640674591,0.0022640246897935867,0.37549281120300293,0.5483657717704773,0.47208765149116516,-0.07184485346078873,0.8837062120437622,0.5260269045829773,0.48629751801490784,0.04721119627356529,0.35271158814430237,0.5492176413536072,0.47704821825027466,-0.06587468832731247,0.8181575536727905,0.528986394405365,0.49053889513015747,0.03397886082530022,0.3383655250072479,0.5472763180732727,0.6016115546226501,-0.08507730811834335,0.999832034111023,0.491561621427536,0.5873064398765564,0.08522449433803558,0.9998328685760498,0.5274519920349121,0.6887485980987549,-0.13913387060165405,0.9928210973739624,0.3785334527492523,0.6112022995948792,-0.16822561621665955,0.97890305519104,0.5570060014724731,0.775287389755249,-0.0850403681397438,0.9943685531616211,0.46369171142578125,0.6726524233818054,0.06398928165435791,0.9744265079498291,0.5727718472480774,0.7878473997116089,-0.08574702590703964,0.9222044348716736,0.4880695044994354,0.6770391464233398,0.08634326606988907,0.9551146030426025,0.5122694969177246,0.7944743037223816,-0.26564961671829224,0.9878378510475159,0.44935736060142517,0.7040338516235352,0.01906093955039978,0.9693137407302856
IMG_9678,72,2373,good,0.5798168778419495,0.44975700974464417,0.014875587075948715,0.9999342560768127,0.5886088609695435,0.4443562626838684,0.017269620671868324,0.9999284148216248,0.5931605100631714,0.44469842314720154,0.017222944647073746,0.999930739402771,0.5983892679214478,0.44522643089294434,0.017167679965496063,0.9999441504478455,0.5775358080863953,0.4438911974430084,0.04505668208003044,0.9998946785926819,0.5742887854576111,0.44378721714019775,0.04501040279865265,0.9998594522476196,0.5715264081954956,0.4438462555408478,0.04504575952887535,0.9998764991760254,0.6127481460571289,0.4507814049720764,0.07734258472919464,0.9999204874038696,0.5726906061172485,0.44666558504104614,0.20062081515789032,0.9998137950897217,0.5858152508735657,0.45758944749832153,0.04068327322602272,0.9998393058776855,0.5729221701622009,0.45662468671798706,0.0765957161784172,0.9997431635856628,0.6316580772399902,0.48743629455566406,0.0015144486678764224,0.9999493956565857,0.5415171384811401,0.4859614670276642,0.3325550854206085,0.9997217059135437,0.5718272924423218,0.5193713307380676,-0.1077977642416954,0.9574817419052124,0.48785412311553955,0.529682457447052,0.21881766617298126,0.3666625916957855,0.5433470010757446,0.4842524230480194,-0.1349504142999649,0.930042028427124,0.516072154045105,0.49453791975975037,-0.06400402635335922,0.4669727385044098,0.5395785570144653,0.47166481614112854,-0.15195128321647644,0.9021598696708679,0.5206772089004517,0.4847301244735718,-0.10862357169389725,0.41648879647254944,0.5472605228424072,0.4701496660709381,-0.14232976734638214,0.8910532593727112,0.5267010927200317,0.48051154613494873,-0.08528032898902893,0.39449557662010193,0.5491394996643066,0.4742928445339203,-0.1270246058702469,0.8297873139381409,0.5283693075180054,0.48492181301116943,-0.06691176444292068,0.3785049319267273,0.5520480275154114,0.601015031337738,-0.10001495480537415,0.9998391270637512,0.4954994022846222,0.5903398394584656,0.10008760541677475,0.9998139142990112,0.5271704792976379,0.6887408494949341,-0.15599045157432556,0.9924697279930115,0.39829370379447937,0.6369991302490234,-0.009940740652382374,0.978564441204071,0.5591840147972107,0.7749165296554565,-0.1323450207710266,0.9941890835762024,0.5140333771705627,0.705786943435669,0.230181023478508,0.9661167860031128,0.5767304301261902,0.7877593040466309,-0.1361788809299469,0.9166132211685181,0.5406760573387146,0.706312894821167,0.25380679965019226,0.9432743787765503,0.5118595361709595,0.794697105884552,-0.2717875838279724,0.987809956073761,0.5053294897079468,0.7421777844429016,0.21316403150558472,0.9609843492507935
IMG_9678,73,2406,good,0.5749580264091492,0.44780871272087097,0.007142697926610708,0.999933123588562,0.5850583910942078,0.442612886428833,0.01101309061050415,0.9999295473098755,0.5900565385818481,0.44310620427131653,0.01092903409153223,0.9999317526817322,0.595330536365509,0.44376567006111145,0.010833002626895905,0.9999452829360962,0.5740233063697815,0.4418162703514099,0.03876945376396179,0.9998956918716431,0.5710173845291138,0.4416636824607849,0.0387331061065197,0.9998589754104614,0.5677028894424438,0.4415474534034729,0.03875332698225975,0.9998778700828552,0.6088511943817139,0.4493071138858795,0.07960375398397446,0.9999226927757263,0.5687732696533203,0.44470423460006714,0.2040225714445114,0.9998120665550232,0.5814598202705383,0.45610854029655457,0.03630148246884346,0.9998332858085632,0.5680221319198608,0.4548164904117584,0.07177872210741043,0.999732255935669,0.6264469027519226,0.485535591840744,0.0033085679169744253,0.9999489188194275,0.5372734069824219,0.4847424626350403,0.34083858132362366,0.9996755123138428,0.572559118270874,0.5147943496704102,-0.1676511913537979,0.959721565246582,0.48726949095726013,0.5281529426574707,0.20813173055648804,0.3875250816345215,0.5433583855628967,0.48177874088287354,-0.2191498577594757,0.9348528385162354,0.5150672197341919,0.4922003149986267,-0.07263261824846268,0.5018614530563354,0.5393112301826477,0.4694395363330841,-0.2459406554698944,0.90837562084198,0.5195028781890869,0.48217201232910156,-0.11853297054767609,0.4498131275177002,0.5471422672271729,0.46601808071136475,-0.2352583110332489,0.8979436159133911,0.5251418948173523,0.47854265570640564,-0.0950089693069458,0.42852452397346497,0.5487619042396545,0.4716007113456726,-0.21286165714263916,0.8407368659973145,0.5255517959594727,0.4831202030181885,-0.07543721795082092,0.4104272127151489,0.5572237372398376,0.6006231904029846,-0.10853561758995056,0.999833881855011,0.4992620348930359,0.5925791263580322,0.1086421012878418,0.9997612237930298,0.5302615761756897,0.6897637248039246,-0.19729088246822357,0.9882267117500305,0.43297144770622253,0.6546857357025146,-0.008612309582531452,0.9690218567848206,0.5552918314933777,0.7749449610710144,-0.17968684434890747,0.9911538362503052,0.5370022058486938,0.7379583716392517,0.14110127091407776,0.9536794424057007,0.574383556842804,0.7881942391395569,-0.18369704484939575,0.9057787656784058,0.5609068870544434,0.7432213425636292,0.15354691445827484,0.9299643635749817,0.509074866771698,0.7963234186172485,-0.3257808983325958,0.9851933121681213,0.5205297470092773,0.7728036642074585,0.07610424607992172,0.9506319761276245
IMG_9678,74,2439,good,0.5743997693061829,0.44590577483177185,-0.023311035707592964,0.9999303221702576,0.5843097567558289,0.44115734100341797,-0.007565708365291357,0.999928891658783,0.5894229412078857,0.441776305437088,-0.007694769650697708,0.9999313950538635,0.594761848449707,0.4424930512905121,-0.007847712375223637,0.9999454021453857,0.5721678137779236,0.44001996517181396,0.010721506550908089,0.9998934268951416,0.5691512227058411,0.4398469924926758,0.010695142671465874,0.9998528957366943,0.5661099553108215,0.4397488534450531,0.010736921802163124,0.9998728632926941,0.6061540246009827,0.44787636399269104,0.07622510194778442,0.9999246597290039,0.5646470189094543,0.4429298937320709,0.1861967295408249,0.999796450138092,0.5811867713928223,0.45431527495384216,0.022010155022144318,0.9998244047164917,0.5657317042350769,0.4527241289615631,0.0435766838490963,0.9997145533561707,0.6209012866020203,0.484460711479187,0.0032200461719185114,0.9999468922615051,0.5343196392059326,0.48411619663238525,0.3312177360057831,0.9995484352111816,0.5665594339370728,0.5147349238395691,-0.16967055201530457,0.9620119333267212,0.4856952130794525,0.5268128514289856,0.18669156730175018,0.394819974899292,0.5403705835342407,0.47787556052207947,-0.2129111886024475,0.9390919804573059,0.513057291507721,0.489240825176239,-0.08214849978685379,0.5206263065338135,0.5362752079963684,0.4666197597980499,-0.24191267788410187,0.9137140512466431,0.5173255801200867,0.47987714409828186,-0.12698617577552795,0.4670168459415436,0.5424501895904541,0.46335917711257935,-0.2335003912448883,0.9039523005485535,0.5230485796928406,0.476364403963089,-0.10948432236909866,0.446613609790802,0.5455588102340698,0.4686433970928192,-0.20795683562755585,0.8504299521446228,0.525528073310852,0.4789329469203949,-0.08730379492044449,0.4277064800262451,0.5596152544021606,0.5992433428764343,-0.10892663151025772,0.9998297691345215,0.5034903883934021,0.592704176902771,0.1090761199593544,0.9997221231460571,0.5345649123191833,0.6866317987442017,-0.2182205766439438,0.9859802722930908,0.45253270864486694,0.6617582440376282,-0.020540568977594376,0.9629831314086914,0.5541958212852478,0.7748911380767822,-0.18405954539775848,0.9892130494117737,0.533849835395813,0.7522082328796387,0.11069098114967346,0.9485843181610107,0.572832465171814,0.7881856560707092,-0.18686798214912415,0.8983638286590576,0.5559632182121277,0.7610840797424316,0.1190510243177414,0.9217206835746765,0.506195068359375,0.7963960766792297,-0.34080636501312256,0.9834032654762268,0.5102697014808655,0.7780577540397644,0.022066568955779076,0.9452127814292908
IMG_9678,75,2472,good,0.5700187087059021,0.4449741244316101,-0.0867193266749382,0.9999254941940308,0.5802165865898132,0.44021573662757874,-0.07434923946857452,0.9999275803565979,0.5853182673454285,0.4408367872238159,-0.07446513324975967,0.9999305009841919,0.5906711220741272,0.44151192903518677,-0.07459034770727158,0.9999449849128723,0.5679703950881958,0.4390363395214081,-0.05345365032553673,0.9998898506164551,0.5650597214698792,0.4388040602207184,-0.05348159745335579,0.9998462200164795,0.5624457001686096,0.43868470191955566,-0.05344991013407707,0.9998670220375061,0.6020718812942505,0.44679224491119385,0.02810930274426937,0.9999257326126099,0.5612136125564575,0.44196221232414246,0.12410430610179901,0.9997855424880981,0.5769766569137573,0.45326900482177734,-0.04449049010872841,0.9998252391815186,0.5612223744392395,0.4518282115459442,-0.018583953380584717,0.9997108578681946,0.6176683902740479,0.4834427535533905,-0.03734101355075836,0.9999452233314514,0.5313076972961426,0.48350831866264343,0.28733086585998535,0.9994205236434937,0.5633352398872375,0.5107932090759277,-0.2228645533323288,0.9635140895843506,0.4846266508102417,0.5256139636039734,0.1672288328409195,0.4125223159790039,0.536418080329895,0.4744533598423004,-0.307762086391449,0.9425228238105774,0.5118448138237,0.48862701654434204,-0.07498364895582199,0.5412055253982544,0.5320518016815186,0.46305522322654724,-0.34412509202957153,0.9185108542442322,0.5157774686813354,0.4794877767562866,-0.11931097507476807,0.4875977635383606,0.5365942716598511,0.4613501727581024,-0.34062162041664124,0.909373939037323,0.5232319831848145,0.4759626090526581,-0.09885568916797638,0.46792134642601013,0.5399868488311768,0.46510037779808044,-0.3057275712490082,0.8591647744178772,0.5253369808197021,0.4776705205440521,-0.07857811450958252,0.4467630982398987,0.5613807439804077,0.599286675453186,-0.10858553647994995,0.9998258352279663,0.5070430636405945,0.5942420363426208,0.1087479516863823,0.9996273517608643,0.5403653383255005,0.6878959536552429,-0.18623708188533783,0.9841422438621521,0.4680057764053345,0.672339916229248,0.07663241028785706,0.9595719575881958,0.5504653453826904,0.775435745716095,-0.11956141144037247,0.9891716241836548,0.5587422251701355,0.734176516532898,0.2541781961917877,0.9464272260665894,0.5661928057670593,0.7892675995826721,-0.12183231860399246,0.8992860317230225,0.5813983678817749,0.7383872866630554,0.2672432065010071,0.9184830784797668,0.5046951770782471,0.796553909778595,-0.2976363003253937,0.9836556315422058,0.5476049184799194,0.76725834608078,0.18016070127487183,0.943658173084259
IMG_9678,76,2505,good,0.5665822625160217,0.44453537464141846,-0.09142279624938965,0.9999212026596069,0.5771901607513428,0.4401581883430481,-0.08087796717882156,0.9999266862869263,0.5821684002876282,0.4407370388507843,-0.08096154034137726,0.9999290704727173,0.5875157117843628,0.4413326680660248,-0.0810612291097641,0.999944269657135,0.5646243691444397,0.43884533643722534,-0.05844346061348915,0.9998875260353088,0.5611781477928162,0.438552588224411,-0.05848406255245209,0.999840497970581,0.5585654377937317,0.4383375942707062,-0.05843392759561539,0.9998644590377808,0.5985426306724548,0.44609686732292175,0.015929214656352997,0.9999254941940308,0.5579794645309448,0.4413350522518158,0.11514710634946823,0.9997727870941162,0.5739672183990479,0.4526439309120178,-0.052959635853767395,0.9998284578323364,0.5574522614479065,0.4513983726501465,-0.024926666170358658,0.9997166395187378,0.6145530939102173,0.48272156715393066,-0.05114419013261795,0.9999433755874634,0.5286139845848083,0.4835602641105652,0.28040340542793274,0.9993739724159241,0.5561951398849487,0.5107417106628418,-0.20132361352443695,0.9638530015945435,0.483576238155365,0.5257768034934998,0.14910030364990234,0.4347001910209656,0.5302620530128479,0.47429823875427246,-0.24017450213432312,0.9446631073951721,0.5090591311454773,0.48821768164634705,-0.10411475598812103,0.562928318977356,0.5268168449401855,0.4633350372314453,-0.26729774475097656,0.9219348430633545,0.5161888599395752,0.47697657346725464,-0.15025533735752106,0.5081290006637573,0.5325810313224792,0.46038925647735596,-0.25928279757499695,0.9132680892944336,0.5232353806495667,0.4756128191947937,-0.1234562024474144,0.4886137545108795,0.535306990146637,0.46493566036224365,-0.2341156005859375,0.8660521507263184,0.524795413017273,0.4768952429294586,-0.10595037043094635,0.46600988507270813,0.564889132976532,0.5994706153869629,-0.10883398354053497,0.9998236894607544,0.5105559229850769,0.5964632034301758,0.10903678834438324,0.9995226263999939,0.542442798614502,0.689828097820282,-0.16413986682891846,0.9826732277870178,0.49827077984809875,0.6857287287712097,0.13901075720787048,0.9497793912887573,0.5403644442558289,0.7777647972106934,-0.10378062725067139,0.989326000213623,0.5935894250869751,0.7161413431167603,0.36002105474472046,0.9405251145362854,0.5434504747390747,0.7909070253372192,-0.10639317333698273,0.9019020795822144,0.6118795871734619,0.7274807095527649,0.37877804040908813,0.9139915108680725,0.4952363073825836,0.7982649803161621,-0.2744506597518921,0.9841263890266418,0.5851926803588867,0.7602601051330566,0.3148433566093445,0.9406524896621704
IMG_9678,77,2538,good,0.5611364245414734,0.4446180462837219,-0.11314070969820023,0.9999218583106995,0.5721834301948547,0.43981632590293884,-0.10422001779079437,0.9999285936355591,0.576949417591095,0.4403446316719055,-0.10429657250642776,0.9999306797981262,0.5823572278022766,0.4408973455429077,-0.1043849065899849,0.9999456405639648,0.5596548318862915,0.4386323392391205,-0.08006918430328369,0.9998884201049805,0.5561647415161133,0.4383372962474823,-0.0801076889038086,0.9998397827148438,0.5535556674003601,0.43814894556999207,-0.08004020154476166,0.999864399433136,0.5940654277801514,0.4456125795841217,-0.008068999275565147,0.9999282360076904,0.5542382597923279,0.4413856565952301,0.09753908216953278,0.9997659921646118,0.5688144564628601,0.4528484344482422,-0.07466678321361542,0.9998371005058289,0.5526321530342102,0.45178112387657166,-0.044709693640470505,0.9997308850288391,0.6100072264671326,0.4819135367870331,-0.07332123816013336,0.9999454021453857,0.5292230248451233,0.48399752378463745,0.28222936391830444,0.9993482232093811,0.5518673658370972,0.5125676989555359,-0.21465176343917847,0.9657437801361084,0.4820893406867981,0.5255758762359619,0.16435673832893372,0.4585106670856476,0.5291216969490051,0.4750136137008667,-0.2531087398529053,0.9487242698669434,0.5074443221092224,0.48491838574409485,-0.08510305732488632,0.5866494178771973,0.5258097052574158,0.46389806270599365,-0.28683069348335266,0.9276018142700195,0.5141000747680664,0.47455090284347534,-0.12734608352184296,0.5311555862426758,0.5318230986595154,0.46111276745796204,-0.2850889563560486,0.9196533560752869,0.5229580998420715,0.4713972210884094,-0.10480696707963943,0.5121663808822632,0.5348411798477173,0.4647641181945801,-0.25062477588653564,0.875981330871582,0.5234189033508301,0.47491228580474854,-0.08800629526376724,0.4887341558933258,0.5701013803482056,0.5994563698768616,-0.11714860796928406,0.9998205900192261,0.5181901454925537,0.5977713465690613,0.11740685254335403,0.9994350671768188,0.5476632714271545,0.6897894144058228,-0.16458265483379364,0.9797398447990417,0.5140694379806519,0.6866805553436279,0.148702472448349,0.9344452023506165,0.5401169657707214,0.7779203057289124,-0.11723800748586655,0.9889928102493286,0.5899800062179565,0.7360655069351196,0.33394068479537964,0.9346362948417664,0.545337975025177,0.791082501411438,-0.11963146179914474,0.9047364592552185,0.6088268756866455,0.7406563758850098,0.3474697470664978,0.9104030132293701,0.49006348848342896,0.7986907362937927,-0.2866232693195343,0.984112560749054,0.5783806443214417,0.7702940106391907,0.2584399878978729,0.9372774958610535
IMG_9678,78,2571,good,0.558007538318634,0.4437479078769684,-0.09646815806627274,0.9999276995658875,0.5686888694763184,0.43876102566719055,-0.08614794909954071,0.9999343156814575,0.5734735727310181,0.43929195404052734,-0.08619960397481918,0.9999361038208008,0.578857958316803,0.43990254402160645,-0.08626730740070343,0.9999499917030334,0.556091845035553,0.4377068877220154,-0.06193504482507706,0.9998968839645386,0.5523598194122314,0.4373684823513031,-0.06197896972298622,0.9998514652252197,0.5495876669883728,0.4371635615825653,-0.061912450939416885,0.9998748302459717,0.5897407531738281,0.4449797570705414,0.005828659050166607,0.9999335408210754,0.5497511029243469,0.44063881039619446,0.11219505220651627,0.9997804760932922,0.5655777454376221,0.4519696533679962,-0.06016038358211517,0.9998496174812317,0.5491141080856323,0.4509356617927551,-0.03037649393081665,0.9997519254684448,0.6046996116638184,0.4813278019428253,-0.07621603459119797,0.9999482035636902,0.5267183780670166,0.4841580092906952,0.2851182222366333,0.9993429183959961,0.5500285625457764,0.512485682964325,-0.23345346748828888,0.9678072929382324,0.4780110716819763,0.5257024168968201,0.13498616218566895,0.4844711422920227,0.5253220200538635,0.4750348925590515,-0.2568395733833313,0.9525726437568665,0.5048604607582092,0.48445969820022583,-0.1244877278804779,0.6043022274971008,0.5219076871871948,0.464264452457428,-0.28709083795547485,0.9329210519790649,0.5105924606323242,0.47511959075927734,-0.16894954442977905,0.5453160405158997,0.5271855592727661,0.46162375807762146,-0.28105100989341736,0.92556232213974,0.5208068490028381,0.4717194139957428,-0.13585476577281952,0.5260661840438843,0.5308891534805298,0.4649167060852051,-0.2524614632129669,0.8852300643920898,0.5206514596939087,0.4753899872303009,-0.12455161660909653,0.5020149350166321,0.5736623406410217,0.5995631814002991,-0.12609615921974182,0.9998226761817932,0.5269320607185364,0.598749041557312,0.1262500286102295,0.9993631839752197,0.5468800663948059,0.6899921894073486,-0.18499213457107544,0.9784265160560608,0.5409048199653625,0.6894594430923462,0.13630379736423492,0.9207041263580322,0.5376884937286377,0.7782242894172668,-0.12226226180791855,0.9893856644630432,0.6437747478485107,0.7191706299781799,0.3284450173377991,0.932176411151886,0.5446741580963135,0.7908921837806702,-0.12335363030433655,0.9107025861740112,0.6694585680961609,0.7330992221832275,0.34561169147491455,0.9128826260566711,0.4895545244216919,0.7985407710075378,-0.2754518687725067,0.9848397374153137,0.6604270339012146,0.7548070549964905,0.29334747791290283,0.9369916319847107
IMG_9678,79,2604,good,0.5545133948326111,0.4444933533668518,-0.08615469187498093,0.9999328851699829,0.5649309754371643,0.4394804835319519,-0.08001292496919632,0.9999393820762634,0.5701510906219482,0.44001057744026184,-0.08013661950826645,0.9999409317970276,0.5754094123840332,0.44056105613708496,-0.08028978109359741,0.9999536871910095,0.5520559549331665,0.4384203851222992,-0.052983254194259644,0.9999049305915833,0.5484262704849243,0.4381246268749237,-0.05301070958375931,0.9998629093170166,0.5446799397468567,0.437920480966568,-0.05297233909368515,0.9998846650123596,0.5854799151420593,0.44534313678741455,0.02885434404015541,0.9999382495880127,0.5450076460838318,0.4413957893848419,0.1186479777097702,0.9997952580451965,0.5628265142440796,0.4525947570800781,-0.054964058101177216,0.9998608231544495,0.5459872484207153,0.45177462697029114,-0.020279718562960625,0.9997711777687073,0.6018863320350647,0.4814697206020355,-0.061560992151498795,0.9999508261680603,0.5246829986572266,0.4843675196170807,0.29053425788879395,0.9993558526039124,0.5511528849601746,0.5130631327629089,-0.21491189301013947,0.9693714380264282,0.47834810614585876,0.5261087417602539,0.1039530485868454,0.5128559470176697,0.5199252367019653,0.47595927119255066,-0.2388719916343689,0.9551525712013245,0.5021331310272217,0.4859243631362915,-0.20159083604812622,0.626815915107727,0.5151121020317078,0.4653576910495758,-0.26754117012023926,0.9364277124404907,0.5062620043754578,0.4772088825702667,-0.25244414806365967,0.5655015110969543,0.5200459361076355,0.4626704454421997,-0.2595515549182892,0.9294838309288025,0.5177155137062073,0.47352147102355957,-0.22316566109657288,0.5464811325073242,0.524482250213623,0.4658176004886627,-0.2337430864572525,0.8917707204818726,0.5173193216323853,0.47720667719841003,-0.20255638659000397,0.521405816078186,0.5800594687461853,0.5992996096611023,-0.13430529832839966,0.9998342990875244,0.5361735820770264,0.5994042754173279,0.13449202477931976,0.9993644952774048,0.5461018085479736,0.6899740099906921,-0.2423257678747177,0.9787704348564148,0.5568410754203796,0.6890202760696411,0.1932578682899475,0.9055551886558533,0.5381196737289429,0.7784702181816101,-0.251192569732666,0.989938497543335,0.6629041433334351,0.7184661626815796,0.40612444281578064,0.9260425567626953,0.5467837452888489,0.7908727526664734,-0.2587360739707947,0.9168052673339844,0.688055157661438,0.7233338356018066,0.4259386658668518,0.914374053478241,0.4843631386756897,0.7991470098495483,-0.41761964559555054,0.9854277968406677,0.6737262606620789,0.7539247870445251,0.3765519857406616,0.9332144856452942
IMG_9678,80,2637,good,0.5484243035316467,0.4447615146636963,-0.09039723128080368,0.9999374747276306,0.5585824847221375,0.4396331310272217,-0.08151064813137054,0.9999436140060425,0.5638089179992676,0.44012126326560974,-0.08154947310686111,0.9999448657035828,0.5689443945884705,0.4405457675457001,-0.08157423883676529,0.9999565482139587,0.5463825464248657,0.4386177659034729,-0.056689731776714325,0.9999117255210876,0.5431541204452515,0.43834492564201355,-0.056750040501356125,0.9998728632926941,0.5394665598869324,0.4381413459777832,-0.056687019765377045,0.9998934864997864,0.5803587436676025,0.4448913037776947,0.01366435457020998,0.9999417662620544,0.5414068698883057,0.44162940979003906,0.1135067418217659,0.9998085498809814,0.5571386218070984,0.45271074771881104,-0.056010399013757706,0.999871015548706,0.5409948229789734,0.4521084129810333,-0.024930210784077644,0.999788761138916,0.600509524345398,0.48122116923332214,-0.07507440447807312,0.9999523758888245,0.5243161916732788,0.4844353497028351,0.2762617766857147,0.9993937611579895,0.550173819065094,0.5148678421974182,-0.2164631187915802,0.971194326877594,0.47810590267181396,0.5288194417953491,0.08365152031183243,0.5492817163467407,0.5162079334259033,0.47778794169425964,-0.23276680707931519,0.9578060507774353,0.4983385503292084,0.487779825925827,-0.21432164311408997,0.6566876769065857,0.5109924674034119,0.46842676401138306,-0.2614021301269531,0.9399285316467285,0.5036857724189758,0.47907453775405884,-0.26382389664649963,0.5957520604133606,0.5159339904785156,0.4652424454689026,-0.2523330748081207,0.9333586096763611,0.5148056745529175,0.47572430968284607,-0.2362063229084015,0.5775443911552429,0.5204784274101257,0.4673958718776703,-0.22697508335113525,0.8982518911361694,0.5147504806518555,0.4787759482860565,-0.2148130238056183,0.5526206493377686,0.585256814956665,0.5984923839569092,-0.14334511756896973,0.9998398423194885,0.542929470539093,0.5990907549858093,0.1434088945388794,0.9993669986724854,0.5458913445472717,0.6886820793151855,-0.24553745985031128,0.9789590239524841,0.5687952041625977,0.6874951720237732,0.20876266062259674,0.8972751498222351,0.5379900336265564,0.7783538103103638,-0.23583067953586578,0.990491509437561,0.6805776953697205,0.7265544533729553,0.37670138478279114,0.9259631633758545,0.546999990940094,0.790094256401062,-0.24148502945899963,0.9222014546394348,0.7031619548797607,0.7224605083465576,0.392543762922287,0.9190400838851929,0.4792422354221344,0.7997893691062927,-0.4006058871746063,0.9858838319778442,0.6936215162277222,0.762859582901001,0.3262837529182434,0.9338176846504211
IMG_9678,81,2670,good,0.5442470908164978,0.44505247473716736,-0.08719590306282043,0.9999428391456604,0.5536583065986633,0.4398834705352783,-0.07736153155565262,0.9999483227729797,0.5590135455131531,0.4403199851512909,-0.07743872702121735,0.9999493956565857,0.5641513466835022,0.440687358379364,-0.07753178477287292,0.9999599456787109,0.5422019958496094,0.43893203139305115,-0.05368304252624512,0.9999194145202637,0.5388582944869995,0.4386720359325409,-0.05370708554983139,0.9998840093612671,0.5353749394416809,0.4384593665599823,-0.05364047735929489,0.9999029636383057,0.5762162804603577,0.4446415305137634,0.012778205797076225,0.9999460577964783,0.537944495677948,0.4418127238750458,0.11868629604578018,0.9998247027397156,0.5527454614639282,0.45276156067848206,-0.050481151789426804,0.9998819828033447,0.5371309518814087,0.45234593749046326,-0.01993473805487156,0.9998075366020203,0.5998623371124268,0.48108989000320435,-0.07621047645807266,0.9999545812606812,0.5221957564353943,0.484979510307312,0.27364441752433777,0.999441921710968,0.5507608652114868,0.5173763632774353,-0.2186467945575714,0.9726685881614685,0.4765411913394928,0.5332692861557007,0.07818681746721268,0.5848621129989624,0.5120857954025269,0.4812864661216736,-0.24255557358264923,0.9601262807846069,0.4904780089855194,0.4925840198993683,-0.23636896908283234,0.6860416531562805,0.5049616098403931,0.47097864747047424,-0.27560263872146606,0.9430983066558838,0.4954514801502228,0.48210448026657104,-0.2874322533607483,0.6268869638442993,0.5111404657363892,0.4675719738006592,-0.26472756266593933,0.9368556141853333,0.5057210326194763,0.4767059087753296,-0.2622593641281128,0.6096290946006775,0.5158028602600098,0.4697340726852417,-0.23608802258968353,0.9039016962051392,0.5059136748313904,0.48115137219429016,-0.23721624910831451,0.5851585268974304,0.5908452272415161,0.5968305468559265,-0.1438574492931366,0.9998503923416138,0.5477280020713806,0.5986303091049194,0.1438829004764557,0.9994059801101685,0.5450912117958069,0.6855482459068298,-0.2671680450439453,0.9796819686889648,0.58101886510849,0.6853236556053162,0.2138068974018097,0.8877683877944946,0.5374499559402466,0.7782464027404785,-0.2498960942029953,0.9910728931427002,0.6813175082206726,0.7335109114646912,0.39106476306915283,0.9261114001274109,0.548052191734314,0.7892223596572876,-0.2538338005542755,0.9279268980026245,0.7041693329811096,0.7292590141296387,0.4077359735965729,0.9231913089752197,0.4749423563480377,0.8005297183990479,-0.40537208318710327,0.986382246017456,0.6846511960029602,0.7691677808761597,0.3404366672039032,0.9334923624992371
IMG_9678,82,2703,good,0.5426456332206726,0.44535648822784424,-0.0877920538187027,0.9999481439590454,0.5524880290031433,0.4402347803115845,-0.07823222130537033,0.999953031539917,0.5576712489128113,0.44067755341529846,-0.07825464010238647,0.9999539852142334,0.5630396008491516,0.44106006622314453,-0.0782819390296936,0.9999634623527527,0.540151059627533,0.43926718831062317,-0.05402769520878792,0.9999269843101501,0.53705894947052,0.43900614976882935,-0.054074063897132874,0.999894917011261,0.5334911942481995,0.4387931525707245,-0.05400654301047325,0.9999121427536011,0.5746687054634094,0.4450846016407013,0.010002770461142063,0.9999508857727051,0.5356045961380005,0.4421215057373047,0.1162513867020607,0.999841034412384,0.5516341924667358,0.45306596159935,-0.05188005790114403,0.9998929500579834,0.5355140566825867,0.45265111327171326,-0.0216058399528265,0.9998257756233215,0.5982527732849121,0.48113784193992615,-0.08128343522548676,0.9999567866325378,0.5209733247756958,0.485844224691391,0.27622097730636597,0.999489426612854,0.5507209300994873,0.5195040702819824,-0.21409693360328674,0.9740176796913147,0.4770963788032532,0.5358114242553711,0.09114911407232285,0.6117925047874451,0.5068250894546509,0.4851892590522766,-0.20244167745113373,0.9616732001304626,0.48875924944877625,0.49871256947517395,-0.22444698214530945,0.7101466059684753,0.49948152899742126,0.4743013083934784,-0.2317989319562912,0.9452732801437378,0.4924517571926117,0.49096646904945374,-0.2716721296310425,0.6521636843681335,0.5041195750236511,0.4709989130496979,-0.21997284889221191,0.9392976760864258,0.5024508237838745,0.48539772629737854,-0.24927712976932526,0.6355398297309875,0.5090948939323425,0.4730098843574524,-0.1942390352487564,0.9081755876541138,0.5035468339920044,0.4869038760662079,-0.22593583166599274,0.6110818982124329,0.5940489172935486,0.5969997048377991,-0.14612320065498352,0.999862790107727,0.5556357502937317,0.5992853045463562,0.14614242315292358,0.9994539022445679,0.5441115498542786,0.6843352317810059,-0.2937931418418884,0.9812443852424622,0.593644917011261,0.6845259666442871,0.22546476125717163,0.8853465914726257,0.5378574728965759,0.778221607208252,-0.2640041708946228,0.9917725920677185,0.6919345855712891,0.7363176345825195,0.42003101110458374,0.9295333623886108,0.5540794730186462,0.789240837097168,-0.26560476422309875,0.9341094493865967,0.7128018140792847,0.7329919338226318,0.437877893447876,0.9283706545829773,0.47838082909584045,0.8012107610702515,-0.4049510359764099,0.9871780276298523,0.689965009689331,0.7702884078025818,0.37267762422561646,0.9355633854866028
IMG_9678,83,2736,good,0.5403416156768799,0.44653648138046265,-0.12225969135761261,0.9999529719352722,0.5501527190208435,0.4410269260406494,-0.11370513588190079,0.9999573826789856,0.555338978767395,0.441514253616333,-0.1137145459651947,0.9999582171440125,0.5607209801673889,0.4418552815914154,-0.11370591074228287,0.9999668002128601,0.5376864671707153,0.44004932045936584,-0.08798006922006607,0.9999338984489441,0.5347053408622742,0.4397761821746826,-0.08804024010896683,0.9999049305915833,0.5311316847801208,0.4394916296005249,-0.08797639608383179,0.9999204874038696,0.5720465183258057,0.44549843668937683,-0.024179168045520782,0.9999553561210632,0.5338186621665955,0.44295334815979004,0.08704903721809387,0.9998559951782227,0.549497127532959,0.4542105495929718,-0.08576537668704987,0.9999030232429504,0.5333608388900757,0.45417696237564087,-0.05403551459312439,0.9998424053192139,0.5967259407043457,0.4813483953475952,-0.10063555091619492,0.9999585747718811,0.521062433719635,0.4883224070072174,0.2620890736579895,0.999530553817749,0.5504340529441833,0.5252145528793335,-0.23002536594867706,0.9752733111381531,0.4784213602542877,0.5390723943710327,0.07967989891767502,0.6352970004081726,0.5085474252700806,0.4868653118610382,-0.2481650710105896,0.9634341597557068,0.4865524172782898,0.5046761631965637,-0.255109965801239,0.7305858135223389,0.5001603364944458,0.47635072469711304,-0.2810225784778595,0.9477742314338684,0.4888906478881836,0.49664363265037537,-0.3026430606842041,0.6727065443992615,0.5064337849617004,0.47156596183776855,-0.27125468850135803,0.9421296715736389,0.4949159324169159,0.4919813573360443,-0.28162121772766113,0.6565716862678528,0.511080801486969,0.47473788261413574,-0.24113832414150238,0.9125548005104065,0.49989357590675354,0.49250584840774536,-0.25723204016685486,0.6316179633140564,0.5992205142974854,0.5972264409065247,-0.14411720633506775,0.999872624874115,0.5645956993103027,0.6005035042762756,0.14417923986911774,0.99949049949646,0.5448819994926453,0.684421181678772,-0.297993540763855,0.9823734164237976,0.608526349067688,0.6830633282661438,0.23744504153728485,0.8794906735420227,0.5419066548347473,0.7782734632492065,-0.2996421456336975,0.9923592209815979,0.6989192366600037,0.7392951250076294,0.4370098412036896,0.9306260943412781,0.5580520033836365,0.7900374531745911,-0.30547186732292175,0.9396418333053589,0.7196391820907593,0.7384275794029236,0.45473724603652954,0.9323948621749878,0.4797571897506714,0.8010846972465515,-0.4543485939502716,0.9877328276634216,0.6905695796012878,0.7700189352035522,0.3843849003314972,0.9352298378944397
IMG_9678,84,2769,good,0.5375245809555054,0.44927701354026794,-0.14977391064167023,0.9999573826789856,0.5468835234642029,0.4427795112133026,-0.1462949961423874,0.9999613761901855,0.5517469644546509,0.44303998351097107,-0.14629577100276947,0.9999621510505676,0.5568008422851562,0.44335055351257324,-0.146309494972229,0.9999698400497437,0.5356213450431824,0.442084401845932,-0.11698441207408905,0.9999402761459351,0.5327938795089722,0.4418126940727234,-0.11703889816999435,0.9999141097068787,0.5295289158821106,0.44156163930892944,-0.11700142920017242,0.9999281167984009,0.5696173310279846,0.4473089873790741,-0.07265288382768631,0.9999594688415527,0.5336002707481384,0.4450519382953644,0.053386349231004715,0.9998697638511658,0.5466944575309753,0.45702752470970154,-0.11910509318113327,0.9999120831489563,0.5316175818443298,0.4572373628616333,-0.08322273194789886,0.9998574256896973,0.594670832157135,0.48153525590896606,-0.14650487899780273,0.9999575018882751,0.5219608545303345,0.4918747544288635,0.23673899471759796,0.9995656609535217,0.5471068024635315,0.5323562026023865,-0.23158250749111176,0.9765071272850037,0.48158252239227295,0.542341411113739,0.06256227195262909,0.6517313122749329,0.5088530778884888,0.49177029728889465,-0.204552561044693,0.964834988117218,0.48839715123176575,0.5057149529457092,-0.2940826416015625,0.7467808127403259,0.5002028346061707,0.48070111870765686,-0.22947469353675842,0.9496520161628723,0.49120476841926575,0.49652063846588135,-0.34001487493515015,0.6893661618232727,0.507836639881134,0.47523197531700134,-0.22939205169677734,0.9442917108535767,0.4980897009372711,0.4918159246444702,-0.32149413228034973,0.6735312342643738,0.5125778913497925,0.4792194664478302,-0.19892273843288422,0.916277289390564,0.5018370151519775,0.4943101406097412,-0.2968127727508545,0.647928774356842,0.6011309027671814,0.5984535217285156,-0.14490103721618652,0.9998741745948792,0.5748392343521118,0.6018677949905396,0.14500737190246582,0.9995109438896179,0.5445778369903564,0.683891773223877,-0.27581968903541565,0.9833381175994873,0.618798553943634,0.6809999942779541,0.22977060079574585,0.8700349926948547,0.5434479117393494,0.7784417271614075,-0.2906152904033661,0.9926570653915405,0.7033060193061829,0.7417318224906921,0.3859591782093048,0.9292835593223572,0.5589523315429688,0.7906188368797302,-0.29858261346817017,0.9446327090263367,0.7259079217910767,0.7428101301193237,0.39977705478668213,0.9350373148918152,0.48069626092910767,0.8006537556648254,-0.43117815256118774,0.9875147342681885,0.6930252313613892,0.7691395878791809,0.3339979648590088,0.9318374395370483
IMG_9678,85,2802,good,0.537015438079834,0.4507746398448944,-0.1530766785144806,0.9999614953994751,0.5462870001792908,0.44477567076683044,-0.14381186664104462,0.9999651312828064,0.5512363314628601,0.44509586691856384,-0.14387261867523193,0.9999658465385437,0.5562446117401123,0.4454527497291565,-0.14394360780715942,0.9999727606773376,0.5352931022644043,0.44407859444618225,-0.11518242210149765,0.999946117401123,0.532605767250061,0.4439242482185364,-0.11521359533071518,0.9999224543571472,0.5294747948646545,0.44377124309539795,-0.11509217321872711,0.9999350905418396,0.5683931112289429,0.45013707876205444,-0.05153664946556091,0.9999634027481079,0.5330384373664856,0.44706645607948303,0.07076922804117203,0.9998823404312134,0.5458025336265564,0.45896923542022705,-0.11583103239536285,0.9999206066131592,0.531094491481781,0.45901212096214294,-0.08071967214345932,0.9998711347579956,0.5935171246528625,0.48276227712631226,-0.13169355690479279,0.9999601244926453,0.5224156975746155,0.49416422843933105,0.2619704008102417,0.999584436416626,0.5468448400497437,0.5369071960449219,-0.21263618767261505,0.9775832295417786,0.49194443225860596,0.5465651154518127,0.12072109431028366,0.6382929086685181,0.5088499188423157,0.4946231245994568,-0.1325494945049286,0.9653410315513611,0.4904201924800873,0.5134527683258057,-0.2781660258769989,0.7381967902183533,0.4999169707298279,0.4850834608078003,-0.15231943130493164,0.950122594833374,0.49261152744293213,0.5040674805641174,-0.29464730620384216,0.6801875233650208,0.5066248178482056,0.4800444543361664,-0.14886759221553802,0.9451416730880737,0.4999610185623169,0.4989440441131592,-0.31721553206443787,0.6638842821121216,0.512460470199585,0.4835222363471985,-0.12453873455524445,0.9178035259246826,0.5030785202980042,0.49999117851257324,-0.2675417363643646,0.637337863445282,0.6060053706169128,0.5993720293045044,-0.15264782309532166,0.9998835921287537,0.5771849155426025,0.6031503677368164,0.15290863811969757,0.999540388584137,0.5462163090705872,0.6819016933441162,-0.35523292422294617,0.9844716787338257,0.6236834526062012,0.6801996231079102,0.29225844144821167,0.8598901033401489,0.5438424348831177,0.7783929109573364,-0.40908026695251465,0.9931511878967285,0.7083074450492859,0.7392167448997498,0.5092614889144897,0.9261956810951233,0.5615242719650269,0.7908177971839905,-0.4198387563228607,0.9491879940032959,0.7337047457695007,0.741845965385437,0.5277770161628723,0.9355587959289551,0.4805773198604584,0.8006007075309753,-0.5638101100921631,0.9878671169281006,0.7010085582733154,0.7690479755401611,0.4670170247554779,0.9264397621154785
IMG_9678,86,2835,good,0.5352126955986023,0.45343148708343506,-0.20691952109336853,0.9999651908874512,0.5439475178718567,0.4471718966960907,-0.19710280001163483,0.9999684691429138,0.5485104322433472,0.44741493463516235,-0.1971818208694458,0.9999691247940063,0.5532826781272888,0.44767534732818604,-0.19726981222629547,0.999975323677063,0.5334897041320801,0.44658753275871277,-0.1674683392047882,0.9999513030052185,0.5310649275779724,0.4463891088962555,-0.1674843281507492,0.9999299049377441,0.5284178256988525,0.44622936844825745,-0.1673738956451416,0.9999412298202515,0.5663227438926697,0.4524935185909271,-0.09720180183649063,0.9999669194221497,0.5322509407997131,0.449580579996109,0.031491998583078384,0.9998934268951416,0.5442098379135132,0.4616960883140564,-0.16672910749912262,0.9999281764030457,0.5302889943122864,0.46175768971443176,-0.1300467550754547,0.999883234500885,0.5937370657920837,0.48384514451026917,-0.1668870896100998,0.9999611973762512,0.5237521529197693,0.4968102276325226,0.24363812804222107,0.9995934367179871,0.5472074747085571,0.538973867893219,-0.24160227179527283,0.9786375761032104,0.5081443786621094,0.5488594770431519,0.12822765111923218,0.6074973940849304,0.5089226365089417,0.49678969383239746,-0.14974983036518097,0.965722918510437,0.5029262900352478,0.5213544964790344,-0.20130178332328796,0.712178111076355,0.5001187920570374,0.48674115538597107,-0.18031622469425201,0.950695812702179,0.5042354464530945,0.5197290778160095,-0.22218245267868042,0.6574756503105164,0.5071591138839722,0.481846421957016,-0.1600281149148941,0.9460920691490173,0.5045375227928162,0.5138360261917114,-0.23812682926654816,0.6418935656547546,0.5126751065254211,0.48548781871795654,-0.14224638044834137,0.919429361820221,0.50924152135849,0.5159177780151367,-0.20857292413711548,0.6153368949890137,0.6090930104255676,0.6009293794631958,-0.15220846235752106,0.9998897910118103,0.5829946398735046,0.604478120803833,0.15248097479343414,0.9995603561401367,0.5488693714141846,0.681654155254364,-0.3262759745121002,0.9853368997573853,0.6288138628005981,0.6804490089416504,0.2706783711910248,0.8564289808273315,0.5443175435066223,0.7784452438354492,-0.3640978932380676,0.9935881495475769,0.7145209312438965,0.7407838702201843,0.4508250057697296,0.9273744225502014,0.5614207983016968,0.790812611579895,-0.37320399284362793,0.9535564184188843,0.7416585087776184,0.7439491748809814,0.4654942452907562,0.9385846257209778,0.48071736097335815,0.8006197214126587,-0.5117794871330261,0.9881488680839539,0.7077645063400269,0.7696952223777771,0.4010215699672699,0.924638569355011
