video_no,frame,timestamp_ms,good,x0,y0,z0,visibility0,x1,y1,z1,visibility1,x2,y2,z2,visibility2,x3,y3,z3,visibility3,x4,y4,z4,visibility4,x5,y5,z5,visibility5,x6,y6,z6,visibility6,x7,y7,z7,visibility7,x8,y8,z8,visibility8,x9,y9,z9,visibility9,x10,y10,z10,visibility10,x11,y11,z11,visibility11,x12,y12,z12,visibility12,x13,y13,z13,visibility13,x14,y14,z14,visibility14,x15,y15,z15,visibility15,x16,y16,z16,visibility16,x17,y17,z17,visibility17,x18,y18,z18,visibility18,x19,y19,z19,visibility19,x20,y20,z20,visibility20,x21,y21,z21,visibility21,x22,y22,z22,visibility22,x23,y23,z23,visibility23,x24,y24,z24,visibility24,x25,y25,z25,visibility25,x26,y26,z26,visibility26,x27,y27,z27,visibility27,x28,y28,z28,visibility28,x29,y29,z29,visibility29,x30,y30,z30,visibility30,x31,y31,z31,visibility31,x32,y32,z32,visibility32
IMG_9583 3,1,32,good,0.4693739414215088,0.4664928913116455,-0.016300808638334274,0.9999295473098755,0.47900086641311646,0.4594407081604004,-0.0526193231344223,0.9999254941940308,0.48085248470306396,0.4593955874443054,-0.05262097343802452,0.9999366998672485,0.482533723115921,0.4594516158103943,-0.0525914803147316,0.9999293088912964,0.4797079563140869,0.45925992727279663,-0.00038454533205367625,0.9999170303344727,0.4818975329399109,0.45902910828590393,-0.00029198703123256564,0.9999039173126221,0.4837031662464142,0.4589189291000366,-0.0003129338729195297,0.9999105930328369,0.5007756948471069,0.4636705815792084,-0.13784807920455933,0.99992835521698,0.49921607971191406,0.46180498600006104,0.09658445417881012,0.9999045133590698,0.47324419021606445,0.4742199778556824,-0.03911970183253288,0.9998863935470581,0.4733307659626007,0.47363266348838806,0.028493130579590797,0.9998762607574463,0.5293793082237244,0.4986552596092224,-0.2611113488674164,0.9999644756317139,0.5326651334762573,0.5039432644844055,0.2436942756175995,0.9998107552528381,0.47888070344924927,0.5518652200698853,-0.3727846145629883,0.9776563048362732,0.5198219418525696,0.5688391923904419,0.3023289442062378,0.0577956922352314,0.44650840759277344,0.5143924355506897,-0.3230631351470947,0.8935453295707703,0.5262823700904846,0.620525598526001,0.22699834406375885,0.04459014907479286,0.44145166873931885,0.5035430192947388,-0.35273757576942444,0.8602127432823181,0.52620530128479,0.6326044797897339,0.2324252724647522,0.05683846399188042,0.45106106996536255,0.4992341995239258,-0.33215251564979553,0.8524540066719055,0.5242716670036316,0.6304969191551208,0.20005005598068237,0.05758243426680565,0.454238623380661,0.5032601356506348,-0.3118526041507721,0.8030789494514465,0.5246507525444031,0.6257253289222717,0.21038924157619476,0.060468461364507675,0.5159351825714111,0.6230417490005493,-0.16648118197917938,0.999734103679657,0.529189944267273,0.6231804490089417,0.16625764966011047,0.9993401169776917,0.4882700741291046,0.7116155028343201,-0.1742849200963974,0.9531803131103516,0.5629374384880066,0.7110929489135742,0.22339361906051636,0.5913249850273132,0.505536675453186,0.805306613445282,-0.14307311177253723,0.9906502962112427,0.6565223336219788,0.7872741222381592,0.29722529649734497,0.8585927486419678,0.5235080718994141,0.8196552991867065,-0.14424990117549896,0.9736518859863281,0.6844874024391174,0.7982513308525085,0.3014843463897705,0.8948931097984314,0.4342932105064392,0.8274854421615601,-0.25304362177848816,0.9848729372024536,0.6116026639938354,0.8159677982330322,0.25411441922187805,0.8972992897033691
IMG_9583 3,2,65,good,0.4705992043018341,0.46632739901542664,-0.01968565583229065,0.9999344944953918,0.481155127286911,0.4594340920448303,-0.053563233464956284,0.9999313354492188,0.4831640124320984,0.4593959152698517,-0.053571488708257675,0.9999418258666992,0.4851093888282776,0.4594520926475525,-0.053582873195409775,0.9999351501464844,0.481026828289032,0.4591929316520691,-0.0014289615210145712,0.9999225735664368,0.4828926920890808,0.45894643664360046,-0.0013538303319364786,0.9999107122421265,0.4846275746822357,0.4587825834751129,-0.0013286519097164273,0.9999165534973145,0.5019820928573608,0.46370044350624084,-0.1366855353116989,0.9999346137046814,0.5000250935554504,0.4618615508079529,0.09661433845758438,0.9999101758003235,0.47522762417793274,0.47409334778785706,-0.04206185042858124,0.9998944401741028,0.4747515022754669,0.47342219948768616,0.024505356326699257,0.9998831152915955,0.5303613543510437,0.498567670583725,-0.2587031424045563,0.9999665021896362,0.5293880701065063,0.5040081143379211,0.24067483842372894,0.9997958540916443,0.48144328594207764,0.5530709624290466,-0.23445630073547363,0.9789795279502869,0.513943612575531,0.567171573638916,0.21618519723415375,0.055318016558885574,0.44693905115127563,0.5148979425430298,0.03354017809033394,0.8990158438682556,0.5065098404884338,0.5841919183731079,0.004827250726521015,0.04572528600692749,0.4429394006729126,0.5035258531570435,0.029914580285549164,0.8666733503341675,0.5038620829582214,0.588182270526886,-0.014621445909142494,0.06129482388496399,0.45115071535110474,0.49924537539482117,0.03846632316708565,0.8594998717308044,0.5048406720161438,0.5812408924102783,-0.03961045667529106,0.062480609863996506,0.4542345702648163,0.5033838152885437,0.04708283394575119,0.8131871223449707,0.5050764083862305,0.5795924067497253,-0.014094015583395958,0.06510378420352936,0.5157634615898132,0.6231756210327148,-0.16549985110759735,0.9997490644454956,0.5261830687522888,0.6232469081878662,0.16532865166664124,0.9993630647659302,0.4869430959224701,0.711652934551239,-0.16755634546279907,0.9574229121208191,0.5521907806396484,0.7110635042190552,0.23002110421657562,0.6222472786903381,0.5080915093421936,0.8055005073547363,-0.14306288957595825,0.9914259314537048,0.6469047665596008,0.7824869155883789,0.31088244915008545,0.8694993853569031,0.5263309478759766,0.8199774026870728,-0.14421692490577698,0.975756049156189,0.6771888732910156,0.7920128703117371,0.3180314600467682,0.902060866355896,0.43669357895851135,0.8276077508926392,-0.23991812765598297,0.9858619570732117,0.6119677424430847,0.8158072233200073,0.2972855269908905,0.9030781388282776
IMG_9583 3,3,98,good,0.4740464687347412,0.46641474962234497,0.008226806297898293,0.9999396800994873,0.48501619696617126,0.4594457447528839,-0.024528393521904945,0.9999371767044067,0.48728445172309875,0.4594162106513977,-0.024547280743718147,0.9999468922615051,0.4892660677433014,0.4594745337963104,-0.02458581142127514,0.999940812587738,0.48394256830215454,0.4591926336288452,0.027523862197995186,0.9999285936355591,0.4853161871433258,0.45894476771354675,0.027568886056542397,0.9999179840087891,0.4868662655353546,0.4587770700454712,0.027657030150294304,0.9999232292175293,0.5034987330436707,0.46370044350624084,-0.10460824519395828,0.9999405145645142,0.5006049275398254,0.4619244933128357,0.12681043148040771,0.9999167919158936,0.4793121814727783,0.4741625189781189,-0.013972531072795391,0.9999022483825684,0.47782671451568604,0.4735625684261322,0.051934242248535156,0.9998904466629028,0.5316817164421082,0.49836465716362,-0.24138681590557098,0.9999690651893616,0.5215849876403809,0.5040064454078674,0.2634819746017456,0.9997997879981995,0.4804859757423401,0.5526344776153564,-0.19965703785419464,0.9803662300109863,0.5058257579803467,0.5649459362030029,0.23984332382678986,0.05599692836403847,0.44722798466682434,0.513420045375824,0.08421643823385239,0.9041140675544739,0.49643516540527344,0.5917416214942932,0.05826949700713158,0.04930556192994118,0.4434841275215149,0.501860499382019,0.08353426307439804,0.8720038533210754,0.49125412106513977,0.5986763834953308,0.04248159006237984,0.0677441880106926,0.45125120878219604,0.4986257553100586,0.09075203537940979,0.8653267621994019,0.49431338906288147,0.592779815196991,0.01766274869441986,0.06946013867855072,0.45424845814704895,0.5023723840713501,0.09744863212108612,0.8220241665840149,0.49577903747558594,0.5899538993835449,0.03992785885930061,0.07208891212940216,0.5131691694259644,0.6226975321769714,-0.16750261187553406,0.9997640252113342,0.5128164887428284,0.6230084300041199,0.1672831028699875,0.9993921518325806,0.48583629727363586,0.7116410136222839,-0.1677776277065277,0.9609116315841675,0.5129300355911255,0.7107704281806946,0.20894810557365417,0.648857057094574,0.5103092193603516,0.8062761425971985,-0.13989265263080597,0.9920010566711426,0.6261917948722839,0.7737696766853333,0.27451905608177185,0.8789356350898743,0.5309648513793945,0.8204365968704224,-0.13969700038433075,0.9771602153778076,0.6547893285751343,0.7785411477088928,0.28080958127975464,0.9089820384979248,0.4392063617706299,0.8278838396072388,-0.22657780349254608,0.9863788485527039,0.6125040650367737,0.8117044568061829,0.26902300119400024,0.9076127409934998
IMG_9583 3,4,131,good,0.4743204712867737,0.46681153774261475,0.058763183653354645,0.9999447464942932,0.48520970344543457,0.4603951871395111,0.027400434017181396,0.9999427199363708,0.48748311400413513,0.4603591859340668,0.027386009693145752,0.9999516606330872,0.4895441234111786,0.46031248569488525,0.02734570950269699,0.999946117401123,0.4841456711292267,0.46002933382987976,0.07867783308029175,0.9999344944953918,0.485554039478302,0.45972880721092224,0.07873488962650299,0.999924898147583,0.48710885643959045,0.4594419300556183,0.07883590459823608,0.999929666519165,0.5047057867050171,0.46414241194725037,-0.053163912147283554,0.9999459981918335,0.501268208026886,0.4628422260284424,0.17524175345897675,0.9999234080314636,0.47970542311668396,0.47434934973716736,0.03535029664635658,0.9999098777770996,0.4783138632774353,0.4738483130931854,0.10053770244121552,0.9998981952667236,0.5336319208145142,0.49840131402015686,-0.19798918068408966,0.9999716281890869,0.5174478888511658,0.5040468573570251,0.3033091425895691,0.9998088479042053,0.48035362362861633,0.5526381731033325,-0.1522873193025589,0.981579601764679,0.49865293502807617,0.5649388432502747,0.2988075315952301,0.05860362946987152,0.4485902786254883,0.5132766962051392,0.13994230329990387,0.9092001914978027,0.4935610592365265,0.5950272083282471,0.13676492869853973,0.05378750339150429,0.44594070315361023,0.5012252926826477,0.1402057558298111,0.8767856955528259,0.4879082441329956,0.6030906438827515,0.11005816608667374,0.07410965114831924,0.4530271887779236,0.4981920123100281,0.14887812733650208,0.8705100417137146,0.490457147359848,0.5999354124069214,0.08423417061567307,0.07617627084255219,0.4555205702781677,0.5016933679580688,0.15324074029922485,0.8300859332084656,0.49289369583129883,0.5967974662780762,0.11477038264274597,0.07914876937866211,0.510439932346344,0.6212525963783264,-0.16751599311828613,0.9997802972793579,0.499967098236084,0.6222143173217773,0.16729798913002014,0.9994315505027771,0.48486146330833435,0.7110922336578369,-0.16940267384052277,0.9638828039169312,0.49082058668136597,0.7093802094459534,0.19401590526103973,0.6724360585212708,0.511708676815033,0.8064272999763489,-0.12328070402145386,0.99233478307724,0.6015118360519409,0.7715865969657898,0.2660047709941864,0.8867979645729065,0.5334580540657043,0.820204496383667,-0.11970379948616028,0.9777798056602478,0.6313174962997437,0.7663781642913818,0.2724021375179291,0.9137696027755737,0.4594195783138275,0.8282262682914734,-0.20181021094322205,0.986701488494873,0.6072031259536743,0.8062881231307983,0.25025802850723267,0.9117753505706787
IMG_9583 3,5,163,good,0.47489410638809204,0.46708929538726807,0.037712860852479935,0.9999489784240723,0.4852677583694458,0.4609896242618561,0.005253191106021404,0.9999477863311768,0.48752346634864807,0.46093782782554626,0.00522921048104763,0.999955952167511,0.48964735865592957,0.46081477403640747,0.005184425041079521,0.9999509453773499,0.48443999886512756,0.46066632866859436,0.05798608437180519,0.9999395608901978,0.486003577709198,0.4604053497314453,0.05803151801228523,0.9999308586120605,0.48773470520973206,0.4600962698459625,0.05810287222266197,0.9999352097511292,0.505926787853241,0.46428725123405457,-0.07660303264856339,0.9999510049819946,0.5032612681388855,0.4633750319480896,0.1588411033153534,0.9999287128448486,0.4813002943992615,0.47489526867866516,0.013883467763662338,0.999916672706604,0.48049789667129517,0.47453397512435913,0.08090421557426453,0.9999037981033325,0.5359706878662109,0.49866020679473877,-0.21267017722129822,0.9999738335609436,0.5187214016914368,0.5041759610176086,0.29284927248954773,0.9998071789741516,0.48032569885253906,0.5526188611984253,-0.18436673283576965,0.9818612933158875,0.496833473443985,0.564518928527832,0.23008936643600464,0.059685397893190384,0.4491574466228485,0.5127018094062805,0.11002670228481293,0.9128863215446472,0.48793554306030273,0.5816713571548462,-0.008952337317168713,0.06079454720020294,0.44738125801086426,0.500346839427948,0.11532171070575714,0.8810338973999023,0.4815332591533661,0.5852389335632324,-0.030988894402980804,0.08557886630296707,0.4542686939239502,0.49770060181617737,0.12569785118103027,0.8751699924468994,0.48497191071510315,0.5785378217697144,-0.0477776862680912,0.08788124471902847,0.45646151900291443,0.5009661912918091,0.12583282589912415,0.8365346789360046,0.487537682056427,0.5769397020339966,-0.02654111199080944,0.08995693922042847,0.5051500201225281,0.621161699295044,-0.1675926297903061,0.9997970461845398,0.4953024983406067,0.6216692924499512,0.16737604141235352,0.9994573593139648,0.4741504192352295,0.7107744812965393,-0.18629421293735504,0.9671421647071838,0.4709695875644684,0.7057992815971375,0.19911491870880127,0.697594165802002,0.5116091370582581,0.8071916699409485,-0.12824510037899017,0.9929723143577576,0.5824679136276245,0.7485376596450806,0.314374178647995,0.8955962657928467,0.5332398414611816,0.8207436800003052,-0.12394993752241135,0.9792538285255432,0.6144626140594482,0.7456563711166382,0.3255699872970581,0.9197549223899841,0.4552413523197174,0.8299093246459961,-0.21361777186393738,0.9877148270606995,0.5952548384666443,0.7863888144493103,0.3165481686592102,0.9176409244537354
IMG_9583 3,6,196,good,0.4767025411128998,0.467671662569046,0.08614015579223633,0.9999507069587708,0.48604458570480347,0.46165814995765686,0.05501699075102806,0.9999505877494812,0.4882008731365204,0.46161291003227234,0.05500081554055214,0.9999582171440125,0.49038589000701904,0.46147552132606506,0.05493143945932388,0.9999536275863647,0.485670804977417,0.46137067675590515,0.10737994313240051,0.9999408721923828,0.4874749779701233,0.4611418545246124,0.1074247881770134,0.9999324679374695,0.4895147681236267,0.46084851026535034,0.10743574798107147,0.9999369382858276,0.5074823498725891,0.4649102985858917,-0.02954688109457493,0.9999545216560364,0.5057315826416016,0.4641418159008026,0.2054906040430069,0.9999287724494934,0.483718603849411,0.47571977972984314,0.0602717287838459,0.9999170899391174,0.48357757925987244,0.47554269433021545,0.12747915089130402,0.9999002814292908,0.5386490225791931,0.49944445490837097,-0.18430866301059723,0.9999755620956421,0.5207356810569763,0.5043925642967224,0.3380546569824219,0.9998089075088501,0.48016098141670227,0.5527140498161316,-0.17771057784557343,0.9822446703910828,0.4972861409187317,0.5628848075866699,0.305500328540802,0.061554551124572754,0.4499002993106842,0.5105344653129578,0.09211238473653793,0.9159393310546875,0.48804783821105957,0.5895451307296753,0.09604281932115555,0.06540844589471817,0.4483909010887146,0.498334676027298,0.08943584561347961,0.883068859577179,0.4809648394584656,0.5963388085365295,0.08666703850030899,0.09110534936189651,0.4550532400608063,0.4955231547355652,0.10911169648170471,0.8775232434272766,0.48306015133857727,0.5904816389083862,0.06415501236915588,0.09364450722932816,0.45688217878341675,0.49924686551094055,0.10902533680200577,0.8396573662757874,0.48590710759162903,0.5873377919197083,0.07266828417778015,0.0961102619767189,0.5036215782165527,0.6210743188858032,-0.1717454195022583,0.9998107552528381,0.4889742136001587,0.6212780475616455,0.17158830165863037,0.999496579170227,0.4660431146621704,0.710443377494812,-0.2412308305501938,0.9698872566223145,0.43767037987709045,0.7014347910881042,0.17725206911563873,0.7151309251785278,0.5293693542480469,0.7831019759178162,-0.09963415563106537,0.993127167224884,0.5273268222808838,0.7583529949188232,0.29046812653541565,0.9030159115791321,0.5561919808387756,0.786205530166626,-0.08594351261854172,0.9781081080436707,0.5552091002464294,0.7602640986442566,0.2993386387825012,0.9232549667358398,0.5073618292808533,0.8185086846351624,-0.14730697870254517,0.9883468747138977,0.5121654272079468,0.7941012382507324,0.2737983465194702,0.9232698678970337
IMG_9583 3,7,229,good,0.47793182730674744,0.46758851408958435,0.027737703174352646,0.9999518990516663,0.48715758323669434,0.4616381824016571,-0.00152566225733608,0.9999531507492065,0.48922231793403625,0.46160459518432617,-0.0016336152330040932,0.9999603033065796,0.4914246201515198,0.461488276720047,-0.0017677104333415627,0.9999563097953796,0.4871608018875122,0.4613664150238037,0.052001357078552246,0.9999417066574097,0.4891264736652374,0.46116819977760315,0.052022453397512436,0.9999337196350098,0.49139755964279175,0.46092358231544495,0.05193311348557472,0.9999387860298157,0.5095732808113098,0.465189665555954,-0.07556413114070892,0.999957263469696,0.5084578990936279,0.46451568603515625,0.1668062061071396,0.9999306201934814,0.48474159836769104,0.47570475935935974,0.0029674319084733725,0.9999205470085144,0.48497310280799866,0.47551462054252625,0.07172095775604248,0.9999006390571594,0.5410307049751282,0.5004722476005554,-0.1966906636953354,0.9999763369560242,0.5210086107254028,0.5054798126220703,0.30086737871170044,0.9997968077659607,0.48005127906799316,0.5524750351905823,-0.21690867841243744,0.9805962443351746,0.4969727694988251,0.5630430579185486,0.27857065200805664,0.06429306417703629,0.45081907510757446,0.5096598863601685,0.005958958994597197,0.9169067144393921,0.48248592019081116,0.5906848311424255,0.09192842990159988,0.07235366106033325,0.44931092858314514,0.4975685775279999,-4.354647899162956e-06,0.8840645551681519,0.47502872347831726,0.5975086092948914,0.07808272540569305,0.09982062876224518,0.4558800160884857,0.49468645453453064,0.015247388742864132,0.8786492347717285,0.4769892394542694,0.5944826006889343,0.052685562521219254,0.102566197514534,0.4574255347251892,0.4986886978149414,0.020663108676671982,0.8407648801803589,0.4804365336894989,0.5914927124977112,0.07172457873821259,0.10437647998332977,0.5030053853988647,0.6230120658874512,-0.16436050832271576,0.9998228549957275,0.4735831320285797,0.6214180588722229,0.16426438093185425,0.9995125532150269,0.46682000160217285,0.7096184492111206,-0.2272607982158661,0.9725192785263062,0.387184202671051,0.6807335019111633,0.1254616230726242,0.7405362725257874,0.5156867504119873,0.7852666974067688,-0.07807531952857971,0.9936550855636597,0.5283676981925964,0.7190801501274109,0.3302893340587616,0.9094420671463013,0.5397207736968994,0.7933967113494873,-0.06710869818925858,0.9780441522598267,0.5514984130859375,0.714428186416626,0.35228052735328674,0.9262303113937378,0.4828629195690155,0.8208596110343933,-0.156730055809021,0.9892637729644775,0.5379992723464966,0.7581603527069092,0.3547751307487488,0.9278748035430908
IMG_9583 3,8,262,good,0.4785105884075165,0.4690418243408203,0.026445748284459114,0.999954342842102,0.48752403259277344,0.46293362975120544,-0.0021150994580239058,0.9999563694000244,0.48958808183670044,0.46278807520866394,-0.002275258069857955,0.9999630451202393,0.49183106422424316,0.4625561535358429,-0.002458281349390745,0.9999595284461975,0.48755696415901184,0.4629981815814972,0.051563940942287445,0.9999445676803589,0.4895627200603485,0.4629320800304413,0.05162828415632248,0.9999371767044067,0.491851806640625,0.4628130793571472,0.051659032702445984,0.9999423027038574,0.5101601481437683,0.4659910202026367,-0.08022650331258774,0.99996018409729,0.5092442631721497,0.46631667017936707,0.16499902307987213,0.9999346733093262,0.4852282404899597,0.47704795002937317,-0.0010421116603538394,0.9999246597290039,0.48556751012802124,0.47730404138565063,0.06783303618431091,0.9999022483825684,0.5428496599197388,0.5011956095695496,-0.20625968277454376,0.999977707862854,0.5214843153953552,0.506979763507843,0.29318666458129883,0.9997850656509399,0.4800279438495636,0.5524813532829285,-0.22701752185821533,0.9805122017860413,0.4934368431568146,0.5639503598213196,0.27220216393470764,0.06541790813207626,0.45298540592193604,0.5094507932662964,-0.021961241960525513,0.921433687210083,0.4735549986362457,0.5940089821815491,0.09239465743303299,0.07757721841335297,0.45202887058258057,0.49723637104034424,-0.02933286316692829,0.8897317051887512,0.4648273289203644,0.6016018986701965,0.08032627403736115,0.10656270384788513,0.45924049615859985,0.4945129156112671,-0.013263944536447525,0.8846092820167542,0.4663136303424835,0.5966530442237854,0.05556412413716316,0.10935872048139572,0.46010684967041016,0.4985496401786804,-0.007336267735809088,0.8473138213157654,0.47042927145957947,0.5933190584182739,0.07312042266130447,0.11035511642694473,0.5020269155502319,0.6240530610084534,-0.16375800967216492,0.9998332858085632,0.4659506380558014,0.6211574077606201,0.16366294026374817,0.9995109438896179,0.46549516916275024,0.7103111147880554,-0.2263195663690567,0.9748642444610596,0.35157644748687744,0.662846565246582,0.1332901269197464,0.762846827507019,0.5115716457366943,0.7921829223632812,-0.14200825989246368,0.994199812412262,0.5019329786300659,0.7038272619247437,0.3676541745662689,0.9123495221138,0.5352414846420288,0.8089186549186707,-0.14453938603401184,0.9786416888237,0.527720034122467,0.6960258483886719,0.39229878783226013,0.9256823062896729,0.46685510873794556,0.8231087327003479,-0.2679990231990814,0.9901859760284424,0.5042852759361267,0.736982524394989,0.40643107891082764,0.9300162196159363
IMG_9583 3,9,295,good,0.4796213209629059,0.4690319001674652,-0.037324290722608566,0.9999544024467468,0.4893169403076172,0.46300366520881653,-0.06656361371278763,0.9999574422836304,0.4915294051170349,0.4628884792327881,-0.06668326258659363,0.9999638199806213,0.49395790696144104,0.4626976251602173,-0.0667702928185463,0.9999613761901855,0.489113986492157,0.4630524218082428,-0.017192889004945755,0.9999436140060425,0.4910745620727539,0.46300145983695984,-0.017123596742749214,0.9999356865882874,0.493319034576416,0.4629165530204773,-0.01719648949801922,0.9999420642852783,0.5125951766967773,0.46647772192955017,-0.1353786587715149,0.9999609589576721,0.5107043385505676,0.46675172448158264,0.08586698025465012,0.9999362230300903,0.4860897362232208,0.477068692445755,-0.060462888330221176,0.9999271631240845,0.4863256812095642,0.4772956073284149,0.002998726675286889,0.999902606010437,0.5468509197235107,0.5030290484428406,-0.23667430877685547,0.9999778866767883,0.5175207853317261,0.5076130628585815,0.21549998223781586,0.9997482895851135,0.48000696301460266,0.5528518557548523,-0.28983646631240845,0.9796449542045593,0.48520705103874207,0.5640701055526733,0.27259019017219543,0.06475528329610825,0.4549362361431122,0.5091598033905029,-0.16485635936260223,0.9259474873542786,0.46105775237083435,0.5923559665679932,0.16036733984947205,0.08134307712316513,0.4558219313621521,0.4968423545360565,-0.18124112486839294,0.8955612182617188,0.4516901969909668,0.5992711186408997,0.15535929799079895,0.11135283857584,0.4627997577190399,0.4941003918647766,-0.16743916273117065,0.8905202150344849,0.4532291889190674,0.5934896469116211,0.12542405724525452,0.11412700265645981,0.46431005001068115,0.4976671040058136,-0.15336309373378754,0.8534007668495178,0.45792439579963684,0.5903370380401611,0.14211489260196686,0.11515060067176819,0.49852171540260315,0.6270472407341003,-0.14433319866657257,0.9998407363891602,0.45790234208106995,0.6202349066734314,0.14446544647216797,0.9995085000991821,0.46009382605552673,0.7101112604141235,-0.18220233917236328,0.9770157933235168,0.3363285958766937,0.6396420001983643,0.08323837071657181,0.7828912138938904,0.5089963674545288,0.7966055274009705,-0.1390713006258011,0.9945989847183228,0.4553713798522949,0.679759681224823,0.2707787752151489,0.9078835248947144,0.5324974656105042,0.8142783641815186,-0.14010873436927795,0.9783698320388794,0.4840596616268158,0.6810891032218933,0.2926335036754608,0.9159874320030212,0.45938801765441895,0.8249329328536987,-0.2624812126159668,0.9908325672149658,0.4627530872821808,0.7049597501754761,0.29996517300605774,0.926612138748169
IMG_9583 3,10,327,good,0.4795401692390442,0.4710251986980438,-0.06370129436254501,0.9999443292617798,0.4892101287841797,0.4648461937904358,-0.09654798358678818,0.9999526739120483,0.4914765954017639,0.4646076261997223,-0.09668717533349991,0.9999587535858154,0.4939177334308624,0.46427014470100403,-0.09676419943571091,0.9999589920043945,0.48896658420562744,0.4649538993835449,-0.04486648365855217,0.9999318718910217,0.49092891812324524,0.46483325958251953,-0.044795066118240356,0.9999206066131592,0.4931708872318268,0.4646746516227722,-0.044861938804388046,0.999931812286377,0.5124642252922058,0.4666897654533386,-0.17186357080936432,0.9999562501907349,0.511048436164856,0.46775785088539124,0.059549480676651,0.99992835521698,0.4858475923538208,0.4785218834877014,-0.08812364190816879,0.9999221563339233,0.48622697591781616,0.478874146938324,-0.02155010960996151,0.999894380569458,0.5472409725189209,0.5034109950065613,-0.27792832255363464,0.9999762177467346,0.5200594067573547,0.507653534412384,0.20371992886066437,0.9996971487998962,0.4795628786087036,0.5528326034545898,-0.31471461057662964,0.9768871068954468,0.48711615800857544,0.5639481544494629,0.2978702783584595,0.061709336936473846,0.456795871257782,0.5060139298439026,-0.14338192343711853,0.9273046255111694,0.4594222903251648,0.5921326279640198,0.24976323544979095,0.07736662030220032,0.4590093791484833,0.4948398172855377,-0.15667667984962463,0.896822988986969,0.4479263722896576,0.5990750789642334,0.2565017342567444,0.10636681318283081,0.46589750051498413,0.4917339086532593,-0.14425814151763916,0.8914781808853149,0.4492913484573364,0.5935367941856384,0.22105000913143158,0.10902320593595505,0.4676085412502289,0.4954429566860199,-0.13179312646389008,0.8520991802215576,0.45481032133102417,0.5902963876724243,0.230675607919693,0.11034075915813446,0.49221763014793396,0.6286740899085999,-0.14134849607944489,0.9998409152030945,0.4537339210510254,0.6191717982292175,0.1415945291519165,0.9994935393333435,0.45656925439834595,0.7100610136985779,-0.1782793402671814,0.9789004325866699,0.3363755941390991,0.6153620481491089,0.027607737109065056,0.8026340007781982,0.5089383721351624,0.797553539276123,-0.12183564901351929,0.994886040687561,0.4200076758861542,0.663403332233429,0.11827559769153595,0.9100458025932312,0.532475471496582,0.8164591789245605,-0.11978642642498016,0.9774678349494934,0.44419556856155396,0.6664919257164001,0.12835095822811127,0.9135079383850098,0.4588533043861389,0.8251156210899353,-0.2519480586051941,0.9913932085037231,0.427341490983963,0.6904609203338623,0.10133475065231323,0.9283174276351929
IMG_9583 3,11,360,good,0.4807087779045105,0.47165048122406006,-0.10650362074375153,0.999945878982544,0.48935726284980774,0.4656170904636383,-0.14102871716022491,0.9999544024467468,0.49144333600997925,0.465360552072525,-0.14113430678844452,0.99996018409729,0.49375441670417786,0.464986115694046,-0.14122246205806732,0.9999608397483826,0.4895056188106537,0.4657674729824066,-0.0888974741101265,0.9999334812164307,0.4915710985660553,0.4656624495983124,-0.08884300291538239,0.9999225735664368,0.49395865201950073,0.46551740169525146,-0.08886480331420898,0.9999331831932068,0.5131871104240417,0.46685174107551575,-0.21662408113479614,0.9999582171440125,0.513320803642273,0.4679524004459381,0.017462564632296562,0.9999309778213501,0.4865724444389343,0.4791001081466675,-0.1304938942193985,0.9999269843101501,0.4876362979412079,0.4794480800628662,-0.06311927735805511,0.9998998641967773,0.5480090379714966,0.5040476322174072,-0.3158041834831238,0.9999771118164062,0.526459813117981,0.5076284408569336,0.16635529696941376,0.9996882677078247,0.4793376326560974,0.5530082583427429,-0.32820120453834534,0.9767706990242004,0.48536404967308044,0.5617738962173462,0.21432557702064514,0.06240188330411911,0.45954105257987976,0.5059167742729187,-0.12258277833461761,0.9300767183303833,0.457153856754303,0.5790235996246338,0.11794599890708923,0.07634136080741882,0.46252894401550293,0.4945676028728485,-0.13561087846755981,0.8997822403907776,0.4460865557193756,0.5831658244132996,0.11283499747514725,0.10474985092878342,0.4705475866794586,0.4914521276950836,-0.12354917079210281,0.8946705460548401,0.4511632025241852,0.5781180262565613,0.08867572993040085,0.10710977762937546,0.47126197814941406,0.49523332715034485,-0.1104835793375969,0.8545361757278442,0.45594289898872375,0.5759979486465454,0.10144022852182388,0.10866925120353699,0.48663511872291565,0.6285200715065002,-0.14446626603603363,0.9998488426208496,0.45459964871406555,0.6172820925712585,0.14466215670108795,0.9995008707046509,0.456347793340683,0.7100793123245239,-0.1648251712322235,0.9809314012527466,0.333880752325058,0.6055004000663757,0.18008461594581604,0.8213551640510559,0.5085611343383789,0.7982339262962341,-0.10656261444091797,0.9953677654266357,0.4009273946285248,0.6659952998161316,0.41912174224853516,0.9169392585754395,0.5322052836418152,0.8176935315132141,-0.1049361601471901,0.9790794253349304,0.42304545640945435,0.6737670302391052,0.4411057233810425,0.9172359704971313,0.45360496640205383,0.8252852559089661,-0.2467358559370041,0.9922029972076416,0.38018593192100525,0.6944656372070312,0.4197964370250702,0.9333605170249939
IMG_9583 3,12,393,good,0.4819622337818146,0.4746142029762268,-0.0683402568101883,0.9999494552612305,0.48985788226127625,0.46875402331352234,-0.10224276036024094,0.9999573230743408,0.4918402135372162,0.4680248200893402,-0.10231439024209976,0.9999625086784363,0.4938868284225464,0.4676857590675354,-0.10239171981811523,0.9999634027481079,0.4903670847415924,0.4687468707561493,-0.05090396851301193,0.9999377727508545,0.4928809404373169,0.4682268798351288,-0.050847768783569336,0.9999276995658875,0.495417058467865,0.46804186701774597,-0.05085654556751251,0.9999375939369202,0.513174295425415,0.46956589818000793,-0.1808830350637436,0.9999608397483826,0.5141485929489136,0.47031474113464355,0.04842141270637512,0.9999354481697083,0.4876396358013153,0.48138758540153503,-0.09306155890226364,0.9999316930770874,0.48918718099594116,0.48179540038108826,-0.02703217975795269,0.9999057054519653,0.5482192039489746,0.505491316318512,-0.29085665941238403,0.9999773502349854,0.5343506932258606,0.5075855255126953,0.1851394772529602,0.9996845126152039,0.47945094108581543,0.5535691380500793,-0.2750244140625,0.9763543605804443,0.484724760055542,0.5616089105606079,0.18536227941513062,0.06264383345842361,0.46260008215904236,0.5061711668968201,0.00299699604511261,0.9313554167747498,0.45738086104393005,0.5767583250999451,0.058899134397506714,0.07412076741456985,0.46586480736732483,0.4947095215320587,0.004274995997548103,0.8999524712562561,0.44605115056037903,0.5799486041069031,0.050969380885362625,0.10126809775829315,0.4742720425128937,0.4916837811470032,0.019034871831536293,0.8949458003044128,0.4520290195941925,0.5753154754638672,0.03493906557559967,0.10324173420667648,0.47426143288612366,0.49546945095062256,0.01805734634399414,0.8536699414253235,0.45655253529548645,0.5737233757972717,0.04470156505703926,0.105085089802742,0.48218265175819397,0.6282510161399841,-0.14404059946537018,0.9998574256896973,0.4536714255809784,0.6146149635314941,0.14416031539440155,0.9995290637016296,0.45513778924942017,0.7099584937095642,-0.1617712378501892,0.982786238193512,0.3269347548484802,0.5941610336303711,0.1710418164730072,0.8383519649505615,0.5068309307098389,0.79905766248703,-0.10931623727083206,0.9958046078681946,0.3557015359401703,0.6692970395088196,0.3932545483112335,0.9239934086799622,0.5298213362693787,0.8176157474517822,-0.10741347074508667,0.980597734451294,0.37736135721206665,0.680503249168396,0.41362887620925903,0.9225279092788696,0.45056042075157166,0.8259357810020447,-0.2437300831079483,0.9929308295249939,0.3028111755847931,0.7022696733474731,0.3980563282966614,0.9384673237800598
IMG_9583 3,13,426,good,0.48343148827552795,0.4752245545387268,-0.04106195643544197,0.9999522566795349,0.4913928508758545,0.4691622853279114,-0.07271979749202728,0.9999597072601318,0.49324098229408264,0.4687027931213379,-0.07274811714887619,0.9999644756317139,0.4953496754169464,0.4682762622833252,-0.07283462584018707,0.9999655485153198,0.49220818281173706,0.4690750241279602,-0.023535653948783875,0.9999412894248962,0.4945935308933258,0.4686754047870636,-0.023503124713897705,0.9999321103096008,0.49750909209251404,0.4683789312839508,-0.023466981947422028,0.9999411106109619,0.5151786804199219,0.4706154465675354,-0.14698834717273712,0.9999631643295288,0.5161319971084595,0.4709993600845337,0.07450481504201889,0.999937891960144,0.48906347155570984,0.4822487533092499,-0.06617271155118942,0.9999343156814575,0.4907245337963104,0.48266705870628357,-0.003226113971322775,0.9999076128005981,0.5495291948318481,0.5062084197998047,-0.24786396324634552,0.999977171421051,0.5374023914337158,0.5077086091041565,0.20007392764091492,0.9996395707130432,0.47945788502693176,0.5542668104171753,-0.23623232543468475,0.9756260514259338,0.48310768604278564,0.5612133741378784,0.14950844645500183,0.06112256273627281,0.46464213728904724,0.5063103437423706,0.05459251254796982,0.9308148622512817,0.46092724800109863,0.564630389213562,-0.04933193698525429,0.07027959078550339,0.46814265847206116,0.49483996629714966,0.06696462631225586,0.8968920707702637,0.45151734352111816,0.5645753145217896,-0.061022356152534485,0.09568974375724792,0.4763883352279663,0.4917890131473541,0.08586087822914124,0.8919830918312073,0.4561947286128998,0.560185432434082,-0.06140078976750374,0.09719528257846832,0.47620296478271484,0.4956094026565552,0.07346603274345398,0.8482269048690796,0.4604385495185852,0.5600616931915283,-0.058675557374954224,0.09904113411903381,0.4801282584667206,0.6279256343841553,-0.14552848041057587,0.9998655915260315,0.4514670670032501,0.6117514967918396,0.14559906721115112,0.9995560646057129,0.45377317070961,0.7097730040550232,-0.22109255194664001,0.9844617247581482,0.3236936628818512,0.5864089727401733,0.1265748292207718,0.853300929069519,0.5062808990478516,0.7991621494293213,-0.22207583487033844,0.9961958527565002,0.3005411922931671,0.6637490391731262,0.310264527797699,0.9302290081977844,0.5294073820114136,0.8181267380714417,-0.22439341247081757,0.98170006275177,0.3223836421966553,0.6783472895622253,0.32422512769699097,0.9266476631164551,0.44464370608329773,0.8267694115638733,-0.35651615262031555,0.9935691356658936,0.25606590509414673,0.6924868226051331,0.2990223467350006,0.9426204562187195
IMG_9583 3,14,458,good,0.48497381806373596,0.4764556586742401,-0.048741284757852554,0.9999368786811829,0.49263203144073486,0.4707432985305786,-0.07915094494819641,0.9999397397041321,0.4942569434642792,0.47049224376678467,-0.07920967787504196,0.9999440312385559,0.4961087703704834,0.470160573720932,-0.07930172979831696,0.9999480247497559,0.49384504556655884,0.4706031084060669,-0.02972915768623352,0.9999164938926697,0.49619653820991516,0.4703194797039032,-0.029669607058167458,0.9999077320098877,0.4988909661769867,0.47001978754997253,-0.029675684869289398,0.9999195337295532,0.5156359672546387,0.4722382724285126,-0.14785833656787872,0.999938428401947,0.5177133679389954,0.4725065231323242,0.07570133358240128,0.9999016523361206,0.49000412225723267,0.48333853483200073,-0.07000810652971268,0.9998906254768372,0.49185723066329956,0.4838954508304596,-0.006170310080051422,0.9998599290847778,0.5514029264450073,0.5084922909736633,-0.24005632102489471,0.9999719262123108,0.537680447101593,0.5084134936332703,0.20282121002674103,0.9995920062065125,0.47945213317871094,0.5567359924316406,-0.23082555830478668,0.9743307828903198,0.48417335748672485,0.5611922740936279,0.2762201428413391,0.05960485339164734,0.46700891852378845,0.5067484974861145,0.01154821366071701,0.9285883903503418,0.4627361595630646,0.5665343403816223,0.20596781373023987,0.0667981281876564,0.4704461693763733,0.49493369460105896,0.012517563067376614,0.8914152979850769,0.4531806409358978,0.5671013593673706,0.21249057352542877,0.09030350297689438,0.47828206419944763,0.49182629585266113,0.02981846034526825,0.8860320448875427,0.456939160823822,0.5624722242355347,0.18611392378807068,0.09171885997056961,0.4779088795185089,0.49572110176086426,0.02705906145274639,0.8376142978668213,0.460719496011734,0.5625653266906738,0.19069835543632507,0.09378036111593246,0.477615088224411,0.627858579158783,-0.1460319310426712,0.9998576045036316,0.44649550318717957,0.6098640561103821,0.146055668592453,0.9995774030685425,0.4531661570072174,0.7099491357803345,-0.20992016792297363,0.9859418869018555,0.32041242718696594,0.5830565094947815,-0.08850451558828354,0.8669340014457703,0.5060506463050842,0.7994394302368164,-0.18547965586185455,0.9965094923973083,0.2404307872056961,0.6604048013687134,-0.020277099683880806,0.9365798234939575,0.5293547511100769,0.8180776238441467,-0.18569931387901306,0.9817742705345154,0.24900345504283905,0.6791795492172241,-0.017802320420742035,0.9324724078178406,0.44477468729019165,0.8274849057197571,-0.3065081238746643,0.9940013289451599,0.17026697099208832,0.6683989763259888,-0.09290975332260132,0.9474747180938721
IMG_9583 3,15,491,good,0.4881094992160797,0.47687962651252747,-0.04561246931552887,0.9999354481697083,0.49581921100616455,0.4711182713508606,-0.07689395546913147,0.9999396800994873,0.49719440937042236,0.4709155559539795,-0.07693922519683838,0.9999426007270813,0.49885085225105286,0.47063344717025757,-0.07700140029191971,0.9999476671218872,0.497329443693161,0.47102421522140503,-0.026272781193256378,0.9999172687530518,0.49972623586654663,0.47081848978996277,-0.026212021708488464,0.9999082684516907,0.5024043321609497,0.4705793261528015,-0.0262190792709589,0.9999198317527771,0.5177434682846069,0.4728415310382843,-0.14412377774715424,0.9999383091926575,0.5204503536224365,0.4730986952781677,0.07777513563632965,0.9998990893363953,0.49280864000320435,0.48358023166656494,-0.06981048732995987,0.9998868703842163,0.4947625696659088,0.4844485819339752,-0.003484584391117096,0.9998553991317749,0.5509523153305054,0.5082675218582153,-0.23315556347370148,0.9999704360961914,0.5408298373222351,0.5089989900588989,0.22032764554023743,0.9995662569999695,0.4797266721725464,0.5568370819091797,-0.23029813170433044,0.9743073582649231,0.4843858480453491,0.561212420463562,0.2793625295162201,0.058846354484558105,0.46739792823791504,0.5084407925605774,0.0035634711384773254,0.9276923537254333,0.4659944474697113,0.5716412663459778,0.17997872829437256,0.06446319073438644,0.4697086811065674,0.4951007068157196,0.0042741671204566956,0.88829106092453,0.456954687833786,0.5740771293640137,0.1851956695318222,0.08665477484464645,0.47751012444496155,0.4925186038017273,0.022063199430704117,0.8828151226043701,0.46147221326828003,0.5684279799461365,0.1646948754787445,0.08796875178813934,0.47753092646598816,0.4966188073158264,0.01965962164103985,0.8306359648704529,0.46443071961402893,0.5673431158065796,0.16644258797168732,0.09017402678728104,0.4743974506855011,0.6272509694099426,-0.1463872641324997,0.999862551689148,0.44442498683929443,0.6087258458137512,0.1464044451713562,0.9996012449264526,0.45246124267578125,0.7100776433944702,-0.23489798605442047,0.9873174428939819,0.31821414828300476,0.5844617486000061,0.0015476647531613708,0.879170298576355,0.5046646595001221,0.7997758984565735,-0.23111902177333832,0.9968248605728149,0.19816870987415314,0.6435186862945557,0.07157735526561737,0.9424437284469604,0.5264227986335754,0.8182130455970764,-0.23260587453842163,0.9830601811408997,0.19584445655345917,0.6626879572868347,0.07459982484579086,0.9380586743354797,0.4446773827075958,0.8273913860321045,-0.3596390187740326,0.9944989085197449,0.12643210589885712,0.633677065372467,0.013214346021413803,0.951887845993042
IMG_9583 3,16,524,good,0.4883357286453247,0.4779743254184723,-0.043157611042261124,0.999936580657959,0.495948851108551,0.47245100140571594,-0.07660847902297974,0.9999402761459351,0.4974299669265747,0.472072571516037,-0.07671789824962616,0.9999420642852783,0.49905383586883545,0.47177815437316895,-0.07683532685041428,0.999947726726532,0.4974824786186218,0.4722341299057007,-0.024390585720539093,0.9999181628227234,0.4997926354408264,0.47211527824401855,-0.02433260902762413,0.9999097585678101,0.5023617148399353,0.47190937399864197,-0.024335097521543503,0.9999220371246338,0.5178074240684509,0.4738943576812744,-0.13276657462120056,0.9999373555183411,0.520294725894928,0.4742666482925415,0.08323781192302704,0.9998984336853027,0.49299898743629456,0.4846474230289459,-0.06636388599872589,0.999889612197876,0.49475815892219543,0.4853973686695099,-0.002700354438275099,0.9998623132705688,0.550849199295044,0.5086458325386047,-0.21619699895381927,0.9999721646308899,0.5398812890052795,0.5093783736228943,0.24022109806537628,0.9996028542518616,0.47946229577064514,0.5577449202537537,-0.22103212773799896,0.9752728939056396,0.4847189486026764,0.5624597668647766,0.3055145740509033,0.060042377561330795,0.46861711144447327,0.5089173316955566,-0.005514009390026331,0.9247192740440369,0.4661503732204437,0.5759233236312866,0.18775446712970734,0.06204628199338913,0.4716373383998871,0.4951549470424652,-0.003520397702232003,0.882692277431488,0.45783454179763794,0.5787800550460815,0.193258136510849,0.08301983028650284,0.4797499477863312,0.4928756356239319,0.0065767294727265835,0.876859188079834,0.46164366602897644,0.568766713142395,0.16735118627548218,0.08431018888950348,0.4793885350227356,0.4969880282878876,0.008404024876654148,0.8192945718765259,0.4642047882080078,0.5675766468048096,0.17312203347682953,0.08594483137130737,0.47457873821258545,0.6262660026550293,-0.14572371542453766,0.9998672604560852,0.4447813630104065,0.6072712540626526,0.1457083374261856,0.9996334314346313,0.451244980096817,0.709993302822113,-0.2218448370695114,0.9884949922561646,0.3160060942173004,0.5885146856307983,-0.171536386013031,0.8897954225540161,0.5030789375305176,0.7995366454124451,-0.19752080738544464,0.9970484375953674,0.16090379655361176,0.6204206347465515,-0.25914251804351807,0.9477177262306213,0.5240527987480164,0.8175849318504333,-0.1972375065088272,0.9832126498222351,0.135063037276268,0.6361123323440552,-0.2712801694869995,0.942924439907074,0.44728800654411316,0.8267945647239685,-0.32027295231819153,0.994795024394989,0.10134858638048172,0.5842961072921753,-0.36884456872940063,0.9561273455619812
IMG_9583 3,17,557,good,0.48808157444000244,0.4794018864631653,-0.05405782163143158,0.999940037727356,0.4956534504890442,0.4737689197063446,-0.083277627825737,0.9999433159828186,0.49717044830322266,0.473545104265213,-0.08340613543987274,0.9999446272850037,0.4988277852535248,0.47332900762557983,-0.08352698385715485,0.9999501705169678,0.49712276458740234,0.4735930860042572,-0.03364888206124306,0.9999219179153442,0.49945080280303955,0.4734371602535248,-0.03358718007802963,0.9999144673347473,0.5019757151603699,0.47325536608695984,-0.03361503407359123,0.9999265074729919,0.517643392086029,0.4757002294063568,-0.14012694358825684,0.9999401569366455,0.5198520421981812,0.475134015083313,0.07770788669586182,0.9999030232429504,0.49273234605789185,0.48642289638519287,-0.07200395315885544,0.9998974800109863,0.49463778734207153,0.4868910610675812,-0.008925100788474083,0.9998733401298523,0.5508938431739807,0.5122209191322327,-0.2184734344482422,0.9999745488166809,0.5369712114334106,0.5097957849502563,0.23297375440597534,0.9996398687362671,0.47944024205207825,0.5590733289718628,-0.2165096551179886,0.9768248200416565,0.48438674211502075,0.5630444288253784,0.30768275260925293,0.06128787249326706,0.4692668914794922,0.5113900303840637,-0.013154377229511738,0.9261297583580017,0.4639250338077545,0.5845682621002197,0.2111871838569641,0.059240419417619705,0.47196659445762634,0.49709972739219666,-0.01365948561578989,0.8836582899093628,0.45667773485183716,0.5898306369781494,0.21656787395477295,0.07892195880413055,0.48086434602737427,0.4948931932449341,0.0019443825585767627,0.8777686357498169,0.4597145915031433,0.5825225710868835,0.18909797072410583,0.08018749207258224,0.4806792736053467,0.49921807646751404,0.0018008325714617968,0.8181744813919067,0.46173709630966187,0.5805265307426453,0.1966816782951355,0.081499382853508,0.4749886393547058,0.6262204647064209,-0.1377691626548767,0.9998753666877747,0.443331778049469,0.6061185598373413,0.13777431845664978,0.9996644258499146,0.4515366852283478,0.7099655866622925,-0.21893635392189026,0.9895291328430176,0.3156610131263733,0.5903196334838867,-0.22002491354942322,0.8995199203491211,0.5028113126754761,0.7997453212738037,-0.18906272947788239,0.9972167015075684,0.1532653570175171,0.6038454174995422,-0.3546087145805359,0.9525260329246521,0.5237869620323181,0.8175519108772278,-0.18910615146160126,0.9823155999183655,0.12471132725477219,0.6150078773498535,-0.3698192536830902,0.9475717544555664,0.44783857464790344,0.8267307281494141,-0.31138354539871216,0.9950093626976013,0.1106247678399086,0.5608026385307312,-0.4619908928871155,0.9601482152938843
IMG_9583 3,18,590,good,0.4878326952457428,0.479411780834198,-0.05041656270623207,0.9999416470527649,0.4955998659133911,0.47348105907440186,-0.08031301945447922,0.9999448657035828,0.49710342288017273,0.47330960631370544,-0.0804201140999794,0.9999456405639648,0.4987410306930542,0.47312480211257935,-0.0805257186293602,0.9999513626098633,0.49696084856987,0.4733600914478302,-0.0304573941975832,0.9999236464500427,0.49926525354385376,0.47324734926223755,-0.030397403985261917,0.9999169707298279,0.5017776489257812,0.47312068939208984,-0.030421946197748184,0.9999291896820068,0.5175731182098389,0.47575974464416504,-0.14006055891513824,0.9999412298202515,0.5195832848548889,0.47516825795173645,0.0786333978176117,0.9999042749404907,0.49259236454963684,0.4869017004966736,-0.0694756880402565,0.9999024868011475,0.49431270360946655,0.48733851313591003,-0.005819391924887896,0.9998813271522522,0.5508450269699097,0.5124974250793457,-0.21882615983486176,0.9999765157699585,0.5367164611816406,0.5102289915084839,0.23344576358795166,0.9996718764305115,0.47865062952041626,0.55907142162323,-0.2166009247303009,0.9781514406204224,0.4859095811843872,0.563887894153595,0.3301570415496826,0.06220579147338867,0.4690316617488861,0.5126762390136719,-0.016193445771932602,0.9256194233894348,0.46539029479026794,0.591178297996521,0.25457942485809326,0.05597395822405815,0.47150006890296936,0.4982176423072815,-0.017055055126547813,0.8814486265182495,0.46008992195129395,0.5973899960517883,0.26476651430130005,0.07425404340028763,0.4802932143211365,0.4959159195423126,0.00286601553671062,0.8752910494804382,0.46104657649993896,0.5909289121627808,0.23583020269870758,0.0754677802324295,0.480255126953125,0.5005135536193848,9.211505675921217e-05,0.8125296235084534,0.4619613289833069,0.5884440541267395,0.24027520418167114,0.07647791504859924,0.47377368807792664,0.6254557967185974,-0.13566431403160095,0.9998815655708313,0.4429319202899933,0.6054338216781616,0.13566705584526062,0.9996904730796814,0.45129990577697754,0.7098888754844666,-0.2173554003238678,0.9904172420501709,0.31622305512428284,0.5903964042663574,-0.2172549068927765,0.9080747365951538,0.5024899244308472,0.7998679876327515,-0.18772408366203308,0.997350811958313,0.1507788896560669,0.600051760673523,-0.35337576270103455,0.956800103187561,0.5232372879981995,0.8175026178359985,-0.18777917325496674,0.9818167090415955,0.12396032363176346,0.6107946634292603,-0.3687775135040283,0.9515898823738098,0.4523690640926361,0.8261322975158691,-0.30638787150382996,0.9951745271682739,0.11808707565069199,0.5592687726020813,-0.4589635133743286,0.96369868516922
IMG_9583 3,19,622,good,0.48765072226524353,0.4811840057373047,-0.04511107876896858,0.9999402761459351,0.4954701066017151,0.47507184743881226,-0.07316073030233383,0.9999446868896484,0.4970155358314514,0.4747944176197052,-0.07330193370580673,0.9999444484710693,0.4986990988254547,0.4744446575641632,-0.0734337568283081,0.9999508261680603,0.49677637219429016,0.47501933574676514,-0.02522997371852398,0.9999229311943054,0.49906039237976074,0.47479575872421265,-0.02516588196158409,0.9999166131019592,0.5015634894371033,0.47417929768562317,-0.025207847356796265,0.9999297261238098,0.5172580480575562,0.47568437457084656,-0.13444799184799194,0.9999397993087769,0.5193651914596558,0.4756150245666504,0.08123717457056046,0.999901533126831,0.4925425350666046,0.48776572942733765,-0.06242633983492851,0.9999037981033325,0.4941488802433014,0.4882277250289917,-0.0007448469405062497,0.9998855590820312,0.5506390333175659,0.5119643211364746,-0.2161356508731842,0.9999781250953674,0.5370149612426758,0.5107243061065674,0.2359248399734497,0.9996982216835022,0.47768649458885193,0.5589103102684021,-0.21270906925201416,0.9791205525398254,0.4860292673110962,0.5640801191329956,0.3401392102241516,0.06100281700491905,0.4689663350582123,0.5126307010650635,-0.010991564951837063,0.9224327206611633,0.4677795171737671,0.5911303162574768,0.27184003591537476,0.05242503434419632,0.47130846977233887,0.49811315536499023,-0.011107336729764938,0.8762809634208679,0.4639110565185547,0.596750795841217,0.2830740213394165,0.06958036124706268,0.4798488914966583,0.49586382508277893,0.01061856560409069,0.8700132966041565,0.4643164277076721,0.5892181396484375,0.25575271248817444,0.07077078521251678,0.48001834750175476,0.5004726052284241,0.006276432890444994,0.8033108115196228,0.4644593596458435,0.5869261622428894,0.25810104608535767,0.07157421112060547,0.47424548864364624,0.6250613927841187,-0.13656657934188843,0.9998876452445984,0.4443541467189789,0.604981541633606,0.13655699789524078,0.9997108578681946,0.4516003727912903,0.70988929271698,-0.22219325602054596,0.9912849068641663,0.3186132609844208,0.590025782585144,-0.1699216216802597,0.9145779013633728,0.5024152398109436,0.8000810146331787,-0.230079784989357,0.9975132346153259,0.15796074271202087,0.6019176840782166,-0.28383755683898926,0.9604262113571167,0.5226143598556519,0.8175798058509827,-0.231352299451828,0.9822908639907837,0.13012361526489258,0.6151165962219238,-0.2968103587627411,0.9549280405044556,0.4521987736225128,0.8263515830039978,-0.34048599004745483,0.9954067468643188,0.12307441234588623,0.5611377358436584,-0.379147469997406,0.9666697978973389
IMG_9583 3,20,655,good,0.48747506737709045,0.4814378321170807,-0.025793883949518204,0.9999394416809082,0.4949243664741516,0.4751291573047638,-0.052758581936359406,0.9999437928199768,0.4963478446006775,0.47481876611709595,-0.052887678146362305,0.9999424815177917,0.49789491295814514,0.47443196177482605,-0.053006887435913086,0.9999493956565857,0.4962562918663025,0.47514835000038147,-0.0045769396238029,0.9999215602874756,0.49844416975975037,0.4749213755130768,-0.004507979843765497,0.9999158382415771,0.5007474422454834,0.4744659662246704,-0.00455045560374856,0.9999300837516785,0.5165354609489441,0.4754997491836548,-0.11699054390192032,0.9999365210533142,0.5191512703895569,0.4757639765739441,0.10261693596839905,0.9998969435691833,0.49244657158851624,0.48796477913856506,-0.04374278336763382,0.9999032616615295,0.4940074682235718,0.48849138617515564,0.018717996776103973,0.9998878836631775,0.5504841208457947,0.5116521716117859,-0.20556455850601196,0.9999793767929077,0.5370686650276184,0.5113328099250793,0.24816207587718964,0.9997217655181885,0.47761547565460205,0.5587729811668396,-0.20171307027339935,0.9795843958854675,0.4861626625061035,0.56671142578125,0.32191818952560425,0.06080837547779083,0.46889784932136536,0.5125386118888855,0.005292289890348911,0.9184406399726868,0.4605468213558197,0.5907638072967529,0.22919653356075287,0.0500059500336647,0.4710516333580017,0.4980882704257965,0.006114519666880369,0.8695778846740723,0.45782896876335144,0.5986667275428772,0.2344873696565628,0.06622736901044846,0.47945088148117065,0.49584731459617615,0.028773514553904533,0.8629563450813293,0.4517310559749603,0.590705931186676,0.2089737355709076,0.06738694757223129,0.4792748987674713,0.5004234313964844,0.022831177338957787,0.7919214367866516,0.4528149366378784,0.5893967151641846,0.2147371917963028,0.06800606101751328,0.4748597741127014,0.6246980428695679,-0.1367938071489334,0.9998919367790222,0.44556018710136414,0.6051902174949646,0.13685590028762817,0.9997290372848511,0.4518852233886719,0.7097009420394897,-0.23930194973945618,0.9920681715011597,0.32129040360450745,0.5917385220527649,-0.16971029341220856,0.9201081991195679,0.5024634599685669,0.8001740574836731,-0.2568424642086029,0.9976546168327332,0.15968361496925354,0.608774721622467,-0.2838783264160156,0.96352219581604,0.5228004455566406,0.8177187442779541,-0.25919637084007263,0.9824563264846802,0.13437692821025848,0.6243975758552551,-0.29743391275405884,0.9575802683830261,0.45205923914909363,0.8263748288154602,-0.37513136863708496,0.9955934882164001,0.11905591189861298,0.569506824016571,-0.3848484456539154,0.969181478023529
IMG_9583 3,21,688,good,0.48734068870544434,0.48186659812927246,0.01494155079126358,0.9999304413795471,0.4948306083679199,0.47545936703681946,-0.013524623587727547,0.9999348521232605,0.49626684188842773,0.4750995337963104,-0.013613751158118248,0.9999307990074158,0.4978373348712921,0.47465166449546814,-0.013711642473936081,0.9999409914016724,0.496131956577301,0.47555431723594666,0.03354465216398239,0.9999112486839294,0.49830809235572815,0.4753381609916687,0.033604394644498825,0.9999052286148071,0.5006632208824158,0.4746767282485962,0.033542700111866,0.9999237060546875,0.5164557695388794,0.47539353370666504,-0.08508060872554779,0.9999191164970398,0.5189880132675171,0.4759569466114044,0.13010168075561523,0.9998692274093628,0.4925341010093689,0.488131582736969,-0.005619816016405821,0.9998783469200134,0.49402856826782227,0.48872804641723633,0.055548567324876785,0.9998685121536255,0.5504552721977234,0.5105987191200256,-0.19165945053100586,0.9999788999557495,0.5404504537582397,0.5125373601913452,0.2747071087360382,0.9997290968894958,0.47729289531707764,0.5586509704589844,-0.18154500424861908,0.9793160557746887,0.4920666217803955,0.5731498599052429,0.35292738676071167,0.06005537882447243,0.4677667021751404,0.5121338367462158,0.04181366413831711,0.9116207957267761,0.4607427418231964,0.5906137228012085,0.2728080749511719,0.048215415328741074,0.4697542190551758,0.49773120880126953,0.04554462432861328,0.8598383665084839,0.4550599157810211,0.5971431732177734,0.28535205125808716,0.06382729113101959,0.47708919644355774,0.4955175817012787,0.06708090007305145,0.8528346419334412,0.45285764336586,0.5904626846313477,0.25946980714797974,0.06497573852539062,0.4773046374320984,0.500246524810791,0.059354979544878006,0.7773979902267456,0.4541245400905609,0.5889697074890137,0.2591811418533325,0.06536269932985306,0.47755685448646545,0.6246481537818909,-0.14463303983211517,0.9998921751976013,0.4483239948749542,0.6056163907051086,0.1444942057132721,0.9997369647026062,0.45244064927101135,0.7092375755310059,-0.2500647306442261,0.9928144812583923,0.3237287998199463,0.5935665965080261,-0.12522776424884796,0.9247727990150452,0.5027198195457458,0.8002418875694275,-0.2668360471725464,0.997820258140564,0.16630776226520538,0.6188881993293762,-0.17927595973014832,0.9662960767745972,0.523159384727478,0.8176016807556152,-0.26817604899406433,0.983050525188446,0.14446264505386353,0.6341100335121155,-0.18847563862800598,0.9598364233970642,0.45183297991752625,0.8263970613479614,-0.3770011365413666,0.9958488941192627,0.11532492935657501,0.5818691849708557,-0.2660018503665924,0.97129887342453
IMG_9583 3,22,721,good,0.4872925877571106,0.48177817463874817,0.0005138937849551439,0.999931275844574,0.49467501044273376,0.47527334094047546,-0.028527190908789635,0.9999351501464844,0.4960283637046814,0.4749184548854828,-0.028626754879951477,0.999930739402771,0.49749937653541565,0.47449231147766113,-0.02872922085225582,0.9999408721923828,0.4960249066352844,0.4753728210926056,0.019588528200984,0.999913215637207,0.4981495141983032,0.4751686155796051,0.019650254398584366,0.999907910823822,0.5003833174705505,0.4744972884654999,0.019602706655859947,0.9999256134033203,0.5160215497016907,0.47522878646850586,-0.09883241355419159,0.9999199509620667,0.5189504623413086,0.475709468126297,0.12003274261951447,0.9998700022697449,0.4924863576889038,0.48789119720458984,-0.019674016162753105,0.9998762607574463,0.4939573407173157,0.4884797930717468,0.04267975315451622,0.99986732006073,0.5497158765792847,0.5096115469932556,-0.19604459404945374,0.9999780654907227,0.5404758453369141,0.5123096108436584,0.2719445526599884,0.9997345805168152,0.47709447145462036,0.558088481426239,-0.19262689352035522,0.9792313575744629,0.49191415309906006,0.56955885887146,0.24608507752418518,0.06384683400392532,0.4667912423610687,0.5119770169258118,0.05819179490208626,0.9077248573303223,0.46172210574150085,0.5915647745132446,0.0645354762673378,0.04983026161789894,0.4669748544692993,0.4977041184902191,0.06291099637746811,0.8523207306861877,0.45501095056533813,0.598481297492981,0.06266242265701294,0.06473178416490555,0.4753919839859009,0.49526724219322205,0.08148983120918274,0.8455566763877869,0.4532085657119751,0.5930808782577515,0.043739430606365204,0.06583740562200546,0.4758619964122772,0.500041663646698,0.07516386359930038,0.7681262493133545,0.4544242322444916,0.5923473834991455,0.05077262222766876,0.06618821620941162,0.4797205626964569,0.6246032118797302,-0.1462681144475937,0.9998959302902222,0.449112206697464,0.605827271938324,0.14607779681682587,0.9997516870498657,0.4547347128391266,0.7089722156524658,-0.24752558767795563,0.9935150742530823,0.32216694951057434,0.5939229130744934,0.019776931032538414,0.9309082627296448,0.504503071308136,0.8005855679512024,-0.24992616474628448,0.998008668422699,0.17842908203601837,0.632003664970398,0.048034120351076126,0.9692997336387634,0.5233280658721924,0.8175219893455505,-0.25130724906921387,0.983852207660675,0.16470564901828766,0.6537148952484131,0.04631213843822479,0.9625447988510132,0.4517533779144287,0.8265909552574158,-0.37067896127700806,0.9961684942245483,0.11431652307510376,0.6034718751907349,-0.02305677905678749,0.9735417366027832
IMG_9583 3,23,753,good,0.48726558685302734,0.48120006918907166,-0.009098627604544163,0.9999285936355591,0.494566410779953,0.4746781289577484,-0.0429033488035202,0.9999285936355591,0.4957839548587799,0.47435808181762695,-0.04295814037322998,0.999923825263977,0.4971030354499817,0.4738979935646057,-0.04301368445158005,0.9999343752861023,0.49598169326782227,0.47481220960617065,0.004528195597231388,0.9999090433120728,0.49811163544654846,0.4746409058570862,0.004610759671777487,0.9999041557312012,0.5002537369728088,0.4740488529205322,0.004541194532066584,0.9999213218688965,0.5151711702346802,0.47494420409202576,-0.12418056279420853,0.9999103546142578,0.5189068913459778,0.47529473900794983,0.0933212861418724,0.999861478805542,0.49230340123176575,0.4874117970466614,-0.03411875292658806,0.9998639822006226,0.49390336871147156,0.4879893660545349,0.02788388542830944,0.9998553991317749,0.5475214719772339,0.5080551505088806,-0.23491422832012177,0.9999767541885376,0.5404214262962341,0.511017918586731,0.23461692035198212,0.9997361898422241,0.4770755469799042,0.557030200958252,-0.2236947864294052,0.9794424176216125,0.49585863947868347,0.5693756341934204,0.2584215998649597,0.07320723682641983,0.46479007601737976,0.5119307041168213,0.030337128788232803,0.9045232534408569,0.4621448814868927,0.596528172492981,0.2116490602493286,0.05086451396346092,0.46397149562835693,0.4976918697357178,0.03154236823320389,0.8447085022926331,0.4597046971321106,0.6104241013526917,0.2250203937292099,0.06373909115791321,0.47245949506759644,0.49527016282081604,0.04682696983218193,0.8378725051879883,0.4534490704536438,0.6026811003684998,0.2000603824853897,0.0647474005818367,0.47360748052597046,0.49979645013809204,0.0434604212641716,0.7582380771636963,0.4550282657146454,0.598351001739502,0.19845329225063324,0.06518493592739105,0.48212456703186035,0.6247144341468811,-0.14921654760837555,0.9998931884765625,0.4498691260814667,0.6061098575592041,0.14903627336025238,0.9997546672821045,0.45790839195251465,0.7082774639129639,-0.2499120682477951,0.9941333532333374,0.32321178913116455,0.5951619148254395,0.011346844024956226,0.9366862177848816,0.5054529905319214,0.8009544610977173,-0.24201422929763794,0.9981744885444641,0.19456173479557037,0.6512481570243835,0.07865435630083084,0.972020149230957,0.5264239311218262,0.8177315592765808,-0.24311216175556183,0.9846786260604858,0.1817694753408432,0.6723268628120422,0.08082091063261032,0.9652897119522095,0.4491872787475586,0.8263384699821472,-0.36586523056030273,0.9964414238929749,0.1249309852719307,0.6457334160804749,0.017040040343999863,0.9755927920341492
IMG_9583 3,24,786,good,0.4859427511692047,0.48104771971702576,0.002968916203826666,0.9999197125434875,0.49234309792518616,0.4745122492313385,-0.0317147858440876,0.999910295009613,0.4934399127960205,0.47419944405555725,-0.03176038712263107,0.9999057650566101,0.494668573141098,0.4737529158592224,-0.03180505335330963,0.9999163150787354,0.4938367009162903,0.47462373971939087,0.015984361991286278,0.9998917579650879,0.4959375560283661,0.4744475781917572,0.01606399193406105,0.9998880624771118,0.4980889856815338,0.4738931953907013,0.015982910990715027,0.9999061226844788,0.5128894448280334,0.4749152362346649,-0.12223254889249802,0.9998827576637268,0.5173467993736267,0.4751831293106079,0.09458234906196594,0.9998356103897095,0.4912969470024109,0.4873386025428772,-0.025268571451306343,0.9998275637626648,0.49307510256767273,0.4878987669944763,0.03695005550980568,0.9998221397399902,0.54390949010849,0.5068056583404541,-0.2357654720544815,0.9999749660491943,0.542748212814331,0.5102697610855103,0.23099274933338165,0.999731719493866,0.47648710012435913,0.5566799640655518,-0.22894403338432312,0.9788503050804138,0.5020966529846191,0.5746706128120422,0.27964985370635986,0.08025120198726654,0.4625602960586548,0.5118916630744934,-0.0023338827304542065,0.8999823927879333,0.46510937809944153,0.6047589182853699,0.2578344941139221,0.05144612118601799,0.46101996302604675,0.49768489599227905,-0.0037521689664572477,0.8360923528671265,0.4599910080432892,0.6152327060699463,0.27288439869880676,0.06248028203845024,0.46929898858070374,0.49525347352027893,0.013068972155451775,0.8292629718780518,0.45362401008605957,0.6062893271446228,0.24704626202583313,0.06339891999959946,0.470907986164093,0.49949952960014343,0.010822867974638939,0.7466750144958496,0.4558834433555603,0.6045021414756775,0.2442077100276947,0.06393996626138687,0.484877347946167,0.6247504353523254,-0.14950387179851532,0.9998852610588074,0.4551721215248108,0.6077288389205933,0.1493193358182907,0.999754011631012,0.46164143085479736,0.7073623538017273,-0.24581101536750793,0.9946314096450806,0.3243180811405182,0.6036660075187683,-0.008315682411193848,0.9416428804397583,0.5056725740432739,0.8006994128227234,-0.21751095354557037,0.9982621073722839,0.21050964295864105,0.6684426069259644,0.07178996503353119,0.9742271900177002,0.5266663432121277,0.8168460726737976,-0.2174205780029297,0.9842460751533508,0.2135027050971985,0.6878331303596497,0.07595965266227722,0.9669702053070068,0.44835349917411804,0.8256404995918274,-0.3455943167209625,0.9965199828147888,0.14085927605628967,0.6721460223197937,0.007898684591054916,0.9770117402076721
IMG_9583 3,25,819,good,0.48546284437179565,0.47912630438804626,0.022382326424121857,0.9999176263809204,0.49197840690612793,0.4712134599685669,-0.0095618711784482,0.9999104142189026,0.4930115342140198,0.47083625197410583,-0.009619470685720444,0.9999069571495056,0.4941760003566742,0.47023850679397583,-0.00968543253839016,0.9999176263809204,0.4930054843425751,0.4727899432182312,0.04123566299676895,0.9998928308486938,0.49548056721687317,0.4715048670768738,0.04125458747148514,0.9998886585235596,0.49757248163223267,0.47112715244293213,0.04116840660572052,0.999905526638031,0.5119280219078064,0.47161775827407837,-0.09395042806863785,0.9998860955238342,0.5167404413223267,0.4727461338043213,0.1354231834411621,0.9998383522033691,0.4906640946865082,0.4845154285430908,-0.0042020296677947044,0.9998149871826172,0.49254798889160156,0.4852582812309265,0.06122109293937683,0.9998000264167786,0.5438848733901978,0.5048356056213379,-0.21913427114486694,0.9999700784683228,0.5381698608398438,0.5088419318199158,0.2814177870750427,0.9996822476387024,0.4765074551105499,0.5537227988243103,-0.2564936578273773,0.9762311577796936,0.4921709895133972,0.5629297494888306,0.3164127767086029,0.07753106206655502,0.4619297981262207,0.5110297799110413,-0.06950211524963379,0.8997175097465515,0.4746350347995758,0.5700635313987732,0.25119805335998535,0.05141894146800041,0.46013015508651733,0.4968961775302887,-0.07164459675550461,0.8362890481948853,0.47288092970848083,0.5712920427322388,0.2638280391693115,0.06184940040111542,0.4678199291229248,0.493878036737442,-0.05280367285013199,0.8290981650352478,0.4722406268119812,0.5653706789016724,0.2541308104991913,0.062432125210762024,0.468822717666626,0.49857258796691895,-0.05404447764158249,0.743388831615448,0.47418302297592163,0.5644258260726929,0.24200262129306793,0.06317239999771118,0.4877575933933258,0.6240697503089905,-0.1495591551065445,0.9998776316642761,0.45693039894104004,0.608328640460968,0.14939190447330475,0.9997583031654358,0.4650953412055969,0.7055099010467529,-0.24203355610370636,0.9950420260429382,0.327318012714386,0.6135662794113159,-0.019510136917233467,0.9462924003601074,0.5065282583236694,0.8007220029830933,-0.22344887256622314,0.9983372688293457,0.24787719547748566,0.6886541247367859,0.04893430322408676,0.9760735630989075,0.5275339484214783,0.8168694376945496,-0.22606368362903595,0.9842013716697693,0.2594169080257416,0.708016574382782,0.05228939652442932,0.9676147699356079,0.4463069438934326,0.8256814479827881,-0.37221288681030273,0.9966279864311218,0.17186696827411652,0.7022894024848938,-0.030312273651361465,0.9781408905982971
IMG_9583 3,26,852,good,0.4821200370788574,0.47822096943855286,0.010019062086939812,0.9999075531959534,0.4892839789390564,0.46940889954566956,-0.02274469844996929,0.9999008774757385,0.49034497141838074,0.46900272369384766,-0.022829756140708923,0.9999002814292908,0.4915628433227539,0.4683327078819275,-0.02288017049431801,0.9999109506607056,0.49028173089027405,0.470439612865448,0.034110113978385925,0.999881386756897,0.49238207936286926,0.4697648584842682,0.034032829105854034,0.9998766183853149,0.4943750500679016,0.46942102909088135,0.03384075686335564,0.9998908042907715,0.5094460248947144,0.4694960117340088,-0.10811812430620193,0.9998816251754761,0.513991117477417,0.4708011746406555,0.12806688249111176,0.9998249411582947,0.4878658652305603,0.48337042331695557,-0.018489956855773926,0.999792218208313,0.4896535277366638,0.4840266704559326,0.05302265286445618,0.999756395816803,0.543318510055542,0.5020517706871033,-0.23137693107128143,0.9999630451202393,0.5381247401237488,0.5077685117721558,0.2710516154766083,0.9995794892311096,0.4764029085636139,0.5531448721885681,-0.2691687345504761,0.9732440114021301,0.48767247796058655,0.5594257116317749,0.2644863724708557,0.07596328109502792,0.46025407314300537,0.5108585953712463,-0.06798812747001648,0.8981045484542847,0.4743828773498535,0.5678561925888062,0.14447957277297974,0.051518041640520096,0.45767658948898315,0.49687260389328003,-0.07074086368083954,0.8347621560096741,0.4716070592403412,0.5695168972015381,0.1481696367263794,0.06155383586883545,0.4652640223503113,0.4938330054283142,-0.052914321422576904,0.8276143670082092,0.47077861428260803,0.5637626051902771,0.140435591340065,0.06189042702317238,0.4667362570762634,0.498195618391037,-0.05241546034812927,0.7405466437339783,0.4726146459579468,0.5626347064971924,0.1343117207288742,0.06275409460067749,0.4913807511329651,0.6239616274833679,-0.14950276911258698,0.9998628497123718,0.4583284556865692,0.6098784804344177,0.14934630692005157,0.9997242093086243,0.4692648649215698,0.7056477665901184,-0.2399648278951645,0.9952616095542908,0.33695879578590393,0.6217426061630249,0.10200303047895432,0.9491051435470581,0.5072483420372009,0.8012672662734985,-0.22367677092552185,0.9983311891555786,0.2924153506755829,0.698563277721405,0.27279067039489746,0.9762833714485168,0.5277050137519836,0.8175333738327026,-0.22688524425029755,0.9831539988517761,0.30689066648483276,0.7165636420249939,0.28576087951660156,0.9650527834892273,0.4436274766921997,0.8272183537483215,-0.3764730989933014,0.996619462966919,0.24130995571613312,0.7162414193153381,0.22402970492839813,0.9770020246505737
IMG_9583 3,27,885,good,0.47932350635528564,0.47705692052841187,-0.07076810300350189,0.9998967051506042,0.48705586791038513,0.4680877923965454,-0.10507913678884506,0.9998941421508789,0.4883721172809601,0.46770501136779785,-0.10517340153455734,0.9998961091041565,0.4898398518562317,0.4670628011226654,-0.10526636242866516,0.9999073147773743,0.48747342824935913,0.46884292364120483,-0.05129561200737953,0.9998689889907837,0.48920193314552307,0.4685058295726776,-0.05129726231098175,0.9998590350151062,0.49101686477661133,0.46822890639305115,-0.051377393305301666,0.9998688101768494,0.5081461071968079,0.46837118268013,-0.1844959706068039,0.9998809099197388,0.5101783275604248,0.4696284234523773,0.054670874029397964,0.9998089671134949,0.48548921942710876,0.48233142495155334,-0.09534801542758942,0.9997899532318115,0.48658865690231323,0.48286715149879456,-0.026197107508778572,0.9997354745864868,0.5429439544677734,0.5004295110702515,-0.2797776758670807,0.9999621510505676,0.5364646911621094,0.5063421130180359,0.2238854020833969,0.9994878768920898,0.4766199290752411,0.5530952215194702,-0.3192397356033325,0.9718650579452515,0.480874627828598,0.5517048835754395,0.29626375436782837,0.07538174092769623,0.4602498710155487,0.5102633833885193,-0.12825758755207062,0.9009944796562195,0.4741673171520233,0.5255827903747559,0.2915993332862854,0.05317426472902298,0.4577297866344452,0.49589991569519043,-0.13068345189094543,0.8397778272628784,0.47071924805641174,0.5138885378837585,0.30919307470321655,0.06290553510189056,0.4652880132198334,0.4927119016647339,-0.1172902062535286,0.8325900435447693,0.4700065553188324,0.5052456259727478,0.305466890335083,0.06272978335618973,0.46668294072151184,0.4974994361400604,-0.11382234841585159,0.7453821897506714,0.4716472625732422,0.5142264366149902,0.28558701276779175,0.063866525888443,0.4946746826171875,0.6239646673202515,-0.14951689541339874,0.9998602271080017,0.4589560031890869,0.6109561324119568,0.14941470324993134,0.9996863007545471,0.4740111231803894,0.7057034373283386,-0.2166624367237091,0.9955596327781677,0.34659674763679504,0.6271305084228516,0.19451379776000977,0.9520384073257446,0.5076438188552856,0.8014638423919678,-0.18393339216709137,0.9984110593795776,0.34218844771385193,0.7083197832107544,0.44067201018333435,0.9760000109672546,0.5278284549713135,0.8179531097412109,-0.18539778888225555,0.9835450053215027,0.36027660965919495,0.7232704162597656,0.4604920446872711,0.9623369574546814,0.4437620937824249,0.82795649766922,-0.34737294912338257,0.9967979788780212,0.29364490509033203,0.725864589214325,0.40333908796310425,0.975849986076355
IMG_9583 3,28,917,good,0.4787793755531311,0.47494077682495117,-0.054065778851509094,0.9998751878738403,0.4862443208694458,0.46708717942237854,-0.08787927776575089,0.9998703598976135,0.487693727016449,0.4667212963104248,-0.08798428624868393,0.9998781681060791,0.4892409145832062,0.46609926223754883,-0.08807259798049927,0.9998945593833923,0.486638605594635,0.4677560329437256,-0.03641317039728165,0.9998399019241333,0.48826491832733154,0.4676346480846405,-0.036384984850883484,0.9998228549957275,0.49046680331230164,0.46748802065849304,-0.036476582288742065,0.9998366236686707,0.5074530243873596,0.4673689901828766,-0.17234961688518524,0.9998620748519897,0.5090621113777161,0.46896249055862427,0.05842752382159233,0.9997977614402771,0.48448723554611206,0.48135092854499817,-0.08006895333528519,0.9997647404670715,0.48571670055389404,0.48185741901397705,-0.013506964780390263,0.999701738357544,0.542246401309967,0.49852967262268066,-0.27891436219215393,0.9999608993530273,0.5344069600105286,0.5064535737037659,0.20994561910629272,0.9994684457778931,0.4766215682029724,0.5517833828926086,-0.3282064199447632,0.9678164720535278,0.4814337193965912,0.554370641708374,0.37401801347732544,0.07219935208559036,0.46015214920043945,0.5100762844085693,-0.1759926676750183,0.9005012512207031,0.47472625970840454,0.5495604872703552,0.47512856125831604,0.052387338131666183,0.4575265944004059,0.49529996514320374,-0.18371059000492096,0.8416508436203003,0.47115185856819153,0.547964870929718,0.5015214681625366,0.06191401183605194,0.46483317017555237,0.49196967482566833,-0.17515850067138672,0.8340039253234863,0.4702781140804291,0.5397751927375793,0.4874153435230255,0.0616178959608078,0.4661901593208313,0.49703890085220337,-0.166237011551857,0.7453133463859558,0.4723137319087982,0.5437465310096741,0.46723952889442444,0.06290644407272339,0.4988241195678711,0.6238768100738525,-0.13925030827522278,0.9998396635055542,0.45949894189834595,0.6126359701156616,0.13941070437431335,0.999642014503479,0.47710007429122925,0.7057812809944153,-0.160951167345047,0.9957742094993591,0.3571450412273407,0.632292628288269,0.08815930038690567,0.9563043117523193,0.5077512860298157,0.8014254570007324,-0.09803242981433868,0.9984580874443054,0.38887545466423035,0.7143648862838745,0.27427229285240173,0.977085292339325,0.5281071662902832,0.8180656433105469,-0.09737709909677505,0.9825744032859802,0.408297598361969,0.724010705947876,0.2905069589614868,0.9612995982170105,0.44372865557670593,0.8277358412742615,-0.2588176727294922,0.9969118237495422,0.34818822145462036,0.7418807148933411,0.22968249022960663,0.9764185547828674
IMG_9583 3,29,950,good,0.47889748215675354,0.4740794003009796,-0.047103751450777054,0.9998563528060913,0.4863164722919464,0.46660417318344116,-0.08112026005983353,0.9998539686203003,0.4878007173538208,0.4661412537097931,-0.08123588562011719,0.9998676776885986,0.4893568158149719,0.46543392539024353,-0.08132581412792206,0.9998875856399536,0.4865606725215912,0.4673028588294983,-0.030735284090042114,0.9998121857643127,0.4881366789340973,0.46726468205451965,-0.030707666650414467,0.9997871518135071,0.4902237057685852,0.46714940667152405,-0.03081020712852478,0.9998020529747009,0.507492184638977,0.4664013981819153,-0.16560260951519012,0.9998535513877869,0.5090171098709106,0.468485951423645,0.0603586845099926,0.9997791647911072,0.48460671305656433,0.4805319309234619,-0.07305433601140976,0.9997484087944031,0.48575863242149353,0.4812109172344208,-0.007777518592774868,0.9996546506881714,0.5423492789268494,0.4973023235797882,-0.27003058791160583,0.999960720539093,0.5340978503227234,0.5063818693161011,0.21099720895290375,0.9993531107902527,0.4782094955444336,0.5487546920776367,-0.334957480430603,0.9664890766143799,0.47883883118629456,0.5543413162231445,0.37784186005592346,0.07292857766151428,0.46003252267837524,0.510079562664032,-0.2154209315776825,0.9048325419425964,0.47344377636909485,0.5218899250030518,0.4746154844760895,0.05671857297420502,0.4572683870792389,0.495178759098053,-0.22265662252902985,0.8488045930862427,0.47087422013282776,0.5083297491073608,0.49964386224746704,0.06532467901706696,0.46406373381614685,0.49200689792633057,-0.2152172178030014,0.8410584330558777,0.469828337430954,0.5065907835960388,0.49810338020324707,0.06445810943841934,0.4655562937259674,0.4969756305217743,-0.2055102437734604,0.7533095479011536,0.4722484350204468,0.5101302266120911,0.47134146094322205,0.06553883850574493,0.501136064529419,0.6238358616828918,-0.13261359930038452,0.9998091459274292,0.46272069215774536,0.615045964717865,0.13291865587234497,0.9995241165161133,0.48132506012916565,0.7074605822563171,-0.1369909644126892,0.9957603812217712,0.36422866582870483,0.6415879130363464,0.09496806561946869,0.9599539041519165,0.5079360008239746,0.8022162914276123,-0.08395678550004959,0.9984686374664307,0.42757341265678406,0.7147253751754761,0.3201937675476074,0.9767246842384338,0.5276753902435303,0.8189924359321594,-0.08485568314790726,0.9816892743110657,0.4487612843513489,0.7218013405799866,0.3395606279373169,0.9575706124305725,0.44378888607025146,0.8278295397758484,-0.24663040041923523,0.9969750046730042,0.40832120180130005,0.7420822381973267,0.29027771949768066,0.9753630757331848
IMG_9583 3,30,983,good,0.4789694845676422,0.47379446029663086,-0.042873017489910126,0.9998345375061035,0.4863714575767517,0.46648740768432617,-0.07672601193189621,0.9998456239700317,0.4878523051738739,0.46600526571273804,-0.07683392614126205,0.999862551689148,0.4894183576107025,0.46529603004455566,-0.07692044228315353,0.9998831748962402,0.4866650104522705,0.46717000007629395,-0.026356449350714684,0.9997885823249817,0.48828887939453125,0.4671591520309448,-0.026329118758440018,0.9997573494911194,0.49040040373802185,0.4670465886592865,-0.026424840092658997,0.9997761845588684,0.5075476169586182,0.4661046266555786,-0.16236968338489532,0.9998535513877869,0.5091765522956848,0.46820661425590515,0.06451990455389023,0.9997637867927551,0.4848161041736603,0.48029080033302307,-0.06874679028987885,0.9997363090515137,0.48611751198768616,0.48099300265312195,-0.0035395161248743534,0.999612033367157,0.5407857894897461,0.49627771973609924,-0.2645454704761505,0.9999594688415527,0.5348561406135559,0.506226122379303,0.20358406007289886,0.9992815256118774,0.4774734377861023,0.549203634262085,-0.3284194767475128,0.9637892246246338,0.47931259870529175,0.5547642111778259,0.2706699073314667,0.07449344545602798,0.459562212228775,0.5096691250801086,-0.19364361464977264,0.9057519435882568,0.473222553730011,0.5185756087303162,0.2384433001279831,0.061940617859363556,0.456729918718338,0.49479249119758606,-0.19821375608444214,0.8517704010009766,0.4708363711833954,0.5063367486000061,0.24407438933849335,0.07053608447313309,0.4634641706943512,0.4920575022697449,-0.1872195452451706,0.8437094688415527,0.47071269154548645,0.5015801191329956,0.2535777688026428,0.06910933554172516,0.4646453857421875,0.49682366847991943,-0.18172836303710938,0.7560407519340515,0.4771597385406494,0.5109370946884155,0.23543646931648254,0.06959272921085358,0.5027920603752136,0.6222716569900513,-0.1269035041332245,0.9997840523719788,0.47154754400253296,0.6162582039833069,0.12713675200939178,0.9994239807128906,0.4856264591217041,0.7094790935516357,-0.14402545988559723,0.995387613773346,0.37658587098121643,0.6536595225334167,0.0744771808385849,0.9628162384033203,0.5082758069038391,0.8027013540267944,-0.09600553661584854,0.9983494281768799,0.45324069261550903,0.7152551412582397,0.27363723516464233,0.9741678237915039,0.527620255947113,0.8189939856529236,-0.09763085842132568,0.9790412187576294,0.4744829535484314,0.7173340916633606,0.2918480336666107,0.9499781727790833,0.445444256067276,0.8280761241912842,-0.2472091168165207,0.9968120455741882,0.4480704367160797,0.7578973174095154,0.2551366090774536,0.9719458222389221
IMG_9583 3,31,1016,good,0.4790552258491516,0.472854346036911,-0.03435545787215233,0.9998329877853394,0.48643606901168823,0.4655591547489166,-0.06869220733642578,0.9998494386672974,0.4878919720649719,0.4650488793849945,-0.06880774348974228,0.9998664259910583,0.4894876480102539,0.46431127190589905,-0.06888992339372635,0.9998862743377686,0.48669445514678955,0.46629220247268677,-0.01600005105137825,0.9997873902320862,0.4882505536079407,0.4663664698600769,-0.016029302030801773,0.999755322933197,0.49022358655929565,0.46630725264549255,-0.0161378663033247,0.9997761249542236,0.5075845718383789,0.4651745855808258,-0.1477595716714859,0.9998605251312256,0.5085859894752502,0.4675396978855133,0.08747689425945282,0.9997607469558716,0.48489922285079956,0.47951677441596985,-0.05773651972413063,0.999739944934845,0.4861172139644623,0.48018863797187805,0.009787903167307377,0.9995918273925781,0.5408146977424622,0.4958987236022949,-0.254109263420105,0.9999595284461975,0.5322352051734924,0.5062915682792664,0.22294658422470093,0.9992260932922363,0.47931960225105286,0.5470020771026611,-0.33556315302848816,0.963361918926239,0.47854530811309814,0.5533052086830139,0.16598550975322723,0.07778818905353546,0.4602489769458771,0.5092822909355164,-0.21817436814308167,0.9095534682273865,0.46942082047462463,0.5122517347335815,-0.06544750928878784,0.07773734629154205,0.45677322149276733,0.49477437138557434,-0.2263849526643753,0.857866108417511,0.46702343225479126,0.4983955919742584,-0.0852782353758812,0.08780726045370102,0.46349984407424927,0.4917759299278259,-0.21323056519031525,0.8498663306236267,0.4690943658351898,0.4946924149990082,-0.07687249034643173,0.08536386489868164,0.46501800417900085,0.4960401654243469,-0.2051319181919098,0.7645171284675598,0.47287100553512573,0.49844151735305786,-0.07434412837028503,0.08422648906707764,0.5089729428291321,0.6222918033599854,-0.1288474053144455,0.9997547268867493,0.47664016485214233,0.6179524660110474,0.1290585994720459,0.9993229508399963,0.4862028956413269,0.711036741733551,-0.15673977136611938,0.9949029088020325,0.38782912492752075,0.6670917272567749,0.07631636410951614,0.964187502861023,0.5083639621734619,0.8028537034988403,-0.09026636183261871,0.9982707500457764,0.5061078071594238,0.7241541743278503,0.26527151465415955,0.9724906086921692,0.5260562300682068,0.8188841342926025,-0.09075600653886795,0.9782909154891968,0.5381637215614319,0.72367262840271,0.281383216381073,0.9478751420974731,0.4460134208202362,0.827880859375,-0.23293478786945343,0.9967979192733765,0.5042638778686523,0.7772120833396912,0.24416285753250122,0.970461905002594
IMG_9583 3,32,1048,good,0.47952666878700256,0.4722864031791687,0.007865467108786106,0.999845027923584,0.48660802841186523,0.46511977910995483,-0.027837393805384636,0.9998618960380554,0.4881504774093628,0.46454229950904846,-0.027904551476240158,0.9998776316642761,0.489834189414978,0.4637579619884491,-0.027968034148216248,0.9998957514762878,0.4867323637008667,0.4658563733100891,0.025269102305173874,0.9998030066490173,0.4882897734642029,0.46590656042099,0.0252397358417511,0.9997729659080505,0.49030354619026184,0.4658334255218506,0.02518071047961712,0.9997925758361816,0.5080037713050842,0.46448543667793274,-0.11630414426326752,0.9998729228973389,0.5086414813995361,0.46695685386657715,0.12075291574001312,0.9997764825820923,0.4857533276081085,0.47886085510253906,-0.019008174538612366,0.9997605085372925,0.48687466979026794,0.4795403480529785,0.04895174130797386,0.9996160864830017,0.5407164692878723,0.49472543597221375,-0.24410448968410492,0.9999628663063049,0.5323883295059204,0.5057418942451477,0.25592678785324097,0.9992272257804871,0.4825040400028229,0.5436215400695801,-0.32483115792274475,0.9653947353363037,0.48109543323516846,0.5514587759971619,0.18796256184577942,0.07943103462457657,0.46045249700546265,0.5078061819076538,-0.17770519852638245,0.9159964919090271,0.469855934381485,0.5137395262718201,-0.02791222557425499,0.08767851442098618,0.456815242767334,0.49423748254776,-0.18263542652130127,0.8676855564117432,0.46704816818237305,0.49988889694213867,-0.045015666633844376,0.10015889257192612,0.46353843808174133,0.49087071418762207,-0.16876988112926483,0.8600959777832031,0.46918627619743347,0.49598807096481323,-0.03541667386889458,0.09695689380168915,0.46507179737091064,0.49577587842941284,-0.1635177582502365,0.7796918749809265,0.47268781065940857,0.4995609223842621,-0.0358782522380352,0.09455572813749313,0.5131601691246033,0.620819628238678,-0.1401021033525467,0.9997672438621521,0.4831617474555969,0.6180733442306519,0.14015930891036987,0.9993234276771545,0.4877246916294098,0.7104381918907166,-0.18681327998638153,0.9946627020835876,0.4096318185329437,0.6758961081504822,0.09886875748634338,0.9644676446914673,0.5089033246040344,0.8039194345474243,-0.10498028248548508,0.9982825517654419,0.5420513153076172,0.7288491129875183,0.28879255056381226,0.9708862900733948,0.526087760925293,0.8198271989822388,-0.10635324567556381,0.9784835577011108,0.5668404698371887,0.7269142866134644,0.30597150325775146,0.9467657804489136,0.44596561789512634,0.8280619382858276,-0.2358810156583786,0.9969124794006348,0.5353385806083679,0.7721269130706787,0.280337393283844,0.9696642756462097
IMG_9583 3,33,1081,good,0.47957515716552734,0.4723604619503021,-0.0011870888993144035,0.9998443722724915,0.4866045415401459,0.46527519822120667,-0.036192867904901505,0.9998671412467957,0.4881304204463959,0.46472153067588806,-0.036270879209041595,0.9998825788497925,0.48967793583869934,0.4639672338962555,-0.03633984923362732,0.999899685382843,0.486872136592865,0.46591052412986755,0.01582178846001625,0.9998027086257935,0.4885692000389099,0.46589231491088867,0.01581578515470028,0.9997698664665222,0.4910006523132324,0.4652720093727112,0.015747064724564552,0.9997888803482056,0.5072746872901917,0.46426063776016235,-0.13213548064231873,0.9998800158500671,0.5090937614440918,0.46623310446739197,0.10534202307462692,0.9997680187225342,0.48578834533691406,0.47837772965431213,-0.02728182263672352,0.9997689127922058,0.48735782504081726,0.47872087359428406,0.03953089565038681,0.99961918592453,0.5360401272773743,0.49474847316741943,-0.2585885226726532,0.9999639391899109,0.5384219288825989,0.5047738552093506,0.2438431978225708,0.9991921782493591,0.48229262232780457,0.5451260209083557,-0.31665366888046265,0.9650689363479614,0.4892858862876892,0.5520786046981812,0.21250003576278687,0.07721225172281265,0.4599187672138214,0.5093850493431091,-0.12275377660989761,0.9185903668403625,0.47152337431907654,0.5171306133270264,0.19044242799282074,0.08585907518863678,0.45608189702033997,0.49468857049942017,-0.1183982864022255,0.872259259223938,0.4699965715408325,0.5043178796768188,0.20058855414390564,0.09920582175254822,0.46317073702812195,0.49111926555633545,-0.10600721091032028,0.8647137880325317,0.47152867913246155,0.49892735481262207,0.20560936629772186,0.09618034958839417,0.46448656916618347,0.4964544475078583,-0.1077396497130394,0.7871305346488953,0.4736497700214386,0.5056115984916687,0.1848781406879425,0.0939742773771286,0.5135127305984497,0.620883047580719,-0.14042247831821442,0.9997498989105225,0.4929502010345459,0.619137167930603,0.14046844840049744,0.9991613626480103,0.48978909850120544,0.7112526893615723,-0.14527687430381775,0.9944851398468018,0.4541551470756531,0.6914461255073547,0.1441546529531479,0.9656968116760254,0.5089017748832703,0.8055489659309387,-0.036241836845874786,0.9982900023460388,0.5725255608558655,0.7394812703132629,0.3011681139469147,0.9715556502342224,0.5243405699729919,0.8205323815345764,-0.03075793944299221,0.9794496297836304,0.5950759053230286,0.7376100420951843,0.3150504231452942,0.9486386179924011,0.4491458833217621,0.8282831311225891,-0.14098882675170898,0.9968731999397278,0.5721330642700195,0.7819110155105591,0.2826632857322693,0.9692153930664062
IMG_9583 3,34,1114,good,0.4805894196033478,0.46969571709632874,0.0023004477843642235,0.999846875667572,0.48930397629737854,0.4626167118549347,-0.03558731824159622,0.9998746514320374,0.49099642038345337,0.4622911512851715,-0.035642109811306,0.999889612197876,0.4928942024707794,0.46155810356140137,-0.03570455312728882,0.9999048709869385,0.49000871181488037,0.46219485998153687,0.016092270612716675,0.9998099207878113,0.4920444190502167,0.46195510029792786,0.016102880239486694,0.9997788071632385,0.4947727918624878,0.4614942967891693,0.016083331778645515,0.9997949600219727,0.5107990503311157,0.4631958603858948,-0.13436731696128845,0.9998877644538879,0.5129532814025879,0.4637046158313751,0.10006678104400635,0.99977046251297,0.4861679673194885,0.47669896483421326,-0.02800341323018074,0.9997770190238953,0.48788249492645264,0.4766727387905121,0.03796115517616272,0.9996271729469299,0.5356091260910034,0.4947749972343445,-0.26029515266418457,0.9999644160270691,0.5461548566818237,0.5042738914489746,0.2311764508485794,0.9991829991340637,0.4821259081363678,0.5463575124740601,-0.31436291337013245,0.9650594592094421,0.5192477107048035,0.5526246428489685,0.23632055521011353,0.07295683771371841,0.460232138633728,0.5092613101005554,-0.08764641731977463,0.9203131794929504,0.4788544178009033,0.5198865532875061,0.19397024810314178,0.08367148786783218,0.45632484555244446,0.49469682574272156,-0.0820169523358345,0.8764273524284363,0.49289193749427795,0.5144591927528381,0.20426435768604279,0.09905748814344406,0.4633658230304718,0.4911717176437378,-0.06487308442592621,0.8691121339797974,0.4921214282512665,0.5093036890029907,0.20449313521385193,0.09604912996292114,0.46502166986465454,0.49652934074401855,-0.07059925049543381,0.7950835824012756,0.4931863844394684,0.5139878988265991,0.18796870112419128,0.09389303624629974,0.5118822455406189,0.6200774312019348,-0.1488303393125534,0.9997609853744507,0.5115782618522644,0.6199423670768738,0.14874713122844696,0.999136209487915,0.48917514085769653,0.7104617357254028,-0.13162128627300262,0.9946476817131042,0.4863518178462982,0.7018172740936279,0.23874206840991974,0.9639453291893005,0.5102416276931763,0.8058792948722839,-0.08019863069057465,0.9983189702033997,0.5855509638786316,0.7475939989089966,0.36413148045539856,0.9714528918266296,0.5268139243125916,0.8206481337547302,-0.07847707718610764,0.9810203313827515,0.6138430237770081,0.7455272674560547,0.3763751983642578,0.9508388638496399,0.44911521673202515,0.8281978368759155,-0.16839540004730225,0.9966921806335449,0.5894906520843506,0.7872649431228638,0.36533480882644653,0.967311680316925
IMG_9583 3,35,1147,good,0.4829586446285248,0.4686104953289032,0.09608716517686844,0.9998518228530884,0.49101918935775757,0.46176522970199585,0.05450272932648659,0.9998802542686462,0.49242910742759705,0.46145081520080566,0.054489362984895706,0.9998942613601685,0.49399736523628235,0.4609025716781616,0.05443217232823372,0.9999078512191772,0.4921996593475342,0.46141183376312256,0.1028737723827362,0.9998166561126709,0.4943680465221405,0.4610726535320282,0.1029779240489006,0.9997876882553101,0.49715614318847656,0.46026894450187683,0.10300371795892715,0.9998035430908203,0.5111163854598999,0.46218276023864746,-0.06568792462348938,0.9998921751976013,0.5143862366676331,0.4621337354183197,0.1517995148897171,0.999778151512146,0.4879351556301117,0.47499728202819824,0.06045372411608696,0.9997852444648743,0.4900771975517273,0.4748394787311554,0.12246298789978027,0.9996453523635864,0.5341758728027344,0.4937162697315216,-0.21022479236125946,0.9999663829803467,0.5502008199691772,0.5024829506874084,0.2561991214752197,0.9992480278015137,0.4816102087497711,0.5467531085014343,-0.26704978942871094,0.9649751782417297,0.5524812936782837,0.5601767301559448,0.2920703887939453,0.08037455379962921,0.46010902523994446,0.5092210173606873,-0.08973339200019836,0.9110634922981262,0.5202833414077759,0.5929741263389587,0.2598743140697479,0.08460019528865814,0.4561302363872528,0.49532458186149597,-0.09607503563165665,0.866754949092865,0.5195977687835693,0.6008802056312561,0.2728786766529083,0.10048080235719681,0.4632919132709503,0.49173563718795776,-0.07602854073047638,0.8594921827316284,0.5136971473693848,0.5957879424095154,0.2498413324356079,0.09797264635562897,0.46500441431999207,0.49669745564460754,-0.07396990805864334,0.7879223227500916,0.5127313733100891,0.5927382707595825,0.24639324843883514,0.09557545185089111,0.5107480883598328,0.6157598495483398,-0.1589622050523758,0.999765157699585,0.5210371613502502,0.6193084120750427,0.15868382155895233,0.999093770980835,0.4922507405281067,0.7090981602668762,-0.14488697052001953,0.9946144819259644,0.496664822101593,0.7017862200737,0.19089967012405396,0.961444616317749,0.5118578672409058,0.8063194751739502,-0.10700423270463943,0.9982720613479614,0.6015617251396179,0.7599768042564392,0.3137128949165344,0.9719074964523315,0.5319532752037048,0.8209506273269653,-0.10574311017990112,0.9820346236228943,0.6326584815979004,0.7566930651664734,0.35264191031455994,0.9530478119850159,0.44908496737480164,0.8282391428947449,-0.20857106149196625,0.9963282346725464,0.5988150238990784,0.7987837195396423,0.2887812852859497,0.966621994972229
IMG_9583 3,36,1180,good,0.48613765835762024,0.46496260166168213,0.08229238539934158,0.9998634457588196,0.4955679476261139,0.4588835537433624,0.046812478452920914,0.9998902082443237,0.4971991777420044,0.4588543772697449,0.04679771885275841,0.9999030232429504,0.4988792836666107,0.4586918354034424,0.04673523083329201,0.9999151825904846,0.4960276186466217,0.45842286944389343,0.09818397462368011,0.9998312592506409,0.49801692366600037,0.4582010805606842,0.09824288636445999,0.9998051524162292,0.5003318786621094,0.45782068371772766,0.09831307828426361,0.9998196959495544,0.5146874189376831,0.4615480303764343,-0.05388347804546356,0.9999013543128967,0.5166955590248108,0.46063557267189026,0.1752159595489502,0.9997947812080383,0.49091747403144836,0.4720361828804016,0.05209948495030403,0.999801516532898,0.4919452667236328,0.4716119170188904,0.11748474091291428,0.9996727705001831,0.535822331905365,0.492623507976532,-0.20112165808677673,0.9999686479568481,0.5499469637870789,0.5009528994560242,0.29169219732284546,0.9993010759353638,0.4838532507419586,0.5488917827606201,-0.19719205796718597,0.9668420553207397,0.5516092777252197,0.5672748684883118,0.2737664580345154,0.08047304302453995,0.46045660972595215,0.5110787749290466,0.050306107848882675,0.9101361036300659,0.5265423059463501,0.5942702293395996,0.10393533855676651,0.0820133164525032,0.4562491774559021,0.497170627117157,0.0507008321583271,0.86460280418396,0.5236973762512207,0.6016753315925598,0.09874321520328522,0.09910290688276291,0.4633561074733734,0.4935725927352905,0.07543009519577026,0.8576314449310303,0.5212145447731018,0.595159113407135,0.07631871849298477,0.09692257642745972,0.4650483727455139,0.49932166934013367,0.06970925629138947,0.7897239327430725,0.5209229588508606,0.5920363068580627,0.08707299083471298,0.09463284909725189,0.5140530467033386,0.6148859262466431,-0.16690607368946075,0.9997749924659729,0.5233548283576965,0.6185879111289978,0.16661687195301056,0.9991210103034973,0.49867960810661316,0.7084099650382996,-0.15302827954292297,0.994795024394989,0.5082523822784424,0.703126847743988,0.2225915789604187,0.9580978155136108,0.5133394002914429,0.8062820434570312,-0.11012783646583557,0.9983091950416565,0.6097730994224548,0.7643973231315613,0.32433679699897766,0.9726057648658752,0.5332532525062561,0.8202927112579346,-0.11000273376703262,0.9833270311355591,0.6394950747489929,0.767920196056366,0.3367231786251068,0.9552157521247864,0.4521491825580597,0.8280802369117737,-0.2119380384683609,0.9962626099586487,0.6074326634407043,0.8060309290885925,0.3032616972923279,0.9667050242424011
IMG_9583 3,37,1212,good,0.4901324212551117,0.4630996286869049,0.05443130061030388,0.9998696446418762,0.4997500479221344,0.45712944865226746,0.01888091303408146,0.9998967051506042,0.5016229152679443,0.4570903480052948,0.01883525587618351,0.9999086260795593,0.503341555595398,0.45695793628692627,0.018767012283205986,0.9999197721481323,0.5000118613243103,0.45681071281433105,0.06961113214492798,0.999839723110199,0.5022287964820862,0.45664048194885254,0.06965623050928116,0.9998151659965515,0.5044246912002563,0.45639246702194214,0.0696665346622467,0.9998286962509155,0.5188028812408447,0.46048474311828613,-0.07054737210273743,0.9999076724052429,0.5206889510154724,0.45971471071243286,0.14994487166404724,0.9998005032539368,0.4948608875274658,0.47036245465278625,0.02599767968058586,0.999809980392456,0.4953951835632324,0.4699828326702118,0.09049224108457565,0.9996874332427979,0.5380879640579224,0.4923373758792877,-0.22034287452697754,0.9999690055847168,0.5530388951301575,0.5007829070091248,0.2752987742424011,0.9993213415145874,0.48550963401794434,0.5510336756706238,-0.2110571265220642,0.9675258994102478,0.5497839450836182,0.5660173296928406,0.2675873339176178,0.07599209994077682,0.4616766571998596,0.5126042366027832,0.061868540942668915,0.907248854637146,0.5197553038597107,0.5778289437294006,0.11809363961219788,0.07754641026258469,0.4577087163925171,0.4980643093585968,0.06507851183414459,0.8619384765625,0.5153515934944153,0.5803140997886658,0.11608158051967621,0.09561188519001007,0.46457791328430176,0.4945620596408844,0.08266651630401611,0.8553579449653625,0.5130563378334045,0.5737595558166504,0.09263734519481659,0.09383596479892731,0.4661683738231659,0.5008371472358704,0.07925478368997574,0.7901991009712219,0.5132113695144653,0.5728996992111206,0.10117058455944061,0.09189755469560623,0.5179840922355652,0.6154087781906128,-0.16732285916805267,0.999779462814331,0.5316936373710632,0.6187463998794556,0.16705550253391266,0.9991292953491211,0.5054866075515747,0.7083956599235535,-0.15394170582294464,0.9947178959846497,0.5220357775688171,0.706290602684021,0.24128493666648865,0.9511569142341614,0.5157663226127625,0.8069149255752563,-0.14453573524951935,0.998262345790863,0.6190839409828186,0.7748638391494751,0.3347056210041046,0.9718745946884155,0.5391170978546143,0.8204279541969299,-0.14501319825649261,0.9844650626182556,0.6427360773086548,0.7811756134033203,0.343657523393631,0.9560227990150452,0.45381689071655273,0.8281349539756775,-0.21607930958271027,0.9960175156593323,0.6020537614822388,0.8116902112960815,0.3192863166332245,0.9652149081230164
IMG_9583 3,38,1245,good,0.49175935983657837,0.4638928771018982,0.019066233187913895,0.9998693466186523,0.501225471496582,0.45768195390701294,-0.015924034640192986,0.99989914894104,0.5028735399246216,0.45761194825172424,-0.015968358144164085,0.9999110102653503,0.5046069622039795,0.4574400782585144,-0.016038011759519577,0.9999210238456726,0.501725971698761,0.4573386311531067,0.036155134439468384,0.9998417496681213,0.503797709941864,0.4571106731891632,0.036172643303871155,0.999817967414856,0.506258487701416,0.4567996859550476,0.03620963171124458,0.9998306632041931,0.519886314868927,0.460714191198349,-0.10608913749456406,0.9999110698699951,0.5220460295677185,0.45993751287460327,0.12345705181360245,0.9997983574867249,0.4961433708667755,0.47111234068870544,-0.007617506198585033,0.9998106956481934,0.496795654296875,0.4707518219947815,0.058528389781713486,0.9996925592422485,0.5397636890411377,0.4927559792995453,-0.23976412415504456,0.9999687075614929,0.5538119077682495,0.5009299516677856,0.26651328802108765,0.9993410706520081,0.48582497239112854,0.5516535043716431,-0.22174791991710663,0.9666246175765991,0.5408895015716553,0.5657781362533569,0.2605169713497162,0.0713612511754036,0.4624866843223572,0.5129797458648682,0.05097626894712448,0.9016237258911133,0.5126582384109497,0.5540775060653687,0.12680134177207947,0.07334444671869278,0.45934486389160156,0.498370885848999,0.055695753544569016,0.85853111743927,0.514763355255127,0.5698201656341553,0.12517642974853516,0.09231818467378616,0.46643397212028503,0.4954039752483368,0.06711003929376602,0.8524178862571716,0.5139541029930115,0.5608727335929871,0.10798994451761246,0.0908113345503807,0.46790173649787903,0.5010945200920105,0.06618232280015945,0.7889434099197388,0.5136862397193909,0.5600623488426208,0.1126689687371254,0.08916646242141724,0.5234379172325134,0.615759015083313,-0.1666620373725891,0.999783456325531,0.5405779480934143,0.6187079548835754,0.1664336621761322,0.9991495013237,0.5103635191917419,0.7096157073974609,-0.1531408131122589,0.9948558211326599,0.5357732772827148,0.708046555519104,0.23600158095359802,0.9474637508392334,0.5203248262405396,0.8081924915313721,-0.1416952759027481,0.9983030557632446,0.638068437576294,0.7807732224464417,0.33912283182144165,0.9720630645751953,0.5584979057312012,0.8214330077171326,-0.14184419810771942,0.9856150150299072,0.6607617139816284,0.7892330288887024,0.3484932780265808,0.9572604894638062,0.45471927523612976,0.8285210728645325,-0.21828806400299072,0.9959812164306641,0.6074255704879761,0.8141800761222839,0.32295623421669006,0.964877724647522
IMG_9583 3,39,1278,good,0.4949128329753876,0.46301737427711487,-0.002126989420503378,0.9998779296875,0.5048288106918335,0.45705175399780273,-0.03597681224346161,0.9999064207077026,0.5065568089485168,0.4570513367652893,-0.036042146384716034,0.9999174475669861,0.5083580017089844,0.456935316324234,-0.036135390400886536,0.9999264478683472,0.5047809481620789,0.4566541016101837,0.015667973086237907,0.9998534917831421,0.5065203905105591,0.4564647376537323,0.015663355588912964,0.9998317360877991,0.5085429549217224,0.4561975300312042,0.01567944698035717,0.999843418598175,0.5232658982276917,0.46066710352897644,-0.117224782705307,0.9999182820320129,0.5236290097236633,0.4599187970161438,0.1103280782699585,0.999812662601471,0.498958557844162,0.4705311954021454,-0.025568803772330284,0.9998226165771484,0.4987765848636627,0.46993330121040344,0.03974476456642151,0.9997135400772095,0.5453836917877197,0.4932490289211273,-0.2435247302055359,0.9999669790267944,0.553317129611969,0.5011869668960571,0.26160261034965515,0.9993741512298584,0.4911547005176544,0.5533757209777832,-0.2144259810447693,0.9653875827789307,0.5348741412162781,0.565470278263092,0.16796179115772247,0.06868644803762436,0.4670276343822479,0.5139510035514832,0.08352237939834595,0.8897722363471985,0.5113602876663208,0.541076123714447,-0.06688711792230606,0.07124794274568558,0.462905615568161,0.4990166127681732,0.0919061154127121,0.8475417494773865,0.5101065635681152,0.5486655235290527,-0.08183880895376205,0.09090106934309006,0.4700246751308441,0.49600836634635925,0.09956159442663193,0.8415401577949524,0.5097744464874268,0.5402533411979675,-0.08500814437866211,0.08949699252843857,0.472541481256485,0.5017949938774109,0.0982198640704155,0.7794385552406311,0.5102198123931885,0.5415142774581909,-0.07806272059679031,0.08815987408161163,0.5338040590286255,0.6160050630569458,-0.1651081144809723,0.9997758865356445,0.552390456199646,0.6190995573997498,0.16489674150943756,0.9991791844367981,0.5120320916175842,0.7096460461616516,-0.1555062234401703,0.9944842457771301,0.5594165921211243,0.7102065682411194,0.20892560482025146,0.9388389587402344,0.5196523666381836,0.8080406785011292,-0.1448747217655182,0.9980734586715698,0.6514061093330383,0.7911761403083801,0.30062633752822876,0.9702324271202087,0.5557584166526794,0.8216045498847961,-0.14593054354190826,0.9860599637031555,0.6696904897689819,0.8029494285583496,0.302134245634079,0.95667564868927,0.45496177673339844,0.828298032283783,-0.22321243584156036,0.9952200651168823,0.6033946871757507,0.8175608515739441,0.27972492575645447,0.9613668918609619
IMG_9583 3,40,1311,good,0.4965791404247284,0.4663447439670563,0.001217165612615645,0.9998722076416016,0.5056935548782349,0.46024465560913086,-0.03317534923553467,0.9999040365219116,0.5073480606079102,0.460295706987381,-0.03323871269822121,0.9999151825904846,0.5088628530502319,0.4602513909339905,-0.0333271361887455,0.999924898147583,0.5059104561805725,0.4596497118473053,0.018288640305399895,0.9998503923416138,0.5078251361846924,0.4593604505062103,0.01829533837735653,0.999826967716217,0.5096827149391174,0.4590844213962555,0.018303772434592247,0.9998415112495422,0.5240732431411743,0.46267807483673096,-0.11848165839910507,0.9999161958694458,0.5245707035064697,0.46147891879081726,0.11038513481616974,0.999796986579895,0.5019159317016602,0.47342878580093384,-0.023631207644939423,0.9998031258583069,0.5022715926170349,0.47296714782714844,0.04149015247821808,0.999690055847168,0.5480058193206787,0.49472326040267944,-0.24318137764930725,0.9999560713768005,0.5588694214820862,0.5021571516990662,0.2668697237968445,0.9993276596069336,0.4957171380519867,0.5564382076263428,-0.20012523233890533,0.9647464752197266,0.5332129001617432,0.5652872920036316,0.308551549911499,0.06585570424795151,0.4716131389141083,0.5165839791297913,0.10284123569726944,0.8886534571647644,0.51026451587677,0.5257182717323303,0.24133054912090302,0.07271557301282883,0.4670942425727844,0.5021044611930847,0.11136525124311447,0.8471583127975464,0.5027397274971008,0.5124843120574951,0.24683670699596405,0.09357932955026627,0.474332332611084,0.4983661472797394,0.11586165428161621,0.8412773609161377,0.5077069997787476,0.5089606046676636,0.23364940285682678,0.09248492866754532,0.47774380445480347,0.5047945976257324,0.11586998403072357,0.7815412282943726,0.5100384950637817,0.5163574814796448,0.23046639561653137,0.0912114828824997,0.5408095121383667,0.6181164383888245,-0.1646241992712021,0.9997109770774841,0.5630272626876831,0.6201812028884888,0.16453920304775238,0.9990872740745544,0.5128310918807983,0.7112824320793152,-0.1566002517938614,0.9924574494361877,0.5797268152236938,0.7118924856185913,0.20234553515911102,0.917913556098938,0.5196250677108765,0.807961106300354,-0.14350025355815887,0.9972038269042969,0.6615516543388367,0.7955120801925659,0.2726994454860687,0.9616637229919434,0.5528563261032104,0.821537971496582,-0.14384664595127106,0.9856576323509216,0.6780198812484741,0.8081738948822021,0.27496594190597534,0.9519350528717041,0.4491283893585205,0.8279637694358826,-0.21287687122821808,0.9933715462684631,0.5965315103530884,0.8177779912948608,0.25412851572036743,0.9514746069908142
IMG_9583 3,41,1343,good,0.4972584545612335,0.46630242466926575,-0.041998106986284256,0.9998802542686462,0.5079116821289062,0.4596947431564331,-0.07661421597003937,0.9999103546142578,0.5097280740737915,0.4597955048084259,-0.07664387673139572,0.9999208450317383,0.5113927125930786,0.45983585715293884,-0.0767265111207962,0.9999297261238098,0.5078125596046448,0.4590185582637787,-0.023564312607049942,0.9998608231544495,0.5096261501312256,0.45870786905288696,-0.023566357791423798,0.9998390674591064,0.5113584399223328,0.45844006538391113,-0.023546822369098663,0.9998525977134705,0.5278958082199097,0.4626882076263428,-0.1583232283592224,0.9999223351478577,0.5278456211090088,0.4614650011062622,0.07534292340278625,0.9998086094856262,0.5026499629020691,0.47348254919052124,-0.06628993153572083,0.9998146295547485,0.5026937127113342,0.47306028008461,0.0009076079004444182,0.9997087717056274,0.5505013465881348,0.4982629418373108,-0.265341579914093,0.9999428987503052,0.5595301389694214,0.5033349990844727,0.2369239628314972,0.9993197917938232,0.5009017586708069,0.5601263642311096,-0.2145538181066513,0.9635481834411621,0.5310882329940796,0.5648015737533569,0.22201940417289734,0.06307404488325119,0.4769158959388733,0.517368495464325,0.0724412351846695,0.8874776363372803,0.5097528696060181,0.5219376087188721,0.05968869477510452,0.07440496981143951,0.47295525670051575,0.5035611391067505,0.07859025150537491,0.8475062251091003,0.4967786371707916,0.5075323581695557,0.050791651010513306,0.09710686653852463,0.4812425971031189,0.4993387758731842,0.08114076405763626,0.8418892025947571,0.5036418437957764,0.5034745931625366,0.04481058940291405,0.09628341346979141,0.48422595858573914,0.5056331157684326,0.08436454832553864,0.7841588258743286,0.507100522518158,0.5076438188552856,0.0490449033677578,0.09531398862600327,0.5492823719978333,0.6204482913017273,-0.1627568006515503,0.9996264576911926,0.5718692541122437,0.6216943860054016,0.16274967789649963,0.9990310668945312,0.5134698152542114,0.7112113833427429,-0.13818766176700592,0.9913643598556519,0.5996519327163696,0.7127337455749512,0.20171581208705902,0.9013649225234985,0.5193057656288147,0.8064343333244324,-0.08786267042160034,0.9965950846672058,0.6636554002761841,0.7971608638763428,0.2744055986404419,0.9560807347297668,0.5509096384048462,0.8199490904808044,-0.08500023186206818,0.9856019616127014,0.6796208620071411,0.8096128702163696,0.27558210492134094,0.9487037062644958,0.44619283080101013,0.8268011808395386,-0.1535705178976059,0.9918404221534729,0.5993335843086243,0.815991997718811,0.25311732292175293,0.944108784198761
IMG_9583 3,42,1376,good,0.4972262978553772,0.46930602192878723,-0.025805095210671425,0.9998857378959656,0.5080391764640808,0.46096712350845337,-0.06104302406311035,0.9999147057533264,0.5099795460700989,0.4609410762786865,-0.06109241768717766,0.999924898147583,0.5119578838348389,0.4608583152294159,-0.061169348657131195,0.9999331831932068,0.5078285932540894,0.4602909982204437,-0.008828867226839066,0.9998690485954285,0.5097068548202515,0.4598376452922821,-0.008810697123408318,0.999848484992981,0.5114756226539612,0.459493488073349,-0.008793695829808712,0.9998617172241211,0.530401885509491,0.4634731709957123,-0.15127582848072052,0.9999271035194397,0.52968829870224,0.4621654450893402,0.07734261453151703,0.999817967414856,0.503200888633728,0.4766882658004761,-0.05288803204894066,0.9998220205307007,0.5031293034553528,0.47632792592048645,0.013061976060271263,0.9997204542160034,0.5552229285240173,0.4994261860847473,-0.25106313824653625,0.9999384880065918,0.5614646077156067,0.5042043328285217,0.2536168396472931,0.9993255734443665,0.5114284157752991,0.5601018667221069,-0.20252907276153564,0.962300181388855,0.524890124797821,0.5631891489028931,0.3075726330280304,0.06431805342435837,0.4834679365158081,0.5181745290756226,0.07003619521856308,0.8840324878692627,0.5056970715522766,0.5213805437088013,0.22689251601696014,0.08523617684841156,0.47833654284477234,0.5057425498962402,0.07758351415395737,0.8450895547866821,0.4915722906589508,0.5060304403305054,0.2283773422241211,0.10999239236116409,0.48711130023002625,0.5010328888893127,0.07767195254564285,0.8392415642738342,0.49935460090637207,0.5018431544303894,0.22134517133235931,0.10929206758737564,0.49061906337738037,0.506751537322998,0.08147663623094559,0.7824868559837341,0.5046278834342957,0.5075492858886719,0.21824058890342712,0.10799827426671982,0.5565592646598816,0.6204015016555786,-0.16292746365070343,0.9996066093444824,0.5751466155052185,0.6214948296546936,0.1629818230867386,0.9990295767784119,0.5151529312133789,0.7111541032791138,-0.177652046084404,0.9896316528320312,0.6002958416938782,0.7087582945823669,0.20823001861572266,0.8739927411079407,0.5190463066101074,0.8063257336616516,-0.17006038129329681,0.9958491921424866,0.6686464548110962,0.7943283915519714,0.27360332012176514,0.9457192420959473,0.5457773208618164,0.8196963667869568,-0.17157775163650513,0.9850077629089355,0.6803164482116699,0.8064694404602051,0.2757158875465393,0.9432289004325867,0.4434815049171448,0.8261844515800476,-0.24679253995418549,0.9903557300567627,0.6087514162063599,0.8146487474441528,0.2476300299167633,0.9329829216003418
